Keyword;Position;Previous Position;Search Volume;CPC;Url;Traffic;Traffic (%);Competition;Keyword Difficulty;Intents;Trends
national fostering agency;1;1;1900;3.18;https://www.nationalfosteringgroup.co.uk/;1520;9.55;0.03;34.00;2;0.44,0.52,0.36,0.66,0.66,0.44,0.52,0.66,0.36,0.80,0.36,0.27
national fostering group;1;1;880;3.04;https://www.nationalfosteringgroup.co.uk/;704;4.42;0.44;42.00;2;0.55,0.76,0.55,0.55,0.76,0.76,0.45,1.00,0.76,0.76,0.55,0.55
foster;4;4;8100;6.09;https://www.nationalfosteringgroup.co.uk/thinking-about-fostering/what-is-fostering/;243;1.52;0.44;59.00;1;0.29,0.44,0.66,0.66,0.66,0.44,1.00,0.36,0.36,0.44,0.44,0.36
how much do foster parents get paid;1;1;1600;1.31;https://www.nationalfosteringgroup.co.uk/thinking-about-fostering/support-and-benefits/financial-support/fostering-allowance/;211;1.32;0.56;20.00;1;0.41,0.54,0.66,0.54,0.79,0.79,0.66,0.66,0.79,0.66,0.66,0.66
national fostering group jobs;1;1;170;1.64;https://www.nationalfosteringgroup.co.uk/careers/job-vacancies/;136;0.85;0.12;18.00;0;0.42,0.65,0.65,0.65,0.65,0.65,0.34,0.80,0.53,1.00,0.53,0.53
nfa fostering;1;1;170;3.53;https://www.nationalfosteringgroup.co.uk/national-fostering-agency/;136;0.85;0.53;38.00;2;0.65,0.80,1.00,0.80,0.65,0.53,0.42,0.65,0.53,0.53,0.42,0.42
fostering;9;9;6600;6.09;https://www.nationalfosteringgroup.co.uk/thinking-about-fostering/what-is-fostering/;125;0.78;0.44;34.00;1;0.44,0.44,0.66,0.81,0.66,0.44,1.00,0.54,0.66,0.36,0.81,0.36
national fostering;1;1;140;3.64;https://www.nationalfosteringgroup.co.uk/;112;0.70;0.57;46.00;2;0.53,0.53,0.53,0.42,0.53,0.34,0.53,0.53,0.53,0.42,0.42,0.42
emergency foster care;1;1;720;4.53;https://www.nationalfosteringgroup.co.uk/thinking-about-fostering/types-of-foster-care/emergency-foster-care/;95;0.59;0.63;11.00;1;1.00,1.00,1.00,1.00,0.88,0.72,0.72,0.59,0.48,0.59,0.59,0.59
national fostering agency uk;1;1;110;0.00;https://www.nationalfosteringgroup.co.uk/;88;0.55;0.33;35.00;1;0.66,0.66,0.66,0.66,0.52,0.33,0.33,0.42,0.42,0.80,0.52,0.66
how much do foster parents get paid uk;1;1;1000;1.52;https://www.nationalfosteringgroup.co.uk/thinking-about-fostering/support-and-benefits/financial-support/fostering-allowance/;82;0.51;0.56;17.00;1;0.62,1.00,1.00,0.81,0.62,0.62,0.55,0.62,0.55,0.45,0.36,0.36
respite fostering;1;1;590;4.35;https://www.nationalfosteringgroup.co.uk/thinking-about-fostering/types-of-foster-care/stayover-care/;77;0.48;0.68;9.00;1;0.26,0.88,1.00,0.88,0.88,0.72,0.59,0.59,0.39,0.39,0.48,0.48
how much do you get paid to foster;1;1;590;1.49;https://www.nationalfosteringgroup.co.uk/thinking-about-fostering/support-and-benefits/financial-support/fostering-allowance/;77;0.48;0.59;22.00;1;0.67,0.54,1.00,0.67,0.81,0.81,0.54,0.67,0.54,0.67,0.44,0.54
fostering babies;1;1;590;0.00;https://www.nationalfosteringgroup.co.uk/thinking-about-fostering/types-of-foster-care/fostering-a-baby/;77;0.48;0.00;11.00;1;0.54,1.00,1.00,1.00,0.81,1.00,1.00,0.81,0.66,0.66,0.66,0.81
how much do you get paid for fostering;1;1;590;1.50;https://www.nationalfosteringgroup.co.uk/thinking-about-fostering/support-and-benefits/financial-support/fostering-allowance/;77;0.48;0.65;16.00;1;1.00,1.00,0.81,0.67,0.81,0.67,0.81,0.54,0.36,0.67,0.54,0.44
how much foster parents get paid;1;1;590;1.31;https://www.nationalfosteringgroup.co.uk/thinking-about-fostering/support-and-benefits/financial-support/fostering-allowance/;77;0.48;0.56;16.00;1;0.03,0.07,0.30,0.08,0.05,0.07,0.16,0.20,1.00,0.08,0.04,0.11
national fostering group bolton;1;1;90;2.79;https://www.nationalfosteringgroup.co.uk/;72;0.45;0.29;37.00;2;0.52,0.29,1.00,0.82,0.64,1.00,0.52,0.82,0.41,0.11,0.11,0.17
chart reward;4;4;1900;0.25;https://www.nationalfosteringgroup.co.uk/news-and-blog/how-to-use-a-rewards-chart-successfully/;66;0.41;1.00;28.00;1;0.04,0.02,0.01,0.29,1.00,0.54,0.43,0.36,0.81,0.65,0.54,0.16
respite foster care;2;2;1000;4.45;https://www.nationalfosteringgroup.co.uk/thinking-about-fostering/types-of-foster-care/stayover-care/;65;0.40;0.50;12.00;1;0.45,0.62,0.62,0.81,1.00,0.81,0.62,0.62,0.45,0.55,0.45,0.55
reach out care;1;1;260;2.90;https://www.nationalfosteringgroup.co.uk/reach-out-care/;64;0.40;0.03;29.00;0;0.29,0.36,0.29,0.29,0.36,0.29,0.23,0.29,0.29,0.36,0.23,0.23
foster parent infants;1;1;480;3.20;https://www.nationalfosteringgroup.co.uk/thinking-about-fostering/types-of-foster-care/fostering-a-baby/;63;0.39;0.59;10.00;1;0.00,0.07,0.26,1.00,0.88,0.88,0.59,0.59,0.39,0.59,0.32,0.00
how much do you get paid for foster care;1;1;480;1.49;https://www.nationalfosteringgroup.co.uk/thinking-about-fostering/support-and-benefits/financial-support/fostering-allowance/;63;0.39;0.59;22.00;1;0.12,0.12,0.29,0.23,0.12,1.00,0.67,1.00,1.00,0.81,0.36,0.67
fostering babies uk;1;1;480;0.00;https://www.nationalfosteringgroup.co.uk/thinking-about-fostering/types-of-foster-care/fostering-a-baby/;63;0.39;0.00;15.00;1;0.35,0.81,0.81,0.66,0.81,1.00,1.00,1.00,0.54,0.54,0.54,0.54
how much do you get for fostering a child;2;2;880;0.00;https://www.nationalfosteringgroup.co.uk/thinking-about-fostering/support-and-benefits/financial-support/fostering-allowance/;57;0.35;0.00;16.00;1;0.30,0.41,0.36,0.36,0.41,0.36,1.00,0.36,0.24,0.00,0.36,0.36
foster care uk;3;3;1300;5.18;https://www.nationalfosteringgroup.co.uk/thinking-about-fostering/what-is-fostering/;57;0.35;0.64;41.00;1;0.52,0.68,0.68,0.68,0.52,0.68,0.68,0.52,0.84,0.68,0.52,0.52
emergency foster carer;1;1;210;4.53;https://www.nationalfosteringgroup.co.uk/thinking-about-fostering/types-of-foster-care/emergency-foster-care/;52;0.32;0.63;8.00;1;0.54,1.00,0.81,0.43,0.35,0.29,0.35,0.29,0.35,0.29,0.35,0.22
foster baby;1;1;390;3.20;https://www.nationalfosteringgroup.co.uk/thinking-about-fostering/types-of-foster-care/fostering-a-baby/;51;0.32;0.59;10.00;1;0.14,0.21,0.21,0.21,0.21,0.21,0.26,1.00,0.39,0.48,0.48,0.59
fostering infants;1;1;390;3.20;https://www.nationalfosteringgroup.co.uk/thinking-about-fostering/types-of-foster-care/fostering-a-baby/;51;0.32;0.59;9.00;1;0.67,0.07,0.29,0.10,0.07,1.00,0.67,0.67,0.44,0.67,0.36,0.54
how much do you get for fostering a child uk;1;1;390;0.00;https://www.nationalfosteringgroup.co.uk/thinking-about-fostering/support-and-benefits/financial-support/fostering-allowance/;51;0.32;0.00;17.00;1;1.00,0.36,0.36,0.30,0.20,0.16,0.20,0.20,0.13,0.13,0.13,0.16
nfg;1;1;390;0.00;https://www.nationalfosteringgroup.co.uk/;51;0.32;0.33;74.00;1;0.44,0.54,0.44,0.44,0.67,0.44,0.36,0.44,0.44,0.54,0.36,0.36
fostering uk;5;5;1600;5.18;https://www.nationalfosteringgroup.co.uk/thinking-about-fostering/what-is-fostering/;48;0.30;0.64;49.00;1;0.44,0.44,0.55,0.65,0.44,0.44,0.44,0.44,0.65,0.44,0.55,0.55
supervising social worker jobs;3;3;720;0.48;https://www.nationalfosteringgroup.co.uk/careers/work-for-us/social-work/supervising-social-worker/;46;0.28;0.11;14.00;0;1.00,0.72,0.59,0.72,0.88,0.72,0.59,0.72,0.59,0.72,0.59,0.48
short term foster care;2;2;720;3.49;https://www.nationalfosteringgroup.co.uk/thinking-about-fostering/types-of-foster-care/short-term-fostering/;46;0.28;0.34;9.00;1;0.21,0.88,0.88,0.72,0.72,1.00,0.88,0.72,0.48,0.48,0.48,0.48
find foster;5;5;1300;0.00;https://www.nationalfosteringgroup.co.uk/find-our-agencies/fostering-in-london/;45;0.28;0.33;37.00;1;0.03,0.01,0.54,0.03,0.02,0.29,0.43,0.36,0.36,0.36,0.16,0.81
foster carer;6;6;1900;5.91;https://www.nationalfosteringgroup.co.uk/thinking-about-fostering/becoming-a-foster-carer/;45;0.28;0.61;24.00;1,2;0.44,0.44,0.44,0.66,0.44,0.44,0.44,1.00,0.44,0.36,0.36,0.66
reward chart;8;8;2400;0.25;https://www.nationalfosteringgroup.co.uk/news-and-blog/how-to-use-a-rewards-chart-successfully/;45;0.28;1.00;28.00;1,3;0.43,0.36,0.54,0.43,0.43,0.15,0.43,0.43,0.36,0.28,0.28,0.36
foster to foster;5;5;4400;5.67;https://www.nationalfosteringgroup.co.uk/thinking-about-fostering/types-of-foster-care/;44;0.27;0.61;34.00;1;0.00,0.16,0.81,0.12,0.24,0.19,1.00,0.36,0.29,0.10,0.29,0.29
what is the foster system;3;3;1000;2.40;https://www.nationalfosteringgroup.co.uk/thinking-about-fostering/what-is-fostering/;44;0.27;0.19;31.00;1;0.81,0.10,0.16,1.00,1.00,0.62,0.55,0.62,0.55,0.62,0.36,0.81
what is foster care;1;1;1000;2.40;https://www.nationalfosteringgroup.co.uk/thinking-about-fostering/what-is-fostering/;44;0.27;0.19;27.00;1;0.81,0.62,0.55,1.00,0.62,0.81,0.62,0.62,0.62,0.55,0.62,0.81
fostering kids;1;1;170;0.00;https://www.nationalfosteringgroup.co.uk/thinking-about-fostering/what-is-fostering/;42;0.26;0.00;57.00;1;0.65,1.00,1.00,0.80,0.65,0.53,0.53,0.65,0.53,0.65,0.53,0.65
how much do i get paid for fostering;1;1;320;1.34;https://www.nationalfosteringgroup.co.uk/thinking-about-fostering/support-and-benefits/financial-support/fostering-allowance/;42;0.26;0.58;16.00;1;0.08,0.06,0.16,0.20,0.30,0.36,0.13,0.30,0.16,0.16,0.24,0.20
fostering siblings;1;1;320;3.30;https://www.nationalfosteringgroup.co.uk/thinking-about-fostering/types-of-foster-care/fostering-siblings/;42;0.26;0.35;11.00;1;0.11,0.81,1.00,0.81,0.66,0.81,0.54,0.44,0.28,0.35,0.35,0.18
do foster carers get paid;1;1;320;1.52;https://www.nationalfosteringgroup.co.uk/thinking-about-fostering/support-and-benefits/financial-support/fostering-allowance/;42;0.26;0.49;19.00;1;0.35,0.66,0.81,0.66,0.66,0.66,1.00,0.81,0.54,0.43,0.54,0.43
fostering solutions stafford;1;1;170;2.87;https://www.nationalfosteringgroup.co.uk/fostering-solutions/midlands/;42;0.26;0.11;15.00;1,3;0.07,0.28,0.28,0.53,0.82,0.53,0.66,1.00,1.00,0.05,0.17,0.28
how much does foster care pay;1;1;320;1.46;https://www.nationalfosteringgroup.co.uk/thinking-about-fostering/support-and-benefits/financial-support/fostering-allowance/;42;0.26;0.56;19.00;1;0.44,0.44,0.36,0.29,0.29,0.44,0.29,0.44,0.54,0.29,0.36,0.36
how much are foster parents paid;1;1;320;1.43;https://www.nationalfosteringgroup.co.uk/thinking-about-fostering/support-and-benefits/financial-support/fostering-allowance/;42;0.26;0.60;17.00;1;0.54,0.44,0.54,0.44,0.44,0.36,0.54,0.66,0.36,0.44,0.44,0.36
how much do you get for fostering;1;1;480;1.72;https://www.nationalfosteringgroup.co.uk/thinking-about-fostering/support-and-benefits/financial-support/fostering-allowance/;39;0.24;0.61;16.00;1;0.66,0.66,0.81,0.81,0.81,0.66,0.54,0.54,0.81,0.54,0.54,0.54
rewards chart;3;3;480;0.23;https://www.nationalfosteringgroup.co.uk/news-and-blog/how-to-use-a-rewards-chart-successfully/;39;0.24;1.00;28.00;1;0.24,0.44,0.11,0.44,0.20,0.11,0.30,0.11,0.08,0.07,0.07,0.05
fostering the;3;3;1600;2.57;https://www.nationalfosteringgroup.co.uk/thinking-about-fostering/what-is-fostering/;38;0.23;0.33;24.00;1;0.19,0.00,0.16,0.00,0.00,0.00,0.00,0.00,0.00,0.81,0.10,0.81
what disqualifies you from being a foster parent uk;2;2;590;2.76;https://www.nationalfosteringgroup.co.uk/thinking-about-fostering/who-can-foster/what-can-disqualify-you-from-fostering-a-child/;38;0.23;0.57;7.00;1;0.81,0.81,0.81,0.67,0.67,0.67,0.67,0.67,0.54,0.54,0.44,0.54
foster care meaning;2;2;590;2.33;https://www.nationalfosteringgroup.co.uk/thinking-about-fostering/what-is-fostering/;38;0.23;0.20;23.00;1;0.39,0.88,0.72,0.72,0.59,0.59,0.59,0.59,0.48,0.39,0.39,0.39
how long does it take to become a foster carer;2;2;590;4.72;https://www.nationalfosteringgroup.co.uk/thinking-about-fostering/becoming-a-foster-carer/;38;0.23;0.59;11.00;1;0.29,0.81,0.81,0.67,0.81,1.00,0.67,0.67,0.67,0.67,0.67,0.67
fostering a baby;1;1;260;0.00;https://www.nationalfosteringgroup.co.uk/thinking-about-fostering/types-of-foster-care/fostering-a-baby/;34;0.21;0.00;9.00;1;0.43,0.81,0.81,0.81,0.65,1.00,0.81,0.81,0.53,0.65,0.81,0.81
foster parent training;1;1;260;3.25;https://www.nationalfosteringgroup.co.uk/thinking-about-fostering/support-and-benefits/training/;34;0.21;0.36;19.00;1;0.43,0.54,0.66,1.00,0.81,1.00,0.66,0.54,0.35,0.29,0.29,0.35
fostering a sibling;1;1;260;3.30;https://www.nationalfosteringgroup.co.uk/thinking-about-fostering/types-of-foster-care/fostering-siblings/;34;0.21;0.35;13.00;1;0.23,0.11,0.18,0.81,1.00,0.81,0.81,0.54,0.08,0.23,0.11,0.11
emergency foster parent;1;1;260;4.25;https://www.nationalfosteringgroup.co.uk/thinking-about-fostering/types-of-foster-care/emergency-foster-care/;34;0.21;0.59;18.00;1;1.00,0.81,0.66,0.66,0.54,0.54,0.66,0.35,0.29,0.35,0.22,0.29
fostering agency jobs;1;1;260;1.85;https://www.nationalfosteringgroup.co.uk/careers/job-vacancies/;34;0.21;0.36;14.00;0;0.05,0.20,0.16,0.16,0.11,0.13,0.11,0.13,0.13,0.08,0.13,0.11
fostering newborns;1;1;260;3.20;https://www.nationalfosteringgroup.co.uk/thinking-about-fostering/types-of-foster-care/fostering-a-baby/;34;0.21;0.59;9.00;1;0.72,0.21,0.21,0.32,0.39,0.26,0.32,0.21,0.11,0.14,0.14,0.14
how much do foster parents get;1;1;260;1.61;https://www.nationalfosteringgroup.co.uk/thinking-about-fostering/support-and-benefits/financial-support/fostering-allowance/;34;0.21;0.54;16.00;1;0.54,0.43,0.43,0.43,0.35,0.43,0.66,0.66,0.54,0.66,0.35,0.54
do foster carers pay council tax;6;6;1300;1.81;https://www.nationalfosteringgroup.co.uk/thinking-about-fostering/support-and-benefits/financial-support/tax-and-foster-care/;31;0.19;0.20;11.00;1;0.84,0.84,0.84,0.68,0.68,0.68,0.68,0.68,0.68,0.52,0.52,0.46
how much do you get paid to foster a child;2;2;480;0.00;https://www.nationalfosteringgroup.co.uk/thinking-about-fostering/support-and-benefits/financial-support/fostering-allowance/;31;0.19;0.00;20.00;1;0.16,0.20,0.24,0.20,0.20,0.20,0.20,0.20,0.16,0.10,0.20,0.20
how much do you get as a foster carer;1;1;390;1.72;https://www.nationalfosteringgroup.co.uk/thinking-about-fostering/support-and-benefits/financial-support/fostering-allowance/;31;0.19;0.61;20.00;1;0.66,0.29,0.81,0.66,0.44,0.44,0.36,0.44,0.66,0.44,0.44,0.44
how much does fostering pay;1;1;390;1.46;https://www.nationalfosteringgroup.co.uk/thinking-about-fostering/support-and-benefits/financial-support/fostering-allowance/;31;0.19;0.56;16.00;1;0.66,0.81,0.81,0.66,0.54,0.66,0.44,0.54,0.66,0.36,0.44,0.44
fostering pay;6;6;1300;1.83;https://www.nationalfosteringgroup.co.uk/thinking-about-fostering/support-and-benefits/financial-support/fostering-allowance/;31;0.19;0.57;18.00;1;0.52,0.52,0.52,0.52,0.68,0.68,0.84,1.00,0.52,0.46,0.52,0.52
fostering london;2;2;390;4.58;https://www.nationalfosteringgroup.co.uk/find-our-agencies/fostering-in-london/;31;0.19;0.10;24.00;1;0.23,0.23,0.81,0.81,0.81,1.00,1.00,0.81,0.66,0.35,0.35,0.54
short term fostering;3;3;720;5.40;https://www.nationalfosteringgroup.co.uk/thinking-about-fostering/types-of-foster-care/short-term-fostering/;31;0.19;0.48;9.00;1;0.24,0.76,1.00,0.76,0.67,0.67,0.67,0.55,0.30,0.36,0.36,0.36
do foster parents get paid;1;1;390;1.52;https://www.nationalfosteringgroup.co.uk/thinking-about-fostering/support-and-benefits/financial-support/fostering-allowance/;31;0.19;0.49;21.00;1;0.54,1.00,1.00,1.00,0.81,0.66,0.81,0.81,0.66,0.66,0.81,0.81
whats foster care;2;2;480;2.40;https://www.nationalfosteringgroup.co.uk/thinking-about-fostering/what-is-fostering/;31;0.19;0.19;25.00;1;0.08,0.08,0.20,0.08,0.02,0.02,0.02,0.76,0.45,0.76,0.76,1.00
foster siblings;1;1;390;3.30;https://www.nationalfosteringgroup.co.uk/thinking-about-fostering/types-of-foster-care/fostering-siblings/;31;0.19;0.35;12.00;1;0.15,0.36,0.36,0.81,1.00,1.00,0.66,0.54,0.29,0.23,0.29,0.15
foster care bedroom requirements uk;2;2;480;3.09;https://www.nationalfosteringgroup.co.uk/thinking-about-fostering/spare-rooms-and-fostering/;31;0.19;0.48;6.00;1;0.44,0.81,1.00,0.81,0.66,0.81,0.66,0.54,0.54,0.54,0.54,0.54
foster care pay;4;4;880;1.83;https://www.nationalfosteringgroup.co.uk/thinking-about-fostering/support-and-benefits/financial-support/fostering-allowance/;30;0.18;0.57;19.00;1;0.30,0.34,0.30,0.24,0.30,0.30,0.30,0.55,0.24,0.44,0.34,0.16
how much do foster carers get paid;5;5;1300;1.31;https://www.nationalfosteringgroup.co.uk/thinking-about-fostering/support-and-benefits/financial-support/fostering-allowance/;28;0.17;0.56;18.00;1;0.52,0.68,0.37,0.52,0.68,0.84,0.68,1.00,0.84,0.52,0.68,0.46
fostering agency;6;6;1300;7.89;https://www.nationalfosteringgroup.co.uk/;28;0.17;0.48;61.00;0;0.16,0.52,0.68,0.68,0.68,0.84,1.00,1.00,0.52,0.52,0.46,0.52
nfg charms;2;2;210;0.00;https://www.nationalfosteringgroup.co.uk/;27;0.16;0.33;11.00;1;0.53,0.53,0.43,0.53,0.43,0.53,0.43,1.00,0.66,0.53,0.43,0.23
being in foster care;1;1;110;5.35;https://www.nationalfosteringgroup.co.uk/thinking-about-fostering/what-is-fostering/;27;0.16;0.56;28.00;1;0.52,0.23,0.42,0.80,0.80,0.66,0.52,0.52,0.42,0.33,0.33,0.33
foster a baby;1;1;210;0.00;https://www.nationalfosteringgroup.co.uk/thinking-about-fostering/types-of-foster-care/fostering-a-baby/;27;0.16;0.00;8.00;1;0.34,0.53,0.53,0.53,0.53,0.81,1.00,1.00,0.65,0.53,0.53,0.53
how to foster a baby;1;1;210;0.00;https://www.nationalfosteringgroup.co.uk/thinking-about-fostering/types-of-foster-care/fostering-a-baby/;27;0.16;0.00;11.00;1;0.02,0.35,0.43,0.53,0.53,0.82,1.00,0.82,0.35,0.43,0.43,0.43
how much money do you get for fostering;1;1;210;1.54;https://www.nationalfosteringgroup.co.uk/thinking-about-fostering/support-and-benefits/financial-support/fostering-allowance/;27;0.16;0.52;16.00;1;0.43,0.81,1.00,1.00,0.81,0.65,0.53,0.65,0.43,0.43,0.34,0.43
can you foster with a criminal record uk;1;1;210;4.55;https://www.nationalfosteringgroup.co.uk/thinking-about-fostering/who-can-foster/what-can-disqualify-you-from-fostering-a-child/;27;0.16;0.37;7.00;1;0.43,0.82,1.00,0.82,0.43,0.53,0.66,0.82,0.43,0.35,0.28,0.28
how much are foster carers paid;1;1;210;1.54;https://www.nationalfosteringgroup.co.uk/thinking-about-fostering/support-and-benefits/financial-support/fostering-allowance/;27;0.16;0.57;16.00;1;0.43,0.54,0.54,0.43,0.35,0.43,1.00,0.43,0.43,0.29,0.22,0.35
independent fostering agency jobs;1;1;110;1.07;https://www.nationalfosteringgroup.co.uk/careers/job-vacancies/;27;0.16;0.37;9.00;0;0.52,0.42,1.00,0.80,0.33,0.42,0.52,0.42,0.33,0.23,0.52,0.52
can i foster with a criminal record;1;1;210;4.15;https://www.nationalfosteringgroup.co.uk/thinking-about-fostering/who-can-foster/what-can-disqualify-you-from-fostering-a-child/;27;0.16;0.69;7.00;1;0.29,0.35,0.66,1.00,0.81,0.66,0.54,0.29,0.29,0.22,0.22,0.22
define foster care;1;1;210;2.57;https://www.nationalfosteringgroup.co.uk/thinking-about-fostering/what-is-fostering/;27;0.16;0.18;26.00;1;0.65,0.43,0.43,0.34,0.53,0.65,1.00,1.00,0.65,0.65,0.81,0.81
i want to foster but don't have a spare room;1;1;210;5.01;https://www.nationalfosteringgroup.co.uk/thinking-about-fostering/spare-rooms-and-fostering/;27;0.16;0.58;6.00;1;0.66,0.82,0.82,1.00,0.53,0.35,0.43,0.35,0.28,0.35,0.35,0.28
emergency foster care for babies uk;1;1;210;0.00;https://www.nationalfosteringgroup.co.uk/thinking-about-fostering/types-of-foster-care/emergency-foster-care/;27;0.16;0.00;18.00;1;0.53,1.00,1.00,0.81,0.81,0.65,1.00,0.53,0.21,0.28,0.34,0.43
heath farm fostering;1;1;110;3.91;https://www.nationalfosteringgroup.co.uk/heath-farm/;27;0.16;0.09;16.00;1;0.66,0.80,0.42,0.52,0.52,0.66,0.52,0.66,0.42,0.66,0.33,0.42
how much do you get paid for fostering a child;1;1;210;0.00;https://www.nationalfosteringgroup.co.uk/thinking-about-fostering/support-and-benefits/financial-support/fostering-allowance/;27;0.16;0.00;16.00;1;0.34,1.00,1.00,1.00,0.80,0.80,0.80,0.65,0.65,0.53,0.53,0.80
respite care foster care;1;1;210;4.45;https://www.nationalfosteringgroup.co.uk/thinking-about-fostering/types-of-foster-care/stayover-care/;27;0.16;0.50;9.00;1;1.00,0.36,0.36,0.29,0.36,0.29,0.36,0.19,0.15,0.19,0.15,0.15
foster care;6;7;5400;5.67;https://www.nationalfosteringgroup.co.uk/thinking-about-fostering/what-is-fostering/;27;0.16;0.61;33.00;1;0.36,0.24,0.66,0.29,0.29,0.24,1.00,0.29,0.24,0.24,0.24,0.36
how much does a foster carer get paid uk;1;1;210;1.52;https://www.nationalfosteringgroup.co.uk/thinking-about-fostering/support-and-benefits/financial-support/fostering-allowance/;27;0.16;0.56;19.00;1;0.17,1.00,1.00,0.82,0.53,0.66,0.82,0.53,0.35,0.35,0.35,0.43
respite foster carer;1;1;210;4.45;https://www.nationalfosteringgroup.co.uk/thinking-about-fostering/types-of-foster-care/stayover-care/;27;0.16;0.50;12.00;1;0.43,0.81,0.81,0.81,0.81,0.81,1.00,1.00,0.53,0.53,0.53,0.53
fostering relations;1;1;110;0.00;https://www.nationalfosteringgroup.co.uk/fostering-relations/;27;0.16;0.03;20.00;1;0.42,1.00,1.00,0.80,0.33,0.42,0.23,0.33,0.33,0.33,0.33,0.33
fostering jobs;2;2;320;4.36;https://www.nationalfosteringgroup.co.uk/careers/job-vacancies/;26;0.16;0.46;7.00;0;0.66,1.00,0.81,1.00,0.81,0.66,0.54,0.54,0.54,0.43,0.66,0.54
what disqualifies you from being a foster parent;1;1;320;3.36;https://www.nationalfosteringgroup.co.uk/thinking-about-fostering/who-can-foster/what-can-disqualify-you-from-fostering-a-child/;26;0.16;0.40;8.00;1;0.18,0.66,0.81,0.81,0.66,0.81,1.00,0.81,0.54,0.43,0.22,0.22
parent and child fostering;3;3;590;0.00;https://www.nationalfosteringgroup.co.uk/thinking-about-fostering/types-of-foster-care/parent-and-child-fostering/;25;0.15;0.00;9.00;1;0.36,0.81,1.00,1.00,1.00,1.00,1.00,0.81,0.54,0.54,0.44,0.54
fostering social worker jobs;3;3;390;0.92;https://www.nationalfosteringgroup.co.uk/careers/work-for-us/social-work/supervising-social-worker/;25;0.15;0.11;10.00;0;0.44,0.66,0.44,0.54,0.54,0.54,0.29,0.44,0.66,0.54,0.44,0.54
what is fostering;3;3;590;2.08;https://www.nationalfosteringgroup.co.uk/thinking-about-fostering/what-is-fostering/;25;0.15;0.18;17.00;1;0.81,1.00,0.81,1.00,0.81,0.81,0.81,0.81,0.54,0.54,0.44,0.66
how much do foster carers get paid per child;2;2;390;0.00;https://www.nationalfosteringgroup.co.uk/thinking-about-fostering/support-and-benefits/financial-support/fostering-allowance/;25;0.15;0.00;20.00;1;0.81,1.00,1.00,1.00,0.81,0.81,0.66,0.66,0.81,0.44,0.01,0.44
long term fostering;2;2;720;4.29;https://www.nationalfosteringgroup.co.uk/thinking-about-fostering/types-of-foster-care/long-term-fostering/;25;0.15;0.40;10.00;1;0.24,0.76,1.00,0.76,0.55,0.55,0.55,0.55,0.36,0.36,0.36,0.36
foster agencies near me;2;2;720;11.26;https://www.nationalfosteringgroup.co.uk/find-our-agencies/;25;0.15;0.50;33.00;3;1.00,0.59,0.59,0.72,0.72,0.72,0.59,0.59,0.72,0.59,0.72,0.59
temporary foster care;2;2;390;3.31;https://www.nationalfosteringgroup.co.uk/thinking-about-fostering/types-of-foster-care/short-term-fostering/;25;0.15;0.54;12.00;1;0.35,0.66,0.81,1.00,0.81,0.81,0.81,0.81,0.44,0.44,0.54,0.54
foster care definition;3;3;390;2.57;https://www.nationalfosteringgroup.co.uk/thinking-about-fostering/what-is-fostering/;25;0.15;0.18;27.00;1;0.54,0.81,0.81,1.00,1.00,1.00,0.81,1.00,0.66,0.54,0.43,0.54
reward chart for kids;8;8;1300;0.00;https://www.nationalfosteringgroup.co.uk/news-and-blog/how-to-use-a-rewards-chart-successfully/;24;0.15;0.00;26.00;1;0.44,0.44,0.65,0.44,0.65,0.44,0.44,0.24,0.55,0.34,0.34,0.24
respite foster parent;1;1;170;4.25;https://www.nationalfosteringgroup.co.uk/thinking-about-fostering/types-of-foster-care/stayover-care/;22;0.13;0.59;14.00;1;0.26,0.26,0.26,0.26,0.21,0.11,0.14,0.09,0.11,0.11,0.14,0.14
how much do foster parents make;1;1;170;1.61;https://www.nationalfosteringgroup.co.uk/thinking-about-fostering/support-and-benefits/financial-support/fostering-allowance/;22;0.13;0.54;20.00;1;0.23,0.35,0.28,0.44,0.15,0.28,0.23,0.44,0.54,0.35,0.28,0.28
n f g;1;1;170;0.00;https://www.nationalfosteringgroup.co.uk/;22;0.13;0.33;65.00;1;0.00,0.00,0.00,0.54,0.54,0.44,0.44,0.00,0.44,0.54,0.28,0.44
emergency foster placement;1;1;170;4.64;https://www.nationalfosteringgroup.co.uk/thinking-about-fostering/types-of-foster-care/emergency-foster-care/;22;0.13;0.53;8.00;1;0.43,0.43,0.53,1.00,0.81,0.65,0.53,0.34,0.34,0.34,0.34,0.34
temporary foster parent;1;1;170;3.31;https://www.nationalfosteringgroup.co.uk/thinking-about-fostering/types-of-foster-care/short-term-fostering/;22;0.13;0.54;16.00;1;0.29,0.14,0.22,1.00,0.66,0.54,0.43,0.43,0.18,0.22,0.14,0.14
jay fostering;1;1;90;2.98;https://www.nationalfosteringgroup.co.uk/jay-fostering/;22;0.13;0.25;14.00;1;0.50,0.78,1.00,0.78,0.78,1.00,0.78,1.00,0.64,0.50,0.50,0.07
fostering newborns uk;1;1;170;2.95;https://www.nationalfosteringgroup.co.uk/thinking-about-fostering/types-of-foster-care/fostering-a-baby/;22;0.13;0.66;9.00;1;0.34,0.21,0.34,0.81,1.00,0.81,0.65,0.81,0.34,0.34,0.34,0.34
fostering young mothers and babies;1;1;170;0.00;https://www.nationalfosteringgroup.co.uk/thinking-about-fostering/types-of-foster-care/parent-and-child-fostering/;22;0.13;0.00;7.00;1;0.02,0.35,0.43,0.53,0.66,0.66,1.00,0.66,0.35,0.35,0.35,0.35
how much do you earn as a foster carer;1;1;170;1.89;https://www.nationalfosteringgroup.co.uk/thinking-about-fostering/support-and-benefits/financial-support/fostering-allowance/;22;0.13;0.66;19.00;1;0.80,1.00,0.80,0.65,0.65,0.80,0.80,0.65,0.65,0.42,0.42,0.42
can you foster a child with a criminal record;1;1;170;0.00;https://www.nationalfosteringgroup.co.uk/thinking-about-fostering/who-can-foster/what-can-disqualify-you-from-fostering-a-child/;22;0.13;0.00;7.00;1;0.03,0.34,0.43,0.53,0.65,1.00,1.00,0.65,0.43,0.43,0.43,0.34
therapeutic foster care training;1;1;170;0.00;https://www.nationalfosteringgroup.co.uk/thinking-about-fostering/support-and-benefits/training/therapeutic-fostering/;22;0.13;0.33;6.00;1;0.06,0.81,1.00,0.81,0.65,0.53,0.65,0.43,0.28,0.28,0.28,0.28
fostering babies only;1;1;170;0.00;https://www.nationalfosteringgroup.co.uk/thinking-about-fostering/types-of-foster-care/fostering-a-baby/;22;0.13;0.00;9.00;1;0.06,0.34,0.53,0.53,0.81,1.00,1.00,1.00,0.43,0.43,0.43,0.43
care foster;9;9;4400;5.67;https://www.nationalfosteringgroup.co.uk/thinking-about-fostering/what-is-fostering/;22;0.13;0.61;34.00;1;0.01,0.16,0.81,0.12,0.24,0.19,1.00,0.36,0.29,0.10,0.29,0.29
newborn foster care;1;1;170;0.00;https://www.nationalfosteringgroup.co.uk/thinking-about-fostering/types-of-foster-care/fostering-a-baby/;22;0.13;0.86;6.00;1;1.00,0.01,0.02,0.01,0.03,0.03,0.02,0.03,0.02,0.02,0.02,0.03
fostering solutions stafford;2;2;170;2.87;https://www.nationalfosteringgroup.co.uk/fostering-solutions/;22;0.13;0.11;15.00;1,3;0.07,0.28,0.28,0.53,0.82,0.53,0.66,1.00,1.00,0.05,0.17,0.28
foster parent how much does it pay;1;1;170;1.46;https://www.nationalfosteringgroup.co.uk/thinking-about-fostering/support-and-benefits/financial-support/fostering-allowance/;22;0.13;0.56;18.00;1;1.00,0.28,0.35,0.28,0.35,0.35,0.15,0.23,0.18,0.18,0.11,0.15
respite care for foster families;1;1;170;4.45;https://www.nationalfosteringgroup.co.uk/thinking-about-fostering/types-of-foster-care/stayover-care/;22;0.13;0.50;13.00;1;0.23,0.23,0.23,0.19,0.23,0.23,0.23,0.10,0.05,0.12,0.07,0.10
how to foster a child;5;5;720;7.17;https://www.nationalfosteringgroup.co.uk/thinking-about-fostering/becoming-a-foster-carer/;21;0.13;0.64;23.00;1;0.39,0.88,0.72,0.72,0.72,1.00,1.00,1.00,0.72,0.72,0.72,0.72
children's foster care;3;3;720;4.76;https://www.nationalfosteringgroup.co.uk/thinking-about-fostering/what-is-fostering/;21;0.13;0.64;37.00;0;0.55,0.76,0.76,0.76,0.67,0.76,0.10,0.36,0.30,0.55,0.36,0.55
fostering agencies near me;2;2;720;10.69;https://www.nationalfosteringgroup.co.uk/find-our-agencies/;21;0.13;0.59;20.00;3;0.24,0.67,0.67,0.55,0.67,1.00,0.55,0.76,0.55,0.45,0.55,0.67
become a foster parent;7;7;880;8.63;https://www.nationalfosteringgroup.co.uk/thinking-about-fostering/becoming-a-foster-carer/;21;0.13;0.70;17.00;1;0.67,0.67,1.00,0.67,0.67,0.76,0.67,0.45,0.55,0.45,0.55,0.55
what is a foster home;5;5;720;2.40;https://www.nationalfosteringgroup.co.uk/thinking-about-fostering/what-is-fostering/;21;0.13;0.19;20.00;1;0.67,0.67,0.45,0.45,0.67,0.67,0.55,0.55,0.55,0.55,0.55,0.55
how to do foster care;4;4;590;7.20;https://www.nationalfosteringgroup.co.uk/thinking-about-fostering/what-is-fostering/;20;0.12;0.63;28.00;1;0.13,0.08,0.46,0.05,0.16,0.20,0.46,0.52,0.46,0.52,0.20,0.52
foster carer payment;4;4;590;1.83;https://www.nationalfosteringgroup.co.uk/thinking-about-fostering/support-and-benefits/financial-support/fostering-allowance/;20;0.12;0.57;17.00;1;0.36,0.16,0.20,0.16,0.24,0.30,0.24,0.55,1.00,0.30,0.36,0.36
how much do you get to foster a child;2;2;320;0.00;https://www.nationalfosteringgroup.co.uk/thinking-about-fostering/support-and-benefits/financial-support/fostering-allowance/;20;0.12;0.00;16.00;1;0.44,0.66,1.00,0.66,0.54,0.54,0.66,0.54,0.54,0.35,0.54,0.44
foster parent respite care;3;3;590;4.25;https://www.nationalfosteringgroup.co.uk/thinking-about-fostering/types-of-foster-care/stayover-care/;20;0.12;0.59;14.00;1;0.09,0.26,1.00,1.00,0.88,0.59,0.59,0.59,0.72,0.32,0.48,0.48
foster parent uk;4;4;590;5.19;https://www.nationalfosteringgroup.co.uk/thinking-about-fostering/becoming-a-foster-carer/;20;0.12;0.68;20.00;1;0.45,0.45,0.67,0.55,0.45,0.36,0.45,0.76,0.45,0.45,0.30,0.36
can you be a single foster parent;2;2;320;4.38;https://www.nationalfosteringgroup.co.uk/thinking-about-fostering/who-can-foster/can-you-be-a-single-foster-parent/;20;0.12;0.61;9.00;1;0.81,1.00,0.81,0.81,0.81,0.81,0.66,0.54,0.43,0.66,0.66,0.66
foster care london;2;2;320;6.73;https://www.nationalfosteringgroup.co.uk/find-our-agencies/fostering-in-london/;20;0.12;0.62;29.00;1;0.35,0.66,0.66,0.81,0.66,0.81,0.81,0.66,0.54,0.54,0.54,0.54
transferring fostering agencies;2;2;320;18.89;https://www.nationalfosteringgroup.co.uk/transfer-to-us/;20;0.12;0.13;12.00;1;0.22,0.66,0.81,0.81,1.00,1.00,1.00,0.66,0.66,0.81,0.22,0.22
foster a child;4;4;590;0.00;https://www.nationalfosteringgroup.co.uk/thinking-about-fostering/types-of-foster-care/long-term-fostering/;20;0.12;0.00;28.00;1;0.16,0.31,0.31,0.31,0.31,0.31,0.37,0.31,1.00,0.31,0.00,0.37
independent foster care services;1;1;140;0.00;https://www.nationalfosteringgroup.co.uk/national-fostering-agency/wales/;18;0.11;0.33;21.00;1;0.11,0.82,0.82,0.82,1.00,1.00,1.00,0.82,0.64,0.64,0.64,0.64
how much does foster parents get paid;1;1;140;1.31;https://www.nationalfosteringgroup.co.uk/thinking-about-fostering/support-and-benefits/financial-support/fostering-allowance/;18;0.11;0.56;15.00;1;0.22,0.22,0.43,0.35,0.35,0.35,0.18,0.29,0.22,0.35,0.22,0.22
how much do foster parents get paid a month;1;1;140;0.00;https://www.nationalfosteringgroup.co.uk/thinking-about-fostering/support-and-benefits/financial-support/fostering-allowance/;18;0.11;0.10;18.00;1;0.09,0.80,0.52,0.66,0.80,1.00,0.80,0.66,0.42,0.52,0.52,0.52
infant foster care;1;1;140;3.20;https://www.nationalfosteringgroup.co.uk/thinking-about-fostering/types-of-foster-care/fostering-a-baby/;18;0.11;0.59;7.00;1;0.23,0.19,0.19,0.19,0.19,0.19,0.15,0.07,0.07,0.10,0.07,0.10
best fostering agency in stafford;1;1;140;0.00;https://www.nationalfosteringgroup.co.uk/find-our-agencies/fostering-in-staffordshire/;18;0.11;0.33;10.00;0;0.00,0.21,0.21,0.21,0.21,0.65,0.81,1.00,0.81,0.81,0.34,0.34
mother and baby foster care placements;1;1;140;0.00;https://www.nationalfosteringgroup.co.uk/thinking-about-fostering/types-of-foster-care/parent-and-child-fostering/;18;0.11;0.00;7.00;1;0.00,0.42,0.52,0.80,0.80,0.80,1.00,1.00,0.52,0.66,0.52,0.42
how to foster;5;5;720;6.90;https://www.nationalfosteringgroup.co.uk/thinking-about-fostering/becoming-a-foster-carer/;17;0.10;0.54;27.00;1;0.23,0.81,0.81,1.00,1.00,1.00,1.00,0.81,0.67,0.81,0.67,0.67
foster parents payments;3;3;390;1.83;https://www.nationalfosteringgroup.co.uk/thinking-about-fostering/support-and-benefits/financial-support/fostering-allowance/;17;0.10;0.57;22.00;1;0.00,0.00,0.02,0.02,0.00,0.01,0.02,0.02,1.00,0.05,0.01,0.79
foster care training classes;2;2;210;3.53;https://www.nationalfosteringgroup.co.uk/thinking-about-fostering/support-and-benefits/training/;17;0.10;0.55;17.00;1;0.22,0.10,0.22,1.00,1.00,0.81,0.66,0.54,0.18,0.18,0.10,0.10
emergency foster care pay;1;1;210;2.40;https://www.nationalfosteringgroup.co.uk/thinking-about-fostering/types-of-foster-care/emergency-foster-care/;17;0.10;0.64;22.00;1;0.43,0.82,1.00,1.00,0.82,0.43,0.53,0.53,0.35,0.43,0.28,0.35
mother and baby fostering;3;3;390;0.00;https://www.nationalfosteringgroup.co.uk/thinking-about-fostering/types-of-foster-care/parent-and-child-fostering/;17;0.10;0.00;9.00;1;0.23,0.66,0.81,1.00,0.81,1.00,1.00,1.00,0.66,0.54,0.54,0.44
age limit for fostering uk;3;3;390;1.47;https://www.nationalfosteringgroup.co.uk/thinking-about-fostering/who-can-foster/is-there-an-age-limit-for-fostering/;17;0.10;0.57;12.00;1;0.05,0.10,0.10,0.08,0.08,0.08,0.08,0.05,0.07,0.05,0.05,0.07
foster carer meaning;3;3;390;2.57;https://www.nationalfosteringgroup.co.uk/thinking-about-fostering/what-is-fostering/;17;0.10;0.18;16.00;1;0.54,0.81,0.81,0.81,0.81,0.81,1.00,1.00,0.81,0.81,0.81,0.81
foster babies;1;1;210;0.00;https://www.nationalfosteringgroup.co.uk/thinking-about-fostering/types-of-foster-care/fostering-a-baby/;17;0.10;0.00;12.00;1;0.53,0.65,0.80,0.80,0.65,0.65,1.00,1.00,0.80,0.65,0.65,0.65
therapeutic fostering;2;2;390;3.28;https://www.nationalfosteringgroup.co.uk/thinking-about-fostering/support-and-benefits/training/therapeutic-fostering/;17;0.10;0.65;11.00;1;0.28,0.81,1.00,1.00,0.81,0.81,0.81,0.81,0.81,0.66,0.66,0.18
foster care agencies;3;3;720;8.39;https://www.nationalfosteringgroup.co.uk/find-our-agencies/;17;0.10;0.47;24.00;0;0.21,0.59,0.72,0.88,0.72,1.00,0.88,0.88,0.48,0.39,0.59,0.72
do you get paid for fostering a child;2;2;260;0.00;https://www.nationalfosteringgroup.co.uk/thinking-about-fostering/support-and-benefits/financial-support/fostering-allowance/;16;0.10;0.00;18.00;1;0.65,0.81,0.81,0.81,0.81,0.65,0.81,1.00,0.81,0.53,0.65,0.65
fostering a child;3;3;480;0.00;https://www.nationalfosteringgroup.co.uk/thinking-about-fostering/what-is-fostering/;16;0.10;0.00;39.00;1;0.24,0.36,0.30,0.30,0.30,0.30,0.30,0.30,0.24,0.36,0.30,0.30
what is a foster;3;3;480;2.18;https://www.nationalfosteringgroup.co.uk/thinking-about-fostering/what-is-fostering/;16;0.10;0.20;22.00;1;0.76,0.76,0.76,0.20,0.13,0.16,0.30,0.20,0.20,0.20,0.20,0.16
foster kids;6;8;880;4.81;https://www.nationalfosteringgroup.co.uk/thinking-about-fostering/types-of-foster-care/long-term-fostering/;16;0.10;0.68;26.00;1;0.22,0.29,0.22,0.20,0.29,0.13,0.13,0.08,0.16,0.20,0.16,0.13
form f assessment;2;2;260;2.33;https://www.nationalfosteringgroup.co.uk/thinking-about-fostering/becoming-a-foster-carer/form-f/;16;0.10;0.16;9.00;1;0.43,0.81,1.00,0.81,0.81,0.81,0.81,0.81,0.81,0.81,0.65,0.81
mother and baby foster placement;4;4;480;0.00;https://www.nationalfosteringgroup.co.uk/thinking-about-fostering/types-of-foster-care/parent-and-child-fostering/;16;0.10;0.00;8.00;1;1.00,1.00,1.00,0.66,0.81,0.81,0.81,0.54,0.54,0.54,0.44,0.44
meaning for fostering;2;2;260;1.82;https://www.nationalfosteringgroup.co.uk/thinking-about-fostering/what-is-fostering/;16;0.10;0.03;34.00;1;0.00,0.00,0.00,0.00,0.00,0.00,0.00,0.00,0.00,0.00,0.00,1.00
how much does fostering pay uk;2;2;260;1.62;https://www.nationalfosteringgroup.co.uk/thinking-about-fostering/support-and-benefits/financial-support/fostering-allowance/;16;0.10;0.52;17.00;1;0.22,0.81,1.00,1.00,0.66,0.66,0.81,0.54,0.43,0.43,0.29,0.29
foster agencies;2;2;480;8.39;https://www.nationalfosteringgroup.co.uk/find-our-agencies/;16;0.10;0.47;41.00;0;0.19,0.67,1.00,0.81,0.54,0.54,0.67,0.44,0.23,0.29,0.29,0.29
do you get paid to foster;2;2;260;1.85;https://www.nationalfosteringgroup.co.uk/thinking-about-fostering/support-and-benefits/financial-support/fostering-allowance/;16;0.10;0.49;18.00;1;0.53,0.82,1.00,1.00,0.82,0.53,0.43,0.82,0.53,0.53,0.53,0.53
free stuff for foster parents uk;2;2;260;1.99;https://www.nationalfosteringgroup.co.uk/thinking-about-fostering/support-and-benefits/carer-benefits-and-perks/;16;0.10;0.21;15.00;1;0.44,0.54,0.54,0.44,0.29,0.29,0.23,0.23,0.19,0.12,0.10,0.12
foster system jobs;2;2;260;3.76;https://www.nationalfosteringgroup.co.uk/careers/job-vacancies/;16;0.10;0.55;17.00;0;0.54,0.14,0.35,1.00,0.66,0.54,0.54,0.66,0.54,0.66,0.43,0.66
become a foster carer;9;9;880;8.63;https://www.nationalfosteringgroup.co.uk/thinking-about-fostering/becoming-a-foster-carer/;16;0.10;0.70;17.00;1;0.67,0.55,1.00,0.76,0.76,0.76,0.67,0.55,0.55,0.55,0.55,0.55
how much money do you get for fostering a child;2;2;260;0.00;https://www.nationalfosteringgroup.co.uk/thinking-about-fostering/support-and-benefits/financial-support/fostering-allowance/;16;0.10;0.00;16.00;1;0.43,0.82,1.00,0.82,0.66,0.66,1.00,0.66,0.53,0.53,0.53,0.53
meaning of fostering;3;3;260;1.82;https://www.nationalfosteringgroup.co.uk/thinking-about-fostering/what-is-fostering/;16;0.10;0.03;29.00;1;0.02,0.36,0.36,0.29,0.54,0.23,0.44,0.66,0.15,0.12,0.54,0.15
long term foster care;4;4;480;2.72;https://www.nationalfosteringgroup.co.uk/thinking-about-fostering/types-of-foster-care/long-term-fostering/;16;0.10;0.56;9.00;1;0.81,1.00,1.00,0.81,0.81,0.81,0.66,0.54,0.66,0.54,0.15,0.19
how much do i get for fostering;2;2;260;1.61;https://www.nationalfosteringgroup.co.uk/thinking-about-fostering/support-and-benefits/financial-support/fostering-allowance/;16;0.10;0.54;18.00;1;0.54,0.29,0.35,0.81,0.43,0.43,0.43,0.66,0.66,0.66,0.35,0.54
emergency foster care pay uk;2;2;260;2.08;https://www.nationalfosteringgroup.co.uk/thinking-about-fostering/types-of-foster-care/emergency-foster-care/;16;0.10;0.63;20.00;1;0.81,0.81,0.81,0.54,0.54,0.66,0.54,0.28,0.23,0.18,0.18,0.18
foster care agencies near me;2;2;480;7.96;https://www.nationalfosteringgroup.co.uk/find-our-agencies/;16;0.10;0.53;13.00;3;0.26,0.48,0.39,0.48,0.59,0.59,0.59,0.48,0.48,0.59,0.11,0.32
foster parents pay;4;4;480;1.88;https://www.nationalfosteringgroup.co.uk/thinking-about-fostering/support-and-benefits/financial-support/fostering-allowance/;16;0.10;0.66;17.00;1;0.10,0.36,0.08,0.08,0.10,0.10,0.13,0.05,0.05,0.24,0.07,0.07
foster care birmingham;2;2;480;7.94;https://www.nationalfosteringgroup.co.uk/find-our-agencies/fostering-in-birmingham/;16;0.10;0.29;23.00;0;0.54,0.66,0.81,0.66,0.66,0.66,0.44,0.54,1.00,1.00,0.66,0.66
foster children;8;8;720;5.09;https://www.nationalfosteringgroup.co.uk/thinking-about-fostering/types-of-foster-care/long-term-fostering/;15;0.09;0.66;24.00;1;0.24,0.07,0.13,0.13,0.07,0.10,0.15,0.07,0.07,0.10,0.08,0.10
foster parenting infants;1;1;110;3.57;https://www.nationalfosteringgroup.co.uk/thinking-about-fostering/types-of-foster-care/fostering-a-baby/;14;0.08;0.65;23.00;1;0.05,0.05,0.05,0.03,0.03,0.05,0.03,0.03,0.03,0.05,0.03,0.45
foster agency near me;1;1;320;10.69;https://www.nationalfosteringgroup.co.uk/find-our-agencies/;14;0.08;0.59;25.00;3;0.08,0.81,0.66,0.66,0.66,0.81,0.81,1.00,0.43,0.29,0.66,0.66
fostering requirements;5;5;480;3.42;https://www.nationalfosteringgroup.co.uk/thinking-about-fostering/who-can-foster/;14;0.08;0.66;16.00;1;1.00,1.00,0.81,1.00,1.00,1.00,1.00,1.00,0.81,0.66,0.81,0.81
emergency foster care placement;1;1;110;4.48;https://www.nationalfosteringgroup.co.uk/thinking-about-fostering/types-of-foster-care/emergency-foster-care/;14;0.08;0.51;7.00;1;0.09,0.09,0.42,0.80,1.00,1.00,1.00,0.80,0.33,0.23,0.14,0.19
how much pay for fostering;1;1;110;1.31;https://www.nationalfosteringgroup.co.uk/thinking-about-fostering/support-and-benefits/financial-support/fostering-allowance/;14;0.08;0.61;16.00;1;0.42,0.80,0.80,0.42,0.42,0.42,0.42,0.80,0.52,0.42,0.52,0.66
foster carer salary uk;3;3;320;1.89;https://www.nationalfosteringgroup.co.uk/thinking-about-fostering/support-and-benefits/financial-support/fostering-allowance/;14;0.08;0.63;23.00;1;0.35,0.54,0.81,0.66,0.54,0.54,0.66,0.81,1.00,0.54,0.54,0.54
fster agency;3;3;480;0.00;https://www.nationalfosteringgroup.co.uk/;14;0.08;0.00;0.0;0;1.00,0.00
foster care hiring;4;4;320;3.63;https://www.nationalfosteringgroup.co.uk/careers/;14;0.08;0.51;13.00;0;1.00,0.81,0.66,0.66,1.00,0.66,0.54,0.54,0.66,0.54,0.66,0.43
foster a baby uk;1;1;110;0.00;https://www.nationalfosteringgroup.co.uk/thinking-about-fostering/types-of-foster-care/fostering-a-baby/;14;0.08;0.00;22.00;1;0.64,0.52,0.64,0.64,0.52,1.00,1.00,0.52,0.52,0.41,0.52,0.64
fostering a child uk;3;3;320;0.00;https://www.nationalfosteringgroup.co.uk/thinking-about-fostering/what-is-fostering/;14;0.08;0.00;35.00;1;0.03,0.05,0.07,0.07,0.10,0.10,0.10,0.10,0.10,0.10,0.08,0.10
how much money do you get for foster care;1;1;110;1.12;https://www.nationalfosteringgroup.co.uk/thinking-about-fostering/support-and-benefits/financial-support/fostering-allowance/;14;0.08;0.51;16.00;1;0.80,0.80,0.33,0.52,0.80,0.42,0.42,0.42,0.52,0.52,0.52,0.42
what does foster mean;3;3;320;5.11;https://www.nationalfosteringgroup.co.uk/thinking-about-fostering/what-is-fostering/;14;0.08;0.02;46.00;1;0.44,0.36,0.36,0.67,0.44,0.36,0.29,0.54,0.36,0.36,0.23,0.23
money for fostering;1;1;110;1.92;https://www.nationalfosteringgroup.co.uk/thinking-about-fostering/support-and-benefits/financial-support/fostering-allowance/;14;0.08;0.43;18.00;1;0.05,0.05,0.10,0.13,0.10,0.06,0.04,0.06,0.04,0.03,0.04,0.04
weekend respite foster care;1;1;110;4.04;https://www.nationalfosteringgroup.co.uk/thinking-about-fostering/types-of-foster-care/stayover-care/;14;0.08;0.60;8.00;1;0.64,1.00,1.00,0.82,0.64,1.00,0.64,0.52,0.23,0.23,0.23,0.29
fostering agencies;4;4;590;8.39;https://www.nationalfosteringgroup.co.uk/find-our-agencies/fostering-in-manchester/;14;0.08;0.47;57.00;0;0.29,0.67,0.67,0.67,0.81,0.81,1.00,0.81,0.54,0.54,0.44,0.54
what is foster care uk;1;1;110;1.27;https://www.nationalfosteringgroup.co.uk/thinking-about-fostering/what-is-fostering/;14;0.08;0.34;25.00;1;0.23,0.28,0.28,0.23,0.23,0.28,0.18,0.23,0.15,0.11,0.08,0.11
foster care respite;1;1;110;4.45;https://www.nationalfosteringgroup.co.uk/thinking-about-fostering/types-of-foster-care/stayover-care/;14;0.08;0.50;9.00;1;0.21,0.53,1.00,0.43,0.34,0.28,0.21,0.21,0.21,0.21,0.21,0.21
fostering a newborn;1;1;110;3.57;https://www.nationalfosteringgroup.co.uk/thinking-about-fostering/types-of-foster-care/fostering-a-baby/;14;0.08;0.65;13.00;1;0.07,0.10,0.10,0.12,0.12,0.10,0.10,1.00,0.07,0.82,0.43,0.10
how much do foster parents get paid per child;1;1;110;0.00;https://www.nationalfosteringgroup.co.uk/thinking-about-fostering/support-and-benefits/financial-support/fostering-allowance/;14;0.08;0.00;13.00;1;1.00,0.03,0.65,0.80,0.53,0.42,0.42,0.42,0.26,0.26,0.19,0.34
foster carers midlands;1;1;110;11.98;https://www.nationalfosteringgroup.co.uk/national-fostering-agency/midlands/;14;0.08;0.04;15.00;1;0.15,0.21,0.21,0.21,0.34,0.21,0.34,0.53,1.00,0.28,0.21,0.28
foster carer tax allowance;3;3;320;2.08;https://www.nationalfosteringgroup.co.uk/thinking-about-fostering/support-and-benefits/financial-support/tax-and-foster-care/;14;0.08;0.20;9.00;1;0.81,0.81,0.66,0.66,0.81,0.54,0.66,0.35,0.35,0.35,0.54,0.54
define fostering;4;4;320;2.71;https://www.nationalfosteringgroup.co.uk/thinking-about-fostering/what-is-fostering/;14;0.08;0.02;23.00;1;0.36,0.16,0.13,0.30,0.45,0.24,0.08,0.24,0.30,0.10,0.08,0.30
fostering agency near me;4;4;590;10.69;https://www.nationalfosteringgroup.co.uk/find-our-agencies/;14;0.08;0.59;37.00;3;0.48,0.59,0.59,0.48,0.48,0.59,0.59,0.88,0.59,0.59,0.48,0.48
foster respite care;1;1;110;4.45;https://www.nationalfosteringgroup.co.uk/thinking-about-fostering/types-of-foster-care/stayover-care/;14;0.08;0.50;11.00;1;0.52,0.64,0.64,1.00,0.82,0.82,0.52,0.52,0.52,0.41,0.41,0.52
how to foster newborns;1;1;110;3.67;https://www.nationalfosteringgroup.co.uk/thinking-about-fostering/types-of-foster-care/fostering-a-baby/;14;0.08;0.53;8.00;1;0.07,0.11,0.15,0.65,0.80,0.80,0.80,0.53,0.26,0.19,0.19,0.19
how much does a foster carer get;1;1;110;1.61;https://www.nationalfosteringgroup.co.uk/thinking-about-fostering/support-and-benefits/financial-support/fostering-allowance/;14;0.08;0.54;16.00;1;0.42,0.66,0.33,0.66,0.66,0.42,0.42,0.33,0.33,1.00,0.19,0.23
nfg charms;4;4;210;0.00;https://www.nationalfosteringgroup.co.uk/thinking-about-fostering/support-and-benefits/training/;13;0.08;0.33;11.00;1;0.53,0.53,0.43,0.53,0.43,0.53,0.43,1.00,0.66,0.53,0.43,0.23
lgbt fostering;2;2;170;4.07;https://www.nationalfosteringgroup.co.uk/thinking-about-fostering/who-can-foster/lgbt-fostering/;13;0.08;0.23;9.00;1;0.42,0.53,0.65,0.65,0.80,0.80,0.80,0.53,0.53,0.53,0.42,0.42
people foster;6;6;720;0.73;https://www.nationalfosteringgroup.co.uk/thinking-about-fostering/what-is-fostering/;13;0.08;0.01;32.00;1;0.00,0.00,1.00,0.00,0.00,0.00,0.66,0.66,0.66,0.00,0.30,0.00
how much for fostering;2;2;210;2.07;https://www.nationalfosteringgroup.co.uk/thinking-about-fostering/support-and-benefits/financial-support/fostering-allowance/;13;0.08;0.52;16.00;1;0.03,0.13,0.13,0.10,0.10,0.13,0.10,0.07,0.05,0.05,0.04,0.05
how much do you get paid fostering;1;1;170;1.49;https://www.nationalfosteringgroup.co.uk/thinking-about-fostering/support-and-benefits/financial-support/fostering-allowance/;13;0.08;0.59;17.00;1;0.66,0.23,0.23,0.28,0.28,0.44,0.35,0.44,0.18,0.23,0.15,0.18
how much does a foster carer get paid;4;4;390;1.31;https://www.nationalfosteringgroup.co.uk/thinking-about-fostering/support-and-benefits/financial-support/fostering-allowance/;13;0.08;0.56;17.00;1;0.44,0.54,0.54,0.66,0.81,1.00,0.81,0.66,0.66,0.54,1.00,0.66
how much to foster a child;2;2;210;0.00;https://www.nationalfosteringgroup.co.uk/thinking-about-fostering/support-and-benefits/financial-support/fostering-allowance/;13;0.08;0.00;16.00;1;0.43,1.00,0.82,0.66,0.43,0.43,0.66,0.35,0.43,0.35,0.53,0.53
discounts for foster carers;2;2;210;0.76;https://www.nationalfosteringgroup.co.uk/thinking-about-fostering/support-and-benefits/carer-benefits-and-perks/;13;0.08;0.17;9.00;1;0.53,0.53,0.81,0.81,1.00,0.53,0.81,1.00,0.81,0.81,0.53,0.53
private fostering agencies;1;1;390;6.32;https://www.nationalfosteringgroup.co.uk/find-our-agencies/;13;0.08;0.48;46.00;0;0.28,0.81,0.81,1.00,0.81,0.81,1.00,0.81,0.44,0.35,0.66,0.81
foster family meaning;2;2;210;2.53;https://www.nationalfosteringgroup.co.uk/thinking-about-fostering/what-is-fostering/;13;0.08;0.08;30.00;1;0.35,1.00,0.81,0.66,0.54,0.43,0.43,0.43,0.35,0.29,0.22,0.35
foster jobs;2;2;170;4.36;https://www.nationalfosteringgroup.co.uk/careers/;13;0.08;0.46;9.00;0;0.43,0.66,0.43,0.35,0.35,0.53,0.35,0.35,0.53,0.43,0.35,0.28
do you get paid for foster care;1;1;170;1.86;https://www.nationalfosteringgroup.co.uk/thinking-about-fostering/support-and-benefits/financial-support/fostering-allowance/;13;0.08;0.54;17.00;1;1.00,0.43,0.35,0.28,0.43,0.53,0.43,0.35,0.28,0.23,0.23,0.28
fostering uk salary;2;2;210;1.72;https://www.nationalfosteringgroup.co.uk/thinking-about-fostering/support-and-benefits/financial-support/fostering-allowance/;13;0.08;0.56;16.00;1;0.35,0.66,0.66,0.66,0.53,0.53,0.53,0.43,0.35,0.23,0.66,0.28
how to become a foster carer;6;6;720;7.20;https://www.nationalfosteringgroup.co.uk/thinking-about-fostering/becoming-a-foster-carer/;13;0.08;0.63;21.00;1;0.81,0.67,0.81,1.00,1.00,1.00,1.00,0.81,0.81,0.67,0.67,0.67
can you just foster babies uk;1;1;170;0.00;https://www.nationalfosteringgroup.co.uk/thinking-about-fostering/types-of-foster-care/fostering-a-baby/;13;0.08;0.00;7.00;1;0.53,0.81,1.00,0.81,0.53,0.65,0.65,0.65,0.43,0.34,0.43,0.34
can you foster and work full time;2;2;210;3.92;https://www.nationalfosteringgroup.co.uk/thinking-about-fostering/who-can-foster/can-you-foster-and-work-full-time/;13;0.08;0.55;12.00;1;0.06,0.16,0.20,0.20,0.10,0.16,0.24,0.16,0.10,0.10,0.13,0.10
what is a foster family;2;2;210;0.00;https://www.nationalfosteringgroup.co.uk/thinking-about-fostering/what-is-fostering/;13;0.08;0.04;24.00;1;0.01,0.04,0.04,0.07,0.04,0.04,0.05,0.03,0.03,0.03,0.02,0.02
can you be a foster parent with a criminal record;1;1;170;3.36;https://www.nationalfosteringgroup.co.uk/thinking-about-fostering/who-can-foster/what-can-disqualify-you-from-fostering-a-child/;13;0.08;0.37;6.00;1;0.43,0.21,0.34,1.00,1.00,0.81,0.65,0.65,0.28,0.34,0.21,0.21
types of fostering;4;4;390;2.12;https://www.nationalfosteringgroup.co.uk/thinking-about-fostering/types-of-foster-care/;13;0.08;0.36;19.00;1;0.28,0.81,0.81,0.66,1.00,0.81,0.81,0.44,0.35,0.35,0.44,0.44
form f;2;2;210;3.95;https://www.nationalfosteringgroup.co.uk/thinking-about-fostering/becoming-a-foster-carer/form-f/;13;0.08;0.06;8.00;1;0.81,1.00,0.81,0.65,0.65,1.00,0.65,0.34,0.34,0.53,0.65,0.53
what does foster care mean;1;1;170;3.28;https://www.nationalfosteringgroup.co.uk/thinking-about-fostering/what-is-fostering/;13;0.08;0.15;24.00;1;0.34,0.81,0.65,1.00,0.43,0.43,0.43,0.34,0.28,0.34,0.28,0.28
respite care for foster parents;2;2;210;4.45;https://www.nationalfosteringgroup.co.uk/thinking-about-fostering/types-of-foster-care/stayover-care/;13;0.08;0.50;11.00;1;1.00,0.36,0.44,0.29,0.29,0.36,0.36,0.19,0.12,0.15,0.23,0.15
foster parent essex;2;2;170;5.57;https://www.nationalfosteringgroup.co.uk/find-our-agencies/fostering-in-essex/;13;0.08;0.63;12.00;1;0.80,0.53,0.42,1.00,0.65,0.53,0.53,0.65,0.65,0.80,0.42,0.65
becoming a foster carer;8;8;590;8.63;https://www.nationalfosteringgroup.co.uk/thinking-about-fostering/becoming-a-foster-carer/;12;0.07;0.70;22.00;1;0.81,0.81,0.66,0.81,0.81,0.81,1.00,0.66,0.66,0.54,0.66,0.66
foster care walsall;3;3;390;9.49;https://www.nationalfosteringgroup.co.uk/find-our-agencies/fostering-in-walsall/;11;0.06;0.20;17.00;0;0.09,0.36,0.36,0.44,0.66,0.44,0.81,0.81,1.00,0.66,0.44,0.54
how much is a fostering allowance;2;2;170;1.35;https://www.nationalfosteringgroup.co.uk/thinking-about-fostering/support-and-benefits/financial-support/fostering-allowance/;11;0.06;0.56;19.00;1;0.66,0.66,0.66,0.53,0.43,0.66,0.35,0.35,0.28,0.35,0.35,0.35
meaning of foster family;2;2;170;2.64;https://www.nationalfosteringgroup.co.uk/thinking-about-fostering/what-is-fostering/;11;0.06;0.11;23.00;1;0.53,0.43,0.43,0.15,0.28,0.43,0.81,1.00,0.65,0.81,0.53,1.00
top 10 fostering agencies;2;2;170;0.00;https://www.nationalfosteringgroup.co.uk/find-our-agencies/;11;0.06;0.33;6.00;0,1;0.07,0.53,0.53,0.53,0.65,0.42,0.80,0.80,1.00,0.80,0.42,0.80
foster england;10;10;1300;5.10;https://www.nationalfosteringgroup.co.uk/thinking-about-fostering/becoming-a-foster-carer/;11;0.06;0.60;57.00;1;1.00,0.84,0.11,0.68,0.84,0.52,0.68,0.68,0.84,0.84,0.84,0.37
emergency foster care uk;1;1;90;2.35;https://www.nationalfosteringgroup.co.uk/thinking-about-fostering/types-of-foster-care/emergency-foster-care/;11;0.06;0.62;8.00;1;0.52,0.66,0.80,0.42,0.66,0.42,0.33,0.19,0.23,0.33,0.33,0.42
fostering birmingham;3;3;390;0.24;https://www.nationalfosteringgroup.co.uk/find-our-agencies/fostering-in-birmingham/;11;0.06;0.18;26.00;0;0.08,0.36,0.36,0.30,0.36,0.36,0.36,0.30,0.45,0.45,0.24,0.24
nfg charms login;3;3;140;0.00;https://www.nationalfosteringgroup.co.uk/;11;0.06;0.01;8.00;3;0.34,0.34,0.12,0.43,0.43,0.43,0.81,1.00,0.65,0.53,0.28,0.28
how much do foster parents get paid uk weekly;1;1;140;1.32;https://www.nationalfosteringgroup.co.uk/thinking-about-fostering/support-and-benefits/financial-support/fostering-allowance/;11;0.06;0.66;22.00;1;0.09,0.80,1.00,0.66,0.66,1.00,0.66,0.66,0.66,0.66,0.52,0.52
do you get paid for fostering;2;2;170;1.86;https://www.nationalfosteringgroup.co.uk/thinking-about-fostering/support-and-benefits/financial-support/fostering-allowance/;11;0.06;0.54;18.00;1;0.34,0.65,0.65,0.53,0.65,0.65,0.43,0.53,0.81,0.34,1.00,0.43
how much do you get fostering;1;1;140;1.72;https://www.nationalfosteringgroup.co.uk/thinking-about-fostering/support-and-benefits/financial-support/fostering-allowance/;11;0.06;0.61;17.00;1;0.11,0.65,0.80,0.80,0.65,0.65,1.00,0.34,0.26,0.34,0.26,0.34
fostering allowance;11;11;1600;2.01;https://www.nationalfosteringgroup.co.uk/thinking-about-fostering/support-and-benefits/financial-support/tax-and-foster-care/;11;0.06;0.57;23.00;1;0.54,0.79,0.79,0.66,0.66,0.66,0.54,0.66,0.54,0.54,0.54,0.54
what is therapeutic fostering;2;2;170;1.76;https://www.nationalfosteringgroup.co.uk/thinking-about-fostering/support-and-benefits/training/therapeutic-fostering/;11;0.06;0.55;9.00;1;0.15,0.65,0.80,0.65,0.80,1.00,1.00,1.00,0.65,0.53,0.42,0.42
types of foster care;3;3;260;2.12;https://www.nationalfosteringgroup.co.uk/thinking-about-fostering/types-of-foster-care/;11;0.06;0.36;9.00;1;0.54,0.81,0.66,0.81,1.00,0.81,0.54,0.54,0.29,0.29,0.22,0.35
therapeutic foster care;5;5;480;3.05;https://www.nationalfosteringgroup.co.uk/thinking-about-fostering/support-and-benefits/training/therapeutic-fostering/;11;0.06;0.56;12.00;1;0.35,1.00,1.00,1.00,0.81,1.00,0.81,0.81,0.66,0.81,0.81,0.81
foster infants;1;0;90;3.57;https://www.nationalfosteringgroup.co.uk/thinking-about-fostering/types-of-foster-care/fostering-a-baby/;11;0.06;0.65;19.00;1;0.04,0.02,0.04,0.02,0.04,0.02,0.02,0.81,0.00,0.02,1.00,0.02
skills to foster training;3;3;260;1.46;https://www.nationalfosteringgroup.co.uk/thinking-about-fostering/support-and-benefits/training/foundations-to-foster/;11;0.06;0.66;9.00;1;0.43,0.81,1.00,0.81,0.54,0.43,0.43,0.54,0.43,0.43,0.22,0.22
how much do you earn fostering;2;2;170;1.85;https://www.nationalfosteringgroup.co.uk/thinking-about-fostering/support-and-benefits/financial-support/fostering-allowance/;11;0.06;0.56;15.00;1;0.04,0.10,0.10,0.08,0.08,0.07,0.04,0.05,0.04,0.08,0.07,0.05
fostering staying put allowance;2;2;170;2.03;https://www.nationalfosteringgroup.co.uk/thinking-about-fostering/types-of-foster-care/staying-put/;11;0.06;0.33;8.00;1;0.53,1.00,1.00,0.81,0.53,0.65,0.65,0.53,0.34,0.43,0.34,0.34
what does a foster carer get paid;1;1;90;1.41;https://www.nationalfosteringgroup.co.uk/thinking-about-fostering/support-and-benefits/financial-support/fostering-allowance/;11;0.06;0.60;15.00;1;0.64,0.50,0.64,0.50,0.64,0.78,0.50,1.00,0.50,0.64,0.64,0.64
how much do foster parents make uk;1;1;140;1.44;https://www.nationalfosteringgroup.co.uk/thinking-about-fostering/support-and-benefits/financial-support/fostering-allowance/;11;0.06;0.37;17.00;1;0.11,0.28,0.23,0.23,0.28,0.28,0.35,0.23,0.15,0.11,0.15,0.18
how to foster a child uk;4;4;320;0.00;https://www.nationalfosteringgroup.co.uk/thinking-about-fostering/what-is-fostering/;11;0.06;0.00;22.00;1;0.44,0.44,0.29,0.36,0.36,0.29,0.29,0.29,0.29,0.23,0.29,0.29
what is respite foster care;1;1;90;2.09;https://www.nationalfosteringgroup.co.uk/thinking-about-fostering/types-of-foster-care/stayover-care/;11;0.06;0.59;7.00;1;0.64,0.64,0.78,1.00,0.78,0.78,0.64,0.50,0.64,0.64,0.64,0.64
how much do foster parents earn;1;1;140;1.61;https://www.nationalfosteringgroup.co.uk/thinking-about-fostering/support-and-benefits/financial-support/fostering-allowance/;11;0.06;0.54;20.00;1;0.15,0.35,0.15,0.15,0.28,0.18,0.23,0.23,0.28,0.23,0.23,0.23
fostering do you get paid;1;1;140;1.86;https://www.nationalfosteringgroup.co.uk/thinking-about-fostering/support-and-benefits/financial-support/fostering-allowance/;11;0.06;0.54;19.00;1;1.00,0.28,0.35,0.28,0.35,0.43,0.53,0.35,0.28,0.23,0.17,0.23
fostering income;2;2;170;1.57;https://www.nationalfosteringgroup.co.uk/thinking-about-fostering/support-and-benefits/financial-support/fostering-allowance/;11;0.06;0.51;22.00;1;0.52,1.00,1.00,0.80,0.52,0.52,1.00,0.80,0.66,0.66,0.52,0.52
how to become a respite carer;1;1;140;2.92;https://www.nationalfosteringgroup.co.uk/thinking-about-fostering/types-of-foster-care/stayover-care/;11;0.06;0.53;17.00;1;0.41,1.00,1.00,1.00,0.82,0.82,1.00,0.82,0.64,0.64,0.52,0.64
foster child;5;5;480;0.00;https://www.nationalfosteringgroup.co.uk/thinking-about-fostering/types-of-foster-care/long-term-fostering/;11;0.06;0.00;32.00;1;0.20,0.36,0.36,0.36,0.36,0.45,0.36,0.36,0.30,0.36,0.01,0.01
how does fostering work;3;3;260;2.48;https://www.nationalfosteringgroup.co.uk/thinking-about-fostering/what-is-fostering/;11;0.06;0.54;29.00;1;0.23,0.66,0.66,0.66,0.66,0.53,1.00,1.00,0.82,1.00,0.82,0.82
do you get paid to be a foster carer;1;1;90;1.93;https://www.nationalfosteringgroup.co.uk/thinking-about-fostering/support-and-benefits/financial-support/fostering-allowance/;11;0.06;0.62;14.00;1;0.64,0.50,0.50,0.64,0.64,0.78,0.78,0.50,0.64,0.50,0.64,0.50
do foster families get paid;2;2;170;1.52;https://www.nationalfosteringgroup.co.uk/thinking-about-fostering/support-and-benefits/financial-support/fostering-allowance/;11;0.06;0.49;15.00;1;0.65,0.21,0.34,1.00,0.53,0.43,0.53,0.65,0.65,0.65,0.43,0.53
parent and child foster care;2;2;170;0.00;https://www.nationalfosteringgroup.co.uk/thinking-about-fostering/types-of-foster-care/parent-and-child-fostering/;11;0.06;0.00;8.00;1;0.06,0.65,0.81,0.53,0.65,1.00,0.53,0.43,0.43,0.34,0.43,0.65
foster parents uk;4;4;320;5.19;https://www.nationalfosteringgroup.co.uk/thinking-about-fostering/what-is-fostering/;11;0.06;0.68;22.00;1;0.66,0.28,0.66,0.28,0.35,0.44,0.54,0.81,0.81,0.81,0.54,0.54
foster care pay scale uk;3;3;260;0.00;https://www.nationalfosteringgroup.co.uk/thinking-about-fostering/support-and-benefits/financial-support/fostering-allowance/;11;0.06;0.21;22.00;1;0.28,0.54,0.66,0.54,0.44,0.35,0.81,0.35,0.18,0.23,0.18,0.18
foster care salary;2;2;170;2.04;https://www.nationalfosteringgroup.co.uk/thinking-about-fostering/support-and-benefits/financial-support/fostering-allowance/;11;0.06;0.53;22.00;1;0.52,0.80,1.00,0.80,0.80,0.66,0.66,0.66,0.80,0.80,0.66,0.66
how much do you get to be a foster parent;2;2;170;1.72;https://www.nationalfosteringgroup.co.uk/thinking-about-fostering/support-and-benefits/financial-support/fostering-allowance/;11;0.06;0.61;16.00;1;0.66,0.15,0.19,0.15,0.19,0.23,0.36,0.19,0.29,0.15,0.15,0.15
can you work and foster;4;4;320;3.02;https://www.nationalfosteringgroup.co.uk/thinking-about-fostering/who-can-foster/can-you-foster-and-work-full-time/;11;0.06;0.53;18.00;1;0.35,0.66,0.66,0.54,0.54,1.00,0.81,0.81,0.54,0.43,0.54,0.54
is foster care income taxable;2;2;170;1.56;https://www.nationalfosteringgroup.co.uk/thinking-about-fostering/support-and-benefits/financial-support/tax-and-foster-care/;11;0.06;0.15;5.00;1;0.42,0.80,0.80,0.65,0.80,0.80,0.65,0.65,0.53,0.42,0.42,0.53
long term fostering uk;2;2;170;3.01;https://www.nationalfosteringgroup.co.uk/thinking-about-fostering/types-of-foster-care/long-term-fostering/;11;0.06;0.65;9.00;1;0.15,0.44,0.28,0.28,0.35,0.44,0.35,0.28,0.23,0.28,0.18,0.18
can you foster with a criminal record;5;5;390;3.36;https://www.nationalfosteringgroup.co.uk/thinking-about-fostering/who-can-foster/what-can-disqualify-you-from-fostering-a-child/;11;0.06;0.37;8.00;1;0.07,0.16,0.20,0.20,0.16,0.20,0.20,0.16,0.10,0.16,0.10,0.05
how much fostering pays;1;1;90;1.31;https://www.nationalfosteringgroup.co.uk/thinking-about-fostering/support-and-benefits/financial-support/fostering-allowance/;11;0.06;0.61;16.00;1;0.26,0.26,0.34,0.19,0.26,0.15,0.26,0.80,0.19,0.15,0.42,0.26
foster care how much does it pay;2;2;260;1.43;https://www.nationalfosteringgroup.co.uk/thinking-about-fostering/support-and-benefits/financial-support/fostering-allowance/;11;0.06;0.60;19.00;1;0.35,0.43,0.28,0.43,0.66,0.82,0.82,1.00,0.82,0.53,0.82,0.82
fostering manager jobs;2;2;140;0.59;https://www.nationalfosteringgroup.co.uk/careers/work-for-us/social-work/practice-manager/;11;0.06;0.03;10.00;0;0.66,0.42,0.42,0.52,0.66,0.52,0.66,0.42,0.80,0.80,1.00,0.80
can you foster if you smoke;1;1;90;4.31;https://www.nationalfosteringgroup.co.uk/thinking-about-fostering/who-can-foster/can-you-foster-if-you-smoke-or-vape/;11;0.06;0.43;7.00;1;0.81,1.00,0.63,1.00,0.81,1.00,0.81,0.81,0.63,0.63,0.63,0.81
how much are foster parents paid uk;1;1;90;1.29;https://www.nationalfosteringgroup.co.uk/thinking-about-fostering/support-and-benefits/financial-support/fostering-allowance/;11;0.06;0.52;15.00;1;0.34,0.34,0.28,0.28,0.34,0.65,0.34,0.15,0.15,0.21,0.21,0.15
foster care near me;2;2;320;8.34;https://www.nationalfosteringgroup.co.uk/find-our-agencies/;11;0.06;0.60;33.00;3;0.81,1.00,1.00,1.00,0.81,0.81,0.66,0.43,0.43,0.54,0.54,0.43
nfa charms login;3;3;170;0.00;https://www.nationalfosteringgroup.co.uk/;11;0.06;0.01;8.00;3;0.05,0.05,0.04,0.07,0.05,0.05,0.07,0.05,0.03,0.03,0.02,0.01
fostering children uk;3;3;260;0.00;https://www.nationalfosteringgroup.co.uk/thinking-about-fostering/what-is-fostering/;11;0.06;0.00;37.00;1;0.23,0.66,0.66,0.82,0.66,0.66,1.00,1.00,0.82,0.82,0.82,0.82
supervising social worker jobs near me;1;1;90;0.54;https://www.nationalfosteringgroup.co.uk/careers/work-for-us/social-work/supervising-social-worker/;11;0.06;0.11;11.00;3;0.78,0.64,0.35,0.78,0.64,0.64,0.50,0.78,0.50,0.78,0.64,0.78
what do foster carers get paid;2;2;170;1.41;https://www.nationalfosteringgroup.co.uk/thinking-about-fostering/support-and-benefits/financial-support/fostering-allowance/;11;0.06;0.60;16.00;1;0.65,0.65,0.53,0.43,0.43,1.00,0.43,0.53,0.28,0.34,0.43,0.34
independent fostering agencies;7;7;590;4.51;https://www.nationalfosteringgroup.co.uk/;11;0.06;0.71;19.00;0;1.00,1.00,0.81,0.81,0.81,0.81,0.81,0.29,0.36,0.54,0.12,0.12
childrens reward chart;8;8;590;0.24;https://www.nationalfosteringgroup.co.uk/news-and-blog/how-to-use-a-rewards-chart-successfully/;11;0.06;1.00;34.00;1;0.04,0.03,0.03,1.00,0.03,0.07,0.02,0.05,0.05,0.05,0.08,0.03
foster care classes;3;3;260;3.25;https://www.nationalfosteringgroup.co.uk/thinking-about-fostering/support-and-benefits/training/;11;0.06;0.36;21.00;1;0.29,0.15,0.23,1.00,0.66,0.54,0.44,0.44,0.23,0.23,0.15,0.15
fostering allowance taxable;3;3;260;2.08;https://www.nationalfosteringgroup.co.uk/thinking-about-fostering/support-and-benefits/financial-support/tax-and-foster-care/;11;0.06;0.20;7.00;1;0.66,0.82,1.00,0.82,1.00,0.82,1.00,0.35,0.43,0.35,0.35,0.35
difference between foster parent and adoption;5;5;390;0.56;https://www.nationalfosteringgroup.co.uk/thinking-about-fostering/should-i-foster-or-adopt/;11;0.06;0.11;11.00;1;0.10,0.19,0.54,1.00,1.00,0.67,0.54,0.29,0.36,0.15,0.29,0.36
how much does it pay to be a foster parent;2;2;170;1.46;https://www.nationalfosteringgroup.co.uk/thinking-about-fostering/support-and-benefits/financial-support/fostering-allowance/;11;0.06;0.56;16.00;1;1.00,0.23,0.28,0.28,0.23,0.28,0.15,0.23,0.18,0.18,0.11,0.15
what are foster parents;2;2;170;2.40;https://www.nationalfosteringgroup.co.uk/thinking-about-fostering/what-is-fostering/;11;0.06;0.19;24.00;1;0.52,1.00,1.00,0.80,1.00,1.00,0.66,0.80,0.52,0.66,0.52,0.80
how does foster care work;2;2;170;2.48;https://www.nationalfosteringgroup.co.uk/thinking-about-fostering/what-is-fostering/;11;0.06;0.54;26.00;1;0.42,0.80,1.00,0.80,0.42,0.53,0.80,0.65,0.53,0.65,0.53,0.65
foster parent salary uk;2;2;170;1.83;https://www.nationalfosteringgroup.co.uk/thinking-about-fostering/support-and-benefits/financial-support/fostering-allowance/;11;0.06;0.68;27.00;1;0.81,0.81,0.81,0.43,0.43,0.43,0.53,0.43,0.53,0.34,0.34,0.53
foster vs adopt;7;7;480;0.86;https://www.nationalfosteringgroup.co.uk/thinking-about-fostering/should-i-foster-or-adopt/;11;0.06;0.12;15.00;0,1;0.29,0.36,0.44,0.54,1.00,1.00,0.81,0.44,0.29,0.36,0.23,0.29
foster parent pay;2;2;1000;1.83;https://www.nationalfosteringgroup.co.uk/thinking-about-fostering/support-and-benefits/financial-support/fostering-allowance/;10;0.06;0.57;25.00;1;0.68,0.68,0.16,0.84,0.68,0.52,0.46,0.37,0.37,0.68,0.13,0.37
fostering scotland;8;8;480;4.69;https://www.nationalfosteringgroup.co.uk/find-our-agencies/fostering-in-scotland/;10;0.06;0.71;22.00;1;0.66,0.66,0.66,0.66,0.66,0.66,0.66,0.66,0.81,0.81,0.66,0.66
foster care agency;6;6;480;8.57;https://www.nationalfosteringgroup.co.uk/;10;0.06;0.23;47.00;0;0.12,0.54,0.44,0.44,0.44,0.81,0.81,1.00,0.54,0.36,0.12,0.54
how much do foster carers get paid uk;2;2;720;1.52;https://www.nationalfosteringgroup.co.uk/thinking-about-fostering/support-and-benefits/financial-support/fostering-allowance/;10;0.06;0.56;26.00;1;0.59,1.00,1.00,1.00,0.72,0.72,0.59,0.72,0.88,0.72,0.59,0.59
foster care jobs;4;4;390;3.76;https://www.nationalfosteringgroup.co.uk/careers/job-vacancies/;9;0.05;0.55;17.00;0;0.54,0.81,1.00,1.00,0.66,0.66,0.44,0.66,0.54,0.44,0.66,0.54
bridging payment;3;3;210;17.75;https://www.nationalfosteringgroup.co.uk/thinking-about-fostering/support-and-benefits/financial-support/fostering-allowance/bridging-retainer-payments/;9;0.05;0.26;13.00;1;0.01,0.03,0.03,0.03,0.03,0.03,0.03,0.03,0.03,0.02,0.02,0.03
fostering north west;1;1;210;12.97;https://www.nationalfosteringgroup.co.uk/fostering-solutions/north-west/;9;0.05;0.68;14.00;0;0.07,0.23,0.29,0.36,0.36,0.29,0.36,0.29,0.19,0.23,0.12,0.12
foster care uk pay;4;4;390;1.83;https://www.nationalfosteringgroup.co.uk/thinking-about-fostering/support-and-benefits/financial-support/fostering-allowance/;9;0.05;0.62;16.00;1;0.45,0.45,0.36,0.20,0.30,0.24,0.24,0.16,0.20,0.45,0.20,0.16
fostering payments;9;9;480;1.88;https://www.nationalfosteringgroup.co.uk/thinking-about-fostering/support-and-benefits/financial-support/fostering-allowance/;9;0.05;0.66;20.00;1;0.32,0.72,0.48,0.72,0.32,0.26,0.59,1.00,0.21,0.21,0.21,0.21
foster care money;1;1;110;1.72;https://www.nationalfosteringgroup.co.uk/thinking-about-fostering/support-and-benefits/financial-support/fostering-allowance/;9;0.05;0.58;17.00;1;0.66,0.66,0.80,0.80,0.33,0.33,0.42,0.33,0.33,0.33,0.33,0.33
foster care social worker jobs;4;4;260;0.92;https://www.nationalfosteringgroup.co.uk/careers/work-for-us/social-work/supervising-social-worker/;9;0.05;0.11;10.00;0;0.43,0.14,0.35,0.81,0.66,0.54,0.54,0.66,0.66,0.81,0.43,0.81
fostering criteria england;3;3;210;3.42;https://www.nationalfosteringgroup.co.uk/thinking-about-fostering/who-can-foster/;9;0.05;0.59;17.00;1;0.35,0.23,0.28,1.00,0.82,1.00,0.66,0.53,0.35,0.35,0.28,0.28
foster parent single;4;4;210;5.50;https://www.nationalfosteringgroup.co.uk/thinking-about-fostering/who-can-foster/can-you-be-a-single-foster-parent/;9;0.05;0.51;9.00;1;0.29,0.14,0.22,0.81,1.00,0.81,0.66,0.54,0.04,0.14,0.06,0.08
can i foster a child;3;3;210;0.00;https://www.nationalfosteringgroup.co.uk/thinking-about-fostering/what-is-fostering/;9;0.05;0.00;22.00;1;0.23,0.53,0.66,0.66,0.53,0.43,1.00,0.66,0.43,0.43,0.43,0.53
how much do foster carers earn;4;4;260;1.61;https://www.nationalfosteringgroup.co.uk/thinking-about-fostering/support-and-benefits/financial-support/fostering-allowance/;9;0.05;0.54;18.00;1;0.44,0.54,0.44,0.54,0.44,0.44,0.35,0.44,0.66,0.44,0.44,0.35
foster care system;2;2;140;3.19;https://www.nationalfosteringgroup.co.uk/thinking-about-fostering/what-is-fostering/;9;0.05;0.33;34.00;1;0.52,0.80,1.00,1.00,0.80,0.66,0.66,0.66,0.52,0.66,0.52,0.52
can you foster as a single parent;3;3;390;4.25;https://www.nationalfosteringgroup.co.uk/thinking-about-fostering/who-can-foster/can-you-be-a-single-foster-parent/;9;0.05;0.57;7.00;1;0.66,1.00,1.00,1.00,1.00,1.00,1.00,1.00,0.82,0.82,1.00,1.00
how to become a foster carer for babies;2;2;140;0.00;https://www.nationalfosteringgroup.co.uk/thinking-about-fostering/types-of-foster-care/fostering-a-baby/;9;0.05;0.00;18.00;1;0.00,0.26,0.34,0.53,0.65,0.80,1.00,0.80,0.34,0.42,0.34,0.42
foster carer pay uk;3;3;210;1.72;https://www.nationalfosteringgroup.co.uk/thinking-about-fostering/support-and-benefits/financial-support/fostering-allowance/;9;0.05;0.56;22.00;1;0.26,0.80,1.00,0.80,0.80,0.80,0.80,0.80,0.65,0.65,0.65,0.65
can you foster as a single person;2;2;140;4.25;https://www.nationalfosteringgroup.co.uk/thinking-about-fostering/who-can-foster/can-you-be-a-single-foster-parent/;9;0.05;0.57;11.00;1;0.53,0.15,0.15,1.00,0.21,0.43,0.53,0.65,0.28,0.28,0.28,0.28
how much do you receive for fostering;2;2;140;1.68;https://www.nationalfosteringgroup.co.uk/thinking-about-fostering/support-and-benefits/financial-support/fostering-allowance/;9;0.05;0.66;15.00;1;0.28,0.28,0.28,0.35,0.35,0.28,0.18,0.23,0.23,0.11,0.15,0.15
how much do foster care parents get paid;2;2;140;1.31;https://www.nationalfosteringgroup.co.uk/thinking-about-fostering/support-and-benefits/financial-support/fostering-allowance/;9;0.05;0.56;18.00;1;0.01,0.06,0.06,0.20,0.08,0.08,0.10,0.06,0.13,0.10,0.06,0.06
what are foster parents not allowed to do uk;4;4;320;3.52;https://www.nationalfosteringgroup.co.uk/thinking-about-fostering/who-can-foster/what-can-disqualify-you-from-fostering-a-child/;9;0.05;0.11;13.00;1;0.43,1.00,1.00,1.00,0.54,0.66,0.66,0.66,0.43,0.43,0.22,0.22
fostering birmingham uk;4;4;260;7.94;https://www.nationalfosteringgroup.co.uk/find-our-agencies/fostering-in-birmingham/;9;0.05;0.29;23.00;0;0.81,1.00,0.22,0.66,0.66,0.35,0.08,0.35,1.00,0.81,0.43,0.54
foster a child uk;3;3;210;0.00;https://www.nationalfosteringgroup.co.uk/thinking-about-fostering/what-is-fostering/;9;0.05;0.00;35.00;1;0.53,0.80,0.80,0.65,0.65,0.65,0.80,0.80,0.80,1.00,0.80,1.00
fostering;23;23;6600;6.09;https://www.nationalfosteringgroup.co.uk/thinking-about-fostering/types-of-foster-care/short-term-fostering/;9;0.05;0.44;34.00;1;0.44,0.44,0.66,0.81,0.66,0.44,1.00,0.54,0.66,0.36,0.81,0.36
transfer fostering agency;2;2;210;0.00;https://www.nationalfosteringgroup.co.uk/transfer-to-us/;9;0.05;0.06;8.00;1;0.09,0.81,0.65,1.00,1.00,1.00,1.00,0.65,0.65,0.81,0.34,0.34
foster care meaning uk;2;2;140;1.38;https://www.nationalfosteringgroup.co.uk/thinking-about-fostering/what-is-fostering/;9;0.05;0.17;27.00;1;0.42,0.66,1.00,1.00,0.66,0.66,0.66,0.66,0.66,0.66,0.52,0.52
parent and child foster parent;3;3;140;0.00;https://www.nationalfosteringgroup.co.uk/thinking-about-fostering/types-of-foster-care/parent-and-child-fostering/;9;0.05;0.00;8.00;1;0.04,0.80,0.80,0.80,1.00,1.00,1.00,0.66,0.33,0.23,0.33,0.52
how to become foster parents;6;6;390;7.20;https://www.nationalfosteringgroup.co.uk/thinking-about-fostering/becoming-a-foster-carer/;9;0.05;0.63;28.00;1;0.19,0.66,0.66,0.81,0.66,0.44,0.66,0.44,1.00,0.36,0.36,0.44
fostering team manager jobs;2;2;110;1.03;https://www.nationalfosteringgroup.co.uk/careers/work-for-us/social-work/practice-manager/;9;0.05;0.06;8.00;0;1.00,0.52,0.52,0.52,0.52,0.52,0.52,0.66,0.42,0.52,0.66,0.52
fostering children;9;9;1300;4.74;https://www.nationalfosteringgroup.co.uk/thinking-about-fostering/what-is-fostering/;9;0.05;0.62;32.00;1;0.19,0.19,0.19,0.19,0.13,0.28,0.36,0.15,0.15,0.15,0.13,0.13
foster carer requirements;3;3;210;3.74;https://www.nationalfosteringgroup.co.uk/thinking-about-fostering/who-can-foster/;9;0.05;0.54;20.00;1;0.43,0.81,0.65,0.81,0.81,1.00,1.00,0.81,0.65,0.43,0.43,0.53
foster to adopt payments uk;2;2;140;0.00;https://www.nationalfosteringgroup.co.uk/thinking-about-fostering/support-and-benefits/financial-support/fostering-allowance/;9;0.05;0.17;22.00;1;0.23,0.29,0.29,0.19,0.10,0.15,0.12,0.10,0.04,0.04,0.07,0.05
fostering in blackpool;3;3;140;10.11;https://www.nationalfosteringgroup.co.uk/find-our-agencies/fostering-in-blackpool/;9;0.05;0.04;8.00;1;0.14,0.66,0.66,0.80,0.80,1.00,1.00,0.80,0.66,0.80,0.52,0.66
can i foster as a single person;2;2;140;3.13;https://www.nationalfosteringgroup.co.uk/thinking-about-fostering/who-can-foster/can-you-be-a-single-foster-parent/;9;0.05;0.52;11.00;1;0.34,0.21,0.21,1.00,1.00,1.00,0.53,0.53,0.34,0.21,0.21,0.15
foster family pay;3;3;210;1.83;https://www.nationalfosteringgroup.co.uk/thinking-about-fostering/support-and-benefits/financial-support/fostering-allowance/;9;0.05;0.57;18.00;1;0.00,0.08,0.10,0.10,0.20,0.20,0.20,0.08,0.08,0.06,0.45,0.10
private fostering agencies in north west;1;1;140;0.00;https://www.nationalfosteringgroup.co.uk/fostering-solutions/north-west/;9;0.05;0.00;16.00;0;0.03,0.42,0.53,0.53,0.65,1.00,1.00,0.80,0.42,0.34,0.34,0.26
best fostering agency uk;1;1;260;9.85;https://www.nationalfosteringgroup.co.uk/;9;0.05;0.82;34.00;1;0.35,0.54,0.81,0.66,0.66,0.66,0.81,1.00,0.43,0.43,0.22,0.54
weekend fostering;2;2;140;3.92;https://www.nationalfosteringgroup.co.uk/thinking-about-fostering/types-of-foster-care/stayover-care/;9;0.05;0.64;9.00;1;0.15,0.23,0.18,0.23,0.28,0.28,0.44,0.28,0.18,0.18,0.11,0.11
foster care salary uk;3;3;210;1.72;https://www.nationalfosteringgroup.co.uk/thinking-about-fostering/support-and-benefits/financial-support/fostering-allowance/;9;0.05;0.56;22.00;1;0.35,0.28,0.28,0.66,0.35,0.35,0.66,0.28,0.28,0.54,0.23,0.35
foster agency;7;7;480;7.89;https://www.nationalfosteringgroup.co.uk/;9;0.05;0.48;45.00;0;0.44,0.66,0.66,1.00,0.66,0.81,0.66,0.44,0.36,0.66,0.44,0.54
types of foster homes;3;3;210;2.12;https://www.nationalfosteringgroup.co.uk/thinking-about-fostering/types-of-foster-care/;9;0.05;0.36;9.00;1;0.29,0.14,0.22,0.66,1.00,0.66,0.54,0.54,0.22,0.29,0.14,0.14
fostering burnley;3;3;210;6.59;https://www.nationalfosteringgroup.co.uk/find-our-agencies/fostering-in-burnley/;9;0.05;0.03;5.00;1;0.02,0.15,0.29,0.23,0.29,0.36,0.29,0.29,0.29,0.23,0.29,0.29
fostering unaccompanied minors;2;2;110;0.00;https://www.nationalfosteringgroup.co.uk/thinking-about-fostering/types-of-foster-care/fostering-unaccompanied-children/;9;0.05;0.29;8.00;1;0.00,0.04,0.05,0.04,0.05,0.05,0.05,0.05,0.04,0.04,0.03,0.02
fostering nottingham;5;5;260;9.94;https://www.nationalfosteringgroup.co.uk/find-our-agencies/fostering-in-nottingham/;9;0.05;0.63;23.00;1;0.34,1.00,1.00,1.00,1.00,1.00,0.81,0.65,0.65,0.65,0.65,0.43
can i foster;5;5;320;5.97;https://www.nationalfosteringgroup.co.uk/thinking-about-fostering/can-i-foster-quiz/;9;0.05;0.64;22.00;1;0.18,0.81,1.00,0.81,0.66,0.81,0.81,0.66,0.54,0.44,0.18,0.18
how much do you get paid for fostering uk;2;2;140;1.28;https://www.nationalfosteringgroup.co.uk/thinking-about-fostering/support-and-benefits/financial-support/fostering-allowance/;9;0.05;0.42;16.00;1;0.42,0.26,0.80,1.00,0.80,0.53,0.65,0.80,0.42,0.34,0.42,0.34
foster care birmingham uk;3;3;260;7.94;https://www.nationalfosteringgroup.co.uk/find-our-agencies/fostering-in-birmingham/;9;0.05;0.29;39.00;0;0.05,0.28,0.35,0.23,0.23,0.54,0.35,0.35,0.81,0.81,0.66,0.54
foster care requirements;7;7;390;3.42;https://www.nationalfosteringgroup.co.uk/thinking-about-fostering/who-can-foster/;9;0.05;0.66;18.00;1;0.81,0.81,0.81,0.66,0.81,1.00,0.81,0.44,0.54,0.54,0.54,0.54
foster family uk;2;2;140;5.18;https://www.nationalfosteringgroup.co.uk/thinking-about-fostering/what-is-fostering/;9;0.05;0.64;30.00;1;0.15,0.19,0.12,0.12,0.12,0.12,0.09,0.15,0.15,0.12,0.19,0.54
fostering in the uk;5;5;390;5.18;https://www.nationalfosteringgroup.co.uk/thinking-about-fostering/what-is-fostering/;8;0.05;0.64;41.00;2;0.55,0.24,0.30,0.20,0.20,0.24,0.24,0.20,0.20,0.16,0.16,0.24
fostering payments uk;8;8;390;1.83;https://www.nationalfosteringgroup.co.uk/thinking-about-fostering/support-and-benefits/financial-support/fostering-allowance/;8;0.05;0.62;17.00;1;0.44,0.54,0.67,0.36,0.44,0.44,0.36,0.36,0.44,0.36,0.23,0.29
foster homes uk;4;4;390;5.19;https://www.nationalfosteringgroup.co.uk/thinking-about-fostering/what-is-fostering/;8;0.05;0.68;38.00;1;0.20,0.20,0.30,0.16,0.30,0.16,0.13,0.03,0.45,0.30,0.04,0.45
foster care;19;32;5400;5.67;https://www.nationalfosteringgroup.co.uk/thinking-about-fostering/types-of-foster-care/long-term-fostering/;8;0.05;0.61;33.00;1;0.36,0.24,0.66,0.29,0.29,0.24,1.00,0.29,0.24,0.24,0.24,0.36
foster care;20;32;5400;5.67;https://www.nationalfosteringgroup.co.uk/thinking-about-fostering/types-of-foster-care/long-term-fostering/;8;0.05;0.61;33.00;1;0.36,0.24,0.66,0.29,0.29,0.24,1.00,0.29,0.24,0.24,0.24,0.36
foster track;4;4;170;0.00;https://www.nationalfosteringgroup.co.uk/fast-track-application-process/;7;0.04;0.03;16.00;1;0.35,0.54,0.43,0.54,0.43,0.35,0.35,0.35,0.43,0.35,0.29,0.29
foster home jobs;2;2;210;3.76;https://www.nationalfosteringgroup.co.uk/careers/job-vacancies/;7;0.04;0.55;16.00;0;0.81,0.21,0.53,0.15,0.15,0.81,0.81,1.00,0.81,1.00,0.65,1.00
foster carer pay;11;11;1000;1.88;https://www.nationalfosteringgroup.co.uk/thinking-about-fostering/support-and-benefits/financial-support/fostering-allowance/;7;0.04;0.66;15.00;1;0.44,0.44,0.34,0.34,0.34,0.34,0.34,0.30,0.24,0.24,0.44,0.30
birmingham fostering agencies;5;5;320;7.56;https://www.nationalfosteringgroup.co.uk/find-our-agencies/fostering-in-birmingham/;7;0.04;0.35;27.00;0;0.43,0.43,0.43,0.66,0.81,1.00,1.00,1.00,0.66,0.54,0.22,0.22
define foster family;1;1;90;2.53;https://www.nationalfosteringgroup.co.uk/thinking-about-fostering/what-is-fostering/;7;0.04;0.08;27.00;1;0.82,0.82,0.64,0.52,0.29,0.52,0.41,0.64,0.52,0.41,0.41,0.41
fostering tax allowance;3;3;320;1.62;https://www.nationalfosteringgroup.co.uk/thinking-about-fostering/support-and-benefits/financial-support/tax-and-foster-care/;7;0.04;0.21;11.00;1;0.54,0.66,0.66,0.81,0.81,0.81,0.81,1.00,0.54,0.43,0.35,0.54
foster carer discounts;2;2;110;0.97;https://www.nationalfosteringgroup.co.uk/thinking-about-fostering/support-and-benefits/carer-benefits-and-perks/;7;0.04;0.23;9.00;1;0.23,0.66,0.66,0.52,0.66,0.66,0.80,1.00,0.42,0.33,0.33,0.33
fostering jobs scotland;2;0;90;2.00;https://www.nationalfosteringgroup.co.uk/careers/job-vacancies/;7;0.04;0.05;11.00;0;0.07,1.00,0.19,0.19,0.26,0.19,0.53,0.11,0.53,0.42,0.19,0.19
how much do you get for fostering uk;1;1;90;1.67;https://www.nationalfosteringgroup.co.uk/thinking-about-fostering/support-and-benefits/financial-support/fostering-allowance/;7;0.04;0.63;20.00;1;0.64,1.00,1.00,1.00,0.64,0.50,0.64,0.50,0.50,0.35,0.35,0.50
fostering meaning;6;6;2400;1.77;https://www.nationalfosteringgroup.co.uk/thinking-about-fostering/what-is-fostering/;7;0.04;0.02;36.00;1;0.54,0.28,0.36,0.28,0.36,0.36,0.28,0.28,0.66,0.24,0.28,0.24
what is emergency foster care;2;2;110;2.85;https://www.nationalfosteringgroup.co.uk/thinking-about-fostering/types-of-foster-care/emergency-foster-care/;7;0.04;0.33;9.00;1;0.07,0.53,0.53,0.53,0.53,0.80,0.65,0.65,0.34,0.26,0.42,0.26
who can foster;3;3;170;3.31;https://www.nationalfosteringgroup.co.uk/thinking-about-fostering/who-can-foster/;7;0.04;0.52;17.00;1;0.12,0.53,0.66,0.53,0.43,0.43,0.66,0.66,0.43,0.43,0.28,0.28
criteria for fostering uk;4;4;210;3.42;https://www.nationalfosteringgroup.co.uk/thinking-about-fostering/who-can-foster/;7;0.04;0.59;19.00;1;0.35,0.23,0.28,1.00,1.00,1.00,0.66,0.53,0.35,0.35,0.28,0.28
what is foster;4;4;210;2.08;https://www.nationalfosteringgroup.co.uk/thinking-about-fostering/what-is-fostering/;7;0.04;0.18;17.00;1;0.05,0.26,0.32,0.21,0.21,0.26,0.32,0.14,0.26,0.17,0.32,0.32
foster sibling;2;2;110;3.30;https://www.nationalfosteringgroup.co.uk/thinking-about-fostering/types-of-foster-care/fostering-siblings/;7;0.04;0.35;8.00;1;0.33,0.42,0.42,1.00,1.00,1.00,1.00,0.52,0.42,0.42,0.42,0.33
respite for foster carers;1;1;90;4.45;https://www.nationalfosteringgroup.co.uk/thinking-about-fostering/types-of-foster-care/stayover-care/;7;0.04;0.50;7.00;1;0.26,0.53,0.80,0.53,0.19,0.34,0.26,0.34,0.19,0.26,0.19,0.19
foster parents adoption;8;8;320;1.09;https://www.nationalfosteringgroup.co.uk/thinking-about-fostering/should-i-foster-or-adopt/;7;0.04;0.45;23.00;1;0.81,0.66,0.81,0.81,0.54,0.54,0.44,0.54,0.44,0.00,0.00,0.00
fostering allowance birmingham;4;4;210;1.56;https://www.nationalfosteringgroup.co.uk/find-our-agencies/fostering-in-birmingham/;7;0.04;0.12;15.00;1;0.05,0.66,0.66,0.53,0.53,0.66,0.82,0.66,1.00,0.43,0.28,0.28
foster care scotland;8;8;390;4.70;https://www.nationalfosteringgroup.co.uk/find-our-agencies/fostering-in-scotland/;7;0.04;0.68;23.00;1;1.00,0.66,0.54,0.44,0.66,0.66,0.44,0.44,0.54,0.54,0.44,0.44
putting a teenager in foster care uk;2;2;110;0.00;https://www.nationalfosteringgroup.co.uk/thinking-about-fostering/types-of-foster-care/fostering-teenagers/;7;0.04;0.66;9.00;1;0.43,0.53,0.43,0.43,0.34,0.34,0.53,0.43,0.15,0.12,0.15,0.15
what does fostering mean;3;3;170;5.11;https://www.nationalfosteringgroup.co.uk/thinking-about-fostering/what-is-fostering/;7;0.04;0.02;33.00;1;0.53,0.65,0.65,0.81,0.65,0.53,0.53,0.65,0.53,0.53,0.65,0.28
how much do you earn from fostering;1;1;90;1.85;https://www.nationalfosteringgroup.co.uk/thinking-about-fostering/support-and-benefits/financial-support/fostering-allowance/;7;0.04;0.56;17.00;1;0.12,0.35,0.43,0.43,0.17,0.17,0.17,0.17,0.17,0.12,0.17,0.17
foster carer income;2;2;110;1.69;https://www.nationalfosteringgroup.co.uk/thinking-about-fostering/support-and-benefits/financial-support/fostering-allowance/;7;0.04;0.51;16.00;1;0.78,0.78,0.78,0.64,0.64,1.00,0.78,0.64,0.78,0.78,0.78,0.78
fostering in coventry;2;2;210;8.68;https://www.nationalfosteringgroup.co.uk/find-our-agencies/fostering-in-coventry/;7;0.04;0.21;19.00;2;0.53,0.53,0.53,0.43,0.53,0.53,0.81,0.81,1.00,0.43,0.65,0.81
foster carer benefits;2;2;110;1.97;https://www.nationalfosteringgroup.co.uk/thinking-about-fostering/support-and-benefits/carer-benefits-and-perks/;7;0.04;0.40;16.00;1;0.23,0.82,0.64,0.64,0.64,0.52,0.82,1.00,0.64,0.64,0.64,0.64
foster uk;7;7;320;5.18;https://www.nationalfosteringgroup.co.uk/thinking-about-fostering/what-is-fostering/;7;0.04;0.64;47.00;2;0.13,0.24,0.24,0.16,0.13,0.20,0.24,0.20,0.20,0.30,0.16,0.20
fostering england;5;5;260;5.18;https://www.nationalfosteringgroup.co.uk/thinking-about-fostering/what-is-fostering/;7;0.04;0.64;47.00;1;0.10,0.16,0.16,0.13,0.13,0.16,0.13,0.13,0.76,0.10,0.13,0.13
how much can you earn as a foster carer;2;2;110;1.89;https://www.nationalfosteringgroup.co.uk/thinking-about-fostering/support-and-benefits/financial-support/fostering-allowance/;7;0.04;0.62;16.00;1;0.14,0.64,1.00,1.00,0.78,0.64,0.78,0.78,0.78,0.78,0.64,0.64
long term foster care vs adoption;2;2;110;1.13;https://www.nationalfosteringgroup.co.uk/thinking-about-fostering/should-i-foster-or-adopt/;7;0.04;0.33;6.00;1;0.80,1.00,0.80,0.65,0.34,0.42,0.34,0.34,0.19,0.26,0.34,0.26
social work jobs fostering;2;2;90;1.09;https://www.nationalfosteringgroup.co.uk/careers/work-for-us/social-work/supervising-social-worker/;7;0.04;0.13;7.00;0;0.23,0.17,1.00,0.82,0.41,0.29,0.52,0.41,0.64,0.29,0.52,0.41
sticker chart reward system;7;7;320;0.30;https://www.nationalfosteringgroup.co.uk/news-and-blog/how-to-use-a-rewards-chart-successfully/;7;0.04;1.00;27.00;1;0.81,1.00,0.66,1.00,0.81,0.81,0.43,0.81,0.66,0.66,0.54,0.54
single parent foster care;4;4;210;5.50;https://www.nationalfosteringgroup.co.uk/thinking-about-fostering/who-can-foster/can-you-be-a-single-foster-parent/;7;0.04;0.51;8.00;1;0.29,0.14,0.22,0.81,1.00,0.81,0.66,0.54,0.14,0.14,0.14,0.14
fostering agency walsall;3;3;260;0.00;https://www.nationalfosteringgroup.co.uk/find-our-agencies/fostering-in-walsall/;7;0.04;0.33;17.00;0;0.03,0.23,0.23,0.28,0.44,0.54,0.81,0.81,1.00,0.66,0.18,0.18
can i foster if i work full time;2;2;110;4.93;https://www.nationalfosteringgroup.co.uk/thinking-about-fostering/who-can-foster/can-you-foster-and-work-full-time/;7;0.04;0.60;13.00;1;0.23,0.35,0.53,0.66,0.23,0.17,0.23,0.17,0.17,0.17,0.17,0.17
salary of a foster parent;1;1;90;1.57;https://www.nationalfosteringgroup.co.uk/thinking-about-fostering/support-and-benefits/financial-support/fostering-allowance/;7;0.04;0.51;29.00;1;0.64,0.29,0.64,1.00,0.64,0.41,0.52,0.64,0.52,0.52,0.52,0.41
how much does a foster carer earn;2;2;110;1.61;https://www.nationalfosteringgroup.co.uk/thinking-about-fostering/support-and-benefits/financial-support/fostering-allowance/;7;0.04;0.54;16.00;1;0.28,0.78,0.78,1.00,0.78,0.78,1.00,0.64,0.64,0.64,0.64,1.00
foster carer wage;2;2;110;2.01;https://www.nationalfosteringgroup.co.uk/thinking-about-fostering/support-and-benefits/financial-support/fostering-allowance/;7;0.04;0.57;19.00;1;0.28,0.43,0.66,0.43,0.28,0.23,0.28,0.23,0.17,0.17,0.17,0.23
how to be a foster carer;4;4;260;7.08;https://www.nationalfosteringgroup.co.uk/thinking-about-fostering/becoming-a-foster-carer/;7;0.04;0.62;21.00;1;0.66,0.66,0.82,1.00,0.82,0.82,0.82,0.66,0.53,0.53,0.43,0.53
how much money for fostering;2;2;110;1.10;https://www.nationalfosteringgroup.co.uk/thinking-about-fostering/support-and-benefits/financial-support/fostering-allowance/;7;0.04;0.47;16.00;1;0.52,0.80,0.80,1.00,0.66,0.66,0.52,0.33,0.23,0.23,0.33,0.23
short term foster parent;2;2;170;3.49;https://www.nationalfosteringgroup.co.uk/thinking-about-fostering/types-of-foster-care/short-term-fostering/;7;0.04;0.34;11.00;1;0.35,0.35,0.35,1.00,0.43,0.66,0.43,0.35,0.23,0.53,0.23,0.23
can you be a foster carer and work;2;2;90;3.02;https://www.nationalfosteringgroup.co.uk/thinking-about-fostering/who-can-foster/can-you-foster-and-work-full-time/;7;0.04;0.53;11.00;1;0.66,0.33,0.33,0.42,0.52,0.66,0.52,0.52,0.66,0.23,0.42,0.42
fostering jobs near me;2;2;90;5.09;https://www.nationalfosteringgroup.co.uk/careers/job-vacancies/;7;0.04;0.60;15.00;3;0.50,0.78,0.78,0.78,0.78,1.00,0.64,0.64,0.50,0.28,0.64,0.35
nfa uk;2;2;110;0.00;https://www.nationalfosteringgroup.co.uk/;7;0.04;0.33;19.00;1;0.42,0.42,0.42,0.42,0.34,0.34,0.65,0.42,0.34,0.53,0.42,0.53
fostering courses;3;3;170;4.65;https://www.nationalfosteringgroup.co.uk/thinking-about-fostering/support-and-benefits/training/;7;0.04;0.66;11.00;1;0.28,0.53,0.65,0.65,1.00,0.65,0.53,0.65,0.21,0.34,0.34,0.34
best fostering agency near me;2;2;260;9.99;https://www.nationalfosteringgroup.co.uk/find-our-agencies/;7;0.04;0.68;18.00;3;0.08,0.54,0.81,0.66,0.66,1.00,0.81,1.00,0.43,0.29,0.22,0.22
how much does foster care pay uk;2;2;110;1.62;https://www.nationalfosteringgroup.co.uk/thinking-about-fostering/support-and-benefits/financial-support/fostering-allowance/;7;0.04;0.52;18.00;1;0.66,0.66,0.66,0.66,0.52,0.80,1.00,0.33,0.33,0.33,0.33,0.42
foster care tax allowance;3;3;170;1.62;https://www.nationalfosteringgroup.co.uk/thinking-about-fostering/support-and-benefits/financial-support/tax-and-foster-care/;7;0.04;0.21;12.00;1;0.26,0.65,0.65,1.00,0.65,0.65,0.80,1.00,0.65,0.65,0.65,0.53
fostercare;6;6;320;5.91;https://www.nationalfosteringgroup.co.uk/thinking-about-fostering/what-is-fostering/;7;0.04;0.61;42.00;1;0.04,0.13,0.16,0.20,0.31,0.16,0.13,0.31,0.16,0.11,0.13,0.13
foster care training courses;4;4;210;3.53;https://www.nationalfosteringgroup.co.uk/thinking-about-fostering/support-and-benefits/training/;7;0.04;0.55;16.00;1;0.15,0.65,1.00,0.81,1.00,1.00,1.00,0.81,0.53,0.65,0.34,0.34
hmrc fostering tax allowance;3;3;210;0.00;https://www.nationalfosteringgroup.co.uk/thinking-about-fostering/support-and-benefits/financial-support/tax-and-foster-care/;7;0.04;0.33;15.00;1;0.65,1.00,0.81,1.00,0.65,0.65,0.53,0.65,0.34,0.34,0.34,0.34
foster parent;3;3;720;4.72;https://www.nationalfosteringgroup.co.uk/thinking-about-fostering/what-is-fostering/;7;0.04;0.55;41.00;1,2;0.59,0.72,0.59,0.72,0.88,0.59,0.72,0.72,0.72,0.72,0.59,0.72
how much do you get to foster a child uk;2;2;110;0.00;https://www.nationalfosteringgroup.co.uk/thinking-about-fostering/support-and-benefits/financial-support/fostering-allowance/;7;0.04;0.00;18.00;1;0.52,1.00,1.00,0.82,0.52,0.52,0.64,0.64,0.64,0.52,0.05,0.64
fostering salary uk;2;2;210;1.62;https://www.nationalfosteringgroup.co.uk/thinking-about-fostering/support-and-benefits/financial-support/fostering-allowance/;7;0.04;0.59;21.00;1;0.18,0.54,0.54,0.54,0.35,0.28,0.66,0.35,0.18,0.18,0.18,0.18
foster pay;4;4;210;1.83;https://www.nationalfosteringgroup.co.uk/thinking-about-fostering/support-and-benefits/financial-support/fostering-allowance/;7;0.04;0.57;22.00;1;0.15,0.23,0.23,0.23,0.36,0.15,0.23,0.19,1.00,0.54,0.15,0.15
emergency fostering pay;1;1;90;1.76;https://www.nationalfosteringgroup.co.uk/thinking-about-fostering/types-of-foster-care/emergency-foster-care/;7;0.04;0.78;0.0;1;0.41,0.52,0.52,0.64,0.52,1.00,0.82,0.23,0.29,0.41,0.52,0.52
private foster care agencies;1;1;210;6.32;https://www.nationalfosteringgroup.co.uk/find-our-agencies/;7;0.04;0.48;41.00;0;0.26,1.00,0.65,0.80,1.00,1.00,0.42,0.65,0.65,0.80,0.80,0.65
foster care training;7;7;590;3.25;https://www.nationalfosteringgroup.co.uk/thinking-about-fostering/support-and-benefits/training/;7;0.04;0.36;18.00;1;0.23,0.67,0.67,1.00,1.00,1.00,0.81,0.81,0.54,0.67,0.54,0.67
fostering agency bolton;1;1;110;0.00;https://www.nationalfosteringgroup.co.uk/find-our-agencies/fostering-in-bolton/;7;0.04;0.17;9.00;0;0.11,0.64,1.00,0.82,0.82,0.82,0.64,1.00,0.41,0.52,0.52,0.52
permanent foster care;3;3;170;2.13;https://www.nationalfosteringgroup.co.uk/thinking-about-fostering/types-of-foster-care/long-term-fostering/;7;0.04;0.38;8.00;1;0.43,0.81,0.81,1.00,0.53,0.34,0.43,0.43,0.34,0.34,0.34,0.34
foster care career opportunities;4;4;260;3.76;https://www.nationalfosteringgroup.co.uk/careers/job-vacancies/;7;0.04;0.55;16.00;0;0.54,0.18,0.35,1.00,0.66,0.54,0.54,0.66,0.54,0.66,0.43,0.66
fostering in uk;4;4;320;5.18;https://www.nationalfosteringgroup.co.uk/thinking-about-fostering/what-is-fostering/;7;0.04;0.64;45.00;1;0.08,0.20,0.20,0.16,0.10,0.20,0.20,0.16,0.55,0.13,0.10,0.13
best fostering agency;2;2;260;8.59;https://www.nationalfosteringgroup.co.uk/;7;0.04;0.28;34.00;0;0.14,0.54,0.66,0.54,0.54,0.81,1.00,0.81,0.66,0.43,0.22,0.43
what do foster parents get paid;2;2;110;1.41;https://www.nationalfosteringgroup.co.uk/thinking-about-fostering/support-and-benefits/financial-support/fostering-allowance/;7;0.04;0.60;18.00;1;0.42,0.42,0.80,0.42,0.53,0.34,0.26,0.53,0.26,0.26,0.34,0.42
foster home agency;5;5;320;8.39;https://www.nationalfosteringgroup.co.uk/find-our-agencies/;7;0.04;0.47;41.00;0;0.21,0.07,0.17,1.00,0.48,0.39,0.26,0.26,0.21,0.26,0.11,0.17
who can foster a child;3;3;170;0.00;https://www.nationalfosteringgroup.co.uk/thinking-about-fostering/who-can-foster/;7;0.04;0.00;15.00;1;0.34,0.65,0.65,0.65,0.65,0.53,1.00,1.00,0.65,0.65,0.80,0.65
foster cares;6;6;880;0.00;https://www.nationalfosteringgroup.co.uk/thinking-about-fostering/types-of-foster-care/;7;0.04;0.00;28.00;2;0.41,0.30,0.66,0.36,0.36,0.30,1.00,0.30,0.24,0.24,0.24,0.04
fostering in walsall;5;5;320;9.49;https://www.nationalfosteringgroup.co.uk/find-our-agencies/fostering-in-walsall/;7;0.04;0.20;17.00;2;0.35,0.43,0.54,0.54,0.66,0.54,0.66,0.81,1.00,1.00,0.54,0.66
fostering agencies london;7;7;320;7.31;https://www.nationalfosteringgroup.co.uk/find-our-agencies/fostering-in-london/;6;0.03;0.55;22.00;0;0.14,0.66,0.66,0.81,0.81,1.00,1.00,1.00,0.54,0.54,0.29,0.29
fostering in england;5;5;210;5.18;https://www.nationalfosteringgroup.co.uk/thinking-about-fostering/what-is-fostering/;6;0.03;0.64;37.00;1;0.15,0.29,0.19,0.19,0.19,0.15,0.66,0.15,0.15,0.15,1.00,0.15
requirements to be a foster parent uk;5;5;210;3.22;https://www.nationalfosteringgroup.co.uk/thinking-about-fostering/who-can-foster/;6;0.03;0.67;21.00;1;0.17,0.28,1.00,0.82,1.00,0.66,0.53,0.35,0.35,0.28,0.28,0.35
can i be a foster parent with a criminal record;1;1;210;4.19;https://www.nationalfosteringgroup.co.uk/thinking-about-fostering/who-can-foster/what-can-disqualify-you-from-fostering-a-child/;6;0.03;0.69;9.00;1;0.04,0.22,0.29,0.66,1.00,0.81,0.66,0.54,0.35,0.35,0.22,0.18
kids reward chart;8;8;480;0.00;https://www.nationalfosteringgroup.co.uk/news-and-blog/how-to-use-a-rewards-chart-successfully/;6;0.03;0.00;17.00;1;0.16,0.20,0.16,0.24,0.16,0.16,0.10,0.79,0.16,0.16,0.10,0.10
foster care criteria;5;5;210;3.74;https://www.nationalfosteringgroup.co.uk/thinking-about-fostering/who-can-foster/;6;0.03;0.54;12.00;1;0.66,0.28,0.23,0.18,1.00,0.18,0.23,0.18,0.28,0.28,0.15,0.18
what is a foster child;3;3;140;0.00;https://www.nationalfosteringgroup.co.uk/thinking-about-fostering/what-is-fostering/;6;0.03;0.00;26.00;1;0.52,1.00,1.00,0.80,0.42,0.42,0.66,0.66,0.52,0.42,0.52,0.52
charms fostering login;5;5;140;0.00;https://www.nationalfosteringgroup.co.uk/;6;0.03;0.01;9.00;3;0.42,0.53,0.53,0.65,0.42,0.26,0.80,0.65,0.65,0.65,0.42,0.26
do you get paid to foster children;2;2;210;0.00;https://www.nationalfosteringgroup.co.uk/thinking-about-fostering/support-and-benefits/financial-support/fostering-allowance/;6;0.03;0.00;18.00;1;0.65,0.81,1.00,0.81,0.65,0.53,0.65,0.81,0.53,0.53,0.65,0.65
requirements for fostering;5;5;210;3.74;https://www.nationalfosteringgroup.co.uk/thinking-about-fostering/who-can-foster/;6;0.03;0.54;22.00;1;0.28,0.82,1.00,0.66,0.66,0.66,0.66,0.43,0.23,0.23,0.35,0.35
fostering agency rugeley;5;5;210;0.00;https://www.nationalfosteringgroup.co.uk/find-our-agencies/fostering-in-staffordshire/;6;0.03;0.00;6.00;1;0.00,0.11,0.11,0.11,0.23,0.28,0.44,0.54,1.00,0.54,0.28,0.35
parent and child fostering allowance;5;5;260;0.00;https://www.nationalfosteringgroup.co.uk/thinking-about-fostering/support-and-benefits/financial-support/fostering-allowance/;6;0.03;0.00;19.00;1;0.53,1.00,0.81,1.00,0.81,1.00,1.00,0.81,0.43,0.43,0.65,0.65
fostering support;4;4;260;3.42;https://www.nationalfosteringgroup.co.uk/thinking-about-fostering/support-and-benefits/;6;0.03;0.22;23.00;0;0.66,0.66,0.82,0.53,0.53,0.82,1.00,0.82,0.66,0.66,0.28,0.53
foster care careers;6;6;210;5.70;https://www.nationalfosteringgroup.co.uk/careers/job-vacancies/;6;0.03;0.33;16.00;0;0.06,0.53,0.81,0.81,1.00,1.00,0.81,0.65,0.43,0.53,0.34,0.34
temporary foster care uk;2;2;140;0.00;https://www.nationalfosteringgroup.co.uk/thinking-about-fostering/types-of-foster-care/short-term-fostering/;6;0.03;0.66;8.00;1;0.19,1.00,1.00,0.80,0.80,0.80,0.80,0.66,0.42,0.42,0.52,0.52
long term foster parent;2;2;140;2.84;https://www.nationalfosteringgroup.co.uk/thinking-about-fostering/types-of-foster-care/long-term-fostering/;6;0.03;0.36;8.00;1;0.00,0.53,0.53,0.53,0.65,1.00,0.65,0.28,0.28,0.21,0.21,0.34
benefits foster care;3;3;140;2.63;https://www.nationalfosteringgroup.co.uk/thinking-about-fostering/support-and-benefits/financial-support/state-benefits-and-pensions/;6;0.03;0.45;11.00;1;0.23,0.28,1.00,0.23,0.17,0.23,0.35,0.28,0.23,0.28,0.28,0.28
what is therapeutic foster care;3;3;140;1.76;https://www.nationalfosteringgroup.co.uk/thinking-about-fostering/support-and-benefits/training/therapeutic-fostering/;6;0.03;0.55;14.00;1;0.33,0.66,0.52,0.80,1.00,1.00,0.80,1.00,0.42,0.33,0.33,0.33
fostering stafford;5;5;260;8.72;https://www.nationalfosteringgroup.co.uk/find-our-agencies/fostering-in-staffordshire/;6;0.03;0.24;12.00;0;0.53,0.65,0.65,0.65,0.65,0.81,0.81,1.00,1.00,1.00,0.65,1.00
respite foster care pay;5;5;210;2.76;https://www.nationalfosteringgroup.co.uk/thinking-about-fostering/types-of-foster-care/stayover-care/;6;0.03;0.65;10.00;1;0.66,0.82,1.00,0.66,0.66,0.66,0.53,0.43,0.28,0.28,0.28,0.28
difference between foster care and adoption;7;7;260;0.56;https://www.nationalfosteringgroup.co.uk/thinking-about-fostering/should-i-foster-or-adopt/;6;0.03;0.11;11.00;1;0.43,0.43,0.43,1.00,0.81,0.66,0.54,0.43,0.35,0.35,0.29,0.35
can a single person be a foster parent;2;2;140;3.13;https://www.nationalfosteringgroup.co.uk/thinking-about-fostering/who-can-foster/can-you-be-a-single-foster-parent/;6;0.03;0.52;7.00;1;0.43,0.21,0.21,1.00,1.00,1.00,0.53,0.53,0.34,0.21,0.21,0.15
therapeutic fostering agency;4;4;140;2.89;https://www.nationalfosteringgroup.co.uk/thinking-about-fostering/support-and-benefits/training/therapeutic-fostering/;6;0.03;0.66;12.00;1;0.11,0.82,0.64,0.82,0.82,1.00,1.00,0.82,0.82,1.00,0.64,0.64
fostering care;3;3;260;0.00;https://www.nationalfosteringgroup.co.uk/thinking-about-fostering/what-is-fostering/;6;0.03;0.00;43.00;0;0.01,0.13,0.13,0.13,0.13,0.13,0.13,0.20,0.06,0.08,0.62,0.10
respite care for foster carers;3;3;140;4.45;https://www.nationalfosteringgroup.co.uk/thinking-about-fostering/types-of-foster-care/stayover-care/;6;0.03;0.50;11.00;1;0.23,0.23,0.23,0.19,0.19,0.15,0.23,0.10,0.05,0.12,0.07,0.07
foster parent vs adoption;7;7;260;0.86;https://www.nationalfosteringgroup.co.uk/thinking-about-fostering/should-i-foster-or-adopt/;6;0.03;0.12;15.00;0;0.54,0.43,0.43,1.00,1.00,0.81,0.66,0.43,0.29,0.29,0.29,0.29
vehicle grant for foster parents uk;7;7;260;1.79;https://www.nationalfosteringgroup.co.uk/thinking-about-fostering/support-and-benefits/financial-support/fostering-allowance/;6;0.03;0.12;8.00;1;0.39,0.39,0.48,0.59,0.32,0.21,0.21,0.26,0.21,0.14,0.14,0.14
what benefits can foster carers claim;5;5;210;1.63;https://www.nationalfosteringgroup.co.uk/thinking-about-fostering/support-and-benefits/financial-support/state-benefits-and-pensions/;6;0.03;0.42;9.00;1;1.00,1.00,1.00,0.81,0.53,0.81,0.65,0.43,0.53,0.34,0.34,0.34
foster carer salary;5;5;210;2.24;https://www.nationalfosteringgroup.co.uk/thinking-about-fostering/support-and-benefits/financial-support/fostering-allowance/;6;0.03;0.53;15.00;1;0.66,0.53,0.66,0.43,0.66,0.53,0.53,0.43,0.53,0.43,0.43,0.43
foster parent requirements uk;5;5;260;3.22;https://www.nationalfosteringgroup.co.uk/thinking-about-fostering/who-can-foster/;6;0.03;0.67;22.00;1;0.44,0.44,0.81,0.81,1.00,0.54,0.35,0.23,0.23,0.18,0.18,0.18
no council tax for foster carers;6;6;260;1.93;https://www.nationalfosteringgroup.co.uk/thinking-about-fostering/support-and-benefits/financial-support/tax-and-foster-care/;6;0.03;0.15;9.00;1;0.54,0.66,0.54,0.81,0.54,0.44,0.28,0.35,0.28,0.15,0.18,0.18
fostering agency london;4;4;260;7.31;https://www.nationalfosteringgroup.co.uk/national-fostering-agency/london-north/;6;0.03;0.55;30.00;0;0.04,0.35,0.43,0.66,0.81,0.81,1.00,1.00,0.43,0.35,0.22,0.22
becoming a foster family;6;6;260;9.69;https://www.nationalfosteringgroup.co.uk/thinking-about-fostering/becoming-a-foster-carer/;6;0.03;0.63;25.00;1;1.00,0.72,0.17,0.21,0.17,0.21,0.26,0.21,0.11,0.09,0.11,0.09
how much foster parents get paid uk;3;3;140;1.13;https://www.nationalfosteringgroup.co.uk/thinking-about-fostering/support-and-benefits/financial-support/fostering-allowance/;6;0.03;0.66;18.00;1;0.12,0.29,0.23,0.19,0.19,0.29,0.29,0.15,0.15,0.19,0.15,0.15
fostering in kent uk;4;4;260;6.06;https://www.nationalfosteringgroup.co.uk/find-our-agencies/fostering-in-kent/;6;0.03;0.64;15.00;2;0.01,0.15,0.23,0.81,1.00,0.66,0.66,0.66,0.35,0.35,0.23,0.23
how much money do foster parents get;2;2;140;1.22;https://www.nationalfosteringgroup.co.uk/thinking-about-fostering/support-and-benefits/financial-support/fostering-allowance/;6;0.03;0.49;16.00;1;0.80,1.00,1.00,0.52,0.66,0.52,0.52,0.52,0.42,0.52,0.52,0.52
can a single person foster;3;3;210;3.13;https://www.nationalfosteringgroup.co.uk/thinking-about-fostering/who-can-foster/can-you-be-a-single-foster-parent/;6;0.03;0.52;12.00;1;0.23,0.35,0.43,0.82,0.82,1.00,0.66,0.82,0.43,0.28,0.35,0.28
is fostering tax free;3;3;140;2.12;https://www.nationalfosteringgroup.co.uk/thinking-about-fostering/support-and-benefits/financial-support/tax-and-foster-care/;6;0.03;0.66;9.00;1;0.42,0.66,0.66,0.66,0.66,0.66,0.52,0.66,0.66,0.66,0.52,0.52
lgbt foster care;2;2;140;4.07;https://www.nationalfosteringgroup.co.uk/thinking-about-fostering/who-can-foster/lgbt-fostering/;6;0.03;0.23;9.00;1;0.52,0.52,0.66,0.80,1.00,1.00,1.00,0.66,0.80,0.66,0.52,0.52
fostering agency wolverhampton;5;5;260;0.00;https://www.nationalfosteringgroup.co.uk/find-our-agencies/fostering-in-wolverhampton/;6;0.03;0.33;9.00;0;0.06,0.35,0.35,0.35,0.43,0.54,0.81,0.81,1.00,0.66,0.81,0.81
foster family;7;7;480;3.66;https://www.nationalfosteringgroup.co.uk/thinking-about-fostering/what-is-fostering/;6;0.03;0.34;42.00;1;0.44,0.81,0.66,1.00,0.66,0.81,0.81,0.81,0.54,0.54,0.44,0.54
fostering kent;4;4;260;6.06;https://www.nationalfosteringgroup.co.uk/find-our-agencies/fostering-in-kent/;6;0.03;0.64;22.00;2;0.10,0.43,0.43,0.54,1.00,0.81,0.66,0.66,0.29,0.22,0.54,0.54
skills to foster course;3;3;260;2.16;https://www.nationalfosteringgroup.co.uk/thinking-about-fostering/support-and-benefits/training/foundations-to-foster/;6;0.03;0.41;9.00;1;0.07,0.53,0.53,0.82,0.82,1.00,1.00,1.00,0.66,0.66,0.28,0.28
long term fostering versus adoption;3;3;140;0.00;https://www.nationalfosteringgroup.co.uk/thinking-about-fostering/should-i-foster-or-adopt/;6;0.03;0.33;8.00;1;0.07,0.42,0.53,0.65,0.80,0.80,1.00,0.80,0.42,0.42,0.34,0.34
foster care qualifications;9;9;320;3.74;https://www.nationalfosteringgroup.co.uk/thinking-about-fostering/becoming-a-foster-carer/;6;0.03;0.54;9.00;1;0.21,0.09,0.17,1.00,0.59,0.48,0.48,0.32,0.21,0.26,0.14,0.17
foster carer requirements uk;4;4;210;3.22;https://www.nationalfosteringgroup.co.uk/thinking-about-fostering/who-can-foster/;6;0.03;0.67;22.00;1;0.35,0.28,1.00,0.82,1.00,0.66,0.53,0.35,0.35,0.28,0.28,0.35
how much do you get to foster;3;3;140;1.72;https://www.nationalfosteringgroup.co.uk/thinking-about-fostering/support-and-benefits/financial-support/fostering-allowance/;6;0.03;0.61;16.00;1;0.29,0.29,0.54,0.43,0.14,0.08,0.08,0.06,1.00,0.04,0.43,0.08
fostering agencies in kent;2;2;140;6.48;https://www.nationalfosteringgroup.co.uk/find-our-agencies/fostering-in-kent/;6;0.03;0.45;13.00;0;0.14,0.35,0.43,0.35,0.29,0.29,0.35,0.29,0.14,0.18,0.22,0.22
fostering uk pay;4;4;210;1.72;https://www.nationalfosteringgroup.co.uk/thinking-about-fostering/support-and-benefits/financial-support/fostering-allowance/;6;0.03;0.56;22.00;1;0.11,0.21,0.32,0.26,0.17,0.26,0.32,0.21,0.14,0.17,0.14,0.21
charms login foster carer;5;5;140;0.00;https://www.nationalfosteringgroup.co.uk/;6;0.03;0.01;10.00;3;1.00,1.00,1.00,0.80,1.00,0.65,0.19,0.26,0.34,0.19,0.11,0.11
foster care family;2;2;90;4.16;https://www.nationalfosteringgroup.co.uk/thinking-about-fostering/what-is-fostering/;5;0.03;0.39;38.00;1;0.52,0.42,0.33,1.00,0.33,0.33,0.23,0.52,0.23,0.23,0.23,0.42
fostering allowance and benefits uk;5;5;170;0.00;https://www.nationalfosteringgroup.co.uk/thinking-about-fostering/support-and-benefits/financial-support/fostering-allowance/;5;0.03;0.33;22.00;1;0.12,0.66,1.00,0.66,0.53,0.35,0.43,0.35,0.23,0.28,0.28,0.28
what do you need to be a foster carer;4;4;170;3.80;https://www.nationalfosteringgroup.co.uk/thinking-about-fostering/becoming-a-foster-carer/;5;0.03;0.71;16.00;1;0.06,0.43,0.34,0.65,1.00,0.65,1.00,0.53,0.34,0.28,0.34,0.34
fostering agencies birmingham;5;5;210;7.49;https://www.nationalfosteringgroup.co.uk/find-our-agencies/fostering-in-birmingham/;5;0.03;0.22;35.00;0;0.08,0.44,0.35,0.35,0.44,0.35,0.35,0.35,0.35,0.28,0.28,0.23
fostering support worker;1;1;90;2.49;https://www.nationalfosteringgroup.co.uk/careers/work-for-us/social-work/support-worker/;5;0.03;0.29;9.00;0,1;0.12,0.10,0.10,0.15,0.07,0.07,0.07,0.07,0.05,0.07,0.07,0.07
can you work and be a foster parent;5;5;170;3.02;https://www.nationalfosteringgroup.co.uk/thinking-about-fostering/who-can-foster/can-you-foster-and-work-full-time/;5;0.03;0.53;18.00;1;0.28,0.34,0.34,0.81,1.00,1.00,0.53,0.65,0.53,0.53,0.43,0.34
foster parents salary uk;2;2;90;1.83;https://www.nationalfosteringgroup.co.uk/thinking-about-fostering/support-and-benefits/financial-support/fostering-allowance/;5;0.03;0.68;18.00;1;0.52,0.64,1.00,0.41,0.52,0.29,0.82,1.00,0.41,0.41,0.64,0.52
what does it mean to foster;5;5;210;5.11;https://www.nationalfosteringgroup.co.uk/thinking-about-fostering/what-is-fostering/;5;0.03;0.02;48.00;1;0.43,0.35,0.35,0.14,0.18,0.54,0.54,0.81,0.54,0.81,0.43,0.54
how much to foster a child uk;4;4;170;0.00;https://www.nationalfosteringgroup.co.uk/thinking-about-fostering/support-and-benefits/financial-support/fostering-allowance/;5;0.03;0.00;20.00;1;0.53,0.65,0.80,1.00,0.65,0.65,1.00,0.80,0.80,0.42,0.26,0.03
difference between fostering and adoption;6;6;210;0.40;https://www.nationalfosteringgroup.co.uk/thinking-about-fostering/should-i-foster-or-adopt/;5;0.03;0.12;15.00;1;0.53,0.80,0.80,0.80,0.80,1.00,0.80,1.00,1.00,0.80,0.80,0.80
fostering agencies wolverhampton;6;6;260;0.00;https://www.nationalfosteringgroup.co.uk/find-our-agencies/fostering-in-wolverhampton/;5;0.03;0.33;13.00;0;0.22,0.29,0.29,0.22,0.43,0.54,0.81,0.81,1.00,0.66,0.43,0.81
foster parent payment;4;4;170;1.88;https://www.nationalfosteringgroup.co.uk/thinking-about-fostering/support-and-benefits/financial-support/fostering-allowance/;5;0.03;0.66;16.00;1;0.12,0.17,0.35,0.82,0.17,0.53,0.12,0.05,1.00,0.23,1.00,1.00
fostering agencies in birmingham;3;3;170;7.49;https://www.nationalfosteringgroup.co.uk/find-our-agencies/fostering-in-birmingham/;5;0.03;0.22;34.00;0;0.05,0.53,0.53,0.43,0.53,0.43,0.43,0.66,0.53,0.43,0.53,0.35
can you work full time and foster;2;2;90;2.97;https://www.nationalfosteringgroup.co.uk/thinking-about-fostering/who-can-foster/can-you-foster-and-work-full-time/;5;0.03;0.64;13.00;1;0.52,0.52,0.42,0.42,0.52,0.52,0.42,0.33,0.52,0.42,0.42,0.42
respite foster care uk;2;2;90;2.77;https://www.nationalfosteringgroup.co.uk/thinking-about-fostering/types-of-foster-care/stayover-care/;5;0.03;0.99;10.00;1;0.52,0.80,0.66,0.66,0.42,0.52,0.23,0.33,0.09,0.14,0.19,0.19
foster parents benefits;2;2;90;2.63;https://www.nationalfosteringgroup.co.uk/thinking-about-fostering/support-and-benefits/financial-support/fostering-allowance/;5;0.03;0.45;16.00;1;0.42,0.42,0.33,0.42,0.33,0.33,0.52,0.42,0.42,0.42,0.42,0.33
remand fostering;7;7;260;4.39;https://www.nationalfosteringgroup.co.uk/thinking-about-fostering/types-of-foster-care/remand-fostering/;5;0.03;0.19;8.00;1;0.22,0.43,0.43,0.66,1.00,0.81,0.66,0.66,0.35,0.35,0.22,0.22
can you foster and work;4;4;170;3.02;https://www.nationalfosteringgroup.co.uk/thinking-about-fostering/who-can-foster/can-you-foster-and-work-full-time/;5;0.03;0.53;8.00;1;0.53,0.53,0.53,1.00,0.53,0.65,0.80,0.80,0.65,0.53,0.53,0.42
fostering in birmingham;3;3;590;7.94;https://www.nationalfosteringgroup.co.uk/find-our-agencies/fostering-in-birmingham/;5;0.03;0.29;28.00;1;0.29,0.66,0.81,0.66,1.00,0.66,0.81,0.81,1.00,1.00,0.54,0.66
fostering agency staffordshire;4;4;210;8.72;https://www.nationalfosteringgroup.co.uk/find-our-agencies/fostering-in-staffordshire/;5;0.03;0.24;22.00;0;0.02,0.28,0.28,0.28,0.53,0.66,1.00,1.00,1.00,1.00,0.28,0.28
fostering in birmingham uk;3;3;170;7.94;https://www.nationalfosteringgroup.co.uk/find-our-agencies/fostering-in-birmingham/;5;0.03;0.29;28.00;0;0.18,0.04,0.22,0.18,0.06,0.35,0.29,0.35,1.00,0.81,0.43,0.54
foster to adopt vs adoption;7;7;260;0.86;https://www.nationalfosteringgroup.co.uk/thinking-about-fostering/should-i-foster-or-adopt/;5;0.03;0.12;15.00;0;0.19,0.07,0.19,0.05,0.07,1.00,0.67,0.44,0.23,0.36,0.19,0.29
foster care training and support;5;5;170;0.00;https://www.nationalfosteringgroup.co.uk/thinking-about-fostering/support-and-benefits/training/;5;0.03;0.33;14.00;1;0.00,0.28,0.34,0.81,0.65,1.00,1.00,0.65,0.43,0.43,0.34,0.34
single foster parent;4;4;170;5.50;https://www.nationalfosteringgroup.co.uk/thinking-about-fostering/who-can-foster/can-you-be-a-single-foster-parent/;5;0.03;0.51;9.00;1;0.35,0.53,0.66,0.53,0.43,0.53,0.53,0.53,0.28,0.23,0.23,0.23
foster care courses;4;4;170;3.25;https://www.nationalfosteringgroup.co.uk/thinking-about-fostering/support-and-benefits/training/;5;0.03;0.36;16.00;1;0.43,0.54,0.66,0.54,0.35,0.54,0.35,0.29,0.22,0.29,0.18,0.22
can you foster if you work full time;4;4;210;3.74;https://www.nationalfosteringgroup.co.uk/thinking-about-fostering/who-can-foster/can-you-foster-and-work-full-time/;5;0.03;0.66;15.00;1;0.28,0.65,0.53,1.00,0.65,0.65,1.00,0.65,0.43,0.34,0.34,0.81
how much foster care pay;4;4;170;1.46;https://www.nationalfosteringgroup.co.uk/thinking-about-fostering/support-and-benefits/financial-support/fostering-allowance/;5;0.03;0.56;19.00;1;1.00,0.23,0.28,0.28,0.28,0.35,0.35,0.23,0.18,0.15,0.15,0.15
foster payments uk;4;4;170;1.72;https://www.nationalfosteringgroup.co.uk/thinking-about-fostering/support-and-benefits/financial-support/fostering-allowance/;5;0.03;0.56;18.00;1;0.42,0.80,0.80,0.80,0.80,0.53,1.00,0.53,0.65,0.53,0.34,0.80
fostering bradford;4;4;170;7.51;https://www.nationalfosteringgroup.co.uk/find-our-agencies/fostering-in-bradford/;5;0.03;0.33;16.00;0;0.53,0.43,0.43,0.53,0.66,0.53,0.43,0.53,0.28,0.28,0.35,0.35
foster homes near me;2;2;170;2.95;https://www.nationalfosteringgroup.co.uk/find-our-agencies/;5;0.03;0.54;33.00;3;0.35,0.43,0.54,0.43,0.43,0.35,0.35,0.29,0.22,0.29,0.29,0.29
top 10 fostering agencies uk;4;4;170;7.50;https://www.nationalfosteringgroup.co.uk/find-our-agencies/;5;0.03;0.76;12.00;0;1.00,1.00,1.00,1.00,0.80,0.80,0.65,0.65,0.53,0.42,0.42,0.42
fostering social work jobs;7;7;210;0.92;https://www.nationalfosteringgroup.co.uk/careers/work-for-us/social-work/supervising-social-worker/;5;0.03;0.11;7.00;0;0.65,0.53,0.65,0.53,0.53,0.53,0.53,0.53,0.65,0.65,0.53,0.53
fostering warrington;3;3;170;12.85;https://www.nationalfosteringgroup.co.uk/national-fostering-agency/north-west/;5;0.03;0.37;9.00;2;0.33,0.80,0.80,1.00,1.00,1.00,1.00,1.00,0.80,0.66,0.52,0.52
foster to adopt uk;8;8;260;1.01;https://www.nationalfosteringgroup.co.uk/thinking-about-fostering/should-i-foster-or-adopt/;5;0.03;0.59;16.00;1;0.44,0.54,0.54,0.44,0.35,0.35,0.28,0.28,0.28,1.00,0.35,0.28
what is foster carer;3;3;170;2.40;https://www.nationalfosteringgroup.co.uk/thinking-about-fostering/what-is-fostering/;5;0.03;0.19;16.00;1;0.15,0.35,0.15,0.18,0.15,0.18,0.54,1.00,0.08,0.11,0.11,0.18
how to be a foster;7;7;210;7.08;https://www.nationalfosteringgroup.co.uk/thinking-about-fostering/who-can-foster/;5;0.03;0.62;17.00;1;0.66,0.53,0.43,1.00,0.82,0.43,0.35,0.43,0.43,0.43,0.28,0.43
foster care services;7;7;390;6.07;https://www.nationalfosteringgroup.co.uk/find-our-agencies/fostering-in-manchester/;5;0.03;0.11;44.00;0;0.02,0.08,0.08,0.07,0.07,0.08,0.07,0.05,0.03,0.04,0.01,0.02
fostering agencies manchester;1;0;90;11.10;https://www.nationalfosteringgroup.co.uk/find-our-agencies/fostering-in-manchester/;5;0.03;0.77;18.00;0;0.64,1.00,1.00,0.64,0.78,0.64,0.64,0.35,0.50,0.35,0.78,0.78
staying put allowance;2;2;90;3.35;https://www.nationalfosteringgroup.co.uk/thinking-about-fostering/types-of-foster-care/staying-put/;5;0.03;0.33;8.00;1;0.06,0.43,0.06,0.43,0.34,0.28,0.34,0.28,0.28,0.34,0.34,0.28
reasons for fostering rejection uk;5;5;170;3.56;https://www.nationalfosteringgroup.co.uk/thinking-about-fostering/who-can-foster/what-can-disqualify-you-from-fostering-a-child/;5;0.03;0.18;12.00;1;0.35,0.43,0.43,0.43,0.35,0.35,0.43,0.43,0.22,0.29,0.22,0.22
fostering pay uk;4;4;170;1.72;https://www.nationalfosteringgroup.co.uk/thinking-about-fostering/support-and-benefits/financial-support/fostering-allowance/;5;0.03;0.56;18.00;1;0.15,0.65,1.00,0.80,0.65,0.65,0.80,0.53,0.42,0.42,0.42,0.42
weekend foster care;2;2;90;4.75;https://www.nationalfosteringgroup.co.uk/thinking-about-fostering/types-of-foster-care/stayover-care/;5;0.03;0.70;8.00;1;0.07,0.34,0.26,0.42,0.42,0.65,0.53,0.34,0.19,0.19,0.15,0.19
fostering solutions;1;1;390;3.49;https://www.nationalfosteringgroup.co.uk/fostering-solutions/;5;0.03;0.14;26.00;2;0.81,0.81,0.81,1.00,0.81,0.81,0.66,0.81,0.81,1.00,0.66,0.66
foster family agency;4;4;210;0.00;https://www.nationalfosteringgroup.co.uk/thinking-about-fostering/what-is-fostering/;5;0.03;0.33;63.00;0;0.01,0.10,0.07,0.13,0.16,0.10,0.10,0.07,0.05,0.04,0.07,0.10
mockingbird fostering;4;4;210;2.76;https://www.nationalfosteringgroup.co.uk/thinking-about-fostering/mockingbird-family-model/;5;0.03;0.45;9.00;1;0.23,0.28,0.28,0.23,0.35,0.44,0.35,0.44,0.35,0.35,0.28,0.35
therapeutic foster home;4;4;170;3.05;https://www.nationalfosteringgroup.co.uk/thinking-about-fostering/support-and-benefits/training/therapeutic-fostering/;5;0.03;0.56;15.00;1;0.29,0.10,0.22,1.00,0.66,0.66,0.35,0.43,0.22,0.22,0.14,0.10
respite foster care pay uk;5;5;210;2.25;https://www.nationalfosteringgroup.co.uk/thinking-about-fostering/support-and-benefits/financial-support/fostering-allowance/;5;0.03;0.61;9.00;1;0.43,1.00,1.00,1.00,0.66,0.53,0.53,0.53,0.35,0.53,0.28,0.28
fostering babies no spare room;2;2;170;0.00;https://www.nationalfosteringgroup.co.uk/thinking-about-fostering/spare-rooms-and-fostering/;5;0.03;0.00;7.00;1;0.26,0.80,0.80,0.65,0.80,1.00,0.65,0.80,0.53,0.34,0.34,0.26
what does a foster carer do;2;2;90;2.40;https://www.nationalfosteringgroup.co.uk/thinking-about-fostering/what-is-fostering/;5;0.03;0.33;15.00;1;0.50,0.64,0.78,1.00,0.64,0.64,1.00,0.64,0.50,0.78,0.50,0.50
fostering assessments;5;5;170;3.05;https://www.nationalfosteringgroup.co.uk/thinking-about-fostering/becoming-a-foster-carer/form-f/;5;0.03;0.51;9.00;1;0.15,0.28,0.35,0.35,0.35,0.35,0.44,0.28,0.18,0.23,0.23,0.28
how much to foster parents get paid;2;2;90;1.31;https://www.nationalfosteringgroup.co.uk/thinking-about-fostering/support-and-benefits/financial-support/fostering-allowance/;5;0.03;0.56;16.00;1;0.11,0.34,0.42,0.53,1.00,0.26,0.26,0.26,0.26,0.26,0.19,0.19
reward chart ideas;5;5;170;0.00;https://www.nationalfosteringgroup.co.uk/news-and-blog/how-to-use-a-rewards-chart-successfully/;5;0.03;1.00;22.00;1;0.44,0.35,0.54,0.35,0.54,0.18,0.23,0.23,0.28,0.15,0.18,0.18
fostering social worker;7;7;210;1.47;https://www.nationalfosteringgroup.co.uk/careers/work-for-us/social-work/supervising-social-worker/;5;0.03;0.23;10.00;0;0.35,0.28,1.00,0.35,0.28,0.28,0.44,0.23,0.18,0.23,0.18,0.28
fostering babies pay uk;5;5;170;0.00;https://www.nationalfosteringgroup.co.uk/thinking-about-fostering/support-and-benefits/financial-support/fostering-allowance/;5;0.03;0.00;17.00;1;0.53,0.81,1.00,0.81,0.53,0.43,0.34,0.34,0.28,0.34,0.21,0.21
is fostering a job;4;4;210;3.05;https://www.nationalfosteringgroup.co.uk/thinking-about-fostering/who-can-foster/can-you-foster-and-work-full-time/;5;0.03;0.52;16.00;0;0.42,1.00,1.00,1.00,0.80,0.80,1.00,0.80,0.80,0.65,0.42,0.42
mother and baby placement;4;4;140;0.00;https://www.nationalfosteringgroup.co.uk/thinking-about-fostering/types-of-foster-care/parent-and-child-fostering/;4;0.02;0.00;7.00;1;0.21,0.53,0.81,1.00,0.34,0.21,0.34,0.34,0.21,0.28,0.21,0.21
foster carer training courses;4;4;140;3.53;https://www.nationalfosteringgroup.co.uk/thinking-about-fostering/support-and-benefits/training/;4;0.02;0.55;10.00;1;0.26,0.53,0.53,1.00,0.80,0.65,0.65,0.53,0.26,0.26,0.26,0.26
how do i foster;7;7;210;7.08;https://www.nationalfosteringgroup.co.uk/thinking-about-fostering/becoming-a-foster-carer/;4;0.02;0.62;19.00;1;0.53,0.53,0.53,1.00,0.53,0.53,0.53,0.53,0.43,0.53,0.28,0.43
fostering agencies in essex;4;4;140;6.72;https://www.nationalfosteringgroup.co.uk/find-our-agencies/fostering-in-essex/;4;0.02;0.65;22.00;0;0.07,0.65,0.80,0.65,0.53,0.65,0.65,0.53,0.42,0.34,0.34,0.42
foster care agency uk;2;2;140;5.77;https://www.nationalfosteringgroup.co.uk/;4;0.02;0.80;57.00;0;0.03,0.34,0.53,0.53,0.65,1.00,1.00,1.00,0.42,0.42,0.34,0.26
fostering assessment;9;9;260;3.05;https://www.nationalfosteringgroup.co.uk/fast-track-application-process/;4;0.02;0.51;9.00;1;0.16,0.30,0.24,0.20,0.20,0.20,0.24,0.20,0.16,0.16,0.16,0.20
foster care pay uk;4;4;140;1.83;https://www.nationalfosteringgroup.co.uk/thinking-about-fostering/support-and-benefits/financial-support/fostering-allowance/;4;0.02;0.62;21.00;1;0.80,1.00,0.80,0.34,0.34,0.65,0.42,0.42,0.42,0.53,0.42,0.53
fostering north west;6;6;210;12.97;https://www.nationalfosteringgroup.co.uk/national-fostering-agency/north-west/;4;0.02;0.68;14.00;0;0.07,0.23,0.29,0.36,0.36,0.29,0.36,0.29,0.19,0.23,0.12,0.12
fostering a teenager;7;7;170;3.49;https://www.nationalfosteringgroup.co.uk/thinking-about-fostering/types-of-foster-care/fostering-teenagers/;4;0.02;0.47;10.00;1;0.80,1.00,1.00,0.66,0.80,0.66,0.66,0.66,0.66,0.80,0.80,0.52
transfer foster agency;3;3;110;0.00;https://www.nationalfosteringgroup.co.uk/transfer-to-us/;4;0.02;0.05;10.00;1;0.78,1.00,0.64,1.00,1.00,1.00,0.78,0.64,0.78,0.78,0.78,0.78
fostering wales;2;2;480;7.07;https://www.nationalfosteringgroup.co.uk/national-fostering-agency/wales/;4;0.02;0.61;27.00;2;0.23,0.54,0.54,0.44,0.54,0.54,0.67,0.67,0.54,0.54,0.44,0.44
foster.;3;3;110;6.09;https://www.nationalfosteringgroup.co.uk/thinking-about-fostering/what-is-fostering/;4;0.02;0.44;62.00;1;0.00,0.00,0.01,0.00,0.00,0.01,0.02,0.00,0.00,0.01,1.00,0.00
payment for fostering;3;3;110;1.83;https://www.nationalfosteringgroup.co.uk/thinking-about-fostering/support-and-benefits/financial-support/fostering-allowance/;4;0.02;0.57;19.00;1;0.42,0.53,1.00,0.53,0.80,0.34,0.26,0.42,0.34,0.26,0.26,0.26
how much to be a foster parent;3;3;110;2.14;https://www.nationalfosteringgroup.co.uk/thinking-about-fostering/support-and-benefits/financial-support/fostering-allowance/;4;0.02;0.66;16.00;1;0.80,0.80,0.65,0.34,0.26,0.42,0.34,0.42,0.19,0.34,0.26,0.26
difference between adoption and fostering;6;6;170;0.56;https://www.nationalfosteringgroup.co.uk/thinking-about-fostering/should-i-foster-or-adopt/;4;0.02;0.11;11.00;1;1.00,1.00,0.80,0.65,0.53,0.65,0.53,0.53,0.42,0.42,0.53,0.42
fostering agency croydon;5;5;170;5.20;https://www.nationalfosteringgroup.co.uk/find-our-agencies/fostering-in-croydon/;4;0.02;0.37;22.00;0;0.00,0.03,0.03,0.04,0.05,0.07,0.08,0.07,0.04,0.03,0.03,0.03
my charms login foster carer;4;4;140;0.00;https://www.nationalfosteringgroup.co.uk/;4;0.02;0.04;9.00;3;0.42,0.42,0.80,0.80,0.80,1.00,0.80,0.65,0.53,0.19,0.19,0.11
can a foster child share a room with my child;2;2;140;0.00;https://www.nationalfosteringgroup.co.uk/thinking-about-fostering/spare-rooms-and-fostering/;4;0.02;0.00;8.00;1;0.65,1.00,1.00,0.80,0.42,0.34,0.34,0.34,0.34,0.34,0.34,0.34
fostering birmingham pay;3;3;110;3.76;https://www.nationalfosteringgroup.co.uk/find-our-agencies/fostering-in-birmingham/;4;0.02;0.57;9.00;1;0.42,1.00,1.00,0.80,0.66,0.66,0.52,0.33,0.33,0.33,0.33,0.42
what is the difference between fostering and adoption;6;6;170;0.74;https://www.nationalfosteringgroup.co.uk/thinking-about-fostering/should-i-foster-or-adopt/;4;0.02;0.12;9.00;1;0.23,0.43,0.35,0.43,0.43,0.43,0.43,0.43,0.43,0.35,0.43,0.35
charms fostering;4;4;140;0.00;https://www.nationalfosteringgroup.co.uk/;4;0.02;0.04;15.00;1;0.53,0.53,0.65,0.65,0.43,0.34,0.34,0.34,0.28,0.28,0.34,0.21
foster care manchester;6;6;210;8.71;https://www.nationalfosteringgroup.co.uk/find-our-agencies/fostering-in-manchester/;4;0.02;0.59;20.00;0;0.65,0.80,0.65,0.80,0.80,0.80,0.80,0.80,0.80,0.80,0.80,0.80
fostering lincolnshire;4;4;140;6.93;https://www.nationalfosteringgroup.co.uk/find-our-agencies/fostering-in-lincoln/;4;0.02;0.63;16.00;1;0.33,1.00,0.80,0.80,0.80,0.80,0.66,0.52,0.33,0.19,0.52,0.42
fostering agencies in london;5;5;170;7.31;https://www.nationalfosteringgroup.co.uk/find-our-agencies/fostering-in-london/;4;0.02;0.55;22.00;0;0.06,0.43,0.43,0.53,0.65,1.00,0.81,1.00,0.43,0.28,0.34,0.34
independent fostering agency;4;4;480;5.02;https://www.nationalfosteringgroup.co.uk/find-our-agencies/;4;0.02;0.60;19.00;0;0.15,0.66,0.66,0.66,0.81,1.00,1.00,1.00,0.54,0.54,0.15,0.15
how to become a foster carer in midlands;3;3;110;6.36;https://www.nationalfosteringgroup.co.uk/find-our-agencies/fostering-in-birmingham/;4;0.02;0.70;3.00;1;0.00,0.26,0.26,0.34,0.26,0.80,0.53,0.80,1.00,0.53,0.34,0.42
can gay couples foster;3;3;110;0.00;https://www.nationalfosteringgroup.co.uk/thinking-about-fostering/who-can-foster/lgbt-fostering/;4;0.02;0.10;16.00;1;0.17,0.53,1.00,0.66,0.28,0.23,0.23,0.17,0.10,0.12,0.12,0.17
how much is fostering allowance uk;5;5;140;1.53;https://www.nationalfosteringgroup.co.uk/thinking-about-fostering/support-and-benefits/financial-support/fostering-allowance/;4;0.02;0.62;20.00;1;0.23,0.52,0.80,0.80,1.00,1.00,0.80,0.66,0.42,0.66,0.52,0.80
foster parent family;8;8;260;4.37;https://www.nationalfosteringgroup.co.uk/thinking-about-fostering/types-of-foster-care/long-term-fostering/;4;0.02;0.36;26.00;1;0.23,0.28,0.81,0.54,0.44,0.44,0.54,0.35,0.54,0.28,0.54,0.54
apply to be a foster carer;6;6;170;23.57;https://www.nationalfosteringgroup.co.uk/thinking-about-fostering/becoming-a-foster-carer/;4;0.02;0.71;18.00;1;0.26,0.53,0.53,1.00,0.80,1.00,0.65,0.65,0.53,0.65,0.65,0.42
can you be a foster carer with a criminal record;1;1;140;3.36;https://www.nationalfosteringgroup.co.uk/thinking-about-fostering/who-can-foster/what-can-disqualify-you-from-fostering-a-child/;4;0.02;0.37;7.00;1;0.23,0.66,0.66,0.52,0.66,0.80,0.80,1.00,0.66,0.52,0.52,0.66
foster care leeds;5;5;170;9.44;https://www.nationalfosteringgroup.co.uk/find-our-agencies/fostering-in-leeds/;4;0.02;0.71;17.00;2;0.19,1.00,1.00,0.80,0.80,0.80,0.80,0.65,0.65,0.42,0.42,0.42
foster parent scotland;5;5;140;4.69;https://www.nationalfosteringgroup.co.uk/find-our-agencies/fostering-in-scotland/;4;0.02;0.71;18.00;1;0.22,0.10,0.06,0.14,0.18,0.43,0.81,0.22,0.22,0.35,0.14,0.29
foster care employment;5;5;210;3.76;https://www.nationalfosteringgroup.co.uk/careers/;4;0.02;0.55;14.00;0;0.35,0.35,0.35,0.35,0.35,1.00,0.35,0.18,0.15,0.18,0.15,0.18
fostering vs adoption;8;8;210;0.86;https://www.nationalfosteringgroup.co.uk/thinking-about-fostering/should-i-foster-or-adopt/;4;0.02;0.12;18.00;0,1;0.28,0.53,0.53,0.65,0.81,1.00,0.65,0.65,0.53,0.53,0.65,0.53
foster homes;6;6;260;3.39;https://www.nationalfosteringgroup.co.uk/thinking-about-fostering/what-is-fostering/;4;0.02;0.34;44.00;1;0.54,0.36,0.36,0.36,0.44,0.36,0.36,0.29,0.19,0.23,0.44,0.66
requirements to foster;3;3;110;3.81;https://www.nationalfosteringgroup.co.uk/thinking-about-fostering/who-can-foster/;4;0.02;0.56;15.00;1;0.11,0.65,0.65,1.00,0.65,0.53,0.65,0.34,0.19,0.34,0.26,0.34
foster parents;13;13;1000;4.72;https://www.nationalfosteringgroup.co.uk/thinking-about-fostering/types-of-foster-care/long-term-fostering/;4;0.02;0.55;40.00;1;0.67,1.00,1.00,0.76,0.76,0.76,0.76,0.76,0.67,0.76,0.55,0.67
fostering information;5;5;170;9.28;https://www.nationalfosteringgroup.co.uk/thinking-about-fostering/what-is-fostering/;4;0.02;0.58;24.00;1;0.35,0.66,0.66,0.53,0.43,0.43,0.23,0.35,0.28,0.23,0.28,0.28
fostering agencies cardiff;1;1;110;17.58;https://www.nationalfosteringgroup.co.uk/find-our-agencies/fostering-in-cardiff/;4;0.02;0.73;17.00;0;0.07,0.34,0.42,0.42,0.53,0.65,0.53,0.53,0.53,0.53,0.42,0.42
difference between foster and adoption uk;3;3;110;0.00;https://www.nationalfosteringgroup.co.uk/thinking-about-fostering/should-i-foster-or-adopt/;4;0.02;0.03;16.00;1;0.65,1.00,1.00,0.65,0.34,0.34,0.34,0.26,0.15,0.15,0.19,0.15
become foster carer;4;4;140;8.75;https://www.nationalfosteringgroup.co.uk/thinking-about-fostering/becoming-a-foster-carer/;4;0.02;0.65;21.00;1;0.05,0.35,0.35,0.43,0.35,0.35,0.43,1.00,0.35,0.35,0.35,0.35
how can i become a foster carer;4;4;140;7.20;https://www.nationalfosteringgroup.co.uk/thinking-about-fostering/becoming-a-foster-carer/;4;0.02;0.63;20.00;1;0.01,0.15,0.15,0.15,0.15,1.00,0.28,0.18,0.15,0.18,0.15,0.15
fostering northamptonshire;6;6;140;9.06;https://www.nationalfosteringgroup.co.uk/find-our-agencies/fostering-in-northampton/;4;0.02;0.73;9.00;1;0.26,0.80,0.65,0.65,0.65,0.80,0.53,0.42,0.42,0.34,0.34,0.34
fostering uk requirements;5;5;320;3.42;https://www.nationalfosteringgroup.co.uk/thinking-about-fostering/who-can-foster/;4;0.02;0.59;18.00;1;0.19,0.36,0.29,0.66,1.00,0.81,0.44,0.36,0.23,0.29,0.19,0.19
foster homes in london;2;2;140;6.73;https://www.nationalfosteringgroup.co.uk/find-our-agencies/fostering-in-london/;4;0.02;0.62;22.00;0;0.43,0.53,0.65,1.00,0.43,0.34,0.34,0.43,0.43,0.43,0.34,0.34
are foster carers self employed;4;4;140;1.74;https://www.nationalfosteringgroup.co.uk/thinking-about-fostering/support-and-benefits/financial-support/being-a-self-employed-foster-carer/;4;0.02;0.18;10.00;1;0.33,0.66,0.80,1.00,0.52,0.52,0.52,0.80,0.80,0.80,0.52,0.52
foster career;5;5;140;5.73;https://www.nationalfosteringgroup.co.uk/careers/;4;0.02;0.43;20.00;0;0.80,1.00,0.65,0.42,0.53,0.53,0.42,0.42,0.42,0.34,0.26,0.26
foster kid;5;5;170;0.00;https://www.nationalfosteringgroup.co.uk/thinking-about-fostering/types-of-foster-care/long-term-fostering/;4;0.02;0.00;41.00;1;0.10,0.19,0.23,0.19,0.07,0.05,0.10,0.07,0.10,0.07,0.02,1.00
foster family definition;3;3;110;2.53;https://www.nationalfosteringgroup.co.uk/thinking-about-fostering/what-is-fostering/;4;0.02;0.08;23.00;1;0.29,0.29,0.22,0.29,0.22,0.18,0.14,0.22,0.18,0.14,0.14,0.14
how much is a foster carer paid;3;3;110;1.54;https://www.nationalfosteringgroup.co.uk/thinking-about-fostering/support-and-benefits/financial-support/fostering-allowance/;4;0.02;0.57;18.00;1;0.23,0.64,0.64,0.64,0.52,0.64,0.82,0.82,1.00,0.64,0.64,0.82
advanced practitioner social work;5;5;170;0.00;https://www.nationalfosteringgroup.co.uk/careers/work-for-us/social-work/advanced-practitioner/;4;0.02;0.01;10.00;1;0.80,0.80,1.00,1.00,0.80,0.80,1.00,1.00,1.00,0.80,0.80,0.80
what is a foster carer;8;8;480;2.18;https://www.nationalfosteringgroup.co.uk/thinking-about-fostering/what-is-fostering/;4;0.02;0.20;28.00;1;0.54,0.36,0.44,0.81,0.54,0.54,0.54,0.44,0.81,0.44,0.54,0.44
fostercare uk;7;7;210;5.10;https://www.nationalfosteringgroup.co.uk/thinking-about-fostering/what-is-fostering/;4;0.02;0.60;42.00;0;0.81,0.43,0.81,1.00,0.65,0.65,0.81,0.65,0.34,0.43,0.34,0.43
how much do you get paid as a foster carer;3;3;110;1.49;https://www.nationalfosteringgroup.co.uk/thinking-about-fostering/support-and-benefits/financial-support/fostering-allowance/;4;0.02;0.59;16.00;1;0.08,0.23,0.23,0.23,0.23,0.28,0.23,0.18,0.15,0.15,0.15,0.18
private foster care companies;2;2;110;6.32;https://www.nationalfosteringgroup.co.uk/find-our-agencies/;4;0.02;0.48;47.00;0;0.52,0.52,0.64,1.00,0.82,0.41,0.41,0.82,0.64,1.00,0.64,0.64
what is parent and child fostering;3;3;140;0.00;https://www.nationalfosteringgroup.co.uk/thinking-about-fostering/types-of-foster-care/parent-and-child-fostering/;4;0.02;0.00;7.00;1;0.82,0.64,0.82,0.82,0.82,1.00,0.64,0.64,0.64,0.64,0.82,0.64
foster mum;5;5;140;4.46;https://www.nationalfosteringgroup.co.uk/thinking-about-fostering/types-of-foster-care/parent-and-child-fostering/;4;0.02;0.41;15.00;1;0.43,0.53,0.65,0.65,0.34,0.34,0.53,0.53,0.28,0.43,0.21,0.12
agency foster;5;5;170;8.39;https://www.nationalfosteringgroup.co.uk/;4;0.02;0.47;60.00;0;0.01,0.09,0.09,1.00,0.48,0.05,0.03,0.03,0.02,0.02,0.11,0.03
fostering in midlands;4;4;210;11.98;https://www.nationalfosteringgroup.co.uk/fostering-solutions/midlands/;4;0.02;0.04;16.00;1;0.34,0.65,0.81,0.65,0.65,0.81,1.00,0.81,0.65,0.65,0.65,0.34
foster care benefits;4;4;140;2.63;https://www.nationalfosteringgroup.co.uk/thinking-about-fostering/support-and-benefits/carer-benefits-and-perks/;4;0.02;0.45;7.00;1;0.65,0.65,1.00,0.80,0.53,0.80,0.53,0.26,0.34,0.34,0.53,0.53
how to become a foster parent uk;3;3;480;6.36;https://www.nationalfosteringgroup.co.uk/thinking-about-fostering/becoming-a-foster-carer/;4;0.02;0.70;27.00;1;0.44,1.00,1.00,1.00,1.00,0.81,0.81,0.81,0.66,0.54,0.54,0.66
does fostering allowance affect universal credit;3;3;110;3.61;https://www.nationalfosteringgroup.co.uk/thinking-about-fostering/support-and-benefits/financial-support/state-benefits-and-pensions/;4;0.02;0.10;7.00;1;0.64,1.00,0.78,0.78,1.00,0.78,0.78,0.64,1.00,0.50,0.64,0.64
fostering salary;4;4;140;1.58;https://www.nationalfosteringgroup.co.uk/thinking-about-fostering/support-and-benefits/financial-support/fostering-allowance/;4;0.02;0.42;15.00;1;0.42,0.80,0.80,0.80,0.80,1.00,0.52,0.80,0.66,0.66,0.52,0.52
free online training courses for foster carers;7;7;170;2.65;https://www.nationalfosteringgroup.co.uk/thinking-about-fostering/support-and-benefits/training/;4;0.02;0.66;15.00;1;0.65,1.00,1.00,0.65,0.53,0.53,0.34,0.43,0.34,0.28,0.34,0.34
remand foster care;8;8;210;2.60;https://www.nationalfosteringgroup.co.uk/thinking-about-fostering/types-of-foster-care/remand-fostering/;4;0.02;0.38;8.00;1;0.22,0.29,0.66,1.00,0.81,0.66,0.66,0.29,0.29,0.22,0.22,0.22
birmingham fostering;3;3;320;7.94;https://www.nationalfosteringgroup.co.uk/find-our-agencies/fostering-in-birmingham/;4;0.02;0.29;31.00;1;0.44,0.35,0.81,0.54,0.66,0.66,0.66,0.66,0.81,0.66,0.44,0.54
fostering midlands;3;3;170;11.98;https://www.nationalfosteringgroup.co.uk/fostering-solutions/midlands/;4;0.02;0.04;16.00;1;0.42,1.00,0.80,0.80,0.80,0.80,1.00,0.80,0.65,0.65,0.42,0.42
fostering glasgow;4;4;170;7.46;https://www.nationalfosteringgroup.co.uk/find-our-agencies/fostering-in-glasgow/;4;0.02;0.66;16.00;2;0.53,1.00,1.00,0.65,0.65,0.65,0.42,0.42,0.34,0.42,0.42,0.65
how does foster parenting work;3;3;110;2.48;https://www.nationalfosteringgroup.co.uk/thinking-about-fostering/what-is-fostering/;4;0.02;0.54;22.00;1;0.64,0.29,0.64,0.64,0.82,0.64,0.52,0.64,0.64,0.82,0.64,0.64
foster care payments;10;10;880;1.83;https://www.nationalfosteringgroup.co.uk/thinking-about-fostering/support-and-benefits/financial-support/fostering-allowance/;4;0.02;0.57;21.00;1;0.68,0.52,0.52,0.84,0.68,1.00,0.20,0.37,0.11,0.20,0.31,0.31
benefits for foster carers;3;3;110;1.97;https://www.nationalfosteringgroup.co.uk/thinking-about-fostering/support-and-benefits/carer-benefits-and-perks/;4;0.02;0.40;16.00;1;0.33,0.80,0.80,1.00,0.52,0.42,0.52,0.42,0.33,0.42,0.33,0.52
best fostering agency scotland;3;3;110;11.05;https://www.nationalfosteringgroup.co.uk/national-fostering-agency/scotland/;4;0.02;0.63;16.00;0;0.42,0.80,1.00,0.66,0.52,0.80,0.42,0.42,0.23,0.33,0.42,0.33
step-down foster parent;3;3;110;0.00;https://www.nationalfosteringgroup.co.uk/thinking-about-fostering/types-of-foster-care/bridging-fostering/;4;0.02;0.33;6.00;1;0.82,1.00,0.82,0.82,1.00,1.00,0.41,0.41,0.29,0.52,0.64,0.64
fostering in dudley;5;5;140;9.59;https://www.nationalfosteringgroup.co.uk/find-our-agencies/fostering-in-dudley/;4;0.02;0.25;9.00;1;0.64,0.82,1.00,0.82,1.00,0.82,1.00,0.82,0.82,0.64,0.52,0.82
what is a respite carer;7;3;170;1.82;https://www.nationalfosteringgroup.co.uk/thinking-about-fostering/types-of-foster-care/stayover-care/;4;0.02;0.12;35.00;1;0.04,0.04,0.04,0.05,0.04,1.00,0.00,0.00,0.00,0.00,0.00,0.00
therapeutic foster parent;3;3;110;3.05;https://www.nationalfosteringgroup.co.uk/thinking-about-fostering/support-and-benefits/training/therapeutic-fostering/;4;0.02;0.56;8.00;1;1.00,0.23,0.52,0.42,0.33,0.66,0.66,0.52,0.52,0.42,0.33,0.42
fostering somerset;5;5;140;4.85;https://www.nationalfosteringgroup.co.uk/find-our-agencies/fostering-in-somerset/;4;0.02;0.65;22.00;1;0.19,0.52,0.66,0.66,0.80,1.00,0.80,0.66,0.52,0.66,1.00,0.66
best paying fostering agency uk;6;6;210;5.08;https://www.nationalfosteringgroup.co.uk/thinking-about-fostering/becoming-a-foster-carer/how-to-choose-a-foster-agency/;4;0.02;0.99;18.00;0;0.65,1.00,1.00,1.00,1.00,1.00,0.65,0.80,0.42,0.53,0.42,0.42
can single person foster parent;1;1;140;3.13;https://www.nationalfosteringgroup.co.uk/thinking-about-fostering/who-can-foster/can-you-be-a-single-foster-parent/;4;0.02;0.52;8.00;1;0.34,0.21,0.21,1.00,1.00,1.00,0.53,0.53,0.34,0.21,0.21,0.15
what is a foster parent;6;6;880;2.40;https://www.nationalfosteringgroup.co.uk/thinking-about-fostering/what-is-fostering/;4;0.02;0.19;31.00;1;0.67,0.67,0.55,0.76,0.76,0.76,0.55,0.67,0.67,0.76,0.67,0.76
child fostering;4;4;170;0.00;https://www.nationalfosteringgroup.co.uk/thinking-about-fostering/what-is-fostering/;4;0.02;0.00;35.00;1;1.00,1.00,0.80,0.66,0.80,0.80,0.80,0.66,0.80,0.80,0.80,0.66
foster carers west midlands;4;4;110;11.58;https://www.nationalfosteringgroup.co.uk/find-our-agencies/fostering-in-birmingham/;3;0.01;0.05;13.00;1;0.34,0.00,0.21,0.65,0.28,0.28,0.15,0.28,0.65,1.00,0.34,0.34
short term fostering pay;3;3;110;1.69;https://www.nationalfosteringgroup.co.uk/thinking-about-fostering/types-of-foster-care/short-term-fostering/;3;0.01;0.43;17.00;1;0.09,0.66,0.52,0.52,0.52,0.80,0.80,0.66,0.52,0.66,0.52,0.52
fostering logo;5;5;110;0.00;https://www.nationalfosteringgroup.co.uk/;3;0.01;0.29;60.00;1;0.08,0.06,0.28,0.28,0.18,0.28,0.23,0.15,0.15,0.18,0.23,0.23
foster payments;14;14;880;1.83;https://www.nationalfosteringgroup.co.uk/thinking-about-fostering/support-and-benefits/financial-support/fostering-allowance/;3;0.01;0.57;21.00;1;0.34,0.44,0.30,0.20,0.30,0.34,0.30,0.24,0.24,0.44,0.24,0.24
no council tax for foster carers england;5;5;110;1.48;https://www.nationalfosteringgroup.co.uk/thinking-about-fostering/support-and-benefits/financial-support/tax-and-foster-care/;3;0.01;0.15;9.00;1;0.41,0.52,0.52,0.82,0.64,0.82,0.41,0.82,0.64,0.52,0.52,0.52
foster social worker;6;6;140;1.59;https://www.nationalfosteringgroup.co.uk/careers/work-for-us/social-work/supervising-social-worker/;3;0.01;0.22;9.00;1;0.34,0.53,1.00,0.81,0.34,0.28,0.43,0.34,0.28,0.28,0.21,0.21
independent fostering agencies near me;2;2;90;6.09;https://www.nationalfosteringgroup.co.uk/find-our-agencies/;3;0.01;0.54;30.00;3;0.17,0.52,1.00,0.82,0.82,0.82,0.52,0.52,0.23,0.23,0.52,0.52
fostering agency birmingham;6;6;170;7.49;https://www.nationalfosteringgroup.co.uk/find-our-agencies/fostering-in-birmingham/;3;0.01;0.22;40.00;0;0.05,0.29,0.23,0.29,0.29,0.23,0.23,0.36,0.29,0.23,0.19,0.15
foster and adoptive;10;10;390;1.10;https://www.nationalfosteringgroup.co.uk/thinking-about-fostering/should-i-foster-or-adopt/;3;0.01;0.42;19.00;1;0.07,0.26,0.72,0.32,0.39,0.39,0.39,0.32,0.48,0.21,0.48,0.48
foster care income;5;5;110;1.69;https://www.nationalfosteringgroup.co.uk/thinking-about-fostering/support-and-benefits/financial-support/tax-and-foster-care/;3;0.01;0.51;14.00;1;0.65,0.80,0.53,0.26,0.42,0.42,0.42,0.26,0.34,0.34,0.34,0.42
become a foster;7;7;140;12.62;https://www.nationalfosteringgroup.co.uk/thinking-about-fostering/who-can-foster/;3;0.01;0.66;25.00;0;0.04,0.43,0.43,0.35,0.29,0.35,0.43,0.22,0.18,0.22,0.18,0.22
london foster care;2;2;90;6.73;https://www.nationalfosteringgroup.co.uk/find-our-agencies/fostering-in-london/;3;0.01;0.62;34.00;0;0.41,0.52,0.64,0.82,0.41,0.41,0.64,0.41,0.52,0.41,0.29,0.41
fostering preston;4;4;140;8.19;https://www.nationalfosteringgroup.co.uk/find-our-agencies/fostering-in-preston/;3;0.01;0.38;10.00;0;0.06,0.34,0.43,0.43,1.00,0.65,0.53,0.53,0.43,0.43,0.34,0.34
how much money do you get from fostering;3;3;90;1.40;https://www.nationalfosteringgroup.co.uk/thinking-about-fostering/support-and-benefits/financial-support/fostering-allowance/;3;0.01;0.57;9.00;1;0.41,0.52,0.52,0.29,0.41,0.52,0.52,0.52,0.41,0.52,0.41,0.52
nfg charms login;9;9;140;0.00;https://www.nationalfosteringgroup.co.uk/thinking-about-fostering/support-and-benefits/training/;3;0.01;0.01;8.00;3;0.34,0.34,0.12,0.43,0.43,0.43,0.81,1.00,0.65,0.53,0.28,0.28
is foster income taxable;3;3;90;2.16;https://www.nationalfosteringgroup.co.uk/thinking-about-fostering/support-and-benefits/financial-support/tax-and-foster-care/;3;0.01;0.13;8.00;1;0.53,0.34,0.34,0.26,0.26,0.26,0.53,0.34,0.26,0.26,0.42,0.34
mother and baby fostering allowances;6;6;140;0.00;https://www.nationalfosteringgroup.co.uk/thinking-about-fostering/types-of-foster-care/parent-and-child-fostering/;3;0.01;0.00;4.00;1;0.53,0.53,1.00,1.00,1.00,0.65,0.34,0.34,0.42,0.34,0.34,0.34
apply to foster;9;9;170;23.57;https://www.nationalfosteringgroup.co.uk/thinking-about-fostering/becoming-a-foster-carer/;3;0.01;0.71;21.00;1;0.35,0.66,0.82,1.00,0.35,0.28,0.23,0.23,0.23,0.17,0.23,0.28
foster care parents;7;7;140;6.70;https://www.nationalfosteringgroup.co.uk/thinking-about-fostering/what-is-fostering/;3;0.01;0.55;27.00;1;0.66,0.80,0.66,1.00,0.42,0.42,0.66,0.52,0.66,0.52,0.52,0.52
free online training courses for foster carers with certificates;5;5;110;1.58;https://www.nationalfosteringgroup.co.uk/thinking-about-fostering/support-and-benefits/training/;3;0.01;0.47;14.00;1;0.52,0.64,1.00,0.82,0.64,1.00,0.64,0.52,0.23,0.29,0.52,0.41
behaviour chart;14;14;1000;0.27;https://www.nationalfosteringgroup.co.uk/news-and-blog/how-to-use-a-rewards-chart-successfully/;3;0.01;0.99;14.00;1;0.52,0.52,0.52,0.37,0.68,0.68,0.52,0.37,0.52,0.68,0.84,0.25
foster care payments uk;9;9;170;1.72;https://www.nationalfosteringgroup.co.uk/thinking-about-fostering/support-and-benefits/financial-support/fostering-allowance/;3;0.01;0.56;22.00;1;0.29,0.36,0.23,0.29,0.23,0.23,0.23,0.19,0.19,0.19,0.15,0.15
skills to foster;3;3;140;2.59;https://www.nationalfosteringgroup.co.uk/thinking-about-fostering/support-and-benefits/training/foundations-to-foster/;3;0.01;0.49;7.00;1;0.23,0.80,0.80,1.00,0.66,0.66,0.80,0.66,0.66,0.80,0.52,0.52
how do i become a foster parent;7;7;590;7.20;https://www.nationalfosteringgroup.co.uk/thinking-about-fostering/who-can-foster/;3;0.01;0.63;28.00;1;0.62,0.55,0.30,0.30,0.30,0.36,0.30,0.30,0.24,0.30,0.20,0.36
how do you become a foster carer;6;6;140;6.77;https://www.nationalfosteringgroup.co.uk/thinking-about-fostering/becoming-a-foster-carer/;3;0.01;0.70;20.00;1;0.21,0.02,0.04,0.02,0.04,0.04,0.03,0.03,0.02,0.02,1.00,0.04
single foster carer;3;3;90;4.86;https://www.nationalfosteringgroup.co.uk/thinking-about-fostering/who-can-foster/can-you-be-a-single-foster-parent/;3;0.01;0.42;7.00;1;0.41,0.29,0.41,0.52,1.00,1.00,1.00,0.41,0.52,0.41,0.52,0.52
national fostering group jobs;2;2;170;1.64;https://www.nationalfosteringgroup.co.uk/careers/;3;0.01;0.12;18.00;0;0.42,0.65,0.65,0.65,0.65,0.65,0.34,0.80,0.53,1.00,0.53,0.53
fostering agencies in wales;3;3;110;8.78;https://www.nationalfosteringgroup.co.uk/national-fostering-agency/wales/;3;0.01;0.76;19.00;0;0.78,1.00,0.50,0.78,0.78,1.00,1.00,0.78,0.78,0.78,0.78,0.78
foster wales;5;5;590;7.07;https://www.nationalfosteringgroup.co.uk/national-fostering-agency/wales/;3;0.01;0.61;28.00;2;0.67,0.44,0.54,0.54,0.67,0.54,0.81,1.00,0.67,0.54,0.44,0.67
my charms uk login;5;5;110;0.00;https://www.nationalfosteringgroup.co.uk/;3;0.01;0.33;5.00;3;0.03,0.53,1.00,0.34,0.53,0.80,0.26,0.26
foster in birmingham;2;2;110;7.94;https://www.nationalfosteringgroup.co.uk/find-our-agencies/fostering-in-birmingham/;3;0.01;0.29;18.00;0;0.64,1.00,0.78,0.64,0.64,0.64,0.35,0.50,0.78,1.00,0.50,0.78
fostering in wolverhampton;7;7;210;12.93;https://www.nationalfosteringgroup.co.uk/find-our-agencies/fostering-in-wolverhampton/;3;0.01;0.16;12.00;0;0.02,0.29,0.36,0.23,0.19,0.19,0.23,0.23,0.29,0.23,0.12,0.12
difference between fostering and adopting;6;6;140;0.40;https://www.nationalfosteringgroup.co.uk/thinking-about-fostering/should-i-foster-or-adopt/;3;0.01;0.12;9.00;1;0.65,0.65,0.53,0.42,1.00,0.80,0.53,0.42,0.65,0.42,0.42,0.53
what is trauma bonding;15;15;1300;0.44;https://www.nationalfosteringgroup.co.uk/news-and-blog/what-is-a-trauma-bond-and-how-can-it-affect-children-and-young-people/;3;0.01;0.01;39.00;1;1.00,0.52,0.68,0.52,0.68,0.68,0.68,0.84,0.68,0.84,0.68,0.68
do foster carers pay tax;3;3;390;1.57;https://www.nationalfosteringgroup.co.uk/thinking-about-fostering/support-and-benefits/financial-support/tax-and-foster-care/;3;0.01;0.32;21.00;1;0.43,1.00,1.00,1.00,0.81,0.81,0.81,0.81,0.54,0.54,0.54,0.66
how to start fostering;9;9;170;7.08;https://www.nationalfosteringgroup.co.uk/thinking-about-fostering/becoming-a-foster-carer/;3;0.01;0.62;28.00;1;0.34,0.65,0.53,1.00,0.65,0.53,0.34,0.43,0.34,0.43,0.28,0.34
foster carer tax;3;3;90;2.34;https://www.nationalfosteringgroup.co.uk/thinking-about-fostering/support-and-benefits/financial-support/tax-and-foster-care/;3;0.01;0.31;10.00;1;0.06,0.14,0.14,0.18,0.22,0.29,0.29,0.29,0.22,0.18,0.18,0.22
fostering peterborough;3;3;90;9.58;https://www.nationalfosteringgroup.co.uk/find-our-agencies/fostering-in-peterborough/;3;0.01;0.44;9.00;1;0.23,1.00,0.82,0.82,0.64,0.82,0.52,0.41,0.29,0.41,0.29,0.64
how old do you have to be to foster;4;4;90;3.77;https://www.nationalfosteringgroup.co.uk/thinking-about-fostering/who-can-foster/is-there-an-age-limit-for-fostering/;3;0.01;0.68;8.00;1;0.14,0.22,0.29,0.29,0.18,0.14,0.18,0.14,0.10,0.14,0.14,0.14
fostering in lincolnshire;4;4;110;6.93;https://www.nationalfosteringgroup.co.uk/find-our-agencies/fostering-in-lincoln/;3;0.01;0.63;19.00;1;0.09,0.80,1.00,0.66,0.52,0.52,0.52,0.42,0.33,0.33,0.33,0.33
ideas for a reward chart;5;5;140;0.00;https://www.nationalfosteringgroup.co.uk/news-and-blog/how-to-use-a-rewards-chart-successfully/;3;0.01;1.00;22.00;1;0.80,0.80,0.65,1.00,0.53,0.53,0.34,0.53,0.42,0.53,0.26,0.34
how much is foster care allowance;2;2;320;1.46;https://www.nationalfosteringgroup.co.uk/thinking-about-fostering/support-and-benefits/financial-support/fostering-allowance/;3;0.01;0.55;28.00;1;0.35,0.66,1.00,0.81,0.54,0.54,0.54,0.35,0.35,0.35,0.28,0.28
foster carer jobs;6;6;140;3.76;https://www.nationalfosteringgroup.co.uk/careers/job-vacancies/;3;0.01;0.55;16.00;0;1.00,0.80,0.66,0.52,0.66,0.66,0.66,0.66,0.66,0.33,0.66,0.66
part time foster parent;4;4;90;5.02;https://www.nationalfosteringgroup.co.uk/thinking-about-fostering/who-can-foster/can-you-foster-and-work-full-time/;3;0.01;0.73;9.00;1;0.52,0.23,0.42,1.00,0.23,0.33,0.33,0.33,0.33,0.33,0.33,0.33
form f assessments;4;4;110;2.33;https://www.nationalfosteringgroup.co.uk/thinking-about-fostering/becoming-a-foster-carer/form-f/;3;0.01;0.16;9.00;1;0.64,0.78,1.00,1.00,0.78,0.78,0.64,0.50,0.64,0.50,0.78,0.78
does fostering affect universal credit;4;4;90;6.01;https://www.nationalfosteringgroup.co.uk/thinking-about-fostering/support-and-benefits/financial-support/state-benefits-and-pensions/;3;0.01;0.12;8.00;1;0.42,0.80,0.52,0.52,0.52,0.33,0.23,0.42,0.42,0.42,0.33,0.23
behaviour reward chart;7;7;140;0.29;https://www.nationalfosteringgroup.co.uk/news-and-blog/how-to-use-a-rewards-chart-successfully/;3;0.01;1.00;17.00;1;0.53,0.42,0.53,1.00,0.42,0.53,0.26,0.53,0.42,0.42,0.34,0.42
fostering in london uk;6;6;170;6.73;https://www.nationalfosteringgroup.co.uk/find-our-agencies/fostering-in-london/;3;0.01;0.62;37.00;0;0.43,0.65,0.43,1.00,0.53,0.43,0.34,0.53,0.43,0.43,0.34,0.34
foster care process;7;7;140;4.91;https://www.nationalfosteringgroup.co.uk/thinking-about-fostering/what-is-fostering/;3;0.01;0.52;20.00;1;0.26,0.65,0.65,0.53,0.53,0.53,0.65,0.65,0.42,0.34,0.26,0.26
meaning of fostering in english;5;5;110;2.03;https://www.nationalfosteringgroup.co.uk/thinking-about-fostering/what-is-fostering/;3;0.01;0.03;28.00;1;0.82,0.64,0.64,1.00,0.82,0.64,0.52,1.00,0.82,0.17,0.41,0.17
foster care social worker;6;6;140;1.59;https://www.nationalfosteringgroup.co.uk/careers/work-for-us/social-work/supervising-social-worker/;3;0.01;0.22;9.00;1;0.65,0.53,0.80,0.65,0.53,0.53,0.53,0.80,0.42,0.42,0.42,0.34
animal foster parent;8;8;170;0.99;https://www.nationalfosteringgroup.co.uk/news-and-blog/pets-do-not-usually-present-a-problem-when-adopting-or-fostering-unless-they-are-known-to-be-dangerous/;3;0.01;0.15;26.00;1;0.35,0.17,0.28,0.53,0.43,0.35,0.43,1.00,0.35,0.35,0.28,0.43
long term fostering or adoption;4;4;110;0.00;https://www.nationalfosteringgroup.co.uk/thinking-about-fostering/should-i-foster-or-adopt/;3;0.01;0.33;7.00;1;0.07,0.42,0.42,0.42,0.53,0.53,1.00,0.53,0.34,0.34,0.26,0.42
foster caring pay;5;5;110;1.83;https://www.nationalfosteringgroup.co.uk/thinking-about-fostering/support-and-benefits/financial-support/fostering-allowance/;3;0.01;0.57;20.00;1;0.66,0.80,0.80,0.52,0.66,0.80,1.00,0.42,0.19,0.42,0.23,0.42
my charms foster carer login;7;7;140;0.00;https://www.nationalfosteringgroup.co.uk/;3;0.01;0.02;9.00;3;0.00,0.00,0.00,0.00,0.00,0.35,0.53,0.43,0.82,1.00,0.53,0.66
fostering in warrington;3;3;110;4.57;https://www.nationalfosteringgroup.co.uk/national-fostering-agency/north-west/;3;0.01;0.44;8.00;2;0.50,0.50,0.78,1.00,0.78,1.00,0.78,0.78,0.64,0.64,0.64,0.64
rewards chart for kids;7;7;140;0.00;https://www.nationalfosteringgroup.co.uk/news-and-blog/how-to-use-a-rewards-chart-successfully/;3;0.01;0.00;20.00;1;0.80,0.80,0.66,1.00,0.66,0.66,0.42,1.00,0.66,0.52,0.52,0.42
fostering agency wombourne;3;3;110;0.00;https://www.nationalfosteringgroup.co.uk/find-our-agencies/fostering-in-wolverhampton/;3;0.01;0.00;9.00;1;0.00,0.33,0.33,0.42,0.52,0.42,1.00,1.00,1.00,0.66,0.42,0.52
foster care west midlands;6;6;170;11.58;https://www.nationalfosteringgroup.co.uk/find-our-agencies/fostering-in-birmingham/;3;0.01;0.05;17.00;0;0.03,0.53,0.53,0.65,0.80,0.65,1.00,0.80,0.80,0.65,0.53,0.65
emergency placement foster care;2;2;90;4.64;https://www.nationalfosteringgroup.co.uk/thinking-about-fostering/types-of-foster-care/emergency-foster-care/;3;0.01;0.53;7.00;1;1.00,1.00,0.78,0.78,0.78,1.00,0.78,0.50,0.35,0.28,0.35,0.35
how long does it take to become a foster parent;3;3;390;4.72;https://www.nationalfosteringgroup.co.uk/thinking-about-fostering/becoming-a-foster-carer/;3;0.01;0.59;20.00;1;0.20,0.36,0.36,0.36,0.36,0.30,0.36,0.30,0.24,0.20,0.30,0.30
how much does a foster parent get paid;2;2;260;1.31;https://www.nationalfosteringgroup.co.uk/thinking-about-fostering/support-and-benefits/financial-support/fostering-allowance/;3;0.01;0.56;22.00;1;0.29,0.43,0.43,0.43,0.43,0.54,0.54,0.43,0.43,0.66,1.00,0.43
fostering derbyshire;7;7;140;8.95;https://www.nationalfosteringgroup.co.uk/find-our-agencies/fostering-in-derby/;3;0.01;0.66;9.00;1;0.52,1.00,1.00,0.80,0.80,1.00,0.80,0.52,0.42,0.52,0.52,0.52
do you get paid for fostering a dog;9;9;170;0.79;https://www.nationalfosteringgroup.co.uk/thinking-about-fostering/support-and-benefits/financial-support/fostering-allowance/;3;0.01;0.03;31.00;1;0.28,0.21,0.34,0.53,0.53,0.43,0.53,1.00,0.65,0.65,0.34,0.65
can you foster and work full-time uk;2;2;110;2.60;https://www.nationalfosteringgroup.co.uk/thinking-about-fostering/who-can-foster/can-you-foster-and-work-full-time/;3;0.01;0.70;10.00;1;1.00,1.00,0.80,0.42,0.42,0.42,0.33,0.33,0.42,0.33,0.42,0.23
foster care agency near me;1;1;90;11.14;https://www.nationalfosteringgroup.co.uk/find-our-agencies/;3;0.01;0.73;14.00;3;0.66,0.66,0.52,0.42,0.23,0.33,0.23,0.14,0.14,1.00,0.19,0.23
career foster;3;3;90;3.87;https://www.nationalfosteringgroup.co.uk/careers/;3;0.01;0.19;0.0;0;0.07,0.34,0.42,0.42,0.42,1.00,0.26,0.26,0.19,0.19,0.07,0.07
uk foster care;4;4;90;5.18;https://www.nationalfosteringgroup.co.uk/thinking-about-fostering/what-is-fostering/;3;0.01;0.64;41.00;1;0.05,0.02,0.03,0.03,0.01,0.01,0.16,0.01,0.30,0.01,0.02,0.02
foster care support worker;1;1;110;2.49;https://www.nationalfosteringgroup.co.uk/careers/work-for-us/social-work/support-worker/;3;0.01;0.29;15.00;0;0.26,0.53,1.00,0.65,0.26,0.26,0.26,0.26,0.26,0.26,0.26,0.26
fostering law;8;8;140;0.00;https://www.nationalfosteringgroup.co.uk/thinking-about-fostering/what-is-fostering/;3;0.01;0.33;9.00;1;0.26,0.34,0.42,0.42,1.00,1.00,0.80,1.00,0.65,0.42,0.53,0.11
form f assessor training;9;9;210;2.11;https://www.nationalfosteringgroup.co.uk/thinking-about-fostering/becoming-a-foster-carer/form-f/;3;0.01;0.17;9.00;1;0.43,0.65,0.81,1.00,1.00,0.81,0.65,0.81,0.65,0.81,0.34,0.43
angela hart;3;3;110;0.00;https://www.nationalfosteringgroup.co.uk/news-and-blog/an-interview-with-best-selling-author-and-foster-carer-angela-hart/;3;0.01;0.18;26.00;1;0.28,0.34,0.34,0.28,0.34,0.34,0.53,0.21,0.34,0.53,0.34,0.21
fostering allowance ni;5;5;110;1.25;https://www.nationalfosteringgroup.co.uk/find-our-agencies/fostering-in-newtownards/;3;0.01;0.51;12.00;1;0.41,1.00,1.00,0.64,0.41,0.64,0.52,0.52,0.82,0.64,0.64,0.64
how much is foster care;2;2;90;2.07;https://www.nationalfosteringgroup.co.uk/thinking-about-fostering/support-and-benefits/financial-support/fostering-allowance/;3;0.01;0.52;20.00;1;0.80,0.52,0.52,0.42,0.33,0.33,0.33,0.33,0.33,0.23,0.33,0.23
foster jobs near me;3;3;90;5.09;https://www.nationalfosteringgroup.co.uk/careers/job-vacancies/;3;0.01;0.60;11.00;3;0.78,0.50,0.50,0.78,0.64,0.50,0.50,0.64,0.50,0.50,0.50,0.50
foster care leicester;5;5;140;8.75;https://www.nationalfosteringgroup.co.uk/jay-fostering/;3;0.01;0.52;21.00;0;0.33,0.66,0.66,0.66,0.80,1.00,0.66,0.80,0.66,0.80,0.66,0.66
fostering stoke on trent;7;7;260;11.41;https://www.nationalfosteringgroup.co.uk/find-our-agencies/fostering-in-stoke-on-trent/;3;0.01;0.59;14.00;0;0.28,1.00,1.00,0.81,1.00,0.81,0.81,0.65,1.00,0.65,0.81,0.65
foster parents pay uk;4;4;110;1.72;https://www.nationalfosteringgroup.co.uk/thinking-about-fostering/support-and-benefits/financial-support/fostering-allowance/;3;0.01;0.56;17.00;1;0.64,1.00,1.00,0.82,0.52,0.64,0.64,0.41,0.29,0.41,0.41,0.41
can you work and be a foster carer;4;4;140;2.97;https://www.nationalfosteringgroup.co.uk/thinking-about-fostering/who-can-foster/can-you-foster-and-work-full-time/;3;0.01;0.63;9.00;1;0.43,0.43,0.43,0.43,0.65,0.53,0.43,0.43,0.34,0.28,0.34,0.34
foster care bedroom;4;4;110;0.00;https://www.nationalfosteringgroup.co.uk/thinking-about-fostering/spare-rooms-and-fostering/;3;0.01;0.09;6.00;1;0.42,0.66,1.00,1.00,0.52,0.80,0.52,0.42,0.23,0.23,0.23,0.19
step-down foster care;7;7;170;0.00;https://www.nationalfosteringgroup.co.uk/thinking-about-fostering/types-of-foster-care/bridging-fostering/;3;0.01;0.08;6.00;1;0.04,1.00,1.00,1.00,1.00,1.00,1.00,0.66,0.52,0.52,0.52,0.52
do you get paid to be a foster parent;2;2;260;1.86;https://www.nationalfosteringgroup.co.uk/thinking-about-fostering/support-and-benefits/financial-support/fostering-allowance/;3;0.01;0.54;27.00;1;1.00,0.81,0.65,1.00,0.81,0.65,0.43,0.65,0.81,0.81,1.00,0.65
fostering in scotland;8;8;170;4.69;https://www.nationalfosteringgroup.co.uk/find-our-agencies/fostering-in-scotland/;3;0.01;0.71;18.00;1;0.21,0.53,0.65,0.65,0.65,0.53,0.53,0.65,0.53,0.65,0.43,0.53
foster care lincolnshire;4;4;110;6.93;https://www.nationalfosteringgroup.co.uk/find-our-agencies/fostering-in-lincoln/;3;0.01;0.63;20.00;1;0.26,0.53,0.42,0.53,0.42,0.65,0.65,0.34,0.26,0.26,0.34,0.26
can single people be foster parents;3;3;140;3.13;https://www.nationalfosteringgroup.co.uk/thinking-about-fostering/who-can-foster/can-you-be-a-single-foster-parent/;3;0.01;0.52;7.00;1;0.34,0.21,0.21,1.00,1.00,1.00,0.53,0.53,0.34,0.21,0.21,0.15
fostering in london;2;2;170;6.73;https://www.nationalfosteringgroup.co.uk/find-our-agencies/fostering-in-london/;3;0.01;0.62;26.00;1;0.21,0.43,0.65,0.81,1.00,1.00,0.53,0.43,0.43,0.34,0.28,0.34
fostering requirements uk;4;4;390;3.42;https://www.nationalfosteringgroup.co.uk/thinking-about-fostering/who-can-foster/;3;0.01;0.59;28.00;1;0.35,0.81,0.81,0.66,0.66,1.00,0.81,0.66,0.54,0.54,0.54,0.66
fostering manager jobs;7;7;140;0.59;https://www.nationalfosteringgroup.co.uk/careers/work-for-us/social-work/registered-manager/;3;0.01;0.03;10.00;0;0.66,0.42,0.42,0.52,0.66,0.52,0.66,0.42,0.80,0.80,1.00,0.80
how do you become a foster parent;4;4;390;7.20;https://www.nationalfosteringgroup.co.uk/thinking-about-fostering/becoming-a-foster-carer/;3;0.01;0.63;33.00;1;0.55,0.24,0.24,0.30,0.16,0.24,0.24,0.45,0.08,0.36,0.16,0.76
foster families near me;1;1;110;2.95;https://www.nationalfosteringgroup.co.uk/find-our-agencies/;3;0.01;0.54;19.00;3;0.14,0.66,0.66,0.66,0.80,0.80,0.80,0.52,0.33,0.42,0.42,0.42
nfa charms login;9;9;170;0.00;https://www.nationalfosteringgroup.co.uk/thinking-about-fostering/support-and-benefits/training/;3;0.01;0.01;8.00;3;0.05,0.05,0.04,0.07,0.05,0.05,0.07,0.05,0.03,0.03,0.02,0.01
ramadan festival;8;8;170;0.00;https://www.nationalfosteringgroup.co.uk/news-and-blog/ramadan-and-eid-festival-explained-information-for-carers/;3;0.01;0.33;53.00;1;0.07,0.07,0.04,0.07,0.07,0.12,0.07,0.54,0.67,0.44,0.07,0.07
foster families;7;7;260;4.37;https://www.nationalfosteringgroup.co.uk/thinking-about-fostering/what-is-fostering/;3;0.01;0.36;22.00;1;0.32,0.32,0.26,0.26,0.32,0.32,0.26,0.21,0.26,0.21,0.21,0.21
mockingbird family model;5;5;140;6.93;https://www.nationalfosteringgroup.co.uk/thinking-about-fostering/mockingbird-family-model/;3;0.01;0.18;9.00;1;0.15,0.42,0.42,0.53,0.65,0.53,1.00,0.65,0.65,0.53,0.42,0.42
form f assessor;6;6;140;1.06;https://www.nationalfosteringgroup.co.uk/thinking-about-fostering/becoming-a-foster-carer/form-f/;3;0.01;0.33;7.00;1;0.34,0.65,1.00,1.00,0.53,0.53,0.53,0.42,0.26,0.42,0.34,0.26
nfa fostering;2;2;170;3.53;https://www.nationalfosteringgroup.co.uk/;3;0.01;0.53;38.00;2;0.65,0.80,1.00,0.80,0.65,0.53,0.42,0.65,0.53,0.53,0.42,0.42
fostering shropshire;5;5;110;7.48;https://www.nationalfosteringgroup.co.uk/sunflower-fostering/;3;0.01;0.72;8.00;1;0.35,0.78,0.78,0.78,1.00,1.00,0.78,0.78,1.00,1.00,0.78,0.78
private fostering agencies in north west;6;6;140;0.00;https://www.nationalfosteringgroup.co.uk/national-fostering-agency/north-west/;3;0.01;0.00;16.00;0;0.03,0.42,0.53,0.53,0.65,1.00,1.00,0.80,0.42,0.34,0.34,0.26
foster caring;5;5;390;5.91;https://www.nationalfosteringgroup.co.uk/thinking-about-fostering/becoming-a-foster-carer/;3;0.01;0.61;34.00;1;0.16,0.36,0.30,0.30,0.30,0.24,0.24,0.45,0.45,0.24,0.20,0.36
fostering newcastle;3;3;210;7.84;https://www.nationalfosteringgroup.co.uk/find-our-agencies/fostering-in-newcastle/;3;0.01;0.70;20.00;1,3;0.80,1.00,1.00,1.00,1.00,0.80,0.65,0.65,0.65,0.53,0.42,0.42
disability foster care;5;5;170;5.42;https://www.nationalfosteringgroup.co.uk/thinking-about-fostering/who-can-foster/fostering-with-a-disability/;3;0.01;0.35;11.00;1;0.34,1.00,1.00,0.80,0.65,0.80,1.00,0.53,0.19,0.34,0.34,0.42
playday;6;6;590;0.00;https://www.nationalfosteringgroup.co.uk/news-and-blog/celebrating-the-benefits-of-play-for-children-on-national-playday/;3;0.01;0.33;30.00;2;0.13,0.13,0.13,0.10,0.13,0.18,0.08,0.07,0.10,0.10,0.10,0.10
what is fostering a child;3;3;110;0.00;https://www.nationalfosteringgroup.co.uk/thinking-about-fostering/what-is-fostering/;3;0.01;0.00;35.00;1;0.33,1.00,0.80,0.66,0.52,0.66,0.42,0.66,0.52,0.42,0.42,0.42
what's the difference between fostering and adoption;7;7;140;1.37;https://www.nationalfosteringgroup.co.uk/thinking-about-fostering/should-i-foster-or-adopt/;3;0.01;0.20;7.00;1;0.42,0.65,0.80,0.65,0.19,0.19,0.80,0.65,1.00,0.19,0.26,0.42
foster parent pay uk;2;2;260;1.72;https://www.nationalfosteringgroup.co.uk/thinking-about-fostering/support-and-benefits/financial-support/fostering-allowance/;3;0.01;0.56;27.00;1;0.17,0.32,0.14,0.48,0.14,0.17,0.21,0.39,0.39,0.26,0.21,0.17
charms log in;7;7;140;0.00;https://www.nationalfosteringgroup.co.uk/;3;0.01;0.33;8.00;3;0.15,0.29,0.36,0.15,0.15,0.19,0.15,0.15,0.19,0.15,0.15,0.19
how much do private fostering agencies pay;7;7;210;2.67;https://www.nationalfosteringgroup.co.uk/thinking-about-fostering/support-and-benefits/financial-support/fostering-allowance/;3;0.01;0.53;20.00;1;0.06,0.65,0.65,0.81,1.00,1.00,1.00,1.00,0.43,0.34,0.34,0.34
fostering in manchester;4;4;140;8.71;https://www.nationalfosteringgroup.co.uk/find-our-agencies/fostering-in-manchester/;3;0.01;0.59;16.00;0;0.80,0.42,0.80,1.00,0.53,0.65,0.42,0.34,0.53,0.65,0.34,0.65
permanent fostering;2;2;90;2.76;https://www.nationalfosteringgroup.co.uk/thinking-about-fostering/types-of-foster-care/long-term-fostering/;3;0.01;0.40;9.00;1;0.78,0.78,0.78,1.00,0.78,1.00,0.64,0.50,0.50,0.50,0.50,0.64
independent foster care agencies;2;2;140;0.00;https://www.nationalfosteringgroup.co.uk/find-our-agencies/;3;0.01;0.25;28.00;1;0.09,0.80,1.00,1.00,1.00,1.00,0.80,0.52,0.33,0.33,0.52,0.52
foster a child in midlands;4;4;110;0.00;https://www.nationalfosteringgroup.co.uk/find-our-agencies/fostering-in-birmingham/;3;0.01;0.00;13.00;1;0.21,0.21,0.28,0.34,0.34,0.43,0.21,1.00,0.34,0.21,0.21,0.21
be a foster carer;3;3;110;7.31;https://www.nationalfosteringgroup.co.uk/thinking-about-fostering/becoming-a-foster-carer/;3;0.01;0.71;18.00;1;0.50,0.64,0.78,0.64,0.78,0.78,0.78,0.78,0.78,0.78,0.78,0.78
fostering agencies walsall;3;3;110;0.00;https://www.nationalfosteringgroup.co.uk/find-our-agencies/fostering-in-walsall/;3;0.01;0.00;9.00;0;0.35,0.50,0.64,0.78,0.64,1.00,1.00,1.00,1.00,0.64,0.78,1.00
fostering hampshire;4;4;320;4.71;https://www.nationalfosteringgroup.co.uk/find-our-agencies/fostering-in-hampshire/;3;0.01;0.53;16.00;2;0.43,0.82,0.82,0.82,0.82,1.00,0.82,0.66,0.66,0.66,1.00,1.00
foster homes london;2;2;90;5.63;https://www.nationalfosteringgroup.co.uk/find-our-agencies/fostering-in-london/;3;0.01;0.61;22.00;0;0.63,1.00,0.81,0.63,0.81,0.81,0.81,1.00,0.81,0.63,0.81,0.81
fostering regulations bedroom sharing;6;6;140;0.00;https://www.nationalfosteringgroup.co.uk/thinking-about-fostering/spare-rooms-and-fostering/;3;0.01;0.17;8.00;1;0.80,1.00,0.80,0.34,0.26,0.42,0.53,0.42,0.42,0.42,0.34,0.34
how much do foster parents get paid london;3;3;110;1.48;https://www.nationalfosteringgroup.co.uk/thinking-about-fostering/support-and-benefits/financial-support/fostering-allowance/;3;0.01;0.66;18.00;1;0.17,1.00,1.00,0.82,0.64,1.00,0.52,0.41,0.29,0.41,0.41,0.41
best fostering agency in walsall;2;2;110;0.00;https://www.nationalfosteringgroup.co.uk/find-our-agencies/fostering-in-walsall/;3;0.01;0.00;12.00;0;0.33,0.33,0.42,0.33,0.42,0.80,1.00,0.66,0.66,0.52,0.52,0.66
fostering in burnley;1;1;110;5.22;https://www.nationalfosteringgroup.co.uk/find-our-agencies/fostering-in-burnley/;3;0.01;0.06;8.00;0;0.29,0.64,0.64,0.64,0.82,0.82,0.82,0.82,0.82,0.64,0.64,0.64
staying put policy;7;7;140;0.00;https://www.nationalfosteringgroup.co.uk/thinking-about-fostering/types-of-foster-care/staying-put/;3;0.01;0.01;9.00;1;1.00,0.28,0.18,0.18,0.23,0.18,0.08,0.18,0.28,0.23,0.11,0.15
become foster parents;7;7;140;8.75;https://www.nationalfosteringgroup.co.uk/thinking-about-fostering/becoming-a-foster-carer/;3;0.01;0.65;26.00;0;0.06,0.53,0.43,0.43,0.53,0.65,0.65,0.34,0.15,0.28,0.28,0.34
foster child meaning;6;6;170;0.00;https://www.nationalfosteringgroup.co.uk/thinking-about-fostering/what-is-fostering/;3;0.01;0.00;36.00;1;0.32,0.32,0.32,0.26,0.21,0.21,0.26,0.17,0.17,0.01,0.01,0.01
foster care requirements uk;5;5;110;3.42;https://www.nationalfosteringgroup.co.uk/thinking-about-fostering/who-can-foster/;3;0.01;0.59;27.00;1;0.80,0.52,0.52,0.33,0.33,1.00,0.42,0.33,0.42,0.42,0.42,0.42
respite fostering pay uk;7;7;110;0.00;https://www.nationalfosteringgroup.co.uk/thinking-about-fostering/types-of-foster-care/stayover-care/;2;0.01;0.52;15.00;1;0.05,0.28,0.28,0.28,0.23,0.28,0.23,0.15,0.11,0.15,0.11,0.15
breakdown of fostering allowance;10;10;390;1.51;https://www.nationalfosteringgroup.co.uk/thinking-about-fostering/support-and-benefits/financial-support/fostering-allowance/;2;0.01;0.42;21.00;1;0.66,1.00,1.00,0.81,0.66,0.81,0.66,0.66,0.66,0.54,0.54,0.54
foster care vs adoption;8;8;320;0.86;https://www.nationalfosteringgroup.co.uk/thinking-about-fostering/should-i-foster-or-adopt/;2;0.01;0.12;9.00;0;0.23,0.28,0.35,0.66,1.00,1.00,0.66,0.66,0.23,0.35,0.35,0.35
part time foster care;7;7;110;5.02;https://www.nationalfosteringgroup.co.uk/thinking-about-fostering/types-of-foster-care/stayover-care/;2;0.01;0.73;9.00;1;0.53,0.65,1.00,1.00,0.34,0.26,0.42,0.34,0.26,0.26,0.26,0.26
becoming a foster home;6;6;480;8.75;https://www.nationalfosteringgroup.co.uk/thinking-about-fostering/becoming-a-foster-carer/;2;0.01;0.65;24.00;2;0.00,0.00,0.00,0.00,0.00,1.00,1.00,0.76,0.45,0.76,0.24,0.45
behaviour reward charts;5;5;110;0.29;https://www.nationalfosteringgroup.co.uk/news-and-blog/how-to-use-a-rewards-chart-successfully/;2;0.01;1.00;16.00;1;0.29,0.14,0.14,0.18,0.18,0.29,0.18,0.35,0.29,0.02,0.18,0.22
form f assessors;6;6;90;1.90;https://www.nationalfosteringgroup.co.uk/thinking-about-fostering/becoming-a-foster-carer/form-f/;2;0.01;0.33;6.00;0,1;0.19,0.42,0.53,0.53,0.42,0.42,0.34,0.26,0.19,0.34,0.19,0.26
how to foster a child;16;16;720;7.17;https://www.nationalfosteringgroup.co.uk/thinking-about-fostering/who-can-foster/;2;0.01;0.64;23.00;1;0.39,0.88,0.72,0.72,0.72,1.00,1.00,1.00,0.72,0.72,0.72,0.72
fostering and adoption uk;5;5;110;1.01;https://www.nationalfosteringgroup.co.uk/thinking-about-fostering/should-i-foster-or-adopt/;2;0.01;0.59;14.00;1;0.82,0.64,0.64,0.41,0.52,0.64,0.64,0.82,0.82,0.82,0.64,0.82
fostering sunderland;5;5;110;7.71;https://www.nationalfosteringgroup.co.uk/find-our-agencies/fostering-in-sunderland/;2;0.01;0.20;14.00;3;0.34,0.43,0.34,0.53,0.34,0.43,0.34,0.28,0.28,0.28,0.34,0.34
foster care newcastle;5;5;90;7.84;https://www.nationalfosteringgroup.co.uk/find-our-agencies/fostering-in-newcastle/;2;0.01;0.70;14.00;2;0.34,0.34,0.34,0.34,0.42,0.34,0.34,0.26,0.42,0.26,0.26,0.26
foster care bedroom requirements;9;9;140;0.00;https://www.nationalfosteringgroup.co.uk/thinking-about-fostering/spare-rooms-and-fostering/;2;0.01;0.33;7.00;1;0.34,0.65,1.00,0.65,0.34,0.28,0.34,0.34,0.28,0.28,0.28,0.34
childrens behaviour chart;10;10;320;0.24;https://www.nationalfosteringgroup.co.uk/news-and-blog/how-to-use-a-rewards-chart-successfully/;2;0.01;1.00;18.00;1;0.05,0.12,0.36,0.29,0.09,0.54,0.54,0.81,0.66,0.66,0.29,0.66
essex fostering;5;5;210;5.57;https://www.nationalfosteringgroup.co.uk/find-our-agencies/fostering-in-essex/;2;0.01;0.63;21.00;2;0.65,1.00,1.00,0.81,0.81,0.81,0.81,0.65,0.43,0.53,0.43,0.53
disability fostering;6;6;110;5.42;https://www.nationalfosteringgroup.co.uk/thinking-about-fostering/who-can-foster/fostering-with-a-disability/;2;0.01;0.35;12.00;1;0.34,0.80,0.65,0.65,0.53,0.26,0.80,0.34,0.19,0.34,0.26,0.42
uk fostering pay;7;7;90;1.97;https://www.nationalfosteringgroup.co.uk/thinking-about-fostering/support-and-benefits/financial-support/fostering-allowance/;2;0.01;0.71;20.00;1;0.23,0.28,0.23,0.23,0.35,0.28,0.23,0.17,0.17,0.17,0.23,0.23
form f training;9;9;110;1.14;https://www.nationalfosteringgroup.co.uk/thinking-about-fostering/becoming-a-foster-carer/form-f/;2;0.01;0.33;7.00;1;0.15,0.23,0.23,0.23,0.23,0.23,0.18,0.15,0.15,0.15,0.15,0.18
how much is fostering allowance;11;11;320;1.46;https://www.nationalfosteringgroup.co.uk/thinking-about-fostering/support-and-benefits/financial-support/fostering-allowance/;2;0.01;0.55;17.00;1;0.35,0.66,1.00,0.66,0.66,0.66,0.35,0.44,0.44,0.44,0.35,0.35
foster care allowance uk;6;6;110;1.88;https://www.nationalfosteringgroup.co.uk/thinking-about-fostering/support-and-benefits/financial-support/fostering-allowance/;2;0.01;0.61;20.00;1;0.15,0.12,0.15,0.19,0.12,0.15,0.12,0.19,0.10,0.10,0.10,0.12
criteria for fostering;5;5;260;3.97;https://www.nationalfosteringgroup.co.uk/thinking-about-fostering/who-can-foster/;2;0.01;0.44;15.00;2;0.22,0.54,0.54,1.00,1.00,0.81,1.00,0.81,0.35,0.35,0.22,0.22
fostering liverpool;3;3;170;8.87;https://www.nationalfosteringgroup.co.uk/find-our-agencies/fostering-in-liverpool/;2;0.01;0.59;20.00;2,3;0.80,1.00,0.66,0.80,0.80,1.00,0.80,0.80,0.80,0.80,0.66,1.00
fostering agencies north east;5;5;110;0.00;https://www.nationalfosteringgroup.co.uk/find-our-agencies/fostering-in-durham/;2;0.01;0.40;21.00;0;0.14,0.78,0.64,0.78,0.78,1.00,1.00,1.00,0.64,0.64,0.64,0.64
parent foster;5;5;90;6.70;https://www.nationalfosteringgroup.co.uk/thinking-about-fostering/what-is-fostering/;2;0.01;0.55;32.00;1;0.66,0.33,0.42,1.00,0.33,0.33,0.23,0.33,0.09,0.23,0.33,0.33
fostering allowance;26;26;1600;2.01;https://www.nationalfosteringgroup.co.uk/thinking-about-fostering/support-and-benefits/financial-support/fostering-allowance/;2;0.01;0.57;23.00;1;0.54,0.79,0.79,0.66,0.66,0.66,0.54,0.66,0.54,0.54,0.54,0.54
to foster;5;5;90;6.70;https://www.nationalfosteringgroup.co.uk/thinking-about-fostering/becoming-a-foster-carer/;2;0.01;0.06;24.00;1;0.42,0.42,0.52,0.80,0.52,0.52,0.33,0.66,0.23,0.23,0.42,0.42
foster care hiring;12;12;320;3.63;https://www.nationalfosteringgroup.co.uk/careers/job-vacancies/;2;0.01;0.51;13.00;0;1.00,0.81,0.66,0.66,1.00,0.66,0.54,0.54,0.66,0.54,0.66,0.43
national fostering group jobs;3;3;170;1.64;https://www.nationalfosteringgroup.co.uk/careers/work-for-us/;2;0.01;0.12;18.00;0;0.42,0.65,0.65,0.65,0.65,0.65,0.34,0.80,0.53,1.00,0.53,0.53
fostering allowance uk;10;10;170;1.88;https://www.nationalfosteringgroup.co.uk/thinking-about-fostering/support-and-benefits/financial-support/fostering-allowance/;2;0.01;0.61;18.00;1;0.42,0.66,0.52,1.00,0.52,0.66,0.52,1.00,1.00,0.80,1.00,1.00
faoster;6;6;90;6.09;https://www.nationalfosteringgroup.co.uk/thinking-about-fostering/what-is-fostering/;2;0.01;0.44;59.00;1;0.01,0.02,0.00,0.01,0.01,0.00,0.00,1.00,0.00,0.00,0.00,0.00
how to become a foster parent northern ireland;9;9;110;2.43;https://www.nationalfosteringgroup.co.uk/find-our-agencies/fostering-in-newtownards/;2;0.01;0.33;18.00;1;0.19,0.33,0.66,0.80,0.80,1.00,0.66,0.52,0.52,0.66,0.52,0.52
foster carers tax allowance;3;3;260;1.62;https://www.nationalfosteringgroup.co.uk/thinking-about-fostering/support-and-benefits/financial-support/tax-and-foster-care/;2;0.01;0.21;16.00;1;0.53,0.82,1.00,1.00,0.82,0.82,0.82,1.00,0.43,0.43,0.43,0.53
fostering yorkshire;7;7;110;7.29;https://www.nationalfosteringgroup.co.uk/national-fostering-agency/north/;2;0.01;0.55;13.00;1;0.11,0.64,0.64,1.00,1.00,1.00,1.00,0.64,0.64,0.64,0.64,0.64
fostering allowance and universal credit;6;6;110;0.00;https://www.nationalfosteringgroup.co.uk/thinking-about-fostering/support-and-benefits/financial-support/state-benefits-and-pensions/;2;0.01;0.09;9.00;1;1.00,0.78,0.78,0.78,0.64,0.78,0.64,0.64,0.64,0.50,0.50,0.50
foster carer uk;6;6;90;5.19;https://www.nationalfosteringgroup.co.uk/thinking-about-fostering/becoming-a-foster-carer/;2;0.01;0.68;22.00;1;0.28,0.34,0.21,0.21,1.00,0.21,0.21,0.21,0.21,0.21,0.21,0.21
short break foster care;8;8;110;3.81;https://www.nationalfosteringgroup.co.uk/thinking-about-fostering/types-of-foster-care/stayover-care/;2;0.01;0.49;11.00;1;0.09,0.80,0.80,0.66,0.66,0.52,0.66,0.42,0.33,0.42,0.33,0.52
how do i foster a child;6;6;140;0.00;https://www.nationalfosteringgroup.co.uk/thinking-about-fostering/types-of-foster-care/fostering-unaccompanied-children/;2;0.01;0.00;28.00;1;0.52,0.64,0.52,0.64,0.82,0.82,0.82,0.82,0.82,0.82,0.82,0.82
become a foster care parent;3;3;210;8.75;https://www.nationalfosteringgroup.co.uk/thinking-about-fostering/becoming-a-foster-carer/;2;0.01;0.65;30.00;1;0.28,1.00,0.66,0.53,0.53,0.82,0.66,0.53,0.43,0.53,0.35,0.28
fostering north wales;6;6;110;8.01;https://www.nationalfosteringgroup.co.uk/fostering-solutions/wales/;2;0.01;0.81;22.00;0;0.64,0.64,0.64,0.82,1.00,0.82,0.64,0.52,0.52,0.64,0.64,0.64
foster system;5;5;90;3.19;https://www.nationalfosteringgroup.co.uk/thinking-about-fostering/what-is-fostering/;2;0.01;0.33;34.00;1;0.52,0.64,0.64,0.64,0.41,0.41,0.64,0.41,0.41,0.41,0.41,0.41
how to foster a child uk;11;11;320;0.00;https://www.nationalfosteringgroup.co.uk/thinking-about-fostering/who-can-foster/;2;0.01;0.00;22.00;1;0.44,0.44,0.29,0.36,0.36,0.29,0.29,0.29,0.29,0.23,0.29,0.29
fostering application process;9;9;110;5.92;https://www.nationalfosteringgroup.co.uk/thinking-about-fostering/becoming-a-foster-carer/;2;0.01;0.71;12.00;1;0.09,0.42,0.52,0.52,0.80,0.66,1.00,0.80,0.52,0.66,0.52,0.52
foster caregiver;5;0;90;5.67;https://www.nationalfosteringgroup.co.uk/thinking-about-fostering/becoming-a-foster-carer/;2;0.01;0.61;18.00;1;0.00,0.03,0.03,0.28,0.43,0.28,0.34,0.43,0.34,0.43,0.43,0.43
fostering agencies west yorkshire;6;6;110;0.00;https://www.nationalfosteringgroup.co.uk/national-fostering-agency/north/;2;0.01;0.33;8.00;0;0.11,1.00,1.00,0.82,1.00,1.00,1.00,0.52,0.41,0.64,0.52,0.64
how much do a foster parent get paid;2;2;170;1.31;https://www.nationalfosteringgroup.co.uk/thinking-about-fostering/support-and-benefits/financial-support/fostering-allowance/;2;0.01;0.56;22.00;1;0.00,0.00,0.00,0.00,0.00,0.00,0.00,0.00,0.00,0.00,0.00,1.00
foster parent uk;13;13;590;5.19;https://www.nationalfosteringgroup.co.uk/thinking-about-fostering/what-is-fostering/;2;0.01;0.68;20.00;1;0.45,0.45,0.67,0.55,0.45,0.36,0.45,0.76,0.45,0.45,0.30,0.36
foster family support;4;4;90;2.21;https://www.nationalfosteringgroup.co.uk/thinking-about-fostering/what-is-fostering/;2;0.01;0.28;34.00;1;0.64,0.41,0.29,0.29,0.41,1.00,0.64,0.64,0.41,0.41,0.41,0.23
fostering blackburn;6;6;110;10.93;https://www.nationalfosteringgroup.co.uk/find-our-agencies/fostering-in-blackburn/;2;0.01;0.75;9.00;0;0.23,0.66,0.66,0.66,0.66,1.00,0.66,0.66,0.42,0.42,0.42,0.52
foster carer;18;18;1900;5.91;https://www.nationalfosteringgroup.co.uk/thinking-about-fostering/support-and-benefits/financial-support/fostering-allowance/;2;0.01;0.61;24.00;1,2;0.44,0.44,0.44,0.66,0.44,0.44,0.44,1.00,0.44,0.36,0.36,0.66
difference between foster and adopt;8;8;140;0.40;https://www.nationalfosteringgroup.co.uk/thinking-about-fostering/should-i-foster-or-adopt/;2;0.01;0.12;8.00;1;0.03,0.28,0.23,0.23,0.28,0.44,0.35,0.28,0.23,0.18,0.15,0.18
do you get paid to foster a dog;8;8;110;0.79;https://www.nationalfosteringgroup.co.uk/thinking-about-fostering/support-and-benefits/financial-support/fostering-allowance/;2;0.01;0.03;24.00;1;0.78,0.78,0.50,0.78,1.00,0.50,0.78,1.00,1.00,0.78,0.78,0.78
tax relief for foster carers;6;6;110;1.37;https://www.nationalfosteringgroup.co.uk/thinking-about-fostering/support-and-benefits/financial-support/tax-and-foster-care/;2;0.01;0.25;16.00;1;0.64,0.64,0.78,0.78,0.64,1.00,1.00,0.64,0.64,0.64,0.78,0.78
fostering leeds;8;8;210;9.44;https://www.nationalfosteringgroup.co.uk/find-our-agencies/fostering-in-leeds/;2;0.01;0.71;16.00;2;0.43,1.00,0.81,0.81,1.00,1.00,0.65,0.65,0.53,0.53,0.65,0.65
weekend fostering pay;7;7;90;2.11;https://www.nationalfosteringgroup.co.uk/thinking-about-fostering/types-of-foster-care/stayover-care/;2;0.01;0.62;15.00;1;0.78,1.00,0.78,0.64,0.78,0.78,0.50,0.35,0.35,0.28,0.35,0.28
fostering agency west midlands;7;7;110;0.00;https://www.nationalfosteringgroup.co.uk/national-fostering-agency/midlands/;2;0.01;0.00;16.00;0;0.64,0.64,0.64,0.64,0.52,0.82,0.52,1.00,0.64,0.52,0.52,0.52
uk fostering;5;5;390;5.24;https://www.nationalfosteringgroup.co.uk/thinking-about-fostering/what-is-fostering/;2;0.01;0.27;45.00;2;0.30,0.30,0.30,0.24,0.24,0.20,0.24,0.24,0.24,0.24,0.24,0.20
be a foster parent;8;8;110;5.25;https://www.nationalfosteringgroup.co.uk/thinking-about-fostering/becoming-a-foster-carer/;2;0.01;0.61;23.00;1;0.52,0.52,0.80,1.00,0.80,0.66,0.52,0.42,0.33,0.33,0.33,0.33
foster care glasgow;4;4;90;7.46;https://www.nationalfosteringgroup.co.uk/find-our-agencies/fostering-in-glasgow/;2;0.01;0.66;12.00;2;0.34,0.28,0.34,0.28,0.28,0.21,0.21,0.28,0.21,0.34,0.34,0.34
kent fostering;5;5;210;6.06;https://www.nationalfosteringgroup.co.uk/find-our-agencies/fostering-in-kent/;2;0.01;0.64;16.00;2;0.35,0.28,0.35,0.44,1.00,0.35,0.28,0.35,0.11,0.28,0.18,0.15
what is a therapeutic foster home;6;6;110;1.80;https://www.nationalfosteringgroup.co.uk/thinking-about-fostering/support-and-benefits/training/therapeutic-fostering/;2;0.01;0.57;6.00;1;0.09,0.09,0.80,1.00,1.00,0.80,1.00,0.42,0.33,0.33,0.33,0.23
foster care allowances;10;10;260;2.01;https://www.nationalfosteringgroup.co.uk/thinking-about-fostering/support-and-benefits/financial-support/tax-and-foster-care/;2;0.01;0.57;19.00;1;0.88,0.17,0.26,0.17,0.26,0.21,0.21,0.14,0.11,0.17,0.48,0.17
becoming a foster parent uk;4;4;210;6.88;https://www.nationalfosteringgroup.co.uk/thinking-about-fostering/becoming-a-foster-carer/;2;0.01;0.69;28.00;1;0.34,1.00,1.00,1.00,0.65,0.65,0.53,0.43,0.34,0.34,0.43,0.43
adoption vs foster;8;8;110;0.86;https://www.nationalfosteringgroup.co.uk/thinking-about-fostering/should-i-foster-or-adopt/;2;0.01;0.12;11.00;0,1;0.08,0.15,0.23,1.00,0.11,0.11,0.08,0.11,0.08,0.08,0.05,0.06
fostering as a single parent;4;4;90;4.86;https://www.nationalfosteringgroup.co.uk/thinking-about-fostering/who-can-foster/can-you-be-a-single-foster-parent/;2;0.01;0.42;6.00;1;0.28,0.35,0.28,0.28,0.35,0.35,0.28,0.12,0.10,0.10,0.05,0.02
foster care allowance;10;10;1300;2.10;https://www.nationalfosteringgroup.co.uk/thinking-about-fostering/support-and-benefits/financial-support/fostering-allowance/;2;0.01;0.63;28.00;1;0.41,0.66,0.54,0.54,0.66,0.41,0.54,0.41,0.41,0.30,0.36,0.36
how do you foster a child;7;7;110;0.00;https://www.nationalfosteringgroup.co.uk/thinking-about-fostering/who-can-foster/;2;0.01;0.00;28.00;1;0.23,0.52,0.52,0.64,0.64,1.00,0.64,0.64,1.00,0.82,0.82,0.82
fostering age limit uk;6;6;90;1.47;https://www.nationalfosteringgroup.co.uk/thinking-about-fostering/who-can-foster/is-there-an-age-limit-for-fostering/;2;0.01;0.57;10.00;1;0.52,0.33,0.42,0.52,0.66,0.42,0.33,0.42,0.52,0.42,0.33,0.33
fostering agencies in wolverhampton;7;7;110;0.00;https://www.nationalfosteringgroup.co.uk/find-our-agencies/fostering-in-wolverhampton/;2;0.01;0.00;11.00;2;0.52,0.64,0.52,0.64,0.52,0.64,0.64,1.00,0.64,0.64,0.64,0.52
average age of foster child uk;9;9;140;0.00;https://www.nationalfosteringgroup.co.uk/thinking-about-fostering/who-can-foster/is-there-an-age-limit-for-fostering/;2;0.01;0.00;22.00;1;0.65,1.00,0.80,0.80,0.42,0.26,0.34,0.42,0.34,0.26,0.34,0.26
glasgow fostering;5;5;90;6.42;https://www.nationalfosteringgroup.co.uk/find-our-agencies/fostering-in-glasgow/;2;0.01;0.67;14.00;0;0.78,0.78,0.64,0.64,0.50,0.50,0.50,0.50,0.64,1.00,0.78,0.64
foster carers allowance taxable;2;2;210;1.62;https://www.nationalfosteringgroup.co.uk/thinking-about-fostering/support-and-benefits/financial-support/tax-and-foster-care/;2;0.01;0.21;16.00;1;0.43,0.18,0.29,0.81,0.66,0.66,0.66,0.81,0.29,0.35,0.22,0.29
pay for fostering;9;9;140;1.83;https://www.nationalfosteringgroup.co.uk/thinking-about-fostering/support-and-benefits/financial-support/fostering-allowance/;2;0.01;0.57;22.00;1;0.80,0.65,0.65,0.53,0.34,0.34,0.42,0.26,1.00,0.19,1.00,0.26
private foster agencies;2;2;90;7.60;https://www.nationalfosteringgroup.co.uk/find-our-agencies/;2;0.01;0.80;39.00;0;0.64,0.64,1.00,0.78,0.50,0.07,0.78,0.50,1.00,0.35,0.64,0.50
reward chart for behavior;8;8;140;0.29;https://www.nationalfosteringgroup.co.uk/news-and-blog/how-to-use-a-rewards-chart-successfully/;2;0.01;1.00;30.00;1;0.53,0.65,0.43,0.65,0.43,0.53,0.21,0.53,0.43,0.28,0.28,0.34
glasgow foster care;3;3;110;7.46;https://www.nationalfosteringgroup.co.uk/find-our-agencies/fostering-in-glasgow/;2;0.01;0.66;16.00;2;0.66,0.33,0.52,0.80,0.66,0.33,0.52,0.42,0.33,0.52,0.52,0.52
respite foster carer pay;6;6;110;2.41;https://www.nationalfosteringgroup.co.uk/thinking-about-fostering/types-of-foster-care/stayover-care/;2;0.01;0.63;10.00;1;0.64,1.00,1.00,0.82,0.82,1.00,0.82,0.52,0.41,0.41,0.52,0.52
why foster care;3;3;90;1.93;https://www.nationalfosteringgroup.co.uk/thinking-about-fostering/what-is-fostering/;2;0.01;0.13;18.00;1;0.09,0.42,0.52,0.80,0.80,0.80,0.52,0.52,0.23,0.23,0.33,0.23
can you adopt a foster child;9;9;110;0.00;https://www.nationalfosteringgroup.co.uk/thinking-about-fostering/should-i-foster-or-adopt/;2;0.01;0.00;16.00;1;0.78,0.78,0.78,0.78,0.64,1.00,0.78,0.64,0.78,0.78,0.64,0.78
can single people foster;4;4;170;3.13;https://www.nationalfosteringgroup.co.uk/thinking-about-fostering/who-can-foster/can-you-be-a-single-foster-parent/;2;0.01;0.52;8.00;1;0.28,0.43,0.53,0.53,0.66,1.00,0.53,0.43,0.28,0.23,0.23,0.23
foster care home;6;6;170;2.92;https://www.nationalfosteringgroup.co.uk/thinking-about-fostering/types-of-foster-care/;2;0.01;0.39;21.00;0;0.53,0.81,1.00,1.00,0.43,0.53,0.43,0.53,0.28,0.34,0.34,0.28
fostering in glasgow;3;3;90;6.42;https://www.nationalfosteringgroup.co.uk/find-our-agencies/fostering-in-glasgow/;2;0.01;0.67;10.00;1;0.78,0.64,0.64,0.78,1.00,0.50,0.50,0.50,0.64,0.50,0.78,0.78
private fostering allowance;7;7;110;2.03;https://www.nationalfosteringgroup.co.uk/thinking-about-fostering/support-and-benefits/financial-support/fostering-allowance/;2;0.01;0.33;23.00;1;0.02,0.07,0.15,0.19,0.19,0.15,0.19,0.12,0.03,0.05,0.10,0.12
fostering agencies yorkshire;4;4;90;8.10;https://www.nationalfosteringgroup.co.uk/national-fostering-agency/north/;2;0.01;0.55;8.00;0;0.41,0.82,0.82,0.64,0.52,0.64,0.52,0.41,0.29,0.29,0.41,0.41
fostering asylum seekers;7;7;110;3.31;https://www.nationalfosteringgroup.co.uk/thinking-about-fostering/types-of-foster-care/fostering-unaccompanied-children/;2;0.01;0.66;9.00;1;0.00,0.05,0.05,0.04,0.05,0.05,0.07,0.07,0.04,0.05,0.04,0.03
staying put foster care;5;5;90;2.67;https://www.nationalfosteringgroup.co.uk/thinking-about-fostering/types-of-foster-care/staying-put/;2;0.01;0.17;8.00;1;0.64,0.64,0.64,0.64,0.64,0.52,0.64,0.41,0.41,0.52,0.52,0.52
fostering nottinghamshire;5;5;110;9.01;https://www.nationalfosteringgroup.co.uk/find-our-agencies/fostering-in-nottingham/;2;0.01;0.76;21.00;1;0.33,1.00,1.00,0.80,0.52,0.66,0.52,0.33,0.33,0.33,0.33,0.42
how to go about fostering;6;6;110;9.66;https://www.nationalfosteringgroup.co.uk/thinking-about-fostering/what-is-fostering/;2;0.01;0.66;34.00;1;0.09,0.42,0.42,0.66,1.00,0.66,0.66,0.42,0.42,0.52,0.42,0.42
do you get paid for dog fostering;9;9;110;1.54;https://www.nationalfosteringgroup.co.uk/thinking-about-fostering/support-and-benefits/financial-support/fostering-allowance/;2;0.01;0.02;26.00;1;0.64,0.41,0.41,0.41,0.41,0.64,0.82,0.82,0.64,0.64,0.64,1.00
fostering allowance per week;11;11;390;1.41;https://www.nationalfosteringgroup.co.uk/thinking-about-fostering/support-and-benefits/financial-support/fostering-allowance/;2;0.01;0.51;18.00;1;0.44,0.66,0.81,0.66,0.81,1.00,0.54,0.81,0.54,0.66,0.54,0.54
foster parent salary;2;2;170;2.04;https://www.nationalfosteringgroup.co.uk/thinking-about-fostering/support-and-benefits/financial-support/fostering-allowance/;2;0.01;0.53;24.00;1;0.65,0.65,1.00,1.00,0.65,0.65,0.65,0.53,0.65,0.53,0.42,0.53
fostering agencies uk;4;4;110;5.77;https://www.nationalfosteringgroup.co.uk/;2;0.01;0.80;57.00;0;0.01,0.03,0.03,0.13,0.24,0.16,0.10,0.06,0.05,0.03,0.03,0.05
fostering means;3;3;110;1.82;https://www.nationalfosteringgroup.co.uk/thinking-about-fostering/what-is-fostering/;2;0.01;0.03;41.00;1;0.02,0.15,0.15,0.10,0.19,0.15,0.15,0.12,0.12,0.07,0.05,0.05
autism spectrum disorder;46;46;8100;0.00;https://www.nationalfosteringgroup.co.uk/news-and-blog/what-are-autism-spectrum-disorders-autism-explained/;2;0.01;0.33;92.00;1;0.29,0.24,0.29,0.29,0.29,0.19,0.24,0.19,0.24,0.19,0.13,0.16
national fostering agency nfa;1;1;90;3.53;https://www.nationalfosteringgroup.co.uk/;2;0.01;0.53;28.00;2;0.66,0.33,0.52,0.33,0.42,0.42,0.33,0.42,0.42,0.42,0.33,0.33
foster parents meaning;12;12;390;2.64;https://www.nationalfosteringgroup.co.uk/thinking-about-fostering/what-is-fostering/;2;0.01;0.11;34.00;1;0.54,0.81,1.00,0.81,0.81,0.81,0.81,1.00,0.66,0.66,0.66,0.81
fostering in cardiff;4;4;110;14.32;https://www.nationalfosteringgroup.co.uk/find-our-agencies/fostering-in-cardiff/;2;0.01;0.41;14.00;0;0.01,0.23,0.23,0.19,0.29,0.23,0.15,0.12,0.09,0.15,0.15,0.15
how much do respite foster carers get paid;7;7;140;2.10;https://www.nationalfosteringgroup.co.uk/thinking-about-fostering/support-and-benefits/financial-support/fostering-allowance/;2;0.01;0.58;16.00;1;0.26,0.42,0.80,1.00,0.53,0.34,0.53,0.53,0.34,0.42,0.42,0.42
fostering home;6;6;110;3.39;https://www.nationalfosteringgroup.co.uk/thinking-about-fostering/types-of-foster-care/;2;0.01;0.34;33.00;0;0.42,0.80,1.00,0.80,0.26,0.26,0.19,0.19,0.15,0.34,0.19,0.15
leeds fostering;6;6;110;9.44;https://www.nationalfosteringgroup.co.uk/find-our-agencies/fostering-in-leeds/;2;0.01;0.71;15.00;2;0.41,1.00,0.82,0.82,0.82,1.00,0.82,0.52,0.52,0.52,0.41,0.52
fostering west midlands;10;10;390;11.58;https://www.nationalfosteringgroup.co.uk/find-our-agencies/fostering-in-wolverhampton/;2;0.01;0.05;17.00;1;0.28,0.66,0.81,0.66,0.81,0.66,1.00,0.81,1.00,0.66,0.66,0.66
fostering in leeds;6;6;110;9.44;https://www.nationalfosteringgroup.co.uk/find-our-agencies/fostering-in-leeds/;2;0.01;0.71;13.00;0;0.14,1.00,1.00,0.80,0.66,0.52,0.52,0.42,0.66,0.42,0.52,0.42
apply for foster care;9;9;170;21.21;https://www.nationalfosteringgroup.co.uk/thinking-about-fostering/becoming-a-foster-carer/;2;0.01;0.75;12.00;1;0.22,0.29,1.00,0.43,0.29,0.35,0.35,0.22,0.29,0.29,0.22,0.29
how to become a foster carer uk;3;3;210;6.36;https://www.nationalfosteringgroup.co.uk/thinking-about-fostering/becoming-a-foster-carer/;2;0.01;0.70;26.00;1;0.65,0.65,0.65,1.00,0.80,0.80,0.65,0.80,0.80,0.80,0.65,0.80
children fostering;5;5;110;0.00;https://www.nationalfosteringgroup.co.uk/thinking-about-fostering/what-is-fostering/;2;0.01;0.00;33.00;1;0.42,0.42,0.42,0.42,0.66,0.80,1.00,0.52,0.52,0.42,0.52,0.42
children in foster care;6;6;110;0.00;https://www.nationalfosteringgroup.co.uk/thinking-about-fostering/what-is-fostering/;2;0.01;0.00;28.00;1;0.52,1.00,1.00,0.82,0.82,0.64,1.00,1.00,0.52,0.52,0.05,0.82
fostering essex;3;3;320;5.57;https://www.nationalfosteringgroup.co.uk/find-our-agencies/fostering-in-essex/;2;0.01;0.63;16.00;2;0.35,1.00,0.66,0.66,0.66,0.66,0.54,0.44,0.44,0.35,0.35,0.44
therapeutic training for foster carers;1;1;110;0.00;https://www.nationalfosteringgroup.co.uk/thinking-about-fostering/support-and-benefits/training/therapeutic-fostering/;2;0.01;0.43;14.00;1;0.14,0.64,0.78,0.64,0.78,1.00,0.78,1.00,1.00,1.00,0.78,0.78
foster family training;10;10;260;3.25;https://www.nationalfosteringgroup.co.uk/thinking-about-fostering/support-and-benefits/training/;2;0.01;0.36;12.00;1;0.36,0.12,0.23,1.00,0.66,0.54,0.44,0.44,0.23,0.23,0.15,0.15
hx5 9de;9;9;110;0.00;https://www.nationalfosteringgroup.co.uk/national-fostering-agency/north/;2;0.01;0.01;9.00;1;0.52,0.52,0.52,0.66,0.33,0.52,0.52,0.52,0.52,0.42,0.42,0.42
how do you foster;7;7;210;7.08;https://www.nationalfosteringgroup.co.uk/thinking-about-fostering/types-of-foster-care/short-term-fostering/;2;0.01;0.62;30.00;1;0.53,0.53,0.53,1.00,0.53,0.53,0.53,0.53,0.43,0.53,0.28,0.43
fostering south london;1;1;110;0.00;https://www.nationalfosteringgroup.co.uk/national-fostering-agency/london-south/;2;0.01;0.20;13.00;1;0.11,0.41,0.52,0.82,1.00,1.00,1.00,0.82,0.82,1.00,0.64,0.64
trauma bonding meaning;17;17;880;0.39;https://www.nationalfosteringgroup.co.uk/news-and-blog/what-is-a-trauma-bond-and-how-can-it-affect-children-and-young-people/;2;0.01;0.01;53.00;1;0.36,0.54,0.24,0.41,0.54,0.36,0.24,0.36,0.24,0.54,0.20,0.20
fostering in wales;6;6;320;7.07;https://www.nationalfosteringgroup.co.uk/national-fostering-agency/wales/;2;0.01;0.61;22.00;2;0.18,0.66,0.66,0.44,0.54,0.66,1.00,0.81,0.54,0.44,0.54,0.54
fosters jobs;10;10;170;4.36;https://www.nationalfosteringgroup.co.uk/careers/;2;0.01;0.46;11.00;0;1.00,1.00,0.80,0.80,0.80,0.66,0.33,0.66,0.66,0.66,1.00,0.66
how much do foster carers get;4;4;210;1.61;https://www.nationalfosteringgroup.co.uk/thinking-about-fostering/support-and-benefits/financial-support/fostering-allowance/;2;0.01;0.54;21.00;1;0.43,0.81,0.81,0.81,0.65,1.00,1.00,0.53,0.53,0.65,0.34,0.43
foster care worker;7;7;110;3.79;https://www.nationalfosteringgroup.co.uk/careers/work-for-us/social-work/support-worker/;2;0.01;0.51;16.00;1;0.15,0.43,0.81,0.65,0.28,0.21,0.21,0.21,0.21,0.21,0.15,0.15
single parent fostering;8;8;110;5.50;https://www.nationalfosteringgroup.co.uk/thinking-about-fostering/who-can-foster/can-you-be-a-single-foster-parent/;2;0.01;0.51;8.00;1;0.33,0.52,0.66,0.66,0.80,1.00,0.52,0.66,0.14,0.19,0.19,0.23
paid to foster parent;3;3;260;1.83;https://www.nationalfosteringgroup.co.uk/thinking-about-fostering/support-and-benefits/financial-support/fostering-allowance/;2;0.01;0.57;25.00;1;0.00,0.01,0.01,0.01,0.01,0.01,0.01,0.00,1.00,0.00,0.30,0.00
fostering dudley;5;5;140;9.59;https://www.nationalfosteringgroup.co.uk/find-our-agencies/fostering-in-dudley/;1;0.00;0.25;16.00;1;0.11,0.42,0.53,0.53,1.00,0.65,0.65,0.65,0.53,0.53,0.42,0.80
foster care vs adoption;9;9;320;0.86;https://www.nationalfosteringgroup.co.uk/thinking-about-fostering/should-i-foster-or-adopt/;1;0.00;0.12;9.00;0;0.23,0.28,0.35,0.66,1.00,1.00,0.66,0.66,0.23,0.35,0.35,0.35
can i be a foster carer;7;7;90;9.43;https://www.nationalfosteringgroup.co.uk/thinking-about-fostering/who-can-foster/;1;0.00;0.73;18.00;1;0.41,0.41,0.41,0.52,0.52,1.00,0.82,0.64,0.64,0.41,0.52,0.29
foster care jobs;12;12;390;3.76;https://www.nationalfosteringgroup.co.uk/careers/;1;0.00;0.55;17.00;0;0.54,0.81,1.00,1.00,0.66,0.66,0.44,0.66,0.54,0.44,0.66,0.54
fostering in kent;4;4;260;5.61;https://www.nationalfosteringgroup.co.uk/find-our-agencies/fostering-in-kent/;1;0.00;0.53;28.00;2;0.28,0.66,0.35,0.44,0.81,0.81,0.54,0.35,0.44,0.23,0.28,0.28
fostering in cornwall;5;5;110;5.81;https://www.nationalfosteringgroup.co.uk/find-our-agencies/fostering-in-devon-and-cornwall/;1;0.00;0.73;14.00;2;0.11,1.00,1.00,0.82,0.82,0.82,0.82,0.52,0.29,0.17,0.52,0.52
fostering derby;4;4;170;8.02;https://www.nationalfosteringgroup.co.uk/find-our-agencies/fostering-in-derby/;1;0.00;0.48;22.00;1;0.43,0.65,0.53,0.53,0.65,0.65,0.53,0.53,0.43,0.53,0.34,0.34
how to foster;21;21;720;6.90;https://www.nationalfosteringgroup.co.uk/thinking-about-fostering/who-can-foster/;1;0.00;0.54;27.00;1;0.23,0.81,0.81,1.00,1.00,1.00,1.00,0.81,0.67,0.81,0.67,0.67
fostering process;9;9;390;4.91;https://www.nationalfosteringgroup.co.uk/thinking-about-fostering/becoming-a-foster-carer/;1;0.00;0.52;12.00;1;0.28,0.81,1.00,0.81,0.66,0.81,0.81,0.66,0.66,0.54,0.18,0.18
foster care support;7;7;170;2.10;https://www.nationalfosteringgroup.co.uk/thinking-about-fostering/what-is-fostering/;1;0.00;0.25;31.00;1;0.28,1.00,1.00,0.81,0.53,0.65,0.65,0.65,0.53,0.53,0.34,0.34
foster carers pay;10;10;210;1.83;https://www.nationalfosteringgroup.co.uk/thinking-about-fostering/support-and-benefits/financial-support/fostering-allowance/;1;0.00;0.57;21.00;1;1.00,0.54,0.54,0.43,0.54,0.43,0.43,0.35,0.29,0.29,0.29,0.35
foster england;20;20;1300;5.10;https://www.nationalfosteringgroup.co.uk/thinking-about-fostering/what-is-fostering/;1;0.00;0.60;57.00;1;1.00,0.84,0.11,0.68,0.84,0.52,0.68,0.68,0.84,0.84,0.84,0.37
foster care coventry;3;3;210;7.72;https://www.nationalfosteringgroup.co.uk/find-our-agencies/fostering-in-coventry/;1;0.00;0.66;21.00;2;0.43,0.53,0.53,0.53,0.53,0.53,0.43,1.00,0.82,0.53,0.66,0.28
fostering a child;14;14;480;0.00;https://www.nationalfosteringgroup.co.uk/thinking-about-fostering/types-of-foster-care/long-term-fostering/;1;0.00;0.00;39.00;1;0.24,0.36,0.30,0.30,0.30,0.30,0.30,0.30,0.24,0.36,0.30,0.30
rewards charts;10;10;140;0.23;https://www.nationalfosteringgroup.co.uk/news-and-blog/how-to-use-a-rewards-chart-successfully/;1;0.00;1.00;17.00;1;0.14,0.29,0.22,0.18,0.22,0.22,1.00,0.22,0.18,0.22,0.14,0.18
foster to foster;25;25;4400;5.67;https://www.nationalfosteringgroup.co.uk/thinking-about-fostering/what-is-fostering/;1;0.00;0.61;34.00;1;0.00,0.16,0.81,0.12,0.24,0.19,1.00,0.36,0.29,0.10,0.29,0.29
how long does fostering process take;8;8;140;4.10;https://www.nationalfosteringgroup.co.uk/thinking-about-fostering/becoming-a-foster-carer/;1;0.00;0.66;16.00;1;0.42,1.00,1.00,0.80,0.66,0.52,0.66,0.66,0.52,0.52,0.52,0.52
traumatic bonding;17;17;390;0.73;https://www.nationalfosteringgroup.co.uk/news-and-blog/what-is-a-trauma-bond-and-how-can-it-affect-children-and-young-people/;1;0.00;0.03;34.00;1;0.36,0.54,0.54,0.54,0.67,0.44,0.23,0.44,0.29,0.36,0.44,0.67
foster leeds;4;4;110;9.44;https://www.nationalfosteringgroup.co.uk/find-our-agencies/fostering-in-leeds/;1;0.00;0.71;20.00;2,3;0.42,0.66,0.80,0.66,0.66,0.52,0.52,0.42,0.23,0.33,0.23,0.33
requirements to be a foster parent;6;6;210;3.74;https://www.nationalfosteringgroup.co.uk/thinking-about-fostering/who-can-foster/;1;0.00;0.54;22.00;1;0.12,0.66,0.66,0.82,0.66,0.82,0.82,0.66,0.35,0.35,0.43,0.43
staying put;10;10;590;0.00;https://www.nationalfosteringgroup.co.uk/thinking-about-fostering/types-of-foster-care/staying-put/;1;0.00;0.09;20.00;2;0.24,0.36,0.36,0.55,0.55,0.36,0.36,0.45,0.45,0.30,0.24,0.55
apply for fostering;8;8;90;23.57;https://www.nationalfosteringgroup.co.uk/thinking-about-fostering/becoming-a-foster-carer/;1;0.00;0.71;23.00;1;0.17,0.52,0.82,1.00,0.52,0.64,0.52,0.64,0.41,0.52,0.41,0.23
foster kids;23;28;880;4.81;https://www.nationalfosteringgroup.co.uk/thinking-about-fostering/what-is-fostering/;1;0.00;0.68;26.00;1;0.22,0.29,0.22,0.20,0.29,0.13,0.13,0.08,0.16,0.20,0.16,0.13
fostering devon;3;3;170;5.70;https://www.nationalfosteringgroup.co.uk/find-our-agencies/fostering-in-devon-and-cornwall/;1;0.00;0.66;27.00;2;0.66,0.66,1.00,0.80,0.80,0.80,1.00,0.66,0.80,0.80,0.80,0.80
requirements to be a foster parent uk;13;13;210;3.22;https://www.nationalfosteringgroup.co.uk/thinking-about-fostering/becoming-a-foster-carer/;1;0.00;0.67;21.00;1;0.17,0.28,1.00,0.82,1.00,0.66,0.53,0.35,0.35,0.28,0.28,0.35
festival ramadan;9;9;140;0.00;https://www.nationalfosteringgroup.co.uk/news-and-blog/ramadan-and-eid-festival-explained-information-for-carers/;1;0.00;0.33;31.00;1;0.09,0.09,0.05,0.09,0.09,0.09,0.09,0.44,0.54,0.44,0.09,0.09
become a foster carer uk;3;3;140;6.88;https://www.nationalfosteringgroup.co.uk/thinking-about-fostering/becoming-a-foster-carer/;1;0.00;0.69;28.00;1;0.41,0.64,1.00,1.00,1.00,1.00,1.00,1.00,0.82,1.00,0.64,0.64
foster to adopt;14;14;480;1.10;https://www.nationalfosteringgroup.co.uk/thinking-about-fostering/should-i-foster-or-adopt/;1;0.00;0.42;23.00;1;0.81,1.00,1.00,0.81,1.00,0.66,0.54,0.66,0.54,0.54,0.54,0.54
family foster care;5;5;140;4.16;https://www.nationalfosteringgroup.co.uk/thinking-about-fostering/what-is-fostering/;1;0.00;0.39;39.00;2;0.53,0.53,0.65,0.81,0.43,0.21,0.28,0.43,0.28,0.21,0.28,0.34
how do i become a foster parent;10;10;590;7.20;https://www.nationalfosteringgroup.co.uk/thinking-about-fostering/becoming-a-foster-carer/;1;0.00;0.63;28.00;1;0.62,0.55,0.30,0.30,0.30,0.36,0.30,0.30,0.24,0.30,0.20,0.36
fostering in staffordshire;4;4;110;7.97;https://www.nationalfosteringgroup.co.uk/find-our-agencies/fostering-in-staffordshire/;1;0.00;0.70;27.00;2;0.52,0.33,0.80,0.42,0.33,0.09,0.52,1.00,1.00,0.66,1.00,0.04
fostering babies;17;17;590;0.00;https://www.nationalfosteringgroup.co.uk/thinking-about-fostering/types-of-foster-care/short-term-fostering/;1;0.00;0.00;11.00;1;0.54,1.00,1.00,1.00,0.81,1.00,1.00,0.81,0.66,0.66,0.66,0.81
fostering panel jobs;12;15;210;0.59;https://www.nationalfosteringgroup.co.uk/careers/job-vacancies/;1;0.00;0.06;9.00;0;0.81,0.81,1.00,0.81,0.81,0.65,0.43,0.65,0.43,0.81,0.65,0.65
fostering social worker jobs;13;13;390;0.92;https://www.nationalfosteringgroup.co.uk/careers/work-for-us/social-work/;1;0.00;0.11;10.00;0;0.44,0.66,0.44,0.54,0.54,0.54,0.29,0.44,0.66,0.54,0.44,0.54
can i foster a child;11;11;210;0.00;https://www.nationalfosteringgroup.co.uk/thinking-about-fostering/who-can-foster/;1;0.00;0.00;22.00;1;0.23,0.53,0.66,0.66,0.53,0.43,1.00,0.66,0.43,0.43,0.43,0.53
how much does foster parenting pay;2;2;110;1.43;https://www.nationalfosteringgroup.co.uk/thinking-about-fostering/support-and-benefits/financial-support/fostering-allowance/;1;0.00;0.60;26.00;1;0.18,0.18,0.28,0.28,0.23,0.15,0.23,0.18,0.18,0.11,0.15,0.15
foster care earnings;8;8;90;1.69;https://www.nationalfosteringgroup.co.uk/thinking-about-fostering/support-and-benefits/financial-support/fostering-allowance/;1;0.00;0.51;19.00;1;0.19,0.42,0.65,0.34,0.26,0.34,0.42,0.34,0.34,0.34,0.26,0.26
foster vs adoption;7;7;90;0.86;https://www.nationalfosteringgroup.co.uk/thinking-about-fostering/should-i-foster-or-adopt/;1;0.00;0.12;13.00;0,1;0.34,0.42,0.42,0.34,0.26,1.00,0.34,0.26,0.19,0.15,0.19,0.26
personal tax allowance for foster carers;3;3;110;0.00;https://www.nationalfosteringgroup.co.uk/thinking-about-fostering/support-and-benefits/financial-support/tax-and-foster-care/;1;0.00;0.33;20.00;1;0.11,0.82,1.00,0.82,0.82,0.82,0.82,0.52,0.64,0.52,0.52,0.64
fostering a child uk;13;13;320;0.00;https://www.nationalfosteringgroup.co.uk/thinking-about-fostering/types-of-foster-care/long-term-fostering/;1;0.00;0.00;35.00;1;0.03,0.05,0.07,0.07,0.10,0.10,0.10,0.10,0.10,0.10,0.08,0.10
fostering hull;4;4;110;7.20;https://www.nationalfosteringgroup.co.uk/find-our-agencies/fostering-in-hull/;1;0.00;0.54;19.00;2;0.64,1.00,1.00,1.00,0.78,1.00,0.78,0.78,0.50,0.50,1.00,0.64
parent and child fostering allowance;12;12;260;0.00;https://www.nationalfosteringgroup.co.uk/thinking-about-fostering/support-and-benefits/financial-support/fostering-allowance/;1;0.00;0.00;19.00;1;0.53,1.00,0.81,1.00,0.81,1.00,1.00,0.81,0.43,0.43,0.65,0.65
fostering in bradford west yorkshire;3;3;170;7.51;https://www.nationalfosteringgroup.co.uk/find-our-agencies/fostering-in-bradford/;1;0.00;0.33;16.00;2;0.80,0.53,0.53,1.00,0.65,0.53,0.42,0.80,0.65,0.65,0.42,0.53
foster care staffordshire;4;4;170;8.72;https://www.nationalfosteringgroup.co.uk/find-our-agencies/fostering-in-staffordshire/;1;0.00;0.24;28.00;2;0.42,0.53,0.53,0.53,0.53,0.42,0.53,0.65,1.00,1.00,0.65,0.65
foster care careers;14;14;210;5.70;https://www.nationalfosteringgroup.co.uk/careers/job-vacancies/;1;0.00;0.33;16.00;0;0.06,0.53,0.81,0.81,1.00,1.00,0.81,0.65,0.43,0.53,0.34,0.34
fostering fife;10;10;90;5.56;https://www.nationalfosteringgroup.co.uk/find-our-agencies/fostering-in-kirkcaldy/;1;0.00;0.67;11.00;1;0.04,0.15,0.12,0.10,0.12,0.12,0.10,0.07,0.05,0.07,0.10,0.10
step-down fostering;8;8;170;1.96;https://www.nationalfosteringgroup.co.uk/thinking-about-fostering/types-of-foster-care/bridging-fostering/;1;0.00;0.38;9.00;1;0.04,1.00,1.00,1.00,1.00,1.00,1.00,0.66,0.66,0.42,0.52,0.52
fostering allowance 2025;13;13;210;0.00;https://www.nationalfosteringgroup.co.uk/thinking-about-fostering/support-and-benefits/financial-support/fostering-allowance/;1;0.00;0.30;15.00;1;0.66,1.00,0.82,1.00,0.82,1.00,0.66,0.23,0.05,0.17,0.07,0.05
fostering in bradford;4;4;170;7.51;https://www.nationalfosteringgroup.co.uk/find-our-agencies/fostering-in-bradford/;1;0.00;0.33;23.00;2;0.42,0.80,1.00,1.00,0.80,0.65,0.65,0.80,0.65,0.65,0.42,0.53
fostering near me;14;14;590;14.08;https://www.nationalfosteringgroup.co.uk/find-our-agencies/fostering-in-york/;1;0.00;0.40;12.00;3;1.00,1.00,1.00,0.81,1.00,0.81,0.66,0.44,0.44,0.66,0.66,0.54
how much does a foster parent make;2;2;140;1.61;https://www.nationalfosteringgroup.co.uk/thinking-about-fostering/support-and-benefits/financial-support/fostering-allowance/;1;0.00;0.54;19.00;1;0.42,1.00,1.00,0.80,0.80,0.80,0.80,0.52,0.66,0.52,0.52,0.42
fostering uk;36;36;1600;5.18;https://www.nationalfosteringgroup.co.uk/thinking-about-fostering/types-of-foster-care/long-term-fostering/;1;0.00;0.64;49.00;1;0.44,0.44,0.55,0.65,0.44,0.44,0.44,0.44,0.65,0.44,0.55,0.55
can i work and be a foster parent;2;2;90;3.28;https://www.nationalfosteringgroup.co.uk/thinking-about-fostering/who-can-foster/can-you-foster-and-work-full-time/;1;0.00;0.63;13.00;1;0.52,0.82,0.82,0.82,0.41,0.23,0.41,0.23,0.41,0.82,0.41,0.29
how much do you get paid to foster uk;2;2;110;1.47;https://www.nationalfosteringgroup.co.uk/thinking-about-fostering/support-and-benefits/financial-support/fostering-allowance/;1;0.00;0.66;23.00;1;0.42,0.80,0.80,0.80,0.52,0.52,0.66,0.42,0.33,0.42,0.33,0.42
fostering jobs;11;11;320;4.36;https://www.nationalfosteringgroup.co.uk/careers/;1;0.00;0.46;7.00;0;0.66,1.00,0.81,1.00,0.81,0.66,0.54,0.54,0.54,0.43,0.66,0.54
who can be a foster parent;3;3;140;3.31;https://www.nationalfosteringgroup.co.uk/thinking-about-fostering/who-can-foster/;1;0.00;0.52;22.00;1;0.23,1.00,0.80,1.00,0.52,0.66,1.00,0.66,0.42,0.42,0.42,0.42
foster carer allowance;8;8;260;2.10;https://www.nationalfosteringgroup.co.uk/thinking-about-fostering/support-and-benefits/financial-support/tax-and-foster-care/;1;0.00;0.63;26.00;1;0.54,0.44,0.36,0.44,0.36,0.29,0.36,0.36,0.36,0.29,0.36,0.29
fostering newcastle upon tyne;2;2;140;7.98;https://www.nationalfosteringgroup.co.uk/find-our-agencies/fostering-in-newcastle/;1;0.00;0.46;19.00;2;0.42,0.42,0.53,0.42,0.53,0.65,0.65,0.53,0.42,0.53,0.34,0.34
newcastle fostering;3;3;110;7.84;https://www.nationalfosteringgroup.co.uk/find-our-agencies/fostering-in-newcastle/;1;0.00;0.70;16.00;2;0.50,0.50,0.78,0.78,1.00,1.00,1.00,0.64,0.78,0.50,0.50,0.35
foster caring salary;2;2;110;2.02;https://www.nationalfosteringgroup.co.uk/thinking-about-fostering/support-and-benefits/financial-support/fostering-allowance/;1;0.00;0.45;25.00;1;0.64,0.52,1.00,1.00,1.00,0.41,0.41,0.52,0.52,0.41,0.23,0.64
secure base model;3;3;320;0.00;https://www.nationalfosteringgroup.co.uk/news-and-blog/using-the-secure-base-model-to-be-your-best-foster-parent/;1;0.00;0.02;16.00;1,2;0.54,0.44,0.66,0.66,0.66,0.54,0.66,0.54,0.54,0.54,0.54,0.54
fostering agencies;13;13;590;8.39;https://www.nationalfosteringgroup.co.uk/;1;0.00;0.47;57.00;0;0.29,0.67,0.67,0.67,0.81,0.81,1.00,0.81,0.54,0.54,0.44,0.54
what is the foster system;18;18;1000;2.40;https://www.nationalfosteringgroup.co.uk/thinking-about-fostering/types-of-foster-care/;1;0.00;0.19;31.00;1;0.81,0.10,0.16,1.00,1.00,0.62,0.55,0.62,0.55,0.62,0.36,0.81
being a foster parent;11;11;260;5.35;https://www.nationalfosteringgroup.co.uk/thinking-about-fostering/becoming-a-foster-carer/;1;0.00;0.56;23.00;1;0.43,0.81,0.81,0.81,0.81,0.81,1.00,1.00,0.65,0.81,0.43,0.43
fostering cardiff;4;4;170;13.01;https://www.nationalfosteringgroup.co.uk/find-our-agencies/fostering-in-cardiff/;1;0.00;0.40;21.00;2;0.02,0.19,0.19,0.19,0.19,0.19,0.36,0.29,0.23,0.29,0.12,0.12
how much do respite carers get paid;9;9;90;1.96;https://www.nationalfosteringgroup.co.uk/thinking-about-fostering/support-and-benefits/financial-support/fostering-allowance/;1;0.00;0.42;18.00;1;0.33,0.52,1.00,0.66,0.33,0.42,0.33,0.33,0.23,0.23,0.23,0.23
foster a child uk;13;13;210;0.00;https://www.nationalfosteringgroup.co.uk/thinking-about-fostering/types-of-foster-care/long-term-fostering/;1;0.00;0.00;35.00;1;0.53,0.80,0.80,0.65,0.65,0.65,0.80,0.80,0.80,1.00,0.80,1.00
supervising social worker;12;12;260;1.30;https://www.nationalfosteringgroup.co.uk/careers/work-for-us/social-work/supervising-social-worker/;1;0.00;0.05;9.00;0;0.65,0.65,0.65,0.81,0.81,0.81,0.81,1.00,0.81,0.65,0.43,0.65
fostering events;9;9;110;2.64;https://www.nationalfosteringgroup.co.uk/events/;1;0.00;0.15;17.00;1;0.41,1.00,1.00,0.64,0.82,1.00,0.41,0.41,0.29,0.41,0.64,0.52
support for foster carers;6;6;260;2.21;https://www.nationalfosteringgroup.co.uk/thinking-about-fostering/support-and-benefits/;1;0.00;0.28;33.00;1,2;0.29,0.35,0.66,0.81,0.43,0.54,0.81,1.00,0.66,0.66,0.22,0.22
do you get paid for fostering a dog;10;10;170;0.79;https://www.nationalfosteringgroup.co.uk/thinking-about-fostering/support-and-benefits/financial-support/fostering-allowance/;1;0.00;0.03;31.00;1;0.28,0.21,0.34,0.53,0.53,0.43,0.53,1.00,0.65,0.65,0.34,0.65
how much do you get for adopting a child uk;9;9;210;0.00;https://www.nationalfosteringgroup.co.uk/thinking-about-fostering/support-and-benefits/financial-support/fostering-allowance/;1;0.00;0.00;13.00;1;0.04,0.05,0.04,0.04,0.04,0.04,0.03,0.03,0.02,0.02,0.00,0.01
how to be a foster parent uk;4;4;110;7.68;https://www.nationalfosteringgroup.co.uk/thinking-about-fostering/becoming-a-foster-carer/;1;0.00;0.63;27.00;1,2;0.64,0.82,1.00,1.00,0.52,0.41,0.52,0.52,0.41,0.41,0.41,0.41
fostering blackpool;3;3;170;9.03;https://www.nationalfosteringgroup.co.uk/find-our-agencies/fostering-in-blackpool/;1;0.00;0.61;14.00;1;0.15,0.53,0.53,0.65,0.65,0.80,1.00,0.80,0.80,0.80,0.42,0.42
fostering in croydon;7;7;90;6.02;https://www.nationalfosteringgroup.co.uk/find-our-agencies/fostering-in-croydon/;1;0.00;0.65;17.00;2;0.02,0.19,0.19,0.19,0.15,0.12,0.09,0.09,0.12,0.09,0.06,0.09
foster parents;23;23;1000;4.72;https://www.nationalfosteringgroup.co.uk/thinking-about-fostering/what-is-fostering/;1;0.00;0.55;40.00;1;0.67,1.00,1.00,0.76,0.76,0.76,0.76,0.76,0.67,0.76,0.55,0.67
fostering network jobs;3;3;110;2.40;https://www.nationalfosteringgroup.co.uk/careers/job-vacancies/;1;0.00;0.05;14.00;0;0.64,1.00,0.82,0.64,0.64,0.82,0.41,0.64,0.82,0.64,0.41,0.41
what is foster care;21;21;1000;2.40;https://www.nationalfosteringgroup.co.uk/thinking-about-fostering/types-of-foster-care/;1;0.00;0.19;27.00;1;0.81,0.62,0.55,1.00,0.62,0.81,0.62,0.62,0.62,0.55,0.62,0.81
do you get paid for foster parenting;2;2;110;1.93;https://www.nationalfosteringgroup.co.uk/thinking-about-fostering/support-and-benefits/financial-support/fostering-allowance/;1;0.00;0.62;24.00;1;0.10,0.66,0.14,0.08,0.08,0.08,0.22,0.22,0.29,0.35,0.29,0.22
durham foster care;8;8;110;7.92;https://www.nationalfosteringgroup.co.uk/find-our-agencies/fostering-in-durham/;1;0.00;0.67;17.00;0;0.78,0.78,0.78,0.78,1.00,1.00,1.00,0.78,0.64,0.50,0.50,0.35
fostering allowances;17;17;390;2.01;https://www.nationalfosteringgroup.co.uk/thinking-about-fostering/support-and-benefits/financial-support/fostering-allowance/;1;0.00;0.57;17.00;1;0.20,0.36,0.24,0.45,0.36,0.24,0.20,0.45,0.20,0.20,0.16,0.20
private fostering agencies;14;14;390;6.32;https://www.nationalfosteringgroup.co.uk/;1;0.00;0.48;46.00;0;0.28,0.81,0.81,1.00,0.81,0.81,1.00,0.81,0.44,0.35,0.66,0.81
fostering vs adopting;6;6;210;1.11;https://www.nationalfosteringgroup.co.uk/thinking-about-fostering/should-i-foster-or-adopt/;1;0.00;0.09;14.00;0,1;0.35,0.43,0.28,0.53,0.66,1.00,1.00,0.53,0.43,0.53,0.53,0.23
fostering respite payments;8;8;90;2.76;https://www.nationalfosteringgroup.co.uk/thinking-about-fostering/support-and-benefits/financial-support/fostering-allowance/;1;0.00;0.65;9.00;1;0.42,0.42,0.19,0.26,0.42,0.42,0.34,0.26,0.26,0.26,0.26,0.26
fostering dundee;3;3;110;4.69;https://www.nationalfosteringgroup.co.uk/find-our-agencies/fostering-in-dundee/;1;0.00;0.70;16.00;1;0.78,0.64,0.64,0.78,1.00,0.64,0.64,0.78,0.78,0.64,0.78,0.78
become foster parent;6;6;320;8.75;https://www.nationalfosteringgroup.co.uk/thinking-about-fostering/becoming-a-foster-carer/;1;0.00;0.65;33.00;1,2;0.15,0.66,0.54,0.54,0.54,0.44,0.66,0.66,0.36,0.44,0.36,0.54
foster carers meaning;2;2;110;2.33;https://www.nationalfosteringgroup.co.uk/thinking-about-fostering/what-is-fostering/;1;0.00;0.20;26.00;1;0.28,0.21,0.15,0.28,0.65,1.00,0.15,1.00,0.09,0.09,0.12,0.15
foster caring uk;5;5;170;5.19;https://www.nationalfosteringgroup.co.uk/thinking-about-fostering/becoming-a-foster-carer/;1;0.00;0.68;29.00;1;0.36,0.29,0.15,0.12,0.15,0.15,0.23,0.19,0.23,0.23,0.29,0.36
foster carer training;17;17;390;3.25;https://www.nationalfosteringgroup.co.uk/thinking-about-fostering/support-and-benefits/training/;1;0.00;0.36;9.00;1;0.08,0.24,0.24,1.00,0.55,0.30,0.24,0.30,0.20,0.20,0.20,0.20
whats a trauma bond;10;10;210;0.00;https://www.nationalfosteringgroup.co.uk/news-and-blog/what-is-a-trauma-bond-and-how-can-it-affect-children-and-young-people/;1;0.00;0.01;26.00;1;0.34,0.81,0.65,0.65,0.81,0.81,0.65,0.65,0.65,0.81,0.53,0.65
foster allowance;12;12;390;2.01;https://www.nationalfosteringgroup.co.uk/thinking-about-fostering/support-and-benefits/financial-support/fostering-allowance/;1;0.00;0.57;18.00;1;0.32,0.48,0.32,0.39,0.48,0.39,0.39,0.48,0.48,0.39,0.21,0.26
fostering coventry;4;4;320;8.68;https://www.nationalfosteringgroup.co.uk/find-our-agencies/fostering-in-coventry/;1;0.00;0.21;25.00;2;0.13,0.24,0.24,0.20,0.20,0.20,0.20,0.16,0.24,0.24,0.16,0.20
become a foster parent uk;3;3;110;6.88;https://www.nationalfosteringgroup.co.uk/thinking-about-fostering/becoming-a-foster-carer/;1;0.00;0.69;25.00;1;0.28,0.64,1.00,1.00,1.00,1.00,1.00,1.00,0.64,0.50,0.35,0.50
how much do you get paid as a foster parent;2;2;140;1.49;https://www.nationalfosteringgroup.co.uk/thinking-about-fostering/support-and-benefits/financial-support/fostering-allowance/;1;0.00;0.59;27.00;1;0.14,0.35,0.35,0.29,0.29,0.54,0.43,0.22,0.18,0.22,0.18,0.22
what disqualifies you from being a foster parent uk;17;17;590;2.76;https://www.nationalfosteringgroup.co.uk/thinking-about-fostering/who-can-foster/;1;0.00;0.57;7.00;1;0.81,0.81,0.81,0.67,0.67,0.67,0.67,0.67,0.54,0.54,0.44,0.54
how to become a foster mother;5;5;90;7.20;https://www.nationalfosteringgroup.co.uk/thinking-about-fostering/becoming-a-foster-carer/;1;0.00;0.63;24.00;1;0.01,0.12,0.15,0.10,0.19,0.10,0.12,0.07,0.12,0.10,0.10,0.10
bradford fostering;3;3;110;7.51;https://www.nationalfosteringgroup.co.uk/find-our-agencies/fostering-in-bradford/;1;0.00;0.33;24.00;2;0.17,0.82,0.64,1.00,0.82,0.82,0.64,0.64,0.52,0.64,0.41,0.52
how long does the fostering process take;7;7;90;4.53;https://www.nationalfosteringgroup.co.uk/thinking-about-fostering/becoming-a-foster-carer/;1;0.00;0.65;9.00;1;0.19,0.34,0.42,0.42,0.42,0.42,0.42,0.42,0.34,0.34,0.26,0.26
nottinghamshire fostering allowances;7;7;90;2.86;https://www.nationalfosteringgroup.co.uk/find-our-agencies/fostering-in-nottingham/;1;0.00;0.57;8.00;1;0.07,0.42,0.80,0.65,0.42,0.42,0.26,0.15,0.11,0.15,0.26,0.26
hampshire fostering allowance;3;3;140;1.87;https://www.nationalfosteringgroup.co.uk/find-our-agencies/fostering-in-hampshire/;1;0.00;0.47;16.00;1;0.26,1.00,0.80,0.80,0.80,0.80,0.80,0.42,0.26,0.42,0.42,0.42
short term foster care;21;21;720;3.49;https://www.nationalfosteringgroup.co.uk/thinking-about-fostering/types-of-foster-care/stayover-care/;1;0.00;0.34;9.00;1;0.21,0.88,0.88,0.72,0.72,1.00,0.88,0.72,0.48,0.48,0.48,0.48
the fostering;6;6;170;2.57;https://www.nationalfosteringgroup.co.uk/thinking-about-fostering/what-is-fostering/;1;0.00;0.33;41.00;2;1.00,0.00,0.00,0.00,0.00,0.00,0.00,0.00,0.00,0.00,0.00,0.00
foster parent kent;5;5;140;6.06;https://www.nationalfosteringgroup.co.uk/find-our-agencies/fostering-in-kent/;1;0.00;0.64;25.00;2;0.15,0.43,0.43,0.34,0.65,0.53,1.00,0.53,0.34,0.34,0.21,0.34
fostering definition;5;5;390;0.00;https://www.nationalfosteringgroup.co.uk/thinking-about-fostering/what-is-fostering/;1;0.00;0.02;35.00;1;0.13,0.24,0.30,0.24,0.36,0.30,0.13,0.30,0.36,0.13,0.10,0.24
hmrc fostering allowance;4;4;140;0.00;https://www.nationalfosteringgroup.co.uk/thinking-about-fostering/support-and-benefits/financial-support/tax-and-foster-care/;1;0.00;0.33;24.00;1;0.42,0.80,1.00,1.00,0.80,1.00,0.80,0.80,0.66,0.52,0.52,0.52
become a foster carer;21;21;880;8.63;https://www.nationalfosteringgroup.co.uk/thinking-about-fostering/who-can-foster/;1;0.00;0.70;17.00;1;0.67,0.55,1.00,0.76,0.76,0.76,0.67,0.55,0.55,0.55,0.55,0.55
foster care uk;20;20;1300;5.18;https://www.nationalfosteringgroup.co.uk/thinking-about-fostering/types-of-foster-care/long-term-fostering/;1;0.00;0.64;41.00;1;0.52,0.68,0.68,0.68,0.52,0.68,0.68,0.52,0.84,0.68,0.52,0.52
best fostering agency near me;10;10;260;9.99;https://www.nationalfosteringgroup.co.uk/find-our-agencies/fostering-in-manchester/;1;0.00;0.68;18.00;3;0.08,0.54,0.81,0.66,0.66,1.00,0.81,1.00,0.43,0.29,0.22,0.22
care foster;42;42;4400;5.67;https://www.nationalfosteringgroup.co.uk/thinking-about-fostering/types-of-foster-care/;1;0.00;0.61;34.00;1;0.01,0.16,0.81,0.12,0.24,0.19,1.00,0.36,0.29,0.10,0.29,0.29
reward charts;14;14;590;0.25;https://www.nationalfosteringgroup.co.uk/news-and-blog/how-to-use-a-rewards-chart-successfully/;1;0.00;1.00;22.00;1;0.20,0.20,0.41,0.24,0.30,0.13,0.36,0.20,0.16,0.16,0.16,0.16
support for fostering;10;10;140;2.21;https://www.nationalfosteringgroup.co.uk/thinking-about-fostering/support-and-benefits/financial-support/fostering-allowance/;1;0.00;0.28;39.00;1;0.42,0.26,0.34,0.80,0.80,1.00,0.65,0.65,0.26,0.26,0.26,0.15
long term foster care parents rights;12;12;210;1.85;https://www.nationalfosteringgroup.co.uk/thinking-about-fostering/types-of-foster-care/long-term-fostering/;1;0.00;0.13;5.00;1;0.65,1.00,1.00,1.00,0.80,0.65,0.80,0.80,0.65,0.80,0.42,0.42
foster care worcester;6;6;90;7.21;https://www.nationalfosteringgroup.co.uk/child-care-bureau/;1;0.00;0.61;12.00;2;0.23,1.00,1.00,0.64,0.64,0.52,0.52,0.29,0.17,0.29,0.29,0.29
become a foster parent;26;26;880;8.63;https://www.nationalfosteringgroup.co.uk/thinking-about-fostering/who-can-foster/;1;0.00;0.70;17.00;1;0.67,0.67,1.00,0.67,0.67,0.76,0.67,0.45,0.55,0.45,0.55,0.55
autism and autism spectrum;51;51;14800;1.05;https://www.nationalfosteringgroup.co.uk/news-and-blog/what-are-autism-spectrum-disorders-autism-explained/;1;0.00;0.10;86.00;1;0.00,0.29,0.36,0.20,0.03,0.16,0.44,0.08,0.54,0.01,0.54,0.08
how much a foster parent get paid;2;2;110;1.31;https://www.nationalfosteringgroup.co.uk/thinking-about-fostering/support-and-benefits/financial-support/fostering-allowance/;1;0.00;0.56;22.00;1;0.05,0.11,0.15,0.15,0.08,0.15,0.08,0.08,1.00,0.06,0.11,0.08
fostering bristol;12;12;260;5.93;https://www.nationalfosteringgroup.co.uk/find-our-agencies/fostering-in-bristol/;1;0.00;0.62;12.00;2;0.43,1.00,0.81,1.00,1.00,0.81,1.00,1.00,0.81,0.81,0.81,0.81
how to become a foster carer;23;23;720;7.20;https://www.nationalfosteringgroup.co.uk/thinking-about-fostering/who-can-foster/;1;0.00;0.63;21.00;1;0.81,0.67,0.81,1.00,1.00,1.00,1.00,0.81,0.81,0.67,0.67,0.67
how to become a foster parent;6;6;1000;7.20;https://www.nationalfosteringgroup.co.uk/thinking-about-fostering/becoming-a-foster-carer/;1;0.00;0.63;31.00;1;0.81,0.62,0.62,0.81,0.62,0.81,0.81,0.81,0.55,0.55,0.55,0.62
fostering people;4;4;260;0.73;https://www.nationalfosteringgroup.co.uk/thinking-about-fostering/what-is-fostering/;1;0.00;0.01;36.00;2;0.11,0.59,0.26,0.17,0.21,0.26,0.21,0.21,0.32,0.17,0.26,0.48
foster parent adoption;7;7;320;1.09;https://www.nationalfosteringgroup.co.uk/thinking-about-fostering/should-i-foster-or-adopt/;1;0.00;0.45;22.00;1;0.11,0.14,0.26,0.72,0.32,0.39,0.09,0.39,0.32,0.48,0.21,0.48
fostering northern ireland;10;10;320;4.62;https://www.nationalfosteringgroup.co.uk/find-our-agencies/fostering-in-belfast/;1;0.00;0.65;16.00;1,2;0.66,0.66,0.53,0.82,0.82,0.66,0.82,0.82,1.00,1.00,1.00,0.82
payments for fostering;10;10;210;1.83;https://www.nationalfosteringgroup.co.uk/thinking-about-fostering/support-and-benefits/financial-support/fostering-allowance/;1;0.00;0.57;20.00;1;0.00,0.02,0.02,0.02,0.03,0.05,0.06,0.06,0.04,0.04,1.00,0.04
fostering norfolk;7;7;170;4.45;https://www.nationalfosteringgroup.co.uk/find-our-agencies/fostering-in-norfolk/;1;0.00;0.67;23.00;2,3;0.34,0.80,1.00,0.80,0.80,0.80,0.65,0.53,0.53,0.53,0.53,0.53
fostering in wales uk;5;5;260;7.07;https://www.nationalfosteringgroup.co.uk/national-fostering-agency/wales/;1;0.00;0.61;23.00;2;0.44,0.11,0.44,0.08,0.08,0.54,0.44,0.66,0.66,1.00,0.35,0.81
becoming a foster care parent;3;3;140;8.75;https://www.nationalfosteringgroup.co.uk/thinking-about-fostering/becoming-a-foster-carer/;1;0.00;0.65;13.00;1;0.66,0.29,0.29,0.29,0.35,0.35,0.43,0.22,0.35,0.14,0.14,0.22
foster in manchester;5;5;90;9.05;https://www.nationalfosteringgroup.co.uk/find-our-agencies/fostering-in-manchester/;1;0.00;0.75;19.00;0;0.42,0.33,0.42,0.52,0.42,0.23,0.42,1.00,0.52,0.42,0.42,0.42
foster parent money;2;2;90;1.72;https://www.nationalfosteringgroup.co.uk/thinking-about-fostering/support-and-benefits/financial-support/fostering-allowance/;1;0.00;0.58;24.00;1;0.64,0.41,0.82,1.00,0.41,0.41,0.41,0.41,0.41,0.41,0.41,0.41
fostering and benefits;8;8;90;2.63;https://www.nationalfosteringgroup.co.uk/thinking-about-fostering/support-and-benefits/financial-support/state-benefits-and-pensions/;1;0.00;0.45;9.00;1;0.34,0.26,0.19,0.26,0.34,0.42,0.53,0.42,0.34,0.34,0.34,0.34
define autism spectrum;38;38;3600;0.67;https://www.nationalfosteringgroup.co.uk/news-and-blog/what-are-autism-spectrum-disorders-autism-explained/;1;0.00;0.05;91.00;1;0.00,0.00,0.00,0.00,0.29,0.44,1.00,0.54,0.66,0.05,0.54,0.66
is foster care allowance taxable;2;2;110;1.68;https://www.nationalfosteringgroup.co.uk/thinking-about-fostering/support-and-benefits/financial-support/tax-and-foster-care/;1;0.00;0.33;19.00;1;0.14,0.66,0.80,0.80,0.66,0.66,0.66,0.33,0.42,0.42,0.33,0.42
fostering north east;9;9;260;6.45;https://www.nationalfosteringgroup.co.uk/find-our-agencies/fostering-in-durham/;1;0.00;0.65;27.00;1;0.81,0.81,1.00,0.81,1.00,1.00,0.81,0.65,0.65,0.81,0.65,1.00
sticker chart rewards;6;6;140;0.30;https://www.nationalfosteringgroup.co.uk/news-and-blog/how-to-use-a-rewards-chart-successfully/;1;0.00;1.00;25.00;1;0.28,0.35,0.28,0.12,0.12,0.05,0.02,0.82,0.53,0.66,0.35,0.53
career in fostering;8;8;90;3.87;https://www.nationalfosteringgroup.co.uk/careers/;1;0.00;0.19;13.00;0;0.52,0.52,1.00,1.00,0.23,0.33,0.52,0.33,0.42,0.33,0.09,0.23
ramadan and eid;12;12;260;5.60;https://www.nationalfosteringgroup.co.uk/news-and-blog/ramadan-and-eid-festival-explained-information-for-carers/;1;0.00;0.02;43.00;1;0.16,0.06,0.06,0.04,0.05,0.06,0.10,0.16,0.36,0.62,0.06,0.08
foster home;12;12;590;3.43;https://www.nationalfosteringgroup.co.uk/thinking-about-fostering/types-of-foster-care/long-term-fostering/;1;0.00;0.34;49.00;1;0.24,0.45,0.55,0.62,0.45,0.55,0.45,0.24,0.30,0.36,0.24,0.24
team foster;5;5;170;1.93;https://www.nationalfosteringgroup.co.uk/;1;0.00;0.11;34.00;2;0.00,0.15,0.00,0.06,0.29,0.00,0.36,0.36,0.00,0.29,0.29,1.00
childrens reward charts;9;9;170;0.24;https://www.nationalfosteringgroup.co.uk/news-and-blog/how-to-use-a-rewards-chart-successfully/;1;0.00;1.00;18.00;1;0.00,0.53,0.65,0.65,1.00,0.65,0.21,0.81,0.43,0.28,0.43,0.34
fosters near me;9;9;140;13.50;https://www.nationalfosteringgroup.co.uk/find-our-agencies/fostering-in-oldham/;1;0.00;0.40;16.00;3;0.53,0.42,0.53,0.19,0.07,0.53,0.65,1.00,0.80,1.00,0.65,0.15
part time fostering;8;8;110;5.02;https://www.nationalfosteringgroup.co.uk/thinking-about-fostering/types-of-foster-care/stayover-care/;1;0.00;0.73;9.00;1;0.53,0.53,0.34,0.53,0.34,0.42,0.53,0.53,0.34,0.26,0.26,0.26
fostering agency aldridge;8;8;110;0.00;https://www.nationalfosteringgroup.co.uk/;1;0.00;0.00;8.00;0;0.33,0.33,0.33,0.42,0.33,0.80,0.80,1.00,0.66,0.52,0.66,0.42
fostering babies uk;12;12;480;0.00;https://www.nationalfosteringgroup.co.uk/thinking-about-fostering/what-is-fostering/;1;0.00;0.00;15.00;1;0.35,0.81,0.81,0.66,0.81,1.00,1.00,1.00,0.54,0.54,0.54,0.54
foster parenting pay;2;2;110;1.88;https://www.nationalfosteringgroup.co.uk/thinking-about-fostering/support-and-benefits/financial-support/fostering-allowance/;1;0.00;0.66;25.00;1;0.42,0.33,0.42,1.00,1.00,0.80,0.33,0.19,0.33,0.23,0.42,0.42
emergency foster care pay uk;14;14;260;2.08;https://www.nationalfosteringgroup.co.uk/thinking-about-fostering/support-and-benefits/financial-support/fostering-allowance/;1;0.00;0.63;20.00;1;0.81,0.81,0.81,0.54,0.54,0.66,0.54,0.28,0.23,0.18,0.18,0.18
fostering bolton;2;2;170;9.00;https://www.nationalfosteringgroup.co.uk/find-our-agencies/fostering-in-bolton/;1;0.00;0.55;20.00;2;0.05,0.11,0.08,0.11,0.11,0.11,0.08,0.08,0.05,0.05,0.05,0.05
foster parent meaning;4;4;110;2.64;https://www.nationalfosteringgroup.co.uk/thinking-about-fostering/what-is-fostering/;1;0.00;0.11;37.00;1;0.66,0.52,0.42,0.52,0.42,0.52,0.52,0.66,0.80,0.33,0.33,0.42
childrens quotes about reading;15;15;480;0.00;https://www.nationalfosteringgroup.co.uk/news-and-blog/15-pieces-of-reading-wisdom-from-famous-childrens-authors/;1;0.00;1.00;13.00;1;0.10,0.16,0.05,0.04,0.36,0.24,0.00,0.55,1.00,0.13,0.30,0.36
becoming foster parents;8;8;260;8.75;https://www.nationalfosteringgroup.co.uk/thinking-about-fostering/what-is-fostering/;1;0.00;0.65;26.00;1;0.23,0.54,0.54,0.54,0.28,0.28,0.54,0.35,1.00,0.28,0.28,0.35
what is a foster home;18;18;720;2.40;https://www.nationalfosteringgroup.co.uk/thinking-about-fostering/types-of-foster-care/;1;0.00;0.19;20.00;1;0.67,0.67,0.45,0.45,0.67,0.67,0.55,0.55,0.55,0.55,0.55,0.55
foster parenting;6;6;260;6.70;https://www.nationalfosteringgroup.co.uk/thinking-about-fostering/what-is-fostering/;1;0.00;0.55;39.00;2;0.44,0.54,0.54,0.54,0.54,0.44,0.54,0.36,0.23,0.29,0.15,0.15
how to get into fostering;6;6;140;10.36;https://www.nationalfosteringgroup.co.uk/thinking-about-fostering/becoming-a-foster-carer/;1;0.00;0.72;22.00;1;0.33,0.66,0.66,1.00,0.80,1.00,1.00,1.00,0.52,0.52,0.42,0.42
hampshire fostering;5;5;140;4.71;https://www.nationalfosteringgroup.co.uk/find-our-agencies/fostering-in-hampshire/;1;0.00;0.53;19.00;2;0.33,1.00,0.80,0.80,0.66,0.80,0.66,0.66,0.66,0.42,0.42,0.66
fostering in liverpool;3;3;110;8.87;https://www.nationalfosteringgroup.co.uk/find-our-agencies/fostering-in-liverpool/;1;0.00;0.59;19.00;2;0.41,1.00,1.00,0.82,0.82,1.00,0.82,0.64,0.52,0.52,0.52,0.52
how do i become a foster carer;12;12;210;7.20;https://www.nationalfosteringgroup.co.uk/thinking-about-fostering/becoming-a-foster-carer/;1;0.00;0.63;21.00;1;0.08,0.35,0.28,0.28,0.44,0.44,0.44,0.35,0.35,0.35,0.35,0.35
foster care liverpool;2;2;110;8.87;https://www.nationalfosteringgroup.co.uk/find-our-agencies/fostering-in-liverpool/;1;0.00;0.59;16.00;2;0.41,0.82,0.64,0.82,0.82,0.82,0.64,0.64,0.64,0.64,0.64,0.82
how to be a foster parent;6;6;390;7.08;https://www.nationalfosteringgroup.co.uk/thinking-about-fostering/becoming-a-foster-carer/;1;0.00;0.62;25.00;1;0.54,0.81,1.00,1.00,0.81,0.81,1.00,0.81,0.66,0.66,0.54,0.66
fostering wrexham;5;5;110;10.68;https://www.nationalfosteringgroup.co.uk/fostering-solutions/wales/;1;0.00;0.31;23.00;1;0.12,0.12,0.10,0.12,0.12,0.10,0.12,0.12,0.15,0.12,0.12,0.12
fostering in essex;7;7;210;5.57;https://www.nationalfosteringgroup.co.uk/find-our-agencies/fostering-in-essex/;1;0.00;0.63;16.00;2;0.65,1.00,1.00,0.81,0.65,0.81,0.81,0.65,0.65,0.43,0.43,0.43
fostering and universal credit;6;6;90;5.16;https://www.nationalfosteringgroup.co.uk/thinking-about-fostering/support-and-benefits/financial-support/state-benefits-and-pensions/;1;0.00;0.31;8.00;1;0.50,1.00,0.64,0.78,0.78,0.50,0.50,0.50,0.64,0.50,0.64,0.50
fostertrack;14;14;210;9.28;https://www.nationalfosteringgroup.co.uk/;1;0.00;0.03;13.00;1;0.35,0.35,0.29,0.43,0.43,0.43,0.43,0.66,0.54,0.54,0.54,0.35
foster care peterborough;8;8;90;9.58;https://www.nationalfosteringgroup.co.uk/find-our-agencies/fostering-in-peterborough/;1;0.00;0.44;9.00;1;0.42,0.26,0.34,0.42,0.42,0.42,0.26,0.26,0.26,0.26,0.26,0.53
fostering in somerset;4;4;170;4.85;https://www.nationalfosteringgroup.co.uk/find-our-agencies/fostering-in-somerset/;1;0.00;0.65;25.00;2;0.43,0.43,0.53,0.43,0.43,0.53,0.43,0.81,0.53,0.81,0.65,0.34
foster care kent;4;4;320;6.06;https://www.nationalfosteringgroup.co.uk/find-our-agencies/fostering-in-kent/;1;0.00;0.64;28.00;2;0.28,0.18,0.23,0.81,1.00,0.66,0.66,0.66,0.44,0.35,0.23,0.23
adoption and fostering;8;8;170;1.60;https://www.nationalfosteringgroup.co.uk/thinking-about-fostering/should-i-foster-or-adopt/;1;0.00;0.29;34.00;1;0.81,1.00,0.81,0.53,0.43,0.53,0.53,0.28,0.34,0.34,0.43,0.43
foster care wales;5;5;260;7.07;https://www.nationalfosteringgroup.co.uk/national-fostering-agency/wales/;1;0.00;0.61;24.00;2;0.32,0.26,0.26,0.21,0.26,0.26,0.32,0.32,0.21,0.21,0.21,0.21
hull fostering;4;4;110;7.20;https://www.nationalfosteringgroup.co.uk/find-our-agencies/fostering-in-hull/;1;0.00;0.54;15.00;2;0.50,1.00,0.78,1.00,0.78,0.78,1.00,0.78,0.50,0.50,0.50,0.64
children's reading quote;20;20;720;0.00;https://www.nationalfosteringgroup.co.uk/news-and-blog/15-pieces-of-reading-wisdom-from-famous-childrens-authors/;1;0.00;1.00;9.00;1;0.62,0.62,0.62,0.55,0.08,0.08,0.30,0.55,0.81,0.20,0.36,0.36
becoming a foster;12;12;1000;8.75;https://www.nationalfosteringgroup.co.uk/thinking-about-fostering/becoming-a-foster-carer/;1;0.00;0.65;31.00;1;0.44,0.05,0.24,1.00,0.55,0.44,0.44,0.34,0.20,0.34,0.11,0.20
