"Domain"	"Is spam"	"DR"	"Dofollow ref. domains"	"Dofollow linked domains"	"Traffic "	"Keywords "	"Links to target"	"Dofollow links"	"First seen"	"Lost"
"bbb.org"	"false"	"93"	"220291"	"10382"	"4098078"	"726436"	"2"	"0"	"2025-12-04 07:36:50"	""
"fandom.com"	"false"	"92"	"218041"	"9668"	"130810392"	"7643996"	"1"	"0"	"2026-04-08 20:08:14"	""
"crunchbase.com"	"false"	"91"	"103490"	"4469"	"4959995"	"262080"	"4"	"0"	"2024-02-26 01:42:51"	""
"glassdoor.com"	"false"	"91"	"78366"	"3759"	"10871197"	"711629"	"2"	"0"	"2026-02-07 14:51:04"	""
"yellowpages.com"	"false"	"89"	"36456"	"97"	"2843956"	"556238"	"7"	"0"	"2021-08-22 19:12:35"	""
"expertise.com"	"false"	"88"	"16517"	"223141"	"106115"	"12238"	"2"	"2"	"2024-08-09 08:11:02"	""
"threebestrated.com"	"false"	"80"	"5489"	"77894"	"63844"	"12022"	"1"	"0"	"2026-09-19 10:11:00"	""
"24-7pressrelease.com"	"false"	"80"	"11315"	"223"	"16614"	"3694"	"19"	"0"	"2018-12-29 21:42:17"	""
"coroflot.com"	"false"	"79"	"13206"	"77174"	"11191"	"2920"	"3"	"3"	"2025-04-10 02:03:01"	""
"fixr.com"	"false"	"78"	"9107"	"2694"	"12965"	"4442"	"1"	"1"	"2026-08-26 07:54:37"	""
"dexknows.com"	"false"	"78"	"6667"	"22"	"8506"	"3093"	"32"	"0"	"2025-12-23 15:46:19"	""
"loc8nearme.com"	"false"	"78"	"9412"	"24"	"43505"	"11155"	"2"	"0"	"2026-06-10 07:26:33"	""
"accio.com"	"false"	"76"	"11315"	"27616"	"441699"	"77460"	"2"	"0"	"2026-03-22 01:22:54"	""
"find-us-here.com"	"false"	"76"	"8360"	"527240"	"289"	"118"	"3"	"3"	"2026-05-24 03:58:42"	""
"example3.com"	"false"	"75"	"5120"	"521"	"0"	"4"	"2"	"0"	"2026-09-07 12:45:41"	""
"housedigest.com"	"false"	"75"	"8666"	"27429"	"264538"	"31956"	"1"	"1"	"2023-10-03 20:31:11"	""
"brightside.me"	"false"	"75"	"12107"	"12545"	"103377"	"21435"	"1"	"0"	"2023-07-27 18:41:55"	""
"barbend.com"	"false"	"75"	"12576"	"2086"	"189396"	"32258"	"1"	"1"	"2024-06-27 17:29:42"	""
"factmags.com"	"true"	"75"	"5355"	"40802193"	"0"	"0"	"6"	"0"	"2026-05-08 23:57:17"	""
"csswinner.com"	"false"	"75"	"2121"	"55"	"931"	"121"	"6"	"0"	"2024-09-24 23:21:21"	""
"contactout.com"	"false"	"74"	"8519"	"834"	"208359"	"43131"	"3"	"0"	"2026-07-05 02:13:01"	""
"moneytalksnews.com"	"false"	"74"	"8389"	"13004"	"43344"	"6218"	"1"	"1"	"2023-08-29 05:35:03"	""
"brandfetch.com"	"true"	"73"	"9136"	"1788052"	"1219367"	"90834"	"2"	"2"	"2021-12-15 06:44:37"	""
"yp.com"	"false"	"73"	"1820"	"10"	"1495"	"235"	"10"	"0"	"2026-09-30 13:37:57"	""
"inkl.com"	"false"	"73"	"11651"	"640503"	"373165"	"19838"	"1"	"1"	"2026-05-17 18:02:21"	""
"owler.com"	"false"	"73"	"9505"	"18547"	"35372"	"11970"	"6"	"0"	"2024-07-09 09:33:51"	""
"prospeo.io"	"true"	"73"	"5521"	"510038"	"83735"	"12328"	"2"	"2"	"2026-03-27 10:00:05"	""
"dynamix.site"	"false"	"72"	"742"	"199"	"8"	"5"	"2"	"2"	"2022-06-14 07:18:40"	""
"siteprice.org"	"false"	"72"	"9361"	"99"	"58681"	"7868"	"24"	"0"	"2026-06-08 17:37:41"	""
"qualifiedremodeler.com"	"false"	"71"	"1293"	"5871"	"4882"	"945"	"6"	"6"	"2026-07-18 03:11:57"	""
"leadiq.com"	"false"	"71"	"7209"	"496"	"200737"	"50500"	"7"	"0"	"2026-04-22 22:16:58"	""
"bizhwy.com"	"false"	"71"	"5063"	"5166"	"197"	"80"	"5"	"0"	"2021-10-03 19:44:22"	""
"buybacklinks.agency"	"true"	"69"	"427"	"998"	"0"	"0"	"2"	"0"	"2026-04-06 12:43:10"	""
"appsruntheworld.com"	"false"	"69"	"6091"	"2295870"	"19570"	"4959"	"1"	"1"	"2026-05-13 05:03:18"	""
"scam-detector.com"	"false"	"68"	"8962"	"981"	"109566"	"11790"	"2"	"0"	"2026-04-13 07:13:10"	""
"weblancer.net"	"false"	"66"	"2016"	"2045"	"11372"	"1764"	"1"	"0"	"2024-12-17 09:56:14"	""
"ediblemanhattan.com"	"false"	"66"	"3041"	"7976"	"57666"	"3610"	"1"	"1"	"2026-09-08 06:28:50"	""
"thefuntimesguide.com"	"false"	"65"	"3508"	"16103"	"20745"	"4735"	"1"	"1"	"2022-05-26 08:58:25"	""
"lorddecor.com"	"false"	"64"	"877"	"4224"	"15419"	"4868"	"1"	"1"	"2026-09-15 19:47:41"	""
"mylocalservices.com"	"false"	"63"	"2762"	"718795"	"1270"	"499"	"1"	"1"	"2026-05-18 02:59:38"	""
"sitelike.org"	"false"	"63"	"9234"	"76"	"70895"	"9165"	"14"	"0"	"2021-09-27 01:03:44"	""
"octanecdn.com"	"false"	"63"	"997"	"2002"	"8312"	"483"	"2"	"2"	"2026-09-25 09:42:35"	""
"windowanddoor.com"	"false"	"61"	"1612"	"1285"	"2515"	"707"	"6"	"6"	"2020-01-31 06:45:49"	""
"elevatedmagazines.com"	"false"	"61"	"4686"	"24233"	"16922"	"698"	"1"	"1"	"2022-10-07 12:28:11"	""
"crustdata.com"	"false"	"61"	"955"	"0"	"11254"	"490"	"1"	"0"	"2026-05-15 22:05:30"	""
"webrankingsolutionbacklinks.com"	"true"	"60"	"66"	"308"	"0"	"0"	"2"	"0"	"2026-08-25 12:53:11"	""
"increasewebtrafficwithlinks.com"	"true"	"60"	"71"	"339"	"0"	"0"	"2"	"0"	"2026-07-29 12:37:14"	""
"webbacklinkskbuy.com"	"true"	"60"	"64"	"260"	"0"	"0"	"2"	"0"	"2026-08-14 05:08:11"	""
"atozbacklinks.com"	"true"	"60"	"71"	"342"	"0"	"0"	"3"	"0"	"2026-07-10 08:12:25"	""
"friendlybacklinksbuy.com"	"true"	"60"	"67"	"118"	"0"	"0"	"2"	"0"	"2026-08-25 03:26:30"	""
"trafficboosterlinkseo.com"	"true"	"60"	"68"	"345"	"0"	"0"	"1"	"0"	"2026-07-31 07:25:36"	""
"quickseolinks.com"	"true"	"60"	"70"	"325"	"0"	"0"	"2"	"0"	"2026-07-09 18:17:53"	""
"topratedbacklinks.com"	"true"	"60"	"68"	"47"	"0"	"0"	"1"	"0"	"2026-07-16 11:45:39"	""
"wowqualitybacklinks.com"	"true"	"60"	"67"	"429"	"0"	"0"	"3"	"0"	"2026-08-03 00:58:51"	""
"booastrankingwithbacklinks.com"	"true"	"60"	"67"	"266"	"0"	"0"	"1"	"0"	"2026-07-08 18:15:19"	""
"welinkbacklinks.com"	"true"	"60"	"65"	"366"	"0"	"0"	"3"	"0"	"2026-06-30 09:10:22"	""
"worldtopbacklinks.com"	"true"	"60"	"70"	"308"	"0"	"0"	"3"	"0"	"2026-07-01 04:07:38"	""
"bestsitesbacklinks.com"	"true"	"60"	"73"	"2"	"0"	"0"	"3"	"0"	"2026-07-28 18:17:28"	""
"allbaclinks.com"	"true"	"60"	"72"	"252"	"0"	"0"	"3"	"0"	"2026-08-22 12:53:46"	""
"superbqualitybacklinks.com"	"true"	"60"	"69"	"384"	"0"	"0"	"2"	"0"	"2026-07-12 00:54:22"	""
"rarebacklinks.com"	"true"	"60"	"66"	"270"	"0"	"0"	"1"	"0"	"2026-08-25 17:45:36"	""
"bestseobacklinkforsite.com"	"true"	"59"	"70"	"312"	"0"	"0"	"2"	"0"	"2026-07-30 07:27:30"	""
"bestrankbacklinks.com"	"true"	"59"	"66"	"322"	"0"	"0"	"2"	"0"	"2026-07-29 20:59:00"	""
"buyrankbacklinks.com"	"true"	"59"	"70"	"346"	"0"	"0"	"2"	"0"	"2026-07-28 23:50:01"	""
"buytopqualitybacklinks.com"	"true"	"59"	"68"	"0"	"0"	"0"	"3"	"0"	"2026-08-07 11:25:58"	""
"buyfairbacklinks.com"	"true"	"59"	"69"	"357"	"0"	"0"	"3"	"0"	"2026-07-28 23:51:47"	""
"99backlinksbuy.com"	"true"	"59"	"97"	"345"	"0"	"0"	"3"	"0"	"2026-07-08 16:08:41"	""
"lovehappensmag.com"	"false"	"59"	"1588"	"9573"	"11737"	"1785"	"1"	"1"	"2026-01-14 14:47:01"	""
"ahouseinthehills.com"	"false"	"58"	"1826"	"8691"	"380"	"120"	"1"	"1"	"2026-08-15 16:41:20"	""
"intently.co"	"false"	"57"	"1291"	"240362"	"7"	"3"	"1"	"0"	"2022-01-28 14:06:00"	""
"bizlistusa.com"	"false"	"57"	"2446"	"355818"	"176"	"46"	"4"	"4"	"2023-12-31 20:00:55"	""
"wogibtswas.de"	"false"	"56"	"732"	"5681"	"5510"	"1887"	"1"	"0"	"2026-05-18 19:55:17"	""
"businesslistus.com"	"false"	"56"	"2134"	"367867"	"60"	"46"	"2"	"2"	"2026-05-18 17:36:54"	""
"infinitywindows.com"	"false"	"54"	"3342"	"49"	"16483"	"3080"	"2"	"2"	"2025-08-28 21:08:51"	""
"enthrallinggumption.com"	"false"	"54"	"2141"	"3965"	"1760"	"846"	"1"	"1"	"2026-09-12 08:42:50"	""
"linkrankpro.shop"	"true"	"54"	"172"	"998"	"0"	"0"	"2"	"0"	"2026-05-08 04:27:07"	""
"ranklinkerpro.shop"	"true"	"54"	"125"	"2"	"0"	"0"	"2"	"0"	"2026-06-23 09:00:25"	""
"rankboostly.shop"	"true"	"54"	"89"	"3"	"0"	"0"	"2"	"0"	"2026-07-24 07:19:48"	""
"glarity.app"	"false"	"54"	"3870"	"51"	"2234"	"400"	"2"	"0"	"2024-06-23 18:43:26"	""
"eurekster.com"	"false"	"53"	"1984"	"1142987"	"0"	"0"	"13"	"13"	"2021-10-31 14:02:50"	""
"seolinkpro.shop"	"true"	"52"	"145"	"999"	"0"	"0"	"2"	"0"	"2026-05-12 16:57:35"	""
"newlifestyles.com"	"false"	"52"	"746"	"2907"	"9918"	"3124"	"1"	"1"	"2026-10-01 18:35:22"	""
"toxigon.com"	"false"	"52"	"877"	"85889"	"15"	"25"	"1"	"1"	"2026-08-26 13:07:04"	""
"seo-high-ranking.shop"	"false"	"52"	"2047"	"1015"	"0"	"0"	"1"	"0"	"2026-04-22 01:16:28"	""
"m98ufa.com"	"true"	"50"	"483"	"0"	"0"	"0"	"2"	"2"	"2026-09-04 02:22:35"	""
"dailyhomesafety.com"	"false"	"49"	"409"	"277"	"52"	"13"	"1"	"1"	"2023-12-19 01:59:52"	""
"ahimsahouse.org"	"false"	"49"	"389"	"467"	"102"	"4"	"1"	"1"	"2023-12-26 00:13:27"	""
"backlinksplace.site"	"true"	"49"	"53"	"1"	"0"	"0"	"2"	"0"	"2026-08-17 21:39:27"	""
"backlinkshop.site"	"true"	"49"	"52"	"1"	"0"	"0"	"2"	"0"	"2026-07-28 03:42:57"	""
"link-baron-optimal-organic-collective.store"	"true"	"49"	"1052"	"1017"	"0"	"0"	"1"	"0"	"2026-09-09 01:56:22"	""
"seoexpress.site"	"true"	"49"	"1645"	"1020"	"0"	"0"	"1"	"0"	"2026-04-29 07:34:42"	""
"seoexpress.shop"	"true"	"49"	"1639"	"338"	"0"	"0"	"1"	"0"	"2026-04-24 15:53:28"	""
"seoexpress.website"	"true"	"49"	"1661"	"1002"	"0"	"0"	"1"	"0"	"2026-05-03 01:01:22"	""
"exclusive-keyword-team-seoexpress.store"	"true"	"49"	"1059"	"356"	"0"	"0"	"1"	"0"	"2026-05-22 15:26:41"	""
"kmoshops.shop"	"true"	"49"	"1643"	"1017"	"0"	"0"	"1"	"0"	"2026-05-02 13:39:30"	""
"theseorankinghigh.shop"	"true"	"49"	"1654"	"1017"	"0"	"0"	"1"	"0"	"2026-05-09 08:44:33"	""
"thebacklinks.shop"	"true"	"49"	"1644"	"1027"	"0"	"0"	"4"	"0"	"2026-05-06 09:16:21"	""
"theguestposts.shop"	"true"	"48"	"1644"	"1016"	"0"	"0"	"1"	"0"	"2026-05-20 22:16:20"	""
"highseoranking.shop"	"true"	"48"	"1653"	"1017"	"0"	"0"	"1"	"0"	"2026-04-23 14:01:52"	""
"thehighseo.shop"	"true"	"48"	"1649"	"1017"	"0"	"0"	"1"	"0"	"2026-05-02 21:07:28"	""
"123webshop.shop"	"true"	"48"	"1651"	"1016"	"0"	"0"	"1"	"0"	"2026-05-07 03:10:00"	""
"exclusive-traffic-experts-seoexpress.store"	"true"	"48"	"1053"	"353"	"0"	"0"	"1"	"0"	"2026-05-23 02:29:07"	""
"modern-studio-outrank-hq-blogger.store"	"true"	"48"	"1038"	"1017"	"0"	"0"	"1"	"0"	"2026-06-23 10:16:41"	""
"link-baron-pro-press-release.store"	"true"	"48"	"1060"	"337"	"0"	"0"	"1"	"0"	"2026-06-22 00:42:56"	""
"alpha-local-seo-group-rank-forge.store"	"true"	"48"	"1061"	"1017"	"0"	"0"	"1"	"0"	"2026-06-26 18:11:07"	""
"link-baron-syndicate-equity.store"	"true"	"48"	"1052"	"1017"	"0"	"0"	"1"	"0"	"2026-06-30 13:15:39"	""
"ekenkoshop.shop"	"true"	"48"	"1654"	"1016"	"0"	"0"	"1"	"0"	"2026-05-08 03:49:46"	""
"agile-footer-link-system-link-baron.store"	"true"	"48"	"1062"	"1017"	"0"	"0"	"1"	"0"	"2026-09-08 10:55:49"	""
"outrank-hq-legendary-white-hat.store"	"true"	"48"	"1048"	"337"	"0"	"0"	"1"	"0"	"2026-07-09 06:05:39"	""
"modern-guest-post-consultants-seoexpress.store"	"true"	"48"	"1060"	"421"	"0"	"0"	"1"	"0"	"2026-05-19 19:57:37"	""
"advanced-search-seoexpress-pros.store"	"true"	"48"	"1128"	"377"	"0"	"0"	"1"	"0"	"2026-05-21 00:02:50"	""
"link-baron-center-backlink.store"	"true"	"48"	"1033"	"337"	"0"	"0"	"1"	"0"	"2026-06-25 17:00:45"	""
"link-baron-agile-on-page-directory.store"	"true"	"48"	"1211"	"1017"	"0"	"0"	"1"	"0"	"2026-06-18 08:39:04"	""
"master-off-page-seoexpress-directory.store"	"true"	"48"	"1055"	"343"	"0"	"0"	"1"	"0"	"2026-06-08 06:46:25"	""
"seorankinghigh.shop"	"true"	"48"	"1662"	"1016"	"0"	"0"	"1"	"0"	"2026-06-03 05:25:54"	""
"kawaiishop.shop"	"false"	"48"	"1644"	"1017"	"0"	"0"	"1"	"0"	"2026-05-22 00:02:53"	""
"seoexpress.online"	"true"	"48"	"1643"	"475"	"0"	"0"	"1"	"0"	"2026-05-04 08:18:28"	""
"outrank-hq-engine-dofollow.store"	"true"	"48"	"1038"	"337"	"0"	"0"	"1"	"0"	"2026-06-21 15:55:33"	""
"elite-seoexpress-link-building-team.store"	"true"	"48"	"1059"	"714"	"0"	"0"	"1"	"0"	"2026-05-19 01:28:12"	""
"lixil-reformshop.shop"	"true"	"48"	"1636"	"1017"	"0"	"0"	"1"	"0"	"2026-06-01 11:55:45"	""
"exclusive-link-baron-search-syndicate.store"	"true"	"48"	"1055"	"337"	"0"	"0"	"1"	"0"	"2026-06-21 09:23:26"	""
"thehighseoranking.shop"	"false"	"48"	"1687"	"350"	"0"	"0"	"1"	"0"	"2026-05-04 11:37:45"	""
"dynamic-cooperative-link-baron-saas-seo.store"	"true"	"48"	"1036"	"1017"	"0"	"0"	"1"	"0"	"2026-08-30 17:53:04"	""
"rankinghighseo.shop"	"true"	"48"	"1719"	"1017"	"0"	"0"	"6"	"0"	"2026-05-21 03:44:37"	""
"forum-provider-link-baron.store"	"true"	"48"	"1063"	"1017"	"0"	"0"	"1"	"0"	"2026-08-02 22:49:28"	""
"luxury-niche-edit-seoexpress-services.store"	"true"	"48"	"1060"	"414"	"0"	"0"	"1"	"0"	"2026-05-30 09:21:34"	""
"official-on-page-link-baron-division.store"	"true"	"48"	"1039"	"1016"	"0"	"0"	"1"	"0"	"2026-07-19 08:31:19"	""
"therankboostseo.shop"	"true"	"48"	"1642"	"463"	"0"	"0"	"1"	"0"	"2026-05-22 13:07:10"	""
"link-baron-wiki-leading-system.store"	"true"	"48"	"1059"	"1017"	"0"	"0"	"1"	"0"	"2026-07-01 01:32:12"	""
"therankinghighseo.shop"	"true"	"48"	"1650"	"340"	"0"	"0"	"1"	"0"	"2026-04-28 10:37:57"	""
"master-rank-forge-pbn-league.store"	"true"	"48"	"1087"	"1017"	"0"	"0"	"1"	"0"	"2026-08-08 08:51:24"	""
"seoexpress-digital-system.store"	"true"	"48"	"1048"	"716"	"0"	"0"	"1"	"0"	"2026-07-07 19:42:59"	""
"modern-organic-group-seoexpress.store"	"true"	"48"	"1052"	"716"	"0"	"0"	"1"	"0"	"2026-05-22 11:36:16"	""
"trusted-dofollow-team-seoexpress.store"	"true"	"48"	"1104"	"716"	"0"	"0"	"1"	"0"	"2026-05-19 01:15:43"	""
"link-equity-guest-posting-and-click-through-studio.store"	"true"	"48"	"962"	"337"	"0"	"0"	"1"	"0"	"2026-09-10 08:45:25"	""
"seoexpress-master-digital-portal.store"	"true"	"48"	"1062"	"716"	"0"	"0"	"5"	"0"	"2026-05-21 14:00:31"	""
"first-class-seoexpress-keyword-exchange.store"	"true"	"48"	"1055"	"373"	"0"	"0"	"1"	"0"	"2026-05-31 03:18:41"	""
"definitive-team-link-baron-wiki.store"	"true"	"48"	"1040"	"1017"	"0"	"0"	"1"	"0"	"2026-07-03 17:55:50"	""
"ctr-agency-rank-forge.store"	"true"	"48"	"1034"	"1017"	"0"	"0"	"1"	"0"	"2026-06-26 21:43:27"	""
"high-outrank-hq-dofollow-platform.store"	"true"	"48"	"1056"	"1017"	"0"	"0"	"1"	"0"	"2026-06-16 16:09:54"	""
"simplywebshop.shop"	"true"	"48"	"1646"	"1016"	"0"	"0"	"5"	"0"	"2026-05-01 23:51:20"	""
"thehighrankseo.shop"	"true"	"48"	"1634"	"1026"	"0"	"0"	"1"	"0"	"2026-04-28 01:01:43"	""
"smart-indexer-seoexpress.store"	"true"	"48"	"1067"	"379"	"0"	"0"	"1"	"0"	"2026-05-19 19:47:00"	""
"highseo.shop"	"true"	"48"	"1711"	"374"	"0"	"0"	"1"	"0"	"2026-05-04 04:07:12"	""
"crawl-budget-organic-traffic-and-contextual-link-central.store"	"true"	"48"	"957"	"336"	"0"	"0"	"1"	"0"	"2026-07-20 20:19:52"	""
"best-seoexpress-off-page-network.store"	"true"	"48"	"1057"	"337"	"0"	"0"	"1"	"0"	"2026-05-24 00:00:43"	""
"link-baron-luxury-anchor-text-partners.store"	"true"	"48"	"1041"	"337"	"0"	"0"	"1"	"0"	"2026-06-28 19:40:49"	""
"high-backlink-outrank-hq.store"	"true"	"48"	"1040"	"337"	"0"	"0"	"1"	"0"	"2026-06-15 14:03:41"	""
"global-authority-seoexpress-group.store"	"true"	"48"	"1062"	"692"	"0"	"0"	"1"	"0"	"2026-05-22 15:19:55"	""
"elite-domain-seoexpress-consultants.store"	"true"	"48"	"1064"	"337"	"0"	"0"	"1"	"0"	"2026-05-19 23:57:54"	""
"supreme-anchor-text-provider-seoexpress.store"	"true"	"48"	"1057"	"337"	"0"	"0"	"1"	"0"	"2026-06-01 02:25:02"	""
"paramount-collective-outrank-hq-dr-90.store"	"true"	"48"	"1042"	"1017"	"0"	"0"	"1"	"0"	"2026-08-09 06:08:51"	""
"seoexpress-keyword-network.store"	"true"	"48"	"1055"	"716"	"0"	"0"	"4"	"0"	"2026-05-21 23:31:57"	""
"seoexpress-best-outreach-experts.store"	"true"	"48"	"1053"	"716"	"0"	"0"	"1"	"0"	"2026-06-04 01:14:57"	""
"dr-90-rank-forge-department.store"	"true"	"48"	"1057"	"1017"	"0"	"0"	"1"	"0"	"2026-06-20 00:54:35"	""
"seoexpress-professional-white-hat-team.store"	"true"	"48"	"1054"	"337"	"0"	"0"	"1"	"0"	"2026-05-19 00:10:26"	""
"seoexpress-best-seo-firm.store"	"true"	"48"	"1057"	"306"	"0"	"0"	"1"	"0"	"2026-05-21 01:07:21"	""
"advanced-saas-seo-directory-outrank-hq.store"	"true"	"48"	"1061"	"1017"	"0"	"0"	"1"	"0"	"2026-06-19 08:05:27"	""
"link-baron-da-pa-luxury-directory.store"	"true"	"48"	"1061"	"337"	"0"	"0"	"1"	"0"	"2026-06-20 05:25:11"	""
"instant-webpage-seoexpress-consultants.store"	"true"	"48"	"1061"	"331"	"0"	"0"	"1"	"0"	"2026-05-21 10:13:17"	""
"seoexpress-pbn-experts.store"	"true"	"48"	"1047"	"716"	"0"	"0"	"1"	"0"	"2026-05-19 00:34:09"	""
"epic-webpage-rank-forge-academy.store"	"true"	"48"	"1053"	"357"	"0"	"0"	"1"	"0"	"2026-07-07 10:25:36"	""
"advanced-seo-firm-seoexpress.store"	"true"	"48"	"1141"	"716"	"0"	"0"	"1"	"0"	"2026-05-20 23:12:29"	""
"traffic-surge-digital-pr-and-outreach-pro-agency.store"	"true"	"48"	"957"	"310"	"0"	"0"	"1"	"0"	"2026-08-08 05:34:22"	""
"high-seoexpress-organic-team.store"	"true"	"48"	"1046"	"337"	"0"	"0"	"1"	"0"	"2026-05-21 02:46:50"	""
"seoexpress-dr-90-group.store"	"true"	"48"	"1061"	"401"	"0"	"0"	"1"	"0"	"2026-05-21 19:24:48"	""
"brilliant-edu-link-firm-outrank-hq.store"	"true"	"48"	"1042"	"388"	"0"	"0"	"1"	"0"	"2026-07-15 11:42:31"	""
"bold-outrank-hq-serp-workshop.store"	"true"	"48"	"1060"	"337"	"0"	"0"	"1"	"0"	"2026-06-29 05:08:02"	""
"partnerbase.com"	"false"	"48"	"414"	"251032"	"5796"	"989"	"6"	"2"	"2026-09-29 00:25:32"	""
"master-seoexpress-search-agency.store"	"true"	"48"	"1057"	"716"	"0"	"0"	"1"	"0"	"2026-05-21 17:30:34"	""
"supreme-dofollow-seoexpress-hub.store"	"true"	"48"	"1061"	"716"	"0"	"0"	"1"	"0"	"2026-05-20 13:18:42"	""
"authentic-tier-1-partners-seoexpress.store"	"true"	"48"	"1060"	"337"	"0"	"0"	"1"	"0"	"2026-05-16 16:03:39"	""
"outrank-hq-modern-wiki-branch.store"	"true"	"48"	"1049"	"337"	"0"	"0"	"1"	"0"	"2026-07-02 17:06:48"	""
"powerful-link-building-hub-seoexpress.store"	"true"	"48"	"1048"	"337"	"0"	"0"	"1"	"0"	"2026-05-19 10:48:37"	""
"backlink-pro-click-through-and-link-building-depot.store"	"true"	"48"	"948"	"337"	"0"	"0"	"1"	"0"	"2026-07-13 11:14:00"	""
"expert-search-seoexpress-team.store"	"true"	"48"	"1047"	"411"	"0"	"0"	"1"	"0"	"2026-05-19 03:00:16"	""
"authority-services-for-link-juice-and-contextual-link.store"	"true"	"48"	"1073"	"716"	"0"	"0"	"1"	"0"	"2026-07-15 09:59:22"	""
"expert-seoexpress-authority-directory.store"	"true"	"48"	"1116"	"337"	"0"	"0"	"1"	"0"	"2026-06-01 08:18:12"	""
"seoexpress-content-experts.store"	"true"	"48"	"1058"	"337"	"0"	"0"	"1"	"0"	"2026-05-20 12:06:49"	""
"seoexpress-marketing-exchange.store"	"true"	"48"	"1046"	"337"	"0"	"0"	"1"	"0"	"2026-05-21 01:07:20"	""
"seoexpress-leading-dofollow-pros.store"	"true"	"48"	"1058"	"716"	"0"	"0"	"1"	"0"	"2026-05-21 21:14:04"	""
"outrank-hq-anchor-text-center.store"	"true"	"48"	"1029"	"1017"	"0"	"0"	"1"	"0"	"2026-07-02 23:32:15"	""
"outrank-hq-exclusive-crawl-engine.store"	"true"	"48"	"1051"	"1017"	"0"	"0"	"1"	"0"	"2026-07-01 01:13:57"	""
"seoexpress-verified-website-system.store"	"true"	"48"	"1049"	"711"	"0"	"0"	"1"	"0"	"2026-05-31 13:37:54"	""
"organic-traffic-ranking-signal-and-outreach-pro-bureau.store"	"true"	"48"	"960"	"337"	"0"	"0"	"1"	"0"	"2026-07-21 06:16:15"	""
"premium-seoexpress-outreach-provider.store"	"true"	"48"	"1061"	"337"	"0"	"0"	"1"	"0"	"2026-05-21 16:43:12"	""
"premium-solutions-for-serp-boost-and-content-marketing.store"	"true"	"48"	"956"	"337"	"0"	"0"	"1"	"0"	"2026-07-17 23:43:24"	""
"review-link-system-link-baron.store"	"true"	"48"	"1032"	"715"	"0"	"0"	"1"	"0"	"2026-08-31 16:33:25"	""
"official-center-outrank-hq-search.store"	"true"	"48"	"1064"	"1017"	"0"	"0"	"1"	"0"	"2026-09-07 18:24:34"	""
"smart-seoexpress-webpage-experts.store"	"true"	"48"	"1053"	"337"	"0"	"0"	"1"	"0"	"2026-05-21 11:27:46"	""
"flagship-digital-pr-and-editorial-link-central.store"	"true"	"48"	"952"	"412"	"0"	"0"	"1"	"0"	"2026-08-02 14:42:03"	""
"elite-editorial-outrank-hq.store"	"true"	"48"	"1052"	"337"	"0"	"0"	"1"	"0"	"2026-06-20 12:49:35"	""
"outrank-hq-spam-score-dynamic-firm.store"	"true"	"48"	"1041"	"710"	"0"	"0"	"1"	"0"	"2026-06-27 10:45:56"	""
"official-saas-seo-outrank-hq-collective.store"	"true"	"48"	"1053"	"1017"	"0"	"0"	"1"	"0"	"2026-09-10 23:48:00"	""
"global-digital-seoexpress-portal.store"	"true"	"48"	"1063"	"368"	"0"	"0"	"1"	"0"	"2026-05-19 10:04:22"	""
"high-crew-link-baron-intent.store"	"true"	"48"	"1053"	"1017"	"0"	"0"	"1"	"0"	"2026-06-19 18:34:40"	""
"outrank-hq-prime-blogger.store"	"true"	"48"	"1046"	"1017"	"0"	"0"	"1"	"0"	"2026-06-21 18:23:12"	""
"prime-white-hat-seoexpress-network.store"	"true"	"48"	"1053"	"336"	"0"	"0"	"1"	"0"	"2026-05-22 10:39:15"	""
"header-link-portal-link-baron.store"	"true"	"48"	"1036"	"1017"	"0"	"0"	"1"	"0"	"2026-06-26 17:40:46"	""
"link-baron-grand-cluster-works.store"	"true"	"48"	"1059"	"1016"	"0"	"0"	"1"	"0"	"2026-06-23 07:40:41"	""
"expert-systems-for-traffic-surge-and-digital-pr.store"	"true"	"48"	"955"	"337"	"0"	"0"	"1"	"0"	"2026-07-29 12:42:04"	""
"golden-link-building-rank-forge.store"	"true"	"48"	"1058"	"1017"	"0"	"0"	"1"	"0"	"2026-06-28 12:17:59"	""
"link-baron-innovative-press-release-house.store"	"true"	"48"	"1037"	"1017"	"0"	"0"	"1"	"0"	"2026-06-21 04:38:50"	""
"bold-contextual-rank-forge-consultants.store"	"true"	"48"	"1055"	"337"	"0"	"0"	"1"	"0"	"2026-06-29 16:41:04"	""
"leading-partners-for-domain-rating-and-do-follow.store"	"true"	"48"	"959"	"716"	"0"	"0"	"1"	"0"	"2026-09-11 15:03:26"	""
"advanced-keyword-group-seoexpress.store"	"true"	"48"	"1075"	"337"	"0"	"0"	"1"	"0"	"2026-06-09 07:42:45"	""
"cluster-rank-forge-academy.store"	"true"	"48"	"1041"	"1017"	"0"	"0"	"1"	"0"	"2026-06-24 05:52:40"	""
"premium-seoexpress-digital-solutions.store"	"true"	"48"	"1055"	"565"	"0"	"0"	"1"	"0"	"2026-05-20 23:08:54"	""
"luxury-outrank-hq-crew.store"	"true"	"48"	"1047"	"350"	"0"	"0"	"1"	"0"	"2026-06-29 07:39:58"	""
"expert-partners-for-niche-edit-and-authority-link.store"	"true"	"48"	"959"	"337"	"0"	"0"	"1"	"0"	"2026-07-16 08:44:27"	""
"modern-link-baron-marketing-portal.store"	"true"	"48"	"1047"	"1016"	"0"	"0"	"1"	"0"	"2026-07-04 02:29:17"	""
"official-anchor-text-seoexpress-system.store"	"true"	"48"	"1059"	"716"	"0"	"0"	"1"	"0"	"2026-05-22 19:48:29"	""
"grand-link-baron-league.store"	"true"	"48"	"1053"	"1017"	"0"	"0"	"1"	"0"	"2026-07-03 15:40:50"	""
"contextual-link-baron-services.store"	"true"	"48"	"1039"	"1016"	"0"	"0"	"1"	"0"	"2026-09-06 09:04:49"	""
"advanced-traffic-surge-and-keyword-rank-bureau.store"	"true"	"48"	"951"	"337"	"0"	"0"	"1"	"0"	"2026-07-17 22:38:46"	""
"verified-digital-firm-seoexpress.store"	"false"	"48"	"1030"	"716"	"0"	"0"	"7"	"0"	"2026-05-22 06:15:12"	""
"proven-studio-for-traffic-surge-and-digital-pr.store"	"true"	"48"	"1010"	"337"	"0"	"0"	"1"	"0"	"2026-07-15 03:00:58"	""
"crawl-budget-and-page-rank-expert-partners.store"	"true"	"48"	"955"	"716"	"0"	"0"	"1"	"0"	"2026-09-13 21:28:28"	""
"grand-rank-forge-topical-desk.store"	"true"	"48"	"1039"	"1017"	"0"	"0"	"1"	"0"	"2026-09-10 18:37:36"	""
"premium-tier-1-company-seoexpress.store"	"true"	"48"	"1054"	"337"	"0"	"0"	"1"	"0"	"2026-06-03 16:51:34"	""
"link-baron-link-juice-optimal-marketplace.store"	"true"	"48"	"1059"	"1017"	"0"	"0"	"1"	"0"	"2026-06-29 05:27:54"	""
"seoexpress-superior-on-page-house.store"	"true"	"48"	"1078"	"337"	"0"	"0"	"1"	"0"	"2026-05-30 05:05:29"	""
"epic-syndicate-link-baron-keyword.store"	"true"	"48"	"1052"	"1017"	"0"	"0"	"3"	"0"	"2026-06-22 02:30:00"	""
"high-domain-seoexpress-center.store"	"true"	"48"	"1047"	"716"	"0"	"0"	"1"	"0"	"2026-05-21 21:39:04"	""
"keyword-rank-keyword-rank-and-digital-pr-partners.store"	"true"	"48"	"958"	"490"	"0"	"0"	"1"	"0"	"2026-07-29 01:15:38"	""
"global-keyword-seoexpress.store"	"true"	"48"	"1055"	"337"	"0"	"0"	"1"	"0"	"2026-05-21 02:15:02"	""
"seoexpress-anchor-text-experts.store"	"true"	"48"	"1053"	"389"	"0"	"0"	"1"	"0"	"2026-05-22 14:27:48"	""
"master-bureau-for-index-rate-and-backlink-pro.store"	"true"	"48"	"956"	"716"	"0"	"0"	"1"	"0"	"2026-09-08 11:48:29"	""
"apex-outrank-hq-organic-platform.store"	"true"	"48"	"1045"	"337"	"0"	"0"	"1"	"0"	"2026-07-06 03:42:44"	""
"advanced-link-building-group-seoexpress.store"	"true"	"48"	"1071"	"337"	"0"	"0"	"1"	"0"	"2026-05-19 17:41:25"	""
"keyword-rank-backlink-pro-and-keyword-rank-depot.store"	"true"	"48"	"958"	"316"	"0"	"0"	"1"	"0"	"2026-07-29 19:26:39"	""
"outrank-hq-dr-90-paramount-system.store"	"true"	"48"	"1031"	"1017"	"0"	"0"	"1"	"0"	"2026-06-28 05:37:56"	""
"traffic-surge-ranking-signal-and-crawl-budget-partners.store"	"true"	"48"	"956"	"337"	"0"	"0"	"1"	"0"	"2026-07-06 13:01:53"	""
"link-building-contextual-link-and-anchor-text-network.store"	"true"	"48"	"949"	"337"	"0"	"0"	"1"	"0"	"2026-07-05 13:21:51"	""
"trusted-agency-for-niche-edit-and-link-building.store"	"true"	"48"	"956"	"337"	"0"	"0"	"1"	"0"	"2026-07-31 21:59:31"	""
"proven-consortium-for-ranking-signal-and-keyword-rank.store"	"true"	"48"	"956"	"337"	"0"	"0"	"1"	"0"	"2026-07-21 22:53:56"	""
"link-building-and-digital-pr-trusted-partners.store"	"true"	"48"	"948"	"337"	"0"	"0"	"1"	"0"	"2026-07-14 02:09:14"	""
"guest-posting-and-link-equity-strategic-syndicate.store"	"true"	"48"	"947"	"367"	"0"	"0"	"1"	"0"	"2026-07-20 15:05:09"	""
"leading-click-through-and-serp-boost-consortium.store"	"true"	"48"	"957"	"338"	"0"	"0"	"1"	"0"	"2026-07-08 11:03:41"	""
"elite-network-for-domain-rating-and-digital-pr.store"	"true"	"48"	"956"	"337"	"0"	"0"	"1"	"0"	"2026-07-17 16:11:53"	""
"flagship-niche-edit-and-link-building-services.store"	"true"	"48"	"955"	"327"	"0"	"0"	"1"	"0"	"2026-07-31 09:56:06"	""
"master-white-hat-and-do-follow-solutions.store"	"true"	"48"	"952"	"337"	"0"	"0"	"1"	"0"	"2026-07-29 07:07:06"	""
"bye.fyi"	"true"	"47"	"824"	"0"	"0"	"0"	"2"	"0"	"2026-09-13 11:19:12"	""
"37486463.xyz"	"true"	"46"	"2446"	"1018"	"0"	"0"	"1"	"0"	"2026-09-27 18:11:43"	""
"disgustingmen.com"	"false"	"46"	"2427"	"5299"	"7295"	"1856"	"17"	"0"	"2018-06-06 08:23:52"	""
"37486158.xyz"	"true"	"46"	"2435"	"1018"	"0"	"0"	"1"	"0"	"2026-09-27 21:13:48"	""
"37486527.xyz"	"true"	"46"	"2431"	"1018"	"0"	"0"	"1"	"0"	"2026-09-18 19:38:53"	""
"37486224.xyz"	"true"	"46"	"2425"	"1018"	"0"	"0"	"1"	"0"	"2026-09-28 17:40:19"	""
"37486447.xyz"	"true"	"46"	"2441"	"1018"	"0"	"0"	"1"	"0"	"2026-09-27 16:55:01"	""
"37486159.xyz"	"true"	"46"	"2430"	"1018"	"0"	"0"	"1"	"0"	"2026-09-26 10:38:16"	""
"54232747.xyz"	"true"	"46"	"2400"	"1018"	"0"	"0"	"1"	"0"	"2026-09-27 19:09:27"	""
"37486260.xyz"	"true"	"46"	"2413"	"1018"	"0"	"0"	"1"	"0"	"2026-09-19 03:54:06"	""
"37486529.xyz"	"true"	"46"	"2421"	"1018"	"0"	"0"	"1"	"0"	"2026-09-26 13:20:25"	""
"37486193.xyz"	"true"	"46"	"2438"	"1018"	"0"	"0"	"1"	"0"	"2026-09-27 12:37:09"	""
"54232749.xyz"	"true"	"46"	"2400"	"1018"	"0"	"0"	"1"	"0"	"2026-09-27 06:49:36"	""
"37486113.xyz"	"true"	"46"	"2409"	"1018"	"0"	"0"	"1"	"0"	"2026-09-22 13:31:39"	""
"37486319.xyz"	"true"	"46"	"2441"	"1017"	"0"	"0"	"1"	"0"	"2026-09-13 19:48:46"	""
"37486443.xyz"	"true"	"46"	"2444"	"1018"	"0"	"0"	"1"	"0"	"2026-09-26 19:30:44"	""
"37486145.xyz"	"true"	"46"	"2440"	"1018"	"0"	"0"	"1"	"0"	"2026-09-27 22:44:27"	""
"37486575.xyz"	"true"	"46"	"2425"	"1017"	"0"	"0"	"1"	"0"	"2026-09-17 14:53:18"	""
"37486464.xyz"	"true"	"46"	"2440"	"1018"	"0"	"0"	"1"	"0"	"2026-09-27 18:56:14"	""
"37486265.xyz"	"true"	"46"	"2424"	"1018"	"0"	"0"	"1"	"0"	"2026-09-27 18:21:20"	""
"37486450.xyz"	"true"	"46"	"2444"	"1018"	"0"	"0"	"1"	"0"	"2026-09-27 20:52:22"	""
"37486142.xyz"	"true"	"46"	"2429"	"1018"	"0"	"0"	"1"	"0"	"2026-09-27 19:51:11"	""
"37486455.xyz"	"true"	"46"	"2434"	"1018"	"0"	"0"	"1"	"0"	"2026-09-25 11:39:07"	""
"37486129.xyz"	"true"	"46"	"2435"	"1018"	"0"	"0"	"1"	"0"	"2026-09-17 14:08:44"	""
"54232759.xyz"	"true"	"46"	"2408"	"1017"	"0"	"0"	"1"	"0"	"2026-09-27 07:13:05"	""
"54232755.xyz"	"true"	"46"	"2407"	"1018"	"0"	"0"	"1"	"0"	"2026-09-27 14:49:37"	""
"37486430.xyz"	"true"	"46"	"2380"	"1018"	"0"	"0"	"1"	"0"	"2026-09-24 21:31:41"	""
"37486434.xyz"	"true"	"46"	"2421"	"1017"	"0"	"0"	"1"	"0"	"2026-09-16 22:51:12"	""
"37486322.xyz"	"true"	"46"	"2431"	"1018"	"0"	"0"	"1"	"0"	"2026-09-27 04:51:32"	""
"37486157.xyz"	"true"	"46"	"2441"	"1018"	"0"	"0"	"1"	"0"	"2026-09-28 00:11:38"	""
"37486258.xyz"	"true"	"46"	"2404"	"1018"	"0"	"0"	"1"	"0"	"2026-09-27 20:20:25"	""
"37486226.xyz"	"true"	"46"	"2431"	"1018"	"0"	"0"	"1"	"0"	"2026-09-23 04:55:24"	""
"37486178.xyz"	"true"	"46"	"2443"	"1017"	"0"	"0"	"1"	"0"	"2026-09-20 06:40:57"	""
"37486229.xyz"	"true"	"46"	"2431"	"1018"	"0"	"0"	"1"	"0"	"2026-09-27 18:08:48"	""
"54232751.xyz"	"true"	"46"	"2406"	"1018"	"0"	"0"	"1"	"0"	"2026-09-27 16:52:46"	""
"37486307.xyz"	"true"	"46"	"2444"	"1018"	"0"	"0"	"1"	"0"	"2026-09-15 13:06:39"	""
"37486429.xyz"	"true"	"46"	"2375"	"1018"	"0"	"0"	"1"	"0"	"2026-09-25 03:17:16"	""
"37486480.xyz"	"true"	"46"	"2433"	"1018"	"0"	"0"	"1"	"0"	"2026-09-26 21:22:16"	""
"37486219.xyz"	"true"	"46"	"2430"	"1018"	"0"	"0"	"1"	"0"	"2026-09-27 11:11:50"	""
"37486135.xyz"	"true"	"46"	"2437"	"1018"	"0"	"0"	"1"	"0"	"2026-09-27 20:54:33"	""
"37486276.xyz"	"true"	"46"	"2413"	"1018"	"0"	"0"	"1"	"0"	"2026-09-27 23:56:55"	""
"37486280.xyz"	"true"	"46"	"2414"	"1018"	"0"	"0"	"1"	"0"	"2026-09-27 19:51:05"	""
"37486291.xyz"	"true"	"46"	"2431"	"1018"	"0"	"0"	"1"	"0"	"2026-09-27 21:57:06"	""
"37486131.xyz"	"true"	"46"	"2444"	"1018"	"0"	"0"	"1"	"0"	"2026-09-18 11:03:47"	""
"37486215.xyz"	"true"	"46"	"2433"	"1018"	"0"	"0"	"1"	"0"	"2026-09-27 02:24:24"	""
"37486218.xyz"	"true"	"46"	"2427"	"1018"	"0"	"0"	"1"	"0"	"2026-09-27 14:22:51"	""
"37486457.xyz"	"true"	"46"	"2442"	"1018"	"0"	"0"	"1"	"0"	"2026-09-28 04:05:49"	""
"37486422.xyz"	"true"	"46"	"2293"	"1018"	"0"	"0"	"1"	"0"	"2026-09-15 23:18:57"	""
"37486433.xyz"	"true"	"46"	"2424"	"1018"	"0"	"0"	"1"	"0"	"2026-09-25 16:32:01"	""
"37486488.xyz"	"true"	"46"	"2428"	"1018"	"0"	"0"	"1"	"0"	"2026-09-24 20:06:37"	""
"37486275.xyz"	"true"	"46"	"2421"	"1018"	"0"	"0"	"1"	"0"	"2026-09-27 19:46:20"	""
"37486510.xyz"	"true"	"46"	"2432"	"1018"	"0"	"0"	"1"	"0"	"2026-09-27 09:42:14"	""
"37486183.xyz"	"true"	"46"	"2432"	"1017"	"0"	"0"	"1"	"0"	"2026-09-14 17:49:35"	""
"37486300.xyz"	"true"	"46"	"2429"	"1018"	"0"	"0"	"1"	"0"	"2026-09-28 00:20:07"	""
"37486256.xyz"	"true"	"46"	"2412"	"1018"	"0"	"0"	"1"	"0"	"2026-09-27 17:07:11"	""
"37486419.xyz"	"true"	"46"	"2294"	"1017"	"0"	"0"	"1"	"0"	"2026-09-24 04:33:48"	""
"37486306.xyz"	"true"	"46"	"2440"	"1018"	"0"	"0"	"1"	"0"	"2026-09-14 07:47:15"	""
"37486198.xyz"	"true"	"46"	"2439"	"1018"	"0"	"0"	"1"	"0"	"2026-09-26 09:36:52"	""
"54232758.xyz"	"true"	"46"	"2414"	"1018"	"0"	"0"	"1"	"0"	"2026-09-27 15:04:59"	""
"37486189.xyz"	"true"	"46"	"2440"	"1018"	"0"	"0"	"1"	"0"	"2026-09-27 08:43:17"	""
"37486186.xyz"	"true"	"46"	"2445"	"1017"	"0"	"0"	"1"	"0"	"2026-09-22 16:17:42"	""
"37486323.xyz"	"true"	"46"	"2433"	"1018"	"0"	"0"	"1"	"0"	"2026-09-26 19:24:18"	""
"37486268.xyz"	"true"	"46"	"2411"	"1018"	"0"	"0"	"1"	"0"	"2026-09-27 23:45:30"	""
"37486294.xyz"	"true"	"46"	"2433"	"1018"	"0"	"0"	"1"	"0"	"2026-09-27 20:06:25"	""
"37486318.xyz"	"true"	"46"	"2433"	"1017"	"0"	"0"	"1"	"0"	"2026-09-14 06:22:03"	""
"37486166.xyz"	"true"	"46"	"2431"	"1018"	"0"	"0"	"1"	"0"	"2026-09-23 18:01:43"	""
"37486182.xyz"	"true"	"46"	"2436"	"1017"	"0"	"0"	"1"	"0"	"2026-09-27 12:11:29"	""
"54232753.xyz"	"true"	"46"	"2394"	"1018"	"0"	"0"	"1"	"0"	"2026-09-26 09:04:32"	""
"37486199.xyz"	"true"	"46"	"2432"	"1018"	"0"	"0"	"1"	"0"	"2026-09-27 13:01:19"	""
"37486130.xyz"	"true"	"46"	"2435"	"1017"	"0"	"0"	"1"	"0"	"2026-09-19 07:56:23"	""
"atlantabestmedia.com"	"false"	"46"	"2069"	"2349"	"281"	"138"	"27"	"27"	"2023-01-20 20:31:40"	""
"37486152.xyz"	"true"	"46"	"2429"	"1018"	"0"	"0"	"1"	"0"	"2026-09-27 06:56:12"	""
"37486161.xyz"	"true"	"46"	"2429"	"1017"	"0"	"0"	"1"	"0"	"2026-09-20 00:09:39"	""
"37486448.xyz"	"true"	"46"	"2435"	"1018"	"0"	"0"	"1"	"0"	"2026-09-27 21:53:27"	""
"37486326.xyz"	"true"	"46"	"2428"	"1018"	"0"	"0"	"1"	"0"	"2026-09-27 23:22:30"	""
"37486128.xyz"	"true"	"46"	"2430"	"1018"	"0"	"0"	"1"	"0"	"2026-09-23 16:52:59"	""
"37486153.xyz"	"true"	"46"	"2441"	"1018"	"0"	"0"	"1"	"0"	"2026-09-24 14:06:52"	""
"37486317.xyz"	"true"	"46"	"2424"	"1018"	"0"	"0"	"1"	"0"	"2026-09-27 12:39:21"	""
"37486427.xyz"	"true"	"46"	"2293"	"1016"	"0"	"0"	"1"	"0"	"2026-09-12 15:21:32"	""
"37486302.xyz"	"true"	"46"	"2432"	"1018"	"0"	"0"	"1"	"0"	"2026-09-25 10:02:04"	""
"37486120.xyz"	"true"	"46"	"2411"	"1018"	"0"	"0"	"1"	"0"	"2026-09-27 14:50:07"	""
"37486147.xyz"	"true"	"46"	"2436"	"1018"	"0"	"0"	"1"	"0"	"2026-09-27 20:14:11"	""
"37486485.xyz"	"true"	"46"	"2427"	"1018"	"0"	"0"	"1"	"0"	"2026-09-26 11:24:16"	""
"37486206.xyz"	"true"	"46"	"2430"	"1018"	"0"	"0"	"1"	"0"	"2026-09-28 11:18:27"	""
"37486201.xyz"	"true"	"46"	"2443"	"1018"	"0"	"0"	"1"	"0"	"2026-09-27 15:10:13"	""
"37486465.xyz"	"true"	"46"	"2434"	"1018"	"0"	"0"	"1"	"0"	"2026-09-27 19:23:46"	""
"37486122.xyz"	"true"	"46"	"2403"	"1018"	"0"	"0"	"1"	"0"	"2026-09-24 21:40:06"	""
"37486284.xyz"	"true"	"46"	"2412"	"1017"	"0"	"0"	"1"	"0"	"2026-09-17 11:27:12"	""
"37486105.xyz"	"true"	"46"	"2432"	"1018"	"0"	"0"	"1"	"0"	"2026-09-26 13:06:12"	""
"37486467.xyz"	"true"	"46"	"2447"	"1017"	"0"	"0"	"1"	"0"	"2026-09-16 22:27:33"	""
"37486115.xyz"	"true"	"46"	"2406"	"1018"	"0"	"0"	"1"	"0"	"2026-09-16 14:48:53"	""
"54232754.xyz"	"true"	"46"	"2389"	"1017"	"0"	"0"	"1"	"0"	"2026-09-17 08:23:32"	""
"54232746.xyz"	"true"	"46"	"2402"	"1018"	"0"	"0"	"1"	"0"	"2026-09-27 19:23:12"	""
"37486112.xyz"	"true"	"46"	"2419"	"1018"	"0"	"0"	"1"	"0"	"2026-09-24 10:51:01"	""
"37486195.xyz"	"true"	"46"	"2435"	"1018"	"0"	"0"	"1"	"0"	"2026-09-18 10:36:20"	""
"37486320.xyz"	"true"	"46"	"2434"	"1018"	"0"	"0"	"1"	"0"	"2026-09-26 16:38:55"	""
"37486460.xyz"	"true"	"46"	"2439"	"1018"	"0"	"0"	"1"	"0"	"2026-09-24 08:01:54"	""
"37486432.xyz"	"true"	"46"	"2416"	"1018"	"0"	"0"	"1"	"0"	"2026-09-27 19:14:28"	""
"37486191.xyz"	"true"	"46"	"2441"	"1018"	"0"	"0"	"1"	"0"	"2026-09-26 07:14:27"	""
"37486452.xyz"	"true"	"46"	"2443"	"1018"	"0"	"0"	"1"	"0"	"2026-09-27 17:24:29"	""
"37486286.xyz"	"true"	"46"	"2416"	"1017"	"0"	"0"	"1"	"0"	"2026-09-25 01:45:37"	""
"37486321.xyz"	"true"	"46"	"2436"	"1017"	"0"	"0"	"1"	"0"	"2026-09-19 18:00:35"	""
"37486196.xyz"	"true"	"46"	"2436"	"1018"	"0"	"0"	"1"	"0"	"2026-09-28 05:07:13"	""
"37486225.xyz"	"true"	"46"	"2435"	"1018"	"0"	"0"	"1"	"0"	"2026-09-27 15:16:21"	""
"37486109.xyz"	"true"	"46"	"2443"	"1017"	"0"	"0"	"1"	"0"	"2026-09-14 09:06:08"	""
"37486270.xyz"	"true"	"46"	"2404"	"1017"	"0"	"0"	"1"	"0"	"2026-09-17 13:49:14"	""
"37486309.xyz"	"true"	"46"	"2424"	"717"	"0"	"0"	"1"	"0"	"2026-09-14 02:21:26"	""
"37486140.xyz"	"true"	"46"	"2423"	"1018"	"0"	"0"	"1"	"0"	"2026-09-18 21:58:15"	""
"37486313.xyz"	"true"	"46"	"2431"	"1018"	"0"	"0"	"1"	"0"	"2026-09-28 02:05:40"	""
"37486203.xyz"	"true"	"46"	"2444"	"1018"	"0"	"0"	"1"	"0"	"2026-09-27 12:41:47"	""
"37486144.xyz"	"true"	"46"	"2430"	"1017"	"0"	"0"	"1"	"0"	"2026-09-17 15:00:52"	""
"37486282.xyz"	"true"	"46"	"2415"	"1018"	"0"	"0"	"1"	"0"	"2026-09-27 20:10:09"	""
"37486637.xyz"	"true"	"46"	"2425"	"1018"	"0"	"0"	"1"	"0"	"2026-09-18 17:52:33"	""
"37486502.xyz"	"true"	"46"	"2431"	"1018"	"0"	"0"	"1"	"0"	"2026-09-16 22:12:52"	""
"37486108.xyz"	"true"	"46"	"2432"	"1018"	"0"	"0"	"1"	"0"	"2026-09-27 17:46:15"	""
"54232750.xyz"	"true"	"46"	"2413"	"1017"	"0"	"0"	"1"	"0"	"2026-09-17 18:27:49"	""
"37486255.xyz"	"true"	"46"	"2409"	"1018"	"0"	"0"	"1"	"0"	"2026-09-27 19:26:57"	""
"37486171.xyz"	"true"	"46"	"2424"	"1018"	"0"	"0"	"1"	"0"	"2026-09-28 00:39:49"	""
"37486111.xyz"	"true"	"46"	"2426"	"1018"	"0"	"0"	"1"	"0"	"2026-09-27 23:23:55"	""
"37486423.xyz"	"true"	"46"	"2298"	"1018"	"0"	"0"	"1"	"0"	"2026-09-28 10:09:55"	""
"37486288.xyz"	"true"	"46"	"2421"	"1018"	"0"	"0"	"1"	"0"	"2026-09-27 09:42:09"	""
"37486174.xyz"	"true"	"46"	"2435"	"1018"	"0"	"0"	"1"	"0"	"2026-09-27 17:50:36"	""
"37486274.xyz"	"true"	"46"	"2415"	"1017"	"0"	"0"	"1"	"0"	"2026-09-18 14:32:15"	""
"37486181.xyz"	"true"	"46"	"2436"	"1018"	"0"	"0"	"1"	"0"	"2026-09-25 12:07:50"	""
"37486271.xyz"	"true"	"46"	"2403"	"1018"	"0"	"0"	"1"	"0"	"2026-09-27 13:26:27"	""
"37486305.xyz"	"true"	"46"	"2425"	"1018"	"0"	"0"	"1"	"0"	"2026-09-23 10:01:49"	""
"37486143.xyz"	"true"	"46"	"2427"	"1018"	"0"	"0"	"1"	"0"	"2026-09-18 11:07:11"	""
"37486114.xyz"	"true"	"46"	"2411"	"1018"	"0"	"0"	"1"	"0"	"2026-09-27 08:18:39"	""
"37486451.xyz"	"true"	"46"	"2441"	"1017"	"0"	"0"	"1"	"0"	"2026-09-16 16:29:59"	""
"54232748.xyz"	"true"	"46"	"2398"	"1018"	"0"	"0"	"1"	"0"	"2026-09-27 20:14:14"	""
"37486141.xyz"	"true"	"46"	"2430"	"1018"	"0"	"0"	"1"	"0"	"2026-09-28 01:01:30"	""
"37486565.xyz"	"true"	"46"	"2425"	"1018"	"0"	"0"	"1"	"0"	"2026-09-27 16:11:08"	""
"37486228.xyz"	"true"	"46"	"2418"	"1018"	"0"	"0"	"1"	"0"	"2026-09-28 19:26:48"	""
"37486214.xyz"	"true"	"46"	"2427"	"1017"	"0"	"0"	"1"	"0"	"2026-09-25 04:10:23"	""
"37486168.xyz"	"true"	"46"	"2434"	"1018"	"0"	"0"	"1"	"0"	"2026-09-27 05:43:20"	""
"37486278.xyz"	"true"	"46"	"2415"	"1018"	"0"	"0"	"1"	"0"	"2026-09-27 03:52:42"	""
"37486325.xyz"	"true"	"46"	"2430"	"1018"	"0"	"0"	"1"	"0"	"2026-09-22 19:59:09"	""
"37486469.xyz"	"true"	"46"	"2433"	"1018"	"0"	"0"	"1"	"0"	"2026-09-26 13:16:56"	""
"37486445.xyz"	"true"	"46"	"2424"	"1018"	"0"	"0"	"1"	"0"	"2026-09-27 21:47:39"	""
"37486170.xyz"	"true"	"46"	"2430"	"1018"	"0"	"0"	"1"	"0"	"2026-09-18 19:34:29"	""
"37486468.xyz"	"true"	"46"	"2441"	"1018"	"0"	"0"	"1"	"0"	"2026-09-27 13:32:09"	""
"37486279.xyz"	"true"	"46"	"2409"	"1017"	"0"	"0"	"1"	"0"	"2026-09-19 15:26:48"	""
"37486528.xyz"	"true"	"46"	"2430"	"1018"	"0"	"0"	"1"	"0"	"2026-09-27 10:39:08"	""
"37486350.xyz"	"true"	"46"	"2317"	"1018"	"0"	"0"	"1"	"0"	"2026-09-27 16:21:32"	""
"37486301.xyz"	"true"	"46"	"2424"	"1018"	"0"	"0"	"1"	"0"	"2026-09-27 08:22:17"	""
"37486211.xyz"	"true"	"46"	"2420"	"1018"	"0"	"0"	"1"	"0"	"2026-09-18 12:42:14"	""
"37486281.xyz"	"true"	"46"	"2403"	"1018"	"0"	"0"	"1"	"0"	"2026-09-20 03:59:46"	""
"37486151.xyz"	"true"	"46"	"2427"	"1018"	"0"	"0"	"1"	"0"	"2026-09-16 13:02:17"	""
"37486273.xyz"	"true"	"46"	"2409"	"1017"	"0"	"0"	"1"	"0"	"2026-09-27 21:43:48"	""
"37486267.xyz"	"true"	"46"	"2404"	"1018"	"0"	"0"	"1"	"0"	"2026-09-16 22:51:02"	""
"37486172.xyz"	"true"	"46"	"2431"	"1018"	"0"	"0"	"1"	"0"	"2026-09-24 16:43:08"	""
"37486453.xyz"	"true"	"46"	"2435"	"1018"	"0"	"0"	"1"	"0"	"2026-09-28 03:59:25"	""
"37486538.xyz"	"true"	"46"	"2426"	"1018"	"0"	"0"	"1"	"0"	"2026-09-27 21:13:45"	""
"54232760.xyz"	"true"	"46"	"2411"	"1018"	"0"	"0"	"1"	"0"	"2026-09-26 22:25:37"	""
"37486230.xyz"	"true"	"46"	"2428"	"1018"	"0"	"0"	"1"	"0"	"2026-09-27 16:21:48"	""
"37486308.xyz"	"true"	"46"	"2437"	"1018"	"0"	"0"	"1"	"0"	"2026-09-26 12:47:14"	""
"37486121.xyz"	"true"	"46"	"2402"	"1018"	"0"	"0"	"1"	"0"	"2026-09-28 02:13:21"	""
"37486324.xyz"	"true"	"46"	"2429"	"1018"	"0"	"0"	"1"	"0"	"2026-09-27 18:16:05"	""
"54232757.xyz"	"true"	"46"	"2417"	"1018"	"0"	"0"	"1"	"0"	"2026-09-27 18:06:11"	""
"37486461.xyz"	"true"	"46"	"2426"	"1018"	"0"	"0"	"1"	"0"	"2026-09-18 16:50:47"	""
"37486138.xyz"	"true"	"46"	"2434"	"1018"	"0"	"0"	"1"	"0"	"2026-09-27 20:28:06"	""
"37486458.xyz"	"true"	"46"	"2432"	"1018"	"0"	"0"	"1"	"0"	"2026-09-27 12:43:06"	""
"37486303.xyz"	"true"	"46"	"2423"	"1017"	"0"	"0"	"1"	"0"	"2026-09-14 21:57:11"	""
"37486165.xyz"	"true"	"46"	"2427"	"1018"	"0"	"0"	"1"	"0"	"2026-09-27 13:54:29"	""
"37486190.xyz"	"true"	"46"	"2435"	"1017"	"0"	"0"	"1"	"0"	"2026-09-19 12:19:44"	""
"37486155.xyz"	"true"	"46"	"2424"	"1018"	"0"	"0"	"1"	"0"	"2026-09-27 19:36:59"	""
"37486261.xyz"	"true"	"46"	"2406"	"1018"	"0"	"0"	"1"	"0"	"2026-09-16 14:03:48"	""
"revenuebase.ai"	"false"	"46"	"603"	"54"	"613063"	"39360"	"2"	"0"	"2026-09-25 22:53:48"	""
"37486257.xyz"	"true"	"46"	"2407"	"1018"	"0"	"0"	"1"	"0"	"2026-09-27 20:07:41"	""
"37486444.xyz"	"true"	"46"	"2423"	"1018"	"0"	"0"	"1"	"0"	"2026-09-27 15:21:02"	""
"37486438.xyz"	"true"	"46"	"2408"	"1018"	"0"	"0"	"1"	"0"	"2026-09-20 16:50:10"	""
"54232756.xyz"	"true"	"46"	"2409"	"1018"	"0"	"0"	"1"	"0"	"2026-09-27 21:17:21"	""
"37486139.xyz"	"true"	"46"	"2432"	"1018"	"0"	"0"	"1"	"0"	"2026-09-28 06:55:08"	""
"37486372.xyz"	"true"	"46"	"2298"	"1018"	"0"	"0"	"1"	"0"	"2026-09-27 15:12:00"	""
"37486351.xyz"	"true"	"46"	"2299"	"1018"	"0"	"0"	"1"	"0"	"2026-09-27 17:14:44"	""
"37486162.xyz"	"true"	"46"	"2429"	"1018"	"0"	"0"	"1"	"0"	"2026-09-28 21:15:05"	""
"37486337.xyz"	"true"	"46"	"2280"	"1017"	"0"	"0"	"1"	"0"	"2026-09-25 05:30:10"	""
"37486367.xyz"	"true"	"46"	"2315"	"1018"	"0"	"0"	"1"	"0"	"2026-09-22 10:32:26"	""
"37486346.xyz"	"true"	"46"	"2298"	"1018"	"0"	"0"	"1"	"0"	"2026-09-22 10:44:31"	""
"37486338.xyz"	"true"	"46"	"2295"	"1018"	"0"	"0"	"1"	"0"	"2026-09-27 17:49:45"	""
"37486339.xyz"	"true"	"46"	"2293"	"1017"	"0"	"0"	"1"	"0"	"2026-09-12 21:58:42"	""
"37486384.xyz"	"true"	"46"	"2241"	"1017"	"0"	"0"	"1"	"0"	"2026-09-28 05:07:37"	""
"37486376.xyz"	"true"	"46"	"2295"	"1017"	"0"	"0"	"1"	"0"	"2026-09-27 17:24:10"	""
"37486368.xyz"	"true"	"46"	"2300"	"1017"	"0"	"0"	"1"	"0"	"2026-09-27 22:16:45"	""
"37486343.xyz"	"true"	"46"	"2292"	"1017"	"0"	"0"	"1"	"0"	"2026-09-19 12:17:26"	""
"37486348.xyz"	"true"	"46"	"2308"	"1018"	"0"	"0"	"1"	"0"	"2026-09-25 06:29:36"	""
"37486424.xyz"	"true"	"46"	"2290"	"1018"	"0"	"0"	"1"	"0"	"2026-09-27 11:49:03"	""
"37486428.xyz"	"true"	"46"	"2296"	"1017"	"0"	"0"	"1"	"0"	"2026-09-25 16:55:29"	""
"37486334.xyz"	"true"	"46"	"2232"	"1018"	"0"	"0"	"1"	"0"	"2026-09-29 04:51:13"	""
"37486345.xyz"	"true"	"46"	"2294"	"1017"	"0"	"0"	"1"	"0"	"2026-09-27 21:17:25"	""
"37486357.xyz"	"true"	"46"	"2300"	"1018"	"0"	"0"	"1"	"0"	"2026-09-27 16:23:57"	""
"37486379.xyz"	"true"	"46"	"2287"	"1017"	"0"	"0"	"1"	"0"	"2026-09-27 21:51:07"	""
"37486356.xyz"	"true"	"46"	"2290"	"1017"	"0"	"0"	"1"	"0"	"2026-09-27 20:16:31"	""
"37486342.xyz"	"true"	"46"	"2290"	"1018"	"0"	"0"	"1"	"0"	"2026-09-27 13:14:37"	""
"37486361.xyz"	"true"	"46"	"2303"	"1017"	"0"	"0"	"1"	"0"	"2026-09-27 22:28:51"	""
"37486388.xyz"	"true"	"46"	"2240"	"1017"	"0"	"0"	"1"	"0"	"2026-09-24 13:18:39"	""
"37486332.xyz"	"true"	"46"	"2143"	"1017"	"0"	"0"	"1"	"0"	"2026-09-15 13:42:20"	""
"37486414.xyz"	"true"	"46"	"2146"	"1017"	"0"	"0"	"1"	"0"	"2026-09-15 18:43:37"	""
"37486378.xyz"	"true"	"46"	"2287"	"1017"	"0"	"0"	"1"	"0"	"2026-09-27 21:10:23"	""
"37486333.xyz"	"true"	"46"	"2147"	"1017"	"0"	"0"	"1"	"0"	"2026-09-22 04:43:10"	""
"37486352.xyz"	"true"	"45"	"2289"	"1018"	"0"	"0"	"1"	"0"	"2026-09-27 07:18:14"	""
"37486377.xyz"	"true"	"45"	"2292"	"1016"	"0"	"0"	"1"	"0"	"2026-09-25 16:38:25"	""
"37486353.xyz"	"true"	"45"	"2296"	"1017"	"0"	"0"	"1"	"0"	"2026-09-27 12:40:04"	""
"37486417.xyz"	"true"	"45"	"2145"	"1017"	"0"	"0"	"1"	"0"	"2026-09-27 23:57:09"	""
"37486385.xyz"	"true"	"45"	"2238"	"1018"	"0"	"0"	"1"	"0"	"2026-09-27 20:07:35"	""
"37486363.xyz"	"true"	"45"	"2296"	"1018"	"0"	"0"	"1"	"0"	"2026-09-27 12:47:53"	""
"37486381.xyz"	"true"	"45"	"2157"	"1016"	"0"	"0"	"1"	"0"	"2026-09-17 05:41:28"	""
"37486412.xyz"	"true"	"45"	"2147"	"1018"	"0"	"0"	"1"	"0"	"2026-09-27 20:03:07"	""
"atlantahomeimprovement.com"	"false"	"45"	"386"	"2331"	"329"	"125"	"53"	"53"	"2021-09-27 18:28:56"	""
"37486399.xyz"	"true"	"45"	"1417"	"1017"	"0"	"0"	"1"	"0"	"2026-09-20 06:37:57"	""
"37486393.xyz"	"true"	"45"	"1417"	"1017"	"0"	"0"	"1"	"0"	"2026-09-27 16:48:44"	""
"37486397.xyz"	"true"	"45"	"1417"	"1017"	"0"	"0"	"1"	"0"	"2026-09-25 21:49:27"	""
"37486416.xyz"	"true"	"45"	"2151"	"1017"	"0"	"0"	"1"	"0"	"2026-09-27 14:47:58"	""
"37486415.xyz"	"true"	"45"	"2148"	"1016"	"0"	"0"	"1"	"0"	"2026-09-20 02:19:55"	""
"37486411.xyz"	"true"	"45"	"2148"	"1018"	"0"	"0"	"1"	"0"	"2026-09-27 16:40:18"	""
"37486398.xyz"	"true"	"45"	"1416"	"1018"	"0"	"0"	"1"	"0"	"2026-09-27 21:44:47"	""
"37486390.xyz"	"true"	"45"	"1889"	"1018"	"0"	"0"	"1"	"0"	"2026-09-27 21:24:43"	""
"37486391.xyz"	"true"	"45"	"1414"	"1017"	"0"	"0"	"1"	"0"	"2026-09-27 14:13:54"	""
"37486408.xyz"	"true"	"45"	"1889"	"1017"	"0"	"0"	"1"	"0"	"2026-09-20 17:48:28"	""
"37486392.xyz"	"true"	"45"	"1419"	"1018"	"0"	"0"	"1"	"0"	"2026-09-27 23:23:17"	""
"37486406.xyz"	"true"	"45"	"1419"	"1017"	"0"	"0"	"1"	"0"	"2026-09-28 08:52:11"	""
"37486396.xyz"	"true"	"45"	"1417"	"1017"	"0"	"0"	"1"	"0"	"2026-09-22 18:12:00"	""
"37486405.xyz"	"true"	"45"	"1416"	"1018"	"0"	"0"	"1"	"0"	"2026-09-29 04:19:29"	""
"37486407.xyz"	"true"	"45"	"1887"	"1018"	"0"	"0"	"1"	"0"	"2026-09-27 18:20:08"	""
"nerdymamma.com"	"false"	"45"	"1146"	"2800"	"9774"	"1382"	"1"	"1"	"2026-09-17 05:10:54"	""
"quero.party"	"true"	"45"	"472"	"18"	"0"	"0"	"2"	"0"	"2026-08-04 10:24:04"	""
"37486400.xyz"	"true"	"45"	"1417"	"1018"	"0"	"0"	"1"	"0"	"2026-09-23 18:42:29"	""
"37486402.xyz"	"true"	"45"	"1413"	"1018"	"0"	"0"	"1"	"0"	"2026-09-27 16:36:28"	""
"37486404.xyz"	"true"	"45"	"1412"	"1018"	"0"	"0"	"1"	"0"	"2026-09-27 20:07:55"	""
"gnfcc.com"	"false"	"44"	"1306"	"491"	"842"	"146"	"3"	"3"	"2026-07-27 10:54:13"	""
"thebuildermarket.com"	"false"	"44"	"986"	"136"	"269"	"6"	"13"	"0"	"2026-05-20 20:34:52"	""
"11763743.xyz"	"true"	"44"	"2324"	"1018"	"0"	"0"	"1"	"0"	"2026-09-27 15:48:29"	""
"11763731.xyz"	"true"	"44"	"2324"	"1018"	"0"	"0"	"1"	"0"	"2026-09-20 21:28:02"	""
"11763741.xyz"	"true"	"44"	"2335"	"1018"	"0"	"0"	"1"	"0"	"2026-09-25 18:22:13"	""
"11763737.xyz"	"true"	"44"	"2330"	"1018"	"0"	"0"	"1"	"0"	"2026-09-24 20:08:46"	""
"11763733.xyz"	"true"	"44"	"2327"	"1017"	"0"	"0"	"1"	"0"	"2026-09-25 02:26:21"	""
"11763747.xyz"	"true"	"44"	"2325"	"1018"	"0"	"0"	"1"	"0"	"2026-09-25 20:47:12"	""
"11763740.xyz"	"true"	"44"	"2326"	"1018"	"0"	"0"	"1"	"0"	"2026-09-28 00:20:55"	""
"11763732.xyz"	"true"	"44"	"2323"	"1018"	"0"	"0"	"1"	"0"	"2026-09-27 19:38:42"	""
"11763760.xyz"	"true"	"44"	"2321"	"1018"	"0"	"0"	"1"	"0"	"2026-09-27 17:12:51"	""
"11763742.xyz"	"true"	"44"	"2330"	"1017"	"0"	"0"	"1"	"0"	"2026-09-20 20:59:55"	""
"11763761.xyz"	"true"	"44"	"2318"	"1018"	"0"	"0"	"1"	"0"	"2026-09-27 15:47:14"	""
"11763736.xyz"	"true"	"44"	"2323"	"1018"	"0"	"0"	"1"	"0"	"2026-09-25 07:07:33"	""
"11763963.xyz"	"true"	"44"	"2326"	"1017"	"0"	"0"	"1"	"0"	"2026-09-28 02:56:55"	""
"11763744.xyz"	"true"	"44"	"2324"	"1018"	"0"	"0"	"1"	"0"	"2026-09-26 14:57:40"	""
"11763753.xyz"	"true"	"44"	"2325"	"1018"	"0"	"0"	"1"	"0"	"2026-09-26 01:05:50"	""
"11763746.xyz"	"true"	"44"	"2320"	"1018"	"0"	"0"	"1"	"0"	"2026-09-27 22:49:22"	""
"11763751.xyz"	"true"	"44"	"2322"	"1018"	"0"	"0"	"1"	"0"	"2026-09-26 01:52:22"	""
"11763755.xyz"	"true"	"44"	"2323"	"1018"	"0"	"0"	"1"	"0"	"2026-09-27 19:21:34"	""
"11763981.xyz"	"true"	"44"	"2320"	"1017"	"0"	"0"	"1"	"0"	"2026-09-28 05:52:53"	""
"11763954.xyz"	"true"	"44"	"2325"	"1018"	"0"	"0"	"1"	"0"	"2026-09-27 23:45:12"	""
"11763958.xyz"	"true"	"44"	"2322"	"1018"	"0"	"0"	"1"	"0"	"2026-09-28 02:11:50"	""
"11763752.xyz"	"true"	"44"	"2324"	"1018"	"0"	"0"	"1"	"0"	"2026-09-26 02:42:44"	""
"11763931.xyz"	"true"	"44"	"2320"	"1018"	"0"	"0"	"1"	"0"	"2026-09-27 16:25:54"	""
"11763940.xyz"	"true"	"44"	"2325"	"1018"	"0"	"0"	"1"	"0"	"2026-09-27 17:11:28"	""
"11763750.xyz"	"true"	"44"	"2324"	"1018"	"0"	"0"	"1"	"0"	"2026-09-27 20:00:07"	""
"11763972.xyz"	"true"	"44"	"2314"	"1018"	"0"	"0"	"1"	"0"	"2026-09-26 00:51:08"	""
"11763935.xyz"	"true"	"44"	"2323"	"1018"	"0"	"0"	"1"	"0"	"2026-09-26 02:51:04"	""
"11763929.xyz"	"true"	"44"	"2321"	"1018"	"0"	"0"	"1"	"0"	"2026-09-28 00:47:38"	""
"11763964.xyz"	"true"	"44"	"2317"	"1018"	"0"	"0"	"1"	"0"	"2026-09-28 00:12:11"	""
"11763992.xyz"	"true"	"44"	"2321"	"1018"	"0"	"0"	"1"	"0"	"2026-09-25 14:26:55"	""
"11763980.xyz"	"true"	"44"	"2321"	"1018"	"0"	"0"	"1"	"0"	"2026-09-25 07:39:57"	""
"11763779.xyz"	"true"	"44"	"2317"	"1018"	"0"	"0"	"1"	"0"	"2026-09-28 01:13:17"	""
"11763955.xyz"	"true"	"44"	"2326"	"1017"	"0"	"0"	"1"	"0"	"2026-09-26 13:22:48"	""
"11763965.xyz"	"true"	"44"	"2322"	"1018"	"0"	"0"	"1"	"0"	"2026-09-29 04:48:18"	""
"11763942.xyz"	"true"	"44"	"2317"	"1018"	"0"	"0"	"1"	"0"	"2026-09-26 05:37:36"	""
"11763938.xyz"	"true"	"44"	"2317"	"1018"	"0"	"0"	"1"	"0"	"2026-09-28 07:22:59"	""
"11763930.xyz"	"true"	"44"	"2315"	"1018"	"0"	"0"	"1"	"0"	"2026-09-25 00:38:57"	""
"11764026.xyz"	"true"	"44"	"2318"	"1018"	"0"	"0"	"1"	"0"	"2026-09-27 11:47:04"	""
"11763947.xyz"	"true"	"44"	"2322"	"1018"	"0"	"0"	"1"	"0"	"2026-09-27 15:38:25"	""
"11763773.xyz"	"true"	"44"	"2323"	"1018"	"0"	"0"	"1"	"0"	"2026-09-21 21:02:48"	""
"11763960.xyz"	"true"	"44"	"2322"	"1018"	"0"	"0"	"1"	"0"	"2026-09-24 11:35:14"	""
"11763936.xyz"	"true"	"44"	"2323"	"1018"	"0"	"0"	"1"	"0"	"2026-09-25 16:30:23"	""
"11763946.xyz"	"true"	"44"	"2318"	"1018"	"0"	"0"	"1"	"0"	"2026-09-27 14:41:24"	""
"11763956.xyz"	"true"	"44"	"2324"	"1018"	"0"	"0"	"1"	"0"	"2026-09-28 10:57:30"	""
"11763764.xyz"	"true"	"44"	"2322"	"1018"	"0"	"0"	"1"	"0"	"2026-09-25 23:23:35"	""
"11763756.xyz"	"true"	"44"	"2316"	"1018"	"0"	"0"	"1"	"0"	"2026-09-28 00:27:17"	""
"11763778.xyz"	"true"	"44"	"2313"	"1018"	"0"	"0"	"1"	"0"	"2026-09-25 03:04:58"	""
"11763771.xyz"	"true"	"44"	"2318"	"1018"	"0"	"0"	"1"	"0"	"2026-09-27 10:03:08"	""
"11763941.xyz"	"true"	"44"	"2316"	"1018"	"0"	"0"	"1"	"0"	"2026-09-27 18:41:50"	""
"11763939.xyz"	"true"	"44"	"2316"	"1018"	"0"	"0"	"1"	"0"	"2026-09-27 23:30:13"	""
"11763784.xyz"	"true"	"44"	"2311"	"1018"	"0"	"0"	"1"	"0"	"2026-09-28 07:54:07"	""
"11763781.xyz"	"true"	"44"	"2307"	"1018"	"0"	"0"	"1"	"0"	"2026-09-26 04:54:43"	""
"11763951.xyz"	"true"	"44"	"2318"	"1017"	"0"	"0"	"1"	"0"	"2026-09-28 19:59:54"	""
"11763748.xyz"	"true"	"44"	"2321"	"1017"	"0"	"0"	"1"	"0"	"2026-09-20 09:46:38"	""
"11763989.xyz"	"true"	"44"	"2312"	"1017"	"0"	"0"	"1"	"0"	"2026-09-25 20:45:53"	""
"11763767.xyz"	"true"	"44"	"2323"	"1018"	"0"	"0"	"1"	"0"	"2026-09-25 15:59:05"	""
"11764007.xyz"	"true"	"44"	"2312"	"1018"	"0"	"0"	"1"	"0"	"2026-09-28 06:18:36"	""
"11764013.xyz"	"true"	"44"	"2313"	"1018"	"0"	"0"	"1"	"0"	"2026-09-27 19:58:00"	""
"11763978.xyz"	"true"	"44"	"2316"	"1018"	"0"	"0"	"1"	"0"	"2026-09-25 16:27:31"	""
"11763923.xyz"	"true"	"44"	"2318"	"1016"	"0"	"0"	"1"	"0"	"2026-09-20 05:29:51"	""
"11764030.xyz"	"true"	"44"	"2308"	"1018"	"0"	"0"	"1"	"0"	"2026-09-27 15:56:20"	""
"11763988.xyz"	"true"	"44"	"2315"	"1017"	"0"	"0"	"1"	"0"	"2026-09-20 15:26:13"	""
"11764001.xyz"	"true"	"44"	"2311"	"1018"	"0"	"0"	"1"	"0"	"2026-09-28 04:37:36"	""
"11763994.xyz"	"true"	"44"	"2312"	"1018"	"0"	"0"	"1"	"0"	"2026-09-28 00:23:20"	""
"11763950.xyz"	"true"	"44"	"2322"	"1017"	"0"	"0"	"1"	"0"	"2026-09-25 10:24:30"	""
"11764023.xyz"	"true"	"44"	"2307"	"1018"	"0"	"0"	"1"	"0"	"2026-09-21 01:03:11"	""
"11763782.xyz"	"true"	"44"	"2307"	"1017"	"0"	"0"	"1"	"0"	"2026-09-25 08:19:03"	""
"11763997.xyz"	"true"	"44"	"2308"	"1018"	"0"	"0"	"1"	"0"	"2026-09-25 22:47:39"	""
"11763770.xyz"	"true"	"44"	"2314"	"1018"	"0"	"0"	"1"	"0"	"2026-09-28 05:26:57"	""
"11764008.xyz"	"true"	"44"	"2312"	"1018"	"0"	"0"	"1"	"0"	"2026-09-24 09:50:50"	""
"11763834.xyz"	"true"	"44"	"2260"	"1018"	"0"	"0"	"1"	"0"	"2026-09-27 07:45:06"	""
"11764025.xyz"	"true"	"44"	"2318"	"1018"	"0"	"0"	"1"	"0"	"2026-09-28 00:12:33"	""
"11764018.xyz"	"true"	"44"	"2313"	"1018"	"0"	"0"	"1"	"0"	"2026-09-28 11:13:39"	""
"11763775.xyz"	"true"	"44"	"2314"	"1018"	"0"	"0"	"1"	"0"	"2026-09-27 20:46:58"	""
"11763945.xyz"	"true"	"44"	"2316"	"1018"	"0"	"0"	"1"	"0"	"2026-09-26 23:20:00"	""
"11763987.xyz"	"true"	"44"	"2311"	"1017"	"0"	"0"	"1"	"0"	"2026-09-27 18:46:58"	""
"11764029.xyz"	"true"	"44"	"2302"	"1017"	"0"	"0"	"1"	"0"	"2026-09-28 18:53:37"	""
"11763993.xyz"	"true"	"44"	"2312"	"1017"	"0"	"0"	"1"	"0"	"2026-09-27 14:28:47"	""
"11763839.xyz"	"true"	"44"	"2258"	"1018"	"0"	"0"	"1"	"0"	"2026-09-24 14:20:39"	""
"11763922.xyz"	"true"	"44"	"2302"	"1018"	"0"	"0"	"1"	"0"	"2026-09-25 22:22:35"	""
"11763999.xyz"	"true"	"44"	"2312"	"1018"	"0"	"0"	"1"	"0"	"2026-09-22 13:56:23"	""
"11764028.xyz"	"true"	"44"	"2310"	"1018"	"0"	"0"	"1"	"0"	"2026-09-25 21:43:33"	""
"11763919.xyz"	"true"	"44"	"2304"	"1017"	"0"	"0"	"1"	"0"	"2026-09-28 04:36:13"	""
"11763966.xyz"	"true"	"44"	"2319"	"1018"	"0"	"0"	"1"	"0"	"2026-09-27 18:15:44"	""
"11763998.xyz"	"true"	"44"	"2308"	"1018"	"0"	"0"	"1"	"0"	"2026-09-28 08:23:25"	""
"11764009.xyz"	"true"	"44"	"2308"	"1018"	"0"	"0"	"1"	"0"	"2026-09-27 20:57:07"	""
"11764017.xyz"	"true"	"44"	"2308"	"1017"	"0"	"0"	"1"	"0"	"2026-09-21 07:19:03"	""
"11763911.xyz"	"true"	"44"	"2307"	"1018"	"0"	"0"	"1"	"0"	"2026-09-25 01:45:40"	""
"11763949.xyz"	"true"	"44"	"2313"	"1018"	"0"	"0"	"1"	"0"	"2026-09-25 01:15:19"	""
"11763920.xyz"	"true"	"44"	"2306"	"1018"	"0"	"0"	"1"	"0"	"2026-09-24 05:34:59"	""
"11763788.xyz"	"true"	"44"	"2304"	"1017"	"0"	"0"	"1"	"0"	"2026-09-27 22:16:44"	""
"11763854.xyz"	"true"	"44"	"2251"	"1018"	"0"	"0"	"1"	"0"	"2026-09-26 01:58:19"	""
"11763913.xyz"	"true"	"44"	"2309"	"1016"	"0"	"0"	"1"	"0"	"2026-09-23 15:29:38"	""
"11764010.xyz"	"true"	"44"	"2304"	"1018"	"0"	"0"	"1"	"0"	"2026-09-28 13:14:19"	""
"11763969.xyz"	"true"	"44"	"2315"	"1017"	"0"	"0"	"1"	"0"	"2026-09-27 21:20:12"	""
"11763917.xyz"	"true"	"44"	"2309"	"1018"	"0"	"0"	"1"	"0"	"2026-09-27 21:06:34"	""
"11763906.xyz"	"true"	"44"	"2297"	"1018"	"0"	"0"	"1"	"0"	"2026-09-28 00:14:33"	""
"11764019.xyz"	"true"	"44"	"2309"	"1018"	"0"	"0"	"1"	"0"	"2026-09-21 02:30:26"	""
"11764006.xyz"	"true"	"44"	"2307"	"1018"	"0"	"0"	"1"	"0"	"2026-09-27 17:27:51"	""
"11763990.xyz"	"true"	"44"	"2312"	"1017"	"0"	"0"	"1"	"0"	"2026-09-28 00:17:16"	""
"11763847.xyz"	"true"	"44"	"2254"	"1018"	"0"	"0"	"1"	"0"	"2026-09-26 16:48:36"	""
"11763817.xyz"	"true"	"44"	"2288"	"1018"	"0"	"0"	"1"	"0"	"2026-09-28 01:19:20"	""
"11763804.xyz"	"true"	"44"	"2291"	"1017"	"0"	"0"	"1"	"0"	"2026-09-19 15:19:48"	""
"11763900.xyz"	"true"	"44"	"2299"	"1018"	"0"	"0"	"1"	"0"	"2026-09-26 04:59:46"	""
"11764022.xyz"	"true"	"44"	"2313"	"1018"	"0"	"0"	"1"	"0"	"2026-09-28 02:04:10"	""
"11763915.xyz"	"true"	"44"	"2308"	"1017"	"0"	"0"	"1"	"0"	"2026-09-21 15:17:25"	""
"11763921.xyz"	"true"	"44"	"2311"	"1018"	"0"	"0"	"1"	"0"	"2026-09-26 04:32:33"	""
"11764015.xyz"	"true"	"44"	"2301"	"1018"	"0"	"0"	"1"	"0"	"2026-09-26 01:43:36"	""
"11763914.xyz"	"true"	"44"	"2305"	"1018"	"0"	"0"	"1"	"0"	"2026-09-28 00:51:22"	""
"11763968.xyz"	"true"	"44"	"2311"	"1018"	"0"	"0"	"1"	"0"	"2026-09-28 04:51:46"	""
"11763838.xyz"	"true"	"44"	"2254"	"1018"	"0"	"0"	"1"	"0"	"2026-09-28 00:20:59"	""
"11763758.xyz"	"true"	"44"	"2324"	"1018"	"0"	"0"	"1"	"0"	"2026-09-25 01:13:17"	""
"11763853.xyz"	"true"	"44"	"2251"	"1017"	"0"	"0"	"1"	"0"	"2026-09-26 01:49:58"	""
"11763877.xyz"	"true"	"44"	"2291"	"1018"	"0"	"0"	"1"	"0"	"2026-09-25 22:45:02"	""
"11763831.xyz"	"true"	"44"	"2255"	"1017"	"0"	"0"	"1"	"0"	"2026-09-22 11:45:20"	""
"11763851.xyz"	"true"	"44"	"2245"	"1018"	"0"	"0"	"1"	"0"	"2026-09-27 23:14:41"	""
"11763908.xyz"	"true"	"44"	"2299"	"1018"	"0"	"0"	"1"	"0"	"2026-09-25 11:13:58"	""
"11763809.xyz"	"true"	"44"	"2288"	"1018"	"0"	"0"	"1"	"0"	"2026-09-27 20:11:53"	""
"11763944.xyz"	"true"	"44"	"2318"	"1018"	"0"	"0"	"1"	"0"	"2026-09-27 19:21:39"	""
"11763833.xyz"	"true"	"44"	"2259"	"1018"	"0"	"0"	"1"	"0"	"2026-09-27 17:51:24"	""
"11763791.xyz"	"true"	"44"	"2302"	"1018"	"0"	"0"	"1"	"0"	"2026-09-25 20:55:56"	""
"11763927.xyz"	"true"	"44"	"2311"	"1018"	"0"	"0"	"1"	"0"	"2026-09-25 19:21:34"	""
"11763812.xyz"	"true"	"44"	"2290"	"1018"	"0"	"0"	"1"	"0"	"2026-09-23 19:17:26"	""
"11763881.xyz"	"true"	"44"	"2288"	"1018"	"0"	"0"	"1"	"0"	"2026-09-25 16:52:06"	""
"11764014.xyz"	"true"	"44"	"2311"	"1017"	"0"	"0"	"1"	"0"	"2026-09-23 01:50:26"	""
"11763880.xyz"	"true"	"44"	"2285"	"1018"	"0"	"0"	"1"	"0"	"2026-09-26 07:43:06"	""
"11763891.xyz"	"true"	"44"	"2291"	"1018"	"0"	"0"	"1"	"0"	"2026-09-28 03:59:26"	""
"11763811.xyz"	"true"	"44"	"2288"	"1018"	"0"	"0"	"1"	"0"	"2026-09-25 16:35:04"	""
"11763909.xyz"	"true"	"44"	"2302"	"1017"	"0"	"0"	"1"	"0"	"2026-09-20 05:22:59"	""
"11763910.xyz"	"true"	"44"	"2305"	"1018"	"0"	"0"	"1"	"0"	"2026-09-27 20:41:17"	""
"11763907.xyz"	"true"	"44"	"2299"	"1018"	"0"	"0"	"1"	"0"	"2026-09-28 05:07:11"	""
"11763896.xyz"	"true"	"44"	"2296"	"1018"	"0"	"0"	"1"	"0"	"2026-09-27 13:13:16"	""
"11763856.xyz"	"true"	"44"	"2285"	"1018"	"0"	"0"	"1"	"0"	"2026-09-27 18:28:55"	""
"11763801.xyz"	"true"	"44"	"2296"	"1018"	"0"	"0"	"1"	"0"	"2026-09-28 01:30:36"	""
"11763933.xyz"	"true"	"44"	"2309"	"1018"	"0"	"0"	"1"	"0"	"2026-09-25 00:49:25"	""
"11763892.xyz"	"true"	"44"	"2289"	"1018"	"0"	"0"	"1"	"0"	"2026-09-28 06:56:21"	""
"11763893.xyz"	"true"	"44"	"2286"	"1018"	"0"	"0"	"1"	"0"	"2026-09-26 05:09:12"	""
"11763803.xyz"	"true"	"44"	"2301"	"1018"	"0"	"0"	"1"	"0"	"2026-09-26 01:33:04"	""
"11763894.xyz"	"true"	"44"	"2294"	"1018"	"0"	"0"	"1"	"0"	"2026-09-25 15:56:29"	""
"11763797.xyz"	"true"	"44"	"2307"	"1018"	"0"	"0"	"1"	"0"	"2026-09-27 20:52:43"	""
"11763846.xyz"	"true"	"44"	"2252"	"1018"	"0"	"0"	"1"	"0"	"2026-09-25 08:05:39"	""
"11763859.xyz"	"true"	"44"	"2288"	"1018"	"0"	"0"	"1"	"0"	"2026-09-23 01:25:49"	""
"11763888.xyz"	"true"	"44"	"2288"	"1018"	"0"	"0"	"1"	"0"	"2026-09-24 18:12:24"	""
"11763902.xyz"	"true"	"44"	"2300"	"1017"	"0"	"0"	"1"	"0"	"2026-09-25 11:03:23"	""
"11763821.xyz"	"true"	"44"	"2291"	"1018"	"0"	"0"	"1"	"0"	"2026-09-27 19:26:47"	""
"11763796.xyz"	"true"	"44"	"2294"	"1018"	"0"	"0"	"1"	"0"	"2026-09-27 01:43:35"	""
"11763837.xyz"	"true"	"44"	"2250"	"1018"	"0"	"0"	"1"	"0"	"2026-09-25 12:19:41"	""
"11763777.xyz"	"true"	"44"	"2302"	"1017"	"0"	"0"	"1"	"0"	"2026-09-26 08:06:36"	""
"11763898.xyz"	"true"	"44"	"2287"	"1017"	"0"	"0"	"1"	"0"	"2026-09-28 04:26:34"	""
"11763794.xyz"	"true"	"44"	"2289"	"1018"	"0"	"0"	"1"	"0"	"2026-09-27 22:06:27"	""
"11763808.xyz"	"true"	"44"	"2284"	"1018"	"0"	"0"	"1"	"0"	"2026-09-25 01:16:50"	""
"11763897.xyz"	"true"	"44"	"2292"	"1017"	"0"	"0"	"1"	"0"	"2026-09-26 03:04:58"	""
"11763872.xyz"	"true"	"44"	"2285"	"1018"	"0"	"0"	"1"	"0"	"2026-09-22 02:43:33"	""
"11763883.xyz"	"true"	"44"	"2278"	"1018"	"0"	"0"	"1"	"0"	"2026-09-25 01:01:29"	""
"11763830.xyz"	"true"	"44"	"2273"	"1018"	"0"	"0"	"1"	"0"	"2026-09-28 11:21:38"	""
"11763882.xyz"	"true"	"44"	"2281"	"1018"	"0"	"0"	"1"	"0"	"2026-09-21 07:12:16"	""
"11763829.xyz"	"true"	"44"	"2272"	"1018"	"0"	"0"	"1"	"0"	"2026-09-28 06:15:16"	""
"11763866.xyz"	"true"	"44"	"2286"	"1018"	"0"	"0"	"1"	"0"	"2026-09-28 12:12:45"	""
"11763827.xyz"	"true"	"44"	"2279"	"1018"	"0"	"0"	"1"	"0"	"2026-09-28 02:20:52"	""
"11763823.xyz"	"true"	"44"	"2285"	"1018"	"0"	"0"	"1"	"0"	"2026-09-24 17:58:34"	""
"11763865.xyz"	"true"	"44"	"2279"	"1018"	"0"	"0"	"1"	"0"	"2026-09-28 06:05:12"	""
"11763826.xyz"	"true"	"44"	"2271"	"1018"	"0"	"0"	"1"	"0"	"2026-09-28 00:46:37"	""
"11763855.xyz"	"true"	"44"	"2276"	"1018"	"0"	"0"	"1"	"0"	"2026-09-21 08:24:11"	""
"11763869.xyz"	"true"	"44"	"2286"	"1017"	"0"	"0"	"1"	"0"	"2026-09-28 03:48:56"	""
"11763867.xyz"	"true"	"44"	"2286"	"1017"	"0"	"0"	"1"	"0"	"2026-09-22 18:51:17"	""
"11763860.xyz"	"true"	"44"	"2285"	"1017"	"0"	"0"	"1"	"0"	"2026-09-28 02:55:20"	""
"11763863.xyz"	"true"	"44"	"2284"	"1018"	"0"	"0"	"1"	"0"	"2026-09-19 22:02:52"	""
"11763885.xyz"	"true"	"44"	"2280"	"1018"	"0"	"0"	"1"	"0"	"2026-09-28 02:25:37"	""
"11763864.xyz"	"true"	"44"	"2288"	"1018"	"0"	"0"	"1"	"0"	"2026-09-27 21:13:42"	""
"11763868.xyz"	"true"	"44"	"2283"	"1018"	"0"	"0"	"1"	"0"	"2026-09-27 16:55:20"	""
"11763845.xyz"	"true"	"44"	"2248"	"1018"	"0"	"0"	"1"	"0"	"2026-09-25 05:04:53"	""
"11763874.xyz"	"true"	"44"	"2273"	"1017"	"0"	"0"	"1"	"0"	"2026-09-25 08:09:24"	""
"11763843.xyz"	"true"	"44"	"2252"	"1018"	"0"	"0"	"1"	"0"	"2026-09-22 07:31:58"	""
"11763810.xyz"	"true"	"44"	"2290"	"1018"	"0"	"0"	"1"	"0"	"2026-09-28 16:11:37"	""
"thededicatedhouse.com"	"false"	"43"	"1139"	"21054"	"108"	"58"	"1"	"1"	"2026-02-19 23:50:20"	""
"parse.gl"	"false"	"43"	"422"	"3"	"4979"	"303"	"2"	"0"	"2026-07-14 10:14:22"	""
"11764005.xyz"	"true"	"42"	"2307"	"1018"	"0"	"0"	"1"	"0"	"2026-09-25 20:46:59"	""
"tokyopush188.online"	"true"	"42"	"85"	"110874606"	"0"	"0"	"2"	"2"	"2026-09-29 04:09:00"	""
"atomizelink.icu"	"true"	"42"	"552"	"18"	"0"	"0"	"2"	"0"	"2026-02-14 17:50:13"	""
"mybeautifuladventures.com"	"false"	"42"	"1186"	"22620"	"4"	"4"	"1"	"1"	"2023-05-12 09:51:29"	""
"unitedkingdominbusiness.co.uk"	"false"	"41"	"484"	"509"	"78"	"55"	"2"	"0"	"2026-08-19 23:53:08"	""
"creativeposts.top"	"true"	"41"	"205"	"18"	"0"	"0"	"2"	"0"	"2026-09-15 00:53:47"	""
"luz-e-sombra.com"	"false"	"41"	"387"	"170"	"896"	"24"	"1"	"0"	"2025-10-01 15:58:23"	""
"byteshort.xyz"	"true"	"41"	"195"	"18"	"0"	"0"	"2"	"0"	"2026-08-30 07:55:27"	""
"shabbychicboho.com"	"false"	"41"	"452"	"7545"	"539"	"56"	"1"	"1"	"2023-09-25 04:11:17"	""
"blogsphere.top"	"true"	"41"	"120"	"18"	"0"	"0"	"2"	"0"	"2026-08-27 09:30:44"	""
"underatexassky.com"	"false"	"40"	"6735"	"1491"	"67"	"40"	"1"	"1"	"2022-06-16 02:51:27"	""
"homesteadsupplier.com"	"false"	"40"	"1086"	"806"	"18302"	"3009"	"1"	"1"	"2026-09-08 15:45:32"	""
"betulcrime.com"	"true"	"40"	"127"	"0"	"0"	"0"	"2"	"2"	"2026-08-23 04:59:57"	""
"roswell365.com"	"false"	"39"	"263"	"687"	"1718"	"457"	"3"	"3"	"2024-12-30 18:29:43"	""
"analyticshaven.top"	"true"	"39"	"193"	"17"	"0"	"0"	"2"	"0"	"2025-12-12 06:13:53"	""
"adventuresfrugalmom.com"	"false"	"39"	"885"	"15550"	"48"	"24"	"1"	"1"	"2025-05-05 17:20:08"	""
"sometimes-homemade.com"	"false"	"39"	"936"	"673"	"73988"	"4826"	"1"	"1"	"2026-08-14 12:17:54"	""
"farmhouse40.com"	"false"	"39"	"397"	"2859"	"202"	"33"	"1"	"1"	"2026-03-06 11:36:05"	""
"thecoffeemom.net"	"false"	"39"	"754"	"9254"	"500"	"82"	"1"	"1"	"2023-05-09 08:56:43"	""
"idyllicpursuit.com"	"false"	"38"	"320"	"2484"	"2913"	"299"	"1"	"1"	"2023-04-07 10:46:00"	""
"prosgrade.com"	"true"	"38"	"71"	"43520"	"0"	"0"	"1"	"1"	"2026-05-25 05:22:09"	""
"screenshots.wiki"	"true"	"38"	"203"	"18"	"0"	"0"	"2"	"0"	"2026-09-06 11:49:13"	""
"omnihomeideas.com"	"false"	"38"	"707"	"2358"	"2980"	"846"	"3"	"3"	"2026-09-16 18:14:20"	""
"athomeinthefuture.com"	"false"	"38"	"957"	"5969"	"508"	"68"	"1"	"1"	"2022-12-10 18:20:59"	""
"optimizeflow.top"	"true"	"37"	"272"	"18"	"0"	"0"	"2"	"0"	"2026-09-01 04:54:09"	""
"dailymusings.top"	"true"	"37"	"107"	"18"	"0"	"0"	"2"	"0"	"2026-09-06 10:32:11"	""
"pinuphouses.com"	"false"	"36"	"523"	"1586"	"7988"	"2183"	"1"	"1"	"2026-08-24 19:02:48"	""
"growcycle.com"	"false"	"36"	"2087"	"62646"	"5774"	"1566"	"2"	"2"	"2026-05-01 15:07:53"	""
"jake.eu"	"true"	"36"	"203"	"1264"	"0"	"0"	"2"	"0"	"2026-04-26 02:37:53"	""
"contractorsup.com"	"false"	"35"	"718"	"2414"	"341"	"59"	"20"	"0"	"2021-06-11 08:16:38"	""
"similars.net"	"false"	"34"	"939"	"27"	"0"	"0"	"9"	"0"	"2026-07-12 22:34:09"	""
"allpeople.com"	"false"	"34"	"1157"	"8"	"79"	"4"	"6"	"0"	"2026-05-18 11:40:03"	""
"georgiarush.com"	"false"	"34"	"486"	"54"	"0"	"0"	"3"	"3"	"2024-05-05 02:40:35"	""
"backlinkbuilders.shop"	"true"	"34"	"55"	"1"	"0"	"0"	"2"	"0"	"2026-07-24 01:14:35"	""
"domainrankprovider.shop"	"true"	"34"	"66"	"1"	"0"	"0"	"2"	"0"	"2026-07-24 05:59:56"	""
"webrankinsights.shop"	"true"	"34"	"105"	"1"	"0"	"0"	"2"	"0"	"2026-07-22 19:31:13"	""
"pageseotoolkit.shop"	"true"	"34"	"118"	"1"	"0"	"0"	"2"	"0"	"2026-09-17 18:44:28"	""
"domainrankteam.shop"	"true"	"34"	"112"	"1"	"0"	"0"	"2"	"0"	"2026-07-22 23:29:47"	""
"siterankbuilders.shop"	"true"	"34"	"108"	"1"	"0"	"0"	"2"	"0"	"2026-07-26 22:45:58"	""
"pageseopartners.shop"	"true"	"34"	"55"	"1"	"0"	"0"	"2"	"0"	"2026-08-22 21:40:33"	""
"seogrowthpipeline.shop"	"true"	"34"	"54"	"1"	"0"	"0"	"2"	"0"	"2026-07-21 11:16:55"	""
"linkgrowthinsights.shop"	"true"	"34"	"66"	"0"	"0"	"0"	"2"	"0"	"2026-07-23 13:55:43"	""
"organicrankdirect.shop"	"true"	"34"	"61"	"1"	"0"	"0"	"2"	"0"	"2026-07-22 02:15:44"	""
"organicranksystems.shop"	"true"	"34"	"65"	"1"	"0"	"0"	"2"	"0"	"2026-07-24 05:26:23"	""
"linkseonetwork.shop"	"true"	"34"	"59"	"1"	"0"	"0"	"2"	"0"	"2026-08-11 22:37:17"	""
"linkcollective.shop"	"true"	"34"	"64"	"1"	"0"	"0"	"2"	"0"	"2026-07-24 11:46:16"	""
"rankgrowthgroup.shop"	"true"	"34"	"55"	"1"	"0"	"0"	"2"	"0"	"2026-07-23 11:30:24"	""
"siteranksolutions.shop"	"true"	"34"	"57"	"1"	"0"	"0"	"2"	"0"	"2026-07-23 11:22:51"	""
"domainrankpartners.shop"	"true"	"34"	"59"	"1"	"0"	"0"	"2"	"0"	"2026-08-03 22:35:38"	""
"pageseoexpress.shop"	"true"	"34"	"64"	"1"	"0"	"0"	"2"	"0"	"2026-07-23 10:31:16"	""
"searchrankgroup.shop"	"true"	"34"	"54"	"1"	"0"	"0"	"2"	"0"	"2026-07-21 23:51:18"	""
"seolinkfactory.shop"	"true"	"34"	"62"	"1"	"0"	"0"	"2"	"0"	"2026-08-23 06:29:49"	""
"seoboostsystems.shop"	"true"	"34"	"63"	"1"	"0"	"0"	"2"	"0"	"2026-07-23 05:25:21"	""
"rankgrowthmasters.shop"	"true"	"34"	"55"	"0"	"0"	"0"	"2"	"0"	"2026-07-24 14:42:22"	""
"seogrowthresults.shop"	"true"	"34"	"56"	"1"	"0"	"0"	"2"	"0"	"2026-08-06 11:04:02"	""
"searchrankbuilders.shop"	"true"	"34"	"54"	"1"	"0"	"0"	"2"	"0"	"2026-07-21 09:20:37"	""
"siterankacademy.shop"	"true"	"34"	"66"	"1"	"0"	"0"	"2"	"0"	"2026-07-23 18:06:14"	""
"pageseoresults.shop"	"true"	"34"	"62"	"1"	"0"	"0"	"2"	"0"	"2026-07-24 01:03:46"	""
"serpcollective.shop"	"true"	"34"	"54"	"1"	"0"	"0"	"2"	"0"	"2026-07-24 21:46:08"	""
"backlinkmasters.shop"	"true"	"34"	"53"	"1"	"0"	"0"	"2"	"0"	"2026-08-18 12:33:42"	""
"disunplugged.com"	"false"	"34"	"464"	"292"	"0"	"1"	"1"	"0"	"2024-04-25 08:34:12"	""
"windowssearch-exp.com"	"false"	"34"	"553"	"146180"	"0"	"0"	"1"	"1"	"2026-04-29 11:03:28"	""
"urlm.co"	"false"	"34"	"3339"	"594"	"955"	"224"	"2"	"0"	"2020-06-10 07:01:08"	""
"cultivatehd.com"	"false"	"33"	"211"	"620"	"97"	"8"	"1"	"1"	"2026-07-06 13:03:51"	""
"processregister.com"	"false"	"33"	"399"	"147506"	"81"	"134"	"14"	"14"	"2023-08-05 12:50:24"	""
"rankyour.website"	"true"	"33"	"222"	"998"	"0"	"0"	"2"	"0"	"2026-01-30 18:08:23"	""
"soundproofcentral.com"	"false"	"32"	"479"	"693"	"4922"	"30"	"1"	"0"	"2025-12-28 14:46:23"	""
"houseandhomeonline.com"	"false"	"32"	"315"	"0"	"0"	"0"	"1"	"0"	"2023-12-25 18:41:01"	""
"01webdirectory.com"	"false"	"32"	"3107"	"11024"	"1047"	"31"	"2"	"2"	"2018-08-20 12:14:35"	""
"beautifultouches.com"	"false"	"32"	"479"	"6634"	"65"	"14"	"1"	"1"	"2022-11-09 03:25:01"	""
"seogeko.shop"	"true"	"31"	"687"	"0"	"0"	"0"	"2"	"0"	"2026-05-12 04:39:54"	""
"bktgeorgia.com"	"false"	"30"	"57"	"175"	"1"	"8"	"1"	"1"	"2026-01-31 12:12:11"	""
"klazify.com"	"false"	"30"	"2559"	"4373362"	"136"	"91"	"2"	"2"	"2026-05-04 20:04:07"	""
"brightseohub.shop"	"true"	"30"	"35"	"0"	"0"	"0"	"2"	"0"	"2026-09-20 12:57:07"	""
"freshranklab.shop"	"true"	"30"	"34"	"0"	"0"	"0"	"2"	"0"	"2026-09-27 12:36:02"	""
"brightboosthub.shop"	"true"	"30"	"35"	"0"	"0"	"0"	"2"	"0"	"2026-09-20 10:32:30"	""
"brightseolink.shop"	"true"	"30"	"35"	"0"	"0"	"0"	"2"	"0"	"2026-09-20 08:01:37"	""
"grandseohub.shop"	"true"	"30"	"34"	"0"	"0"	"0"	"2"	"0"	"2026-09-27 12:02:40"	""
"swiftseohub.shop"	"true"	"30"	"35"	"0"	"0"	"0"	"2"	"0"	"2026-09-20 09:45:10"	""
"swiftlinkpro.shop"	"true"	"30"	"35"	"0"	"0"	"0"	"2"	"0"	"2026-09-20 18:44:30"	""
"brightlinkpro.shop"	"true"	"30"	"35"	"0"	"0"	"0"	"2"	"0"	"2026-09-20 11:55:17"	""
"swiftranklab.shop"	"true"	"30"	"35"	"0"	"0"	"0"	"2"	"0"	"2026-09-20 06:04:57"	""
"atlantaglow.org"	"false"	"30"	"270"	"57"	"14"	"9"	"1"	"1"	"2023-10-14 12:56:22"	""
"missfrugalmommy.com"	"true"	"30"	"556"	"8135"	"0"	"0"	"2"	"2"	"2023-04-08 08:19:50"	""
"lifewithheidi.com"	"false"	"29"	"430"	"6527"	"1110"	"184"	"1"	"1"	"2023-12-06 01:56:13"	""
"smb.co"	"false"	"29"	"227"	"416411"	"2720"	"523"	"4"	"4"	"2026-04-17 01:19:17"	""
"power100.io"	"false"	"29"	"92"	"939"	"500"	"103"	"2"	"2"	"2026-02-26 09:46:02"	""
"skyfiveproperties.com"	"false"	"29"	"388"	"4633"	"153"	"76"	"1"	"1"	"2022-07-12 04:56:00"	""
"angelaricardo.com"	"false"	"28"	"391"	"1853"	"303"	"178"	"1"	"1"	"2023-04-07 16:34:47"	""
"professionalwindowcleaning.com"	"false"	"28"	"501"	"818"	"235"	"86"	"1"	"1"	"2026-03-10 18:58:34"	""
"authenticfeedback.com"	"false"	"28"	"152"	"252"	"142"	"69"	"4"	"4"	"2026-03-26 04:05:28"	""
"startupwebsolutions.com.au"	"false"	"28"	"146"	"3"	"0"	"0"	"2"	"0"	"2026-09-13 04:45:58"	""
"askawayblog.com"	"false"	"28"	"458"	"6600"	"609"	"122"	"1"	"1"	"2023-05-06 00:59:38"	""
"domains.com.bz"	"true"	"28"	"40"	"0"	"0"	"0"	"2"	"2"	"2026-09-15 04:30:57"	""
"hellobetty.co"	"false"	"28"	"357"	"1612"	"7"	"12"	"1"	"1"	"2023-01-08 20:26:01"	""
"goooogla.com"	"true"	"28"	"1011"	"74459400"	"0"	"0"	"7"	"0"	"2026-04-30 12:04:16"	""
"nowiveseeneverything.club"	"false"	"27"	"252"	"635"	"305"	"74"	"1"	"0"	"2023-10-28 03:48:50"	""
"koalatyremodel.com"	"false"	"27"	"84"	"25767"	"5"	"2"	"8"	"8"	"2025-04-10 06:23:57"	""
"skylinkseo.site"	"true"	"27"	"966"	"728"	"0"	"0"	"2"	"0"	"2026-05-16 16:59:09"	""
"100xrecruiting.com"	"true"	"26"	"48"	"2396"	"0"	"0"	"1"	"1"	"2026-08-24 23:07:39"	""
"midtownhi.com"	"false"	"26"	"281"	"69"	"504"	"27"	"1"	"1"	"2026-07-27 05:40:16"	""
"bitproperty.online"	"true"	"26"	"128"	"0"	"0"	"0"	"2"	"2"	"2026-09-12 14:31:19"	""
"neededinthehome.com"	"false"	"25"	"276"	"3701"	"50"	"26"	"1"	"1"	"2024-05-02 10:40:22"	""
"urlm.co.uk"	"false"	"25"	"1617"	"6"	"2332"	"311"	"2"	"0"	"2020-09-21 15:28:10"	""
"cunninghamadv.com"	"false"	"25"	"106"	"25203"	"0"	"1"	"1"	"1"	"2026-04-28 01:50:19"	""
"fallatlantahomeshow.com"	"false"	"25"	"191"	"400"	"69"	"17"	"6"	"6"	"2026-02-25 08:13:38"	""
"energyswingwindows.com"	"false"	"24"	"140"	"129"	"1957"	"537"	"1"	"1"	"2025-09-21 23:33:50"	""
"homeownerideas.com"	"true"	"23"	"94"	"3003"	"0"	"0"	"4"	"4"	"2025-10-14 07:52:41"	""
"homesforsaleoldgreenwichct.com"	"true"	"23"	"144"	"0"	"0"	"0"	"2"	"2"	"2026-08-30 02:16:04"	""
"nearmelisting.com"	"true"	"23"	"993"	"209833"	"0"	"0"	"2"	"2"	"2026-05-04 04:54:30"	""
"thesweetestlittlelife.com"	"false"	"22"	"94"	"1260"	"26"	"18"	"1"	"1"	"2022-11-09 20:05:35"	""
"nearspotusa.com"	"false"	"22"	"5"	"5"	"156"	"34"	"4"	"0"	"2026-09-25 03:26:09"	""
"worldbusinesspromote.com"	"true"	"22"	"251"	"9219"	"0"	"0"	"4"	"0"	"2026-03-25 09:40:16"	""
"buildermuse.com"	"false"	"21"	"106"	"25840"	"229"	"94"	"1"	"1"	"2026-05-08 15:22:17"	""
"addurl.in"	"false"	"20"	"178"	"2"	"0"	"2"	"2"	"0"	"2026-05-25 20:44:54"	""
"canlisohbethatlari.online"	"true"	"20"	"84"	"170263713"	"0"	"0"	"2"	"2"	"2026-09-27 01:10:15"	""
"fairviewwindows.co.uk"	"false"	"20"	"54"	"149"	"1295"	"259"	"1"	"1"	"2025-11-28 17:31:10"	""
"kkinsider.com"	"true"	"19"	"61"	"0"	"0"	"0"	"2"	"2"	"2026-09-11 01:46:34"	""
"struvia.co"	"true"	"18"	"56"	"1861"	"0"	"0"	"1"	"1"	"2026-10-02 11:16:00"	""
"derchidoor.com"	"false"	"18"	"525"	"45"	"5711"	"1212"	"2"	"0"	"2026-03-21 00:52:58"	""
"bulkdataprovider.com"	"false"	"17"	"88"	"85728"	"0"	"0"	"2"	"2"	"2026-04-21 20:33:26"	""
"marketingexperts.click"	"true"	"16"	"383"	"15"	"0"	"0"	"2"	"0"	"2026-02-09 13:54:40"	""
"thedocmag.com"	"true"	"16"	"127"	"75985408"	"0"	"0"	"2"	"2"	"2026-08-21 20:15:59"	""
"homerenoworld.com"	"false"	"16"	"54"	"446"	"0"	"2"	"2"	"2"	"2023-05-06 04:09:08"	""
"northatlantastar.com"	"false"	"16"	"72"	"1306"	"1340"	"228"	"3"	"2"	"2026-03-10 03:34:08"	""
"renovationsup.com"	"false"	"15"	"574"	"969"	"80"	"54"	"1"	"0"	"2025-01-21 09:44:27"	""
"windowdigest.com"	"false"	"15"	"95"	"701"	"0"	"0"	"2"	"2"	"2024-03-25 02:24:42"	""
"homeservicebase.com"	"false"	"15"	"59"	"30088"	"94"	"40"	"8"	"8"	"2026-04-21 11:05:48"	""
"northatlantahomeshow.com"	"false"	"15"	"79"	"304"	"20"	"13"	"2"	"2"	"2025-08-22 19:17:15"	""
"clientsbee.com"	"true"	"15"	"78"	"959424"	"0"	"0"	"2"	"2"	"2026-07-05 02:29:14"	""
"hwnerds.com"	"true"	"14"	"818"	"28081"	"0"	"0"	"1"	"0"	"2026-05-22 22:17:41"	""
"topbillion.net"	"true"	"14"	"49"	"6"	"0"	"0"	"2"	"0"	"2026-08-10 11:26:07"	""
"lombardohomegroup.com"	"false"	"13"	"34"	"72"	"3"	"5"	"1"	"1"	"2024-02-05 14:46:21"	""
"megforit.com"	"false"	"13"	"142"	"2886"	"219"	"123"	"1"	"1"	"2022-05-15 17:50:35"	""
"findlocalexperts.com"	"true"	"13"	"44"	"13"	"67"	"32"	"1"	"0"	"2026-09-18 12:16:04"	""
"thehomefixitpage.com"	"false"	"13"	"45"	"101"	"728"	"34"	"5"	"5"	"2025-08-31 05:20:39"	""
"longislandwindowsandsiding.com"	"false"	"13"	"90"	"191"	"237"	"69"	"1"	"1"	"2026-01-01 19:14:04"	""
"roswellartfestival.com"	"false"	"12"	"84"	"5"	"147"	"12"	"4"	"4"	"2024-01-18 16:08:19"	""
"libyanatravel.com"	"true"	"12"	"107"	"0"	"0"	"0"	"2"	"2"	"2026-08-12 09:17:24"	""
"doorswindowscompany.com"	"false"	"12"	"47"	"189"	"0"	"0"	"1"	"0"	"2022-10-09 22:53:52"	""
"crowdyhome.com"	"false"	"12"	"138"	"1904"	"1"	"3"	"2"	"2"	"2023-07-04 11:35:51"	""
"homepro-inspection.com"	"false"	"12"	"71"	"88"	"38"	"33"	"1"	"1"	"2026-03-29 21:31:36"	""
"openingtimes.co"	"false"	"11"	"121"	"8"	"0"	"0"	"4"	"0"	"2026-06-13 17:14:51"	""
"nashvillefallhomeshow.com"	"false"	"11"	"58"	"422"	"50"	"17"	"4"	"4"	"2026-02-26 22:20:46"	""
"nextndt.com"	"false"	"11"	"44"	"32294"	"0"	"1"	"2"	"2"	"2025-10-18 05:19:56"	""
"thekerrieshow.com"	"false"	"10"	"267"	"4147"	"11"	"3"	"1"	"1"	"2022-11-08 15:50:55"	""
"atlantatoprated.com"	"true"	"10"	"25"	"36"	"0"	"0"	"2"	"0"	"2026-08-06 02:42:21"	""
"websiterace.com"	"false"	"10"	"131"	"400726443"	"0"	"0"	"4"	"4"	"2026-05-17 12:54:32"	""
"fastlifesite.com"	"true"	"10"	"45"	"0"	"0"	"0"	"2"	"2"	"2026-09-01 16:52:47"	""
"theforbestimes.com"	"true"	"10"	"71"	"0"	"0"	"0"	"2"	"2"	"2026-09-09 14:33:42"	""
"frame-well.com"	"false"	"10"	"174"	"8"	"1414"	"692"	"1"	"0"	"2026-02-09 10:35:08"	""
"spottedcow.media"	"true"	"10"	"851"	"46104"	"0"	"0"	"3"	"0"	"2026-05-15 21:48:06"	""
"placeprofile.net"	"false"	"10"	"26"	"0"	"0"	"0"	"2"	"0"	"2026-09-26 19:42:04"	""
"alpharettatoprated.com"	"true"	"10"	"16"	"37"	"0"	"0"	"2"	"0"	"2026-07-29 02:18:59"	""
"chattanoogatoprated.com"	"true"	"10"	"27"	"37"	"0"	"0"	"1"	"0"	"2026-08-28 05:42:33"	""
"pokerplayer365.com"	"false"	"10"	"191"	"675"	"1"	"1"	"1"	"0"	"2026-05-12 13:30:47"	""
"ready.pro"	"true"	"9"	"176"	"18"	"0"	"0"	"4"	"0"	"2026-05-13 00:24:43"	""
"excellentcontractor.com"	"false"	"9"	"610"	"540"	"2"	"6"	"1"	"0"	"2025-01-30 05:20:48"	""
"legendarycorp.com"	"false"	"9"	"178"	"26"	"268"	"85"	"1"	"0"	"2026-03-21 10:36:18"	""
"weaverexterior.ca"	"false"	"9"	"143"	"208"	"571"	"131"	"1"	"1"	"2023-06-17 17:50:35"	""
"bizscoreai.com"	"true"	"9"	"36"	"77"	"0"	"0"	"16"	"0"	"2026-06-20 15:42:16"	""
"realreviews.org"	"false"	"9"	"78"	"27549"	"0"	"0"	"1"	"1"	"2026-07-10 23:00:08"	""
"afewgoodygumdrops.com"	"false"	"8"	"291"	"873"	"65"	"32"	"1"	"1"	"2023-06-16 08:40:06"	""
"alljobs.info"	"false"	"8"	"199"	"402347712"	"0"	"0"	"2"	"2"	"2026-05-22 20:15:33"	""
"allwebsitesdirectory.com"	"false"	"8"	"94"	"0"	"0"	"0"	"2"	"2"	"2026-05-14 04:18:20"	""
"themoneyguy.co.uk"	"false"	"8"	"209"	"1424"	"0"	"0"	"1"	"1"	"2023-09-29 08:53:13"	""
"findit.co.in"	"true"	"8"	"77"	"2"	"0"	"0"	"2"	"0"	"2026-05-31 16:51:14"	""
"revan-me.com"	"false"	"8"	"278"	"22446"	"0"	"0"	"1"	"0"	"2026-03-30 12:06:51"	""
"fixthehome.com"	"false"	"7"	"164"	"62"	"15"	"6"	"4"	"0"	"2026-08-09 21:10:39"	""
"way2check.cv"	"false"	"7"	"126"	"396921673"	"0"	"0"	"2"	"2"	"2026-05-05 03:18:12"	""
"thecodex.wiki"	"false"	"7"	"46"	"9"	"3932"	"1165"	"1"	"0"	"2024-01-15 11:44:00"	""
"secureglaze-windows.co.uk"	"false"	"7"	"35"	"1031"	"28"	"9"	"2"	"2"	"2025-10-14 18:18:40"	""
"reputablebusinesses.com"	"false"	"7"	"310"	"767"	"8"	"3"	"1"	"0"	"2026-06-06 20:47:32"	""
"newsblogsports.site"	"false"	"7"	"34"	"48681109"	"0"	"0"	"2"	"2"	"2026-05-10 22:02:22"	""
"ycm.info"	"false"	"7"	"75"	"402376330"	"0"	"0"	"4"	"4"	"2026-05-13 03:36:41"	""
"ihiwg.org"	"false"	"7"	"36"	"325"	"0"	"0"	"2"	"2"	"2026-08-20 17:32:47"	""
"robuta.com"	"true"	"7"	"53"	"7534672"	"0"	"0"	"6"	"6"	"2026-08-24 11:47:50"	""
"gaister.com"	"true"	"7"	"218"	"1613"	"0"	"0"	"1"	"0"	"2025-09-30 07:13:34"	""
"allinone.co.in"	"true"	"7"	"60"	"2"	"0"	"0"	"2"	"0"	"2026-05-29 20:53:48"	""
"sblmerchant.com"	"false"	"7"	"170"	"18247"	"0"	"0"	"1"	"0"	"2026-05-06 22:44:18"	""
"bizzibid.com"	"false"	"6"	"163"	"67"	"14"	"6"	"3"	"0"	"2026-04-29 06:27:49"	""
"capetownthing.co.za"	"false"	"6"	"423"	"9974"	"0"	"0"	"1"	"0"	"2026-04-29 04:30:07"	""
"digitalboost.site"	"true"	"6"	"41"	"0"	"2"	"1"	"2"	"0"	"2026-09-05 11:22:45"	""
"alazharcilacap.sch.id"	"false"	"6"	"356"	"2060"	"0"	"0"	"1"	"0"	"2026-02-23 04:56:09"	""
"plrdownloadshub.com"	"true"	"6"	"527"	"0"	"0"	"0"	"2"	"2"	"2026-08-22 05:29:06"	""
"pagesearch.net"	"false"	"6"	"121"	"399832582"	"0"	"0"	"4"	"4"	"2026-05-18 21:52:51"	""
"bestwebstats.com"	"false"	"6"	"88"	"323492999"	"0"	"0"	"2"	"2"	"2026-05-03 22:22:07"	""
"1builder.us"	"false"	"6"	"19"	"21"	"0"	"0"	"2"	"0"	"2025-03-26 23:41:19"	""
"domainsc.com"	"true"	"6"	"98"	"0"	"0"	"0"	"1"	"1"	"2026-03-24 23:50:50"	""
"wecelebrities.com"	"true"	"6"	"277"	"0"	"0"	"0"	"4"	"4"	"2026-08-03 06:42:49"	""
"trafficexperts.site"	"true"	"5"	"41"	"0"	"0"	"0"	"2"	"0"	"2026-09-08 11:00:39"	""
"topranking.shop"	"true"	"5"	"34"	"0"	"0"	"0"	"2"	"0"	"2026-09-08 06:42:02"	""
"rankfirst.shop"	"true"	"5"	"42"	"0"	"0"	"0"	"2"	"0"	"2026-09-08 14:19:13"	""
"eliteseo.site"	"true"	"5"	"41"	"0"	"0"	"0"	"2"	"0"	"2026-09-08 17:16:39"	""
"organictraffic.site"	"true"	"5"	"40"	"0"	"0"	"0"	"2"	"0"	"2026-09-09 13:06:10"	""
"localranking.site"	"true"	"5"	"37"	"0"	"0"	"0"	"2"	"0"	"2026-09-09 15:15:28"	""
"fastranking.shop"	"true"	"5"	"39"	"0"	"0"	"0"	"2"	"0"	"2026-09-09 09:30:43"	""
"winningseo.site"	"true"	"5"	"36"	"0"	"0"	"0"	"2"	"0"	"2026-09-07 23:59:27"	""
"getranked.site"	"true"	"5"	"36"	"0"	"0"	"0"	"2"	"0"	"2026-09-07 21:31:46"	""
"searchwins.shop"	"true"	"5"	"38"	"0"	"0"	"0"	"2"	"0"	"2026-09-07 23:31:20"	""
"growwithseo.shop"	"true"	"5"	"43"	"0"	"0"	"0"	"2"	"0"	"2026-09-07 18:24:58"	""
"backlinkon.com"	"false"	"5"	"1796"	"394086412"	"0"	"0"	"1"	"1"	"2026-07-02 21:10:50"	""
"indexaward.com"	"true"	"4.9"	"68"	"0"	"0"	"0"	"4"	"4"	"2026-05-10 20:28:35"	""
"linksnatcher.com"	"false"	"4.8"	"97"	"114685500"	"0"	"0"	"1"	"1"	"2026-05-15 17:18:22"	""
"tunca.org"	"false"	"4.3"	"82"	"399936903"	"0"	"0"	"4"	"4"	"2026-02-21 21:17:50"	""
"wackyworld.org"	"false"	"4.3"	"36"	"35"	"251"	"11"	"1"	"1"	"2024-11-23 05:24:41"	""
"christiancitydirectory.com"	"false"	"4.2"	"13"	"255"	"0"	"0"	"2"	"2"	"2026-09-25 22:04:52"	""
"candidmama.com"	"false"	"4"	"149"	"2887"	"0"	"1"	"1"	"1"	"2022-08-15 23:45:25"	""
"domaindexer.com"	"true"	"3.8"	"40"	"0"	"0"	"0"	"2"	"0"	"2026-06-09 01:15:32"	""
"complaintinfo.com"	"false"	"3.5"	"209"	"0"	"0"	"0"	"21"	"0"	"2020-05-08 22:19:53"	""
"quotesblom.com"	"true"	"3.5"	"42"	"339415909"	"0"	"0"	"2"	"2"	"2026-08-05 15:52:22"	""
"roswellyouthbaseballsoftball.com"	"false"	"3.4"	"119"	"26"	"12"	"5"	"2"	"2"	"2026-03-11 22:03:40"	""
"archive-hu.com"	"true"	"3.3"	"64"	"0"	"0"	"0"	"2"	"2"	"2026-08-15 05:57:18"	""
"monetaryhistoryofworld.com"	"true"	"3.3"	"1874"	"3"	"13"	"20"	"12"	"0"	"2020-01-21 07:13:31"	""
"s-tribe.net"	"true"	"3.2"	"57"	"332491659"	"0"	"0"	"2"	"2"	"2026-09-24 15:05:43"	""
"cdon.info"	"false"	"3"	"125"	"50721"	"0"	"0"	"6"	"6"	"2021-11-18 10:37:08"	""
"ododuorpremium.com"	"true"	"2.8"	"93"	"21741"	"0"	"0"	"1"	"0"	"2026-08-10 16:07:22"	""
"seobazaar.shop"	"true"	"2.8"	"77"	"1"	"0"	"0"	"2"	"0"	"2026-08-08 11:56:12"	""
"rankcrate.shop"	"true"	"2.8"	"63"	"1"	"0"	"0"	"2"	"0"	"2026-06-28 16:30:02"	""
"indians.cc"	"false"	"2.7"	"232"	"396254416"	"0"	"0"	"2"	"2"	"2026-01-04 03:03:06"	""
"cambridgetheatre.org"	"false"	"2.6"	"38"	"26"	"5"	"7"	"3"	"3"	"2026-02-12 02:53:42"	""
"buyseolinks.site"	"true"	"2.6"	"1"	"25"	"0"	"0"	"6"	"0"	"2026-08-01 09:01:43"	""
"uahot.com"	"false"	"2.6"	"194"	"6"	"0"	"0"	"2"	"0"	"2024-06-18 20:13:51"	""
"revaliew.com"	"true"	"2.6"	"224"	"1316"	"0"	"0"	"6"	"0"	"2025-07-25 17:38:42"	""
"homefinance.co.in"	"false"	"2.5"	"22"	"199966590"	"0"	"0"	"1"	"1"	"2026-06-08 21:47:45"	""
"crystalclearfl.com"	"false"	"2.3"	"28"	"436"	"108"	"21"	"1"	"1"	"2025-12-02 08:29:20"	""
"johnnybroccolii.com"	"false"	"2.2"	"97"	"1386"	"0"	"0"	"1"	"1"	"2024-02-04 21:07:07"	""
"todaywindowsdoors.com"	"false"	"2.2"	"15"	"527"	"1"	"1"	"2"	"2"	"2026-04-30 04:24:10"	""
"backlinksbank.com"	"false"	"2.1"	"71"	"369075431"	"0"	"0"	"1"	"1"	"2026-07-02 19:02:45"	""
"uncledspizza.com"	"true"	"2"	"34"	"0"	"0"	"0"	"2"	"2"	"2026-09-10 21:43:40"	""
"wallpapers.pro"	"false"	"2"	"60"	"360681163"	"0"	"0"	"2"	"2"	"2026-05-22 01:44:49"	""
"plumeriamarketing.com"	"true"	"1.9"	"54"	"0"	"0"	"0"	"2"	"2"	"2026-08-22 06:08:35"	""
"dupurgeniefr.com"	"true"	"1.8"	"120"	"0"	"0"	"0"	"2"	"2"	"2026-08-15 04:33:17"	""
"naturallyhealthyparenting.com"	"false"	"1.6"	"76"	"2598"	"0"	"0"	"1"	"1"	"2025-02-27 07:05:32"	""
"domainanalysis.org"	"true"	"1.5"	"72"	"0"	"0"	"0"	"1"	"1"	"2026-05-11 18:29:10"	""
"windowreplacementking.com"	"false"	"1.4"	"32"	"10"	"0"	"0"	"1"	"0"	"2023-11-27 09:16:19"	""
"gnomit.com"	"true"	"1.2"	"57"	"1"	"0"	"0"	"2"	"0"	"2026-09-09 20:09:02"	""
"ssreteam.com"	"true"	"1.1"	"33"	"9"	"0"	"0"	"2"	"0"	"2025-12-19 14:45:45"	""
"colormehouse.com"	"false"	"1"	"60"	"240"	"0"	"0"	"1"	"1"	"2022-09-20 18:38:11"	""
"generatorgator.com"	"false"	"1"	"106"	"4"	"0"	"0"	"3"	"0"	"2022-07-13 07:14:10"	""
"backlinkstree.com"	"false"	"0.9"	"37"	"213962725"	"0"	"0"	"1"	"1"	"2026-07-12 07:00:12"	""
"nexusnext.agency"	"true"	"0.9"	"136"	"998"	"0"	"0"	"2"	"0"	"2026-04-23 21:08:06"	""
"prothor-ing.com"	"true"	"0.9"	"158"	"8529"	"1"	"2"	"1"	"0"	"2026-03-06 12:07:47"	""
"cgpa2percentag.com"	"true"	"0.8"	"60"	"0"	"0"	"0"	"2"	"2"	"2026-08-24 11:20:17"	""
"rankdeals.shop"	"true"	"0.8"	"78"	"1"	"0"	"0"	"2"	"0"	"2026-07-03 10:29:11"	""
"rankoutlet.shop"	"true"	"0.8"	"112"	"1"	"0"	"0"	"2"	"0"	"2026-06-30 23:14:50"	""
"backlinkshop.shop"	"true"	"0.8"	"74"	"998"	"0"	"0"	"2"	"0"	"2026-06-11 15:07:01"	""
"seostock.shop"	"true"	"0.8"	"108"	"1"	"0"	"0"	"2"	"0"	"2026-07-03 14:35:59"	""
"linkforgepro.shop"	"true"	"0.7"	"71"	"997"	"0"	"0"	"2"	"0"	"2026-08-20 02:02:23"	""
"backlinkorbit.shop"	"true"	"0.7"	"78"	"1"	"0"	"0"	"2"	"0"	"2026-06-23 06:49:06"	""
"backlinkvault.shop"	"true"	"0.7"	"73"	"997"	"0"	"0"	"2"	"0"	"2026-09-06 11:58:11"	""
"seobits.shop"	"true"	"0.7"	"74"	"1"	"0"	"0"	"2"	"0"	"2026-06-19 08:48:38"	""
"linkstock.shop"	"true"	"0.7"	"60"	"998"	"0"	"0"	"2"	"0"	"2026-08-17 10:16:53"	""
"wonvision.com"	"true"	"0.7"	"120"	"0"	"0"	"0"	"4"	"4"	"2026-05-14 22:26:18"	""
"nexabacklinks.shop"	"true"	"0.7"	"62"	"1"	"0"	"0"	"2"	"0"	"2026-06-30 05:46:52"	""
"linkchest.shop"	"true"	"0.7"	"63"	"1"	"0"	"0"	"2"	"0"	"2026-06-20 11:56:26"	""
"seogo.shop"	"true"	"0.7"	"76"	"0"	"0"	"0"	"2"	"0"	"2026-07-01 12:36:10"	""
"rankseohub.shop"	"true"	"0.7"	"61"	"1"	"0"	"0"	"2"	"0"	"2026-06-29 23:53:18"	""
"seobundle.shop"	"true"	"0.7"	"62"	"1"	"0"	"0"	"2"	"0"	"2026-07-02 08:05:30"	""
"seooutlet.shop"	"true"	"0.7"	"56"	"1"	"0"	"0"	"2"	"0"	"2026-07-01 09:57:20"	""
"seogear.shop"	"true"	"0.7"	"56"	"1"	"0"	"0"	"2"	"0"	"2026-07-04 11:06:51"	""
"rankchest.shop"	"true"	"0.7"	"62"	"1"	"0"	"0"	"2"	"0"	"2026-06-29 17:52:12"	""
"linkloot.shop"	"true"	"0.7"	"81"	"1"	"0"	"0"	"2"	"0"	"2026-08-02 08:17:24"	""
"seowares.shop"	"true"	"0.7"	"59"	"1"	"0"	"0"	"2"	"0"	"2026-09-04 03:59:13"	""
"seodepot.shop"	"true"	"0.7"	"63"	"1"	"0"	"0"	"2"	"0"	"2026-07-02 10:42:03"	""
"rankbundle.shop"	"true"	"0.7"	"62"	"1"	"0"	"0"	"2"	"0"	"2026-08-18 20:44:13"	""
"linkdepot.shop"	"true"	"0.7"	"59"	"997"	"0"	"0"	"2"	"0"	"2026-09-11 07:15:15"	""
"linkfinds.shop"	"true"	"0.7"	"56"	"997"	"0"	"0"	"2"	"0"	"2026-07-03 03:43:35"	""
"backlinkmart.shop"	"true"	"0.7"	"64"	"997"	"0"	"0"	"2"	"0"	"2026-09-03 00:25:53"	""
"linkstash.shop"	"true"	"0.7"	"58"	"998"	"0"	"0"	"2"	"0"	"2026-06-28 05:18:05"	""
"rankfinds.shop"	"true"	"0.7"	"63"	"1"	"0"	"0"	"2"	"0"	"2026-07-02 16:07:35"	""
"seochest.shop"	"true"	"0.7"	"61"	"1"	"0"	"0"	"2"	"0"	"2026-07-03 16:51:05"	""
"seokart.shop"	"true"	"0.7"	"60"	"1"	"0"	"0"	"2"	"0"	"2026-06-28 23:23:12"	""
"foaminsulationtips.com"	"false"	"0.7"	"47"	"10877"	"0"	"0"	"4"	"4"	"2019-07-15 17:16:55"	""
"bripto.shop"	"true"	"0.6"	"12"	"0"	"0"	"0"	"2"	"2"	"2026-09-09 02:13:32"	""
"awesomewomanproject.com"	"false"	"0.6"	"90"	"222"	"0"	"0"	"1"	"1"	"2022-09-15 08:17:57"	""
"blogpostbacklinks.online"	"true"	"0.6"	"394"	"512274"	"0"	"0"	"2"	"2"	"2026-09-29 01:35:42"	""
"domain.com.lc"	"true"	"0.6"	"51"	"0"	"0"	"0"	"2"	"2"	"2026-04-04 13:40:23"	""
"maverickmansions.com"	"false"	"0.6"	"34"	"8256"	"0"	"0"	"4"	"4"	"2026-03-19 20:19:55"	""
"backlinkschecker.site"	"true"	"0.5"	"57"	"0"	"0"	"0"	"2"	"2"	"2026-09-17 15:49:40"	""
"seourlchecker.space"	"true"	"0.5"	"34"	"0"	"0"	"0"	"2"	"2"	"2026-09-19 01:44:21"	""
"youtoo.in"	"true"	"0.5"	"112"	"0"	"0"	"0"	"1"	"1"	"2026-09-19 06:40:46"	""
"mcglobalconstruction.com"	"false"	"0.4"	"43"	"56"	"1"	"1"	"1"	"1"	"2025-05-01 14:57:44"	""
"whosmypro.com"	"true"	"0.4"	"9"	"382531"	"0"	"0"	"133"	"133"	"2026-05-05 23:37:52"	""
"windorpro.co.za"	"false"	"0.3"	"99"	"71"	"5"	"3"	"1"	"1"	"2024-05-02 02:40:49"	""
"uklistingz.co.uk"	"false"	"0.3"	"147"	"67"	"63"	"73"	"2"	"0"	"2020-06-07 01:24:58"	""
"lawyerinjeddah.com"	"true"	"0.2"	"51"	"0"	"0"	"0"	"2"	"2"	"2026-08-24 08:50:56"	""
"nivira.shop"	"true"	"0.2"	"17"	"0"	"0"	"0"	"2"	"2"	"2026-09-10 17:39:10"	""
"olumlubak.club"	"false"	"0.2"	"44"	"8"	"3418"	"714"	"1"	"0"	"2022-08-23 23:09:09"	""
"searchrankinsights.shop"	"true"	"0.2"	"23"	"0"	"0"	"0"	"2"	"0"	"2026-08-07 21:30:48"	""
"windowrank.com"	"false"	"0.2"	"8"	"0"	"4"	"2"	"26"	"0"	"2026-01-21 20:00:45"	""
"prashikshan.in"	"true"	"0.2"	"21"	"0"	"0"	"0"	"1"	"1"	"2026-08-09 02:53:14"	""
"rankseoalliance.shop"	"true"	"0.2"	"22"	"4"	"0"	"0"	"2"	"0"	"2026-07-28 06:02:34"	""
"topdoorswindows.com"	"false"	"0.1"	"35"	"24"	"0"	"1"	"1"	"0"	"2025-02-02 07:07:07"	""
"toprankalliance.shop"	"true"	"0.1"	"22"	"1"	"0"	"0"	"2"	"0"	"2026-08-14 14:35:04"	""
"linkgrowthauthority.shop"	"true"	"0.1"	"14"	"1"	"0"	"0"	"2"	"0"	"2026-08-09 16:56:31"	""
"seogrowthprovider.shop"	"true"	"0.1"	"20"	"1"	"0"	"0"	"2"	"0"	"2026-08-03 07:18:15"	""
"rankgrowthinsights.shop"	"true"	"0.1"	"14"	"1"	"0"	"0"	"2"	"0"	"2026-08-08 23:10:40"	""
"seoboostresults.shop"	"true"	"0.1"	"20"	"1"	"0"	"0"	"2"	"0"	"2026-07-28 06:41:20"	""
"googleseopoint.shop"	"true"	"0.1"	"13"	"1"	"0"	"0"	"2"	"0"	"2026-08-12 12:09:15"	""
"seolinkexpress.shop"	"true"	"0.1"	"14"	"1"	"0"	"0"	"2"	"0"	"2026-08-13 20:29:00"	""
"seogrowthstudio.shop"	"true"	"0.1"	"13"	"1"	"0"	"0"	"2"	"0"	"2026-08-15 08:47:02"	""
"googleseoexperts.shop"	"true"	"0.1"	"13"	"1"	"0"	"0"	"2"	"0"	"2026-08-12 14:25:30"	""
"googleseocraft.shop"	"true"	"0.1"	"13"	"1"	"0"	"0"	"2"	"0"	"2026-08-11 10:58:03"	""
"organicranknetwork.shop"	"true"	"0.1"	"23"	"1"	"0"	"0"	"2"	"0"	"2026-08-07 16:42:30"	""
"toprankresults.shop"	"true"	"0.1"	"12"	"1"	"0"	"0"	"2"	"0"	"2026-08-09 09:25:09"	""
"googleseoauthority.shop"	"true"	"0.1"	"13"	"1"	"0"	"0"	"2"	"0"	"2026-08-11 11:14:49"	""
"domainrankboost.shop"	"true"	"0.1"	"14"	"1"	"0"	"0"	"2"	"0"	"2026-08-07 10:46:31"	""
"googleseocompany.shop"	"true"	"0.1"	"13"	"1"	"0"	"0"	"2"	"0"	"2026-09-12 15:21:02"	""
"organicrankexpress.shop"	"true"	"0.1"	"14"	"1"	"0"	"0"	"2"	"0"	"2026-08-07 07:36:24"	""
"toprankmasters.shop"	"true"	"0.1"	"20"	"1"	"0"	"0"	"2"	"0"	"2026-09-11 11:19:43"	""
"toprankprovider.shop"	"true"	"0.1"	"12"	"1"	"0"	"0"	"2"	"0"	"2026-08-08 12:39:16"	""
"seoboostexchange.shop"	"true"	"0.1"	"14"	"1"	"0"	"0"	"2"	"0"	"2026-08-09 18:46:45"	""
"rankgrowthservice.shop"	"true"	"0.1"	"14"	"1"	"0"	"0"	"2"	"0"	"2026-08-08 03:45:47"	""
"searchrankcentral.shop"	"true"	"0.1"	"21"	"1"	"0"	"0"	"2"	"0"	"2026-07-28 20:53:46"	""
"pageseomasters.shop"	"true"	"0.1"	"13"	"1"	"0"	"0"	"2"	"0"	"2026-08-08 02:49:45"	""
"toprankpartners.shop"	"true"	"0.1"	"12"	"1"	"0"	"0"	"2"	"0"	"2026-08-09 03:41:19"	""
"siterankprovider.shop"	"true"	"0.1"	"15"	"1"	"0"	"0"	"2"	"0"	"2026-08-08 03:52:58"	""
"rankgrowthboost.shop"	"true"	"0.1"	"14"	"1"	"0"	"0"	"2"	"0"	"2026-08-09 17:35:06"	""
"domainrankexperts.shop"	"true"	"0.1"	"22"	"1"	"0"	"0"	"2"	"0"	"2026-08-07 09:16:18"	""
"pageseoservice.shop"	"true"	"0.1"	"13"	"1"	"0"	"0"	"2"	"0"	"2026-08-07 23:06:47"	""
"siterankexpress.shop"	"true"	"0.1"	"23"	"1"	"0"	"0"	"2"	"0"	"2026-07-31 09:49:23"	""
"rankseotoolkit.shop"	"true"	"0.1"	"22"	"1"	"0"	"0"	"2"	"0"	"2026-08-07 11:23:05"	""
"seogrowthengine.shop"	"true"	"0.1"	"13"	"1"	"0"	"0"	"2"	"0"	"2026-08-09 17:53:43"	""
"rankcollective.shop"	"true"	"0.1"	"14"	"1"	"0"	"0"	"2"	"0"	"2026-08-11 21:42:15"	""
"rankgrowthsolutions.shop"	"true"	"0.1"	"19"	"1"	"0"	"0"	"2"	"0"	"2026-08-08 02:22:47"	""
"backlinkengine.shop"	"true"	"0.1"	"13"	"1"	"0"	"0"	"2"	"0"	"2026-08-12 22:40:33"	""
"linkseoauthority.shop"	"true"	"0.1"	"24"	"1"	"0"	"0"	"2"	"0"	"2026-08-10 02:48:00"	""
"siteranktoolkit.shop"	"true"	"0.1"	"15"	"1"	"0"	"0"	"2"	"0"	"2026-08-07 19:56:44"	""
"toprankauthority.shop"	"true"	"0.1"	"22"	"1"	"0"	"0"	"2"	"0"	"2026-08-07 08:02:28"	""
"rankseoservice.shop"	"true"	"0.1"	"14"	"1"	"0"	"0"	"2"	"0"	"2026-08-07 08:28:24"	""
"searchrankexperts.shop"	"true"	"0.1"	"16"	"1"	"0"	"0"	"2"	"0"	"2026-07-30 23:50:31"	""
"seogrowthalliance.shop"	"true"	"0.1"	"13"	"1"	"0"	"0"	"2"	"0"	"2026-08-09 02:22:27"	""
"hghomeclub.com"	"true"	"0.1"	"31"	"353"	"1"	"1"	"1"	"1"	"2025-08-02 07:35:50"	""
"tyre.pro"	"false"	"0.1"	"18"	"289277564"	"0"	"0"	"1"	"1"	"2026-08-30 17:13:33"	""
"brilko.shop"	"true"	"0.1"	"16"	"0"	"0"	"0"	"2"	"2"	"2026-08-28 18:25:09"	""
"cityvetted.com"	"true"	"0.1"	"14"	"0"	"0"	"0"	"1"	"0"	"2026-06-23 08:41:30"	""
"theface.in"	"false"	"0.1"	"17"	"38210995"	"0"	"0"	"1"	"1"	"2026-06-08 00:55:08"	""
"bestaround.com"	"true"	"0.1"	"43"	"5"	"0"	"0"	"1"	"0"	"2026-08-30 13:46:36"	""
"primenewsartical.com"	"true"	"0.1"	"27"	"0"	"0"	"0"	"2"	"2"	"2026-08-22 19:52:01"	""
"digitalchatni.com"	"true"	"0.1"	"40"	"0"	"0"	"0"	"2"	"2"	"2026-08-24 04:47:33"	""
"blogerreviewers.com"	"true"	"0.1"	"55"	"0"	"0"	"0"	"4"	"4"	"2026-08-13 11:50:52"	""
"sahammurah.com"	"true"	"0.1"	"24"	"0"	"0"	"0"	"2"	"2"	"2026-08-12 22:08:02"	""
"plurio.shop"	"true"	"0.1"	"24"	"0"	"0"	"0"	"2"	"2"	"2026-09-08 07:55:46"	""
"canadapsilocybin.com"	"true"	"0"	"41"	"0"	"0"	"0"	"2"	"2"	"2026-08-24 10:28:41"	""
"mylisthero.com"	"true"	"0"	"125"	"340898772"	"0"	"0"	"2"	"2"	"2026-09-10 12:44:36"	""
"intermeritocracy.com"	"true"	"0"	"31"	"53"	"0"	"0"	"6"	"0"	"2024-09-28 08:32:23"	""
"mokra.shop"	"true"	"0"	"10"	"0"	"0"	"0"	"2"	"2"	"2026-09-09 03:28:04"	""
"matyesz.hu"	"false"	"0"	"52"	"28843"	"0"	"0"	"2"	"2"	"2026-02-12 02:14:50"	""
"dapacheckersoftware.online"	"true"	"0"	"54"	"0"	"0"	"0"	"2"	"2"	"2026-09-18 14:06:09"	""
"dapacheckeronline.store"	"true"	"0"	"55"	"0"	"0"	"0"	"2"	"2"	"2026-09-20 03:33:03"	""
"dapacheckeronline.website"	"true"	"0"	"56"	"0"	"0"	"0"	"2"	"2"	"2026-09-18 21:29:29"	""
"checkurlbacklinks.site"	"true"	"0"	"57"	"0"	"0"	"0"	"2"	"2"	"2026-09-18 20:41:29"	""
"greatseolinks.link"	"true"	"0"	"65"	"0"	"0"	"0"	"2"	"2"	"2026-09-20 19:53:47"	""
"bulkdacheckeronline.website"	"true"	"0"	"58"	"0"	"0"	"0"	"2"	"2"	"2026-09-20 01:37:15"	""
"checkerbacklink.website"	"true"	"0"	"56"	"0"	"0"	"0"	"2"	"2"	"2026-09-18 13:38:05"	""
"competitorchecker.shop"	"true"	"0"	"56"	"0"	"0"	"0"	"2"	"2"	"2026-09-18 17:01:40"	""
"checkerdapa.store"	"true"	"0"	"57"	"0"	"0"	"0"	"2"	"2"	"2026-09-18 20:33:03"	""
"competitionchecker.site"	"true"	"0"	"58"	"0"	"0"	"0"	"2"	"2"	"2026-09-19 01:39:50"	""
"dacheckerforfree.online"	"true"	"0"	"57"	"0"	"7"	"1"	"2"	"2"	"2026-09-18 20:38:41"	""
"dascorechecker.online"	"true"	"0"	"55"	"0"	"0"	"0"	"2"	"2"	"2026-09-19 11:57:59"	""
"dacheckers.website"	"true"	"0"	"57"	"0"	"0"	"0"	"2"	"2"	"2026-09-19 20:31:13"	""
"domainqualitychecker.online"	"true"	"0"	"56"	"0"	"0"	"0"	"2"	"2"	"2026-09-18 13:53:00"	""
"dabacklinkchecker.site"	"true"	"0"	"57"	"0"	"0"	"0"	"2"	"2"	"2026-09-18 19:44:48"	""
"dacheckerwebsite.shop"	"true"	"0"	"55"	"0"	"0"	"0"	"2"	"2"	"2026-09-18 23:43:51"	""
"domainmetricschecker.shop"	"true"	"0"	"56"	"0"	"0"	"0"	"2"	"2"	"2026-09-18 23:20:50"	""
"dascorechecker.shop"	"true"	"0"	"56"	"0"	"0"	"0"	"2"	"2"	"2026-09-20 02:26:44"	""
"dabacklinkchecker.shop"	"true"	"0"	"57"	"0"	"0"	"0"	"2"	"2"	"2026-09-19 02:23:29"	""
"dapacheckersoftware.store"	"true"	"0"	"53"	"0"	"0"	"0"	"2"	"2"	"2026-09-18 23:06:18"	""
"dapacheckerguest.site"	"true"	"0"	"54"	"0"	"0"	"0"	"2"	"2"	"2026-09-18 21:01:25"	""
"dadrpachecker.website"	"true"	"0"	"57"	"0"	"0"	"0"	"2"	"2"	"2026-09-23 03:35:53"	""
"rankcheckerwebsite.site"	"true"	"0"	"57"	"0"	"0"	"0"	"2"	"2"	"2026-09-18 07:54:06"	""
"dacheckerofwebsite.site"	"true"	"0"	"55"	"0"	"0"	"0"	"2"	"2"	"2026-09-19 03:57:16"	""
"dacheckerseo.store"	"true"	"0"	"55"	"0"	"0"	"0"	"2"	"2"	"2026-09-18 14:41:52"	""
"pacheckerfree.website"	"true"	"0"	"57"	"0"	"0"	"0"	"2"	"2"	"2026-09-18 23:23:39"	""
"dacheckerpro.shop"	"true"	"0"	"55"	"0"	"0"	"0"	"2"	"2"	"2026-09-18 22:14:59"	""
"seoanalysischecker.online"	"true"	"0"	"55"	"0"	"0"	"0"	"2"	"2"	"2026-09-18 17:58:43"	""
"dadrpachecker.shop"	"true"	"0"	"56"	"0"	"0"	"0"	"2"	"2"	"2026-09-19 00:16:04"	""
"domaincheckerda.site"	"true"	"0"	"56"	"0"	"0"	"0"	"2"	"2"	"2026-09-18 18:34:29"	""
"darankingchecker.shop"	"true"	"0"	"56"	"0"	"0"	"0"	"2"	"2"	"2026-09-19 01:34:44"	""
"dacheckerforfree.website"	"true"	"0"	"57"	"0"	"0"	"0"	"2"	"2"	"2026-09-18 21:10:18"	""
"dadpchecker.shop"	"true"	"0"	"57"	"0"	"0"	"0"	"2"	"2"	"2026-09-19 02:57:06"	""
"dapadomainchecker.shop"	"true"	"0"	"56"	"0"	"0"	"0"	"2"	"2"	"2026-09-19 03:04:30"	""
"dadrcheckerfree.shop"	"true"	"0"	"57"	"0"	"0"	"0"	"2"	"2"	"2026-09-18 20:36:56"	""
"dacheckertoolonline.store"	"true"	"0"	"56"	"0"	"0"	"0"	"2"	"2"	"2026-09-19 04:29:03"	""
"daandpacheckertool.store"	"true"	"0"	"55"	"0"	"0"	"0"	"2"	"2"	"2026-09-18 05:32:08"	""
"pacheckertool.website"	"true"	"0"	"56"	"0"	"0"	"0"	"2"	"2"	"2026-09-18 20:15:00"	""
"dafreechecker.shop"	"true"	"0"	"56"	"0"	"0"	"0"	"2"	"2"	"2026-09-18 23:27:47"	""
"daandpacheckertool.site"	"true"	"0"	"56"	"0"	"0"	"0"	"2"	"2"	"2026-09-18 12:21:55"	""
"dadomainchecker.website"	"true"	"0"	"57"	"0"	"0"	"0"	"2"	"2"	"2026-09-23 00:10:52"	""
"seocheckerforfree.site"	"true"	"0"	"55"	"0"	"0"	"0"	"2"	"2"	"2026-09-18 06:38:28"	""
"dapacheckerfree.site"	"true"	"0"	"54"	"0"	"0"	"0"	"2"	"2"	"2026-09-24 06:23:48"	""
"rankcheckerfree.site"	"true"	"0"	"57"	"0"	"0"	"0"	"2"	"2"	"2026-09-18 14:05:38"	""
"domaindapachecker.store"	"true"	"0"	"54"	"0"	"0"	"0"	"2"	"2"	"2026-09-18 11:32:44"	""
"padacheckeronline.store"	"true"	"0"	"57"	"0"	"0"	"0"	"2"	"2"	"2026-09-19 02:45:38"	""
"pagedachecker.store"	"true"	"0"	"56"	"0"	"0"	"0"	"2"	"2"	"2026-09-18 18:23:51"	""
"seocheckerfree.website"	"true"	"0"	"56"	"0"	"0"	"0"	"2"	"2"	"2026-09-18 10:15:16"	""
"pacheckeronline.online"	"true"	"0"	"56"	"0"	"0"	"0"	"2"	"2"	"2026-09-18 20:21:13"	""
"rankcheckerfree.store"	"true"	"0"	"57"	"0"	"0"	"0"	"2"	"2"	"2026-09-22 00:37:13"	""
"rankwebsitechecker.online"	"true"	"0"	"57"	"0"	"0"	"0"	"2"	"2"	"2026-09-18 10:57:44"	""
"dawebsitechecker.site"	"true"	"0"	"55"	"0"	"0"	"0"	"2"	"2"	"2026-09-19 01:39:11"	""
"dapaonlinechecker.site"	"true"	"0"	"56"	"0"	"0"	"0"	"2"	"2"	"2026-09-18 09:20:03"	""
"domainbacklinkreport.store"	"true"	"0"	"56"	"0"	"0"	"0"	"2"	"2"	"2026-09-19 03:58:58"	""
"dapacheckermultiple.site"	"true"	"0"	"54"	"0"	"0"	"0"	"2"	"2"	"2026-09-21 21:35:04"	""
"dawebsitechecker.store"	"true"	"0"	"54"	"0"	"0"	"0"	"2"	"2"	"2026-09-18 20:16:51"	""
"dabulkchecker.store"	"true"	"0"	"55"	"0"	"0"	"0"	"2"	"2"	"2026-09-18 22:34:06"	""
"dapacheckerguest.store"	"true"	"0"	"54"	"0"	"0"	"0"	"2"	"2"	"2026-09-18 13:29:28"	""
"rankingschecker.store"	"true"	"0"	"57"	"0"	"0"	"0"	"2"	"2"	"2026-09-18 07:48:19"	""
"rankcheckerfree.shop"	"true"	"0"	"57"	"0"	"0"	"0"	"2"	"2"	"2026-09-18 23:54:53"	""
"seocheckeronline.online"	"true"	"0"	"55"	"0"	"0"	"0"	"2"	"2"	"2026-09-20 19:56:06"	""
"dawebsitechecker.website"	"true"	"0"	"56"	"0"	"0"	"0"	"2"	"2"	"2026-09-18 12:43:33"	""
"pageseochecker.website"	"true"	"0"	"57"	"0"	"0"	"0"	"2"	"2"	"2026-09-19 03:09:20"	""
"padafreechecker.website"	"true"	"0"	"57"	"0"	"0"	"0"	"2"	"2"	"2026-09-18 21:38:34"	""
"seoanalysischecker.website"	"true"	"0"	"56"	"0"	"0"	"0"	"2"	"2"	"2026-09-19 23:40:10"	""
"multidachecker.website"	"true"	"0"	"55"	"0"	"0"	"0"	"2"	"2"	"2026-09-18 14:21:29"	""
"bulkdrcheckerfree.website"	"true"	"0"	"57"	"0"	"0"	"0"	"2"	"2"	"2026-09-19 01:11:47"	""
"checkbacklinks.site"	"true"	"0"	"54"	"0"	"0"	"0"	"2"	"2"	"2026-09-19 04:17:26"	""
"bulkpadacheckertool.shop"	"true"	"0"	"55"	"0"	"0"	"0"	"2"	"2"	"2026-09-19 03:28:42"	""
"blogbacklinkchecker.online"	"true"	"0"	"56"	"0"	"0"	"0"	"2"	"2"	"2026-09-19 19:33:16"	""
"sitevisitschecker.store"	"true"	"0"	"56"	"0"	"0"	"0"	"2"	"2"	"2026-09-18 06:07:53"	""
"bulkdacheckerfree.online"	"true"	"0"	"56"	"0"	"0"	"0"	"2"	"2"	"2026-09-19 04:48:31"	""
"multidapachecker.shop"	"true"	"0"	"57"	"0"	"0"	"0"	"2"	"2"	"2026-09-18 06:40:25"	""
"onlineserpchecker.shop"	"true"	"0"	"57"	"0"	"0"	"0"	"2"	"2"	"2026-09-20 01:24:55"	""
"newbacklinkchecker.online"	"true"	"0"	"57"	"0"	"0"	"0"	"2"	"2"	"2026-09-18 06:02:22"	""
"urlrankchecker.store"	"true"	"0"	"56"	"0"	"0"	"0"	"2"	"2"	"2026-09-19 02:03:01"	""
"highdapachecker.store"	"true"	"0"	"56"	"0"	"0"	"0"	"2"	"2"	"2026-09-19 03:22:47"	""
"newbacklinkschecker.online"	"true"	"0"	"57"	"0"	"0"	"0"	"2"	"2"	"2026-09-20 00:34:36"	""
"bestbacklinkchecker.shop"	"true"	"0"	"57"	"0"	"0"	"0"	"2"	"2"	"2026-09-23 08:19:25"	""
"bulkdapachecker.site"	"true"	"0"	"54"	"0"	"0"	"0"	"2"	"2"	"2026-09-18 07:32:30"	""
"organicrankchecker.online"	"true"	"0"	"57"	"0"	"0"	"0"	"2"	"2"	"2026-09-19 00:24:07"	""
"sitedachecker.online"	"true"	"0"	"57"	"0"	"0"	"0"	"2"	"2"	"2026-09-19 01:51:48"	""
"blogseochecker.site"	"true"	"0"	"56"	"0"	"0"	"0"	"2"	"2"	"2026-09-18 11:59:36"	""
"bulkfreedapachecker.shop"	"true"	"0"	"54"	"0"	"0"	"0"	"2"	"2"	"2026-09-18 19:37:51"	""
"backlinktoolchecker.store"	"true"	"0"	"55"	"0"	"0"	"0"	"2"	"2"	"2026-09-19 02:10:22"	""
"bulkbacklinkreport.store"	"true"	"0"	"55"	"0"	"0"	"0"	"2"	"2"	"2026-09-19 12:07:53"	""
"oneclickseochecker.shop"	"true"	"0"	"56"	"0"	"0"	"0"	"2"	"2"	"2026-09-18 19:45:26"	""
"multidachecker.store"	"true"	"0"	"55"	"0"	"0"	"0"	"2"	"2"	"2026-09-18 22:07:32"	""
"onlinerankchecker.site"	"true"	"0"	"57"	"0"	"0"	"0"	"2"	"2"	"2026-09-19 02:26:30"	""
"bulkdadrchecker.online"	"true"	"0"	"56"	"0"	"0"	"0"	"2"	"2"	"2026-09-23 18:15:37"	""
"sitestatschecker.shop"	"true"	"0"	"56"	"0"	"0"	"0"	"2"	"2"	"2026-09-19 19:38:48"	""
"sitelinkchecker.shop"	"true"	"0"	"57"	"0"	"0"	"0"	"2"	"2"	"2026-09-18 11:48:49"	""
"multipledapachecker.store"	"true"	"0"	"55"	"0"	"0"	"0"	"2"	"2"	"2026-09-19 19:26:00"	""
"bestfreeseochecker.shop"	"true"	"0"	"57"	"0"	"0"	"0"	"2"	"2"	"2026-09-18 20:46:56"	""
"backlinktoolchecker.shop"	"true"	"0"	"55"	"0"	"0"	"0"	"2"	"2"	"2026-09-18 23:55:59"	""
"bestdachecker.website"	"true"	"0"	"57"	"0"	"0"	"0"	"2"	"2"	"2026-09-20 12:40:41"	""
"onlinerankchecker.website"	"true"	"0"	"57"	"0"	"0"	"0"	"2"	"2"	"2026-09-19 04:21:28"	""
"baclinkchecker.online"	"true"	"0"	"57"	"0"	"0"	"0"	"2"	"2"	"2026-09-18 21:56:28"	""
"bulkdapacheckerfree.shop"	"true"	"0"	"54"	"0"	"0"	"0"	"2"	"2"	"2026-09-18 05:10:38"	""
"bestdapachecker.site"	"true"	"0"	"55"	"0"	"0"	"0"	"2"	"2"	"2026-09-18 12:35:15"	""
"sitecheckerseo.shop"	"true"	"0"	"56"	"0"	"0"	"0"	"2"	"2"	"2026-09-18 18:32:01"	""
"trustflowchecker.shop"	"true"	"0"	"57"	"0"	"0"	"0"	"2"	"2"	"2026-09-19 01:27:10"	""
"massdachecker.website"	"true"	"0"	"57"	"0"	"0"	"0"	"2"	"2"	"2026-09-19 00:16:00"	""
"bulkbacklinkschecker.shop"	"true"	"0"	"56"	"0"	"0"	"0"	"2"	"2"	"2026-09-18 04:48:29"	""
"sitevisitschecker.website"	"true"	"0"	"57"	"0"	"0"	"0"	"2"	"2"	"2026-09-19 00:45:26"	""
"siterankcheckerfree.shop"	"true"	"0"	"56"	"0"	"0"	"0"	"2"	"2"	"2026-09-18 21:44:05"	""
"organicrankchecker.site"	"true"	"0"	"57"	"0"	"0"	"0"	"2"	"2"	"2026-09-18 19:00:21"	""
"bulkdacheckertool.site"	"true"	"0"	"55"	"0"	"0"	"0"	"2"	"2"	"2026-09-22 09:00:00"	""
"urlrankchecker.site"	"true"	"0"	"56"	"0"	"0"	"0"	"2"	"2"	"2026-09-20 00:40:20"	""
"bulkdapachecker.store"	"true"	"0"	"55"	"0"	"0"	"0"	"2"	"2"	"2026-09-18 07:19:48"	""
"openbacklinkchecker.store"	"true"	"0"	"55"	"0"	"0"	"0"	"2"	"2"	"2026-09-18 11:52:34"	""
"bulklinkchecker.store"	"true"	"0"	"55"	"0"	"0"	"0"	"2"	"2"	"2026-09-18 20:19:51"	""
"bulklinkchecker.site"	"true"	"0"	"55"	"0"	"0"	"0"	"2"	"2"	"2026-09-18 21:14:58"	""
"freesiterankchecker.website"	"true"	"0"	"56"	"0"	"0"	"0"	"2"	"2"	"2026-09-19 04:42:10"	""
"backlinkurlchecker.website"	"true"	"0"	"57"	"0"	"0"	"0"	"2"	"2"	"2026-09-18 20:34:21"	""
"urlrankingchecker.shop"	"true"	"0"	"56"	"0"	"0"	"0"	"2"	"2"	"2026-09-18 05:25:07"	""
"urlbacklinkchecker.site"	"true"	"0"	"55"	"0"	"0"	"0"	"2"	"2"	"2026-09-18 07:49:45"	""
"urlbacklinkanalysis.store"	"true"	"0"	"54"	"0"	"0"	"0"	"2"	"2"	"2026-09-18 12:04:27"	""
"outgoinglinkchecker.site"	"true"	"0"	"54"	"0"	"0"	"0"	"2"	"2"	"2026-09-18 20:55:09"	""
"multipledachecker.shop"	"true"	"0"	"55"	"0"	"0"	"0"	"2"	"2"	"2026-09-18 22:43:46"	""
"backlinkscheckers.website"	"true"	"0"	"56"	"0"	"21"	"1"	"2"	"2"	"2026-09-19 00:33:49"	""
"backlinkcountchecker.site"	"true"	"0"	"54"	"0"	"0"	"0"	"2"	"2"	"2026-09-18 23:39:05"	""
"serppositionchecker.website"	"true"	"0"	"56"	"0"	"0"	"0"	"2"	"2"	"2026-09-19 03:49:30"	""
"websitedachecker.online"	"true"	"0"	"56"	"0"	"0"	"0"	"2"	"2"	"2026-09-19 00:21:02"	""
"freedacheckertools.site"	"true"	"0"	"56"	"0"	"0"	"0"	"2"	"2"	"2026-09-19 01:18:30"	""
"freeseocheckertools.online"	"true"	"0"	"56"	"0"	"0"	"0"	"2"	"2"	"2026-09-19 04:06:26"	""
"freeseorankchecker.shop"	"true"	"0"	"56"	"0"	"0"	"0"	"2"	"2"	"2026-09-19 04:32:05"	""
"webrankingchecker.site"	"true"	"0"	"55"	"0"	"0"	"0"	"2"	"2"	"2026-09-18 18:36:22"	""
"serpfreechecker.store"	"true"	"0"	"56"	"0"	"0"	"0"	"2"	"2"	"2026-09-18 21:47:34"	""
"padachecker.site"	"true"	"0"	"56"	"0"	"0"	"0"	"2"	"2"	"2026-09-18 20:47:24"	""
"backlinkfreechecker.online"	"true"	"0"	"56"	"0"	"0"	"0"	"2"	"2"	"2026-09-19 04:35:40"	""
"backlinkanalysis.shop"	"true"	"0"	"55"	"0"	"0"	"0"	"2"	"2"	"2026-09-18 07:23:26"	""
"seostatschecker.site"	"true"	"0"	"55"	"0"	"0"	"0"	"2"	"2"	"2026-09-19 01:24:35"	""
"seocheckertools.store"	"true"	"0"	"54"	"0"	"0"	"0"	"2"	"2"	"2026-09-19 04:57:24"	""
"serpcheckerfree.store"	"true"	"0"	"56"	"0"	"0"	"0"	"2"	"2"	"2026-09-18 17:03:37"	""
"linkcheckertools.site"	"true"	"0"	"53"	"0"	"0"	"0"	"2"	"2"	"2026-09-18 09:43:17"	""
"websitestatschecker.store"	"true"	"0"	"54"	"0"	"0"	"0"	"2"	"2"	"2026-09-19 03:48:28"	""
"padachecker.shop"	"true"	"0"	"56"	"0"	"0"	"0"	"2"	"2"	"2026-09-18 07:51:44"	""
"allbacklinkchecker.shop"	"true"	"0"	"55"	"0"	"0"	"0"	"2"	"2"	"2026-09-22 18:38:07"	""
"backlinkscheckerseo.store"	"true"	"0"	"56"	"0"	"0"	"0"	"2"	"2"	"2026-09-19 04:18:46"	""
"freedaandpachecker.website"	"true"	"0"	"56"	"0"	"0"	"0"	"2"	"2"	"2026-09-20 02:43:59"	""
"domainrankchecker.online"	"true"	"0"	"55"	"0"	"0"	"0"	"2"	"2"	"2026-09-19 03:37:22"	""
"backlinksfreechecker.site"	"true"	"0"	"56"	"0"	"0"	"0"	"2"	"2"	"2026-09-19 04:24:13"	""
"backlinkfindertool.shop"	"true"	"0"	"53"	"0"	"0"	"0"	"2"	"2"	"2026-09-18 14:33:57"	""
"backlinklookuptool.shop"	"true"	"0"	"56"	"0"	"0"	"0"	"2"	"2"	"2026-09-18 10:07:41"	""
"backlinkanalyzer.website"	"true"	"0"	"53"	"0"	"0"	"0"	"2"	"2"	"2026-09-19 03:15:16"	""
"dacheckerfree.website"	"true"	"0"	"55"	"0"	"0"	"0"	"2"	"2"	"2026-09-18 06:33:51"	""
"padachecker.website"	"true"	"0"	"56"	"0"	"0"	"0"	"2"	"2"	"2026-09-18 23:00:45"	""
"findwebsitebacklinks.online"	"true"	"0"	"56"	"0"	"0"	"0"	"2"	"2"	"2026-09-19 02:03:29"	""
"findbacklinks.store"	"true"	"0"	"55"	"0"	"0"	"0"	"2"	"2"	"2026-09-19 00:44:03"	""
"freeseorankchecker.store"	"true"	"0"	"56"	"0"	"0"	"0"	"2"	"2"	"2026-09-19 01:41:25"	""
"aiseochecker.website"	"true"	"0"	"56"	"0"	"0"	"0"	"2"	"2"	"2026-09-18 14:08:13"	""
"serpcheckers.website"	"true"	"0"	"56"	"0"	"0"	"0"	"2"	"2"	"2026-09-20 15:05:06"	""
"seowebsitechecker.store"	"true"	"0"	"55"	"0"	"0"	"0"	"2"	"2"	"2026-09-18 09:00:33"	""
"backlinkscheckersite.shop"	"true"	"0"	"56"	"0"	"0"	"0"	"2"	"2"	"2026-09-18 14:38:36"	""
"seorankingschecker.store"	"true"	"0"	"55"	"0"	"0"	"0"	"2"	"2"	"2026-09-19 00:12:44"	""
"freedacheckertools.website"	"true"	"0"	"56"	"0"	"0"	"0"	"2"	"2"	"2026-09-18 19:44:30"	""
"freebacklinkcheckers.site"	"true"	"0"	"56"	"0"	"0"	"0"	"2"	"2"	"2026-09-19 03:06:19"	""
"linkseochecker.website"	"true"	"0"	"54"	"0"	"0"	"0"	"2"	"2"	"2026-09-18 21:58:21"	""
"seofreechecker.site"	"true"	"0"	"55"	"0"	"0"	"0"	"2"	"2"	"2026-09-18 13:17:51"	""
"domainseochecker.site"	"true"	"0"	"55"	"0"	"0"	"0"	"2"	"2"	"2026-09-23 10:45:53"	""
"websitedachecker.website"	"true"	"0"	"56"	"0"	"0"	"0"	"2"	"2"	"2026-09-18 09:18:43"	""
"backlinkcheckerbest.website"	"true"	"0"	"56"	"0"	"0"	"0"	"2"	"2"	"2026-09-18 12:40:15"	""
"websiteserpchecker.online"	"true"	"0"	"54"	"0"	"0"	"0"	"2"	"2"	"2026-09-18 20:26:21"	""
"backlinklinkchecker.store"	"true"	"0"	"54"	"0"	"0"	"0"	"2"	"2"	"2026-09-18 22:27:46"	""
"webseochecker.site"	"true"	"0"	"55"	"0"	"0"	"0"	"2"	"2"	"2026-09-19 01:39:10"	""
"backlinkcheckerbest.site"	"true"	"0"	"56"	"0"	"0"	"0"	"2"	"2"	"2026-09-18 12:26:03"	""
"backlinksreport.online"	"true"	"0"	"56"	"0"	"0"	"0"	"2"	"2"	"2026-09-18 18:58:01"	""
"seorankcheckertool.website"	"true"	"0"	"55"	"0"	"0"	"0"	"2"	"2"	"2026-09-18 22:49:46"	""
"seoscorechecker.store"	"true"	"0"	"54"	"0"	"0"	"0"	"2"	"2"	"2026-09-18 22:51:23"	""
"websiteinboundlinks.online"	"true"	"0"	"54"	"0"	"0"	"0"	"2"	"2"	"2026-09-18 05:45:25"	""
"freepaanddachecker.store"	"true"	"0"	"55"	"0"	"0"	"0"	"2"	"2"	"2026-09-18 07:55:27"	""
"freebulkdachecker.shop"	"true"	"0"	"56"	"0"	"0"	"0"	"2"	"2"	"2026-09-18 07:19:11"	""
"backlinkfindertool.website"	"true"	"0"	"55"	"0"	"0"	"0"	"2"	"2"	"2026-09-19 01:07:58"	""
"seoonlinechecker.website"	"true"	"0"	"55"	"0"	"0"	"0"	"2"	"2"	"2026-09-18 21:50:36"	""
"seoscorechecker.website"	"true"	"0"	"56"	"0"	"0"	"0"	"2"	"2"	"2026-09-18 04:39:31"	""
"pachecker.online"	"true"	"0"	"55"	"0"	"0"	"0"	"2"	"2"	"2026-09-19 01:52:49"	""
"seometricschecker.online"	"true"	"0"	"55"	"0"	"0"	"0"	"2"	"2"	"2026-09-18 06:48:22"	""
"seoonlinechecker.store"	"true"	"0"	"56"	"0"	"0"	"0"	"2"	"2"	"2026-09-19 01:38:31"	""
"seocheckerwebsite.store"	"true"	"0"	"55"	"0"	"0"	"0"	"2"	"2"	"2026-09-18 10:39:10"	""
"websitestatschecker.shop"	"true"	"0"	"55"	"0"	"0"	"0"	"2"	"2"	"2026-09-19 04:27:08"	""
"seotoolchecker.online"	"true"	"0"	"55"	"0"	"0"	"0"	"2"	"2"	"2026-09-19 01:02:48"	""
"freedrchecker.shop"	"true"	"0"	"56"	"0"	"0"	"0"	"2"	"2"	"2026-09-19 01:41:26"	""
"freeseoauditchecker.website"	"true"	"0"	"56"	"0"	"0"	"0"	"2"	"2"	"2026-09-18 22:53:44"	""
"serpfreechecker.site"	"true"	"0"	"56"	"0"	"0"	"0"	"2"	"2"	"2026-09-18 20:04:00"	""
"freerankchecker.online"	"true"	"0"	"56"	"0"	"0"	"0"	"2"	"2"	"2026-09-18 09:17:21"	""
"seodomainchecker.website"	"true"	"0"	"55"	"0"	"0"	"0"	"2"	"2"	"2026-09-18 07:49:08"	""
"topseochecker.shop"	"true"	"0"	"56"	"0"	"0"	"0"	"2"	"2"	"2026-09-22 21:23:49"	""
"websiteprchecker.shop"	"true"	"0"	"54"	"0"	"0"	"0"	"2"	"2"	"2026-09-19 02:32:56"	""
"freepachecker.site"	"true"	"0"	"56"	"0"	"0"	"0"	"2"	"2"	"2026-09-19 02:37:30"	""
"dacheckertool.website"	"true"	"0"	"53"	"0"	"0"	"0"	"2"	"2"	"2026-09-19 02:25:48"	""
"seostrengthchecker.store"	"true"	"0"	"55"	"0"	"0"	"0"	"2"	"2"	"2026-09-19 03:46:26"	""
"linkingdomainchecker.shop"	"true"	"0"	"54"	"0"	"0"	"0"	"2"	"2"	"2026-09-19 01:20:04"	""
"freerankingchecker.shop"	"true"	"0"	"56"	"0"	"0"	"0"	"2"	"2"	"2026-09-18 23:12:43"	""
"padachecker.store"	"true"	"0"	"55"	"0"	"0"	"0"	"2"	"2"	"2026-09-23 05:50:23"	""
"backlinkcheckerseo.store"	"true"	"0"	"56"	"0"	"0"	"0"	"2"	"2"	"2026-09-19 12:35:06"	""
"webpagerankchecker.shop"	"true"	"0"	"56"	"0"	"0"	"0"	"2"	"2"	"2026-09-19 02:48:35"	""
"webbacklinkschecker.website"	"true"	"0"	"56"	"0"	"0"	"0"	"2"	"2"	"2026-09-18 21:31:52"	""
"sitecheckerfree.store"	"true"	"0"	"55"	"0"	"0"	"0"	"2"	"2"	"2026-09-18 22:48:41"	""
"freeseositechecker.shop"	"true"	"0"	"56"	"0"	"0"	"0"	"2"	"2"	"2026-09-18 04:20:49"	""
"backlinkrankchecker.website"	"true"	"0"	"56"	"0"	"0"	"0"	"2"	"2"	"2026-09-18 21:22:35"	""
"backlinkanalysistool.shop"	"true"	"0"	"55"	"0"	"0"	"0"	"2"	"2"	"2026-09-18 23:19:08"	""
"websiteserpchecker.website"	"true"	"0"	"55"	"0"	"0"	"0"	"2"	"2"	"2026-09-19 08:15:51"	""
"freeseoscorechecker.store"	"true"	"0"	"56"	"0"	"0"	"0"	"2"	"2"	"2026-09-19 02:57:18"	""
"whatisdapachecker.store"	"true"	"0"	"52"	"0"	"0"	"0"	"2"	"2"	"2026-09-18 22:49:13"	""
"webrankchecker.store"	"true"	"0"	"55"	"0"	"0"	"0"	"2"	"2"	"2026-09-18 19:36:26"	""
"backlinkscheckerfree.shop"	"true"	"0"	"56"	"0"	"0"	"0"	"2"	"2"	"2026-09-18 21:24:35"	""
"backlinkreport.store"	"true"	"0"	"54"	"0"	"0"	"0"	"2"	"2"	"2026-09-18 21:28:21"	""
"seourlchecker.online"	"true"	"0"	"56"	"0"	"0"	"0"	"2"	"2"	"2026-09-19 01:58:13"	""
"backlinkcheckertool.store"	"true"	"0"	"53"	"0"	"0"	"0"	"2"	"2"	"2026-09-18 23:10:33"	""
"websiteauditchecker.shop"	"true"	"0"	"55"	"0"	"0"	"0"	"2"	"2"	"2026-09-18 05:06:25"	""
"serpcheckeronline.shop"	"true"	"0"	"56"	"0"	"0"	"0"	"2"	"2"	"2026-09-18 05:30:43"	""
"backlinklookuptool.site"	"true"	"0"	"55"	"0"	"0"	"0"	"2"	"2"	"2026-09-18 21:40:01"	""
"24rankings.link"	"true"	"0"	"58"	"0"	"0"	"0"	"2"	"2"	"2026-09-18 21:28:14"	""
"cvillico.com"	"true"	"0"	"41"	"0"	"0"	"0"	"2"	"2"	"2026-08-31 05:19:43"	""
"guestbacklink.link"	"true"	"0"	"57"	"0"	"0"	"0"	"2"	"2"	"2026-09-21 02:44:07"	""
"gofreebacklinks.link"	"true"	"0"	"59"	"0"	"0"	"0"	"2"	"2"	"2026-09-23 12:37:58"	""
"7-seo.link"	"true"	"0"	"64"	"0"	"0"	"0"	"2"	"2"	"2026-09-21 00:42:41"	""
"backlinkindia.link"	"true"	"0"	"58"	"0"	"0"	"0"	"2"	"2"	"2026-09-20 21:17:43"	""
"backlinkfreeseo.link"	"true"	"0"	"58"	"0"	"0"	"0"	"2"	"2"	"2026-09-22 06:35:10"	""
"crinto.shop"	"true"	"0"	"36"	"0"	"0"	"0"	"2"	"2"	"2026-09-18 05:13:27"	""
"fralto.shop"	"true"	"0"	"12"	"0"	"0"	"0"	"2"	"2"	"2026-09-13 21:17:00"	""
"dacheckerforfree.space"	"true"	"0"	"32"	"0"	"0"	"0"	"2"	"2"	"2026-09-18 18:47:14"	""
"checkdomainbacklinks.space"	"true"	"0"	"34"	"0"	"0"	"0"	"2"	"2"	"2026-09-19 03:26:40"	""
"checkdomainauthority.space"	"true"	"0"	"34"	"0"	"0"	"0"	"2"	"2"	"2026-09-18 20:47:10"	""
"dapacheckerbulk.space"	"true"	"0"	"31"	"0"	"1"	"1"	"2"	"2"	"2026-09-20 04:23:36"	""
"rankcheckerwebsite.space"	"true"	"0"	"34"	"0"	"0"	"0"	"2"	"2"	"2026-09-18 06:04:50"	""
"dapaonlinechecker.space"	"true"	"0"	"34"	"0"	"0"	"0"	"2"	"2"	"2026-09-19 02:16:46"	""
"domainpadachecker.space"	"true"	"0"	"34"	"0"	"0"	"0"	"2"	"2"	"2026-09-23 16:42:09"	""
"quickseochecker.space"	"true"	"0"	"33"	"0"	"0"	"0"	"2"	"2"	"2026-09-19 03:08:00"	""
"domainlinkprofile.space"	"true"	"0"	"34"	"0"	"0"	"0"	"2"	"2"	"2026-09-22 15:39:24"	""
"dapacheckermass.space"	"true"	"0"	"31"	"0"	"0"	"0"	"2"	"2"	"2026-09-18 20:10:33"	""
"pagebacklinkchecker.space"	"true"	"0"	"33"	"0"	"0"	"0"	"2"	"2"	"2026-09-20 01:32:09"	""
"pageauthoritylookup.space"	"true"	"0"	"35"	"0"	"0"	"0"	"2"	"2"	"2026-09-18 17:34:50"	""
"domaindachecker.space"	"true"	"0"	"33"	"0"	"0"	"0"	"2"	"2"	"2026-09-19 03:46:10"	""
"rankingcheckerfree.space"	"true"	"0"	"35"	"0"	"0"	"0"	"2"	"2"	"2026-09-18 09:26:58"	""
"backlinkurlchecker.space"	"true"	"0"	"33"	"0"	"0"	"0"	"2"	"2"	"2026-09-20 00:36:02"	""
"siterankingchecker.space"	"true"	"0"	"34"	"0"	"0"	"0"	"2"	"2"	"2026-09-19 03:58:35"	""
"bulkpachecker.space"	"true"	"0"	"33"	"0"	"0"	"0"	"2"	"2"	"2026-09-22 16:21:57"	""
"bulkbacklinkanalyzer.space"	"true"	"0"	"33"	"0"	"0"	"0"	"2"	"2"	"2026-09-18 14:41:18"	""
"seocheckers.space"	"true"	"0"	"34"	"0"	"0"	"0"	"2"	"2"	"2026-09-18 22:54:30"	""
"seorankingschecker.space"	"true"	"0"	"33"	"0"	"0"	"0"	"2"	"2"	"2026-09-18 19:00:21"	""
"bulkbacklinkreport.space"	"true"	"0"	"32"	"0"	"0"	"0"	"2"	"2"	"2026-09-18 13:18:13"	""
"freewebsitechecker.space"	"true"	"0"	"33"	"0"	"0"	"0"	"2"	"2"	"2026-09-19 03:40:09"	""
"baclinkchecker.space"	"true"	"0"	"32"	"0"	"0"	"0"	"2"	"2"	"2026-09-19 02:05:25"	""
"bulkdacheckertools.space"	"true"	"0"	"33"	"0"	"0"	"0"	"2"	"2"	"2026-09-18 14:13:20"	""
"seorankcheckerfree.space"	"true"	"0"	"33"	"0"	"0"	"0"	"2"	"2"	"2026-09-19 01:01:02"	""
"onlinewebsitechecker.space"	"true"	"0"	"33"	"0"	"0"	"0"	"2"	"2"	"2026-09-23 04:12:45"	""
"massdapachecker.space"	"true"	"0"	"32"	"0"	"0"	"0"	"2"	"2"	"2026-09-19 01:48:11"	""
"multidapachecker.space"	"true"	"0"	"35"	"0"	"0"	"0"	"2"	"2"	"2026-09-23 13:28:42"	""
"freedadrchecker.space"	"true"	"0"	"34"	"0"	"14"	"2"	"2"	"2"	"2026-09-18 21:54:29"	""
"backlinkscheckerseo.space"	"true"	"0"	"34"	"0"	"0"	"0"	"2"	"2"	"2026-09-18 08:52:28"	""
"backlinksseochecker.space"	"true"	"0"	"34"	"0"	"0"	"0"	"2"	"2"	"2026-09-19 03:23:01"	""
"rankchecker.space"	"true"	"0"	"34"	"0"	"0"	"0"	"2"	"2"	"2026-09-18 10:48:12"	""
"findbacklinks.space"	"true"	"0"	"31"	"0"	"0"	"0"	"2"	"2"	"2026-09-18 23:55:00"	""
"freepachecker.space"	"true"	"0"	"32"	"0"	"0"	"0"	"2"	"2"	"2026-09-18 10:59:02"	""
"sitecheckerfree.space"	"true"	"0"	"34"	"0"	"0"	"0"	"2"	"2"	"2026-09-18 18:07:58"	""
"rankcheckertool.space"	"true"	"0"	"32"	"0"	"0"	"0"	"2"	"2"	"2026-09-23 07:53:22"	""
"cartermanageus.com"	"true"	"0"	"41"	"0"	"0"	"0"	"2"	"2"	"2026-09-10 17:43:34"	""
"cripio.shop"	"true"	"0"	"13"	"0"	"0"	"0"	"2"	"2"	"2026-09-07 17:28:38"	""
"nimto.shop"	"true"	"0"	"13"	"0"	"0"	"0"	"2"	"2"	"2026-09-18 21:13:25"	""
"dapio.shop"	"true"	"0"	"12"	"0"	"0"	"0"	"2"	"2"	"2026-09-11 08:03:15"	""
"fashionclothingnews.com"	"true"	"0"	"38"	"0"	"0"	"0"	"2"	"2"	"2026-08-24 23:33:03"	""
"indexrixa.shop"	"true"	"0"	"15"	"0"	"0"	"0"	"2"	"0"	"2026-09-28 21:54:05"	""
"strongseohub.shop"	"true"	"0"	"17"	"0"	"0"	"0"	"2"	"0"	"2026-09-28 23:55:28"	""
"nextseolink.shop"	"true"	"0"	"15"	"0"	"0"	"0"	"2"	"0"	"2026-09-28 22:14:01"	""
"rapidboosthub.shop"	"true"	"0"	"15"	"0"	"0"	"0"	"2"	"0"	"2026-09-28 23:30:27"	""
"seomiro.shop"	"true"	"0"	"15"	"0"	"0"	"0"	"2"	"0"	"2026-09-28 23:02:59"	""
"nokvio.shop"	"true"	"0"	"11"	"0"	"0"	"0"	"2"	"2"	"2026-09-18 23:14:45"	""
"plavo.shop"	"true"	"0"	"12"	"0"	"0"	"0"	"2"	"2"	"2026-09-09 08:28:05"	""
"murvi.shop"	"true"	"0"	"13"	"0"	"0"	"0"	"2"	"2"	"2026-09-18 17:02:40"	""
"brinto.shop"	"true"	"0"	"14"	"0"	"0"	"0"	"2"	"2"	"2026-09-11 19:15:38"	""
"bramo.shop"	"true"	"0"	"17"	"0"	"0"	"0"	"2"	"2"	"2026-09-10 14:30:44"	""
"easyseolink.shop"	"true"	"0"	"11"	"0"	"0"	"0"	"2"	"0"	"2026-09-28 23:48:47"	""
"murvix.shop"	"true"	"0"	"11"	"0"	"0"	"0"	"2"	"2"	"2026-09-16 01:48:16"	""
"steadyranklab.shop"	"true"	"0"	"11"	"0"	"0"	"0"	"2"	"0"	"2026-09-28 22:59:14"	""
"itsyourgold.com"	"true"	"0"	"36"	"0"	"0"	"0"	"2"	"2"	"2026-08-13 16:45:34"	""
"ryanssearch.com"	"false"	"0"	"113"	"3849"	"2"	"1"	"3"	"3"	"2021-09-08 17:55:57"	""
"orvelo.shop"	"true"	"0"	"12"	"0"	"0"	"0"	"2"	"2"	"2026-09-14 07:22:06"	""
"mervi.shop"	"true"	"0"	"12"	"0"	"0"	"0"	"2"	"2"	"2026-09-01 02:46:12"	""
"flenro.shop"	"true"	"0"	"13"	"0"	"0"	"0"	"2"	"2"	"2026-09-18 02:46:06"	""
"cinvo.shop"	"true"	"0"	"12"	"0"	"0"	"0"	"2"	"2"	"2026-09-01 20:26:29"	""
"juvex.shop"	"true"	"0"	"10"	"0"	"0"	"0"	"2"	"2"	"2026-09-07 08:19:56"	""
"newblogerseo.com"	"true"	"0"	"33"	"115406261"	"0"	"0"	"2"	"2"	"2026-09-09 23:18:26"	""
"dreamscometroup.com"	"true"	"0"	"36"	"43"	"0"	"0"	"1"	"0"	"2026-10-02 22:18:42"	""
"plenko.shop"	"true"	"0"	"8"	"0"	"0"	"0"	"2"	"2"	"2026-09-18 15:00:06"	""
"mailbat.com"	"true"	"0"	"32"	"0"	"0"	"0"	"2"	"0"	"2026-09-12 15:14:06"	""
"repairhomeexperts.com"	"true"	"0"	"46"	"29004"	"0"	"0"	"2"	"0"	"2026-05-15 16:31:57"	""
"pinqube.com"	"false"	"0"	"0"	"0"	"32"	"14"	"3"	"3"	"2026-08-19 03:26:30"	""
"usabuildingsuppliers.com"	"false"	"0"	"30"	"64"	"25"	"9"	"1"	"0"	"2022-11-08 20:28:03"	""
"indexvora.shop"	"true"	"0"	"0"	"0"	"0"	"0"	"2"	"0"	"2026-09-29 00:19:28"	""
"localshutters.net"	"true"	"0"	"25"	"0"	"0"	"0"	"4"	"0"	"2025-08-19 00:44:39"	""
"sharpseolink.shop"	"true"	"0"	"0"	"0"	"0"	"0"	"2"	"0"	"2026-09-28 17:51:06"	""
"nextfounder.it"	"false"	"0"	"0"	"0"	"0"	"0"	"1"	"1"	"2026-06-20 12:59:46"	""
"beihaishitrade.com"	"false"	"0"	"0"	"0"	"0"	"1"	"2"	"2"	"2025-03-30 12:01:53"	""
"cleanseolink.shop"	"true"	"0"	"0"	"0"	"0"	"0"	"2"	"0"	"2026-09-29 01:15:13"	""
"pureranklab.shop"	"true"	"0"	"0"	"0"	"0"	"0"	"2"	"0"	"2026-09-29 00:31:36"	""
"pureseohub.shop"	"true"	"0"	"0"	"0"	"0"	"0"	"2"	"0"	"2026-09-29 00:34:48"	""
"nextboosthub.shop"	"true"	"0"	"0"	"0"	"0"	"0"	"2"	"0"	"2026-09-28 18:50:22"	""
"cleanseohub.shop"	"true"	"0"	"0"	"0"	"0"	"0"	"2"	"0"	"2026-09-28 23:20:22"	""
"serpqira.shop"	"true"	"0"	"0"	"0"	"0"	"0"	"2"	"0"	"2026-09-29 00:05:55"	""
"rankrivo.shop"	"true"	"0"	"0"	"0"	"0"	"0"	"2"	"0"	"2026-09-29 00:28:16"	""
"serpqaro.shop"	"true"	"0"	"0"	"0"	"0"	"0"	"2"	"0"	"2026-09-28 23:41:27"	""
"seotexa.shop"	"true"	"0"	"0"	"0"	"0"	"0"	"2"	"0"	"2026-09-28 22:56:59"	""
"seoqano.shop"	"true"	"0"	"0"	"0"	"0"	"0"	"2"	"0"	"2026-09-29 00:17:28"	""
"crawlviro.shop"	"true"	"0"	"0"	"0"	"0"	"0"	"2"	"0"	"2026-09-28 22:36:27"	""
"writeradar.com"	"false"	"0"	"0"	"0"	"0"	"0"	"2"	"0"	"2026-08-25 04:43:32"	""
"nimbra.shop"	"true"	"0"	"0"	"0"	"0"	"0"	"2"	"2"	"2026-09-18 14:38:17"	""
"rapidseolink.shop"	"true"	"0"	"0"	"0"	"0"	"0"	"2"	"0"	"2026-09-28 23:02:08"	""
"crawlvexa.shop"	"true"	"0"	"0"	"0"	"0"	"0"	"2"	"0"	"2026-09-28 23:12:12"	""
"indexzira.shop"	"true"	"0"	"0"	"0"	"0"	"0"	"2"	"0"	"2026-09-28 20:20:13"	""
"linktexa.shop"	"true"	"0"	"0"	"0"	"0"	"0"	"2"	"0"	"2026-09-28 22:23:16"	""
"rankqira.shop"	"true"	"0"	"0"	"0"	"0"	"0"	"2"	"0"	"2026-09-28 22:36:22"	""
"cleanranklab.shop"	"true"	"0"	"0"	"0"	"0"	"0"	"2"	"0"	"2026-09-28 23:27:45"	""
"boldseohub.shop"	"true"	"0"	"0"	"0"	"0"	"0"	"2"	"0"	"2026-09-28 21:25:52"	""
"customerservicetrust.com"	"false"	"0"	"29"	"214484"	"0"	"0"	"2"	"2"	"2026-05-18 23:44:26"	""
"corvio.shop"	"true"	"0"	"0"	"0"	"0"	"0"	"2"	"2"	"2026-09-16 22:39:29"	""
"crawllivo.shop"	"true"	"0"	"0"	"0"	"0"	"0"	"2"	"0"	"2026-09-28 21:42:39"	""
"contentreach.shop"	"true"	"0"	"0"	"0"	"0"	"0"	"2"	"0"	"2026-09-28 22:34:11"	""
"growthfront.shop"	"true"	"0"	"0"	"0"	"0"	"0"	"2"	"0"	"2026-09-28 22:59:04"	""
"crispseolink.shop"	"true"	"0"	"0"	"0"	"0"	"0"	"2"	"0"	"2026-09-28 21:44:14"	""
"crispseohub.shop"	"true"	"0"	"0"	"0"	"0"	"0"	"2"	"0"	"2026-09-28 23:27:16"	""
"solidboosthub.shop"	"true"	"0"	"0"	"0"	"0"	"0"	"2"	"0"	"2026-09-28 23:15:06"	""
"quickranklab.shop"	"true"	"0"	"0"	"0"	"0"	"0"	"2"	"0"	"2026-09-28 22:58:42"	""
"organicreach.shop"	"true"	"0"	"0"	"0"	"0"	"0"	"2"	"0"	"2026-09-29 01:11:09"	""
"seozaro.shop"	"true"	"0"	"0"	"0"	"0"	"0"	"2"	"0"	"2026-09-28 19:12:48"	""
"fastranklab.shop"	"true"	"0"	"0"	"0"	"0"	"0"	"2"	"0"	"2026-09-28 22:29:40"	""
"rankmiro.shop"	"true"	"0"	"0"	"0"	"0"	"0"	"2"	"0"	"2026-09-28 23:56:42"	""
"seoqaro.shop"	"true"	"0"	"0"	"0"	"0"	"0"	"2"	"0"	"2026-09-28 22:57:49"	""
"boldlinkpro.shop"	"true"	"0"	"0"	"0"	"0"	"0"	"2"	"0"	"2026-09-28 22:01:15"	""
"indexlivo.shop"	"true"	"0"	"0"	"0"	"0"	"0"	"2"	"0"	"2026-09-28 23:26:11"	""
"indexnaro.shop"	"true"	"0"	"0"	"0"	"0"	"0"	"2"	"0"	"2026-09-29 00:40:18"	""
"solidranklab.shop"	"true"	"0"	"0"	"0"	"0"	"0"	"2"	"0"	"2026-09-28 23:48:43"	""
"pamto.shop"	"true"	"0"	"0"	"0"	"0"	"0"	"2"	"2"	"2026-09-18 02:20:55"	""
"easyseohub.shop"	"true"	"0"	"0"	"0"	"0"	"0"	"2"	"0"	"2026-09-28 23:10:43"	""
"indexvexa.shop"	"true"	"0"	"0"	"0"	"0"	"0"	"2"	"0"	"2026-09-28 22:18:05"	""
"serpxaro.shop"	"true"	"0"	"0"	"0"	"0"	"0"	"2"	"0"	"2026-09-28 23:01:37"	""
"trendspotdirectory.com"	"false"	"0"	"0"	"0"	"0"	"1"	"1"	"0"	"2026-05-15 10:31:16"	""
"youaskedme.com"	"false"	"0"	"28"	"914"	"0"	"0"	"1"	"1"	"2024-01-01 07:10:02"	""
"indexxaro.shop"	"true"	"0"	"0"	"0"	"0"	"0"	"2"	"0"	"2026-09-29 00:57:30"	""
"windowdoor-test.com"	"false"	"0"	"0"	"0"	"0"	"0"	"12"	"12"	"2024-01-12 14:25:30"	""
"ranknaro.shop"	"true"	"0"	"0"	"0"	"0"	"0"	"2"	"0"	"2026-09-28 23:11:14"	""
"solidlinkpro.shop"	"true"	"0"	"0"	"0"	"0"	"0"	"2"	"0"	"2026-09-28 22:21:29"	""
"rankingroot.shop"	"true"	"0"	"0"	"0"	"0"	"0"	"2"	"0"	"2026-09-29 01:14:07"	""
"rankvilo.shop"	"true"	"0"	"0"	"0"	"0"	"0"	"2"	"0"	"2026-09-28 22:35:01"	""
"cinto.shop"	"true"	"0"	"0"	"0"	"0"	"0"	"2"	"2"	"2026-09-18 19:33:03"	""
"crawlvora.shop"	"true"	"0"	"0"	"0"	"0"	"0"	"2"	"0"	"2026-09-28 15:03:16"	""
"indexviro.shop"	"true"	"0"	"0"	"0"	"0"	"0"	"2"	"0"	"2026-09-29 00:26:19"	""
"vividlinkpro.shop"	"true"	"0"	"0"	"0"	"0"	"0"	"2"	"0"	"2026-09-28 22:33:40"	""
"boldseolink.shop"	"true"	"0"	"0"	"0"	"0"	"0"	"2"	"0"	"2026-09-29 00:32:53"	""
"rankqano.shop"	"true"	"0"	"0"	"0"	"0"	"0"	"2"	"0"	"2026-09-28 22:27:56"	""
"trueranklab.shop"	"true"	"0"	"0"	"0"	"0"	"0"	"2"	"0"	"2026-09-28 22:24:16"	""
"indexqira.shop"	"true"	"0"	"0"	"0"	"0"	"0"	"2"	"0"	"2026-09-29 00:50:06"	""
"quicklinkpro.shop"	"true"	"0"	"0"	"0"	"0"	"0"	"2"	"0"	"2026-09-29 00:28:23"	""
"justgotlive.com"	"false"	"0"	"0"	"0"	"0"	"0"	"1"	"1"	"2026-10-03 17:34:22"	""
"serpzira.shop"	"true"	"0"	"0"	"0"	"0"	"0"	"2"	"0"	"2026-09-28 23:39:49"	""
"smartseohub.shop"	"true"	"0"	"0"	"0"	"0"	"0"	"2"	"0"	"2026-09-28 23:31:21"	""
"cleanlinkpro.shop"	"true"	"0"	"0"	"0"	"0"	"0"	"2"	"0"	"2026-09-28 22:38:13"	""
"seomexa.shop"	"true"	"0"	"0"	"0"	"0"	"0"	"2"	"0"	"2026-09-28 22:14:41"	""
