name_source,anchor,url_from,url_to,title,is_dofollow,is_content,links_external,page_category_source,snippet_left,snippet_right,first_seen_link,domain_rating_source
graphiq.ai,mightypr.com ↗,https://graphiq.ai/dossier/mighty-E-OvH0zBkMEuvCsz62u4wgA,https://justdrivemedia.com/,Mighty Headquarters & Office Locations | GraphIQ,1,0,6,"/Computers_and_Electronics/Enterprise_Technology/Customer_Relationship_Management_(CRM),/Business_and_Industrial/Business_Services/Consulting,/Reference/Directories_and_Listings/Business_and_Personal_Listings",,,2026-09-04T04:50:51Z,17.0
graphiq.ai,mightypr.com ↗,https://graphiq.ai/dossier/mighty-E-OvH0zBkMEuvCsz62u4wgA,http://justdrivemedia.com/,Mighty Headquarters & Office Locations | GraphIQ,1,0,6,"/Computers_and_Electronics/Enterprise_Technology/Customer_Relationship_Management_(CRM),/Business_and_Industrial/Business_Services/Consulting,/Reference/Directories_and_Listings/Business_and_Personal_Listings",,,2026-09-04T04:50:51Z,17.0
dailymusings.top,mightypr.com,https://dailymusings.top/stats/30525,http://justdrivemedia.com/,✅ Website Stats 📊,0,1,4182,"/Internet_and_Telecom/Web_Services/Web_Stats_and_Analytics,/Sports",click this over here now,&nbsp,2026-09-03T20:03:42Z,37.0
dailymusings.top,mightypr.com,https://dailymusings.top/stats/30525,https://justdrivemedia.com/,✅ Website Stats 📊,0,1,4182,"/Internet_and_Telecom/Web_Services/Web_Stats_and_Analytics,/Sports",click this over here now,&nbsp,2026-09-03T20:03:42Z,37.0
premium-dofollow-link-network.rankinghighseo.shop,"I remember when justdrivemedia.com was barely getting noticed online, with less than 200 visitors a month. After stumbling upon SEOExpress.org and their affordable SEO packages, things changed dramatically. Within three months, my traffic surged to over 3,500 monthly visitors and I found myself ranking for 20 new keywords. If you're looking for a budget-friendly option that delivers real results, ...",https://premium-dofollow-link-network.rankinghighseo.shop/there-was-a-time-when-i-struggled-to-rank-on-google-and-didnt-know-how-to-improve-it-thats-when-i-discovered-seoexpress-after-signing-up-for-their-backlink-services-my-domain-authority-soared-from-da,https://justdrivemedia.com/,"There Was a Time When I Struggled to Rank on Google and Didn’t Know How to Improve It. That’s When I Discovered SEOExpress.org! After Signing Up for Their Backlink Services, My Domain Authority Soared from DA 10 to DA 45 Within Three Months. Now I'm Receiving More Than Five Hundred Organic Visits Per Week! What an Incredible Journey ★★★★★ 🌟 — premium-dofollow-link-network.rankinghighseo.shop",0,0,4993,"/Internet_and_Telecom/Web_Services/Search_Engine_Optimization_and_Marketing,/Business_and_Industrial/Business_Services/Consulting",,,2026-09-03T18:04:42Z,48.0
contextual-link-building-network.simplywebshop.shop,"I remember when justdrivemedia.com was barely getting noticed online, with less than 200 visitors a month. After stumbling upon SEOExpress.org and their affordable SEO packages, things changed dramatically. Within three months, my traffic surged to over 3,500 monthly visitors and I found myself ranking for 20 new keywords. If you're looking for a budget-friendly option that delivers real results, ...",https://contextual-link-building-network.simplywebshop.shop/there-was-a-time-when-i-struggled-to-rank-on-google-and-didnt-know-how-to-improve-it-thats-when-i-discovered-seoexpress-after-signing-up-for-their-backlink-services-my-domain-authority-soared-from-da,https://justdrivemedia.com/,"There Was a Time When I Struggled to Rank on Google and Didn’t Know How to Improve It. That’s When I Discovered SEOExpress.org! After Signing Up for Their Backlink Services, My Domain Authority Soared from DA 10 to DA 45 Within Three Months. Now I'm Receiving More Than Five Hundred Organic Visits Per Week! What an Incredible Journey ★★★★★ 🌟 — contextual-link-building-network.simplywebshop.shop",0,0,4993,"/Internet_and_Telecom/Web_Services/Search_Engine_Optimization_and_Marketing,/Business_and_Industrial/Business_Services/Consulting",,,2026-09-03T17:50:57Z,48.0
seorankflow.shop,Flow DR improvement packages for justdrivemedia.com with real measurable results any niche,https://seorankflow.shop/4cxdzqi-consistent-flow-link-building-result-029-page-one-any-niche-worldwide,https://justdrivemedia.com/,seorankflow.shop — Flow Link Building Result 102: How Real Authority Links Delivered Page One Rankings in Any Niche,0,0,9590,"/Internet_and_Telecom/Web_Services/Search_Engine_Optimization_and_Marketing,/Business_and_Industrial/Advertising_and_Marketing/Marketing",,,2026-09-03T17:07:37Z,54.0
brilko.shop,High Quality Dofollow Backlinks DA 50 PA 40 Premium PBN Network Service mightypr.com Rank First Page Google Fast SEO Link Building Buy Backlinks Online Cheap,https://brilko.shop/high-quality-guest-post-service-to-boost-domain-authority-outrank-your-competitors-and-grow-your-business-online-f65142-2/,https://justdrivemedia.com/,"High Quality Guest Post Service to Boost Domain Authority. Outrank Your Competitors, and Grow Your Business Online.",1,1,256,"/Business_and_Industrial/Business_Services/E-Commerce_Services,/Internet_and_Telecom/Web_Services/Search_Engine_Optimization_and_Marketing",,,2026-09-03T16:19:56Z,0.1
brilko.shop,High Quality Dofollow Backlinks DA 50 PA 40 Premium PBN Network Service mightypr.com Rank First Page Google Fast SEO Link Building Buy Backlinks Online Cheap,https://brilko.shop/high-quality-guest-post-service-to-boost-domain-authority-outrank-your-competitors-and-grow-your-business-online-f65142-2/,http://justdrivemedia.com/,"High Quality Guest Post Service to Boost Domain Authority. Outrank Your Competitors, and Grow Your Business Online.",1,1,256,"/Business_and_Industrial/Business_Services/E-Commerce_Services,/Internet_and_Telecom/Web_Services/Search_Engine_Optimization_and_Marketing",,,2026-09-03T16:19:56Z,0.1
agile-footer-link-system-link-baron.store,"I remember when justdrivemedia.com was barely getting noticed online, with less than 200 visitors a month. After stumbling upon SEOExpress.org and their affordable SEO packages, things changed dramatically. Within three months, my traffic surged to over 3,500 monthly visitors and I found myself ranking for 20 new keywords. If you're looking for a budget-friendly option that delivers real results, ...",https://agile-footer-link-system-link-baron.store/there-was-a-time-when-i-struggled-to-rank-on-google-and-didnt-know-how-to-improve-it-thats-when-i-discovered-seoexpress-after-signing-up-for-their-backlink-services-my-domain-authority-soared-from-da,https://justdrivemedia.com/,"There Was a Time When I Struggled to Rank on Google and Didn’t Know How to Improve It. That’s When I Discovered SEOExpress.org! After Signing Up for Their Backlink Services, My Domain Authority Soared from DA 10 to DA 45 Within Three Months. Now I'm Receiving More Than Five Hundred Organic Visits Per Week! What an Incredible Journey ★★★★★ 🌟 — Agile Footer Link System Link Baron",0,0,4993,"/Internet_and_Telecom/Web_Services/Search_Engine_Optimization_and_Marketing,/Business_and_Industrial/Business_Services/Consulting",,,2026-09-03T14:51:21Z,48.0
backlinkmart.shop,"justdrivemedia.com: backlinks and guest posts, on-page SEO, local SEO, custom web development, SaaS integrations and automation tools, all driving sustained DR/DA/TF uplift with clean reporting.",https://backlinkmart.shop/4pwrpcd-tiered-link-building-page5-to-page1-travel-money-site-every-dollar-ranking-tracked,https://justdrivemedia.com/,"backlinkmart.shop — Best On-Page SEO for Dental in 2026 — I Compared 10 Providers by Metrics, Delivery, and ROI",0,0,9590,"/Internet_and_Telecom/Web_Services/Search_Engine_Optimization_and_Marketing,/Business_and_Industrial/Advertising_and_Marketing/Marketing",,,2026-09-03T07:55:59Z,0.7
www.domains.com.bz,mightypr.com,https://www.domains.com.bz/page/155824/,https://justdrivemedia.com/,Top Domains – Page 155824 – domains.com.bz,1,0,1265,"/Internet_and_Telecom/Web_Services/Web_Design_and_Development,/Business_and_Industrial/Business_Services,/Reference/Directories_and_Listings/Business_and_Personal_Listings",,,2026-09-03T00:07:21Z,29.0
www.domains.com.bz,mightypr.com,https://www.domains.com.bz/page/155824/,http://justdrivemedia.com/,Top Domains – Page 155824 – domains.com.bz,1,0,1265,"/Internet_and_Telecom/Web_Services/Web_Design_and_Development,/Business_and_Industrial/Business_Services,/Reference/Directories_and_Listings/Business_and_Personal_Listings",,,2026-09-03T00:07:21Z,29.0
ranklinkerpro.shop,Get mightypr.com smart link building improving all major SEO metrics together,https://ranklinkerpro.shop/3vapcud-smart-dr-boost-links-worth-every-penny/,http://justdrivemedia.com/,ranklinkerpro.shop — Smart Link Building Result 176: How Real Authority Links Delivered Page One Rankings in Any Niche,0,0,9813,"/Internet_and_Telecom/Web_Services/Search_Engine_Optimization_and_Marketing,/Business_and_Industrial/Advertising_and_Marketing/Marketing",,,2026-09-02T22:33:12Z,54.0
ranklinkerpro.shop,Get mightypr.com smart link building improving all major SEO metrics together,https://ranklinkerpro.shop/3vapcud-smart-dr-boost-links-worth-every-penny/,https://justdrivemedia.com/,ranklinkerpro.shop — Smart Link Building Result 176: How Real Authority Links Delivered Page One Rankings in Any Niche,0,0,9813,"/Internet_and_Telecom/Web_Services/Search_Engine_Optimization_and_Marketing,/Business_and_Industrial/Advertising_and_Marketing/Marketing",,,2026-09-02T22:33:12Z,54.0
mervi.shop,High Quality Dofollow Backlinks DA 50 PA 40 Premium PBN Network Service justdrivemedia.com Rank First Page Google Fast SEO Link Building Buy Backlinks Online Cheap,https://mervi.shop/crawl-index-network/premium-seo-authority-backlinks-to-boost-domain-authority-improve-google-rankings-for-competitive-serp-results-9cb489.html,https://justdrivemedia.com/,"Premium SEO Authority Backlinks to Boost Domain Authority. Improve Google Rankings, for Competitive SERP Results.",1,1,252,"/Internet_and_Telecom/Web_Services/Search_Engine_Optimization_and_Marketing,/Computers_and_Electronics,/Business_and_Industrial/Business_Services/E-Commerce_Services",,,2026-09-02T20:22:16Z,0.0
polva.shop,High Quality Dofollow Backlinks DA 50 PA 40 Premium PBN Network Service mightypr.com Rank First Page Google Fast SEO Link Building Buy Backlinks Online Cheap,https://polva.shop/authority-signals/proven-pbn-backlinks-designed-to-improve-da-dr-and-tf-build-lasting-authority-for-competitive-serp-results-d8933d.html,https://justdrivemedia.com/,"Proven PBN Backlinks Designed to Improve DA, DR and TF. Build Lasting Authority, for Competitive SERP Results.",1,1,256,"/Internet_and_Telecom/Web_Services/Search_Engine_Optimization_and_Marketing,/Computers_and_Electronics/Networking/Networking_Equipment,/Business_and_Industrial/Business_Services/E-Commerce_Services",,,2026-09-02T16:55:58Z,0.0
polva.shop,High Quality Dofollow Backlinks DA 50 PA 40 Premium PBN Network Service mightypr.com Rank First Page Google Fast SEO Link Building Buy Backlinks Online Cheap,https://polva.shop/authority-signals/proven-pbn-backlinks-designed-to-improve-da-dr-and-tf-build-lasting-authority-for-competitive-serp-results-d8933d.html,http://justdrivemedia.com/,"Proven PBN Backlinks Designed to Improve DA, DR and TF. Build Lasting Authority, for Competitive SERP Results.",1,1,256,"/Internet_and_Telecom/Web_Services/Search_Engine_Optimization_and_Marketing,/Computers_and_Electronics/Networking/Networking_Equipment,/Business_and_Industrial/Business_Services/E-Commerce_Services",,,2026-09-02T16:55:58Z,0.0
toprankauthority.shop,"justdrivemedia.com gets guest posts and backlinks, on-page SEO, local SEO, web development, SaaS integrations and automation tools, together driving steady DR/DA/TF growth with proven results. The complete process includes website review, competitor benchmarking, anchor-risk control, placement validation, and practical growth recommendations. · Top Rank Authority — An authority-focused platform ...",https://toprankauthority.shop/b0854d5a4-do-press-release-links-still-work-2025-ymyl-tested-10-placements-tracked-practical-execution-roadmap-authority-traffic-and-conversions-for-higher-search-visibility/,https://justdrivemedia.com/,"Top Rank Authority — An authority-focused platform for top-position SEO, competitive visibility and ranking growth for stronger rankings and sustainable organic visibility — How Local SEO Helped My Crypto Site rebuilt DR after a domain migration — The Complete Case Study With Full Data Transparency — Along With step-by-step optimization guidance, budget allocation guidance, and repeatable SEO takeaways",0,0,7722,"/Internet_and_Telecom/Web_Services/Search_Engine_Optimization_and_Marketing,/Business_and_Industrial/Advertising_and_Marketing/Marketing",,,2026-09-02T08:09:00Z,0.1
www.websitescrawl.art,justdrivemedia.com,http://www.websitescrawl.art/page-c3ccf24a9bb7c02b186ada0484b200fb.html,http://justdrivemedia.com/,Where to buy 🚀 aged domains and backlinks 🔥 from www.websitescrawl.art| 3249-7021,1,0,9997,"/Internet_and_Telecom/Web_Services/Search_Engine_Optimization_and_Marketing,/Business_and_Industrial/Advertising_and_Marketing/Marketing,/Online_Communities",justdriveme.com justdrivemearound.com,justdrivemgmt.com justdrivemi.com,2026-09-02T06:22:02Z,1.1
optimizeflow.top,justdrivemedia.com,https://optimizeflow.top/stats/9665,https://justdrivemedia.com/,✅ Website Stats 📊,0,1,4142,"/Internet_and_Telecom/Web_Services/Web_Design_and_Development,/Sports/Team_Sports",see this here,&nbsp,2026-09-01T13:12:14Z,37.0
bripto.shop,High Quality Dofollow Backlinks DA 50 PA 40 Premium PBN Network Service mightypr.com Rank First Page Google Fast SEO Link Building Buy Backlinks Online Cheap,https://bripto.shop/high-quality-guest-post-service-to-boost-domain-authority-outrank-your-competitors-and-grow-your-business-online-f65142-2/,http://justdrivemedia.com/,"High Quality Guest Post Service to Boost Domain Authority. Outrank Your Competitors, and Grow Your Business Online.",1,1,256,"/Business_and_Industrial/Business_Services/E-Commerce_Services,/Internet_and_Telecom/Web_Services/Search_Engine_Optimization_and_Marketing",,,2026-09-01T13:07:37Z,0.6
bripto.shop,High Quality Dofollow Backlinks DA 50 PA 40 Premium PBN Network Service mightypr.com Rank First Page Google Fast SEO Link Building Buy Backlinks Online Cheap,https://bripto.shop/high-quality-guest-post-service-to-boost-domain-authority-outrank-your-competitors-and-grow-your-business-online-f65142-2/,https://justdrivemedia.com/,"High Quality Guest Post Service to Boost Domain Authority. Outrank Your Competitors, and Grow Your Business Online.",1,1,256,"/Business_and_Industrial/Business_Services/E-Commerce_Services,/Internet_and_Telecom/Web_Services/Search_Engine_Optimization_and_Marketing",,,2026-09-01T13:07:37Z,0.6
analyticshaven.top,mightypr.com,https://analyticshaven.top/stats/30525,http://justdrivemedia.com/,✅ Website Stats 📊,0,1,4177,"/Internet_and_Telecom/Web_Services/Web_Design_and_Development,/Business_and_Industrial,/Sports/Team_Sports",click this over here now,&nbsp,2026-09-01T12:34:40Z,39.0
analyticshaven.top,mightypr.com,https://analyticshaven.top/stats/30525,https://justdrivemedia.com/,✅ Website Stats 📊,0,1,4177,"/Internet_and_Telecom/Web_Services/Web_Design_and_Development,/Business_and_Industrial,/Sports/Team_Sports",click this over here now,&nbsp,2026-09-01T12:34:40Z,39.0
fastlifesite.com,High Quality Dofollow Backlinks DA 50 PA 40 Premium PBN Network Service justdrivemedia.com Rank First Page Google Fast SEO Link Building Buy Backlinks Online Cheap,https://fastlifesite.com/all/1563/25.html,https://justdrivemedia.com/,🏆🏆Boost your Google rankings with Premium PBN & Link Building🏆🏆,1,0,3615,"/Internet_and_Telecom/Service_Providers/ISPs,/Reference/Directories_and_Listings/Business_and_Personal_Listings,/Business_and_Industrial",,,2026-09-01T12:18:21Z,10.0
byteshort.xyz,justdrivemedia.com,https://byteshort.xyz/report/9665,https://justdrivemedia.com/,👲 Domain Report 👲,0,1,4139,"/Business_and_Industrial,/Internet_and_Telecom/Web_Services/Web_Design_and_Development,/Computers_and_Electronics",see this here,&nbsp,2026-09-01T05:03:47Z,41.0
brilko.shop,High Quality Dofollow Backlinks DA 50 PA 40 Premium PBN Network Service justdrivemedia.com Rank First Page Google Fast SEO Link Building Buy Backlinks Online Cheap,https://brilko.shop/effective-manual-outreach-backlinks-for-higher-da-and-dr-scores-strengthen-website-reputation-across-every-niche-and-market-f53167-11/,https://justdrivemedia.com/,"Effective Manual Outreach Backlinks for Higher DA and DR Scores. Strengthen Website Reputation, Across Every Niche and Market.",1,1,251,"/Internet_and_Telecom/Web_Services/Web_Stats_and_Analytics,/Business_and_Industrial/Business_Services/E-Commerce_Services,/Computers_and_Electronics/Networking/Data_Formats_and_Protocols",,,2026-08-31T19:12:11Z,0.1
fastlifesite.com,High Quality Dofollow Backlinks DA 50 PA 40 Premium PBN Network Service mightypr.com Rank First Page Google Fast SEO Link Building Buy Backlinks Online Cheap,https://fastlifesite.com/all/1915/32.html,https://justdrivemedia.com/,🏆🏆Boost your Google rankings with Premium PBN & Link Building🏆🏆,1,0,3728,"/Internet_and_Telecom/Service_Providers/ISPs,/Reference/Directories_and_Listings/Business_and_Personal_Listings,/Business_and_Industrial",,,2026-08-31T18:57:42Z,10.0
fastlifesite.com,High Quality Dofollow Backlinks DA 50 PA 40 Premium PBN Network Service mightypr.com Rank First Page Google Fast SEO Link Building Buy Backlinks Online Cheap,https://fastlifesite.com/all/1915/32.html,http://justdrivemedia.com/,🏆🏆Boost your Google rankings with Premium PBN & Link Building🏆🏆,1,0,3728,"/Internet_and_Telecom/Service_Providers/ISPs,/Reference/Directories_and_Listings/Business_and_Personal_Listings,/Business_and_Industrial",,,2026-08-31T18:57:42Z,10.0
forvi.shop,High Quality Dofollow Backlinks DA 50 PA 40 Premium PBN Network Service mightypr.com Rank First Page Google Fast SEO Link Building Buy Backlinks Online Cheap,https://forvi.shop/serp-growth-network/advanced-niche-edit-links-to-strengthen-your-link-profile-grow-search-traffic-with-safe-link-velocity-48b7e1.html,https://justdrivemedia.com/,"Advanced Niche Edit Links to Strengthen Your Link Profile. Grow Search Traffic, with Safe Link Velocity.",1,1,255,"/Internet_and_Telecom/Web_Services/Search_Engine_Optimization_and_Marketing,/Computers_and_Electronics/Networking/Network_Monitoring_and_Management,/Business_and_Industrial/Business_Services",,,2026-08-31T14:59:10Z,0.0
forvi.shop,High Quality Dofollow Backlinks DA 50 PA 40 Premium PBN Network Service mightypr.com Rank First Page Google Fast SEO Link Building Buy Backlinks Online Cheap,https://forvi.shop/serp-growth-network/advanced-niche-edit-links-to-strengthen-your-link-profile-grow-search-traffic-with-safe-link-velocity-48b7e1.html,http://justdrivemedia.com/,"Advanced Niche Edit Links to Strengthen Your Link Profile. Grow Search Traffic, with Safe Link Velocity.",1,1,255,"/Internet_and_Telecom/Web_Services/Search_Engine_Optimization_and_Marketing,/Computers_and_Electronics/Networking/Network_Monitoring_and_Management,/Business_and_Industrial/Business_Services",,,2026-08-31T14:59:10Z,0.0
juvex.shop,High Quality Dofollow Backlinks DA 50 PA 40 Premium PBN Network Service mightypr.com Rank First Page Google Fast SEO Link Building Buy Backlinks Online Cheap,https://juvex.shop/indexation-directory/advanced-seo-authority-backlinks-designed-to-improve-da-dr-and-tf-build-lasting-authority-and-grow-your-business-online-ab30d8.html,https://justdrivemedia.com/,"Advanced SEO Authority Backlinks Designed to Improve DA, DR and TF. Build Lasting Authority, and Grow Your Business Online.",1,1,256,"/Internet_and_Telecom/Web_Services/Search_Engine_Optimization_and_Marketing,/Business_and_Industrial/Advertising_and_Marketing/Marketing",,,2026-08-31T13:11:02Z,0.0
juvex.shop,High Quality Dofollow Backlinks DA 50 PA 40 Premium PBN Network Service mightypr.com Rank First Page Google Fast SEO Link Building Buy Backlinks Online Cheap,https://juvex.shop/indexation-directory/advanced-seo-authority-backlinks-designed-to-improve-da-dr-and-tf-build-lasting-authority-and-grow-your-business-online-ab30d8.html,http://justdrivemedia.com/,"Advanced SEO Authority Backlinks Designed to Improve DA, DR and TF. Build Lasting Authority, and Grow Your Business Online.",1,1,256,"/Internet_and_Telecom/Web_Services/Search_Engine_Optimization_and_Marketing,/Business_and_Industrial/Advertising_and_Marketing/Marketing",,,2026-08-31T13:11:02Z,0.0
plazop.com,justdrivemedia,https://plazop.com/website-list-1253/,https://justdrivemedia.com/,Directory Pages Index,1,0,7016,"/Internet_and_Telecom/Web_Services/Search_Engine_Optimization_and_Marketing,/Business_and_Industrial/Advertising_and_Marketing/Marketing",craymer friendsmatchme,palmdaze oi926,2026-08-31T10:53:55Z,0.0
dynamic-cooperative-link-baron-saas-seo.store,"I remember when justdrivemedia.com was barely getting noticed online, with less than 200 visitors a month. After stumbling upon SEOExpress.org and their affordable SEO packages, things changed dramatically. Within three months, my traffic surged to over 3,500 monthly visitors and I found myself ranking for 20 new keywords. If you're looking for a budget-friendly option that delivers real results, ...",https://dynamic-cooperative-link-baron-saas-seo.store/there-was-a-time-when-i-struggled-to-rank-on-google-and-didnt-know-how-to-improve-it-thats-when-i-discovered-seoexpress-after-signing-up-for-their-backlink-services-my-domain-authority-soared-from-da,https://justdrivemedia.com/,"There Was a Time When I Struggled to Rank on Google and Didn’t Know How to Improve It. That’s When I Discovered SEOExpress.org! After Signing Up for Their Backlink Services, My Domain Authority Soared from DA 10 to DA 45 Within Three Months. Now I'm Receiving More Than Five Hundred Organic Visits Per Week! What an Incredible Journey ★★★★★ 🌟 — Dynamic Cooperative Link Baron Saas Seo",0,0,4993,"/Internet_and_Telecom/Web_Services/Search_Engine_Optimization_and_Marketing,/Business_and_Industrial/Business_Services/Consulting",,,2026-08-31T09:36:35Z,48.0
plazop.com,mightypr,https://plazop.com/website-list-936/,http://justdrivemedia.com/,Directory Pages Index,1,0,7040,"/Internet_and_Telecom/Web_Services/Search_Engine_Optimization_and_Marketing,/Business_and_Industrial/Advertising_and_Marketing/Marketing",support hopestreetprov,redlara yerbaprima,2026-08-31T05:35:32Z,0.0
plazop.com,mightypr,https://plazop.com/website-list-936/,https://justdrivemedia.com/,Directory Pages Index,1,0,7040,"/Internet_and_Telecom/Web_Services/Search_Engine_Optimization_and_Marketing,/Business_and_Industrial/Advertising_and_Marketing/Marketing",support hopestreetprov,redlara yerbaprima,2026-08-31T05:35:32Z,0.0
www.mobileindustryreview.com,MightyPR,https://www.mobileindustryreview.com/what-pr-firm-do-you-recommend-with-mobile-experience/,http://justdrivemedia.com/?ref=mobileindustryreview.com,What PR firm do you recommend with mobile experience?,1,1,26,"/Business_and_Industrial/Advertising_and_Marketing/Public_Relations,/Internet_and_Telecom/Email_and_Messaging/Text_and_Instant_Messaging",,,2026-08-31T04:04:19Z,50.0
www.mobileindustryreview.com,MightyPR,https://www.mobileindustryreview.com/what-pr-firm-do-you-recommend-with-mobile-experience/,https://justdrivemedia.com/?ref=mobileindustryreview.com,What PR firm do you recommend with mobile experience?,1,1,26,"/Business_and_Industrial/Advertising_and_Marketing/Public_Relations,/Internet_and_Telecom/Email_and_Messaging/Text_and_Instant_Messaging",,,2026-08-31T04:04:19Z,50.0
www.homesforsaleoldgreenwichct.com,High Quality Dofollow Backlinks DA 50 PA 40 Premium PBN Network Service justdrivemedia.com Rank First Page Google Fast SEO Link Building Buy Backlinks Online Cheap,https://www.homesforsaleoldgreenwichct.com/all/1563/25.html,https://justdrivemedia.com/,🏆🏆Boost your Google rankings with Premium PBN & Link Building🏆🏆,1,0,3617,"/Internet_and_Telecom/Service_Providers/ISPs,/Reference/Directories_and_Listings/Business_and_Personal_Listings,/Business_and_Industrial",,,2026-08-30T15:34:39Z,23.0
cvillico.com,High Quality Dofollow Backlinks DA 50 PA 40 Premium PBN Network Service justdrivemedia.com Rank First Page Google Fast SEO Link Building Buy Backlinks Online Cheap,https://cvillico.com/all/1563/25.html,https://justdrivemedia.com/,🏆🏆Boost your Google rankings with Premium PBN & Link Building🏆🏆,1,0,3612,"/Internet_and_Telecom/Service_Providers/ISPs,/Reference/Directories_and_Listings/Business_and_Personal_Listings,/Business_and_Industrial",,,2026-08-30T11:38:34Z,0.0
pr-solution.martechoutlookeurope.com,Just Drive Media,https://pr-solution.martechoutlookeurope.com/vendors/toppr-agencies.html,https://justdrivemedia.com/,Top PR Agencies,1,0,27,"/Business_and_Industrial/Advertising_and_Marketing/Public_Relations,/Internet_and_Telecom",,,2026-08-30T09:25:01Z,12.0
www.homesforsaleoldgreenwichct.com,High Quality Dofollow Backlinks DA 50 PA 40 Premium PBN Network Service mightypr.com Rank First Page Google Fast SEO Link Building Buy Backlinks Online Cheap,https://www.homesforsaleoldgreenwichct.com/all/1915/32.html,http://justdrivemedia.com/,🏆🏆Boost your Google rankings with Premium PBN & Link Building🏆🏆,1,0,3728,"/Internet_and_Telecom/Service_Providers/ISPs,/Reference/Directories_and_Listings/Business_and_Personal_Listings,/Business_and_Industrial/Advertising_and_Marketing",,,2026-08-30T04:51:00Z,23.0
www.homesforsaleoldgreenwichct.com,High Quality Dofollow Backlinks DA 50 PA 40 Premium PBN Network Service mightypr.com Rank First Page Google Fast SEO Link Building Buy Backlinks Online Cheap,https://www.homesforsaleoldgreenwichct.com/all/1915/32.html,https://justdrivemedia.com/,🏆🏆Boost your Google rankings with Premium PBN & Link Building🏆🏆,1,0,3728,"/Internet_and_Telecom/Service_Providers/ISPs,/Reference/Directories_and_Listings/Business_and_Personal_Listings,/Business_and_Industrial/Advertising_and_Marketing",,,2026-08-30T04:51:00Z,23.0
byteshort.xyz,mightypr.com,https://byteshort.xyz/report/30525,http://justdrivemedia.com/,👲 Domain Report 👲,0,1,4180,"/Internet_and_Telecom/Web_Services/Web_Stats_and_Analytics,/Business_and_Industrial/Business_Services",click this over here now,&nbsp,2026-08-29T20:44:46Z,41.0
byteshort.xyz,mightypr.com,https://byteshort.xyz/report/30525,https://justdrivemedia.com/,👲 Domain Report 👲,0,1,4180,"/Internet_and_Telecom/Web_Services/Web_Stats_and_Analytics,/Business_and_Industrial/Business_Services",click this over here now,&nbsp,2026-08-29T20:44:46Z,41.0
brinto.shop,High Quality Dofollow Backlinks DA 50 PA 40 Premium PBN Network Service justdrivemedia.com Rank First Page Google Fast SEO Link Building Buy Backlinks Online Cheap,https://brinto.shop/effective-manual-outreach-backlinks-for-higher-da-and-dr-scores-strengthen-website-reputation-across-every-niche-and-market-f53167-11/,https://justdrivemedia.com/,"Effective Manual Outreach Backlinks for Higher DA and DR Scores. Strengthen Website Reputation, Across Every Niche and Market.",1,1,251,"/Internet_and_Telecom/Web_Services/Web_Stats_and_Analytics,/Business_and_Industrial/Business_Services/E-Commerce_Services,/Computers_and_Electronics/Networking/Data_Formats_and_Protocols",,,2026-08-29T13:47:43Z,0.0
www.yellowpages.com,Website,https://www.yellowpages.com/san-francisco-ca/night-clubs,http://justdrivemedia.com/,"Best 30 Night Clubs in San Francisco, CA with Reviews | The Real Yellow Pages®",0,0,64,"/Arts_and_Entertainment/Events_and_Listings/Bars,_Clubs_and_Nightlife,/Business_and_Industrial/Hospitality_Industry",,,2026-08-28T03:32:27Z,89.0
www.yellowpages.com,Website,https://www.yellowpages.com/san-francisco-ca/night-clubs,https://justdrivemedia.com/,"Best 30 Night Clubs in San Francisco, CA with Reviews | The Real Yellow Pages®",0,0,64,"/Arts_and_Entertainment/Events_and_Listings/Bars,_Clubs_and_Nightlife,/Business_and_Industrial/Hospitality_Industry",,,2026-08-28T03:32:27Z,89.0
mightypr.com,,https://mightypr.com/portfolio/,http://justdrivemedia.com/,,1,0,1,,,,2026-08-28T03:02:35Z,11.0
oppalerts.com,https://justdrivemedia.com/blog/5-questions-before-hiring-a-pr-agency,https://oppalerts.com/AI-Search-Visibility/pr-communications-agencies/content-queries-guides-best-practices/,https://justdrivemedia.com/blog/5-questions-before-hiring-a-pr-agency,"PR Communications Agencies, Research: Guides, Best Practices for AI Search Visibility & Ranking Factors | OppAlerts.com",0,1,5565,"/Business_and_Industrial/Advertising_and_Marketing/Marketing,/Internet_and_Telecom/Web_Services",,,2026-08-27T20:44:13Z,33.0
seowebsitesdirectory.com,mightypr,https://seowebsitesdirectory.com/most-visited-website-list-936/,http://justdrivemedia.com/,Most Visited website list 936 | Seo Websites Directory.com,1,0,7044,/Internet_and_Telecom/Web_Services/Search_Engine_Optimization_and_Marketing,,,2026-08-27T17:12:00Z,12.0
seowebsitesdirectory.com,mightypr,https://seowebsitesdirectory.com/most-visited-website-list-936/,https://justdrivemedia.com/,Most Visited website list 936 | Seo Websites Directory.com,1,0,7044,/Internet_and_Telecom/Web_Services/Search_Engine_Optimization_and_Marketing,,,2026-08-27T17:12:00Z,12.0
www.crunchbase.com,www.justdrivemedia.com,https://www.crunchbase.com/organization/just-drive-media/profiles_and_contacts,http://www.justdrivemedia.com/,Just Drive Media - Profiles & Contacts,0,1,10,"/Business_and_Industrial/Advertising_and_Marketing/Marketing,/Internet_and_Telecom/Web_Services",,,2026-08-27T12:43:21Z,91.0
www.crunchbase.com,www.justdrivemedia.com,https://www.crunchbase.com/organization/just-drive-media/profiles_and_contacts,https://www.justdrivemedia.com/,Just Drive Media - Profiles & Contacts,0,1,10,"/Business_and_Industrial/Advertising_and_Marketing/Marketing,/Internet_and_Telecom/Web_Services",,,2026-08-27T12:43:21Z,91.0
www.crunchbase.com,www.justdrivemedia.com,https://www.crunchbase.com/organization/just-drive-media/profiles_and_contacts,https://justdrivemedia.com/,Just Drive Media - Profiles & Contacts,0,1,10,"/Business_and_Industrial/Advertising_and_Marketing/Marketing,/Internet_and_Telecom/Web_Services",,,2026-08-27T12:43:21Z,91.0
www.zabasearch.com,mightypr.com,https://www.zabasearch.com/phone/9167477171/,https://justdrivemedia.com/,Owner Details for (916) 747-7171 Revealed | Zabasearch,1,0,102,"/Reference/Directories_and_Listings/Business_and_Personal_Listings,/Internet_and_Telecom/Service_Providers/Phone_Service_Providers,/Business_and_Industrial/Business_Services",,,2026-08-27T12:13:11Z,59.0
www.zabasearch.com,mightypr.com,https://www.zabasearch.com/phone/9167477171/,http://justdrivemedia.com/,Owner Details for (916) 747-7171 Revealed | Zabasearch,1,0,102,"/Reference/Directories_and_Listings/Business_and_Personal_Listings,/Internet_and_Telecom/Service_Providers/Phone_Service_Providers,/Business_and_Industrial/Business_Services",,,2026-08-27T12:13:11Z,59.0
webrankingsolutionbacklinks.com,http://www.justdrivemedia.com,https://webrankingsolutionbacklinks.com/bpbeatseo/,https://www.justdrivemedia.com/,Directory Pages Index,0,0,9999,"/Internet_and_Telecom/Web_Services/Search_Engine_Optimization_and_Marketing,/Business_and_Industrial/Business_Services,/Reference/Directories_and_Listings/Business_and_Personal_Listings",http://www.justdoitsj.com http://www.justdraftinginc.com,http://www.justducks.co.uk http://www.just-dynamics.co.za,2026-08-27T06:39:55Z,60.0
webrankingsolutionbacklinks.com,justdrivemedia.com,https://webrankingsolutionbacklinks.com/buydmxseo/,https://justdrivemedia.com/,Directory Pages Index,0,0,9999,"/Internet_and_Telecom/Web_Services/Search_Engine_Optimization_and_Marketing,/Business_and_Industrial/Advertising_and_Marketing/Marketing",justdoitsj.com justdowntheroad.com,just-eat.ca just-eat.co.uk,2026-08-27T05:33:29Z,60.0
smartwaydirectory.com,mightypr,https://smartwaydirectory.com/most-visited-website-list-936/,https://justdrivemedia.com/,Most Visited website list 936 | Smart Way Directory,1,0,7045,"/Internet_and_Telecom/Web_Services/Web_Design_and_Development,/Travel_and_Transportation,/Reference/Directories_and_Listings/Business_and_Personal_Listings",,,2026-08-26T20:36:20Z,51.0
smartwaydirectory.com,mightypr,https://smartwaydirectory.com/most-visited-website-list-936/,http://justdrivemedia.com/,Most Visited website list 936 | Smart Way Directory,1,0,7045,"/Internet_and_Telecom/Web_Services/Web_Design_and_Development,/Travel_and_Transportation,/Reference/Directories_and_Listings/Business_and_Personal_Listings",,,2026-08-26T20:36:20Z,51.0
worldtopbacklinks.com,justdrivemedia.com,https://worldtopbacklinks.com/betfmmseo/,https://justdrivemedia.com/,Directory Pages Index,0,0,9999,"/Internet_and_Telecom/Web_Services/Search_Engine_Optimization_and_Marketing,/Business_and_Industrial/Advertising_and_Marketing/Marketing",justdontsendflowers.com justdoproperty.com,just-eat.ca just-eat.co.uk,2026-08-26T18:12:38Z,60.0
worldtopbacklinks.com,justdrivemedia,https://worldtopbacklinks.com/hotonnseo/,https://justdrivemedia.com/,Directory Pages Index,0,0,9999,"/Internet_and_Telecom/Web_Services/Search_Engine_Optimization_and_Marketing,/Business_and_Industrial/Advertising_and_Marketing/Marketing,/Reference",craymer friendsmatchme,palmdaze oi926,2026-08-26T17:17:54Z,60.0
bestseobacklinkforsite.com,justdrivemedia.com,https://bestseobacklinkforsite.com/betfmmseo/,https://justdrivemedia.com/,Directory Pages Index,0,0,9999,"/Internet_and_Telecom/Web_Services/Search_Engine_Optimization_and_Marketing,/Business_and_Industrial/Advertising_and_Marketing/Marketing",justdontsendflowers.com justdoproperty.com,just-eat.ca just-eat.co.uk,2026-08-26T05:36:45Z,59.0
fashionclothingnews.com,High Quality Dofollow Backlinks DA 50 PA 40 Premium PBN Network Service mightypr.com Rank First Page Google Fast SEO Link Building Buy Backlinks Online Cheap,https://fashionclothingnews.com/all/1915/32.html,http://justdrivemedia.com/,🏆🏆Boost your Google rankings with Premium PBN & Link Building🏆🏆,1,0,3728,"/Internet_and_Telecom/Web_Services/Search_Engine_Optimization_and_Marketing,/Business_and_Industrial/Advertising_and_Marketing/Marketing,/Reference/Directories_and_Listings/Business_and_Personal_Listings",,,2026-08-26T02:18:03Z,0.0
fashionclothingnews.com,High Quality Dofollow Backlinks DA 50 PA 40 Premium PBN Network Service mightypr.com Rank First Page Google Fast SEO Link Building Buy Backlinks Online Cheap,https://fashionclothingnews.com/all/1915/32.html,https://justdrivemedia.com/,🏆🏆Boost your Google rankings with Premium PBN & Link Building🏆🏆,1,0,3728,"/Internet_and_Telecom/Web_Services/Search_Engine_Optimization_and_Marketing,/Business_and_Industrial/Advertising_and_Marketing/Marketing,/Reference/Directories_and_Listings/Business_and_Personal_Listings",,,2026-08-26T02:18:03Z,0.0
techbumppy.com,High Quality Dofollow Backlinks DA 50 PA 40 Premium PBN Network Service mightypr.com Rank First Page Google Fast SEO Link Building Buy Backlinks Online Cheap,https://techbumppy.com/all/1915/32.html,http://justdrivemedia.com/,🏆🏆Boost your Google rankings with Premium PBN & Link Building🏆🏆,1,0,3727,"/Internet_and_Telecom/Service_Providers/ISPs,/Reference/Directories_and_Listings/Business_and_Personal_Listings,/Business_and_Industrial",,,2026-08-25T22:32:11Z,2.2
techbumppy.com,High Quality Dofollow Backlinks DA 50 PA 40 Premium PBN Network Service mightypr.com Rank First Page Google Fast SEO Link Building Buy Backlinks Online Cheap,https://techbumppy.com/all/1915/32.html,https://justdrivemedia.com/,🏆🏆Boost your Google rankings with Premium PBN & Link Building🏆🏆,1,0,3727,"/Internet_and_Telecom/Service_Providers/ISPs,/Reference/Directories_and_Listings/Business_and_Personal_Listings,/Business_and_Industrial",,,2026-08-25T22:32:11Z,2.2
canadapsilocybin.com,High Quality Dofollow Backlinks DA 50 PA 40 Premium PBN Network Service justdrivemedia.com Rank First Page Google Fast SEO Link Building Buy Backlinks Online Cheap,https://canadapsilocybin.com/all/1563/25.html,https://justdrivemedia.com/,🏆🏆Boost your Google rankings with Premium PBN & Link Building🏆🏆,1,0,3614,"/Internet_and_Telecom/Service_Providers/ISPs,/Reference/Directories_and_Listings/Business_and_Personal_Listings,/Business_and_Industrial",,,2026-08-25T21:29:43Z,0.0
www.crunchbase.com,www.justdrivemedia.com,https://www.crunchbase.com/organization/just-drive-media/news_and_analysis,https://www.justdrivemedia.com/,Just Drive Media - News & Analysis,0,1,13,"/Business_and_Industrial/Advertising_and_Marketing/Marketing,/News/Business_News/Company_News,/Internet_and_Telecom/Web_Services/Web_Stats_and_Analytics",,,2026-08-25T20:46:22Z,91.0
www.crunchbase.com,www.justdrivemedia.com,https://www.crunchbase.com/organization/just-drive-media/news_and_analysis,http://www.justdrivemedia.com/,Just Drive Media - News & Analysis,0,1,13,"/Business_and_Industrial/Advertising_and_Marketing/Marketing,/News/Business_News/Company_News,/Internet_and_Telecom/Web_Services/Web_Stats_and_Analytics",,,2026-08-25T20:46:22Z,91.0
www.crunchbase.com,www.justdrivemedia.com,https://www.crunchbase.com/organization/just-drive-media/news_and_analysis,https://justdrivemedia.com/,Just Drive Media - News & Analysis,0,1,13,"/Business_and_Industrial/Advertising_and_Marketing/Marketing,/News/Business_News/Company_News,/Internet_and_Telecom/Web_Services/Web_Stats_and_Analytics",,,2026-08-25T20:46:22Z,91.0
digitalchatni.com,High Quality Dofollow Backlinks DA 50 PA 40 Premium PBN Network Service justdrivemedia.com Rank First Page Google Fast SEO Link Building Buy Backlinks Online Cheap,https://digitalchatni.com/all/1563/25.html,https://justdrivemedia.com/,🏆🏆Boost your Google rankings with Premium PBN & Link Building🏆🏆,1,0,3616,"/Internet_and_Telecom/Service_Providers/ISPs,/Reference/Directories_and_Listings/Business_and_Personal_Listings,/Business_and_Industrial",,,2026-08-25T17:25:12Z,0.1
fashionclothingnews.com,High Quality Dofollow Backlinks DA 50 PA 40 Premium PBN Network Service justdrivemedia.com Rank First Page Google Fast SEO Link Building Buy Backlinks Online Cheap,https://fashionclothingnews.com/all/1563/25.html,https://justdrivemedia.com/,🏆🏆Boost your Google rankings with Premium PBN & Link Building🏆🏆,1,0,3614,"/Internet_and_Telecom/Web_Services/Search_Engine_Optimization_and_Marketing,/Business_and_Industrial/Advertising_and_Marketing/Marketing,/Reference/Directories_and_Listings/Business_and_Personal_Listings",,,2026-08-25T16:00:19Z,0.0
brinto.shop,High Quality Dofollow Backlinks DA 50 PA 40 Premium PBN Network Service mightypr.com Rank First Page Google Fast SEO Link Building Buy Backlinks Online Cheap,https://brinto.shop/high-quality-guest-post-service-to-boost-domain-authority-outrank-your-competitors-and-grow-your-business-online-f65142-2/,https://justdrivemedia.com/,"High Quality Guest Post Service to Boost Domain Authority. Outrank Your Competitors, and Grow Your Business Online.",1,1,255,"/Business_and_Industrial/Business_Services/E-Commerce_Services,/Internet_and_Telecom/Web_Services/Search_Engine_Optimization_and_Marketing",,,2026-08-25T13:22:00Z,0.0
brinto.shop,High Quality Dofollow Backlinks DA 50 PA 40 Premium PBN Network Service mightypr.com Rank First Page Google Fast SEO Link Building Buy Backlinks Online Cheap,https://brinto.shop/high-quality-guest-post-service-to-boost-domain-authority-outrank-your-competitors-and-grow-your-business-online-f65142-2/,http://justdrivemedia.com/,"High Quality Guest Post Service to Boost Domain Authority. Outrank Your Competitors, and Grow Your Business Online.",1,1,255,"/Business_and_Industrial/Business_Services/E-Commerce_Services,/Internet_and_Telecom/Web_Services/Search_Engine_Optimization_and_Marketing",,,2026-08-25T13:22:00Z,0.0
friendlybacklinksbuy.com,http://www.justdrivemedia.com,https://friendlybacklinksbuy.com/bpbeatseo/,https://www.justdrivemedia.com/,Directory Pages Index,0,0,9999,"/Internet_and_Telecom/Web_Services/Search_Engine_Optimization_and_Marketing,/Business_and_Industrial/Business_Services,/Reference/Directories_and_Listings/Business_and_Personal_Listings",http://www.justdoitsj.com http://www.justdraftinginc.com,http://www.justducks.co.uk http://www.just-dynamics.co.za,2026-08-25T11:48:44Z,60.0
www.indexaward.com,justdrivemedia.com,https://www.indexaward.com/72db6c3095f9439235f63cd276a70a67-l/,https://justdrivemedia.com/,Where to buy 🚀 aged domains and backlinks 🔥 | 7263-0959,1,0,9997,"/Business_and_Industrial/Advertising_and_Marketing/Marketing,/Internet_and_Telecom/Web_Services/Search_Engine_Optimization_and_Marketing,/Online_Communities",justdriveme.com justdrivemearound.com,justdrivemgmt.com justdrivemi.com,2026-08-25T08:30:35Z,5.0
canadapsilocybin.com,High Quality Dofollow Backlinks DA 50 PA 40 Premium PBN Network Service mightypr.com Rank First Page Google Fast SEO Link Building Buy Backlinks Online Cheap,https://canadapsilocybin.com/all/1915/32.html,https://justdrivemedia.com/,🏆🏆Boost your Google rankings with Premium PBN & Link Building🏆🏆,1,0,3728,"/Reference/Directories_and_Listings/Business_and_Personal_Listings,/Internet_and_Telecom/Service_Providers/ISPs,/Business_and_Industrial/Advertising_and_Marketing/Marketing",,,2026-08-25T07:58:41Z,0.0
canadapsilocybin.com,High Quality Dofollow Backlinks DA 50 PA 40 Premium PBN Network Service mightypr.com Rank First Page Google Fast SEO Link Building Buy Backlinks Online Cheap,https://canadapsilocybin.com/all/1915/32.html,http://justdrivemedia.com/,🏆🏆Boost your Google rankings with Premium PBN & Link Building🏆🏆,1,0,3728,"/Reference/Directories_and_Listings/Business_and_Personal_Listings,/Internet_and_Telecom/Service_Providers/ISPs,/Business_and_Industrial/Advertising_and_Marketing/Marketing",,,2026-08-25T07:58:41Z,0.0
cgpa2percentag.com,High Quality Dofollow Backlinks DA 50 PA 40 Premium PBN Network Service justdrivemedia.com Rank First Page Google Fast SEO Link Building Buy Backlinks Online Cheap,https://cgpa2percentag.com/all/1563/25.html,https://justdrivemedia.com/,🏆🏆Boost your Google rankings with Premium PBN & Link Building🏆🏆,1,0,3616,"/Internet_and_Telecom/Service_Providers/ISPs,/Reference/Directories_and_Listings/Business_and_Personal_Listings,/Business_and_Industrial",,,2026-08-25T07:30:08Z,0.8
friendlybacklinksbuy.com,justdrivemedia.com,https://friendlybacklinksbuy.com/buydmxseo/,https://justdrivemedia.com/,Directory Pages Index,0,0,9999,"/Internet_and_Telecom/Web_Services/Search_Engine_Optimization_and_Marketing,/Business_and_Industrial/Advertising_and_Marketing/Marketing",justdoitsj.com justdowntheroad.com,just-eat.ca just-eat.co.uk,2026-08-25T06:54:00Z,60.0
cgpa2percentag.com,High Quality Dofollow Backlinks DA 50 PA 40 Premium PBN Network Service mightypr.com Rank First Page Google Fast SEO Link Building Buy Backlinks Online Cheap,https://cgpa2percentag.com/all/1915/32.html,http://justdrivemedia.com/,🏆🏆Boost your Google rankings with Premium PBN & Link Building🏆🏆,1,0,3729,"/Internet_and_Telecom/Service_Providers/ISPs,/Reference/Directories_and_Listings/Business_and_Personal_Listings,/Business_and_Industrial/Advertising_and_Marketing",,,2026-08-25T05:50:28Z,0.8
cgpa2percentag.com,High Quality Dofollow Backlinks DA 50 PA 40 Premium PBN Network Service mightypr.com Rank First Page Google Fast SEO Link Building Buy Backlinks Online Cheap,https://cgpa2percentag.com/all/1915/32.html,https://justdrivemedia.com/,🏆🏆Boost your Google rankings with Premium PBN & Link Building🏆🏆,1,0,3729,"/Internet_and_Telecom/Service_Providers/ISPs,/Reference/Directories_and_Listings/Business_and_Personal_Listings,/Business_and_Industrial/Advertising_and_Marketing",,,2026-08-25T05:50:28Z,0.8
friendlybacklinksbuy.com,justdrivemedia.com,https://friendlybacklinksbuy.com/artheiseo/,https://justdrivemedia.com/,Directory Pages Index,0,0,9999,"/Internet_and_Telecom/Web_Services/Search_Engine_Optimization_and_Marketing,/Business_and_Industrial/Business_Services/E-Commerce_Services,/Reference",justdocprep.com justdoitsj.com,just-eat.ca just-eat.co.uk,2026-08-25T04:31:53Z,60.0
digitalchatni.com,High Quality Dofollow Backlinks DA 50 PA 40 Premium PBN Network Service mightypr.com Rank First Page Google Fast SEO Link Building Buy Backlinks Online Cheap,https://digitalchatni.com/all/1915/32.html,https://justdrivemedia.com/,🏆🏆Boost your Google rankings with Premium PBN & Link Building🏆🏆,1,0,3725,"/Internet_and_Telecom/Service_Providers/ISPs,/Reference/Directories_and_Listings/Business_and_Personal_Listings,/Business_and_Industrial",,,2026-08-25T00:40:48Z,0.1
digitalchatni.com,High Quality Dofollow Backlinks DA 50 PA 40 Premium PBN Network Service mightypr.com Rank First Page Google Fast SEO Link Building Buy Backlinks Online Cheap,https://digitalchatni.com/all/1915/32.html,http://justdrivemedia.com/,🏆🏆Boost your Google rankings with Premium PBN & Link Building🏆🏆,1,0,3725,"/Internet_and_Telecom/Service_Providers/ISPs,/Reference/Directories_and_Listings/Business_and_Personal_Listings,/Business_and_Industrial",,,2026-08-25T00:40:48Z,0.1
lawyerinjeddah.com,High Quality Dofollow Backlinks DA 50 PA 40 Premium PBN Network Service mightypr.com Rank First Page Google Fast SEO Link Building Buy Backlinks Online Cheap,https://lawyerinjeddah.com/all/796/24.html,http://justdrivemedia.com/,🏆🏆Boost your Google rankings with Premium PBN & Link Building🏆🏆,1,0,3707,"/Internet_and_Telecom/Service_Providers/ISPs,/Reference/Directories_and_Listings/Business_and_Personal_Listings",,,2026-08-24T18:56:05Z,0.2
lawyerinjeddah.com,High Quality Dofollow Backlinks DA 50 PA 40 Premium PBN Network Service mightypr.com Rank First Page Google Fast SEO Link Building Buy Backlinks Online Cheap,https://lawyerinjeddah.com/all/796/24.html,https://justdrivemedia.com/,🏆🏆Boost your Google rankings with Premium PBN & Link Building🏆🏆,1,0,3707,"/Internet_and_Telecom/Service_Providers/ISPs,/Reference/Directories_and_Listings/Business_and_Personal_Listings",,,2026-08-24T18:56:05Z,0.2
bestseobacklinkforsite.com,justdrivemedia.com,https://bestseobacklinkforsite.com/buydmxseo/,https://justdrivemedia.com/,Directory Pages Index,0,0,9999,"/Internet_and_Telecom/Web_Services/Search_Engine_Optimization_and_Marketing,/Business_and_Industrial/Advertising_and_Marketing/Marketing",justdoitsj.com justdowntheroad.com,just-eat.ca just-eat.co.uk,2026-08-24T18:05:25Z,59.0
ufabettererm4.com,High Quality Dofollow Backlinks DA 50 PA 40 Premium PBN Network Service mightypr.com Rank First Page Google Fast SEO Link Building Buy Backlinks Online Cheap,https://ufabettererm4.com/all/1915/32.html,http://justdrivemedia.com/,🏆🏆Boost your Google rankings with Premium PBN & Link Building🏆🏆,1,0,3727,"/Internet_and_Telecom/Service_Providers/ISPs,/Reference/Directories_and_Listings/Business_and_Personal_Listings,/Business_and_Industrial/Advertising_and_Marketing/Marketing",,,2026-08-24T08:07:07Z,0.0
ufabettererm4.com,High Quality Dofollow Backlinks DA 50 PA 40 Premium PBN Network Service mightypr.com Rank First Page Google Fast SEO Link Building Buy Backlinks Online Cheap,https://ufabettererm4.com/all/1915/32.html,https://justdrivemedia.com/,🏆🏆Boost your Google rankings with Premium PBN & Link Building🏆🏆,1,0,3727,"/Internet_and_Telecom/Service_Providers/ISPs,/Reference/Directories_and_Listings/Business_and_Personal_Listings,/Business_and_Industrial/Advertising_and_Marketing/Marketing",,,2026-08-24T08:07:07Z,0.0
lawyerinjeddah.com,High Quality Dofollow Backlinks DA 50 PA 40 Premium PBN Network Service justdrivemedia.com Rank First Page Google Fast SEO Link Building Buy Backlinks Online Cheap,https://lawyerinjeddah.com/all/444/20.html,https://justdrivemedia.com/,🏆🏆Boost your Google rankings with Premium PBN & Link Building🏆🏆,1,0,3585,"/Internet_and_Telecom/Service_Providers/ISPs,/Reference/Directories_and_Listings/Business_and_Personal_Listings,/Business_and_Industrial/Business_Services",,,2026-08-24T04:26:18Z,0.2
blogerreviewers.com,High Quality Dofollow Backlinks DA 50 PA 40 Premium PBN Network Service justdrivemedia.com Rank First Page Google Fast SEO Link Building Buy Backlinks Online Cheap,https://blogerreviewers.com/all/1563/25.html,https://justdrivemedia.com/,🏆🏆Boost your Google rankings with Premium PBN & Link Building🏆🏆,1,0,3617,"/Internet_and_Telecom/Web_Services/Search_Engine_Optimization_and_Marketing,/Reference/Directories_and_Listings/Business_and_Personal_Listings,/Business_and_Industrial",,,2026-08-23T14:25:02Z,0.1
rarebacklinks.com,justdrivemedia.com,https://rarebacklinks.com/betfmmseo/,https://justdrivemedia.com/,Directory Pages Index,0,0,9999,"/Internet_and_Telecom/Web_Services/Search_Engine_Optimization_and_Marketing,/Business_and_Industrial/Advertising_and_Marketing/Marketing",justdontsendflowers.com justdoproperty.com,just-eat.ca just-eat.co.uk,2026-08-23T14:01:55Z,60.0
betulcrime.com,High Quality Dofollow Backlinks DA 50 PA 40 Premium PBN Network Service justdrivemedia.com Rank First Page Google Fast SEO Link Building Buy Backlinks Online Cheap,https://betulcrime.com/all/1563/25.html,https://justdrivemedia.com/,🏆🏆Boost your Google rankings with Premium PBN & Link Building🏆🏆,1,0,3611,"/Internet_and_Telecom/Service_Providers/ISPs,/Reference/Directories_and_Listings/Business_and_Personal_Listings,/Business_and_Industrial",,,2026-08-23T11:23:31Z,40.0
www.primenewsartical.com,High Quality Dofollow Backlinks DA 50 PA 40 Premium PBN Network Service mightypr.com Rank First Page Google Fast SEO Link Building Buy Backlinks Online Cheap,https://www.primenewsartical.com/all/1915/32.html,http://justdrivemedia.com/,🏆🏆Boost your Google rankings with Premium PBN & Link Building🏆🏆,1,0,3727,"/Internet_and_Telecom/Service_Providers/ISPs,/Reference/Directories_and_Listings/Business_and_Personal_Listings,/Business_and_Industrial/Advertising_and_Marketing/Marketing",,,2026-08-23T08:51:51Z,0.1
www.primenewsartical.com,High Quality Dofollow Backlinks DA 50 PA 40 Premium PBN Network Service mightypr.com Rank First Page Google Fast SEO Link Building Buy Backlinks Online Cheap,https://www.primenewsartical.com/all/1915/32.html,https://justdrivemedia.com/,🏆🏆Boost your Google rankings with Premium PBN & Link Building🏆🏆,1,0,3727,"/Internet_and_Telecom/Service_Providers/ISPs,/Reference/Directories_and_Listings/Business_and_Personal_Listings,/Business_and_Industrial/Advertising_and_Marketing/Marketing",,,2026-08-23T08:51:51Z,0.1
www.primenewsartical.com,High Quality Dofollow Backlinks DA 50 PA 40 Premium PBN Network Service justdrivemedia.com Rank First Page Google Fast SEO Link Building Buy Backlinks Online Cheap,https://www.primenewsartical.com/all/1563/25.html,https://justdrivemedia.com/,🏆🏆Boost your Google rankings with Premium PBN & Link Building🏆🏆,1,0,3610,"/Internet_and_Telecom/Service_Providers/ISPs,/Reference/Directories_and_Listings/Business_and_Personal_Listings,/Business_and_Industrial",,,2026-08-23T08:05:08Z,0.1
plumeriamarketing.com,High Quality Dofollow Backlinks DA 50 PA 40 Premium PBN Network Service mightypr.com Rank First Page Google Fast SEO Link Building Buy Backlinks Online Cheap,https://plumeriamarketing.com/all/796/24.html,https://justdrivemedia.com/,🏆🏆Boost your Google rankings with Premium PBN & Link Building🏆🏆,1,0,3708,"/Internet_and_Telecom/Service_Providers/ISPs,/Reference/Directories_and_Listings/Business_and_Personal_Listings,/Business_and_Industrial/Advertising_and_Marketing/Marketing",,,2026-08-23T07:29:15Z,1.9
plumeriamarketing.com,High Quality Dofollow Backlinks DA 50 PA 40 Premium PBN Network Service mightypr.com Rank First Page Google Fast SEO Link Building Buy Backlinks Online Cheap,https://plumeriamarketing.com/all/796/24.html,http://justdrivemedia.com/,🏆🏆Boost your Google rankings with Premium PBN & Link Building🏆🏆,1,0,3708,"/Internet_and_Telecom/Service_Providers/ISPs,/Reference/Directories_and_Listings/Business_and_Personal_Listings,/Business_and_Industrial/Advertising_and_Marketing/Marketing",,,2026-08-23T07:29:15Z,1.9
blogsphere.top,justdrivemedia.com,https://blogsphere.top/stats/9664,https://justdrivemedia.com/,✅ Website Stats 📊,0,1,4139,"/Internet_and_Telecom/Web_Services/Web_Design_and_Development,/Sports/Team_Sports",see this here,&nbsp,2026-08-23T06:31:12Z,41.0
rankseomasters.shop,"mightypr.com: high-DR backlinks, editorial guest posts, on-page SEO, local SEO, web development, SaaS tools and automation tools, all driving higher DR/DA/TF across the board with editorial standards. Results are supported by relevant placements, sensible link velocity, documented checks, competitor comparisons, and clear evidence of progress. · Rank SEO Masters — Experienced specialists in ...",https://rankseomasters.shop/b117610a5-page5-to-position1-travel-18-month-strategy-only-high-da-guest-posts-real-world-action-plan-mistakes-risks-and-solutions-for-lasting-ranking-improvements/,https://justdrivemedia.com/,"Rank SEO Masters — Experienced specialists in ranking strategy, technical optimization and authority signals for reliable rankings, stronger authority and organic reach — Contextual Backlinks vs Niche Edits for Real Estate — Which One Moves Rankings Faster and Holds Longer? — Featuring measurable performance checkpoints, common mistakes to avoid, and repeatable SEO takeaways",0,0,8006,"/Internet_and_Telecom/Web_Services/Search_Engine_Optimization_and_Marketing,/Business_and_Industrial/Advertising_and_Marketing/Marketing",,,2026-08-23T02:59:47Z,35.0
rankseomasters.shop,"mightypr.com: high-DR backlinks, editorial guest posts, on-page SEO, local SEO, web development, SaaS tools and automation tools, all driving higher DR/DA/TF across the board with editorial standards. Results are supported by relevant placements, sensible link velocity, documented checks, competitor comparisons, and clear evidence of progress. · Rank SEO Masters — Experienced specialists in ...",https://rankseomasters.shop/b117610a5-page5-to-position1-travel-18-month-strategy-only-high-da-guest-posts-real-world-action-plan-mistakes-risks-and-solutions-for-lasting-ranking-improvements/,http://justdrivemedia.com/,"Rank SEO Masters — Experienced specialists in ranking strategy, technical optimization and authority signals for reliable rankings, stronger authority and organic reach — Contextual Backlinks vs Niche Edits for Real Estate — Which One Moves Rankings Faster and Holds Longer? — Featuring measurable performance checkpoints, common mistakes to avoid, and repeatable SEO takeaways",0,0,8006,"/Internet_and_Telecom/Web_Services/Search_Engine_Optimization_and_Marketing,/Business_and_Industrial/Advertising_and_Marketing/Marketing",,,2026-08-23T02:59:47Z,35.0
allbaclinks.com,http://www.justdrivemedia.com,https://allbaclinks.com/bpbeatseo/,https://www.justdrivemedia.com/,Directory Pages Index,0,0,9999,"/Internet_and_Telecom/Web_Services/Search_Engine_Optimization_and_Marketing,/Business_and_Industrial/Business_Services,/Reference/Directories_and_Listings/Business_and_Personal_Listings",http://www.justdoitsj.com http://www.justdraftinginc.com,http://www.justducks.co.uk http://www.just-dynamics.co.za,2026-08-23T02:05:19Z,60.0
www.plrdownloadshub.com,High Quality Dofollow Backlinks DA 50 PA 40 Premium PBN Network Service mightypr.com Rank First Page Google Fast SEO Link Building Buy Backlinks Online Cheap,https://www.plrdownloadshub.com/all/1915/32.html,https://justdrivemedia.com/,🏆🏆Boost your Google rankings with Premium PBN & Link Building🏆🏆,1,0,3727,"/Internet_and_Telecom/Service_Providers/ISPs,/Reference/Directories_and_Listings/Business_and_Personal_Listings,/Business_and_Industrial",,,2026-08-22T23:59:08Z,6.0
www.plrdownloadshub.com,High Quality Dofollow Backlinks DA 50 PA 40 Premium PBN Network Service mightypr.com Rank First Page Google Fast SEO Link Building Buy Backlinks Online Cheap,https://www.plrdownloadshub.com/all/1915/32.html,http://justdrivemedia.com/,🏆🏆Boost your Google rankings with Premium PBN & Link Building🏆🏆,1,0,3727,"/Internet_and_Telecom/Service_Providers/ISPs,/Reference/Directories_and_Listings/Business_and_Personal_Listings,/Business_and_Industrial",,,2026-08-22T23:59:08Z,6.0
blogerreviewers.com,High Quality Dofollow Backlinks DA 50 PA 40 Premium PBN Network Service mightypr.com Rank First Page Google Fast SEO Link Building Buy Backlinks Online Cheap,https://blogerreviewers.com/all/1915/32.html,https://justdrivemedia.com/,🏆🏆Boost your Google rankings with Premium PBN & Link Building🏆🏆,1,0,3727,"/Internet_and_Telecom/Web_Services/Search_Engine_Optimization_and_Marketing,/Reference/Directories_and_Listings/Business_and_Personal_Listings,/Business_and_Industrial/Business_Services",,,2026-08-22T22:46:12Z,0.1
blogerreviewers.com,High Quality Dofollow Backlinks DA 50 PA 40 Premium PBN Network Service mightypr.com Rank First Page Google Fast SEO Link Building Buy Backlinks Online Cheap,https://blogerreviewers.com/all/1915/32.html,http://justdrivemedia.com/,🏆🏆Boost your Google rankings with Premium PBN & Link Building🏆🏆,1,0,3727,"/Internet_and_Telecom/Web_Services/Search_Engine_Optimization_and_Marketing,/Reference/Directories_and_Listings/Business_and_Personal_Listings,/Business_and_Industrial/Business_Services",,,2026-08-22T22:46:12Z,0.1
www.leadboba.com,Website,https://www.leadboba.com/leads/pr-agency-in-cali,http://justdrivemedia.com/,List of all pr agency in Cali<!-- --> | Leadboba,0,0,106,"/Business_and_Industrial/Advertising_and_Marketing/Marketing,/Reference/Directories_and_Listings/Business_and_Personal_Listings,/Internet_and_Telecom",,,2026-08-22T19:10:14Z,5.0
www.leadboba.com,Website,https://www.leadboba.com/leads/pr-agency-in-cali,https://justdrivemedia.com/,List of all pr agency in Cali<!-- --> | Leadboba,0,0,106,"/Business_and_Industrial/Advertising_and_Marketing/Marketing,/Reference/Directories_and_Listings/Business_and_Personal_Listings,/Internet_and_Telecom",,,2026-08-22T19:10:14Z,5.0
seolinkfactory.shop,"Power up justdrivemedia.com: premium guest posts, contextual backlinks, on-page and local SEO, conversion-focused web development, SaaS tools and automation tools for durable DR/DA/TF gains at a sustainable pace. The service also includes technical review, content alignment, backlink-quality screening, conversion considerations, and transparent milestone reporting. · SEO Link Factory — A ...",https://seolinkfactory.shop/ef9d8ded5-90-day-serp-climb-financial-advisory-combined-sidebar-links-pbn-backlinks-position1-complete-implementation-guide-planning-testing-and-tracking-for-competitive-serp-results/,https://justdrivemedia.com/,"SEO Link Factory — A production and strategy hub for strategic link building, authority development and search optimization for measurable search performance and long-term website growth — Authority Building Blueprint for eCommerce — How to Rank Using Sidebar Links and Link Insertions — Supported by a complete cost and timeline breakdown, content and link-quality checks, and competitive search-positioning lessons",0,0,7719,"/Internet_and_Telecom/Web_Services/Search_Engine_Optimization_and_Marketing,/Business_and_Industrial/Advertising_and_Marketing/Marketing",,,2026-08-22T18:15:34Z,35.0
plumeriamarketing.com,High Quality Dofollow Backlinks DA 50 PA 40 Premium PBN Network Service justdrivemedia.com Rank First Page Google Fast SEO Link Building Buy Backlinks Online Cheap,https://plumeriamarketing.com/all/444/20.html,https://justdrivemedia.com/,🏆🏆Boost your Google rankings with Premium PBN & Link Building🏆🏆,1,0,3586,"/Internet_and_Telecom/Service_Providers/ISPs,/Reference/Directories_and_Listings/Business_and_Personal_Listings,/Business_and_Industrial/Advertising_and_Marketing/Marketing",,,2026-08-22T17:40:51Z,1.9
creativeposts.top,mightypr.com,https://creativeposts.top/stats/30524,https://justdrivemedia.com/,✅ Website Stats 📊,0,1,4174,"/Internet_and_Telecom/Web_Services/Web_Design_and_Development,/Business_and_Industrial,/Sports/Team_Sports",click this over here now,&nbsp,2026-08-22T15:24:03Z,41.0
creativeposts.top,mightypr.com,https://creativeposts.top/stats/30524,http://justdrivemedia.com/,✅ Website Stats 📊,0,1,4174,"/Internet_and_Telecom/Web_Services/Web_Design_and_Development,/Business_and_Industrial,/Sports/Team_Sports",click this over here now,&nbsp,2026-08-22T15:24:03Z,41.0
allbaclinks.com,justdrivemedia.com,https://allbaclinks.com/betfmmseo/,https://justdrivemedia.com/,Directory Pages Index,0,0,9999,"/Internet_and_Telecom/Web_Services/Search_Engine_Optimization_and_Marketing,/Business_and_Industrial/Advertising_and_Marketing/Marketing",justdontsendflowers.com justdoproperty.com,just-eat.ca just-eat.co.uk,2026-08-22T14:42:05Z,60.0
allbaclinks.com,justdrivemedia.com,https://allbaclinks.com/artheiseo/,https://justdrivemedia.com/,Directory Pages Index,0,0,9999,"/Internet_and_Telecom/Web_Services/Search_Engine_Optimization_and_Marketing,/Business_and_Industrial/Business_Services/E-Commerce_Services,/Reference",justdocprep.com justdoitsj.com,just-eat.ca just-eat.co.uk,2026-08-22T09:14:28Z,60.0
seobits.shop,"Power up justdrivemedia.com: high-DR backlinks, editorial guest posts, on-page SEO, local SEO, web development, SaaS tools and automation tools for reliable DR/DA/TF progress at a sustainable pace.",https://seobits.shop/luk98rf-high-da-guest-posts-helped-real-estate-site-recovered-lost-traffic-fully-complete-case-study-data/,https://justdrivemedia.com/,"seobits.shop — The 30-Day High-DA Guest Posts Case Study for SaaS — Placements, Anchors, Rankings Before and After",0,0,5954,"/Internet_and_Telecom/Web_Services/Search_Engine_Optimization_and_Marketing,/Business_and_Industrial/Advertising_and_Marketing/Marketing",,,2026-08-22T08:50:31Z,0.7
allbaclinks.com,justdrivemedia,https://allbaclinks.com/hotonnseo/,https://justdrivemedia.com/,Directory Pages Index,0,0,9999,"/Internet_and_Telecom/Web_Services/Search_Engine_Optimization_and_Marketing,/Business_and_Industrial/Advertising_and_Marketing/Marketing,/Reference",craymer friendsmatchme,palmdaze oi926,2026-08-22T08:15:49Z,60.0
betulcrime.com,High Quality Dofollow Backlinks DA 50 PA 40 Premium PBN Network Service mightypr.com Rank First Page Google Fast SEO Link Building Buy Backlinks Online Cheap,https://betulcrime.com/all/1915/32.html,https://justdrivemedia.com/,🏆🏆Boost your Google rankings with Premium PBN & Link Building🏆🏆,1,0,3728,"/Internet_and_Telecom/Service_Providers/ISPs,/Reference/Directories_and_Listings/Business_and_Personal_Listings,/Business_and_Industrial",,,2026-08-22T07:27:34Z,40.0
betulcrime.com,High Quality Dofollow Backlinks DA 50 PA 40 Premium PBN Network Service mightypr.com Rank First Page Google Fast SEO Link Building Buy Backlinks Online Cheap,https://betulcrime.com/all/1915/32.html,http://justdrivemedia.com/,🏆🏆Boost your Google rankings with Premium PBN & Link Building🏆🏆,1,0,3728,"/Internet_and_Telecom/Service_Providers/ISPs,/Reference/Directories_and_Listings/Business_and_Personal_Listings,/Business_and_Industrial",,,2026-08-22T07:27:34Z,40.0
www.plrdownloadshub.com,High Quality Dofollow Backlinks DA 50 PA 40 Premium PBN Network Service justdrivemedia.com Rank First Page Google Fast SEO Link Building Buy Backlinks Online Cheap,https://www.plrdownloadshub.com/all/1563/25.html,https://justdrivemedia.com/,🏆🏆Boost your Google rankings with Premium PBN & Link Building🏆🏆,1,0,3616,"/Internet_and_Telecom/Service_Providers/ISPs,/Reference/Directories_and_Listings/Business_and_Personal_Listings,/Business_and_Industrial",,,2026-08-22T06:57:13Z,6.0
pageseopartners.shop,"Complete SEO for mightypr.com: guest posts and backlinks, on-page SEO, local SEO, web development, SaaS integrations and automation tools, delivering real DR/DA/TF improvement with full transparency. The complete process includes website review, competitor benchmarking, anchor-risk control, placement validation, and practical growth recommendations. · Page SEO Partners — Trusted strategic ...",https://pageseopartners.shop/5dc3d6da4-90-day-contextual-backlinks-case-study-real-estate-placements-anchors-rankings-real-world-action-plan-budget-links-and-content-for-consistent-traffic-growth/,https://justdrivemedia.com/,"Page SEO Partners — Trusted strategic partners for on-page optimization, content relevance and page-one visibility to support stronger visibility, traffic quality and authority — On-Page SEO vs Contextual Backlinks for SaaS — Which One Moves Rankings Faster and Holds Longer? — Featuring hands-on strategy notes, transparent measurement methods, and lasting traffic-growth insights",0,0,8005,"/Internet_and_Telecom/Web_Services/Search_Engine_Optimization_and_Marketing,/Business_and_Industrial/Advertising_and_Marketing/Marketing",,,2026-08-22T01:38:35Z,35.0
pageseopartners.shop,"Complete SEO for mightypr.com: guest posts and backlinks, on-page SEO, local SEO, web development, SaaS integrations and automation tools, delivering real DR/DA/TF improvement with full transparency. The complete process includes website review, competitor benchmarking, anchor-risk control, placement validation, and practical growth recommendations. · Page SEO Partners — Trusted strategic ...",https://pageseopartners.shop/5dc3d6da4-90-day-contextual-backlinks-case-study-real-estate-placements-anchors-rankings-real-world-action-plan-budget-links-and-content-for-consistent-traffic-growth/,http://justdrivemedia.com/,"Page SEO Partners — Trusted strategic partners for on-page optimization, content relevance and page-one visibility to support stronger visibility, traffic quality and authority — On-Page SEO vs Contextual Backlinks for SaaS — Which One Moves Rankings Faster and Holds Longer? — Featuring hands-on strategy notes, transparent measurement methods, and lasting traffic-growth insights",0,0,8005,"/Internet_and_Telecom/Web_Services/Search_Engine_Optimization_and_Marketing,/Business_and_Industrial/Advertising_and_Marketing/Marketing",,,2026-08-22T01:38:35Z,35.0
rankchest.shop,"Power up justdrivemedia.com: high-DR backlinks, editorial guest posts, on-page SEO, local SEO, web development, SaaS tools and automation tools for reliable DR/DA/TF progress at a sustainable pace.",https://rankchest.shop/luk98rf-high-da-guest-posts-helped-real-estate-site-recovered-lost-traffic-fully-complete-case-study-data/,https://justdrivemedia.com/,"rankchest.shop — The 30-Day High-DA Guest Posts Case Study for SaaS — Placements, Anchors, Rankings Before and After",0,0,5953,"/Internet_and_Telecom/Web_Services/Search_Engine_Optimization_and_Marketing,/Business_and_Industrial/Advertising_and_Marketing/Marketing",,,2026-08-21T20:16:05Z,0.7
linkfinds.shop,"Grow justdrivemedia.com with high-quality backlinks, guest posts, on-page and local SEO, custom web development, SaaS tools and automation tools — long-term DR/DA/TF gains at a sustainable pace.",https://linkfinds.shop/embkc57-dr-growth-blueprint-saas-rank-using-on-page-seo-editorial-links/,https://justdrivemedia.com/,linkfinds.shop — From DR 5 to Top 3 Rankings in Crypto — The 45-Day Strategy Built Entirely on Dofollow Backlinks,0,0,9588,"/Internet_and_Telecom/Web_Services/Search_Engine_Optimization_and_Marketing,/Business_and_Industrial/Advertising_and_Marketing/Marketing",,,2026-08-21T20:12:11Z,0.7
www.responsify.com,justdrivemedia.com,https://www.responsify.com/profile/justdrivemedia-com,https://justdrivemedia.com/,Just Drive Media Business Profile,0,0,6,"/Business_and_Industrial/Advertising_and_Marketing/Marketing,/Internet_and_Telecom/Web_Services/Search_Engine_Optimization_and_Marketing",,,2026-08-21T19:40:40Z,56.0
seobits.shop,"For mightypr.com, we deliver high-DR backlinks, editorial guest posts, on-page SEO, local SEO, web development, SaaS tools and automation tools — higher DR/DA/TF across the board for new or established sites.",https://seobits.shop/v5savps-build-unstoppable-law-firm-serp-contextual-backlinks-traffic-services-traffic-playbook/,http://justdrivemedia.com/,seobits.shop — The Economics of Ranking Your Mortgage Website — Do High-DA Guest Posts Cost Less Than the Revenue They Generate?,0,0,6159,"/Internet_and_Telecom/Web_Services/Search_Engine_Optimization_and_Marketing,/Business_and_Industrial/Business_Services/Consulting,/Real_Estate/Real_Estate_Services/Real_Estate_Agencies",,,2026-08-21T11:35:04Z,0.7
seobits.shop,"For mightypr.com, we deliver high-DR backlinks, editorial guest posts, on-page SEO, local SEO, web development, SaaS tools and automation tools — higher DR/DA/TF across the board for new or established sites.",https://seobits.shop/v5savps-build-unstoppable-law-firm-serp-contextual-backlinks-traffic-services-traffic-playbook/,https://justdrivemedia.com/,seobits.shop — The Economics of Ranking Your Mortgage Website — Do High-DA Guest Posts Cost Less Than the Revenue They Generate?,0,0,6159,"/Internet_and_Telecom/Web_Services/Search_Engine_Optimization_and_Marketing,/Business_and_Industrial/Business_Services/Consulting,/Real_Estate/Real_Estate_Services/Real_Estate_Agencies",,,2026-08-21T11:35:04Z,0.7
seooutlet.shop,"Power up justdrivemedia.com: high-DR backlinks, editorial guest posts, on-page SEO, local SEO, web development, SaaS tools and automation tools for reliable DR/DA/TF progress at a sustainable pace.",https://seooutlet.shop/luk98rf-high-da-guest-posts-helped-real-estate-site-recovered-lost-traffic-fully-complete-case-study-data/,https://justdrivemedia.com/,"seooutlet.shop — The 30-Day High-DA Guest Posts Case Study for SaaS — Placements, Anchors, Rankings Before and After",0,0,5953,"/Internet_and_Telecom/Web_Services/Search_Engine_Optimization_and_Marketing,/Business_and_Industrial/Advertising_and_Marketing/Marketing",,,2026-08-21T03:07:38Z,0.7
booastrankingwithbacklinks.com,justdrivemedia.com,https://booastrankingwithbacklinks.com/betfmmseo/,https://justdrivemedia.com/,Directory Pages Index,0,0,9999,"/Internet_and_Telecom/Web_Services/Search_Engine_Optimization_and_Marketing,/Business_and_Industrial/Advertising_and_Marketing/Marketing",justdontsendflowers.com justdoproperty.com,just-eat.ca just-eat.co.uk,2026-08-20T23:21:12Z,60.0
quickseolinks.com,justdrivemedia,https://quickseolinks.com/hotonnseo/,https://justdrivemedia.com/,Directory Pages Index,0,0,9999,"/Internet_and_Telecom/Web_Services/Search_Engine_Optimization_and_Marketing,/Business_and_Industrial/Advertising_and_Marketing/Marketing,/Reference",craymer friendsmatchme,palmdaze oi926,2026-08-20T21:25:23Z,60.0
mightypr.com,,https://mightypr.com/careers/,http://justdrivemedia.com/,,1,0,1,,,,2026-08-20T20:40:30Z,11.0
linkforgepro.shop,"Take justdrivemedia.com to page one with premium guest posts, high-quality backlinks, on-page SEO, local SEO, web development, SaaS tools and automation tools — long-term DR/DA/TF gains for new or established sites.",https://linkforgepro.shop/247xyo8-stacked-saas-tools-guest-posts-saas-dual-strategy-doubled-ranking-speed/,https://justdrivemedia.com/,linkforgepro.shop — On-Page SEO vs Local SEO for eCommerce — Which One Moves Rankings Faster and Holds Longer?,0,0,9588,"/Internet_and_Telecom/Web_Services/Search_Engine_Optimization_and_Marketing,/Business_and_Industrial/Advertising_and_Marketing/Marketing",,,2026-08-20T09:47:43Z,0.7
siteranktoolkit.shop,"Everything justdrivemedia.com needs: guest posts and backlinks, on-page SEO, local SEO, web development, SaaS integrations and automation tools — a measurable DR/DA/TF boost tailored to your vertical. The complete process includes website review, competitor benchmarking, anchor-risk control, placement validation, and practical growth recommendations. · Site Rank Toolkit — Professional ...",https://siteranktoolkit.shop/01b7cd7c8-serp-climb-blueprint-ymyl-rank-using-authority-link-packages-guest-posts-step-by-step-strategy-data-progress-and-outcomes-for-better-google-positions/,https://justdrivemedia.com/,"Site Rank Toolkit — Professional resources for site-wide SEO, keyword visibility and organic growth for competitive rankings and dependable organic discovery — How Automation Tools Compares to PBN Backlinks for YMYL — Cost, Speed, Quality, and Final Ranking Outcomes — Featuring practical implementation steps, important risk checks, and lasting traffic-growth insights",0,0,7721,"/Internet_and_Telecom/Web_Services/Search_Engine_Optimization_and_Marketing,/Business_and_Industrial/Advertising_and_Marketing/Marketing",,,2026-08-19T18:50:31Z,0.1
rankbundle.shop,"Power up justdrivemedia.com: high-DR backlinks, editorial guest posts, on-page SEO, local SEO, web development, SaaS tools and automation tools for reliable DR/DA/TF progress at a sustainable pace.",https://rankbundle.shop/luk98rf-high-da-guest-posts-helped-real-estate-site-recovered-lost-traffic-fully-complete-case-study-data/,https://justdrivemedia.com/,"rankbundle.shop — The 30-Day High-DA Guest Posts Case Study for SaaS — Placements, Anchors, Rankings Before and After",0,0,5925,"/Internet_and_Telecom/Web_Services/Search_Engine_Optimization_and_Marketing,/Business_and_Industrial/Advertising_and_Marketing/Marketing",,,2026-08-18T02:45:14Z,0.7
www.prashikshan.in,justdrivemedia.com,http://www.prashikshan.in/page-c3ccf24a9bb7c02b186ada0484b200fb.html,http://justdrivemedia.com/,Where to buy 🚀 aged domains and backlinks 🔥 from www.prashikshan.in| 3249-7021,1,0,9997,"/Internet_and_Telecom/Web_Services/Search_Engine_Optimization_and_Marketing,/Business_and_Industrial/Advertising_and_Marketing/Marketing,/Online_Communities",justdriveme.com justdrivemearound.com,justdrivemgmt.com justdrivemi.com,2026-08-17T17:40:17Z,0.2
99backlinksbuy.com,justdrivemedia.com,https://99backlinksbuy.com/artheiseo/,https://justdrivemedia.com/,Directory Pages Index,0,0,9999,"/Internet_and_Telecom/Web_Services/Search_Engine_Optimization_and_Marketing,/Business_and_Industrial/Business_Services/E-Commerce_Services,/Reference",justdocprep.com justdoitsj.com,just-eat.ca just-eat.co.uk,2026-08-17T07:07:23Z,59.0
atomizelink.icu,mightypr.com,https://atomizelink.icu/report/30525,https://justdrivemedia.com/,👲 Domain Report 👲,0,1,4176,"/Business_and_Industrial/Business_Services,/Internet_and_Telecom/Web_Services/Web_Stats_and_Analytics,/Computers_and_Electronics",click this over here now,&nbsp,2026-08-17T06:43:31Z,42.0
atomizelink.icu,mightypr.com,https://atomizelink.icu/report/30525,http://justdrivemedia.com/,👲 Domain Report 👲,0,1,4176,"/Business_and_Industrial/Business_Services,/Internet_and_Telecom/Web_Services/Web_Stats_and_Analytics,/Computers_and_Electronics",click this over here now,&nbsp,2026-08-17T06:43:31Z,42.0
wowqualitybacklinks.com,justdrivemedia.com,https://wowqualitybacklinks.com/artheiseo/,https://justdrivemedia.com/,Directory Pages Index,0,0,9999,"/Internet_and_Telecom/Web_Services/Search_Engine_Optimization_and_Marketing,/Business_and_Industrial/Business_Services/E-Commerce_Services,/Reference",justdocprep.com justdoitsj.com,just-eat.ca just-eat.co.uk,2026-08-17T06:17:25Z,60.0
webzonedirectory.com,mightypr,https://webzonedirectory.com/most-visited-website-list-936/,http://justdrivemedia.com/,Most Visited website list 936 | Website Zone Directory,1,0,7012,"/Internet_and_Telecom/Web_Services/Web_Design_and_Development,/Reference/Directories_and_Listings/Business_and_Personal_Listings,/Business_and_Industrial,/Travel_and_Transportation",,,2026-08-17T05:09:44Z,30.0
webzonedirectory.com,mightypr,https://webzonedirectory.com/most-visited-website-list-936/,https://justdrivemedia.com/,Most Visited website list 936 | Website Zone Directory,1,0,7012,"/Internet_and_Telecom/Web_Services/Web_Design_and_Development,/Reference/Directories_and_Listings/Business_and_Personal_Listings,/Business_and_Industrial,/Travel_and_Transportation",,,2026-08-17T05:09:44Z,30.0
www.example3.com,,https://www.example3.com/domain/thenextweb.com,http://justdrivemedia.com/,thenextweb.com | TNW | The heart of tech,0,1,1914,"/Internet_and_Telecom/Web_Services/Web_Design_and_Development,/Science/Computer_Science/Machine_Learning_and_Artificial_Intelligence,/Computers_and_Electronics/Networking/Data_Formats_and_Protocols,/Business_and_Industrial/Business_Services",mightypr.com,Influence Architecture for B2B Technology Brands,2026-08-17T02:27:15Z,75.0
www.example3.com,,https://www.example3.com/domain/thenextweb.com,https://justdrivemedia.com/,thenextweb.com | TNW | The heart of tech,0,1,1914,"/Internet_and_Telecom/Web_Services/Web_Design_and_Development,/Science/Computer_Science/Machine_Learning_and_Artificial_Intelligence,/Computers_and_Electronics/Networking/Data_Formats_and_Protocols,/Business_and_Industrial/Business_Services",mightypr.com,Influence Architecture for B2B Technology Brands,2026-08-17T02:27:15Z,75.0
pageseoresults.shop,"mightypr.com gets backlinks and guest posts, on-page SEO, local SEO, custom web development, SaaS integrations and automation tools, together driving a measurable DR/DA/TF boost with clean reporting. Every campaign includes niche-relevance checks, diversified anchor planning, placement review, and transparent progress tracking. · Page SEO Results — A results-focused platform for on-page ...",https://pageseoresults.shop/dfe38c6e1-45-day-web-development-journey-financial-advisory-no-traffic-to-full-recovery-real-world-action-plan-research-execution-and-analysis-for-reliable-page-one-progress/,http://justdrivemedia.com/,"Page SEO Results — A results-focused platform for on-page optimization, content relevance and page-one visibility to improve authority, relevance and qualified search traffic — The 45-Day SERP Climb for YMYL — How I Combined Link Insertions and SaaS Tools to Reach Position 1 — With hands-on strategy notes, content and link-quality checks, and competitive search-positioning lessons",0,0,7956,"/Internet_and_Telecom/Web_Services/Search_Engine_Optimization_and_Marketing,/Business_and_Industrial/Advertising_and_Marketing/Marketing",,,2026-08-17T00:07:22Z,35.0
pageseoresults.shop,"mightypr.com gets backlinks and guest posts, on-page SEO, local SEO, custom web development, SaaS integrations and automation tools, together driving a measurable DR/DA/TF boost with clean reporting. Every campaign includes niche-relevance checks, diversified anchor planning, placement review, and transparent progress tracking. · Page SEO Results — A results-focused platform for on-page ...",https://pageseoresults.shop/dfe38c6e1-45-day-web-development-journey-financial-advisory-no-traffic-to-full-recovery-real-world-action-plan-research-execution-and-analysis-for-reliable-page-one-progress/,https://justdrivemedia.com/,"Page SEO Results — A results-focused platform for on-page optimization, content relevance and page-one visibility to improve authority, relevance and qualified search traffic — The 45-Day SERP Climb for YMYL — How I Combined Link Insertions and SaaS Tools to Reach Position 1 — With hands-on strategy notes, content and link-quality checks, and competitive search-positioning lessons",0,0,7956,"/Internet_and_Telecom/Web_Services/Search_Engine_Optimization_and_Marketing,/Business_and_Industrial/Advertising_and_Marketing/Marketing",,,2026-08-17T00:07:22Z,35.0
booastrankingwithbacklinks.com,justdrivemedia.com,https://booastrankingwithbacklinks.com/buydmxseo/,https://justdrivemedia.com/,Directory Pages Index,0,0,9999,"/Internet_and_Telecom/Web_Services/Search_Engine_Optimization_and_Marketing,/Business_and_Industrial/Advertising_and_Marketing/Marketing",justdoitsj.com justdowntheroad.com,just-eat.ca just-eat.co.uk,2026-08-16T23:50:15Z,60.0
urgent-seo-ranking-help.com,justdrivemedia,https://urgent-seo-ranking-help.com/website-list-1253/,https://justdrivemedia.com/,Directory Pages Index,1,0,7063,"/Internet_and_Telecom/Web_Services/Search_Engine_Optimization_and_Marketing,/Business_and_Industrial/Advertising_and_Marketing/Marketing",craymer friendsmatchme,palmdaze oi926,2026-08-16T16:12:56Z,60.0
googleseopoint.shop,"Complete SEO for justdrivemedia.com: guest posts and backlinks, on-page SEO, local SEO, web development, SaaS integrations and automation tools, delivering sustained DR/DA/TF uplift built to last. Campaign quality is protected through manual review, realistic pacing, diversified sources, accurate reporting, and continuous performance checks. · Google SEO Point — A focused strategy point for ...",https://googleseopoint.shop/15330ef61-stacked-dr-boost-services-niche-edits-mortgage-dual-strategy-doubled-ranking-speed-complete-implementation-guide-examples-metrics-and-lessons-for-better-google-positions/,https://justdrivemedia.com/,"Google SEO Point — A focused strategy point for Google-focused optimization, search visibility and organic traffic to improve authority, relevance and qualified search traffic — How I Used Web Development and recovered lost traffic fully for My B2B Site — Month-by-Month Progress Documentation — Covering practical implementation steps, content and link-quality checks, and lasting traffic-growth insights",0,0,7682,"/Internet_and_Telecom/Web_Services/Search_Engine_Optimization_and_Marketing,/Business_and_Industrial/Advertising_and_Marketing/Marketing",,,2026-08-16T10:46:41Z,0.1
linkdirectoryzone.com,mightypr,https://linkdirectoryzone.com/directory-website-list-936/,https://justdrivemedia.com/,Directory website list 936 | Link Directory Zone,1,0,7019,"/Reference/Directories_and_Listings/Business_and_Personal_Listings,/Internet_and_Telecom/Web_Services/Web_Design_and_Development,/Business_and_Industrial",,,2026-08-16T07:22:40Z,14.0
linkdirectoryzone.com,mightypr,https://linkdirectoryzone.com/directory-website-list-936/,http://justdrivemedia.com/,Directory website list 936 | Link Directory Zone,1,0,7019,"/Reference/Directories_and_Listings/Business_and_Personal_Listings,/Internet_and_Telecom/Web_Services/Web_Design_and_Development,/Business_and_Industrial",,,2026-08-16T07:22:40Z,14.0
www.itsyourgold.com,justdrivemedia.com,https://www.itsyourgold.com/page/127058/,https://justdrivemedia.com/,Top Domains – Page 127058 – newwebsiteslist.com,1,0,1218,"/Business_and_Industrial,/Reference/Directories_and_Listings/Business_and_Personal_Listings,/Internet_and_Telecom/Web_Services/Web_Design_and_Development",,,2026-08-16T05:41:27Z,0.0
99backlinksbuy.com,justdrivemedia.com,https://99backlinksbuy.com/betfmmseo/,https://justdrivemedia.com/,Directory Pages Index,0,0,9999,"/Internet_and_Telecom/Web_Services/Search_Engine_Optimization_and_Marketing,/Business_and_Industrial/Advertising_and_Marketing/Marketing",justdontsendflowers.com justdoproperty.com,just-eat.ca just-eat.co.uk,2026-08-15T21:50:47Z,59.0
seolinkexpress.shop,"Rank justdrivemedia.com higher with guest posts and backlinks, on-page SEO, local SEO, web development, SaaS integrations and automation tools — a noticeable DR/DA/TF rise with clean reporting. The complete process includes website review, competitor benchmarking, anchor-risk control, placement validation, and practical growth recommendations. · SEO Link Express — Fast, focused services for ...",https://seolinkexpress.shop/99242586c-page1-rankings-blueprint-financial-advisory-rank-using-blogroll-links-on-page-seo-practical-execution-roadmap-budget-links-and-content-for-stronger-domain-authority/,https://justdrivemedia.com/,"SEO Link Express — Fast, focused services for strategic link building, authority development and search optimization to improve website trust and sustainable search performance — My 60-Day Automation Tools Journey for Financial Advisory — From No Traffic to Page-One Authority Using a Strategic SEO Service Stack — With practical implementation steps, reporting and tracking methods, and stronger authority-building decisions",0,0,7682,"/Internet_and_Telecom/Web_Services/Search_Engine_Optimization_and_Marketing,/Business_and_Industrial/Business_Services/Consulting",,,2026-08-15T19:23:23Z,0.1
domainrankagency.shop,"Strengthen mightypr.com through high-DR backlinks, editorial guest posts, on-page SEO, local SEO, web development, SaaS tools and automation tools for a healthier DR/DA/TF profile for every sector. Results are supported by relevant placements, sensible link velocity, documented checks, competitor comparisons, and clear evidence of progress. · Domain Rank Agency — A specialist digital agency for ...",https://domainrankagency.shop/20bf6561f-90-day-homepage-links-journey-mortgage-no-traffic-to-dr50-real-world-action-plan-data-progress-and-outcomes-for-better-google-positions/,http://justdrivemedia.com/,"Domain Rank Agency — A specialist digital agency for domain authority, trust signals and search competitiveness to improve website trust and sustainable search performance — SERP Climb Blueprint for Pharmaceutical — How to Rank Using Crowd Links and DR Boost Services — Plus a detailed execution roadmap, technical considerations, and long-term organic growth lessons",0,0,7956,"/Internet_and_Telecom/Web_Services/Search_Engine_Optimization_and_Marketing,/Business_and_Industrial/Advertising_and_Marketing/Marketing,/Computers_and_Electronics",,,2026-08-15T18:52:40Z,0.1
domainrankagency.shop,"Strengthen mightypr.com through high-DR backlinks, editorial guest posts, on-page SEO, local SEO, web development, SaaS tools and automation tools for a healthier DR/DA/TF profile for every sector. Results are supported by relevant placements, sensible link velocity, documented checks, competitor comparisons, and clear evidence of progress. · Domain Rank Agency — A specialist digital agency for ...",https://domainrankagency.shop/20bf6561f-90-day-homepage-links-journey-mortgage-no-traffic-to-dr50-real-world-action-plan-data-progress-and-outcomes-for-better-google-positions/,https://justdrivemedia.com/,"Domain Rank Agency — A specialist digital agency for domain authority, trust signals and search competitiveness to improve website trust and sustainable search performance — SERP Climb Blueprint for Pharmaceutical — How to Rank Using Crowd Links and DR Boost Services — Plus a detailed execution roadmap, technical considerations, and long-term organic growth lessons",0,0,7956,"/Internet_and_Telecom/Web_Services/Search_Engine_Optimization_and_Marketing,/Business_and_Industrial/Advertising_and_Marketing/Marketing,/Computers_and_Electronics",,,2026-08-15T18:52:40Z,0.1
toptierdirectory.com,mightypr,https://toptierdirectory.com/directory-website-list-936/,http://justdrivemedia.com/,Directory website list 936 | Top tier directory,1,0,7020,"/Reference/Directories_and_Listings/Business_and_Personal_Listings,/Online_Communities,/Internet_and_Telecom/Web_Services/Web_Design_and_Development,/Business_and_Industrial/Business_Services",,,2026-08-15T15:40:47Z,11.0
toptierdirectory.com,mightypr,https://toptierdirectory.com/directory-website-list-936/,https://justdrivemedia.com/,Directory website list 936 | Top tier directory,1,0,7020,"/Reference/Directories_and_Listings/Business_and_Personal_Listings,/Online_Communities,/Internet_and_Telecom/Web_Services/Web_Design_and_Development,/Business_and_Industrial/Business_Services",,,2026-08-15T15:40:47Z,11.0
seogrowthstudio.shop,"Everything mightypr.com needs: high-quality backlinks, guest posts, on-page and local SEO, custom web development, SaaS tools and automation tools — reliable DR/DA/TF progress with full transparency. We strengthen the campaign with keyword mapping, source diversification, placement audits, performance benchmarks, and straightforward reporting. · SEO Growth Studio — A specialist strategy ...",https://seogrowthstudio.shop/4d845812c-stacked-press-release-links-link-insertions-local-business-dual-strategy-doubled-ranking-speed-complete-implementation-guide-quality-checks-and-reporting-for-sustainable-organic-growth/,http://justdrivemedia.com/,"SEO Growth Studio — A specialist strategy studio for sustainable SEO growth, content visibility and qualified organic traffic for measurable search performance and long-term website growth — From Invisible to 6-Figure Monthly Revenue in Travel — The 45-Day Strategy Built Entirely on SaaS Tools — Plus a detailed execution roadmap, important risk checks, and lasting traffic-growth insights",0,0,7947,"/Internet_and_Telecom/Web_Services/Search_Engine_Optimization_and_Marketing,/Business_and_Industrial/Advertising_and_Marketing/Marketing,/Travel_and_Transportation",,,2026-08-15T14:37:06Z,0.1
seogrowthstudio.shop,"Everything mightypr.com needs: high-quality backlinks, guest posts, on-page and local SEO, custom web development, SaaS tools and automation tools — reliable DR/DA/TF progress with full transparency. We strengthen the campaign with keyword mapping, source diversification, placement audits, performance benchmarks, and straightforward reporting. · SEO Growth Studio — A specialist strategy ...",https://seogrowthstudio.shop/4d845812c-stacked-press-release-links-link-insertions-local-business-dual-strategy-doubled-ranking-speed-complete-implementation-guide-quality-checks-and-reporting-for-sustainable-organic-growth/,https://justdrivemedia.com/,"SEO Growth Studio — A specialist strategy studio for sustainable SEO growth, content visibility and qualified organic traffic for measurable search performance and long-term website growth — From Invisible to 6-Figure Monthly Revenue in Travel — The 45-Day Strategy Built Entirely on SaaS Tools — Plus a detailed execution roadmap, important risk checks, and lasting traffic-growth insights",0,0,7947,"/Internet_and_Telecom/Web_Services/Search_Engine_Optimization_and_Marketing,/Business_and_Industrial/Advertising_and_Marketing/Marketing,/Travel_and_Transportation",,,2026-08-15T14:37:06Z,0.1
seogrowthstudio.shop,"justdrivemedia.com gets guest posts, backlinks, on-page and local SEO, web development, SaaS tools and workflow automation tools, together driving higher DR/DA/TF across the board with relevance-first placements. Every campaign includes niche-relevance checks, diversified anchor planning, placement review, and transparent progress tracking. · SEO Growth Studio — A specialist strategy studio for ...",https://seogrowthstudio.shop/346a899b8-stacked-local-seo-automation-tools-dental-dual-strategy-doubled-ranking-speed-measurable-results-blueprint-quality-checks-and-reporting-for-stronger-domain-authority/,https://justdrivemedia.com/,"SEO Growth Studio — A specialist strategy studio for sustainable SEO growth, content visibility and qualified organic traffic for measurable search performance and long-term website growth — The 6-Month SERP Climb for Crypto — How I Combined Dofollow Backlinks and Contextual Backlinks to Reach Position 1 — Featuring tested workflow recommendations, transparent measurement methods, and stronger authority-building decisions",0,0,7695,"/Internet_and_Telecom/Web_Services/Search_Engine_Optimization_and_Marketing,/Business_and_Industrial/Advertising_and_Marketing/Marketing",,,2026-08-15T06:06:48Z,0.1
seolinkexpress.shop,"Grow mightypr.com with contextual backlinks, premium guest posts, on-page SEO, local SEO, custom web development, SaaS tools plus automation tools — balanced DR/DA/TF growth for local or global targets. Results are supported by relevant placements, sensible link velocity, documented checks, competitor comparisons, and clear evidence of progress. · SEO Link Express — Fast, focused services for ...",https://seolinkexpress.shop/96b652c3b-blogroll-links-vs-editorial-links-saas-which-moves-rankings-faster-holds-longer-practical-execution-roadmap-research-execution-and-analysis-for-sustainable-organic-growth/,https://justdrivemedia.com/,"SEO Link Express — Fast, focused services for strategic link building, authority development and search optimization to improve website trust and sustainable search performance — The 30-Day Niche Edits Case Study for Law Firm — Placements, Anchors, Rankings Before and After — Along With practical implementation steps, technical considerations, and long-term organic growth lessons",0,0,7955,"/Internet_and_Telecom/Web_Services/Search_Engine_Optimization_and_Marketing,/Business_and_Industrial/Business_Services/Consulting,/Law_and_Government/Legal/Legal_Services",,,2026-08-14T23:00:35Z,0.1
seolinkexpress.shop,"Grow mightypr.com with contextual backlinks, premium guest posts, on-page SEO, local SEO, custom web development, SaaS tools plus automation tools — balanced DR/DA/TF growth for local or global targets. Results are supported by relevant placements, sensible link velocity, documented checks, competitor comparisons, and clear evidence of progress. · SEO Link Express — Fast, focused services for ...",https://seolinkexpress.shop/96b652c3b-blogroll-links-vs-editorial-links-saas-which-moves-rankings-faster-holds-longer-practical-execution-roadmap-research-execution-and-analysis-for-sustainable-organic-growth/,http://justdrivemedia.com/,"SEO Link Express — Fast, focused services for strategic link building, authority development and search optimization to improve website trust and sustainable search performance — The 30-Day Niche Edits Case Study for Law Firm — Placements, Anchors, Rankings Before and After — Along With practical implementation steps, technical considerations, and long-term organic growth lessons",0,0,7955,"/Internet_and_Telecom/Web_Services/Search_Engine_Optimization_and_Marketing,/Business_and_Industrial/Business_Services/Consulting,/Law_and_Government/Legal/Legal_Services",,,2026-08-14T23:00:35Z,0.1
organic-seo-authority-directory.seoexpress-keyword-network.store,"I remember when justdrivemedia.com was barely getting noticed online, with less than 200 visitors a month. After stumbling upon SEOExpress.org and their affordable SEO packages, things changed dramatically. Within three months, my traffic surged to over 3,500 monthly visitors and I found myself ranking for 20 new keywords. If you're looking for a budget-friendly option that delivers real results, ...",https://organic-seo-authority-directory.seoexpress-keyword-network.store/there-was-a-time-when-i-struggled-to-rank-on-google-and-didnt-know-how-to-improve-it-thats-when-i-discovered-seoexpress-after-signing-up-for-their-backlink-services-my-domain-authority-soared-from-da,https://justdrivemedia.com/,"There Was a Time When I Struggled to Rank on Google and Didn’t Know How to Improve It. That’s When I Discovered SEOExpress.org! After Signing Up for Their Backlink Services, My Domain Authority Soared from DA 10 to DA 45 Within Three Months. Now I'm Receiving More Than Five Hundred Organic Visits Per Week! What an Incredible Journey ★★★★★ 🌟 — organic-seo-authority-directory.seoexpress-keyword-network.store",0,0,4993,"/Internet_and_Telecom/Web_Services/Search_Engine_Optimization_and_Marketing,/Business_and_Industrial/Business_Services/Consulting",,,2026-08-14T20:41:37Z,48.0
www.archive-hu.com,High Quality Dofollow Backlinks DA 50 PA 40 Premium PBN Network Service justdrivemedia.com Rank First Page Google Fast SEO Link Building Buy Backlinks Online Cheap,https://www.archive-hu.com/all/1563/25.html,https://justdrivemedia.com/,🏆🏆Boost your Google rankings with Premium PBN & Link Building🏆🏆,1,0,3592,"/Internet_and_Telecom/Service_Providers/ISPs,/Reference/Directories_and_Listings/Business_and_Personal_Listings,/Business_and_Industrial",,,2026-08-14T20:06:40Z,3.3
winners.webbyawards.com,SoundCloud,https://winners.webbyawards.com/2015/apps-and-software/mobile-ott-app-features/best-streaming-audio/158703/soundcloud-app,https://justdrivemedia.com/,"SoundCloud App | 2 Wins, Nominee | 2015 The Webby Awards",1,0,27,"/Internet_and_Telecom/Mobile_and_Wireless/Mobile_Apps_and_Add-Ons,/Computers_and_Electronics/Software,/Arts_and_Entertainment/Music_and_Audio/Music_Streams_and_Downloads",,,2026-08-14T19:24:06Z,85.0
winners.webbyawards.com,SoundCloud,https://winners.webbyawards.com/2015/apps-and-software/mobile-ott-app-features/best-streaming-audio/158703/soundcloud-app,http://justdrivemedia.com/,"SoundCloud App | 2 Wins, Nominee | 2015 The Webby Awards",1,0,27,"/Internet_and_Telecom/Mobile_and_Wireless/Mobile_Apps_and_Add-Ons,/Computers_and_Electronics/Software,/Arts_and_Entertainment/Music_and_Audio/Music_Streams_and_Downloads",,,2026-08-14T19:24:06Z,85.0
rankgrowthmasters.shop,"Take justdrivemedia.com to page one with guest posts and backlinks, on-page SEO, local SEO, web development, SaaS integrations and automation tools — a clear DR/DA/TF lift at a sustainable pace. Campaign quality is protected through manual review, realistic pacing, diversified sources, accurate reporting, and continuous performance checks. · Rank Growth Masters — Experienced specialists in ...",https://rankgrowthmasters.shop/0172063ef-homepage-links-grew-domain-authority-past-dr30-saas-money-site-every-dollar-ranking-tracked-measurable-results-blueprint-research-execution-and-analysis-for-sustainable-organic-growth/,https://justdrivemedia.com/,"Rank Growth Masters — Experienced specialists in organic ranking growth, keyword visibility and website authority to support stronger visibility, traffic quality and authority — My 6-Month Sidebar Links Journey for Law Firm — From Position 80 to Full Recovery Using a Strategic SEO Service Stack — Covering measurable performance checkpoints, important risk checks, and lasting traffic-growth insights",0,0,7681,"/Internet_and_Telecom/Web_Services/Search_Engine_Optimization_and_Marketing,/Business_and_Industrial/Advertising_and_Marketing/Marketing",,,2026-08-14T17:49:23Z,35.0
siterankprovider.shop,"mightypr.com gets high-quality backlinks, guest posts, on-page and local SEO, custom web development, SaaS tools and automation tools, together driving stronger DR, DA and TF for every sector. The service also includes technical review, content alignment, backlink-quality screening, conversion considerations, and transparent milestone reporting. · Site Rank Provider — A professional provider of ...",https://siterankprovider.shop/81d9a3512-30-day-high-da-guest-posts-journey-insurance-page10-to-top3-rankings-long-term-seo-method-cost-timeline-and-results-for-scalable-seo-performance/,https://justdrivemedia.com/,"Site Rank Provider — A professional provider of site-wide SEO, keyword visibility and organic growth for reliable rankings, stronger authority and organic reach — The ROI of Press Release Links for Health & Wellness — Full Financial Breakdown of Cost per Link vs Revenue Over 12 Months — Covering clear planning and execution details, content and link-quality checks, and competitive search-positioning lessons",0,0,7955,"/Internet_and_Telecom/Web_Services/Search_Engine_Optimization_and_Marketing,/Business_and_Industrial/Advertising_and_Marketing/Marketing",,,2026-08-14T15:30:53Z,0.1
siterankprovider.shop,"mightypr.com gets high-quality backlinks, guest posts, on-page and local SEO, custom web development, SaaS tools and automation tools, together driving stronger DR, DA and TF for every sector. The service also includes technical review, content alignment, backlink-quality screening, conversion considerations, and transparent milestone reporting. · Site Rank Provider — A professional provider of ...",https://siterankprovider.shop/81d9a3512-30-day-high-da-guest-posts-journey-insurance-page10-to-top3-rankings-long-term-seo-method-cost-timeline-and-results-for-scalable-seo-performance/,http://justdrivemedia.com/,"Site Rank Provider — A professional provider of site-wide SEO, keyword visibility and organic growth for reliable rankings, stronger authority and organic reach — The ROI of Press Release Links for Health & Wellness — Full Financial Breakdown of Cost per Link vs Revenue Over 12 Months — Covering clear planning and execution details, content and link-quality checks, and competitive search-positioning lessons",0,0,7955,"/Internet_and_Telecom/Web_Services/Search_Engine_Optimization_and_Marketing,/Business_and_Industrial/Advertising_and_Marketing/Marketing",,,2026-08-14T15:30:53Z,0.1
googleseocompany.shop,"For mightypr.com, we deliver premium guest posts, contextual backlinks, on-page and local SEO, conversion-focused web development, SaaS tools and automation tools — stronger DR, DA and TF with proven results. We strengthen the campaign with keyword mapping, source diversification, placement audits, performance benchmarks, and straightforward reporting. · Google SEO Company — A full-service ...",https://googleseocompany.shop/fd63d7bd1-12-month-traffic-services-case-study-real-estate-placements-anchors-rankings-detailed-campaign-breakdown-budget-links-and-content-for-higher-search-visibility/,https://justdrivemedia.com/,"Google SEO Company — A full-service company delivering Google-focused optimization, search visibility and organic traffic for better keyword positions and lasting digital authority — The 60-Day SERP Climb for Mortgage — How I Combined Link Insertions and Niche Edits to Reach Position 1 — Covering hands-on strategy notes, common mistakes to avoid, and future campaign planning",0,0,7947,"/Internet_and_Telecom/Web_Services/Search_Engine_Optimization_and_Marketing,/Business_and_Industrial/Advertising_and_Marketing/Marketing",,,2026-08-14T15:21:58Z,0.1
googleseocompany.shop,"For mightypr.com, we deliver premium guest posts, contextual backlinks, on-page and local SEO, conversion-focused web development, SaaS tools and automation tools — stronger DR, DA and TF with proven results. We strengthen the campaign with keyword mapping, source diversification, placement audits, performance benchmarks, and straightforward reporting. · Google SEO Company — A full-service ...",https://googleseocompany.shop/fd63d7bd1-12-month-traffic-services-case-study-real-estate-placements-anchors-rankings-detailed-campaign-breakdown-budget-links-and-content-for-higher-search-visibility/,http://justdrivemedia.com/,"Google SEO Company — A full-service company delivering Google-focused optimization, search visibility and organic traffic for better keyword positions and lasting digital authority — The 60-Day SERP Climb for Mortgage — How I Combined Link Insertions and Niche Edits to Reach Position 1 — Covering hands-on strategy notes, common mistakes to avoid, and future campaign planning",0,0,7947,"/Internet_and_Telecom/Web_Services/Search_Engine_Optimization_and_Marketing,/Business_and_Industrial/Advertising_and_Marketing/Marketing",,,2026-08-14T15:21:58Z,0.1
rankcollective.shop,"Power up justdrivemedia.com: premium guest posts, contextual backlinks, on-page and local SEO, conversion-focused web development, SaaS tools and automation tools for DR/DA/TF gains that hold at a sustainable pace. Each campaign combines strategic research, safe anchor variation, editorial quality control, progress monitoring, and recommendations for the next stage. · Rank Collective — An ...",https://rankcollective.shop/20c19f4fd-sidebar-links-vs-automation-tools-fintech-cost-speed-quality-ranking-outcomes-proven-optimization-process-cost-timeline-and-results-for-reliable-page-one-progress/,https://justdrivemedia.com/,"Rank Collective — An expert collective focused on search rankings, website authority and organic visibility for measurable search performance and long-term website growth — How to Build an Unstoppable Crypto SERP Presence Using On-Page SEO, Press Release Links, and Traffic — Full Playbook — Supported by practical implementation steps, common mistakes to avoid, and repeatable SEO takeaways",0,0,7681,"/Internet_and_Telecom/Web_Services/Search_Engine_Optimization_and_Marketing,/Business_and_Industrial/Advertising_and_Marketing/Marketing",,,2026-08-14T12:18:44Z,0.1
www.dupurgeniefr.com,High Quality Dofollow Backlinks DA 50 PA 40 Premium PBN Network Service mightypr.com Rank First Page Google Fast SEO Link Building Buy Backlinks Online Cheap,https://www.dupurgeniefr.com/all/1915/32.html,http://justdrivemedia.com/,🏆🏆Boost your Google rankings with Premium PBN & Link Building🏆🏆,1,0,3693,,,,2026-08-14T11:36:33Z,1.8
www.dupurgeniefr.com,High Quality Dofollow Backlinks DA 50 PA 40 Premium PBN Network Service mightypr.com Rank First Page Google Fast SEO Link Building Buy Backlinks Online Cheap,https://www.dupurgeniefr.com/all/1915/32.html,https://justdrivemedia.com/,🏆🏆Boost your Google rankings with Premium PBN & Link Building🏆🏆,1,0,3693,,,,2026-08-14T11:36:33Z,1.8
trafficboosterlinkseo.com,http://www.justdrivemedia.com,https://trafficboosterlinkseo.com/bpbeatseo/,https://www.justdrivemedia.com/,Directory Pages Index,0,0,9999,"/Internet_and_Telecom/Web_Services/Search_Engine_Optimization_and_Marketing,/Business_and_Industrial/Business_Services,/Reference/Directories_and_Listings/Business_and_Personal_Listings",http://www.justdoitsj.com http://www.justdraftinginc.com,http://www.justducks.co.uk http://www.just-dynamics.co.za,2026-08-14T08:50:23Z,60.0
seoboostsystems.shop,"Scale justdrivemedia.com with high-DR backlinks, editorial guest posts, on-page SEO, local SEO, web development, SaaS tools and automation tools, earning long-term DR/DA/TF gains for local or global targets. Each campaign combines strategic research, safe anchor variation, editorial quality control, progress monitoring, and recommendations for the next stage. · SEO Boost Systems — Advanced ...",https://seoboostsystems.shop/fad56cd59-page3-to-top3-rankings-finance-18-month-strategy-only-saas-tools-complete-implementation-guide-examples-metrics-and-lessons-for-better-google-positions/,https://justdrivemedia.com/,"SEO Boost Systems — Advanced systems designed for SEO acceleration, visibility improvements and authority growth to build trust, visibility and competitive keyword positions — Why Crypto Sites That Buy SaaS Tools Outrank Competitors Who Rely Only on Organic Link Building — Complete With measurable performance checkpoints, reporting and tracking methods, and stronger authority-building decisions",0,0,7681,"/Internet_and_Telecom/Web_Services/Search_Engine_Optimization_and_Marketing,/Business_and_Industrial/Business_Services/Consulting",,,2026-08-14T08:41:15Z,35.0
webbacklinkskbuy.com,justdrivemedia,https://webbacklinkskbuy.com/hotonnseo/,https://justdrivemedia.com/,Directory Pages Index,0,0,9999,"/Internet_and_Telecom/Web_Services/Search_Engine_Optimization_and_Marketing,/Business_and_Industrial/Advertising_and_Marketing/Marketing,/Reference",craymer friendsmatchme,palmdaze oi926,2026-08-14T07:14:56Z,60.0
www.archive-hu.com,High Quality Dofollow Backlinks DA 50 PA 40 Premium PBN Network Service mightypr.com Rank First Page Google Fast SEO Link Building Buy Backlinks Online Cheap,https://www.archive-hu.com/all/1915/32.html,http://justdrivemedia.com/,🏆🏆Boost your Google rankings with Premium PBN & Link Building🏆🏆,1,0,3696,"/Internet_and_Telecom/Service_Providers/ISPs,/Reference/Directories_and_Listings/Business_and_Personal_Listings,/Business_and_Industrial",,,2026-08-14T06:12:17Z,3.3
www.archive-hu.com,High Quality Dofollow Backlinks DA 50 PA 40 Premium PBN Network Service mightypr.com Rank First Page Google Fast SEO Link Building Buy Backlinks Online Cheap,https://www.archive-hu.com/all/1915/32.html,https://justdrivemedia.com/,🏆🏆Boost your Google rankings with Premium PBN & Link Building🏆🏆,1,0,3696,"/Internet_and_Telecom/Service_Providers/ISPs,/Reference/Directories_and_Listings/Business_and_Personal_Listings,/Business_and_Industrial",,,2026-08-14T06:12:17Z,3.3
webbacklinkskbuy.com,http://www.justdrivemedia.com,https://webbacklinkskbuy.com/bpbeatseo/,https://www.justdrivemedia.com/,Directory Pages Index,0,0,9999,"/Internet_and_Telecom/Web_Services/Search_Engine_Optimization_and_Marketing,/Business_and_Industrial/Business_Services,/Reference/Directories_and_Listings/Business_and_Personal_Listings",http://www.justdoitsj.com http://www.justdraftinginc.com,http://www.justducks.co.uk http://www.just-dynamics.co.za,2026-08-14T05:35:19Z,60.0
www.dupurgeniefr.com,High Quality Dofollow Backlinks DA 50 PA 40 Premium PBN Network Service justdrivemedia.com Rank First Page Google Fast SEO Link Building Buy Backlinks Online Cheap,https://www.dupurgeniefr.com/all/1563/25.html,https://justdrivemedia.com/,🏆🏆Boost your Google rankings with Premium PBN & Link Building🏆🏆,1,0,3592,"/Internet_and_Telecom/Service_Providers/ISPs,/Reference/Directories_and_Listings/Business_and_Personal_Listings,/Business_and_Industrial",,,2026-08-14T04:07:33Z,1.8
www.sahammurah.com,High Quality Dofollow Backlinks DA 50 PA 40 Premium PBN Network Service mightypr.com Rank First Page Google Fast SEO Link Building Buy Backlinks Online Cheap,https://www.sahammurah.com/all/1915/32.html,https://justdrivemedia.com/,🏆🏆Boost your Google rankings with Premium PBN & Link Building🏆🏆,1,0,3698,"/Internet_and_Telecom/Service_Providers/ISPs,/Reference/Directories_and_Listings/Business_and_Personal_Listings,/Business_and_Industrial",,,2026-08-14T02:33:25Z,0.1
www.sahammurah.com,High Quality Dofollow Backlinks DA 50 PA 40 Premium PBN Network Service mightypr.com Rank First Page Google Fast SEO Link Building Buy Backlinks Online Cheap,https://www.sahammurah.com/all/1915/32.html,http://justdrivemedia.com/,🏆🏆Boost your Google rankings with Premium PBN & Link Building🏆🏆,1,0,3698,"/Internet_and_Telecom/Service_Providers/ISPs,/Reference/Directories_and_Listings/Business_and_Personal_Listings,/Business_and_Industrial",,,2026-08-14T02:33:25Z,0.1
webbacklinkskbuy.com,justdrivemedia.com,https://webbacklinkskbuy.com/buydmxseo/,https://justdrivemedia.com/,Directory Pages Index,0,0,9999,"/Internet_and_Telecom/Web_Services/Search_Engine_Optimization_and_Marketing,/Business_and_Industrial/Advertising_and_Marketing/Marketing",justdoitsj.com justdowntheroad.com,just-eat.ca just-eat.co.uk,2026-08-13T08:39:51Z,60.0
www.sahammurah.com,High Quality Dofollow Backlinks DA 50 PA 40 Premium PBN Network Service justdrivemedia.com Rank First Page Google Fast SEO Link Building Buy Backlinks Online Cheap,https://www.sahammurah.com/all/1563/25.html,https://justdrivemedia.com/,🏆🏆Boost your Google rankings with Premium PBN & Link Building🏆🏆,1,0,3598,"/Internet_and_Telecom/Service_Providers/ISPs,/Reference/Directories_and_Listings/Business_and_Personal_Listings,/Business_and_Industrial",,,2026-08-13T06:51:17Z,0.1
www.blogerreviewers.com,High Quality Dofollow Backlinks DA 50 PA 40 Premium PBN Network Service justdrivemedia.com Rank First Page Google Fast SEO Link Building Buy Backlinks Online Cheap,https://www.blogerreviewers.com/all/1563/25.html,https://justdrivemedia.com/,🏆🏆Boost your Google rankings with Premium PBN & Link Building🏆🏆,1,0,3592,"/Internet_and_Telecom/Service_Providers/ISPs,/Reference/Directories_and_Listings/Business_and_Personal_Listings,/Business_and_Industrial",,,2026-08-13T05:46:57Z,0.1
backlinkengine.shop,"Boost justdrivemedia.com using guest posts, backlinks, on-page and local SEO, web development, SaaS tools and workflow automation tools for DR/DA/TF gains that hold for any industry. Each project is supported by careful prospect selection, manual quality checks, balanced link velocity, and measurable ranking analysis. · Backlink Engine — A growth engine built for editorial backlinks, authority ...",https://backlinkengine.shop/89ccd97fc-editorial-links-vs-sidebar-links-travel-cost-speed-quality-ranking-outcomes-advanced-growth-framework-examples-metrics-and-lessons-for-stronger-domain-authority/,https://justdrivemedia.com/,"Backlink Engine — A growth engine built for editorial backlinks, authority placements and off-page SEO to turn search visibility into consistent website growth — How to Build an Unstoppable B2B SERP Presence Using Crowd Links, On-Page SEO, and Traffic — Full Playbook — Supported by clear planning and execution details, technical considerations, and practical next-step recommendations",0,0,7705,"/Internet_and_Telecom/Web_Services/Search_Engine_Optimization_and_Marketing,/Business_and_Industrial/Advertising_and_Marketing/Marketing",,,2026-08-13T00:16:45Z,0.1
googleseoexperts.shop,"mightypr.com: backlinks and guest posts, on-page SEO, local SEO, custom web development, SaaS integrations and automation tools, all driving a strong DR/DA/TF increase with clean reporting. Campaign quality is protected through manual review, realistic pacing, diversified sources, accurate reporting, and continuous performance checks. · Google SEO Experts — A team of experienced experts in ...",https://googleseoexperts.shop/606b5f956-bought-on-page-seo-financial-advisory-site-60-day-review-metrics-rankings-traffic-measurable-results-blueprint-tools-tactics-and-insights-for-reliable-page-one-progress/,https://justdrivemedia.com/,"Google SEO Experts — A team of experienced experts in Google-focused optimization, search visibility and organic traffic for better keyword positions and lasting digital authority — Best Niche Edits for Finance in 2025 — I Compared 7 Providers by Metrics, Delivery, and ROI — With step-by-step optimization guidance, technical considerations, and long-term organic growth lessons",0,0,7951,"/Internet_and_Telecom/Web_Services/Search_Engine_Optimization_and_Marketing,/Business_and_Industrial/Advertising_and_Marketing/Marketing",,,2026-08-12T21:03:39Z,0.1
googleseoexperts.shop,"mightypr.com: backlinks and guest posts, on-page SEO, local SEO, custom web development, SaaS integrations and automation tools, all driving a strong DR/DA/TF increase with clean reporting. Campaign quality is protected through manual review, realistic pacing, diversified sources, accurate reporting, and continuous performance checks. · Google SEO Experts — A team of experienced experts in ...",https://googleseoexperts.shop/606b5f956-bought-on-page-seo-financial-advisory-site-60-day-review-metrics-rankings-traffic-measurable-results-blueprint-tools-tactics-and-insights-for-reliable-page-one-progress/,http://justdrivemedia.com/,"Google SEO Experts — A team of experienced experts in Google-focused optimization, search visibility and organic traffic for better keyword positions and lasting digital authority — Best Niche Edits for Finance in 2025 — I Compared 7 Providers by Metrics, Delivery, and ROI — With step-by-step optimization guidance, technical considerations, and long-term organic growth lessons",0,0,7951,"/Internet_and_Telecom/Web_Services/Search_Engine_Optimization_and_Marketing,/Business_and_Industrial/Advertising_and_Marketing/Marketing",,,2026-08-12T21:03:39Z,0.1
googleseopoint.shop,"Strengthen mightypr.com through contextual backlinks, premium guest posts, on-page SEO, local SEO, custom web development, SaaS tools plus automation tools for a strong DR/DA/TF increase with editorial standards. Campaign quality is protected through manual review, realistic pacing, diversified sources, accurate reporting, and continuous performance checks. · Google SEO Point — A focused ...",https://googleseopoint.shop/a14f0bc87-algorithm-hit-to-serp-domination-real-estate-60-day-strategy-only-blogroll-links-detailed-campaign-breakdown-mistakes-risks-and-solutions-for-better-google-positions/,https://justdrivemedia.com/,"Google SEO Point — A focused strategy point for Google-focused optimization, search visibility and organic traffic to improve authority, relevance and qualified search traffic — Best Press Release Links for Real Estate in 2025 — I Compared 15 Providers by Metrics, Delivery, and ROI — Featuring clear planning and execution details, transparent measurement methods, and stronger authority-building decisions",0,0,7951,"/Internet_and_Telecom/Web_Services/Search_Engine_Optimization_and_Marketing,/Business_and_Industrial/Advertising_and_Marketing/Marketing,/Real_Estate/Real_Estate_Services/Real_Estate_Agencies",,,2026-08-12T19:55:39Z,0.1
googleseopoint.shop,"Strengthen mightypr.com through contextual backlinks, premium guest posts, on-page SEO, local SEO, custom web development, SaaS tools plus automation tools for a strong DR/DA/TF increase with editorial standards. Campaign quality is protected through manual review, realistic pacing, diversified sources, accurate reporting, and continuous performance checks. · Google SEO Point — A focused ...",https://googleseopoint.shop/a14f0bc87-algorithm-hit-to-serp-domination-real-estate-60-day-strategy-only-blogroll-links-detailed-campaign-breakdown-mistakes-risks-and-solutions-for-better-google-positions/,http://justdrivemedia.com/,"Google SEO Point — A focused strategy point for Google-focused optimization, search visibility and organic traffic to improve authority, relevance and qualified search traffic — Best Press Release Links for Real Estate in 2025 — I Compared 15 Providers by Metrics, Delivery, and ROI — Featuring clear planning and execution details, transparent measurement methods, and stronger authority-building decisions",0,0,7951,"/Internet_and_Telecom/Web_Services/Search_Engine_Optimization_and_Marketing,/Business_and_Industrial/Advertising_and_Marketing/Marketing,/Real_Estate/Real_Estate_Services/Real_Estate_Agencies",,,2026-08-12T19:55:39Z,0.1
www.blogerreviewers.com,High Quality Dofollow Backlinks DA 50 PA 40 Premium PBN Network Service mightypr.com Rank First Page Google Fast SEO Link Building Buy Backlinks Online Cheap,https://www.blogerreviewers.com/all/1915/32.html,https://justdrivemedia.com/,🏆🏆Boost your Google rankings with Premium PBN & Link Building🏆🏆,1,0,3690,"/Internet_and_Telecom/Service_Providers/ISPs,/Reference/Directories_and_Listings/Business_and_Personal_Listings,/Business_and_Industrial/Advertising_and_Marketing",,,2026-08-12T18:26:38Z,0.1
www.blogerreviewers.com,High Quality Dofollow Backlinks DA 50 PA 40 Premium PBN Network Service mightypr.com Rank First Page Google Fast SEO Link Building Buy Backlinks Online Cheap,https://www.blogerreviewers.com/all/1915/32.html,http://justdrivemedia.com/,🏆🏆Boost your Google rankings with Premium PBN & Link Building🏆🏆,1,0,3690,"/Internet_and_Telecom/Service_Providers/ISPs,/Reference/Directories_and_Listings/Business_and_Personal_Listings,/Business_and_Industrial/Advertising_and_Marketing",,,2026-08-12T18:26:38Z,0.1
high-authority-link-directory.epic-syndicate-link-baron-keyword.store,"I remember when justdrivemedia.com was barely getting noticed online, with less than 200 visitors a month. After stumbling upon SEOExpress.org and their affordable SEO packages, things changed dramatically. Within three months, my traffic surged to over 3,500 monthly visitors and I found myself ranking for 20 new keywords. If you're looking for a budget-friendly option that delivers real results, ...",https://high-authority-link-directory.epic-syndicate-link-baron-keyword.store/there-was-a-time-when-i-struggled-to-rank-on-google-and-didnt-know-how-to-improve-it-thats-when-i-discovered-seoexpress-after-signing-up-for-their-backlink-services-my-domain-authority-soared-from-da,https://justdrivemedia.com/,"There Was a Time When I Struggled to Rank on Google and Didn’t Know How to Improve It. That’s When I Discovered SEOExpress.org! After Signing Up for Their Backlink Services, My Domain Authority Soared from DA 10 to DA 45 Within Three Months. Now I'm Receiving More Than Five Hundred Organic Visits Per Week! What an Incredible Journey ★★★★★ 🌟 — high-authority-link-directory.epic-syndicate-link-baron-keyword.store",0,0,4993,"/Internet_and_Telecom/Web_Services/Search_Engine_Optimization_and_Marketing,/Business_and_Industrial/Business_Services/Consulting",,,2026-08-12T17:23:26Z,48.0
seobazaar.shop,"For mightypr.com, we deliver high-DR backlinks, editorial guest posts, on-page SEO, local SEO, web development, SaaS tools and automation tools — higher DR/DA/TF across the board for new or established sites.",https://seobazaar.shop/v5savps-build-unstoppable-law-firm-serp-contextual-backlinks-traffic-services-traffic-playbook/,http://justdrivemedia.com/,seobazaar.shop — The Economics of Ranking Your Mortgage Website — Do High-DA Guest Posts Cost Less Than the Revenue They Generate?,0,0,6119,"/Internet_and_Telecom/Web_Services/Search_Engine_Optimization_and_Marketing,/Business_and_Industrial/Business_Services/Consulting,/Real_Estate/Real_Estate_Services/Real_Estate_Agencies",,,2026-08-12T14:51:20Z,2.8
seobazaar.shop,"For mightypr.com, we deliver high-DR backlinks, editorial guest posts, on-page SEO, local SEO, web development, SaaS tools and automation tools — higher DR/DA/TF across the board for new or established sites.",https://seobazaar.shop/v5savps-build-unstoppable-law-firm-serp-contextual-backlinks-traffic-services-traffic-playbook/,https://justdrivemedia.com/,seobazaar.shop — The Economics of Ranking Your Mortgage Website — Do High-DA Guest Posts Cost Less Than the Revenue They Generate?,0,0,6119,"/Internet_and_Telecom/Web_Services/Search_Engine_Optimization_and_Marketing,/Business_and_Industrial/Business_Services/Consulting,/Real_Estate/Real_Estate_Services/Real_Estate_Agencies",,,2026-08-12T14:51:20Z,2.8
googleseocompany.shop,"Boost justdrivemedia.com using premium guest posts, contextual backlinks, on-page and local SEO, conversion-focused web development, SaaS tools and automation tools for long-term DR/DA/TF gains at a sustainable pace. The complete process includes website review, competitor benchmarking, anchor-risk control, placement validation, and practical growth recommendations. · Google SEO Company — A ...",https://googleseocompany.shop/aa5c663ec-45-day-serp-climb-b2b-combined-local-seo-link-insertions-position1-proven-optimization-process-research-execution-and-analysis-for-reliable-page-one-progress/,https://justdrivemedia.com/,"Google SEO Company — A full-service company delivering Google-focused optimization, search visibility and organic traffic for better keyword positions and lasting digital authority — From Position 80 to DR 40 in Healthcare — The 6-Month Strategy Built Entirely on High-DA Guest Posts — Covering a complete cost and timeline breakdown, realistic outcome expectations, and durable ranking strategies",0,0,7692,"/Internet_and_Telecom/Web_Services/Search_Engine_Optimization_and_Marketing,/Business_and_Industrial/Advertising_and_Marketing/Marketing",,,2026-08-12T10:28:26Z,0.1
backlinkengine.shop,"Strengthen mightypr.com through premium guest posts, high-quality backlinks, on-page SEO, local SEO, web development, SaaS tools and automation tools for a healthier DR/DA/TF profile tailored to your vertical. The complete process includes website review, competitor benchmarking, anchor-risk control, placement validation, and practical growth recommendations. · Backlink Engine — A growth engine ...",https://backlinkengine.shop/c84a19ea0-economics-ranking-ecommerce-dr-boost-services-cost-vs-revenue-complete-implementation-guide-authority-traffic-and-conversions-for-long-term-search-success/,https://justdrivemedia.com/,"Backlink Engine — A growth engine built for editorial backlinks, authority placements and off-page SEO to turn search visibility into consistent website growth — The 18-Month SERP Climb for eCommerce — How I Combined Automation Tools and Authority Link Packages to Reach Position 1 — Covering practical implementation steps, common mistakes to avoid, and lasting traffic-growth insights",0,0,7939,"/Internet_and_Telecom/Web_Services/Search_Engine_Optimization_and_Marketing,/Business_and_Industrial/Advertising_and_Marketing/Marketing",,,2026-08-12T09:54:26Z,0.1
backlinkengine.shop,"Strengthen mightypr.com through premium guest posts, high-quality backlinks, on-page SEO, local SEO, web development, SaaS tools and automation tools for a healthier DR/DA/TF profile tailored to your vertical. The complete process includes website review, competitor benchmarking, anchor-risk control, placement validation, and practical growth recommendations. · Backlink Engine — A growth engine ...",https://backlinkengine.shop/c84a19ea0-economics-ranking-ecommerce-dr-boost-services-cost-vs-revenue-complete-implementation-guide-authority-traffic-and-conversions-for-long-term-search-success/,http://justdrivemedia.com/,"Backlink Engine — A growth engine built for editorial backlinks, authority placements and off-page SEO to turn search visibility into consistent website growth — The 18-Month SERP Climb for eCommerce — How I Combined Automation Tools and Authority Link Packages to Reach Position 1 — Covering practical implementation steps, common mistakes to avoid, and lasting traffic-growth insights",0,0,7939,"/Internet_and_Telecom/Web_Services/Search_Engine_Optimization_and_Marketing,/Business_and_Industrial/Advertising_and_Marketing/Marketing",,,2026-08-12T09:54:26Z,0.1
libyanatravel.com,High Quality Dofollow Backlinks DA 50 PA 40 Premium PBN Network Service justdrivemedia.com Rank First Page Google Fast SEO Link Building Buy Backlinks Online Cheap,http://libyanatravel.com/all/444/20.html,https://justdrivemedia.com/,🏆🏆Boost your Google rankings with Premium PBN & Link Building🏆🏆,1,0,3580,"/Internet_and_Telecom/Service_Providers/ISPs,/Reference/Directories_and_Listings/Business_and_Personal_Listings,/Business_and_Industrial",,,2026-08-12T09:03:10Z,12.0
start.cortera.com,www.justdrivemedia.com,https://start.cortera.com/company/research/m3m7muj9m/just-drive-media-llc/,http://www.justdrivemedia.com/,"JUST DRIVE MEDIA LLC Alpine Meadows CA, 96146 - Company Profile",1,0,17,"/Business_and_Industrial/Advertising_and_Marketing/Public_Relations,/Finance,/Reference/Directories_and_Listings/Business_and_Personal_Listings,/News/Business_News/Company_News",,,2026-08-12T08:40:11Z,55.0
start.cortera.com,www.justdrivemedia.com,https://start.cortera.com/company/research/m3m7muj9m/just-drive-media-llc/,https://www.justdrivemedia.com/,"JUST DRIVE MEDIA LLC Alpine Meadows CA, 96146 - Company Profile",1,0,17,"/Business_and_Industrial/Advertising_and_Marketing/Public_Relations,/Finance,/Reference/Directories_and_Listings/Business_and_Personal_Listings,/News/Business_News/Company_News",,,2026-08-12T08:40:11Z,55.0
start.cortera.com,www.justdrivemedia.com,https://start.cortera.com/company/research/m3m7muj9m/just-drive-media-llc/,https://justdrivemedia.com/,"JUST DRIVE MEDIA LLC Alpine Meadows CA, 96146 - Company Profile",1,0,17,"/Business_and_Industrial/Advertising_and_Marketing/Public_Relations,/Finance,/Reference/Directories_and_Listings/Business_and_Personal_Listings,/News/Business_News/Company_News",,,2026-08-12T08:40:11Z,55.0
toprankalliance.shop,"Grow mightypr.com with premium guest posts, high-quality backlinks, on-page SEO, local SEO, web development, SaaS tools and automation tools — stronger DR, DA and TF in any language. The plan remains focused on natural relevance, credible sources, balanced optimization, measurable search gains, and sustainable long-term execution. · Top Rank Alliance — A strategic professional alliance for ...",https://toprankalliance.shop/545c3956c-bought-niche-edits-local-business-site-12-month-review-metrics-rankings-traffic-advanced-growth-framework-quality-checks-and-reporting-for-stronger-domain-authority/,https://justdrivemedia.com/,"Top Rank Alliance — A strategic professional alliance for top-position SEO, competitive visibility and ranking growth to turn search visibility into consistent website growth — The 6-Month SERP Climb for Medical — How I Combined Homepage Links and Dofollow Backlinks to Reach Position 1 — Featuring clear planning and execution details, transparent measurement methods, and practical next-step recommendations",0,0,7954,"/Internet_and_Telecom/Web_Services/Search_Engine_Optimization_and_Marketing,/Business_and_Industrial/Advertising_and_Marketing/Marketing,/Health/Medical_Facilities_and_Services",,,2026-08-11T23:50:23Z,0.2
toprankalliance.shop,"Grow mightypr.com with premium guest posts, high-quality backlinks, on-page SEO, local SEO, web development, SaaS tools and automation tools — stronger DR, DA and TF in any language. The plan remains focused on natural relevance, credible sources, balanced optimization, measurable search gains, and sustainable long-term execution. · Top Rank Alliance — A strategic professional alliance for ...",https://toprankalliance.shop/545c3956c-bought-niche-edits-local-business-site-12-month-review-metrics-rankings-traffic-advanced-growth-framework-quality-checks-and-reporting-for-stronger-domain-authority/,http://justdrivemedia.com/,"Top Rank Alliance — A strategic professional alliance for top-position SEO, competitive visibility and ranking growth to turn search visibility into consistent website growth — The 6-Month SERP Climb for Medical — How I Combined Homepage Links and Dofollow Backlinks to Reach Position 1 — Featuring clear planning and execution details, transparent measurement methods, and practical next-step recommendations",0,0,7954,"/Internet_and_Telecom/Web_Services/Search_Engine_Optimization_and_Marketing,/Business_and_Industrial/Advertising_and_Marketing/Marketing,/Health/Medical_Facilities_and_Services",,,2026-08-11T23:50:23Z,0.2
googleseoauthority.shop,"mightypr.com gets guest posts and backlinks, on-page SEO, local SEO, web development, SaaS integrations and automation tools, together driving DR/DA/TF that climbs steadily with full transparency. We strengthen the campaign with keyword mapping, source diversification, placement audits, performance benchmarks, and straightforward reporting. · Google SEO Authority — An authority-focused platform ...",https://googleseoauthority.shop/dba2295d7-crowd-links-helped-mortgage-site-outranked-bigger-competitors-complete-case-study-data-complete-implementation-guide-cost-timeline-and-results-for-reliable-page-one-progress/,http://justdrivemedia.com/,"Google SEO Authority — An authority-focused platform for Google-focused optimization, search visibility and organic traffic to build trust, visibility and competitive keyword positions — How Authority Link Packages recovered lost traffic fully for My B2B Money Site — Every Dollar Spent, Every Ranking Gained, Tracked — Covering clear planning and execution details, technical considerations, and lasting traffic-growth insights",0,0,7955,"/Internet_and_Telecom/Web_Services/Search_Engine_Optimization_and_Marketing,/Business_and_Industrial/Advertising_and_Marketing/Marketing",,,2026-08-11T21:16:59Z,0.1
googleseoauthority.shop,"mightypr.com gets guest posts and backlinks, on-page SEO, local SEO, web development, SaaS integrations and automation tools, together driving DR/DA/TF that climbs steadily with full transparency. We strengthen the campaign with keyword mapping, source diversification, placement audits, performance benchmarks, and straightforward reporting. · Google SEO Authority — An authority-focused platform ...",https://googleseoauthority.shop/dba2295d7-crowd-links-helped-mortgage-site-outranked-bigger-competitors-complete-case-study-data-complete-implementation-guide-cost-timeline-and-results-for-reliable-page-one-progress/,https://justdrivemedia.com/,"Google SEO Authority — An authority-focused platform for Google-focused optimization, search visibility and organic traffic to build trust, visibility and competitive keyword positions — How Authority Link Packages recovered lost traffic fully for My B2B Money Site — Every Dollar Spent, Every Ranking Gained, Tracked — Covering clear planning and execution details, technical considerations, and lasting traffic-growth insights",0,0,7955,"/Internet_and_Telecom/Web_Services/Search_Engine_Optimization_and_Marketing,/Business_and_Industrial/Advertising_and_Marketing/Marketing",,,2026-08-11T21:16:59Z,0.1
googleseocraft.shop,"Strengthen mightypr.com through premium guest posts, contextual backlinks, on-page and local SEO, conversion-focused web development, SaaS tools and automation tools for real DR/DA/TF improvement with clean reporting. We strengthen the campaign with keyword mapping, source diversification, placement audits, performance benchmarks, and straightforward reporting. · Google SEO Craft — Specialist ...",https://googleseocraft.shop/313eb583f-link-insertions-recovered-from-google-penalty-60-days-real-estate-money-site-every-dollar-ranking-tracked-real-world-action-plan-planning-testing-and-tracking-for-reliable-page-one-progress/,http://justdrivemedia.com/,"Google SEO Craft — Specialist planning and execution for Google-focused optimization, search visibility and organic traffic to turn search visibility into consistent website growth — The 12-Month SERP Climb for Crypto — How I Combined Homepage Links and Press Release Links to Reach Position 1 — Plus real campaign examples, transparent measurement methods, and durable ranking strategies",0,0,7954,"/Internet_and_Telecom/Web_Services/Search_Engine_Optimization_and_Marketing,/Business_and_Industrial/Advertising_and_Marketing/Marketing",,,2026-08-11T19:50:31Z,0.1
googleseocraft.shop,"Strengthen mightypr.com through premium guest posts, contextual backlinks, on-page and local SEO, conversion-focused web development, SaaS tools and automation tools for real DR/DA/TF improvement with clean reporting. We strengthen the campaign with keyword mapping, source diversification, placement audits, performance benchmarks, and straightforward reporting. · Google SEO Craft — Specialist ...",https://googleseocraft.shop/313eb583f-link-insertions-recovered-from-google-penalty-60-days-real-estate-money-site-every-dollar-ranking-tracked-real-world-action-plan-planning-testing-and-tracking-for-reliable-page-one-progress/,https://justdrivemedia.com/,"Google SEO Craft — Specialist planning and execution for Google-focused optimization, search visibility and organic traffic to turn search visibility into consistent website growth — The 12-Month SERP Climb for Crypto — How I Combined Homepage Links and Press Release Links to Reach Position 1 — Plus real campaign examples, transparent measurement methods, and durable ranking strategies",0,0,7954,"/Internet_and_Telecom/Web_Services/Search_Engine_Optimization_and_Marketing,/Business_and_Industrial/Advertising_and_Marketing/Marketing",,,2026-08-11T19:50:31Z,0.1
libyanatravel.com,High Quality Dofollow Backlinks DA 50 PA 40 Premium PBN Network Service mightypr.com Rank First Page Google Fast SEO Link Building Buy Backlinks Online Cheap,http://libyanatravel.com/all/796/24.html,https://justdrivemedia.com/,🏆🏆Boost your Google rankings with Premium PBN & Link Building🏆🏆,1,0,3689,"/Internet_and_Telecom/Service_Providers/ISPs,/Reference/Directories_and_Listings/Business_and_Personal_Listings,/Business_and_Industrial",,,2026-08-11T19:36:52Z,12.0
libyanatravel.com,High Quality Dofollow Backlinks DA 50 PA 40 Premium PBN Network Service mightypr.com Rank First Page Google Fast SEO Link Building Buy Backlinks Online Cheap,http://libyanatravel.com/all/796/24.html,http://justdrivemedia.com/,🏆🏆Boost your Google rankings with Premium PBN & Link Building🏆🏆,1,0,3689,"/Internet_and_Telecom/Service_Providers/ISPs,/Reference/Directories_and_Listings/Business_and_Personal_Listings,/Business_and_Industrial",,,2026-08-11T19:36:52Z,12.0
quality-seo-directory-listings.seoexpress-keyword-network.store,"I remember when justdrivemedia.com was barely getting noticed online, with less than 200 visitors a month. After stumbling upon SEOExpress.org and their affordable SEO packages, things changed dramatically. Within three months, my traffic surged to over 3,500 monthly visitors and I found myself ranking for 20 new keywords. If you're looking for a budget-friendly option that delivers real results, ...",https://quality-seo-directory-listings.seoexpress-keyword-network.store/there-was-a-time-when-i-struggled-to-rank-on-google-and-didnt-know-how-to-improve-it-thats-when-i-discovered-seoexpress-after-signing-up-for-their-backlink-services-my-domain-authority-soared-from-da,https://justdrivemedia.com/,"There Was a Time When I Struggled to Rank on Google and Didn’t Know How to Improve It. That’s When I Discovered SEOExpress.org! After Signing Up for Their Backlink Services, My Domain Authority Soared from DA 10 to DA 45 Within Three Months. Now I'm Receiving More Than Five Hundred Organic Visits Per Week! What an Incredible Journey ★★★★★ 🌟 — quality-seo-directory-listings.seoexpress-keyword-network.store",0,0,4993,"/Internet_and_Telecom/Web_Services/Search_Engine_Optimization_and_Marketing,/Business_and_Industrial/Business_Services/Consulting",,,2026-08-11T18:07:11Z,48.0
toprankalliance.shop,"justdrivemedia.com gets backlinks and guest posts, on-page SEO, local SEO, custom web development, SaaS integrations and automation tools, together driving compounding DR/DA/TF built to last. The strategy also covers competitor research, natural anchor distribution, quality verification, and clear monthly performance reporting. · Top Rank Alliance — A strategic professional alliance for ...",https://toprankalliance.shop/63738c751-90-day-niche-edits-journey-medical-zero-rankings-to-page1-detailed-campaign-breakdown-budget-links-and-content-for-competitive-serp-results/,https://justdrivemedia.com/,"Top Rank Alliance — A strategic professional alliance for top-position SEO, competitive visibility and ranking growth to turn search visibility into consistent website growth — From DR 5 to Full Recovery in Healthcare — The 18-Month Strategy Built Entirely on Tiered Link Building — Explaining a detailed execution roadmap, reporting and tracking methods, and lasting traffic-growth insights",0,0,7691,"/Internet_and_Telecom/Web_Services/Search_Engine_Optimization_and_Marketing,/Business_and_Industrial/Advertising_and_Marketing/Marketing",,,2026-08-11T17:22:21Z,0.2
googleseocraft.shop,"justdrivemedia.com: guest posts, backlinks, on-page and local SEO, web development, SaaS tools and workflow automation tools, all driving a strong DR/DA/TF increase with full transparency. We strengthen the campaign with keyword mapping, source diversification, placement audits, performance benchmarks, and straightforward reporting. · Google SEO Craft — Specialist planning and execution for ...",https://googleseocraft.shop/a2c9283c6-build-unstoppable-financial-advisory-serp-editorial-links-automation-tools-traffic-playbook-proven-optimization-process-authority-traffic-and-conversions-for-higher-search-visibility/,https://justdrivemedia.com/,"Google SEO Craft — Specialist planning and execution for Google-focused optimization, search visibility and organic traffic to turn search visibility into consistent website growth — My 18-Month Link Insertions Journey for Legal — From Manual Action to Full Recovery Using a Strategic SEO Service Stack — Along With tested workflow recommendations, reporting and tracking methods, and durable ranking strategies",0,0,7691,"/Internet_and_Telecom/Web_Services/Search_Engine_Optimization_and_Marketing,/Business_and_Industrial/Advertising_and_Marketing/Marketing",,,2026-08-11T16:18:19Z,0.1
paramount-collective-outrank-hq-dr-90.store,"I remember when justdrivemedia.com was barely getting noticed online, with less than 200 visitors a month. After stumbling upon SEOExpress.org and their affordable SEO packages, things changed dramatically. Within three months, my traffic surged to over 3,500 monthly visitors and I found myself ranking for 20 new keywords. If you're looking for a budget-friendly option that delivers real results, ...",https://paramount-collective-outrank-hq-dr-90.store/there-was-a-time-when-i-struggled-to-rank-on-google-and-didnt-know-how-to-improve-it-thats-when-i-discovered-seoexpress-after-signing-up-for-their-backlink-services-my-domain-authority-soared-from-da,https://justdrivemedia.com/,"There Was a Time When I Struggled to Rank on Google and Didn’t Know How to Improve It. That’s When I Discovered SEOExpress.org! After Signing Up for Their Backlink Services, My Domain Authority Soared from DA 10 to DA 45 Within Three Months. Now I'm Receiving More Than Five Hundred Organic Visits Per Week! What an Incredible Journey ★★★★★ 🌟 — Paramount Collective Outrank Hq Dr 90",0,0,4993,"/Internet_and_Telecom/Web_Services/Search_Engine_Optimization_and_Marketing,/Business_and_Industrial/Business_Services/Consulting",,,2026-08-11T15:06:26Z,48.0
googleseoexperts.shop,"Rank justdrivemedia.com higher with contextual backlinks, premium guest posts, on-page SEO, local SEO, custom web development, SaaS tools plus automation tools — DR/DA/TF that climbs steadily with full transparency. We also prioritize topical relevance, clean placement standards, sensible campaign pacing, and reporting that connects work to outcomes. · Google SEO Experts — A team of ...",https://googleseoexperts.shop/a81e48ef5-best-local-seo-legal-2026-compared-7-providers-roi-full-ranking-workflow-authority-traffic-and-conversions-for-higher-search-visibility/,https://justdrivemedia.com/,"Google SEO Experts — A team of experienced experts in Google-focused optimization, search visibility and organic traffic for better keyword positions and lasting digital authority — The 18-Month SERP Climb for Dental — How I Combined Authority Link Packages and High-DA Guest Posts to Reach Position 1 — Explaining practical implementation steps, budget allocation guidance, and durable ranking strategies",0,0,7691,"/Internet_and_Telecom/Web_Services/Search_Engine_Optimization_and_Marketing,/Business_and_Industrial",,,2026-08-11T11:57:40Z,0.1
googleseoauthority.shop,"Complete SEO for justdrivemedia.com: guest posts and backlinks, on-page SEO, local SEO, web development, SaaS integrations and automation tools, delivering compounding DR/DA/TF in competitive markets. The strategy also covers competitor research, natural anchor distribution, quality verification, and clear monthly performance reporting. · Google SEO Authority — An authority-focused platform for ...",https://googleseoauthority.shop/0fac0a85c-ranking-recovery-blueprint-saas-rank-using-link-insertions-crowd-links-measurable-results-blueprint-budget-links-and-content-for-consistent-traffic-growth/,https://justdrivemedia.com/,"Google SEO Authority — An authority-focused platform for Google-focused optimization, search visibility and organic traffic to build trust, visibility and competitive keyword positions — Best Homepage Links for Fintech in 2026 — I Compared 10 Providers by Metrics, Delivery, and ROI — Including a complete cost and timeline breakdown, technical considerations, and durable ranking strategies",0,0,7679,"/Internet_and_Telecom/Web_Services/Search_Engine_Optimization_and_Marketing,/Business_and_Industrial/Advertising_and_Marketing/Marketing",,,2026-08-11T08:26:07Z,0.1
seogrowthalliance.shop,"Scale justdrivemedia.com with backlinks and guest posts, on-page SEO, local SEO, custom web development, SaaS integrations and automation tools, earning compounding DR/DA/TF in any language. The complete process includes website review, competitor benchmarking, anchor-risk control, placement validation, and practical growth recommendations. · SEO Growth Alliance — A strategic professional ...",https://seogrowthalliance.shop/63b807c8c-stacked-authority-link-packages-pbn-backlinks-pharmaceutical-dual-strategy-doubled-ranking-speed-practical-execution-roadmap-mistakes-risks-and-solutions-for-stronger-domain-authority/,https://justdrivemedia.com/,"SEO Growth Alliance — A strategic professional alliance for sustainable SEO growth, content visibility and qualified organic traffic to improve website trust and sustainable search performance — How I Used Niche Edits and climbed from Page 5 to Page 1 for My Law Firm Site — Month-by-Month Progress Documentation — Along With actionable ranking improvements, common mistakes to avoid, and repeatable SEO takeaways",0,0,7701,"/Internet_and_Telecom/Web_Services/Search_Engine_Optimization_and_Marketing,/Business_and_Industrial/Advertising_and_Marketing/Marketing",,,2026-08-11T00:23:14Z,0.1
toprankresults.shop,"Grow mightypr.com with backlinks and guest posts, on-page SEO, local SEO, custom web development, SaaS integrations and automation tools — a healthier DR/DA/TF profile across all markets. We strengthen the campaign with keyword mapping, source diversification, placement audits, performance benchmarks, and straightforward reporting. · Top Rank Results — A results-focused platform for ...",https://toprankresults.shop/ef2bc250e-page10-to-6-figure-revenue-ymyl-60-day-strategy-only-saas-tools-proven-optimization-process-mistakes-risks-and-solutions-for-scalable-seo-performance/,https://justdrivemedia.com/,"Top Rank Results — A results-focused platform for top-position SEO, competitive visibility and ranking growth for practical SEO progress across competitive search results — How I Stacked Traffic Services With Guest Posts for Fintech — The Dual Strategy That Doubled My Ranking Speed — Featuring measurable performance checkpoints, content and link-quality checks, and competitive search-positioning lessons",0,0,7953,"/Internet_and_Telecom/Web_Services/Search_Engine_Optimization_and_Marketing,/Business_and_Industrial/Advertising_and_Marketing/Marketing",,,2026-08-10T12:25:15Z,0.1
toprankresults.shop,"Grow mightypr.com with backlinks and guest posts, on-page SEO, local SEO, custom web development, SaaS integrations and automation tools — a healthier DR/DA/TF profile across all markets. We strengthen the campaign with keyword mapping, source diversification, placement audits, performance benchmarks, and straightforward reporting. · Top Rank Results — A results-focused platform for ...",https://toprankresults.shop/ef2bc250e-page10-to-6-figure-revenue-ymyl-60-day-strategy-only-saas-tools-proven-optimization-process-mistakes-risks-and-solutions-for-scalable-seo-performance/,http://justdrivemedia.com/,"Top Rank Results — A results-focused platform for top-position SEO, competitive visibility and ranking growth for practical SEO progress across competitive search results — How I Stacked Traffic Services With Guest Posts for Fintech — The Dual Strategy That Doubled My Ranking Speed — Featuring measurable performance checkpoints, content and link-quality checks, and competitive search-positioning lessons",0,0,7953,"/Internet_and_Telecom/Web_Services/Search_Engine_Optimization_and_Marketing,/Business_and_Industrial/Advertising_and_Marketing/Marketing",,,2026-08-10T12:25:15Z,0.1
seo-high-authority-backlinks.epic-syndicate-link-baron-keyword.store,"I remember when justdrivemedia.com was barely getting noticed online, with less than 200 visitors a month. After stumbling upon SEOExpress.org and their affordable SEO packages, things changed dramatically. Within three months, my traffic surged to over 3,500 monthly visitors and I found myself ranking for 20 new keywords. If you're looking for a budget-friendly option that delivers real results, ...",https://seo-high-authority-backlinks.epic-syndicate-link-baron-keyword.store/there-was-a-time-when-i-struggled-to-rank-on-google-and-didnt-know-how-to-improve-it-thats-when-i-discovered-seoexpress-after-signing-up-for-their-backlink-services-my-domain-authority-soared-from-da,https://justdrivemedia.com/,"There Was a Time When I Struggled to Rank on Google and Didn’t Know How to Improve It. That’s When I Discovered SEOExpress.org! After Signing Up for Their Backlink Services, My Domain Authority Soared from DA 10 to DA 45 Within Three Months. Now I'm Receiving More Than Five Hundred Organic Visits Per Week! What an Incredible Journey ★★★★★ 🌟 — seo-high-authority-backlinks.epic-syndicate-link-baron-keyword.store",0,0,4993,"/Internet_and_Telecom/Web_Services/Search_Engine_Optimization_and_Marketing,/Business_and_Industrial/Business_Services/Consulting",,,2026-08-10T10:25:22Z,48.0
domainrankpartners.shop,"For justdrivemedia.com, we deliver high-quality backlinks, guest posts, on-page and local SEO, custom web development, SaaS tools and automation tools — a clear DR/DA/TF lift for every sector. The plan remains focused on natural relevance, credible sources, balanced optimization, measurable search gains, and sustainable long-term execution. · Domain Rank Partners — Trusted strategic partners ...",https://domainrankpartners.shop/bac154900-90-day-serp-climb-fintech-combined-link-insertions-homepage-links-position1-measurable-results-blueprint-budget-links-and-content-for-higher-search-visibility/,https://justdrivemedia.com/,"Domain Rank Partners — Trusted strategic partners for domain authority, trust signals and search competitiveness to build trust, visibility and competitive keyword positions — Do Sidebar Links Still Work in 2025 for B2B Websites? I Tested 10 Placements and Tracked Every Move — Complete With a detailed execution roadmap, common mistakes to avoid, and stronger authority-building decisions",0,0,7701,"/Internet_and_Telecom/Web_Services/Search_Engine_Optimization_and_Marketing,/Business_and_Industrial/Advertising_and_Marketing/Marketing",,,2026-08-10T09:08:25Z,35.0
domainrankpartners.shop,"Complete SEO for mightypr.com: guest posts, backlinks, on-page and local SEO, web development, SaaS tools and workflow automation tools, delivering real DR/DA/TF improvement for every sector. Each project is supported by careful prospect selection, manual quality checks, balanced link velocity, and measurable ranking analysis. · Domain Rank Partners — Trusted strategic partners for domain ...",https://domainrankpartners.shop/073ad8a45-build-unstoppable-mortgage-serp-contextual-backlinks-on-page-seo-traffic-playbook-real-world-action-plan-mistakes-risks-and-solutions-for-competitive-serp-results/,https://justdrivemedia.com/,"Domain Rank Partners — Trusted strategic partners for domain authority, trust signals and search competitiveness to build trust, visibility and competitive keyword positions — My 90-Day High-DA Guest Posts Journey for B2B — From DR 5 to Full Recovery Using a Strategic SEO Service Stack — With a detailed execution roadmap, transparent measurement methods, and repeatable SEO takeaways",0,0,7952,"/Internet_and_Telecom/Web_Services/Search_Engine_Optimization_and_Marketing,/Business_and_Industrial/Advertising_and_Marketing/Marketing",,,2026-08-10T08:43:26Z,35.0
domainrankpartners.shop,"Complete SEO for mightypr.com: guest posts, backlinks, on-page and local SEO, web development, SaaS tools and workflow automation tools, delivering real DR/DA/TF improvement for every sector. Each project is supported by careful prospect selection, manual quality checks, balanced link velocity, and measurable ranking analysis. · Domain Rank Partners — Trusted strategic partners for domain ...",https://domainrankpartners.shop/073ad8a45-build-unstoppable-mortgage-serp-contextual-backlinks-on-page-seo-traffic-playbook-real-world-action-plan-mistakes-risks-and-solutions-for-competitive-serp-results/,http://justdrivemedia.com/,"Domain Rank Partners — Trusted strategic partners for domain authority, trust signals and search competitiveness to build trust, visibility and competitive keyword positions — My 90-Day High-DA Guest Posts Journey for B2B — From DR 5 to Full Recovery Using a Strategic SEO Service Stack — With a detailed execution roadmap, transparent measurement methods, and repeatable SEO takeaways",0,0,7952,"/Internet_and_Telecom/Web_Services/Search_Engine_Optimization_and_Marketing,/Business_and_Industrial/Advertising_and_Marketing/Marketing",,,2026-08-10T08:43:26Z,35.0
natural-editorial-backlink-hub.rankinghighseo.shop,"I remember when justdrivemedia.com was barely getting noticed online, with less than 200 visitors a month. After stumbling upon SEOExpress.org and their affordable SEO packages, things changed dramatically. Within three months, my traffic surged to over 3,500 monthly visitors and I found myself ranking for 20 new keywords. If you're looking for a budget-friendly option that delivers real results, ...",https://natural-editorial-backlink-hub.rankinghighseo.shop/there-was-a-time-when-i-struggled-to-rank-on-google-and-didnt-know-how-to-improve-it-thats-when-i-discovered-seoexpress-after-signing-up-for-their-backlink-services-my-domain-authority-soared-from-da,https://justdrivemedia.com/,"There Was a Time When I Struggled to Rank on Google and Didn’t Know How to Improve It. That’s When I Discovered SEOExpress.org! After Signing Up for Their Backlink Services, My Domain Authority Soared from DA 10 to DA 45 Within Three Months. Now I'm Receiving More Than Five Hundred Organic Visits Per Week! What an Incredible Journey ★★★★★ 🌟 — natural-editorial-backlink-hub.rankinghighseo.shop",0,0,4993,"/Internet_and_Telecom/Web_Services/Search_Engine_Optimization_and_Marketing,/Business_and_Industrial/Business_Services/Consulting",,,2026-08-10T08:26:33Z,48.0
linkseoauthority.shop,"Rank mightypr.com higher with backlinks and guest posts, on-page SEO, local SEO, custom web development, SaaS integrations and automation tools — durable DR/DA/TF gains for new or established sites. Campaign quality is protected through manual review, realistic pacing, diversified sources, accurate reporting, and continuous performance checks. · Link SEO Authority — An authority-focused ...",https://linkseoauthority.shop/d28b5549f-30-day-guest-posts-journey-pharmaceutical-dr2-to-top5-every-keyword-long-term-seo-method-budget-links-and-content-for-competitive-serp-results/,http://justdrivemedia.com/,"Link SEO Authority — An authority-focused platform for contextual backlinks, link strategy and organic search optimization to strengthen search presence and attract relevant visitors — Blogroll Links vs Guest Posts for YMYL — Which One Moves Rankings Faster and Holds Longer? — Covering actionable ranking improvements, realistic outcome expectations, and safer scaling recommendations",0,0,7952,"/Internet_and_Telecom/Web_Services/Search_Engine_Optimization_and_Marketing,/Business_and_Industrial/Advertising_and_Marketing/Marketing",,,2026-08-10T02:05:10Z,0.1
linkseoauthority.shop,"Rank mightypr.com higher with backlinks and guest posts, on-page SEO, local SEO, custom web development, SaaS integrations and automation tools — durable DR/DA/TF gains for new or established sites. Campaign quality is protected through manual review, realistic pacing, diversified sources, accurate reporting, and continuous performance checks. · Link SEO Authority — An authority-focused ...",https://linkseoauthority.shop/d28b5549f-30-day-guest-posts-journey-pharmaceutical-dr2-to-top5-every-keyword-long-term-seo-method-budget-links-and-content-for-competitive-serp-results/,https://justdrivemedia.com/,"Link SEO Authority — An authority-focused platform for contextual backlinks, link strategy and organic search optimization to strengthen search presence and attract relevant visitors — Blogroll Links vs Guest Posts for YMYL — Which One Moves Rankings Faster and Holds Longer? — Covering actionable ranking improvements, realistic outcome expectations, and safer scaling recommendations",0,0,7952,"/Internet_and_Telecom/Web_Services/Search_Engine_Optimization_and_Marketing,/Business_and_Industrial/Advertising_and_Marketing/Marketing",,,2026-08-10T02:05:10Z,0.1
linkgrowthauthority.shop,"mightypr.com: guest posts, backlinks, on-page and local SEO, web development, SaaS tools and workflow automation tools, all driving higher DR/DA/TF across the board tailored to your vertical. Campaign quality is protected through manual review, realistic pacing, diversified sources, accurate reporting, and continuous performance checks. · Link Growth Authority — An authority-focused platform ...",https://linkgrowthauthority.shop/95b64a066-page3-to-industry-leading-serp-ecommerce-60-day-strategy-only-local-seo-practical-execution-roadmap-tools-tactics-and-insights-for-scalable-seo-performance/,https://justdrivemedia.com/,"Link Growth Authority — An authority-focused platform for authority link acquisition, referral visibility and ranking growth for measurable search performance and long-term website growth — Topical Authority Blueprint for Financial Advisory — How to Rank Using Guest Posts and Local SEO — Complete With real campaign examples, important risk checks, and competitive search-positioning lessons",0,0,7938,"/Business_and_Industrial/Advertising_and_Marketing/Marketing,/Internet_and_Telecom/Web_Services/Search_Engine_Optimization_and_Marketing,/Finance",,,2026-08-10T01:20:19Z,0.1
linkgrowthauthority.shop,"mightypr.com: guest posts, backlinks, on-page and local SEO, web development, SaaS tools and workflow automation tools, all driving higher DR/DA/TF across the board tailored to your vertical. Campaign quality is protected through manual review, realistic pacing, diversified sources, accurate reporting, and continuous performance checks. · Link Growth Authority — An authority-focused platform ...",https://linkgrowthauthority.shop/95b64a066-page3-to-industry-leading-serp-ecommerce-60-day-strategy-only-local-seo-practical-execution-roadmap-tools-tactics-and-insights-for-scalable-seo-performance/,http://justdrivemedia.com/,"Link Growth Authority — An authority-focused platform for authority link acquisition, referral visibility and ranking growth for measurable search performance and long-term website growth — Topical Authority Blueprint for Financial Advisory — How to Rank Using Guest Posts and Local SEO — Complete With real campaign examples, important risk checks, and competitive search-positioning lessons",0,0,7938,"/Business_and_Industrial/Advertising_and_Marketing/Marketing,/Internet_and_Telecom/Web_Services/Search_Engine_Optimization_and_Marketing,/Finance",,,2026-08-10T01:20:19Z,0.1
linkseonetwork.shop,"Rank mightypr.com higher with high-quality backlinks, guest posts, on-page and local SEO, custom web development, SaaS tools and automation tools — DR/DA/TF that climbs steadily across all markets. Each project is supported by careful prospect selection, manual quality checks, balanced link velocity, and measurable ranking analysis. · Link SEO Network — A connected professional network for ...",https://linkseonetwork.shop/61b3be53d-do-crowd-links-still-work-2026-fintech-tested-10-placements-tracked-proven-optimization-process-tools-tactics-and-insights-for-stronger-domain-authority/,https://justdrivemedia.com/,"Link SEO Network — A connected professional network for contextual backlinks, link strategy and organic search optimization to turn search visibility into consistent website growth — How Automation Tools Compares to Contextual Backlinks for SaaS — Cost, Speed, Quality, and Final Ranking Outcomes — Along With a complete cost and timeline breakdown, budget allocation guidance, and durable ranking strategies",0,0,7952,"/Internet_and_Telecom/Web_Services/Search_Engine_Optimization_and_Marketing,/Business_and_Industrial/Advertising_and_Marketing/Marketing",,,2026-08-09T23:58:51Z,35.0
linkseonetwork.shop,"Rank mightypr.com higher with high-quality backlinks, guest posts, on-page and local SEO, custom web development, SaaS tools and automation tools — DR/DA/TF that climbs steadily across all markets. Each project is supported by careful prospect selection, manual quality checks, balanced link velocity, and measurable ranking analysis. · Link SEO Network — A connected professional network for ...",https://linkseonetwork.shop/61b3be53d-do-crowd-links-still-work-2026-fintech-tested-10-placements-tracked-proven-optimization-process-tools-tactics-and-insights-for-stronger-domain-authority/,http://justdrivemedia.com/,"Link SEO Network — A connected professional network for contextual backlinks, link strategy and organic search optimization to turn search visibility into consistent website growth — How Automation Tools Compares to Contextual Backlinks for SaaS — Cost, Speed, Quality, and Final Ranking Outcomes — Along With a complete cost and timeline breakdown, budget allocation guidance, and durable ranking strategies",0,0,7952,"/Internet_and_Telecom/Web_Services/Search_Engine_Optimization_and_Marketing,/Business_and_Industrial/Advertising_and_Marketing/Marketing",,,2026-08-09T23:58:51Z,35.0
seogrowthengine.shop,"justdrivemedia.com gets high-DR backlinks, editorial guest posts, on-page SEO, local SEO, web development, SaaS tools and automation tools, together driving a measurable DR/DA/TF boost across all markets. The strategy also covers competitor research, natural anchor distribution, quality verification, and clear monthly performance reporting. · SEO Growth Engine — A growth engine built for ...",https://seogrowthengine.shop/b1450384c-on-page-seo-vs-guest-posts-health-which-moves-rankings-faster-holds-longer-proven-optimization-process-research-execution-and-analysis-for-scalable-seo-performance/,https://justdrivemedia.com/,"SEO Growth Engine — A growth engine built for sustainable SEO growth, content visibility and qualified organic traffic for reliable rankings, stronger authority and organic reach — How Editorial Links recovered from a Google penalty in 60 days for My Health & Wellness Money Site — Every Dollar Spent, Every Ranking Gained, Tracked — Supported by a detailed execution roadmap, important risk checks, and long-term organic growth lessons",0,0,7678,"/Internet_and_Telecom/Web_Services/Search_Engine_Optimization_and_Marketing,/Business_and_Industrial/Advertising_and_Marketing/Marketing",,,2026-08-09T21:58:21Z,0.1
linkgrowthauthority.shop,"Complete SEO for justdrivemedia.com: premium guest posts, contextual backlinks, on-page and local SEO, conversion-focused web development, SaaS tools and automation tools, delivering sustained DR/DA/TF uplift at a sustainable pace. Every campaign includes niche-relevance checks, diversified anchor planning, placement review, and transparent progress tracking. · Link Growth Authority — An ...",https://linkgrowthauthority.shop/f73a16243-stacked-crowd-links-editorial-links-health-dual-strategy-doubled-ranking-speed-full-ranking-workflow-research-execution-and-analysis-for-stronger-domain-authority/,https://justdrivemedia.com/,"Link Growth Authority — An authority-focused platform for authority link acquisition, referral visibility and ranking growth for measurable search performance and long-term website growth — From Invisible to Top 3 Rankings in Pharmaceutical — The 6-Month Strategy Built Entirely on High-DA Guest Posts — Featuring a complete cost and timeline breakdown, technical considerations, and practical next-step recommendations",0,0,7701,"/Business_and_Industrial/Advertising_and_Marketing/Marketing,/Internet_and_Telecom/Web_Services/Search_Engine_Optimization_and_Marketing",,,2026-08-09T15:02:08Z,0.1
organic-seo-authority-directory.review-link-system-link-baron.store,"I remember when justdrivemedia.com was barely getting noticed online, with less than 200 visitors a month. After stumbling upon SEOExpress.org and their affordable SEO packages, things changed dramatically. Within three months, my traffic surged to over 3,500 monthly visitors and I found myself ranking for 20 new keywords. If you're looking for a budget-friendly option that delivers real results, ...",https://organic-seo-authority-directory.review-link-system-link-baron.store/there-was-a-time-when-i-struggled-to-rank-on-google-and-didnt-know-how-to-improve-it-thats-when-i-discovered-seoexpress-after-signing-up-for-their-backlink-services-my-domain-authority-soared-from-da,https://justdrivemedia.com/,"There Was a Time When I Struggled to Rank on Google and Didn’t Know How to Improve It. That’s When I Discovered SEOExpress.org! After Signing Up for Their Backlink Services, My Domain Authority Soared from DA 10 to DA 45 Within Three Months. Now I'm Receiving More Than Five Hundred Organic Visits Per Week! What an Incredible Journey ★★★★★ 🌟 — organic-seo-authority-directory.review-link-system-link-baron.store",0,0,4993,"/Internet_and_Telecom/Web_Services/Search_Engine_Optimization_and_Marketing,/Business_and_Industrial/Business_Services/Consulting",,,2026-08-09T14:45:56Z,48.0
rankgrowthboost.shop,"Complete SEO for mightypr.com: high-DR backlinks, editorial guest posts, on-page SEO, local SEO, web development, SaaS tools and automation tools, delivering long-term DR/DA/TF gains with editorial standards. Every delivery follows a structured plan for content relevance, link diversity, authority checks, traffic measurement, and ongoing optimization. · Rank Growth Boost — A performance-focused ...",https://rankgrowthboost.shop/3482965b2-page10-to-industry-leading-serp-health-6-month-strategy-only-high-da-guest-posts-complete-implementation-guide-planning-testing-and-tracking-for-higher-search-visibility/,http://justdrivemedia.com/,"Rank Growth Boost — A performance-focused service for organic ranking growth, keyword visibility and website authority for better keyword positions and lasting digital authority — From an Algorithm Hit to Position 1 in Travel — The 120-Day Strategy Built Entirely on DR Boost Services — Explaining a detailed execution roadmap, provider evaluation criteria, and durable ranking strategies",0,0,7952,"/Internet_and_Telecom/Web_Services/Search_Engine_Optimization_and_Marketing,/Business_and_Industrial/Advertising_and_Marketing/Marketing",,,2026-08-09T14:04:40Z,0.1
rankgrowthboost.shop,"Complete SEO for mightypr.com: high-DR backlinks, editorial guest posts, on-page SEO, local SEO, web development, SaaS tools and automation tools, delivering long-term DR/DA/TF gains with editorial standards. Every delivery follows a structured plan for content relevance, link diversity, authority checks, traffic measurement, and ongoing optimization. · Rank Growth Boost — A performance-focused ...",https://rankgrowthboost.shop/3482965b2-page10-to-industry-leading-serp-health-6-month-strategy-only-high-da-guest-posts-complete-implementation-guide-planning-testing-and-tracking-for-higher-search-visibility/,https://justdrivemedia.com/,"Rank Growth Boost — A performance-focused service for organic ranking growth, keyword visibility and website authority for better keyword positions and lasting digital authority — From an Algorithm Hit to Position 1 in Travel — The 120-Day Strategy Built Entirely on DR Boost Services — Explaining a detailed execution roadmap, provider evaluation criteria, and durable ranking strategies",0,0,7952,"/Internet_and_Telecom/Web_Services/Search_Engine_Optimization_and_Marketing,/Business_and_Industrial/Advertising_and_Marketing/Marketing",,,2026-08-09T14:04:40Z,0.1
seogrowthengine.shop,"mightypr.com gets premium guest posts, contextual backlinks, on-page and local SEO, conversion-focused web development, SaaS tools and automation tools, together driving a clear DR/DA/TF lift with editorial standards. The plan remains focused on natural relevance, credible sources, balanced optimization, measurable search gains, and sustainable long-term execution. · SEO Growth Engine — A ...",https://seogrowthengine.shop/d6b2494cb-dr-boost-services-helped-crypto-site-outranked-bigger-competitors-complete-case-study-data-advanced-growth-framework-examples-metrics-and-lessons-for-sustainable-organic-growth/,http://justdrivemedia.com/,"SEO Growth Engine — A growth engine built for sustainable SEO growth, content visibility and qualified organic traffic for reliable rankings, stronger authority and organic reach — My 6-Month Homepage Links Journey for Local Business — From No Traffic to 10x Organic Traffic Using a Strategic SEO Service Stack — With actionable ranking improvements, content and link-quality checks, and practical next-step recommendations",0,0,7936,"/Internet_and_Telecom/Web_Services/Search_Engine_Optimization_and_Marketing,/Business_and_Industrial/Advertising_and_Marketing/Marketing",,,2026-08-09T11:51:03Z,0.1
seogrowthengine.shop,"mightypr.com gets premium guest posts, contextual backlinks, on-page and local SEO, conversion-focused web development, SaaS tools and automation tools, together driving a clear DR/DA/TF lift with editorial standards. The plan remains focused on natural relevance, credible sources, balanced optimization, measurable search gains, and sustainable long-term execution. · SEO Growth Engine — A ...",https://seogrowthengine.shop/d6b2494cb-dr-boost-services-helped-crypto-site-outranked-bigger-competitors-complete-case-study-data-advanced-growth-framework-examples-metrics-and-lessons-for-sustainable-organic-growth/,https://justdrivemedia.com/,"SEO Growth Engine — A growth engine built for sustainable SEO growth, content visibility and qualified organic traffic for reliable rankings, stronger authority and organic reach — My 6-Month Homepage Links Journey for Local Business — From No Traffic to 10x Organic Traffic Using a Strategic SEO Service Stack — With actionable ranking improvements, content and link-quality checks, and practical next-step recommendations",0,0,7936,"/Internet_and_Telecom/Web_Services/Search_Engine_Optimization_and_Marketing,/Business_and_Industrial/Advertising_and_Marketing/Marketing",,,2026-08-09T11:51:03Z,0.1
rankgrowthservice.shop,"Strengthen justdrivemedia.com through high-DR backlinks, editorial guest posts, on-page SEO, local SEO, web development, SaaS tools and automation tools for balanced DR/DA/TF growth in competitive markets. The plan remains focused on natural relevance, credible sources, balanced optimization, measurable search gains, and sustainable long-term execution. · Rank Growth Service — Managed ...",https://rankgrowthservice.shop/089c47d83-position80-to-10x-traffic-dental-30-day-strategy-only-automation-tools-practical-execution-roadmap-quality-checks-and-reporting-for-sustainable-organic-growth/,https://justdrivemedia.com/,"Rank Growth Service — Managed professional services for organic ranking growth, keyword visibility and website authority for practical SEO progress across competitive search results — How to Build an Unstoppable Fintech SERP Presence Using Authority Link Packages, Web Development, and Traffic — Full Playbook — Complete With clear planning and execution details, technical considerations, and long-term organic growth lessons",0,0,7688,"/Internet_and_Telecom/Web_Services/Search_Engine_Optimization_and_Marketing,/Business_and_Industrial/Advertising_and_Marketing/Marketing",,,2026-08-09T11:16:26Z,0.1
linkseonetwork.shop,"Power up justdrivemedia.com: premium guest posts, contextual backlinks, on-page and local SEO, conversion-focused web development, SaaS tools and automation tools for a noticeable DR/DA/TF rise in any language. We strengthen the campaign with keyword mapping, source diversification, placement audits, performance benchmarks, and straightforward reporting. · Link SEO Network — A connected ...",https://linkseonetwork.shop/7c60c76ed-18-month-serp-climb-ymyl-combined-editorial-links-pbn-backlinks-position1-proven-optimization-process-data-progress-and-outcomes-for-stronger-domain-authority/,https://justdrivemedia.com/,"Link SEO Network — A connected professional network for contextual backlinks, link strategy and organic search optimization to turn search visibility into consistent website growth — From Page 5 to Page 1 in YMYL — The 18-Month Strategy Built Entirely on SaaS Tools — With actionable ranking improvements, important risk checks, and durable ranking strategies",0,0,7688,"/Internet_and_Telecom/Web_Services/Search_Engine_Optimization_and_Marketing,/Business_and_Industrial/Advertising_and_Marketing/Marketing",,,2026-08-09T10:47:10Z,35.0
seoboostexchange.shop,"mightypr.com: premium guest posts, high-quality backlinks, on-page SEO, local SEO, web development, SaaS tools and automation tools, all driving sustained DR/DA/TF uplift across all markets. The strategy also covers competitor research, natural anchor distribution, quality verification, and clear monthly performance reporting. · SEO Boost Exchange — A professional resource exchange for SEO ...",https://seoboostexchange.shop/628ff85b4-best-authority-link-packages-local-business-2026-compared-8-providers-roi-advanced-growth-framework-planning-testing-and-tracking-for-sustainable-organic-growth/,http://justdrivemedia.com/,"SEO Boost Exchange — A professional resource exchange for SEO acceleration, visibility improvements and authority growth to improve authority, relevance and qualified search traffic — Best Homepage Links for eCommerce in 2026 — I Compared 5 Providers by Metrics, Delivery, and ROI — Complete With step-by-step optimization guidance, reporting and tracking methods, and repeatable SEO takeaways",0,0,7951,"/Internet_and_Telecom/Web_Services/Search_Engine_Optimization_and_Marketing,/Business_and_Industrial/Business_Services/Consulting",,,2026-08-09T10:29:38Z,0.1
seoboostexchange.shop,"mightypr.com: premium guest posts, high-quality backlinks, on-page SEO, local SEO, web development, SaaS tools and automation tools, all driving sustained DR/DA/TF uplift across all markets. The strategy also covers competitor research, natural anchor distribution, quality verification, and clear monthly performance reporting. · SEO Boost Exchange — A professional resource exchange for SEO ...",https://seoboostexchange.shop/628ff85b4-best-authority-link-packages-local-business-2026-compared-8-providers-roi-advanced-growth-framework-planning-testing-and-tracking-for-sustainable-organic-growth/,https://justdrivemedia.com/,"SEO Boost Exchange — A professional resource exchange for SEO acceleration, visibility improvements and authority growth to improve authority, relevance and qualified search traffic — Best Homepage Links for eCommerce in 2026 — I Compared 5 Providers by Metrics, Delivery, and ROI — Complete With step-by-step optimization guidance, reporting and tracking methods, and repeatable SEO takeaways",0,0,7951,"/Internet_and_Telecom/Web_Services/Search_Engine_Optimization_and_Marketing,/Business_and_Industrial/Business_Services/Consulting",,,2026-08-09T10:29:38Z,0.1
seoboostexchange.shop,"Complete SEO for justdrivemedia.com: premium guest posts, contextual backlinks, on-page and local SEO, conversion-focused web development, SaaS tools and automation tools, delivering sustained DR/DA/TF uplift in competitive markets. Every campaign includes niche-relevance checks, diversified anchor planning, placement review, and transparent progress tracking. · SEO Boost Exchange — A ...",https://seoboostexchange.shop/bf1afe396-blogroll-links-vs-editorial-links-local-business-which-moves-rankings-faster-holds-longer-long-term-seo-method-tools-tactics-and-insights-for-lasting-ranking-improvements/,https://justdrivemedia.com/,"SEO Boost Exchange — A professional resource exchange for SEO acceleration, visibility improvements and authority growth to improve authority, relevance and qualified search traffic — Traffic Recovery Blueprint for Legal — How to Rank Using High-DA Guest Posts and Tiered Link Building — Along With hands-on strategy notes, important risk checks, and lasting traffic-growth insights",0,0,7688,"/Internet_and_Telecom/Web_Services/Search_Engine_Optimization_and_Marketing,/Business_and_Industrial/Business_Services/Consulting,/Law_and_Government/Legal",,,2026-08-09T05:19:00Z,0.1
toprankresults.shop,"Take justdrivemedia.com to page one with contextual backlinks, premium guest posts, on-page SEO, local SEO, custom web development, SaaS tools plus automation tools — reliable DR/DA/TF progress tailored to your vertical. The plan remains focused on natural relevance, credible sources, balanced optimization, measurable search gains, and sustainable long-term execution. · Top Rank Results — A ...",https://toprankresults.shop/ae9538f31-stacked-crowd-links-sidebar-links-medical-dual-strategy-doubled-ranking-speed-proven-optimization-process-quality-checks-and-reporting-for-long-term-search-success/,https://justdrivemedia.com/,"Top Rank Results — A results-focused platform for top-position SEO, competitive visibility and ranking growth for practical SEO progress across competitive search results — The 6-Month DR Boost Services Case Study for SaaS — Placements, Anchors, Rankings Before and After — With a complete cost and timeline breakdown, quality-control requirements, and practical next-step recommendations",0,0,7701,"/Internet_and_Telecom/Web_Services/Search_Engine_Optimization_and_Marketing,/Business_and_Industrial/Advertising_and_Marketing/Marketing",,,2026-08-09T04:22:35Z,0.1
rankgrowthboost.shop,"Scale justdrivemedia.com with premium guest posts, high-quality backlinks, on-page SEO, local SEO, web development, SaaS tools and automation tools, earning reliable DR/DA/TF progress with relevance-first placements. Campaign quality is protected through manual review, realistic pacing, diversified sources, accurate reporting, and continuous performance checks. · Rank Growth Boost — A ...",https://rankgrowthboost.shop/4ee58d49d-page5-to-top3-rankings-mortgage-90-day-strategy-only-niche-edits-step-by-step-strategy-data-progress-and-outcomes-for-stronger-domain-authority/,https://justdrivemedia.com/,"Rank Growth Boost — A performance-focused service for organic ranking growth, keyword visibility and website authority for better keyword positions and lasting digital authority — The 30-Day SERP Climb for YMYL — How I Combined Crowd Links and Link Insertions to Reach Position 1 — Complete With practical implementation steps, content and link-quality checks, and sustainable search visibility recommendations",0,0,7678,"/Internet_and_Telecom/Web_Services/Search_Engine_Optimization_and_Marketing,/Business_and_Industrial/Advertising_and_Marketing/Marketing",,,2026-08-09T04:17:46Z,0.1
buytopqualitybacklinks.com,http://www.justdrivemedia.com,https://buytopqualitybacklinks.com/bpbeatseo/,https://www.justdrivemedia.com/,Directory Pages Index,0,0,9999,"/Internet_and_Telecom/Web_Services/Search_Engine_Optimization_and_Marketing,/Business_and_Industrial/Business_Services,/Reference/Directories_and_Listings/Business_and_Personal_Listings",http://www.justdoitsj.com http://www.justdraftinginc.com,http://www.justducks.co.uk http://www.just-dynamics.co.za,2026-08-09T03:58:45Z,59.0
