name_source,anchor,url_from,url_to,title,is_dofollow,is_content,links_external,page_category_source,snippet_left,snippet_right,first_seen_link,domain_rating_source
darankchecker.shop,justdrivemedia.com Premium Authority Backlinks for Better Search Visibility,https://darankchecker.shop/dir/ethical-seo-backlinks-109933,https://justdrivemedia.com/,"Premium SEO Link Building Services for Building Strong Website Backlinks, Improving Search Engine Authority, Increasing Rankings, and Growing Organic Visitors - Page 109,933",1,1,1172,"/Internet_and_Telecom/Web_Services/Search_Engine_Optimization_and_Marketing,/Business_and_Industrial/Advertising_and_Marketing/Marketing",,,2026-09-20T02:43:52Z,0.0
paanddacheckertool.online,mightypr.com SEO Backlink Experts for Powerful Ranking Improvement,https://paanddacheckertool.online/dir/seo-boosting-backlinks-136336,http://justdrivemedia.com/,"Premium SEO Backlink Experts Helping Websites Build High Quality Authority Links, Improve Search Engine Positions, and Increase Organic Search Performance - Page 136,336",1,1,1246,"/Internet_and_Telecom/Web_Services/Search_Engine_Optimization_and_Marketing,/Business_and_Industrial/Advertising_and_Marketing/Marketing",,,2026-09-20T02:18:54Z,0.0
paanddacheckertool.online,mightypr.com SEO Backlink Experts for Powerful Ranking Improvement,https://paanddacheckertool.online/dir/seo-boosting-backlinks-136336,https://justdrivemedia.com/,"Premium SEO Backlink Experts Helping Websites Build High Quality Authority Links, Improve Search Engine Positions, and Increase Organic Search Performance - Page 136,336",1,1,1246,"/Internet_and_Telecom/Web_Services/Search_Engine_Optimization_and_Marketing,/Business_and_Industrial/Advertising_and_Marketing/Marketing",,,2026-09-20T02:18:54Z,0.0
pagebacklinkchecker.space,mightypr.com SEO Backlink Experts for Powerful Ranking Improvement,https://pagebacklinkchecker.space/dir/seo-boosting-backlinks-136336,https://justdrivemedia.com/,"Premium SEO Backlink Experts Helping Websites Build High Quality Authority Links, Improve Search Engine Positions, and Increase Organic Search Performance - Page 136,336",1,1,1247,"/Internet_and_Telecom/Web_Services/Search_Engine_Optimization_and_Marketing,/Business_and_Industrial/Advertising_and_Marketing/Marketing",,,2026-09-20T02:04:07Z,0.0
pagebacklinkchecker.space,mightypr.com SEO Backlink Experts for Powerful Ranking Improvement,https://pagebacklinkchecker.space/dir/seo-boosting-backlinks-136336,http://justdrivemedia.com/,"Premium SEO Backlink Experts Helping Websites Build High Quality Authority Links, Improve Search Engine Positions, and Increase Organic Search Performance - Page 136,336",1,1,1247,"/Internet_and_Telecom/Web_Services/Search_Engine_Optimization_and_Marketing,/Business_and_Industrial/Advertising_and_Marketing/Marketing",,,2026-09-20T02:04:07Z,0.0
37486228.xyz,"I remember when justdrivemedia.com was barely getting noticed online, with less than 200 visitors a month. After stumbling upon SEOExpress.org and their affordable SEO packages, things changed dramatically. Within three months, my traffic surged to over 3,500 monthly visitors and I found myself ranking for 20 new keywords. If you're looking for a budget-friendly option that delivers real results, ...",https://37486228.xyz/there-was-a-time-when-i-struggled-to-rank-on-google-and-didnt-know-how-to-improve-it-thats-when-i-discovered-seoexpress-after-signing-up-for-their-backlink-services-my-domain-authority-soared-from-da,https://justdrivemedia.com/,"There Was a Time When I Struggled to Rank on Google and Didn’t Know How to Improve It. That’s When I Discovered SEOExpress.org! After Signing Up for Their Backlink Services, My Domain Authority Soared from DA 10 to DA 45 Within Three Months. Now I'm Receiving More Than Five Hundred Organic Visits Per Week! What an Incredible Journey ★★★★★ 🌟 — 37486228.xyz",0,0,8006,"/Internet_and_Telecom/Web_Services/Search_Engine_Optimization_and_Marketing,/Business_and_Industrial/Business_Services/Consulting",,,2026-09-20T02:02:27Z,46.0
freesiterankchecker.shop,mightypr.com SEO Backlink Experts for Powerful Ranking Improvement,https://freesiterankchecker.shop/dir/seo-boosting-backlinks-136336,http://justdrivemedia.com/,"Premium SEO Backlink Experts Helping Websites Build High Quality Authority Links, Improve Search Engine Positions, and Increase Organic Search Performance - Page 136,336",1,1,1247,"/Internet_and_Telecom/Web_Services/Search_Engine_Optimization_and_Marketing,/Business_and_Industrial/Advertising_and_Marketing/Marketing",,,2026-09-20T01:58:13Z,0.0
freesiterankchecker.shop,mightypr.com SEO Backlink Experts for Powerful Ranking Improvement,https://freesiterankchecker.shop/dir/seo-boosting-backlinks-136336,https://justdrivemedia.com/,"Premium SEO Backlink Experts Helping Websites Build High Quality Authority Links, Improve Search Engine Positions, and Increase Organic Search Performance - Page 136,336",1,1,1247,"/Internet_and_Telecom/Web_Services/Search_Engine_Optimization_and_Marketing,/Business_and_Industrial/Advertising_and_Marketing/Marketing",,,2026-09-20T01:58:13Z,0.0
backlinkspulse.com,justdrivemedia.com Premium Authority Backlinks for Better Search Visibility,https://backlinkspulse.com/dir/ethical-seo-backlinks-109933,https://justdrivemedia.com/,"Premium SEO Link Building Services for Building Strong Website Backlinks, Improving Search Engine Authority, Increasing Rankings, and Growing Organic Visitors - Page 109,933",1,1,1172,"/Internet_and_Telecom/Web_Services/Search_Engine_Optimization_and_Marketing,/Business_and_Industrial/Business_Services",,,2026-09-20T01:49:19Z,0.0
backlinkurlchecker.space,justdrivemedia.com Premium Authority Backlinks for Better Search Visibility,https://backlinkurlchecker.space/dir/ethical-seo-backlinks-109933,https://justdrivemedia.com/,"Premium SEO Link Building Services for Building Strong Website Backlinks, Improving Search Engine Authority, Increasing Rankings, and Growing Organic Visitors - Page 109,933",1,1,1171,"/Internet_and_Telecom/Web_Services/Search_Engine_Optimization_and_Marketing,/Business_and_Industrial/Advertising_and_Marketing/Marketing",,,2026-09-20T01:42:15Z,0.0
nexlyp.com,mightypr,https://nexlyp.com/website-list-936/,http://justdrivemedia.com/,Directory Pages Index,1,0,7026,"/Internet_and_Telecom/Web_Services/Search_Engine_Optimization_and_Marketing,/Business_and_Industrial/Advertising_and_Marketing/Marketing",support hopestreetprov,redlara yerbaprima,2026-09-20T01:35:01Z,0.0
nexlyp.com,mightypr,https://nexlyp.com/website-list-936/,https://justdrivemedia.com/,Directory Pages Index,1,0,7026,"/Internet_and_Telecom/Web_Services/Search_Engine_Optimization_and_Marketing,/Business_and_Industrial/Advertising_and_Marketing/Marketing",support hopestreetprov,redlara yerbaprima,2026-09-20T01:35:01Z,0.0
multipledachecker.online,justdrivemedia.com Premium Authority Backlinks for Better Search Visibility,https://multipledachecker.online/dir/ethical-seo-backlinks-109933,https://justdrivemedia.com/,"Premium SEO Link Building Services for Building Strong Website Backlinks, Improving Search Engine Authority, Increasing Rankings, and Growing Organic Visitors - Page 109,933",1,1,1171,"/Internet_and_Telecom/Web_Services/Search_Engine_Optimization_and_Marketing,/Business_and_Industrial/Advertising_and_Marketing/Marketing",,,2026-09-20T01:32:17Z,0.0
11763960.xyz,"I remember when justdrivemedia.com was barely getting noticed online, with less than 200 visitors a month. After stumbling upon SEOExpress.org and their affordable SEO packages, things changed dramatically. Within three months, my traffic surged to over 3,500 monthly visitors and I found myself ranking for 20 new keywords. If you're looking for a budget-friendly option that delivers real results, ...",https://11763960.xyz/there-was-a-time-when-i-struggled-to-rank-on-google-and-didnt-know-how-to-improve-it-thats-when-i-discovered-seoexpress-after-signing-up-for-their-backlink-services-my-domain-authority-soared-from-da,https://justdrivemedia.com/,"There Was a Time When I Struggled to Rank on Google and Didn’t Know How to Improve It. That’s When I Discovered SEOExpress.org! After Signing Up for Their Backlink Services, My Domain Authority Soared from DA 10 to DA 45 Within Three Months. Now I'm Receiving More Than Five Hundred Organic Visits Per Week! What an Incredible Journey ★★★★★ 🌟 — 11763960.xyz",0,0,7997,"/Internet_and_Telecom/Web_Services/Search_Engine_Optimization_and_Marketing,/Business_and_Industrial/Business_Services/Consulting",,,2026-09-20T01:04:36Z,44.0
seowebsitechecker.shop,justdrivemedia.com Premium Authority Backlinks for Better Search Visibility,https://seowebsitechecker.shop/dir/ethical-seo-backlinks-109933,https://justdrivemedia.com/,"Premium SEO Link Building Services for Building Strong Website Backlinks, Improving Search Engine Authority, Increasing Rankings, and Growing Organic Visitors - Page 109,933",1,1,1171,"/Internet_and_Telecom/Web_Services/Search_Engine_Optimization_and_Marketing,/Business_and_Industrial/Advertising_and_Marketing/Marketing",,,2026-09-20T01:00:01Z,0.0
sepchecker.website,mightypr.com SEO Backlink Experts for Powerful Ranking Improvement,https://sepchecker.website/dir/seo-boosting-backlinks-136336,http://justdrivemedia.com/,"Premium SEO Backlink Experts Helping Websites Build High Quality Authority Links, Improve Search Engine Positions, and Increase Organic Search Performance - Page 136,336",1,1,1246,"/Internet_and_Telecom/Web_Services/Search_Engine_Optimization_and_Marketing,/Business_and_Industrial/Advertising_and_Marketing/Marketing",,,2026-09-20T00:20:40Z,0.0
sepchecker.website,mightypr.com SEO Backlink Experts for Powerful Ranking Improvement,https://sepchecker.website/dir/seo-boosting-backlinks-136336,https://justdrivemedia.com/,"Premium SEO Backlink Experts Helping Websites Build High Quality Authority Links, Improve Search Engine Positions, and Increase Organic Search Performance - Page 136,336",1,1,1246,"/Internet_and_Telecom/Web_Services/Search_Engine_Optimization_and_Marketing,/Business_and_Industrial/Advertising_and_Marketing/Marketing",,,2026-09-20T00:20:40Z,0.0
nexlyp.com,justdrivemedia,https://nexlyp.com/website-list-1253/,https://justdrivemedia.com/,Directory Pages Index,1,0,7018,"/Internet_and_Telecom/Web_Services/Search_Engine_Optimization_and_Marketing,/Business_and_Industrial/Advertising_and_Marketing/Marketing",craymer friendsmatchme,palmdaze oi926,2026-09-20T00:08:55Z,0.0
huntob.com,justdrivemedia,https://huntob.com/website-list-1253/,https://justdrivemedia.com/,Directory Pages Index,1,0,7025,"/Internet_and_Telecom/Web_Services/Search_Engine_Optimization_and_Marketing,/Business_and_Industrial/Advertising_and_Marketing/Marketing",craymer friendsmatchme,palmdaze oi926,2026-09-19T23:49:17Z,0.0
bestseocheckerfree.space,mightypr.com SEO Backlink Experts for Powerful Ranking Improvement,https://bestseocheckerfree.space/dir/seo-boosting-backlinks-136336,https://justdrivemedia.com/,"Premium SEO Backlink Experts Helping Websites Build High Quality Authority Links, Improve Search Engine Positions, and Increase Organic Search Performance - Page 136,336",1,1,1246,"/Internet_and_Telecom/Web_Services/Search_Engine_Optimization_and_Marketing,/Business_and_Industrial/Advertising_and_Marketing/Marketing",,,2026-09-19T23:45:31Z,0.0
bestseocheckerfree.space,mightypr.com SEO Backlink Experts for Powerful Ranking Improvement,https://bestseocheckerfree.space/dir/seo-boosting-backlinks-136336,http://justdrivemedia.com/,"Premium SEO Backlink Experts Helping Websites Build High Quality Authority Links, Improve Search Engine Positions, and Increase Organic Search Performance - Page 136,336",1,1,1246,"/Internet_and_Telecom/Web_Services/Search_Engine_Optimization_and_Marketing,/Business_and_Industrial/Advertising_and_Marketing/Marketing",,,2026-09-19T23:45:31Z,0.0
webrankingchecker.website,mightypr.com SEO Backlink Experts for Powerful Ranking Improvement,https://webrankingchecker.website/dir/seo-boosting-backlinks-136336,http://justdrivemedia.com/,"Premium SEO Backlink Experts Helping Websites Build High Quality Authority Links, Improve Search Engine Positions, and Increase Organic Search Performance - Page 136,336",1,1,1246,"/Internet_and_Telecom/Web_Services/Search_Engine_Optimization_and_Marketing,/Business_and_Industrial/Advertising_and_Marketing/Marketing",,,2026-09-19T23:27:32Z,0.0
webrankingchecker.website,mightypr.com SEO Backlink Experts for Powerful Ranking Improvement,https://webrankingchecker.website/dir/seo-boosting-backlinks-136336,https://justdrivemedia.com/,"Premium SEO Backlink Experts Helping Websites Build High Quality Authority Links, Improve Search Engine Positions, and Increase Organic Search Performance - Page 136,336",1,1,1246,"/Internet_and_Telecom/Web_Services/Search_Engine_Optimization_and_Marketing,/Business_and_Industrial/Advertising_and_Marketing/Marketing",,,2026-09-19T23:27:32Z,0.0
backlinkscheckertool.online,justdrivemedia.com Premium Authority Backlinks for Better Search Visibility,https://backlinkscheckertool.online/dir/ethical-seo-backlinks-109933,https://justdrivemedia.com/,"Premium SEO Link Building Services for Building Strong Website Backlinks, Improving Search Engine Authority, Increasing Rankings, and Growing Organic Visitors - Page 109,933",1,1,1172,"/Internet_and_Telecom/Web_Services/Search_Engine_Optimization_and_Marketing,/Business_and_Industrial/Advertising_and_Marketing/Marketing",,,2026-09-19T23:16:13Z,0.0
drdachecker.online,justdrivemedia.com Premium Authority Backlinks for Better Search Visibility,https://drdachecker.online/dir/ethical-seo-backlinks-109933,https://justdrivemedia.com/,"Premium SEO Link Building Services for Building Strong Website Backlinks, Improving Search Engine Authority, Increasing Rankings, and Growing Organic Visitors - Page 109,933",1,1,1171,"/Internet_and_Telecom/Web_Services/Search_Engine_Optimization_and_Marketing,/Business_and_Industrial/Advertising_and_Marketing/Marketing",,,2026-09-19T23:00:12Z,0.0
huntob.com,mightypr,https://huntob.com/website-list-936/,http://justdrivemedia.com/,Directory Pages Index,1,0,7040,"/Internet_and_Telecom/Web_Services/Search_Engine_Optimization_and_Marketing,/Business_and_Industrial/Advertising_and_Marketing/Marketing",support hopestreetprov,redlara yerbaprima,2026-09-19T23:00:02Z,0.0
huntob.com,mightypr,https://huntob.com/website-list-936/,https://justdrivemedia.com/,Directory Pages Index,1,0,7040,"/Internet_and_Telecom/Web_Services/Search_Engine_Optimization_and_Marketing,/Business_and_Industrial/Advertising_and_Marketing/Marketing",support hopestreetprov,redlara yerbaprima,2026-09-19T23:00:02Z,0.0
dirgop.com,mightypr,https://dirgop.com/website-list-936/,https://justdrivemedia.com/,Directory Pages Index,1,0,7040,"/Internet_and_Telecom/Web_Services/Search_Engine_Optimization_and_Marketing,/Business_and_Industrial/Advertising_and_Marketing/Marketing",support hopestreetprov,redlara yerbaprima,2026-09-19T22:01:11Z,0.0
dirgop.com,mightypr,https://dirgop.com/website-list-936/,http://justdrivemedia.com/,Directory Pages Index,1,0,7040,"/Internet_and_Telecom/Web_Services/Search_Engine_Optimization_and_Marketing,/Business_and_Industrial/Advertising_and_Marketing/Marketing",support hopestreetprov,redlara yerbaprima,2026-09-19T22:01:11Z,0.0
dapacheckersite.website,mightypr.com SEO Backlink Experts for Powerful Ranking Improvement,https://dapacheckersite.website/dir/seo-boosting-backlinks-136336,http://justdrivemedia.com/,"Premium SEO Backlink Experts Helping Websites Build High Quality Authority Links, Improve Search Engine Positions, and Increase Organic Search Performance - Page 136,336",1,1,1239,"/Internet_and_Telecom/Web_Services/Search_Engine_Optimization_and_Marketing,/Business_and_Industrial/Advertising_and_Marketing/Marketing",,,2026-09-19T21:55:53Z,0.0
dapacheckersite.website,mightypr.com SEO Backlink Experts for Powerful Ranking Improvement,https://dapacheckersite.website/dir/seo-boosting-backlinks-136336,https://justdrivemedia.com/,"Premium SEO Backlink Experts Helping Websites Build High Quality Authority Links, Improve Search Engine Positions, and Increase Organic Search Performance - Page 136,336",1,1,1239,"/Internet_and_Telecom/Web_Services/Search_Engine_Optimization_and_Marketing,/Business_and_Industrial/Advertising_and_Marketing/Marketing",,,2026-09-19T21:55:53Z,0.0
dacheckertool.site,mightypr.com SEO Backlink Experts for Powerful Ranking Improvement,https://dacheckertool.site/dir/seo-boosting-backlinks-136336,https://justdrivemedia.com/,"Premium SEO Backlink Experts Helping Websites Build High Quality Authority Links, Improve Search Engine Positions, and Increase Organic Search Performance - Page 136,336",1,1,1239,"/Internet_and_Telecom/Web_Services/Search_Engine_Optimization_and_Marketing,/Business_and_Industrial/Advertising_and_Marketing/Marketing",,,2026-09-19T21:23:15Z,0.0
dacheckertool.site,mightypr.com SEO Backlink Experts for Powerful Ranking Improvement,https://dacheckertool.site/dir/seo-boosting-backlinks-136336,http://justdrivemedia.com/,"Premium SEO Backlink Experts Helping Websites Build High Quality Authority Links, Improve Search Engine Positions, and Increase Organic Search Performance - Page 136,336",1,1,1239,"/Internet_and_Telecom/Web_Services/Search_Engine_Optimization_and_Marketing,/Business_and_Industrial/Advertising_and_Marketing/Marketing",,,2026-09-19T21:23:15Z,0.0
bestbacklinkschecker.space,mightypr.com SEO Backlink Experts for Powerful Ranking Improvement,https://bestbacklinkschecker.space/dir/seo-boosting-backlinks-136336,https://justdrivemedia.com/,"Premium SEO Backlink Experts Helping Websites Build High Quality Authority Links, Improve Search Engine Positions, and Increase Organic Search Performance - Page 136,336",1,1,1247,"/Internet_and_Telecom/Web_Services/Search_Engine_Optimization_and_Marketing,/Business_and_Industrial/Advertising_and_Marketing/Marketing",,,2026-09-19T21:16:14Z,0.0
bestbacklinkschecker.space,mightypr.com SEO Backlink Experts for Powerful Ranking Improvement,https://bestbacklinkschecker.space/dir/seo-boosting-backlinks-136336,http://justdrivemedia.com/,"Premium SEO Backlink Experts Helping Websites Build High Quality Authority Links, Improve Search Engine Positions, and Increase Organic Search Performance - Page 136,336",1,1,1247,"/Internet_and_Telecom/Web_Services/Search_Engine_Optimization_and_Marketing,/Business_and_Industrial/Advertising_and_Marketing/Marketing",,,2026-09-19T21:16:14Z,0.0
bulkbacklinkchecker.shop,justdrivemedia.com Premium Authority Backlinks for Better Search Visibility,https://bulkbacklinkchecker.shop/dir/ethical-seo-backlinks-109933,https://justdrivemedia.com/,"Premium SEO Link Building Services for Building Strong Website Backlinks, Improving Search Engine Authority, Increasing Rankings, and Growing Organic Visitors - Page 109,933",1,1,1171,"/Internet_and_Telecom/Web_Services/Search_Engine_Optimization_and_Marketing,/Business_and_Industrial/Advertising_and_Marketing/Marketing",,,2026-09-19T21:10:58Z,0.0
revenuebase.ai,Mighty,https://revenuebase.ai/companies/accessories-brand-pr-agencies/united-states/san-francisco,https://justdrivemedia.com/,"Top 21 Accessories brand pr agencies based in San Francisco, United States",0,1,44,"/Business_and_Industrial/Advertising_and_Marketing/Brand_Management,/Reference/Directories_and_Listings/Business_and_Personal_Listings",,,2026-09-19T21:09:16Z,45.0
revenuebase.ai,Mighty,https://revenuebase.ai/companies/accessories-brand-pr-agencies/united-states/san-francisco,http://justdrivemedia.com/,"Top 21 Accessories brand pr agencies based in San Francisco, United States",0,1,44,"/Business_and_Industrial/Advertising_and_Marketing/Brand_Management,/Reference/Directories_and_Listings/Business_and_Personal_Listings",,,2026-09-19T21:09:16Z,45.0
bulklinkchecker.shop,justdrivemedia.com Premium Authority Backlinks for Better Search Visibility,https://bulklinkchecker.shop/dir/ethical-seo-backlinks-109933,https://justdrivemedia.com/,"Premium SEO Link Building Services for Building Strong Website Backlinks, Improving Search Engine Authority, Increasing Rankings, and Growing Organic Visitors - Page 109,933",1,1,1171,"/Internet_and_Telecom/Web_Services/Search_Engine_Optimization_and_Marketing,/Business_and_Industrial/Advertising_and_Marketing/Marketing",,,2026-09-19T20:38:14Z,0.0
dapacheckerfree.store,mightypr.com SEO Backlink Experts for Powerful Ranking Improvement,https://dapacheckerfree.store/dir/seo-boosting-backlinks-136336,http://justdrivemedia.com/,"Premium SEO Backlink Experts Helping Websites Build High Quality Authority Links, Improve Search Engine Positions, and Increase Organic Search Performance - Page 136,336",1,1,1247,"/Internet_and_Telecom/Web_Services/Search_Engine_Optimization_and_Marketing,/Business_and_Industrial/Advertising_and_Marketing/Marketing",,,2026-09-19T20:37:16Z,0.0
dapacheckerfree.store,mightypr.com SEO Backlink Experts for Powerful Ranking Improvement,https://dapacheckerfree.store/dir/seo-boosting-backlinks-136336,https://justdrivemedia.com/,"Premium SEO Backlink Experts Helping Websites Build High Quality Authority Links, Improve Search Engine Positions, and Increase Organic Search Performance - Page 136,336",1,1,1247,"/Internet_and_Telecom/Web_Services/Search_Engine_Optimization_and_Marketing,/Business_and_Industrial/Advertising_and_Marketing/Marketing",,,2026-09-19T20:37:16Z,0.0
fyloxy.com,mightypr,https://fyloxy.com/website-list-936/,http://justdrivemedia.com/,Directory Pages Index,1,0,7040,"/Internet_and_Telecom/Web_Services/Search_Engine_Optimization_and_Marketing,/Business_and_Industrial/Advertising_and_Marketing/Marketing",support hopestreetprov,redlara yerbaprima,2026-09-19T19:53:37Z,0.0
fyloxy.com,mightypr,https://fyloxy.com/website-list-936/,https://justdrivemedia.com/,Directory Pages Index,1,0,7040,"/Internet_and_Telecom/Web_Services/Search_Engine_Optimization_and_Marketing,/Business_and_Industrial/Advertising_and_Marketing/Marketing",support hopestreetprov,redlara yerbaprima,2026-09-19T19:53:37Z,0.0
drchecker.store,justdrivemedia.com Premium Authority Backlinks for Better Search Visibility,https://drchecker.store/dir/ethical-seo-backlinks-109933,https://justdrivemedia.com/,"Premium SEO Link Building Services for Building Strong Website Backlinks, Improving Search Engine Authority, Increasing Rankings, and Growing Organic Visitors - Page 109,933",1,1,1172,"/Internet_and_Telecom/Web_Services/Search_Engine_Optimization_and_Marketing,/Business_and_Industrial/Advertising_and_Marketing/Marketing",,,2026-09-19T19:32:47Z,0.0
11763843.xyz,"I remember when justdrivemedia.com was barely getting noticed online, with less than 200 visitors a month. After stumbling upon SEOExpress.org and their affordable SEO packages, things changed dramatically. Within three months, my traffic surged to over 3,500 monthly visitors and I found myself ranking for 20 new keywords. If you're looking for a budget-friendly option that delivers real results, ...",https://11763843.xyz/there-was-a-time-when-i-struggled-to-rank-on-google-and-didnt-know-how-to-improve-it-thats-when-i-discovered-seoexpress-after-signing-up-for-their-backlink-services-my-domain-authority-soared-from-da,https://justdrivemedia.com/,"There Was a Time When I Struggled to Rank on Google and Didn’t Know How to Improve It. That’s When I Discovered SEOExpress.org! After Signing Up for Their Backlink Services, My Domain Authority Soared from DA 10 to DA 45 Within Three Months. Now I'm Receiving More Than Five Hundred Organic Visits Per Week! What an Incredible Journey ★★★★★ 🌟 — 11763843.xyz",0,0,8002,"/Internet_and_Telecom/Web_Services/Search_Engine_Optimization_and_Marketing,/Business_and_Industrial/Business_Services/Consulting",,,2026-09-19T18:53:23Z,44.0
dirgop.com,justdrivemedia,https://dirgop.com/website-list-1253/,https://justdrivemedia.com/,Directory Pages Index,1,0,7025,"/Internet_and_Telecom/Web_Services/Search_Engine_Optimization_and_Marketing,/Business_and_Industrial/Advertising_and_Marketing/Marketing",craymer friendsmatchme,palmdaze oi926,2026-09-19T18:37:28Z,0.0
paanddachecker.store,mightypr.com SEO Backlink Experts for Powerful Ranking Improvement,https://paanddachecker.store/dir/seo-boosting-backlinks-136336,http://justdrivemedia.com/,"Premium SEO Backlink Experts Helping Websites Build High Quality Authority Links, Improve Search Engine Positions, and Increase Organic Search Performance - Page 136,336",1,1,1247,"/Internet_and_Telecom/Web_Services/Search_Engine_Optimization_and_Marketing,/Business_and_Industrial/Advertising_and_Marketing/Marketing",,,2026-09-19T18:27:38Z,0.0
paanddachecker.store,mightypr.com SEO Backlink Experts for Powerful Ranking Improvement,https://paanddachecker.store/dir/seo-boosting-backlinks-136336,https://justdrivemedia.com/,"Premium SEO Backlink Experts Helping Websites Build High Quality Authority Links, Improve Search Engine Positions, and Increase Organic Search Performance - Page 136,336",1,1,1247,"/Internet_and_Telecom/Web_Services/Search_Engine_Optimization_and_Marketing,/Business_and_Industrial/Advertising_and_Marketing/Marketing",,,2026-09-19T18:27:38Z,0.0
fyloxy.com,justdrivemedia,https://fyloxy.com/website-list-1253/,https://justdrivemedia.com/,Directory Pages Index,1,0,7010,"/Internet_and_Telecom/Web_Services/Search_Engine_Optimization_and_Marketing,/Business_and_Industrial/Advertising_and_Marketing/Marketing",craymer friendsmatchme,palmdaze oi926,2026-09-19T18:06:05Z,0.0
seocheckerfreetool.site,justdrivemedia.com Premium Authority Backlinks for Better Search Visibility,https://seocheckerfreetool.site/dir/ethical-seo-backlinks-109933,https://justdrivemedia.com/,"Premium SEO Link Building Services for Building Strong Website Backlinks, Improving Search Engine Authority, Increasing Rankings, and Growing Organic Visitors - Page 109,933",1,1,1171,"/Internet_and_Telecom/Web_Services/Search_Engine_Optimization_and_Marketing,/Business_and_Industrial/Advertising_and_Marketing/Marketing",,,2026-09-19T17:53:59Z,0.0
dacheckers.website,justdrivemedia.com Premium Authority Backlinks for Better Search Visibility,https://dacheckers.website/dir/ethical-seo-backlinks-109933,https://justdrivemedia.com/,"Premium SEO Link Building Services for Building Strong Website Backlinks, Improving Search Engine Authority, Increasing Rankings, and Growing Organic Visitors - Page 109,933",1,1,1171,"/Internet_and_Telecom/Web_Services/Search_Engine_Optimization_and_Marketing,/Business_and_Industrial/Advertising_and_Marketing/Marketing",,,2026-09-19T17:01:47Z,0.0
11763962.xyz,"I remember when justdrivemedia.com was barely getting noticed online, with less than 200 visitors a month. After stumbling upon SEOExpress.org and their affordable SEO packages, things changed dramatically. Within three months, my traffic surged to over 3,500 monthly visitors and I found myself ranking for 20 new keywords. If you're looking for a budget-friendly option that delivers real results, ...",https://11763962.xyz/there-was-a-time-when-i-struggled-to-rank-on-google-and-didnt-know-how-to-improve-it-thats-when-i-discovered-seoexpress-after-signing-up-for-their-backlink-services-my-domain-authority-soared-from-da,https://justdrivemedia.com/,"There Was a Time When I Struggled to Rank on Google and Didn’t Know How to Improve It. That’s When I Discovered SEOExpress.org! After Signing Up for Their Backlink Services, My Domain Authority Soared from DA 10 to DA 45 Within Three Months. Now I'm Receiving More Than Five Hundred Organic Visits Per Week! What an Incredible Journey ★★★★★ 🌟 — 11763962.xyz",0,0,8003,"/Internet_and_Telecom/Web_Services/Search_Engine_Optimization_and_Marketing,/Business_and_Industrial/Business_Services/Consulting",,,2026-09-19T16:39:08Z,44.0
37486190.xyz,"I remember when justdrivemedia.com was barely getting noticed online, with less than 200 visitors a month. After stumbling upon SEOExpress.org and their affordable SEO packages, things changed dramatically. Within three months, my traffic surged to over 3,500 monthly visitors and I found myself ranking for 20 new keywords. If you're looking for a budget-friendly option that delivers real results, ...",https://37486190.xyz/there-was-a-time-when-i-struggled-to-rank-on-google-and-didnt-know-how-to-improve-it-thats-when-i-discovered-seoexpress-after-signing-up-for-their-backlink-services-my-domain-authority-soared-from-da,https://justdrivemedia.com/,"There Was a Time When I Struggled to Rank on Google and Didn’t Know How to Improve It. That’s When I Discovered SEOExpress.org! After Signing Up for Their Backlink Services, My Domain Authority Soared from DA 10 to DA 45 Within Three Months. Now I'm Receiving More Than Five Hundred Organic Visits Per Week! What an Incredible Journey ★★★★★ 🌟 — 37486190.xyz",0,0,8008,"/Internet_and_Telecom/Web_Services/Search_Engine_Optimization_and_Marketing,/Business_and_Industrial/Business_Services/Consulting",,,2026-09-19T16:20:26Z,46.0
voxlyi.com,mightypr,https://voxlyi.com/website-list-936/,https://justdrivemedia.com/,Directory Pages Index,1,0,7039,"/Internet_and_Telecom/Web_Services/Search_Engine_Optimization_and_Marketing,/Business_and_Industrial/Advertising_and_Marketing/Marketing",support hopestreetprov,redlara yerbaprima,2026-09-19T15:36:46Z,0.0
voxlyi.com,mightypr,https://voxlyi.com/website-list-936/,http://justdrivemedia.com/,Directory Pages Index,1,0,7039,"/Internet_and_Telecom/Web_Services/Search_Engine_Optimization_and_Marketing,/Business_and_Industrial/Advertising_and_Marketing/Marketing",support hopestreetprov,redlara yerbaprima,2026-09-19T15:36:46Z,0.0
voxlyi.com,justdrivemedia,https://voxlyi.com/website-list-1253/,https://justdrivemedia.com/,Directory Pages Index,1,0,7018,"/Internet_and_Telecom/Web_Services/Search_Engine_Optimization_and_Marketing,/Business_and_Industrial/Advertising_and_Marketing/Marketing",craymer friendsmatchme,palmdaze oi926,2026-09-19T15:09:22Z,0.0
seoqualitychecker.website,mightypr.com SEO Backlink Experts for Powerful Ranking Improvement,https://seoqualitychecker.website/dir/seo-boosting-backlinks-136336,https://justdrivemedia.com/,"Premium SEO Backlink Experts Helping Websites Build High Quality Authority Links, Improve Search Engine Positions, and Increase Organic Search Performance - Page 136,336",1,1,1239,"/Internet_and_Telecom/Web_Services/Search_Engine_Optimization_and_Marketing,/Business_and_Industrial/Advertising_and_Marketing/Marketing",,,2026-09-19T14:27:41Z,0.0
seoqualitychecker.website,mightypr.com SEO Backlink Experts for Powerful Ranking Improvement,https://seoqualitychecker.website/dir/seo-boosting-backlinks-136336,http://justdrivemedia.com/,"Premium SEO Backlink Experts Helping Websites Build High Quality Authority Links, Improve Search Engine Positions, and Increase Organic Search Performance - Page 136,336",1,1,1239,"/Internet_and_Telecom/Web_Services/Search_Engine_Optimization_and_Marketing,/Business_and_Industrial/Advertising_and_Marketing/Marketing",,,2026-09-19T14:27:41Z,0.0
37486279.xyz,"I remember when justdrivemedia.com was barely getting noticed online, with less than 200 visitors a month. After stumbling upon SEOExpress.org and their affordable SEO packages, things changed dramatically. Within three months, my traffic surged to over 3,500 monthly visitors and I found myself ranking for 20 new keywords. If you're looking for a budget-friendly option that delivers real results, ...",https://37486279.xyz/there-was-a-time-when-i-struggled-to-rank-on-google-and-didnt-know-how-to-improve-it-thats-when-i-discovered-seoexpress-after-signing-up-for-their-backlink-services-my-domain-authority-soared-from-da,https://justdrivemedia.com/,"There Was a Time When I Struggled to Rank on Google and Didn’t Know How to Improve It. That’s When I Discovered SEOExpress.org! After Signing Up for Their Backlink Services, My Domain Authority Soared from DA 10 to DA 45 Within Three Months. Now I'm Receiving More Than Five Hundred Organic Visits Per Week! What an Incredible Journey ★★★★★ 🌟 — 37486279.xyz",0,0,8013,"/Internet_and_Telecom/Web_Services/Search_Engine_Optimization_and_Marketing,/Business_and_Industrial/Business_Services/Consulting",,,2026-09-19T14:19:42Z,46.0
37486321.xyz,"I remember when justdrivemedia.com was barely getting noticed online, with less than 200 visitors a month. After stumbling upon SEOExpress.org and their affordable SEO packages, things changed dramatically. Within three months, my traffic surged to over 3,500 monthly visitors and I found myself ranking for 20 new keywords. If you're looking for a budget-friendly option that delivers real results, ...",https://37486321.xyz/there-was-a-time-when-i-struggled-to-rank-on-google-and-didnt-know-how-to-improve-it-thats-when-i-discovered-seoexpress-after-signing-up-for-their-backlink-services-my-domain-authority-soared-from-da,https://justdrivemedia.com/,"There Was a Time When I Struggled to Rank on Google and Didn’t Know How to Improve It. That’s When I Discovered SEOExpress.org! After Signing Up for Their Backlink Services, My Domain Authority Soared from DA 10 to DA 45 Within Three Months. Now I'm Receiving More Than Five Hundred Organic Visits Per Week! What an Incredible Journey ★★★★★ 🌟 — 37486321.xyz",0,0,8014,"/Internet_and_Telecom/Web_Services/Search_Engine_Optimization_and_Marketing,/Business_and_Industrial/Business_Services/Consulting",,,2026-09-19T13:58:35Z,46.0
seocheckerfree.website,justdrivemedia.com Premium Authority Backlinks for Better Search Visibility,https://seocheckerfree.website/dir/ethical-seo-backlinks-109933,https://justdrivemedia.com/,"Premium SEO Link Building Services for Building Strong Website Backlinks, Improving Search Engine Authority, Increasing Rankings, and Growing Organic Visitors - Page 109,933",1,1,1171,"/Internet_and_Telecom/Web_Services/Search_Engine_Optimization_and_Marketing,/Business_and_Industrial/Advertising_and_Marketing/Marketing",,,2026-09-19T13:52:36Z,0.0
padacheckerbulk.space,mightypr.com SEO Backlink Experts for Powerful Ranking Improvement,https://padacheckerbulk.space/dir/seo-boosting-backlinks-136336,http://justdrivemedia.com/,"Premium SEO Backlink Experts Helping Websites Build High Quality Authority Links, Improve Search Engine Positions, and Increase Organic Search Performance - Page 136,336",1,1,1246,"/Internet_and_Telecom/Web_Services/Search_Engine_Optimization_and_Marketing,/Business_and_Industrial/Advertising_and_Marketing/Marketing",,,2026-09-19T13:08:18Z,0.0
padacheckerbulk.space,mightypr.com SEO Backlink Experts for Powerful Ranking Improvement,https://padacheckerbulk.space/dir/seo-boosting-backlinks-136336,https://justdrivemedia.com/,"Premium SEO Backlink Experts Helping Websites Build High Quality Authority Links, Improve Search Engine Positions, and Increase Organic Search Performance - Page 136,336",1,1,1246,"/Internet_and_Telecom/Web_Services/Search_Engine_Optimization_and_Marketing,/Business_and_Industrial/Advertising_and_Marketing/Marketing",,,2026-09-19T13:08:18Z,0.0
11763816.xyz,"I remember when justdrivemedia.com was barely getting noticed online, with less than 200 visitors a month. After stumbling upon SEOExpress.org and their affordable SEO packages, things changed dramatically. Within three months, my traffic surged to over 3,500 monthly visitors and I found myself ranking for 20 new keywords. If you're looking for a budget-friendly option that delivers real results, ...",https://11763816.xyz/there-was-a-time-when-i-struggled-to-rank-on-google-and-didnt-know-how-to-improve-it-thats-when-i-discovered-seoexpress-after-signing-up-for-their-backlink-services-my-domain-authority-soared-from-da,https://justdrivemedia.com/,"There Was a Time When I Struggled to Rank on Google and Didn’t Know How to Improve It. That’s When I Discovered SEOExpress.org! After Signing Up for Their Backlink Services, My Domain Authority Soared from DA 10 to DA 45 Within Three Months. Now I'm Receiving More Than Five Hundred Organic Visits Per Week! What an Incredible Journey ★★★★★ 🌟 — 11763816.xyz",0,0,8012,"/Internet_and_Telecom/Web_Services/Search_Engine_Optimization_and_Marketing,/Business_and_Industrial/Business_Services/Consulting",,,2026-09-19T12:18:46Z,44.0
seocheckertool.store,mightypr.com SEO Backlink Experts for Powerful Ranking Improvement,https://seocheckertool.store/dir/seo-boosting-backlinks-136336,http://justdrivemedia.com/,"Premium SEO Backlink Experts Helping Websites Build High Quality Authority Links, Improve Search Engine Positions, and Increase Organic Search Performance - Page 136,336",1,1,1247,"/Internet_and_Telecom/Web_Services/Search_Engine_Optimization_and_Marketing,/Business_and_Industrial/Advertising_and_Marketing/Marketing",,,2026-09-19T12:15:46Z,0.0
seocheckertool.store,mightypr.com SEO Backlink Experts for Powerful Ranking Improvement,https://seocheckertool.store/dir/seo-boosting-backlinks-136336,https://justdrivemedia.com/,"Premium SEO Backlink Experts Helping Websites Build High Quality Authority Links, Improve Search Engine Positions, and Increase Organic Search Performance - Page 136,336",1,1,1247,"/Internet_and_Telecom/Web_Services/Search_Engine_Optimization_and_Marketing,/Business_and_Industrial/Advertising_and_Marketing/Marketing",,,2026-09-19T12:15:46Z,0.0
37486344.xyz,"I remember when justdrivemedia.com was barely getting noticed online, with less than 200 visitors a month. After stumbling upon SEOExpress.org and their affordable SEO packages, things changed dramatically. Within three months, my traffic surged to over 3,500 monthly visitors and I found myself ranking for 20 new keywords. If you're looking for a budget-friendly option that delivers real results, ...",https://37486344.xyz/there-was-a-time-when-i-struggled-to-rank-on-google-and-didnt-know-how-to-improve-it-thats-when-i-discovered-seoexpress-after-signing-up-for-their-backlink-services-my-domain-authority-soared-from-da,https://justdrivemedia.com/,"There Was a Time When I Struggled to Rank on Google and Didn’t Know How to Improve It. That’s When I Discovered SEOExpress.org! After Signing Up for Their Backlink Services, My Domain Authority Soared from DA 10 to DA 45 Within Three Months. Now I'm Receiving More Than Five Hundred Organic Visits Per Week! What an Incredible Journey ★★★★★ 🌟 — 37486344.xyz",0,0,7994,"/Internet_and_Telecom/Web_Services/Search_Engine_Optimization_and_Marketing,/Business_and_Industrial/Business_Services/Consulting",,,2026-09-19T11:06:07Z,46.0
bulkdomaindachecker.shop,justdrivemedia.com Premium Authority Backlinks for Better Search Visibility,https://bulkdomaindachecker.shop/dir/ethical-seo-backlinks-109933,https://justdrivemedia.com/,"Premium SEO Link Building Services for Building Strong Website Backlinks, Improving Search Engine Authority, Increasing Rankings, and Growing Organic Visitors - Page 109,933",1,1,1171,"/Internet_and_Telecom/Web_Services/Search_Engine_Optimization_and_Marketing,/Business_and_Industrial/Advertising_and_Marketing/Marketing",,,2026-09-19T10:24:42Z,0.0
37486303.xyz,"I remember when justdrivemedia.com was barely getting noticed online, with less than 200 visitors a month. After stumbling upon SEOExpress.org and their affordable SEO packages, things changed dramatically. Within three months, my traffic surged to over 3,500 monthly visitors and I found myself ranking for 20 new keywords. If you're looking for a budget-friendly option that delivers real results, ...",https://37486303.xyz/there-was-a-time-when-i-struggled-to-rank-on-google-and-didnt-know-how-to-improve-it-thats-when-i-discovered-seoexpress-after-signing-up-for-their-backlink-services-my-domain-authority-soared-from-da,https://justdrivemedia.com/,"There Was a Time When I Struggled to Rank on Google and Didn’t Know How to Improve It. That’s When I Discovered SEOExpress.org! After Signing Up for Their Backlink Services, My Domain Authority Soared from DA 10 to DA 45 Within Three Months. Now I'm Receiving More Than Five Hundred Organic Visits Per Week! What an Incredible Journey ★★★★★ 🌟 — 37486303.xyz",0,0,8007,"/Internet_and_Telecom/Web_Services/Search_Engine_Optimization_and_Marketing,/Business_and_Industrial/Business_Services/Consulting",,,2026-09-19T09:03:42Z,46.0
freedaandpachecker.online,justdrivemedia.com Premium Authority Backlinks for Better Search Visibility,https://freedaandpachecker.online/dir/ethical-seo-backlinks-109933,https://justdrivemedia.com/,"Premium SEO Link Building Services for Building Strong Website Backlinks, Improving Search Engine Authority, Increasing Rankings, and Growing Organic Visitors - Page 109,933",1,1,1171,"/Internet_and_Telecom/Web_Services/Search_Engine_Optimization_and_Marketing,/Business_and_Industrial/Advertising_and_Marketing/Marketing",,,2026-09-19T08:35:21Z,0.6
domainmetricschecker.space,mightypr.com SEO Backlink Experts for Powerful Ranking Improvement,https://domainmetricschecker.space/dir/seo-boosting-backlinks-136336,https://justdrivemedia.com/,"Premium SEO Backlink Experts Helping Websites Build High Quality Authority Links, Improve Search Engine Positions, and Increase Organic Search Performance - Page 136,336",1,1,1247,"/Internet_and_Telecom/Web_Services/Search_Engine_Optimization_and_Marketing,/Business_and_Industrial/Advertising_and_Marketing/Marketing",,,2026-09-19T08:33:06Z,0.0
domainmetricschecker.space,mightypr.com SEO Backlink Experts for Powerful Ranking Improvement,https://domainmetricschecker.space/dir/seo-boosting-backlinks-136336,http://justdrivemedia.com/,"Premium SEO Backlink Experts Helping Websites Build High Quality Authority Links, Improve Search Engine Positions, and Increase Organic Search Performance - Page 136,336",1,1,1247,"/Internet_and_Telecom/Web_Services/Search_Engine_Optimization_and_Marketing,/Business_and_Industrial/Advertising_and_Marketing/Marketing",,,2026-09-19T08:33:06Z,0.0
dapabacklinkchecker.shop,justdrivemedia.com Premium Authority Backlinks for Better Search Visibility,https://dapabacklinkchecker.shop/dir/ethical-seo-backlinks-109933,https://justdrivemedia.com/,"Premium SEO Link Building Services for Building Strong Website Backlinks, Improving Search Engine Authority, Increasing Rankings, and Growing Organic Visitors - Page 109,933",1,1,1171,"/Internet_and_Telecom/Web_Services/Search_Engine_Optimization_and_Marketing,/Business_and_Industrial/Advertising_and_Marketing/Marketing",,,2026-09-19T06:31:08Z,0.0
www.youtoo.in,justdrivemedia.com,http://www.youtoo.in/page-c3ccf24a9bb7c02b186ada0484b200fb.html,http://justdrivemedia.com/,Where to buy 🚀 aged domains and backlinks 🔥 from www.youtoo.in| 3249-7021,1,0,9997,"/Internet_and_Telecom/Web_Services/Search_Engine_Optimization_and_Marketing,/Business_and_Industrial/Advertising_and_Marketing/Marketing,/Online_Communities",justdriveme.com justdrivemearound.com,justdrivemgmt.com justdrivemi.com,2026-09-19T06:29:45Z,0.5
premiumseo.shop,justdrivemedia.com,https://premiumseo.shop/cczz-get-ranking-on-1st-page-with-us,https://justdrivemedia.com/,Buy High Quality Dofollow Seo Backlinks to Rank on 1st Page,0,1,9250,"/Food_and_Drink/Restaurants/Restaurant_Reviews_and_Reservations,/Internet_and_Telecom/Web_Services/Search_Engine_Optimization_and_Marketing,/Shopping,/Business_and_Industrial/Business_Services/E-Commerce_Services",,,2026-09-19T06:18:23Z,8.0
freerankingchecker.online,justdrivemedia.com Premium Authority Backlinks for Better Search Visibility,https://freerankingchecker.online/dir/ethical-seo-backlinks-109933,https://justdrivemedia.com/,"Premium SEO Link Building Services for Building Strong Website Backlinks, Improving Search Engine Authority, Increasing Rankings, and Growing Organic Visitors - Page 109,933",1,1,1171,"/Internet_and_Telecom/Web_Services/Search_Engine_Optimization_and_Marketing,/Business_and_Industrial/Advertising_and_Marketing/Marketing",,,2026-09-19T05:46:26Z,0.0
bestbacklinkchecker.store,justdrivemedia.com Premium Authority Backlinks for Better Search Visibility,https://bestbacklinkchecker.store/dir/ethical-seo-backlinks-109933,https://justdrivemedia.com/,"Premium SEO Link Building Services for Building Strong Website Backlinks, Improving Search Engine Authority, Increasing Rankings, and Growing Organic Visitors - Page 109,933",1,1,1172,"/Internet_and_Telecom/Web_Services/Search_Engine_Optimization_and_Marketing,/Business_and_Industrial/Advertising_and_Marketing/Marketing",,,2026-09-19T05:26:39Z,0.0
freeseositechecker.space,justdrivemedia.com Premium Authority Backlinks for Better Search Visibility,https://freeseositechecker.space/dir/ethical-seo-backlinks-109933,https://justdrivemedia.com/,"Premium SEO Link Building Services for Building Strong Website Backlinks, Improving Search Engine Authority, Increasing Rankings, and Growing Organic Visitors - Page 109,933",1,1,1171,"/Internet_and_Telecom/Web_Services/Search_Engine_Optimization_and_Marketing,/Business_and_Industrial/Advertising_and_Marketing/Marketing",,,2026-09-19T05:02:37Z,0.0
websitecheckertool.space,mightypr.com SEO Backlink Experts for Powerful Ranking Improvement,https://websitecheckertool.space/dir/seo-boosting-backlinks-136336,https://justdrivemedia.com/,"Premium SEO Backlink Experts Helping Websites Build High Quality Authority Links, Improve Search Engine Positions, and Increase Organic Search Performance - Page 136,336",1,1,1239,"/Internet_and_Telecom/Web_Services/Search_Engine_Optimization_and_Marketing,/Business_and_Industrial/Advertising_and_Marketing/Marketing",,,2026-09-19T04:59:14Z,0.0
websitecheckertool.space,mightypr.com SEO Backlink Experts for Powerful Ranking Improvement,https://websitecheckertool.space/dir/seo-boosting-backlinks-136336,http://justdrivemedia.com/,"Premium SEO Backlink Experts Helping Websites Build High Quality Authority Links, Improve Search Engine Positions, and Increase Organic Search Performance - Page 136,336",1,1,1239,"/Internet_and_Telecom/Web_Services/Search_Engine_Optimization_and_Marketing,/Business_and_Industrial/Advertising_and_Marketing/Marketing",,,2026-09-19T04:59:14Z,0.0
linkbacklinkchecker.store,justdrivemedia.com Premium Authority Backlinks for Better Search Visibility,https://linkbacklinkchecker.store/dir/ethical-seo-backlinks-109933,https://justdrivemedia.com/,"Premium SEO Link Building Services for Building Strong Website Backlinks, Improving Search Engine Authority, Increasing Rankings, and Growing Organic Visitors - Page 109,933",1,1,1171,"/Internet_and_Telecom/Web_Services/Search_Engine_Optimization_and_Marketing,/Business_and_Industrial/Advertising_and_Marketing/Marketing",,,2026-09-19T04:59:01Z,0.0
massbacklinkchecker.shop,mightypr.com SEO Backlink Experts for Powerful Ranking Improvement,https://massbacklinkchecker.shop/dir/seo-boosting-backlinks-136336,https://justdrivemedia.com/,"Premium SEO Backlink Experts Helping Websites Build High Quality Authority Links, Improve Search Engine Positions, and Increase Organic Search Performance - Page 136,336",1,1,1239,"/Internet_and_Telecom/Web_Services/Search_Engine_Optimization_and_Marketing,/Business_and_Industrial/Advertising_and_Marketing/Marketing",,,2026-09-19T04:55:39Z,0.0
massbacklinkchecker.shop,mightypr.com SEO Backlink Experts for Powerful Ranking Improvement,https://massbacklinkchecker.shop/dir/seo-boosting-backlinks-136336,http://justdrivemedia.com/,"Premium SEO Backlink Experts Helping Websites Build High Quality Authority Links, Improve Search Engine Positions, and Increase Organic Search Performance - Page 136,336",1,1,1239,"/Internet_and_Telecom/Web_Services/Search_Engine_Optimization_and_Marketing,/Business_and_Industrial/Advertising_and_Marketing/Marketing",,,2026-09-19T04:55:39Z,0.0
rankwebsitechecker.online,justdrivemedia.com Premium Authority Backlinks for Better Search Visibility,https://rankwebsitechecker.online/dir/ethical-seo-backlinks-109933,https://justdrivemedia.com/,"Premium SEO Link Building Services for Building Strong Website Backlinks, Improving Search Engine Authority, Increasing Rankings, and Growing Organic Visitors - Page 109,933",1,1,1171,"/Internet_and_Telecom/Web_Services/Search_Engine_Optimization_and_Marketing,/Business_and_Industrial/Advertising_and_Marketing/Marketing",,,2026-09-19T04:55:21Z,0.0
murvi.shop,"High Quality PBN Backlinks for justdrivemedia.com to Boost Domain Authority. Outrank Your Competitors, Across Every Niche and Market.",https://murvi.shop/indexation-directory/proven-guest-post-service-to-boost-domain-authority-grow-search-traffic-with-full-placement-reporting-31c230.html,https://justdrivemedia.com/,"Proven Guest Post Service to Boost Domain Authority. Grow Search Traffic, with Full Placement Reporting.",1,1,5719,"/Internet_and_Telecom/Web_Services/Search_Engine_Optimization_and_Marketing,/Business_and_Industrial/Business_Services/E-Commerce_Services",,,2026-09-19T04:51:00Z,0.0
dapacheckerseo.space,mightypr.com SEO Backlink Experts for Powerful Ranking Improvement,https://dapacheckerseo.space/dir/seo-boosting-backlinks-136336,https://justdrivemedia.com/,"Premium SEO Backlink Experts Helping Websites Build High Quality Authority Links, Improve Search Engine Positions, and Increase Organic Search Performance - Page 136,336",1,1,1247,"/Internet_and_Telecom/Web_Services/Search_Engine_Optimization_and_Marketing,/Business_and_Industrial/Advertising_and_Marketing/Marketing",,,2026-09-19T04:50:45Z,0.0
dapacheckerseo.space,mightypr.com SEO Backlink Experts for Powerful Ranking Improvement,https://dapacheckerseo.space/dir/seo-boosting-backlinks-136336,http://justdrivemedia.com/,"Premium SEO Backlink Experts Helping Websites Build High Quality Authority Links, Improve Search Engine Positions, and Increase Organic Search Performance - Page 136,336",1,1,1247,"/Internet_and_Telecom/Web_Services/Search_Engine_Optimization_and_Marketing,/Business_and_Industrial/Advertising_and_Marketing/Marketing",,,2026-09-19T04:50:45Z,0.0
dapascorechecker.online,justdrivemedia.com Premium Authority Backlinks for Better Search Visibility,https://dapascorechecker.online/dir/ethical-seo-backlinks-109933,https://justdrivemedia.com/,"Premium SEO Link Building Services for Building Strong Website Backlinks, Improving Search Engine Authority, Increasing Rankings, and Growing Organic Visitors - Page 109,933",1,1,1172,"/Internet_and_Telecom/Web_Services/Search_Engine_Optimization_and_Marketing,/Business_and_Industrial/Advertising_and_Marketing/Marketing",,,2026-09-19T04:49:36Z,0.0
oneclickseochecker.shop,justdrivemedia.com Premium Authority Backlinks for Better Search Visibility,https://oneclickseochecker.shop/dir/ethical-seo-backlinks-109933,https://justdrivemedia.com/,"Premium SEO Link Building Services for Building Strong Website Backlinks, Improving Search Engine Authority, Increasing Rankings, and Growing Organic Visitors - Page 109,933",1,1,1172,"/Internet_and_Telecom/Web_Services/Search_Engine_Optimization_and_Marketing,/Business_and_Industrial/Advertising_and_Marketing/Marketing",,,2026-09-19T04:48:41Z,0.0
seodachecker.store,mightypr.com SEO Backlink Experts for Powerful Ranking Improvement,https://seodachecker.store/dir/seo-boosting-backlinks-136336,https://justdrivemedia.com/,"Premium SEO Backlink Experts Helping Websites Build High Quality Authority Links, Improve Search Engine Positions, and Increase Organic Search Performance - Page 136,336",1,1,1247,"/Internet_and_Telecom/Web_Services/Search_Engine_Optimization_and_Marketing,/Business_and_Industrial/Advertising_and_Marketing/Marketing",,,2026-09-19T04:46:54Z,0.0
seodachecker.store,mightypr.com SEO Backlink Experts for Powerful Ranking Improvement,https://seodachecker.store/dir/seo-boosting-backlinks-136336,http://justdrivemedia.com/,"Premium SEO Backlink Experts Helping Websites Build High Quality Authority Links, Improve Search Engine Positions, and Increase Organic Search Performance - Page 136,336",1,1,1247,"/Internet_and_Telecom/Web_Services/Search_Engine_Optimization_and_Marketing,/Business_and_Industrial/Advertising_and_Marketing/Marketing",,,2026-09-19T04:46:54Z,0.0
drchecker.site,justdrivemedia.com Premium Authority Backlinks for Better Search Visibility,https://drchecker.site/dir/ethical-seo-backlinks-109933,https://justdrivemedia.com/,"Premium SEO Link Building Services for Building Strong Website Backlinks, Improving Search Engine Authority, Increasing Rankings, and Growing Organic Visitors - Page 109,933",1,1,1171,"/Internet_and_Telecom/Web_Services/Search_Engine_Optimization_and_Marketing,/Business_and_Industrial/Advertising_and_Marketing/Marketing",,,2026-09-19T04:45:44Z,0.0
webbacklinkchecker.shop,mightypr.com SEO Backlink Experts for Powerful Ranking Improvement,https://webbacklinkchecker.shop/dir/seo-boosting-backlinks-136336,http://justdrivemedia.com/,"Premium SEO Backlink Experts Helping Websites Build High Quality Authority Links, Improve Search Engine Positions, and Increase Organic Search Performance - Page 136,336",1,1,1247,"/Internet_and_Telecom/Web_Services/Search_Engine_Optimization_and_Marketing,/Business_and_Industrial/Advertising_and_Marketing/Marketing",,,2026-09-19T04:37:03Z,0.0
webbacklinkchecker.shop,mightypr.com SEO Backlink Experts for Powerful Ranking Improvement,https://webbacklinkchecker.shop/dir/seo-boosting-backlinks-136336,https://justdrivemedia.com/,"Premium SEO Backlink Experts Helping Websites Build High Quality Authority Links, Improve Search Engine Positions, and Increase Organic Search Performance - Page 136,336",1,1,1247,"/Internet_and_Telecom/Web_Services/Search_Engine_Optimization_and_Marketing,/Business_and_Industrial/Advertising_and_Marketing/Marketing",,,2026-09-19T04:37:03Z,0.0
greatseolinks.info,justdrivemedia.com Premium Authority Backlinks for Better Search Visibility,https://greatseolinks.info/dir/ethical-seo-backlinks-109933,https://justdrivemedia.com/,"Premium SEO Link Building Services for Building Strong Website Backlinks, Improving Search Engine Authority, Increasing Rankings, and Growing Organic Visitors - Page 109,933",1,1,1172,"/Internet_and_Telecom/Web_Services/Search_Engine_Optimization_and_Marketing,/Business_and_Industrial/Business_Services",,,2026-09-19T04:33:35Z,0.0
seoresultchecker.shop,justdrivemedia.com Premium Authority Backlinks for Better Search Visibility,https://seoresultchecker.shop/dir/ethical-seo-backlinks-109933,https://justdrivemedia.com/,"Premium SEO Link Building Services for Building Strong Website Backlinks, Improving Search Engine Authority, Increasing Rankings, and Growing Organic Visitors - Page 109,933",1,1,1171,"/Internet_and_Telecom/Web_Services/Search_Engine_Optimization_and_Marketing,/Business_and_Industrial/Advertising_and_Marketing/Marketing",,,2026-09-19T04:30:11Z,0.0
sitepositionchecker.store,justdrivemedia.com Premium Authority Backlinks for Better Search Visibility,https://sitepositionchecker.store/dir/ethical-seo-backlinks-109933,https://justdrivemedia.com/,"Premium SEO Link Building Services for Building Strong Website Backlinks, Improving Search Engine Authority, Increasing Rankings, and Growing Organic Visitors - Page 109,933",1,1,1172,"/Internet_and_Telecom/Web_Services/Search_Engine_Optimization_and_Marketing,/Business_and_Industrial/Advertising_and_Marketing/Marketing",,,2026-09-19T04:30:10Z,0.0
dascorechecker.website,justdrivemedia.com Premium Authority Backlinks for Better Search Visibility,https://dascorechecker.website/dir/ethical-seo-backlinks-109933,https://justdrivemedia.com/,"Premium SEO Link Building Services for Building Strong Website Backlinks, Improving Search Engine Authority, Increasing Rankings, and Growing Organic Visitors - Page 109,933",1,1,1171,"/Internet_and_Telecom/Web_Services/Search_Engine_Optimization_and_Marketing,/Business_and_Industrial/Advertising_and_Marketing/Marketing",,,2026-09-19T04:29:40Z,0.0
sitepositionchecker.space,justdrivemedia.com Premium Authority Backlinks for Better Search Visibility,https://sitepositionchecker.space/dir/ethical-seo-backlinks-109933,https://justdrivemedia.com/,"Premium SEO Link Building Services for Building Strong Website Backlinks, Improving Search Engine Authority, Increasing Rankings, and Growing Organic Visitors - Page 109,933",1,1,1172,"/Internet_and_Telecom/Web_Services/Search_Engine_Optimization_and_Marketing,/Business_and_Industrial/Advertising_and_Marketing/Marketing",,,2026-09-19T04:29:29Z,0.0
dadrchecker.website,justdrivemedia.com Premium Authority Backlinks for Better Search Visibility,https://dadrchecker.website/dir/ethical-seo-backlinks-109933,https://justdrivemedia.com/,"Premium SEO Link Building Services for Building Strong Website Backlinks, Improving Search Engine Authority, Increasing Rankings, and Growing Organic Visitors - Page 109,933",1,1,1171,"/Internet_and_Telecom/Web_Services/Search_Engine_Optimization_and_Marketing,/Business_and_Industrial/Advertising_and_Marketing/Marketing",,,2026-09-19T04:24:02Z,0.0
seocheckerfreetool.site,mightypr.com SEO Backlink Experts for Powerful Ranking Improvement,https://seocheckerfreetool.site/dir/seo-boosting-backlinks-136336,http://justdrivemedia.com/,"Premium SEO Backlink Experts Helping Websites Build High Quality Authority Links, Improve Search Engine Positions, and Increase Organic Search Performance - Page 136,336",1,1,1239,"/Internet_and_Telecom/Web_Services/Search_Engine_Optimization_and_Marketing,/Business_and_Industrial/Advertising_and_Marketing/Marketing",,,2026-09-19T04:22:17Z,0.0
seocheckerfreetool.site,mightypr.com SEO Backlink Experts for Powerful Ranking Improvement,https://seocheckerfreetool.site/dir/seo-boosting-backlinks-136336,https://justdrivemedia.com/,"Premium SEO Backlink Experts Helping Websites Build High Quality Authority Links, Improve Search Engine Positions, and Increase Organic Search Performance - Page 136,336",1,1,1239,"/Internet_and_Telecom/Web_Services/Search_Engine_Optimization_and_Marketing,/Business_and_Industrial/Advertising_and_Marketing/Marketing",,,2026-09-19T04:22:17Z,0.0
backlinktoolchecker.website,mightypr.com SEO Backlink Experts for Powerful Ranking Improvement,https://backlinktoolchecker.website/dir/seo-boosting-backlinks-136336,https://justdrivemedia.com/,"Premium SEO Backlink Experts Helping Websites Build High Quality Authority Links, Improve Search Engine Positions, and Increase Organic Search Performance - Page 136,336",1,1,1246,"/Internet_and_Telecom/Web_Services/Search_Engine_Optimization_and_Marketing,/Business_and_Industrial/Advertising_and_Marketing/Marketing",,,2026-09-19T04:21:56Z,0.0
backlinktoolchecker.website,mightypr.com SEO Backlink Experts for Powerful Ranking Improvement,https://backlinktoolchecker.website/dir/seo-boosting-backlinks-136336,http://justdrivemedia.com/,"Premium SEO Backlink Experts Helping Websites Build High Quality Authority Links, Improve Search Engine Positions, and Increase Organic Search Performance - Page 136,336",1,1,1246,"/Internet_and_Telecom/Web_Services/Search_Engine_Optimization_and_Marketing,/Business_and_Industrial/Advertising_and_Marketing/Marketing",,,2026-09-19T04:21:56Z,0.0
daandpacheckertool.website,mightypr.com SEO Backlink Experts for Powerful Ranking Improvement,https://daandpacheckertool.website/dir/seo-boosting-backlinks-136336,http://justdrivemedia.com/,"Premium SEO Backlink Experts Helping Websites Build High Quality Authority Links, Improve Search Engine Positions, and Increase Organic Search Performance - Page 136,336",1,1,1239,"/Internet_and_Telecom/Web_Services/Search_Engine_Optimization_and_Marketing,/Business_and_Industrial/Advertising_and_Marketing/Marketing",,,2026-09-19T04:21:44Z,0.0
daandpacheckertool.website,mightypr.com SEO Backlink Experts for Powerful Ranking Improvement,https://daandpacheckertool.website/dir/seo-boosting-backlinks-136336,https://justdrivemedia.com/,"Premium SEO Backlink Experts Helping Websites Build High Quality Authority Links, Improve Search Engine Positions, and Increase Organic Search Performance - Page 136,336",1,1,1239,"/Internet_and_Telecom/Web_Services/Search_Engine_Optimization_and_Marketing,/Business_and_Industrial/Advertising_and_Marketing/Marketing",,,2026-09-19T04:21:44Z,0.0
blogdachecker.online,justdrivemedia.com Premium Authority Backlinks for Better Search Visibility,https://blogdachecker.online/dir/ethical-seo-backlinks-109933,https://justdrivemedia.com/,"Premium SEO Link Building Services for Building Strong Website Backlinks, Improving Search Engine Authority, Increasing Rankings, and Growing Organic Visitors - Page 109,933",1,1,1171,"/Internet_and_Telecom/Web_Services/Search_Engine_Optimization_and_Marketing,/Business_and_Industrial/Advertising_and_Marketing/Marketing",,,2026-09-19T04:21:29Z,0.0
dacheckertoolonline.store,justdrivemedia.com Premium Authority Backlinks for Better Search Visibility,https://dacheckertoolonline.store/dir/ethical-seo-backlinks-109933,https://justdrivemedia.com/,"Premium SEO Link Building Services for Building Strong Website Backlinks, Improving Search Engine Authority, Increasing Rankings, and Growing Organic Visitors - Page 109,933",1,1,1172,"/Internet_and_Telecom/Web_Services/Search_Engine_Optimization_and_Marketing,/Business_and_Industrial/Advertising_and_Marketing/Marketing",,,2026-09-19T04:21:18Z,0.0
websitedatachecker.online,justdrivemedia.com Premium Authority Backlinks for Better Search Visibility,https://websitedatachecker.online/dir/ethical-seo-backlinks-109933,https://justdrivemedia.com/,"Premium SEO Link Building Services for Building Strong Website Backlinks, Improving Search Engine Authority, Increasing Rankings, and Growing Organic Visitors - Page 109,933",1,1,1171,"/Internet_and_Telecom/Web_Services/Search_Engine_Optimization_and_Marketing,/Business_and_Industrial/Advertising_and_Marketing/Marketing",,,2026-09-19T04:18:24Z,0.0
domainrankingchecker.space,justdrivemedia.com Premium Authority Backlinks for Better Search Visibility,https://domainrankingchecker.space/dir/ethical-seo-backlinks-109933,https://justdrivemedia.com/,"Premium SEO Link Building Services for Building Strong Website Backlinks, Improving Search Engine Authority, Increasing Rankings, and Growing Organic Visitors - Page 109,933",1,1,1172,"/Internet_and_Telecom/Web_Services/Search_Engine_Optimization_and_Marketing,/Business_and_Industrial/Advertising_and_Marketing/Marketing",,,2026-09-19T04:17:57Z,0.0
domainserpchecker.online,justdrivemedia.com Premium Authority Backlinks for Better Search Visibility,https://domainserpchecker.online/dir/ethical-seo-backlinks-109933,https://justdrivemedia.com/,"Premium SEO Link Building Services for Building Strong Website Backlinks, Improving Search Engine Authority, Increasing Rankings, and Growing Organic Visitors - Page 109,933",1,1,1172,"/Internet_and_Telecom/Web_Services/Search_Engine_Optimization_and_Marketing,/Business_and_Industrial/Advertising_and_Marketing/Marketing",,,2026-09-19T04:16:55Z,0.0
onlinesitechecker.website,justdrivemedia.com Premium Authority Backlinks for Better Search Visibility,https://onlinesitechecker.website/dir/ethical-seo-backlinks-109933,https://justdrivemedia.com/,"Premium SEO Link Building Services for Building Strong Website Backlinks, Improving Search Engine Authority, Increasing Rankings, and Growing Organic Visitors - Page 109,933",1,1,1171,"/Internet_and_Telecom/Web_Services/Search_Engine_Optimization_and_Marketing,/Business_and_Industrial/Advertising_and_Marketing/Marketing",,,2026-09-19T04:10:33Z,0.0
bulkbacklinkschecker.space,justdrivemedia.com Premium Authority Backlinks for Better Search Visibility,https://bulkbacklinkschecker.space/dir/ethical-seo-backlinks-109933,https://justdrivemedia.com/,"Premium SEO Link Building Services for Building Strong Website Backlinks, Improving Search Engine Authority, Increasing Rankings, and Growing Organic Visitors - Page 109,933",1,1,1171,"/Internet_and_Telecom/Web_Services/Search_Engine_Optimization_and_Marketing,/Business_and_Industrial/Advertising_and_Marketing/Marketing",,,2026-09-19T04:10:15Z,0.0
domaincheckerdapa.site,mightypr.com SEO Backlink Experts for Powerful Ranking Improvement,https://domaincheckerdapa.site/dir/seo-boosting-backlinks-136336,https://justdrivemedia.com/,"Premium SEO Backlink Experts Helping Websites Build High Quality Authority Links, Improve Search Engine Positions, and Increase Organic Search Performance - Page 136,336",1,1,1247,"/Internet_and_Telecom/Web_Services/Search_Engine_Optimization_and_Marketing,/Business_and_Industrial/Advertising_and_Marketing/Marketing",,,2026-09-19T04:09:55Z,0.0
domaincheckerdapa.site,mightypr.com SEO Backlink Experts for Powerful Ranking Improvement,https://domaincheckerdapa.site/dir/seo-boosting-backlinks-136336,http://justdrivemedia.com/,"Premium SEO Backlink Experts Helping Websites Build High Quality Authority Links, Improve Search Engine Positions, and Increase Organic Search Performance - Page 136,336",1,1,1247,"/Internet_and_Telecom/Web_Services/Search_Engine_Optimization_and_Marketing,/Business_and_Industrial/Advertising_and_Marketing/Marketing",,,2026-09-19T04:09:55Z,0.0
websitecheckerfree.website,justdrivemedia.com Premium Authority Backlinks for Better Search Visibility,https://websitecheckerfree.website/dir/ethical-seo-backlinks-109933,https://justdrivemedia.com/,"Premium SEO Link Building Services for Building Strong Website Backlinks, Improving Search Engine Authority, Increasing Rankings, and Growing Organic Visitors - Page 109,933",1,1,1171,"/Internet_and_Telecom/Web_Services/Search_Engine_Optimization_and_Marketing,/Business_and_Industrial/Advertising_and_Marketing/Marketing",,,2026-09-19T04:07:16Z,0.5
dacheckertool.website,justdrivemedia.com Premium Authority Backlinks for Better Search Visibility,https://dacheckertool.website/dir/ethical-seo-backlinks-109933,https://justdrivemedia.com/,"Premium SEO Link Building Services for Building Strong Website Backlinks, Improving Search Engine Authority, Increasing Rankings, and Growing Organic Visitors - Page 109,933",1,1,1171,"/Internet_and_Telecom/Web_Services/Search_Engine_Optimization_and_Marketing,/Business_and_Industrial/Advertising_and_Marketing/Marketing",,,2026-09-19T04:03:24Z,0.0
daparankchecker.store,justdrivemedia.com Premium Authority Backlinks for Better Search Visibility,https://daparankchecker.store/dir/ethical-seo-backlinks-109933,https://justdrivemedia.com/,"Premium SEO Link Building Services for Building Strong Website Backlinks, Improving Search Engine Authority, Increasing Rankings, and Growing Organic Visitors - Page 109,933",1,1,1172,"/Internet_and_Telecom/Web_Services/Search_Engine_Optimization_and_Marketing,/Business_and_Industrial/Advertising_and_Marketing/Marketing",,,2026-09-19T04:03:21Z,0.0
seo-first-page.info,mightypr.com SEO Backlink Experts for Powerful Ranking Improvement,https://seo-first-page.info/dir/seo-boosting-backlinks-136336,http://justdrivemedia.com/,"Premium SEO Backlink Experts Helping Websites Build High Quality Authority Links, Improve Search Engine Positions, and Increase Organic Search Performance - Page 136,336",1,1,1247,"/Internet_and_Telecom/Web_Services/Search_Engine_Optimization_and_Marketing,/Business_and_Industrial/Advertising_and_Marketing/Marketing",,,2026-09-19T04:02:06Z,0.0
seo-first-page.info,mightypr.com SEO Backlink Experts for Powerful Ranking Improvement,https://seo-first-page.info/dir/seo-boosting-backlinks-136336,https://justdrivemedia.com/,"Premium SEO Backlink Experts Helping Websites Build High Quality Authority Links, Improve Search Engine Positions, and Increase Organic Search Performance - Page 136,336",1,1,1247,"/Internet_and_Telecom/Web_Services/Search_Engine_Optimization_and_Marketing,/Business_and_Industrial/Advertising_and_Marketing/Marketing",,,2026-09-19T04:02:06Z,0.0
backlinksreport.space,justdrivemedia.com Premium Authority Backlinks for Better Search Visibility,https://backlinksreport.space/dir/ethical-seo-backlinks-109933,https://justdrivemedia.com/,"Premium SEO Link Building Services for Building Strong Website Backlinks, Improving Search Engine Authority, Increasing Rankings, and Growing Organic Visitors - Page 109,933",1,1,1172,"/Internet_and_Telecom/Web_Services/Search_Engine_Optimization_and_Marketing,/Business_and_Industrial/Advertising_and_Marketing/Marketing",,,2026-09-19T03:59:44Z,0.0
dabacklinkchecker.shop,mightypr.com SEO Backlink Experts for Powerful Ranking Improvement,https://dabacklinkchecker.shop/dir/seo-boosting-backlinks-136336,http://justdrivemedia.com/,"Premium SEO Backlink Experts Helping Websites Build High Quality Authority Links, Improve Search Engine Positions, and Increase Organic Search Performance - Page 136,336",1,1,1239,"/Internet_and_Telecom/Web_Services/Search_Engine_Optimization_and_Marketing,/Business_and_Industrial/Advertising_and_Marketing/Marketing",,,2026-09-19T03:57:42Z,0.0
dabacklinkchecker.shop,mightypr.com SEO Backlink Experts for Powerful Ranking Improvement,https://dabacklinkchecker.shop/dir/seo-boosting-backlinks-136336,https://justdrivemedia.com/,"Premium SEO Backlink Experts Helping Websites Build High Quality Authority Links, Improve Search Engine Positions, and Increase Organic Search Performance - Page 136,336",1,1,1239,"/Internet_and_Telecom/Web_Services/Search_Engine_Optimization_and_Marketing,/Business_and_Industrial/Advertising_and_Marketing/Marketing",,,2026-09-19T03:57:42Z,0.0
urlrankchecker.online,mightypr.com SEO Backlink Experts for Powerful Ranking Improvement,https://urlrankchecker.online/dir/seo-boosting-backlinks-136336,http://justdrivemedia.com/,"Premium SEO Backlink Experts Helping Websites Build High Quality Authority Links, Improve Search Engine Positions, and Increase Organic Search Performance - Page 136,336",1,1,1247,"/Internet_and_Telecom/Web_Services/Search_Engine_Optimization_and_Marketing,/Business_and_Industrial/Advertising_and_Marketing/Marketing",,,2026-09-19T03:52:36Z,0.0
urlrankchecker.online,mightypr.com SEO Backlink Experts for Powerful Ranking Improvement,https://urlrankchecker.online/dir/seo-boosting-backlinks-136336,https://justdrivemedia.com/,"Premium SEO Backlink Experts Helping Websites Build High Quality Authority Links, Improve Search Engine Positions, and Increase Organic Search Performance - Page 136,336",1,1,1247,"/Internet_and_Telecom/Web_Services/Search_Engine_Optimization_and_Marketing,/Business_and_Industrial/Advertising_and_Marketing/Marketing",,,2026-09-19T03:52:36Z,0.0
outgoinglinkchecker.space,justdrivemedia.com Premium Authority Backlinks for Better Search Visibility,https://outgoinglinkchecker.space/dir/ethical-seo-backlinks-109933,https://justdrivemedia.com/,"Premium SEO Link Building Services for Building Strong Website Backlinks, Improving Search Engine Authority, Increasing Rankings, and Growing Organic Visitors - Page 109,933",1,1,1171,"/Internet_and_Telecom/Web_Services/Search_Engine_Optimization_and_Marketing,/Business_and_Industrial/Advertising_and_Marketing/Marketing",,,2026-09-19T03:51:54Z,0.0
24rankings.link,mightypr.com SEO Backlink Experts for Powerful Ranking Improvement,https://24rankings.link/dir/seo-boosting-backlinks-136336,http://justdrivemedia.com/,"Premium SEO Backlink Experts Helping Websites Build High Quality Authority Links, Improve Search Engine Positions, and Increase Organic Search Performance - Page 136,336",1,1,1247,"/Internet_and_Telecom/Web_Services/Search_Engine_Optimization_and_Marketing,/Business_and_Industrial/Advertising_and_Marketing/Marketing",,,2026-09-19T03:50:13Z,0.0
24rankings.link,mightypr.com SEO Backlink Experts for Powerful Ranking Improvement,https://24rankings.link/dir/seo-boosting-backlinks-136336,https://justdrivemedia.com/,"Premium SEO Backlink Experts Helping Websites Build High Quality Authority Links, Improve Search Engine Positions, and Increase Organic Search Performance - Page 136,336",1,1,1247,"/Internet_and_Telecom/Web_Services/Search_Engine_Optimization_and_Marketing,/Business_and_Industrial/Advertising_and_Marketing/Marketing",,,2026-09-19T03:50:13Z,0.0
massdachecker.store,justdrivemedia.com Premium Authority Backlinks for Better Search Visibility,https://massdachecker.store/dir/ethical-seo-backlinks-109933,https://justdrivemedia.com/,"Premium SEO Link Building Services for Building Strong Website Backlinks, Improving Search Engine Authority, Increasing Rankings, and Growing Organic Visitors - Page 109,933",1,1,1172,"/Internet_and_Telecom/Web_Services/Search_Engine_Optimization_and_Marketing,/Business_and_Industrial/Advertising_and_Marketing/Marketing",,,2026-09-19T03:49:21Z,0.0
drdachecker.website,justdrivemedia.com Premium Authority Backlinks for Better Search Visibility,https://drdachecker.website/dir/ethical-seo-backlinks-109933,https://justdrivemedia.com/,"Premium SEO Link Building Services for Building Strong Website Backlinks, Improving Search Engine Authority, Increasing Rankings, and Growing Organic Visitors - Page 109,933",1,1,1172,"/Internet_and_Telecom/Web_Services/Search_Engine_Optimization_and_Marketing,/Business_and_Industrial/Advertising_and_Marketing/Marketing",,,2026-09-19T03:48:01Z,0.0
freedacheckertools.site,mightypr.com SEO Backlink Experts for Powerful Ranking Improvement,https://freedacheckertools.site/dir/seo-boosting-backlinks-136336,http://justdrivemedia.com/,"Premium SEO Backlink Experts Helping Websites Build High Quality Authority Links, Improve Search Engine Positions, and Increase Organic Search Performance - Page 136,336",1,1,1247,"/Internet_and_Telecom/Web_Services/Search_Engine_Optimization_and_Marketing,/Business_and_Industrial/Advertising_and_Marketing/Marketing",,,2026-09-19T03:46:48Z,0.0
freedacheckertools.site,mightypr.com SEO Backlink Experts for Powerful Ranking Improvement,https://freedacheckertools.site/dir/seo-boosting-backlinks-136336,https://justdrivemedia.com/,"Premium SEO Backlink Experts Helping Websites Build High Quality Authority Links, Improve Search Engine Positions, and Increase Organic Search Performance - Page 136,336",1,1,1247,"/Internet_and_Telecom/Web_Services/Search_Engine_Optimization_and_Marketing,/Business_and_Industrial/Advertising_and_Marketing/Marketing",,,2026-09-19T03:46:48Z,0.0
backlinklinkchecker.store,mightypr.com SEO Backlink Experts for Powerful Ranking Improvement,https://backlinklinkchecker.store/dir/seo-boosting-backlinks-136336,http://justdrivemedia.com/,"Premium SEO Backlink Experts Helping Websites Build High Quality Authority Links, Improve Search Engine Positions, and Increase Organic Search Performance - Page 136,336",1,1,1247,"/Internet_and_Telecom/Web_Services/Search_Engine_Optimization_and_Marketing,/Business_and_Industrial/Advertising_and_Marketing/Marketing",,,2026-09-19T03:43:55Z,0.0
backlinklinkchecker.store,mightypr.com SEO Backlink Experts for Powerful Ranking Improvement,https://backlinklinkchecker.store/dir/seo-boosting-backlinks-136336,https://justdrivemedia.com/,"Premium SEO Backlink Experts Helping Websites Build High Quality Authority Links, Improve Search Engine Positions, and Increase Organic Search Performance - Page 136,336",1,1,1247,"/Internet_and_Telecom/Web_Services/Search_Engine_Optimization_and_Marketing,/Business_and_Industrial/Advertising_and_Marketing/Marketing",,,2026-09-19T03:43:55Z,0.0
bestrankchecker.space,mightypr.com SEO Backlink Experts for Powerful Ranking Improvement,https://bestrankchecker.space/dir/seo-boosting-backlinks-136336,http://justdrivemedia.com/,"Premium SEO Backlink Experts Helping Websites Build High Quality Authority Links, Improve Search Engine Positions, and Increase Organic Search Performance - Page 136,336",1,1,1239,"/Internet_and_Telecom/Web_Services/Search_Engine_Optimization_and_Marketing,/Business_and_Industrial/Advertising_and_Marketing/Marketing",,,2026-09-19T03:41:59Z,0.0
bestrankchecker.space,mightypr.com SEO Backlink Experts for Powerful Ranking Improvement,https://bestrankchecker.space/dir/seo-boosting-backlinks-136336,https://justdrivemedia.com/,"Premium SEO Backlink Experts Helping Websites Build High Quality Authority Links, Improve Search Engine Positions, and Increase Organic Search Performance - Page 136,336",1,1,1239,"/Internet_and_Telecom/Web_Services/Search_Engine_Optimization_and_Marketing,/Business_and_Industrial/Advertising_and_Marketing/Marketing",,,2026-09-19T03:41:59Z,0.0
dppachecker.online,justdrivemedia.com Premium Authority Backlinks for Better Search Visibility,https://dppachecker.online/dir/ethical-seo-backlinks-109933,https://justdrivemedia.com/,"Premium SEO Link Building Services for Building Strong Website Backlinks, Improving Search Engine Authority, Increasing Rankings, and Growing Organic Visitors - Page 109,933",1,1,1171,"/Internet_and_Telecom/Web_Services/Search_Engine_Optimization_and_Marketing,/Business_and_Industrial/Advertising_and_Marketing/Marketing",,,2026-09-19T03:40:13Z,0.0
backlinkseochecker.website,mightypr.com SEO Backlink Experts for Powerful Ranking Improvement,https://backlinkseochecker.website/dir/seo-boosting-backlinks-136336,http://justdrivemedia.com/,"Premium SEO Backlink Experts Helping Websites Build High Quality Authority Links, Improve Search Engine Positions, and Increase Organic Search Performance - Page 136,336",1,1,1247,"/Internet_and_Telecom/Web_Services/Search_Engine_Optimization_and_Marketing,/Business_and_Industrial/Advertising_and_Marketing/Marketing",,,2026-09-19T03:38:42Z,0.0
backlinkseochecker.website,mightypr.com SEO Backlink Experts for Powerful Ranking Improvement,https://backlinkseochecker.website/dir/seo-boosting-backlinks-136336,https://justdrivemedia.com/,"Premium SEO Backlink Experts Helping Websites Build High Quality Authority Links, Improve Search Engine Positions, and Increase Organic Search Performance - Page 136,336",1,1,1247,"/Internet_and_Telecom/Web_Services/Search_Engine_Optimization_and_Marketing,/Business_and_Industrial/Advertising_and_Marketing/Marketing",,,2026-09-19T03:38:42Z,0.0
onlinepadachecker.shop,justdrivemedia.com Premium Authority Backlinks for Better Search Visibility,https://onlinepadachecker.shop/dir/ethical-seo-backlinks-109933,https://justdrivemedia.com/,"Premium SEO Link Building Services for Building Strong Website Backlinks, Improving Search Engine Authority, Increasing Rankings, and Growing Organic Visitors - Page 109,933",1,1,1172,"/Internet_and_Telecom/Web_Services/Search_Engine_Optimization_and_Marketing,/Business_and_Industrial/Advertising_and_Marketing/Marketing",,,2026-09-19T03:35:40Z,0.0
backlinkcheckerbulk.site,justdrivemedia.com Premium Authority Backlinks for Better Search Visibility,https://backlinkcheckerbulk.site/dir/ethical-seo-backlinks-109933,https://justdrivemedia.com/,"Premium SEO Link Building Services for Building Strong Website Backlinks, Improving Search Engine Authority, Increasing Rankings, and Growing Organic Visitors - Page 109,933",1,1,1171,"/Internet_and_Telecom/Web_Services/Search_Engine_Optimization_and_Marketing,/Business_and_Industrial/Advertising_and_Marketing/Marketing",,,2026-09-19T03:34:32Z,0.0
dabacklinkchecker.online,justdrivemedia.com Premium Authority Backlinks for Better Search Visibility,https://dabacklinkchecker.online/dir/ethical-seo-backlinks-109933,https://justdrivemedia.com/,"Premium SEO Link Building Services for Building Strong Website Backlinks, Improving Search Engine Authority, Increasing Rankings, and Growing Organic Visitors - Page 109,933",1,1,1172,"/Internet_and_Telecom/Web_Services/Search_Engine_Optimization_and_Marketing,/Business_and_Industrial/Advertising_and_Marketing/Marketing",,,2026-09-19T03:30:50Z,0.0
bulklinkchecker.site,justdrivemedia.com Premium Authority Backlinks for Better Search Visibility,https://bulklinkchecker.site/dir/ethical-seo-backlinks-109933,https://justdrivemedia.com/,"Premium SEO Link Building Services for Building Strong Website Backlinks, Improving Search Engine Authority, Increasing Rankings, and Growing Organic Visitors - Page 109,933",1,1,1171,"/Internet_and_Telecom/Web_Services/Search_Engine_Optimization_and_Marketing,/Business_and_Industrial/Advertising_and_Marketing/Marketing",,,2026-09-19T03:28:53Z,0.0
serpcheckertool.store,justdrivemedia.com Premium Authority Backlinks for Better Search Visibility,https://serpcheckertool.store/dir/ethical-seo-backlinks-109933,https://justdrivemedia.com/,"Premium SEO Link Building Services for Building Strong Website Backlinks, Improving Search Engine Authority, Increasing Rankings, and Growing Organic Visitors - Page 109,933",1,1,1171,"/Internet_and_Telecom/Web_Services/Search_Engine_Optimization_and_Marketing,/Business_and_Industrial/Advertising_and_Marketing/Marketing",,,2026-09-19T03:27:48Z,0.0
dabacklinkchecker.site,justdrivemedia.com Premium Authority Backlinks for Better Search Visibility,https://dabacklinkchecker.site/dir/ethical-seo-backlinks-109933,https://justdrivemedia.com/,"Premium SEO Link Building Services for Building Strong Website Backlinks, Improving Search Engine Authority, Increasing Rankings, and Growing Organic Visitors - Page 109,933",1,1,1171,"/Internet_and_Telecom/Web_Services/Search_Engine_Optimization_and_Marketing,/Business_and_Industrial/Advertising_and_Marketing/Marketing",,,2026-09-19T03:24:32Z,0.0
trustflowchecker.shop,justdrivemedia.com Premium Authority Backlinks for Better Search Visibility,https://trustflowchecker.shop/dir/ethical-seo-backlinks-109933,https://justdrivemedia.com/,"Premium SEO Link Building Services for Building Strong Website Backlinks, Improving Search Engine Authority, Increasing Rankings, and Growing Organic Visitors - Page 109,933",1,1,1171,"/Internet_and_Telecom/Web_Services/Search_Engine_Optimization_and_Marketing,/Business_and_Industrial/Advertising_and_Marketing/Marketing",,,2026-09-19T03:23:03Z,0.0
backlinkcheckersite.space,mightypr.com SEO Backlink Experts for Powerful Ranking Improvement,https://backlinkcheckersite.space/dir/seo-boosting-backlinks-136336,http://justdrivemedia.com/,"Premium SEO Backlink Experts Helping Websites Build High Quality Authority Links, Improve Search Engine Positions, and Increase Organic Search Performance - Page 136,336",1,1,1239,"/Internet_and_Telecom/Web_Services/Search_Engine_Optimization_and_Marketing,/Business_and_Industrial/Advertising_and_Marketing/Marketing",,,2026-09-19T03:21:18Z,0.0
backlinkcheckersite.space,mightypr.com SEO Backlink Experts for Powerful Ranking Improvement,https://backlinkcheckersite.space/dir/seo-boosting-backlinks-136336,https://justdrivemedia.com/,"Premium SEO Backlink Experts Helping Websites Build High Quality Authority Links, Improve Search Engine Positions, and Increase Organic Search Performance - Page 136,336",1,1,1239,"/Internet_and_Telecom/Web_Services/Search_Engine_Optimization_and_Marketing,/Business_and_Industrial/Advertising_and_Marketing/Marketing",,,2026-09-19T03:21:18Z,0.0
sitecheckerseo.store,justdrivemedia.com Premium Authority Backlinks for Better Search Visibility,https://sitecheckerseo.store/dir/ethical-seo-backlinks-109933,https://justdrivemedia.com/,"Premium SEO Link Building Services for Building Strong Website Backlinks, Improving Search Engine Authority, Increasing Rankings, and Growing Organic Visitors - Page 109,933",1,1,1171,"/Internet_and_Telecom/Web_Services/Search_Engine_Optimization_and_Marketing,/Business_and_Industrial/Advertising_and_Marketing/Marketing",,,2026-09-19T03:18:11Z,0.0
rankcheckerfree.shop,mightypr.com SEO Backlink Experts for Powerful Ranking Improvement,https://rankcheckerfree.shop/dir/seo-boosting-backlinks-136336,https://justdrivemedia.com/,"Premium SEO Backlink Experts Helping Websites Build High Quality Authority Links, Improve Search Engine Positions, and Increase Organic Search Performance - Page 136,336",1,1,1247,"/Internet_and_Telecom/Web_Services/Search_Engine_Optimization_and_Marketing,/Business_and_Industrial/Advertising_and_Marketing/Marketing",,,2026-09-19T03:17:05Z,0.0
rankcheckerfree.shop,mightypr.com SEO Backlink Experts for Powerful Ranking Improvement,https://rankcheckerfree.shop/dir/seo-boosting-backlinks-136336,http://justdrivemedia.com/,"Premium SEO Backlink Experts Helping Websites Build High Quality Authority Links, Improve Search Engine Positions, and Increase Organic Search Performance - Page 136,336",1,1,1247,"/Internet_and_Telecom/Web_Services/Search_Engine_Optimization_and_Marketing,/Business_and_Industrial/Advertising_and_Marketing/Marketing",,,2026-09-19T03:17:05Z,0.0
websitetoolschecker.site,justdrivemedia.com Premium Authority Backlinks for Better Search Visibility,https://websitetoolschecker.site/dir/ethical-seo-backlinks-109933,https://justdrivemedia.com/,"Premium SEO Link Building Services for Building Strong Website Backlinks, Improving Search Engine Authority, Increasing Rankings, and Growing Organic Visitors - Page 109,933",1,1,1171,"/Internet_and_Telecom/Web_Services/Search_Engine_Optimization_and_Marketing,/Business_and_Industrial/Advertising_and_Marketing/Marketing",,,2026-09-19T03:15:15Z,0.0
websitesseochecker.shop,mightypr.com SEO Backlink Experts for Powerful Ranking Improvement,https://websitesseochecker.shop/dir/seo-boosting-backlinks-136336,http://justdrivemedia.com/,"Premium SEO Backlink Experts Helping Websites Build High Quality Authority Links, Improve Search Engine Positions, and Increase Organic Search Performance - Page 136,336",1,1,1246,"/Internet_and_Telecom/Web_Services/Search_Engine_Optimization_and_Marketing,/Business_and_Industrial/Advertising_and_Marketing/Marketing",,,2026-09-19T03:14:47Z,0.0
websitesseochecker.shop,mightypr.com SEO Backlink Experts for Powerful Ranking Improvement,https://websitesseochecker.shop/dir/seo-boosting-backlinks-136336,https://justdrivemedia.com/,"Premium SEO Backlink Experts Helping Websites Build High Quality Authority Links, Improve Search Engine Positions, and Increase Organic Search Performance - Page 136,336",1,1,1246,"/Internet_and_Telecom/Web_Services/Search_Engine_Optimization_and_Marketing,/Business_and_Industrial/Advertising_and_Marketing/Marketing",,,2026-09-19T03:14:47Z,0.0
bulkbacklinkanalyzer.online,justdrivemedia.com Premium Authority Backlinks for Better Search Visibility,https://bulkbacklinkanalyzer.online/dir/ethical-seo-backlinks-109933,https://justdrivemedia.com/,"Premium SEO Link Building Services for Building Strong Website Backlinks, Improving Search Engine Authority, Increasing Rankings, and Growing Organic Visitors - Page 109,933",1,1,1171,"/Internet_and_Telecom/Web_Services/Search_Engine_Optimization_and_Marketing,/Business_and_Industrial/Advertising_and_Marketing/Marketing",,,2026-09-19T03:12:45Z,6.0
domainbacklinkreport.shop,justdrivemedia.com Premium Authority Backlinks for Better Search Visibility,https://domainbacklinkreport.shop/dir/ethical-seo-backlinks-109933,https://justdrivemedia.com/,"Premium SEO Link Building Services for Building Strong Website Backlinks, Improving Search Engine Authority, Increasing Rankings, and Growing Organic Visitors - Page 109,933",1,1,1171,"/Internet_and_Telecom/Web_Services/Search_Engine_Optimization_and_Marketing,/Business_and_Industrial/Advertising_and_Marketing/Marketing",,,2026-09-19T03:10:18Z,0.0
sitecheckerseo.store,mightypr.com SEO Backlink Experts for Powerful Ranking Improvement,https://sitecheckerseo.store/dir/seo-boosting-backlinks-136336,http://justdrivemedia.com/,"Premium SEO Backlink Experts Helping Websites Build High Quality Authority Links, Improve Search Engine Positions, and Increase Organic Search Performance - Page 136,336",1,1,1239,"/Internet_and_Telecom/Web_Services/Search_Engine_Optimization_and_Marketing,/Business_and_Industrial/Advertising_and_Marketing/Marketing",,,2026-09-19T03:04:04Z,0.0
sitecheckerseo.store,mightypr.com SEO Backlink Experts for Powerful Ranking Improvement,https://sitecheckerseo.store/dir/seo-boosting-backlinks-136336,https://justdrivemedia.com/,"Premium SEO Backlink Experts Helping Websites Build High Quality Authority Links, Improve Search Engine Positions, and Increase Organic Search Performance - Page 136,336",1,1,1239,"/Internet_and_Telecom/Web_Services/Search_Engine_Optimization_and_Marketing,/Business_and_Industrial/Advertising_and_Marketing/Marketing",,,2026-09-19T03:04:04Z,0.0
backlinkcheckersite.shop,mightypr.com SEO Backlink Experts for Powerful Ranking Improvement,https://backlinkcheckersite.shop/dir/seo-boosting-backlinks-136336,http://justdrivemedia.com/,"Premium SEO Backlink Experts Helping Websites Build High Quality Authority Links, Improve Search Engine Positions, and Increase Organic Search Performance - Page 136,336",1,1,1247,"/Internet_and_Telecom/Web_Services/Search_Engine_Optimization_and_Marketing,/Business_and_Industrial/Advertising_and_Marketing/Marketing",,,2026-09-19T02:57:25Z,0.0
backlinkcheckersite.shop,mightypr.com SEO Backlink Experts for Powerful Ranking Improvement,https://backlinkcheckersite.shop/dir/seo-boosting-backlinks-136336,https://justdrivemedia.com/,"Premium SEO Backlink Experts Helping Websites Build High Quality Authority Links, Improve Search Engine Positions, and Increase Organic Search Performance - Page 136,336",1,1,1247,"/Internet_and_Telecom/Web_Services/Search_Engine_Optimization_and_Marketing,/Business_and_Industrial/Advertising_and_Marketing/Marketing",,,2026-09-19T02:57:25Z,0.0
domaincheckerseo.shop,justdrivemedia.com Premium Authority Backlinks for Better Search Visibility,https://domaincheckerseo.shop/dir/ethical-seo-backlinks-109933,https://justdrivemedia.com/,"Premium SEO Link Building Services for Building Strong Website Backlinks, Improving Search Engine Authority, Increasing Rankings, and Growing Organic Visitors - Page 109,933",1,1,1172,"/Internet_and_Telecom/Web_Services/Search_Engine_Optimization_and_Marketing,/Business_and_Industrial/Advertising_and_Marketing/Marketing",,,2026-09-19T02:56:28Z,0.0
dacheckertool.website,mightypr.com SEO Backlink Experts for Powerful Ranking Improvement,https://dacheckertool.website/dir/seo-boosting-backlinks-136336,http://justdrivemedia.com/,"Premium SEO Backlink Experts Helping Websites Build High Quality Authority Links, Improve Search Engine Positions, and Increase Organic Search Performance - Page 136,336",1,1,1239,"/Internet_and_Telecom/Web_Services/Search_Engine_Optimization_and_Marketing,/Business_and_Industrial/Advertising_and_Marketing/Marketing",,,2026-09-19T02:54:23Z,0.0
dacheckertool.website,mightypr.com SEO Backlink Experts for Powerful Ranking Improvement,https://dacheckertool.website/dir/seo-boosting-backlinks-136336,https://justdrivemedia.com/,"Premium SEO Backlink Experts Helping Websites Build High Quality Authority Links, Improve Search Engine Positions, and Increase Organic Search Performance - Page 136,336",1,1,1239,"/Internet_and_Telecom/Web_Services/Search_Engine_Optimization_and_Marketing,/Business_and_Industrial/Advertising_and_Marketing/Marketing",,,2026-09-19T02:54:23Z,0.0
backlinksfreechecker.store,mightypr.com SEO Backlink Experts for Powerful Ranking Improvement,https://backlinksfreechecker.store/dir/seo-boosting-backlinks-136336,http://justdrivemedia.com/,"Premium SEO Backlink Experts Helping Websites Build High Quality Authority Links, Improve Search Engine Positions, and Increase Organic Search Performance - Page 136,336",1,1,1239,"/Internet_and_Telecom/Web_Services/Search_Engine_Optimization_and_Marketing,/Business_and_Industrial/Advertising_and_Marketing/Marketing",,,2026-09-19T02:49:31Z,0.0
backlinksfreechecker.store,mightypr.com SEO Backlink Experts for Powerful Ranking Improvement,https://backlinksfreechecker.store/dir/seo-boosting-backlinks-136336,https://justdrivemedia.com/,"Premium SEO Backlink Experts Helping Websites Build High Quality Authority Links, Improve Search Engine Positions, and Increase Organic Search Performance - Page 136,336",1,1,1239,"/Internet_and_Telecom/Web_Services/Search_Engine_Optimization_and_Marketing,/Business_and_Industrial/Advertising_and_Marketing/Marketing",,,2026-09-19T02:49:31Z,0.0
digitalseotool.com,High Quality Dofollow Backlinks DA 50 PA 40 Premium PBN Network Service mightypr.com Rank First Page Google Fast SEO Link Building Buy Backlinks Online Cheap,https://digitalseotool.com/serp-growth-network/reliable-manual-outreach-backlinks-to-improve-citation-flow-strengthen-website-reputation-and-grow-your-business-online-636675.html,http://justdrivemedia.com/,"Reliable Manual Outreach Backlinks to Improve Citation Flow. Strengthen Website Reputation, and Grow Your Business Online.",1,0,3718,"/Internet_and_Telecom/Web_Services/Search_Engine_Optimization_and_Marketing,/Business_and_Industrial/Advertising_and_Marketing/Marketing,/Computers_and_Electronics",,,2026-09-19T02:47:03Z,0.0
digitalseotool.com,High Quality Dofollow Backlinks DA 50 PA 40 Premium PBN Network Service mightypr.com Rank First Page Google Fast SEO Link Building Buy Backlinks Online Cheap,https://digitalseotool.com/serp-growth-network/reliable-manual-outreach-backlinks-to-improve-citation-flow-strengthen-website-reputation-and-grow-your-business-online-636675.html,https://justdrivemedia.com/,"Reliable Manual Outreach Backlinks to Improve Citation Flow. Strengthen Website Reputation, and Grow Your Business Online.",1,0,3718,"/Internet_and_Telecom/Web_Services/Search_Engine_Optimization_and_Marketing,/Business_and_Industrial/Advertising_and_Marketing/Marketing,/Computers_and_Electronics",,,2026-09-19T02:47:03Z,0.0
seopagerankchecker.online,justdrivemedia.com Premium Authority Backlinks for Better Search Visibility,https://seopagerankchecker.online/dir/ethical-seo-backlinks-109933,https://justdrivemedia.com/,"Premium SEO Link Building Services for Building Strong Website Backlinks, Improving Search Engine Authority, Increasing Rankings, and Growing Organic Visitors - Page 109,933",1,1,1172,"/Internet_and_Telecom/Web_Services/Search_Engine_Optimization_and_Marketing,/Business_and_Industrial/Advertising_and_Marketing/Marketing",,,2026-09-19T02:45:45Z,0.0
drcheckertool.space,justdrivemedia.com Premium Authority Backlinks for Better Search Visibility,https://drcheckertool.space/dir/ethical-seo-backlinks-109933,https://justdrivemedia.com/,"Premium SEO Link Building Services for Building Strong Website Backlinks, Improving Search Engine Authority, Increasing Rankings, and Growing Organic Visitors - Page 109,933",1,1,1171,"/Internet_and_Telecom/Web_Services/Search_Engine_Optimization_and_Marketing,/Business_and_Industrial/Advertising_and_Marketing/Marketing",,,2026-09-19T02:44:29Z,0.0
urlrankchecker.shop,justdrivemedia.com Premium Authority Backlinks for Better Search Visibility,https://urlrankchecker.shop/dir/ethical-seo-backlinks-109933,https://justdrivemedia.com/,"Premium SEO Link Building Services for Building Strong Website Backlinks, Improving Search Engine Authority, Increasing Rankings, and Growing Organic Visitors - Page 109,933",1,1,1171,"/Internet_and_Telecom/Web_Services/Search_Engine_Optimization_and_Marketing,/Business_and_Industrial/Advertising_and_Marketing/Marketing",,,2026-09-19T02:42:39Z,0.0
dascorechecker.space,justdrivemedia.com Premium Authority Backlinks for Better Search Visibility,https://dascorechecker.space/dir/ethical-seo-backlinks-109933,https://justdrivemedia.com/,"Premium SEO Link Building Services for Building Strong Website Backlinks, Improving Search Engine Authority, Increasing Rankings, and Growing Organic Visitors - Page 109,933",1,1,1172,"/Internet_and_Telecom/Web_Services/Search_Engine_Optimization_and_Marketing,/Business_and_Industrial/Advertising_and_Marketing/Marketing",,,2026-09-19T02:40:12Z,0.0
bulkpachecker.online,justdrivemedia.com Premium Authority Backlinks for Better Search Visibility,https://bulkpachecker.online/dir/ethical-seo-backlinks-109933,https://justdrivemedia.com/,"Premium SEO Link Building Services for Building Strong Website Backlinks, Improving Search Engine Authority, Increasing Rankings, and Growing Organic Visitors - Page 109,933",1,1,1171,"/Internet_and_Telecom/Web_Services/Search_Engine_Optimization_and_Marketing,/Business_and_Industrial/Advertising_and_Marketing/Marketing",,,2026-09-19T02:36:38Z,0.0
seodomainchecker.online,mightypr.com SEO Backlink Experts for Powerful Ranking Improvement,https://seodomainchecker.online/dir/seo-boosting-backlinks-136336,https://justdrivemedia.com/,"Premium SEO Backlink Experts Helping Websites Build High Quality Authority Links, Improve Search Engine Positions, and Increase Organic Search Performance - Page 136,336",1,1,1247,"/Internet_and_Telecom/Web_Services/Search_Engine_Optimization_and_Marketing,/Business_and_Industrial/Advertising_and_Marketing/Marketing",,,2026-09-19T02:33:33Z,0.0
seodomainchecker.online,mightypr.com SEO Backlink Experts for Powerful Ranking Improvement,https://seodomainchecker.online/dir/seo-boosting-backlinks-136336,http://justdrivemedia.com/,"Premium SEO Backlink Experts Helping Websites Build High Quality Authority Links, Improve Search Engine Positions, and Increase Organic Search Performance - Page 136,336",1,1,1247,"/Internet_and_Telecom/Web_Services/Search_Engine_Optimization_and_Marketing,/Business_and_Industrial/Advertising_and_Marketing/Marketing",,,2026-09-19T02:33:33Z,0.0
37486140.xyz,"I remember when justdrivemedia.com was barely getting noticed online, with less than 200 visitors a month. After stumbling upon SEOExpress.org and their affordable SEO packages, things changed dramatically. Within three months, my traffic surged to over 3,500 monthly visitors and I found myself ranking for 20 new keywords. If you're looking for a budget-friendly option that delivers real results, ...",https://37486140.xyz/there-was-a-time-when-i-struggled-to-rank-on-google-and-didnt-know-how-to-improve-it-thats-when-i-discovered-seoexpress-after-signing-up-for-their-backlink-services-my-domain-authority-soared-from-da,https://justdrivemedia.com/,"There Was a Time When I Struggled to Rank on Google and Didn’t Know How to Improve It. That’s When I Discovered SEOExpress.org! After Signing Up for Their Backlink Services, My Domain Authority Soared from DA 10 to DA 45 Within Three Months. Now I'm Receiving More Than Five Hundred Organic Visits Per Week! What an Incredible Journey ★★★★★ 🌟 — 37486140.xyz",0,0,8002,"/Internet_and_Telecom/Web_Services/Search_Engine_Optimization_and_Marketing,/Business_and_Industrial/Business_Services/Consulting",,,2026-09-19T02:32:47Z,46.0
domainserpchecker.online,mightypr.com SEO Backlink Experts for Powerful Ranking Improvement,https://domainserpchecker.online/dir/seo-boosting-backlinks-136336,http://justdrivemedia.com/,"Premium SEO Backlink Experts Helping Websites Build High Quality Authority Links, Improve Search Engine Positions, and Increase Organic Search Performance - Page 136,336",1,1,1247,"/Internet_and_Telecom/Web_Services/Search_Engine_Optimization_and_Marketing,/Business_and_Industrial/Advertising_and_Marketing/Marketing",,,2026-09-19T02:27:45Z,0.0
domainserpchecker.online,mightypr.com SEO Backlink Experts for Powerful Ranking Improvement,https://domainserpchecker.online/dir/seo-boosting-backlinks-136336,https://justdrivemedia.com/,"Premium SEO Backlink Experts Helping Websites Build High Quality Authority Links, Improve Search Engine Positions, and Increase Organic Search Performance - Page 136,336",1,1,1247,"/Internet_and_Telecom/Web_Services/Search_Engine_Optimization_and_Marketing,/Business_and_Industrial/Advertising_and_Marketing/Marketing",,,2026-09-19T02:27:45Z,0.0
padacheckerfree.space,mightypr.com SEO Backlink Experts for Powerful Ranking Improvement,https://padacheckerfree.space/dir/seo-boosting-backlinks-136336,http://justdrivemedia.com/,"Premium SEO Backlink Experts Helping Websites Build High Quality Authority Links, Improve Search Engine Positions, and Increase Organic Search Performance - Page 136,336",1,1,1247,"/Internet_and_Telecom/Web_Services/Search_Engine_Optimization_and_Marketing,/Business_and_Industrial/Advertising_and_Marketing/Marketing",,,2026-09-19T02:27:42Z,0.0
padacheckerfree.space,mightypr.com SEO Backlink Experts for Powerful Ranking Improvement,https://padacheckerfree.space/dir/seo-boosting-backlinks-136336,https://justdrivemedia.com/,"Premium SEO Backlink Experts Helping Websites Build High Quality Authority Links, Improve Search Engine Positions, and Increase Organic Search Performance - Page 136,336",1,1,1247,"/Internet_and_Telecom/Web_Services/Search_Engine_Optimization_and_Marketing,/Business_and_Industrial/Advertising_and_Marketing/Marketing",,,2026-09-19T02:27:42Z,0.0
dasitechecker.shop,justdrivemedia.com Premium Authority Backlinks for Better Search Visibility,https://dasitechecker.shop/dir/ethical-seo-backlinks-109933,https://justdrivemedia.com/,"Premium SEO Link Building Services for Building Strong Website Backlinks, Improving Search Engine Authority, Increasing Rankings, and Growing Organic Visitors - Page 109,933",1,1,1172,"/Internet_and_Telecom/Web_Services/Search_Engine_Optimization_and_Marketing,/Business_and_Industrial/Advertising_and_Marketing/Marketing",,,2026-09-19T02:26:23Z,0.0
padafreechecker.website,justdrivemedia.com Premium Authority Backlinks for Better Search Visibility,https://padafreechecker.website/dir/ethical-seo-backlinks-109933,https://justdrivemedia.com/,"Premium SEO Link Building Services for Building Strong Website Backlinks, Improving Search Engine Authority, Increasing Rankings, and Growing Organic Visitors - Page 109,933",1,1,1171,"/Internet_and_Telecom/Web_Services/Search_Engine_Optimization_and_Marketing,/Business_and_Industrial/Advertising_and_Marketing/Marketing",,,2026-09-19T02:25:19Z,0.0
baclinkchecker.online,justdrivemedia.com Premium Authority Backlinks for Better Search Visibility,https://baclinkchecker.online/dir/ethical-seo-backlinks-109933,https://justdrivemedia.com/,"Premium SEO Link Building Services for Building Strong Website Backlinks, Improving Search Engine Authority, Increasing Rankings, and Growing Organic Visitors - Page 109,933",1,1,1171,"/Internet_and_Telecom/Web_Services/Search_Engine_Optimization_and_Marketing,/Business_and_Industrial/Advertising_and_Marketing/Marketing",,,2026-09-19T02:25:10Z,0.0
drcheckerfree.shop,justdrivemedia.com Premium Authority Backlinks for Better Search Visibility,https://drcheckerfree.shop/dir/ethical-seo-backlinks-109933,https://justdrivemedia.com/,"Premium SEO Link Building Services for Building Strong Website Backlinks, Improving Search Engine Authority, Increasing Rankings, and Growing Organic Visitors - Page 109,933",1,1,1171,"/Internet_and_Telecom/Web_Services/Search_Engine_Optimization_and_Marketing,/Business_and_Industrial/Advertising_and_Marketing/Marketing",,,2026-09-19T02:25:09Z,0.0
seourlchecker.online,justdrivemedia.com Premium Authority Backlinks for Better Search Visibility,https://seourlchecker.online/dir/ethical-seo-backlinks-109933,https://justdrivemedia.com/,"Premium SEO Link Building Services for Building Strong Website Backlinks, Improving Search Engine Authority, Increasing Rankings, and Growing Organic Visitors - Page 109,933",1,1,1172,"/Internet_and_Telecom/Web_Services/Search_Engine_Optimization_and_Marketing,/Business_and_Industrial/Advertising_and_Marketing/Marketing",,,2026-09-19T02:21:25Z,0.0
outgoinglinkchecker.space,mightypr.com SEO Backlink Experts for Powerful Ranking Improvement,https://outgoinglinkchecker.space/dir/seo-boosting-backlinks-136336,http://justdrivemedia.com/,"Premium SEO Backlink Experts Helping Websites Build High Quality Authority Links, Improve Search Engine Positions, and Increase Organic Search Performance - Page 136,336",1,1,1247,"/Internet_and_Telecom/Web_Services/Search_Engine_Optimization_and_Marketing,/Business_and_Industrial/Advertising_and_Marketing/Marketing",,,2026-09-19T02:20:49Z,0.0
outgoinglinkchecker.space,mightypr.com SEO Backlink Experts for Powerful Ranking Improvement,https://outgoinglinkchecker.space/dir/seo-boosting-backlinks-136336,https://justdrivemedia.com/,"Premium SEO Backlink Experts Helping Websites Build High Quality Authority Links, Improve Search Engine Positions, and Increase Organic Search Performance - Page 136,336",1,1,1247,"/Internet_and_Telecom/Web_Services/Search_Engine_Optimization_and_Marketing,/Business_and_Industrial/Advertising_and_Marketing/Marketing",,,2026-09-19T02:20:49Z,0.0
websiteseochecker.website,justdrivemedia.com Premium Authority Backlinks for Better Search Visibility,https://websiteseochecker.website/dir/ethical-seo-backlinks-109933,https://justdrivemedia.com/,"Premium SEO Link Building Services for Building Strong Website Backlinks, Improving Search Engine Authority, Increasing Rankings, and Growing Organic Visitors - Page 109,933",1,1,1172,"/Internet_and_Telecom/Web_Services/Search_Engine_Optimization_and_Marketing,/Business_and_Industrial/Advertising_and_Marketing/Marketing",,,2026-09-19T02:18:23Z,0.0
dapaprochecker.website,mightypr.com SEO Backlink Experts for Powerful Ranking Improvement,https://dapaprochecker.website/dir/seo-boosting-backlinks-136336,https://justdrivemedia.com/,"Premium SEO Backlink Experts Helping Websites Build High Quality Authority Links, Improve Search Engine Positions, and Increase Organic Search Performance - Page 136,336",1,1,1246,"/Internet_and_Telecom/Web_Services/Search_Engine_Optimization_and_Marketing,/Business_and_Industrial/Advertising_and_Marketing/Marketing",,,2026-09-19T02:18:20Z,0.0
dapaprochecker.website,mightypr.com SEO Backlink Experts for Powerful Ranking Improvement,https://dapaprochecker.website/dir/seo-boosting-backlinks-136336,http://justdrivemedia.com/,"Premium SEO Backlink Experts Helping Websites Build High Quality Authority Links, Improve Search Engine Positions, and Increase Organic Search Performance - Page 136,336",1,1,1246,"/Internet_and_Telecom/Web_Services/Search_Engine_Optimization_and_Marketing,/Business_and_Industrial/Advertising_and_Marketing/Marketing",,,2026-09-19T02:18:20Z,0.0
bulkfreedapachecker.shop,mightypr.com SEO Backlink Experts for Powerful Ranking Improvement,https://bulkfreedapachecker.shop/dir/seo-boosting-backlinks-136336,http://justdrivemedia.com/,"Premium SEO Backlink Experts Helping Websites Build High Quality Authority Links, Improve Search Engine Positions, and Increase Organic Search Performance - Page 136,336",1,1,1247,"/Internet_and_Telecom/Web_Services/Search_Engine_Optimization_and_Marketing,/Business_and_Industrial/Advertising_and_Marketing/Marketing",,,2026-09-19T02:15:38Z,0.0
bulkfreedapachecker.shop,mightypr.com SEO Backlink Experts for Powerful Ranking Improvement,https://bulkfreedapachecker.shop/dir/seo-boosting-backlinks-136336,https://justdrivemedia.com/,"Premium SEO Backlink Experts Helping Websites Build High Quality Authority Links, Improve Search Engine Positions, and Increase Organic Search Performance - Page 136,336",1,1,1247,"/Internet_and_Telecom/Web_Services/Search_Engine_Optimization_and_Marketing,/Business_and_Industrial/Advertising_and_Marketing/Marketing",,,2026-09-19T02:15:38Z,0.0
dabacklinkchecker.shop,justdrivemedia.com Premium Authority Backlinks for Better Search Visibility,https://dabacklinkchecker.shop/dir/ethical-seo-backlinks-109933,https://justdrivemedia.com/,"Premium SEO Link Building Services for Building Strong Website Backlinks, Improving Search Engine Authority, Increasing Rankings, and Growing Organic Visitors - Page 109,933",1,1,1171,"/Internet_and_Telecom/Web_Services/Search_Engine_Optimization_and_Marketing,/Business_and_Industrial/Advertising_and_Marketing/Marketing",,,2026-09-19T02:15:00Z,0.0
bulkpachecker.store,justdrivemedia.com Premium Authority Backlinks for Better Search Visibility,https://bulkpachecker.store/dir/ethical-seo-backlinks-109933,https://justdrivemedia.com/,"Premium SEO Link Building Services for Building Strong Website Backlinks, Improving Search Engine Authority, Increasing Rankings, and Growing Organic Visitors - Page 109,933",1,1,1171,"/Internet_and_Telecom/Web_Services/Search_Engine_Optimization_and_Marketing,/Business_and_Industrial/Advertising_and_Marketing/Marketing",,,2026-09-19T02:02:00Z,0.0
seoanalysischecker.online,mightypr.com SEO Backlink Experts for Powerful Ranking Improvement,https://seoanalysischecker.online/dir/seo-boosting-backlinks-136336,https://justdrivemedia.com/,"Premium SEO Backlink Experts Helping Websites Build High Quality Authority Links, Improve Search Engine Positions, and Increase Organic Search Performance - Page 136,336",1,1,1247,"/Internet_and_Telecom/Web_Services/Search_Engine_Optimization_and_Marketing,/Business_and_Industrial/Advertising_and_Marketing/Marketing",,,2026-09-19T01:59:34Z,0.0
seoanalysischecker.online,mightypr.com SEO Backlink Experts for Powerful Ranking Improvement,https://seoanalysischecker.online/dir/seo-boosting-backlinks-136336,http://justdrivemedia.com/,"Premium SEO Backlink Experts Helping Websites Build High Quality Authority Links, Improve Search Engine Positions, and Increase Organic Search Performance - Page 136,336",1,1,1247,"/Internet_and_Telecom/Web_Services/Search_Engine_Optimization_and_Marketing,/Business_and_Industrial/Advertising_and_Marketing/Marketing",,,2026-09-19T01:59:34Z,0.0
websitelinkchecker.website,mightypr.com SEO Backlink Experts for Powerful Ranking Improvement,https://websitelinkchecker.website/dir/seo-boosting-backlinks-136336,https://justdrivemedia.com/,"Premium SEO Backlink Experts Helping Websites Build High Quality Authority Links, Improve Search Engine Positions, and Increase Organic Search Performance - Page 136,336",1,1,1239,"/Internet_and_Telecom/Web_Services/Search_Engine_Optimization_and_Marketing,/Business_and_Industrial/Advertising_and_Marketing/Marketing",,,2026-09-19T01:58:05Z,0.0
websitelinkchecker.website,mightypr.com SEO Backlink Experts for Powerful Ranking Improvement,https://websitelinkchecker.website/dir/seo-boosting-backlinks-136336,http://justdrivemedia.com/,"Premium SEO Backlink Experts Helping Websites Build High Quality Authority Links, Improve Search Engine Positions, and Increase Organic Search Performance - Page 136,336",1,1,1239,"/Internet_and_Telecom/Web_Services/Search_Engine_Optimization_and_Marketing,/Business_and_Industrial/Advertising_and_Marketing/Marketing",,,2026-09-19T01:58:05Z,0.0
cinto.shop,"High Quality PBN Backlinks for justdrivemedia.com to Boost Domain Authority. Outrank Your Competitors, Across Every Niche and Market.",https://cinto.shop/backlink-audit-hub/proven-pbn-backlinks-to-strengthen-your-link-profile-increase-organic-visibility-with-full-placement-reporting-bd00ee.html,https://justdrivemedia.com/,"Proven PBN Backlinks to Strengthen Your Link Profile. Increase Organic Visibility, with Full Placement Reporting.",1,1,5718,"/Internet_and_Telecom/Web_Services/Search_Engine_Optimization_and_Marketing,/Business_and_Industrial/Advertising_and_Marketing/Marketing,/Computers_and_Electronics",,,2026-09-19T01:50:37Z,0.0
siteseochecker.site,justdrivemedia.com Premium Authority Backlinks for Better Search Visibility,https://siteseochecker.site/dir/ethical-seo-backlinks-109933,https://justdrivemedia.com/,"Premium SEO Link Building Services for Building Strong Website Backlinks, Improving Search Engine Authority, Increasing Rankings, and Growing Organic Visitors - Page 109,933",1,1,1171,"/Internet_and_Telecom/Web_Services/Search_Engine_Optimization_and_Marketing,/Business_and_Industrial/Advertising_and_Marketing/Marketing",,,2026-09-19T01:44:24Z,0.0
dapacheckertool.space,justdrivemedia.com Premium Authority Backlinks for Better Search Visibility,https://dapacheckertool.space/dir/ethical-seo-backlinks-109933,https://justdrivemedia.com/,"Premium SEO Link Building Services for Building Strong Website Backlinks, Improving Search Engine Authority, Increasing Rankings, and Growing Organic Visitors - Page 109,933",1,1,1172,"/Internet_and_Telecom/Web_Services/Search_Engine_Optimization_and_Marketing,/Business_and_Industrial/Advertising_and_Marketing/Marketing",,,2026-09-19T01:44:21Z,0.0
freesiterankchecker.online,mightypr.com SEO Backlink Experts for Powerful Ranking Improvement,https://freesiterankchecker.online/dir/seo-boosting-backlinks-136336,http://justdrivemedia.com/,"Premium SEO Backlink Experts Helping Websites Build High Quality Authority Links, Improve Search Engine Positions, and Increase Organic Search Performance - Page 136,336",1,1,1239,"/Internet_and_Telecom/Web_Services/Search_Engine_Optimization_and_Marketing,/Business_and_Industrial/Advertising_and_Marketing/Marketing",,,2026-09-19T01:38:10Z,0.0
freesiterankchecker.online,mightypr.com SEO Backlink Experts for Powerful Ranking Improvement,https://freesiterankchecker.online/dir/seo-boosting-backlinks-136336,https://justdrivemedia.com/,"Premium SEO Backlink Experts Helping Websites Build High Quality Authority Links, Improve Search Engine Positions, and Increase Organic Search Performance - Page 136,336",1,1,1239,"/Internet_and_Telecom/Web_Services/Search_Engine_Optimization_and_Marketing,/Business_and_Industrial/Advertising_and_Marketing/Marketing",,,2026-09-19T01:38:10Z,0.0
drurchecker.site,mightypr.com SEO Backlink Experts for Powerful Ranking Improvement,https://drurchecker.site/dir/seo-boosting-backlinks-136336,https://justdrivemedia.com/,"Premium SEO Backlink Experts Helping Websites Build High Quality Authority Links, Improve Search Engine Positions, and Increase Organic Search Performance - Page 136,336",1,1,1239,"/Internet_and_Telecom/Web_Services/Search_Engine_Optimization_and_Marketing,/Business_and_Industrial/Advertising_and_Marketing/Marketing",,,2026-09-19T01:26:25Z,0.0
drurchecker.site,mightypr.com SEO Backlink Experts for Powerful Ranking Improvement,https://drurchecker.site/dir/seo-boosting-backlinks-136336,http://justdrivemedia.com/,"Premium SEO Backlink Experts Helping Websites Build High Quality Authority Links, Improve Search Engine Positions, and Increase Organic Search Performance - Page 136,336",1,1,1239,"/Internet_and_Telecom/Web_Services/Search_Engine_Optimization_and_Marketing,/Business_and_Industrial/Advertising_and_Marketing/Marketing",,,2026-09-19T01:26:25Z,0.0
onlinedachecker.site,mightypr.com SEO Backlink Experts for Powerful Ranking Improvement,https://onlinedachecker.site/dir/seo-boosting-backlinks-136336,https://justdrivemedia.com/,"Premium SEO Backlink Experts Helping Websites Build High Quality Authority Links, Improve Search Engine Positions, and Increase Organic Search Performance - Page 136,336",1,1,1246,"/Internet_and_Telecom/Web_Services/Search_Engine_Optimization_and_Marketing,/Business_and_Industrial/Advertising_and_Marketing/Marketing",,,2026-09-19T01:23:24Z,0.0
onlinedachecker.site,mightypr.com SEO Backlink Experts for Powerful Ranking Improvement,https://onlinedachecker.site/dir/seo-boosting-backlinks-136336,http://justdrivemedia.com/,"Premium SEO Backlink Experts Helping Websites Build High Quality Authority Links, Improve Search Engine Positions, and Increase Organic Search Performance - Page 136,336",1,1,1246,"/Internet_and_Telecom/Web_Services/Search_Engine_Optimization_and_Marketing,/Business_and_Industrial/Advertising_and_Marketing/Marketing",,,2026-09-19T01:23:24Z,0.0
trustflowchecker.website,mightypr.com SEO Backlink Experts for Powerful Ranking Improvement,https://trustflowchecker.website/dir/seo-boosting-backlinks-136336,https://justdrivemedia.com/,"Premium SEO Backlink Experts Helping Websites Build High Quality Authority Links, Improve Search Engine Positions, and Increase Organic Search Performance - Page 136,336",1,1,1246,"/Internet_and_Telecom/Web_Services/Search_Engine_Optimization_and_Marketing,/Business_and_Industrial/Advertising_and_Marketing/Marketing",,,2026-09-19T01:21:07Z,0.0
trustflowchecker.website,mightypr.com SEO Backlink Experts for Powerful Ranking Improvement,https://trustflowchecker.website/dir/seo-boosting-backlinks-136336,http://justdrivemedia.com/,"Premium SEO Backlink Experts Helping Websites Build High Quality Authority Links, Improve Search Engine Positions, and Increase Organic Search Performance - Page 136,336",1,1,1246,"/Internet_and_Telecom/Web_Services/Search_Engine_Optimization_and_Marketing,/Business_and_Industrial/Advertising_and_Marketing/Marketing",,,2026-09-19T01:21:07Z,0.0
backlinkcheckerde.website,justdrivemedia.com Premium Authority Backlinks for Better Search Visibility,https://backlinkcheckerde.website/dir/ethical-seo-backlinks-109933,https://justdrivemedia.com/,"Premium SEO Link Building Services for Building Strong Website Backlinks, Improving Search Engine Authority, Increasing Rankings, and Growing Organic Visitors - Page 109,933",1,1,1172,"/Internet_and_Telecom/Web_Services/Search_Engine_Optimization_and_Marketing,/Business_and_Industrial/Advertising_and_Marketing/Marketing",,,2026-09-19T01:21:06Z,0.0
serpchecker.space,justdrivemedia.com Premium Authority Backlinks for Better Search Visibility,https://serpchecker.space/dir/ethical-seo-backlinks-109933,https://justdrivemedia.com/,"Premium SEO Link Building Services for Building Strong Website Backlinks, Improving Search Engine Authority, Increasing Rankings, and Growing Organic Visitors - Page 109,933",1,1,1171,"/Internet_and_Telecom/Web_Services/Search_Engine_Optimization_and_Marketing,/Business_and_Industrial/Advertising_and_Marketing/Marketing",,,2026-09-19T01:18:28Z,0.0
serpchecker.store,justdrivemedia.com Premium Authority Backlinks for Better Search Visibility,https://serpchecker.store/dir/ethical-seo-backlinks-109933,https://justdrivemedia.com/,"Premium SEO Link Building Services for Building Strong Website Backlinks, Improving Search Engine Authority, Increasing Rankings, and Growing Organic Visitors - Page 109,933",1,1,1171,"/Internet_and_Telecom/Web_Services/Search_Engine_Optimization_and_Marketing,/Business_and_Industrial/Advertising_and_Marketing/Marketing",,,2026-09-19T01:16:40Z,0.0
urlbacklinkschecker.store,mightypr.com SEO Backlink Experts for Powerful Ranking Improvement,https://urlbacklinkschecker.store/dir/seo-boosting-backlinks-136336,https://justdrivemedia.com/,"Premium SEO Backlink Experts Helping Websites Build High Quality Authority Links, Improve Search Engine Positions, and Increase Organic Search Performance - Page 136,336",1,1,1247,"/Internet_and_Telecom/Web_Services/Search_Engine_Optimization_and_Marketing,/Business_and_Industrial/Advertising_and_Marketing/Marketing",,,2026-09-19T01:14:52Z,0.0
urlbacklinkschecker.store,mightypr.com SEO Backlink Experts for Powerful Ranking Improvement,https://urlbacklinkschecker.store/dir/seo-boosting-backlinks-136336,http://justdrivemedia.com/,"Premium SEO Backlink Experts Helping Websites Build High Quality Authority Links, Improve Search Engine Positions, and Increase Organic Search Performance - Page 136,336",1,1,1247,"/Internet_and_Telecom/Web_Services/Search_Engine_Optimization_and_Marketing,/Business_and_Industrial/Advertising_and_Marketing/Marketing",,,2026-09-19T01:14:52Z,0.0
backlinkcheckers.site,justdrivemedia.com Premium Authority Backlinks for Better Search Visibility,https://backlinkcheckers.site/dir/ethical-seo-backlinks-109933,https://justdrivemedia.com/,"Premium SEO Link Building Services for Building Strong Website Backlinks, Improving Search Engine Authority, Increasing Rankings, and Growing Organic Visitors - Page 109,933",1,1,1172,"/Internet_and_Telecom/Web_Services/Search_Engine_Optimization_and_Marketing,/Business_and_Industrial/Advertising_and_Marketing/Marketing",,,2026-09-19T01:11:30Z,0.0
pageauthoritylookup.space,justdrivemedia.com Premium Authority Backlinks for Better Search Visibility,https://pageauthoritylookup.space/dir/ethical-seo-backlinks-109933,https://justdrivemedia.com/,"Premium SEO Link Building Services for Building Strong Website Backlinks, Improving Search Engine Authority, Increasing Rankings, and Growing Organic Visitors - Page 109,933",1,1,1171,"/Internet_and_Telecom/Web_Services/Search_Engine_Optimization_and_Marketing,/Business_and_Industrial/Advertising_and_Marketing/Marketing",,,2026-09-19T01:10:08Z,0.0
bulkdachecker.store,mightypr.com SEO Backlink Experts for Powerful Ranking Improvement,https://bulkdachecker.store/dir/seo-boosting-backlinks-136336,http://justdrivemedia.com/,"Premium SEO Backlink Experts Helping Websites Build High Quality Authority Links, Improve Search Engine Positions, and Increase Organic Search Performance - Page 136,336",1,1,1246,"/Internet_and_Telecom/Web_Services/Search_Engine_Optimization_and_Marketing,/Business_and_Industrial/Advertising_and_Marketing/Marketing",,,2026-09-19T01:02:47Z,0.0
bulkdachecker.store,mightypr.com SEO Backlink Experts for Powerful Ranking Improvement,https://bulkdachecker.store/dir/seo-boosting-backlinks-136336,https://justdrivemedia.com/,"Premium SEO Backlink Experts Helping Websites Build High Quality Authority Links, Improve Search Engine Positions, and Increase Organic Search Performance - Page 136,336",1,1,1246,"/Internet_and_Telecom/Web_Services/Search_Engine_Optimization_and_Marketing,/Business_and_Industrial/Advertising_and_Marketing/Marketing",,,2026-09-19T01:02:47Z,0.0
bestbacklinkchecker.shop,mightypr.com SEO Backlink Experts for Powerful Ranking Improvement,https://bestbacklinkchecker.shop/dir/seo-boosting-backlinks-136336,https://justdrivemedia.com/,"Premium SEO Backlink Experts Helping Websites Build High Quality Authority Links, Improve Search Engine Positions, and Increase Organic Search Performance - Page 136,336",1,1,1246,"/Internet_and_Telecom/Web_Services/Search_Engine_Optimization_and_Marketing,/Business_and_Industrial/Advertising_and_Marketing/Marketing",,,2026-09-19T01:00:42Z,0.0
bestbacklinkchecker.shop,mightypr.com SEO Backlink Experts for Powerful Ranking Improvement,https://bestbacklinkchecker.shop/dir/seo-boosting-backlinks-136336,http://justdrivemedia.com/,"Premium SEO Backlink Experts Helping Websites Build High Quality Authority Links, Improve Search Engine Positions, and Increase Organic Search Performance - Page 136,336",1,1,1246,"/Internet_and_Telecom/Web_Services/Search_Engine_Optimization_and_Marketing,/Business_and_Industrial/Advertising_and_Marketing/Marketing",,,2026-09-19T01:00:42Z,0.0
domainlinkprofile.site,mightypr.com SEO Backlink Experts for Powerful Ranking Improvement,https://domainlinkprofile.site/dir/seo-boosting-backlinks-136336,http://justdrivemedia.com/,"Premium SEO Backlink Experts Helping Websites Build High Quality Authority Links, Improve Search Engine Positions, and Increase Organic Search Performance - Page 136,336",1,1,1247,"/Internet_and_Telecom/Web_Services/Search_Engine_Optimization_and_Marketing,/Business_and_Industrial/Advertising_and_Marketing/Marketing",,,2026-09-19T00:58:49Z,0.0
domainlinkprofile.site,mightypr.com SEO Backlink Experts for Powerful Ranking Improvement,https://domainlinkprofile.site/dir/seo-boosting-backlinks-136336,https://justdrivemedia.com/,"Premium SEO Backlink Experts Helping Websites Build High Quality Authority Links, Improve Search Engine Positions, and Increase Organic Search Performance - Page 136,336",1,1,1247,"/Internet_and_Telecom/Web_Services/Search_Engine_Optimization_and_Marketing,/Business_and_Industrial/Advertising_and_Marketing/Marketing",,,2026-09-19T00:58:49Z,0.0
nokvio.shop,"High Quality PBN Backlinks for justdrivemedia.com to Boost Domain Authority. Outrank Your Competitors, Across Every Niche and Market.",https://nokvio.shop/domain-authority-tools/high-quality-guest-post-service-to-increase-trust-flow-grow-search-traffic-across-every-niche-and-market-8ca26a.html,https://justdrivemedia.com/,"High Quality Guest Post Service to Increase Trust Flow. Grow Search Traffic, Across Every Niche and Market.",1,1,5671,"/Internet_and_Telecom/Web_Services/Search_Engine_Optimization_and_Marketing,/Business_and_Industrial/Shipping_and_Logistics/Mail_and_Package_Delivery,/Travel_and_Transportation",,,2026-09-19T00:57:00Z,0.0
backlinkcheckertool.store,justdrivemedia.com Premium Authority Backlinks for Better Search Visibility,https://backlinkcheckertool.store/dir/ethical-seo-backlinks-109933,https://justdrivemedia.com/,"Premium SEO Link Building Services for Building Strong Website Backlinks, Improving Search Engine Authority, Increasing Rankings, and Growing Organic Visitors - Page 109,933",1,1,1171,"/Internet_and_Telecom/Web_Services/Search_Engine_Optimization_and_Marketing,/Business_and_Industrial/Advertising_and_Marketing/Marketing",,,2026-09-19T00:56:48Z,0.0
domaindachecker.site,justdrivemedia.com Premium Authority Backlinks for Better Search Visibility,https://domaindachecker.site/dir/ethical-seo-backlinks-109933,https://justdrivemedia.com/,"Premium SEO Link Building Services for Building Strong Website Backlinks, Improving Search Engine Authority, Increasing Rankings, and Growing Organic Visitors - Page 109,933",1,1,1172,"/Internet_and_Telecom/Web_Services/Search_Engine_Optimization_and_Marketing,/Business_and_Industrial/Advertising_and_Marketing/Marketing",,,2026-09-19T00:51:36Z,0.0
websitedachecker.store,mightypr.com SEO Backlink Experts for Powerful Ranking Improvement,https://websitedachecker.store/dir/seo-boosting-backlinks-136336,https://justdrivemedia.com/,"Premium SEO Backlink Experts Helping Websites Build High Quality Authority Links, Improve Search Engine Positions, and Increase Organic Search Performance - Page 136,336",1,1,1239,"/Internet_and_Telecom/Web_Services/Search_Engine_Optimization_and_Marketing,/Business_and_Industrial/Advertising_and_Marketing/Marketing",,,2026-09-19T00:51:08Z,0.0
websitedachecker.store,mightypr.com SEO Backlink Experts for Powerful Ranking Improvement,https://websitedachecker.store/dir/seo-boosting-backlinks-136336,http://justdrivemedia.com/,"Premium SEO Backlink Experts Helping Websites Build High Quality Authority Links, Improve Search Engine Positions, and Increase Organic Search Performance - Page 136,336",1,1,1239,"/Internet_and_Telecom/Web_Services/Search_Engine_Optimization_and_Marketing,/Business_and_Industrial/Advertising_and_Marketing/Marketing",,,2026-09-19T00:51:08Z,0.0
seotoolchecker.shop,justdrivemedia.com Premium Authority Backlinks for Better Search Visibility,https://seotoolchecker.shop/dir/ethical-seo-backlinks-109933,https://justdrivemedia.com/,"Premium SEO Link Building Services for Building Strong Website Backlinks, Improving Search Engine Authority, Increasing Rankings, and Growing Organic Visitors - Page 109,933",1,1,1171,"/Internet_and_Telecom/Web_Services/Search_Engine_Optimization_and_Marketing,/Business_and_Industrial/Advertising_and_Marketing/Marketing",,,2026-09-19T00:50:48Z,0.0
dapaprochecker.website,justdrivemedia.com Premium Authority Backlinks for Better Search Visibility,https://dapaprochecker.website/dir/ethical-seo-backlinks-109933,https://justdrivemedia.com/,"Premium SEO Link Building Services for Building Strong Website Backlinks, Improving Search Engine Authority, Increasing Rankings, and Growing Organic Visitors - Page 109,933",1,1,1171,"/Internet_and_Telecom/Web_Services/Search_Engine_Optimization_and_Marketing,/Business_and_Industrial/Advertising_and_Marketing/Marketing",,,2026-09-19T00:50:09Z,0.0
dapacheckerpro.site,mightypr.com SEO Backlink Experts for Powerful Ranking Improvement,https://dapacheckerpro.site/dir/seo-boosting-backlinks-136336,http://justdrivemedia.com/,"Premium SEO Backlink Experts Helping Websites Build High Quality Authority Links, Improve Search Engine Positions, and Increase Organic Search Performance - Page 136,336",1,1,1239,"/Internet_and_Telecom/Web_Services/Search_Engine_Optimization_and_Marketing,/Business_and_Industrial/Advertising_and_Marketing/Marketing",,,2026-09-19T00:49:27Z,0.0
dapacheckerpro.site,mightypr.com SEO Backlink Experts for Powerful Ranking Improvement,https://dapacheckerpro.site/dir/seo-boosting-backlinks-136336,https://justdrivemedia.com/,"Premium SEO Backlink Experts Helping Websites Build High Quality Authority Links, Improve Search Engine Positions, and Increase Organic Search Performance - Page 136,336",1,1,1239,"/Internet_and_Telecom/Web_Services/Search_Engine_Optimization_and_Marketing,/Business_and_Industrial/Advertising_and_Marketing/Marketing",,,2026-09-19T00:49:27Z,0.0
digitalseotool.com,High Quality Dofollow Backlinks DA 50 PA 40 Premium PBN Network Service justdrivemedia.com Rank First Page Google Fast SEO Link Building Buy Backlinks Online Cheap,https://digitalseotool.com/search-authority-index/reliable-high-da-backlinks-to-raise-domain-rating-outrank-your-competitors-with-safe-link-velocity-0e9094.html,https://justdrivemedia.com/,"Reliable High DA Backlinks to Raise Domain Rating. Outrank Your Competitors, with Safe Link Velocity.",1,0,3616,"/Internet_and_Telecom/Web_Services/Search_Engine_Optimization_and_Marketing,/Business_and_Industrial/Advertising_and_Marketing/Marketing",,,2026-09-19T00:43:29Z,0.0
sitebacklinkchecker.shop,justdrivemedia.com Premium Authority Backlinks for Better Search Visibility,https://sitebacklinkchecker.shop/dir/ethical-seo-backlinks-109933,https://justdrivemedia.com/,"Premium SEO Link Building Services for Building Strong Website Backlinks, Improving Search Engine Authority, Increasing Rankings, and Growing Organic Visitors - Page 109,933",1,1,1171,"/Internet_and_Telecom/Web_Services/Search_Engine_Optimization_and_Marketing,/Business_and_Industrial/Advertising_and_Marketing/Marketing",,,2026-09-19T00:38:55Z,0.0
backlinkfreechecker.online,justdrivemedia.com Premium Authority Backlinks for Better Search Visibility,https://backlinkfreechecker.online/dir/ethical-seo-backlinks-109933,https://justdrivemedia.com/,"Premium SEO Link Building Services for Building Strong Website Backlinks, Improving Search Engine Authority, Increasing Rankings, and Growing Organic Visitors - Page 109,933",1,1,1171,"/Internet_and_Telecom/Web_Services/Search_Engine_Optimization_and_Marketing,/Business_and_Industrial/Advertising_and_Marketing/Marketing",,,2026-09-19T00:35:48Z,0.0
dapacheckerseo.site,mightypr.com SEO Backlink Experts for Powerful Ranking Improvement,https://dapacheckerseo.site/dir/seo-boosting-backlinks-136336,https://justdrivemedia.com/,"Premium SEO Backlink Experts Helping Websites Build High Quality Authority Links, Improve Search Engine Positions, and Increase Organic Search Performance - Page 136,336",1,1,1239,"/Internet_and_Telecom/Web_Services/Search_Engine_Optimization_and_Marketing,/Business_and_Industrial/Advertising_and_Marketing/Marketing",,,2026-09-19T00:34:26Z,0.0
dapacheckerseo.site,mightypr.com SEO Backlink Experts for Powerful Ranking Improvement,https://dapacheckerseo.site/dir/seo-boosting-backlinks-136336,http://justdrivemedia.com/,"Premium SEO Backlink Experts Helping Websites Build High Quality Authority Links, Improve Search Engine Positions, and Increase Organic Search Performance - Page 136,336",1,1,1239,"/Internet_and_Telecom/Web_Services/Search_Engine_Optimization_and_Marketing,/Business_and_Industrial/Advertising_and_Marketing/Marketing",,,2026-09-19T00:34:26Z,0.0
rankingcheckerfree.online,mightypr.com SEO Backlink Experts for Powerful Ranking Improvement,https://rankingcheckerfree.online/dir/seo-boosting-backlinks-136336,https://justdrivemedia.com/,"Premium SEO Backlink Experts Helping Websites Build High Quality Authority Links, Improve Search Engine Positions, and Increase Organic Search Performance - Page 136,336",1,1,1246,"/Internet_and_Telecom/Web_Services/Search_Engine_Optimization_and_Marketing,/Business_and_Industrial/Advertising_and_Marketing/Marketing",,,2026-09-19T00:33:41Z,0.0
rankingcheckerfree.online,mightypr.com SEO Backlink Experts for Powerful Ranking Improvement,https://rankingcheckerfree.online/dir/seo-boosting-backlinks-136336,http://justdrivemedia.com/,"Premium SEO Backlink Experts Helping Websites Build High Quality Authority Links, Improve Search Engine Positions, and Increase Organic Search Performance - Page 136,336",1,1,1246,"/Internet_and_Telecom/Web_Services/Search_Engine_Optimization_and_Marketing,/Business_and_Industrial/Advertising_and_Marketing/Marketing",,,2026-09-19T00:33:41Z,0.0
dacheckerpro.shop,mightypr.com SEO Backlink Experts for Powerful Ranking Improvement,https://dacheckerpro.shop/dir/seo-boosting-backlinks-136336,https://justdrivemedia.com/,"Premium SEO Backlink Experts Helping Websites Build High Quality Authority Links, Improve Search Engine Positions, and Increase Organic Search Performance - Page 136,336",1,1,1246,"/Internet_and_Telecom/Web_Services/Search_Engine_Optimization_and_Marketing,/Business_and_Industrial/Advertising_and_Marketing/Marketing",,,2026-09-19T00:32:02Z,0.0
dacheckerpro.shop,mightypr.com SEO Backlink Experts for Powerful Ranking Improvement,https://dacheckerpro.shop/dir/seo-boosting-backlinks-136336,http://justdrivemedia.com/,"Premium SEO Backlink Experts Helping Websites Build High Quality Authority Links, Improve Search Engine Positions, and Increase Organic Search Performance - Page 136,336",1,1,1246,"/Internet_and_Telecom/Web_Services/Search_Engine_Optimization_and_Marketing,/Business_and_Industrial/Advertising_and_Marketing/Marketing",,,2026-09-19T00:32:02Z,0.0
daandpacheckerfree.online,mightypr.com SEO Backlink Experts for Powerful Ranking Improvement,https://daandpacheckerfree.online/dir/seo-boosting-backlinks-136336,http://justdrivemedia.com/,"Premium SEO Backlink Experts Helping Websites Build High Quality Authority Links, Improve Search Engine Positions, and Increase Organic Search Performance - Page 136,336",1,1,1246,"/Internet_and_Telecom/Web_Services/Search_Engine_Optimization_and_Marketing,/Business_and_Industrial/Advertising_and_Marketing/Marketing",,,2026-09-19T00:28:41Z,0.0
daandpacheckerfree.online,mightypr.com SEO Backlink Experts for Powerful Ranking Improvement,https://daandpacheckerfree.online/dir/seo-boosting-backlinks-136336,https://justdrivemedia.com/,"Premium SEO Backlink Experts Helping Websites Build High Quality Authority Links, Improve Search Engine Positions, and Increase Organic Search Performance - Page 136,336",1,1,1246,"/Internet_and_Telecom/Web_Services/Search_Engine_Optimization_and_Marketing,/Business_and_Industrial/Advertising_and_Marketing/Marketing",,,2026-09-19T00:28:41Z,0.0
seocheckertools.shop,justdrivemedia.com Premium Authority Backlinks for Better Search Visibility,https://seocheckertools.shop/dir/ethical-seo-backlinks-109933,https://justdrivemedia.com/,"Premium SEO Link Building Services for Building Strong Website Backlinks, Improving Search Engine Authority, Increasing Rankings, and Growing Organic Visitors - Page 109,933",1,1,1171,"/Internet_and_Telecom/Web_Services/Search_Engine_Optimization_and_Marketing,/Business_and_Industrial/Advertising_and_Marketing/Marketing",,,2026-09-19T00:27:38Z,0.0
freesiterankchecker.website,mightypr.com SEO Backlink Experts for Powerful Ranking Improvement,https://freesiterankchecker.website/dir/seo-boosting-backlinks-136336,http://justdrivemedia.com/,"Premium SEO Backlink Experts Helping Websites Build High Quality Authority Links, Improve Search Engine Positions, and Increase Organic Search Performance - Page 136,336",1,1,1246,"/Internet_and_Telecom/Web_Services/Search_Engine_Optimization_and_Marketing,/Business_and_Industrial/Advertising_and_Marketing/Marketing",,,2026-09-19T00:23:59Z,0.0
freesiterankchecker.website,mightypr.com SEO Backlink Experts for Powerful Ranking Improvement,https://freesiterankchecker.website/dir/seo-boosting-backlinks-136336,https://justdrivemedia.com/,"Premium SEO Backlink Experts Helping Websites Build High Quality Authority Links, Improve Search Engine Positions, and Increase Organic Search Performance - Page 136,336",1,1,1246,"/Internet_and_Telecom/Web_Services/Search_Engine_Optimization_and_Marketing,/Business_and_Industrial/Advertising_and_Marketing/Marketing",,,2026-09-19T00:23:59Z,0.0
backlinkaudittool.shop,justdrivemedia.com Premium Authority Backlinks for Better Search Visibility,https://backlinkaudittool.shop/dir/ethical-seo-backlinks-109933,https://justdrivemedia.com/,"Premium SEO Link Building Services for Building Strong Website Backlinks, Improving Search Engine Authority, Increasing Rankings, and Growing Organic Visitors - Page 109,933",1,1,1171,"/Internet_and_Telecom/Web_Services/Search_Engine_Optimization_and_Marketing,/Business_and_Industrial/Advertising_and_Marketing/Marketing",,,2026-09-19T00:21:45Z,0.0
externallinkchecker.shop,justdrivemedia.com Premium Authority Backlinks for Better Search Visibility,https://externallinkchecker.shop/dir/ethical-seo-backlinks-109933,https://justdrivemedia.com/,"Premium SEO Link Building Services for Building Strong Website Backlinks, Improving Search Engine Authority, Increasing Rankings, and Growing Organic Visitors - Page 109,933",1,1,1171,"/Internet_and_Telecom/Web_Services/Search_Engine_Optimization_and_Marketing,/Business_and_Industrial/Advertising_and_Marketing/Marketing",,,2026-09-19T00:20:39Z,0.0
sitevisitschecker.space,mightypr.com SEO Backlink Experts for Powerful Ranking Improvement,https://sitevisitschecker.space/dir/seo-boosting-backlinks-136336,http://justdrivemedia.com/,"Premium SEO Backlink Experts Helping Websites Build High Quality Authority Links, Improve Search Engine Positions, and Increase Organic Search Performance - Page 136,336",1,1,1247,"/Internet_and_Telecom/Web_Services/Search_Engine_Optimization_and_Marketing,/Business_and_Industrial/Advertising_and_Marketing/Marketing",,,2026-09-19T00:20:30Z,0.0
sitevisitschecker.space,mightypr.com SEO Backlink Experts for Powerful Ranking Improvement,https://sitevisitschecker.space/dir/seo-boosting-backlinks-136336,https://justdrivemedia.com/,"Premium SEO Backlink Experts Helping Websites Build High Quality Authority Links, Improve Search Engine Positions, and Increase Organic Search Performance - Page 136,336",1,1,1247,"/Internet_and_Telecom/Web_Services/Search_Engine_Optimization_and_Marketing,/Business_and_Industrial/Advertising_and_Marketing/Marketing",,,2026-09-19T00:20:30Z,0.0
domainbacklinkreport.website,mightypr.com SEO Backlink Experts for Powerful Ranking Improvement,https://domainbacklinkreport.website/dir/seo-boosting-backlinks-136336,https://justdrivemedia.com/,"Premium SEO Backlink Experts Helping Websites Build High Quality Authority Links, Improve Search Engine Positions, and Increase Organic Search Performance - Page 136,336",1,1,1239,"/Internet_and_Telecom/Web_Services/Search_Engine_Optimization_and_Marketing,/Business_and_Industrial/Advertising_and_Marketing/Marketing",,,2026-09-19T00:19:10Z,0.0
domainbacklinkreport.website,mightypr.com SEO Backlink Experts for Powerful Ranking Improvement,https://domainbacklinkreport.website/dir/seo-boosting-backlinks-136336,http://justdrivemedia.com/,"Premium SEO Backlink Experts Helping Websites Build High Quality Authority Links, Improve Search Engine Positions, and Increase Organic Search Performance - Page 136,336",1,1,1239,"/Internet_and_Telecom/Web_Services/Search_Engine_Optimization_and_Marketing,/Business_and_Industrial/Advertising_and_Marketing/Marketing",,,2026-09-19T00:19:10Z,0.0
