name_source,anchor,url_from,url_to,title,is_dofollow,is_content,links_external,page_category_source,snippet_left,snippet_right,first_seen_link,domain_rating_source
buytopqualitybacklinks.com,http://www.justdrivemedia.com,https://buytopqualitybacklinks.com/bpbeatseo/,https://www.justdrivemedia.com/,Directory Pages Index,0,0,9999,"/Internet_and_Telecom/Web_Services/Search_Engine_Optimization_and_Marketing,/Business_and_Industrial/Business_Services,/Reference/Directories_and_Listings/Business_and_Personal_Listings",http://www.justdoitsj.com http://www.justdraftinginc.com,http://www.justducks.co.uk http://www.just-dynamics.co.za,2026-08-09T03:58:45Z,59.0
toprankmasters.shop,"Power up justdrivemedia.com: backlinks and guest posts, on-page SEO, local SEO, custom web development, SaaS integrations and automation tools for a strong DR/DA/TF increase with editorial standards. We strengthen the campaign with keyword mapping, source diversification, placement audits, performance benchmarks, and straightforward reporting. · Top Rank Masters — Experienced specialists in ...",https://toprankmasters.shop/16dec85f4-page3-to-position1-insurance-12-month-strategy-only-dofollow-backlinks-practical-execution-roadmap-planning-testing-and-tracking-for-lasting-ranking-improvements/,https://justdrivemedia.com/,"Top Rank Masters — Experienced specialists in top-position SEO, competitive visibility and ranking growth to strengthen search presence and attract relevant visitors — Editorial Links vs Automation Tools for Real Estate — Which One Moves Rankings Faster and Holds Longer? — Explaining a complete cost and timeline breakdown, transparent measurement methods, and sustainable search visibility recommendations",0,0,7688,"/Internet_and_Telecom/Web_Services/Search_Engine_Optimization_and_Marketing,/Business_and_Industrial/Advertising_and_Marketing/Marketing,/Real_Estate/Real_Estate_Services",,,2026-08-08T22:35:19Z,0.1
rankgrowthsolutions.shop,"Everything justdrivemedia.com needs: guest posts and backlinks, on-page SEO, local SEO, web development, SaaS integrations and automation tools — balanced DR/DA/TF growth tailored to your vertical. Campaign quality is protected through manual review, realistic pacing, diversified sources, accurate reporting, and continuous performance checks. · Rank Growth Solutions — Complete practical ...",https://rankgrowthsolutions.shop/62735dc56-search-visibility-blueprint-healthcare-rank-using-local-seo-guest-posts-full-ranking-workflow-planning-testing-and-tracking-for-higher-search-visibility/,https://justdrivemedia.com/,"Rank Growth Solutions — Complete practical solutions for organic ranking growth, keyword visibility and website authority for competitive rankings and dependable organic discovery — Do DR Boost Services Still Work in 2026 for Law Firm Websites? I Tested 10 Placements and Tracked Every Move — Complete With tested workflow recommendations, quality-control requirements, and future campaign planning",0,0,7688,"/Internet_and_Telecom/Web_Services/Search_Engine_Optimization_and_Marketing,/Business_and_Industrial/Business_Services/Consulting",,,2026-08-08T18:44:13Z,0.1
organicrankservice.shop,"Grow mightypr.com with guest posts, backlinks, on-page and local SEO, web development, SaaS tools and workflow automation tools — steady DR/DA/TF growth in any language. Every delivery follows a structured plan for content relevance, link diversity, authority checks, traffic measurement, and ongoing optimization. · Organic Rank Service — Managed professional services for organic rankings, ...",https://organicrankservice.shop/d063457bc-authority-link-packages-helped-real-estate-site-page5-to-page1-complete-case-study-data-advanced-growth-framework-examples-metrics-and-lessons-for-lasting-ranking-improvements/,https://justdrivemedia.com/,"Organic Rank Service — Managed professional services for organic rankings, qualified traffic and sustainable search growth for competitive rankings and dependable organic discovery — From Invisible to First-Page Domination in Health & Wellness — The 60-Day Strategy Built Entirely on PBN Backlinks — Supported by hands-on strategy notes, quality-control requirements, and repeatable SEO takeaways",0,0,7934,"/Internet_and_Telecom/Web_Services/Search_Engine_Optimization_and_Marketing,/Business_and_Industrial/Advertising_and_Marketing/Marketing",,,2026-08-08T15:51:52Z,0.1
organicrankservice.shop,"Grow mightypr.com with guest posts, backlinks, on-page and local SEO, web development, SaaS tools and workflow automation tools — steady DR/DA/TF growth in any language. Every delivery follows a structured plan for content relevance, link diversity, authority checks, traffic measurement, and ongoing optimization. · Organic Rank Service — Managed professional services for organic rankings, ...",https://organicrankservice.shop/d063457bc-authority-link-packages-helped-real-estate-site-page5-to-page1-complete-case-study-data-advanced-growth-framework-examples-metrics-and-lessons-for-lasting-ranking-improvements/,http://justdrivemedia.com/,"Organic Rank Service — Managed professional services for organic rankings, qualified traffic and sustainable search growth for competitive rankings and dependable organic discovery — From Invisible to First-Page Domination in Health & Wellness — The 60-Day Strategy Built Entirely on PBN Backlinks — Supported by hands-on strategy notes, quality-control requirements, and repeatable SEO takeaways",0,0,7934,"/Internet_and_Telecom/Web_Services/Search_Engine_Optimization_and_Marketing,/Business_and_Industrial/Advertising_and_Marketing/Marketing",,,2026-08-08T15:51:52Z,0.1
seobazaar.shop,"Power up justdrivemedia.com: high-DR backlinks, editorial guest posts, on-page SEO, local SEO, web development, SaaS tools and automation tools for reliable DR/DA/TF progress at a sustainable pace.",https://seobazaar.shop/luk98rf-high-da-guest-posts-helped-real-estate-site-recovered-lost-traffic-fully-complete-case-study-data/,https://justdrivemedia.com/,"seobazaar.shop — The 30-Day High-DA Guest Posts Case Study for SaaS — Placements, Anchors, Rankings Before and After",0,0,5934,"/Internet_and_Telecom/Web_Services/Search_Engine_Optimization_and_Marketing,/Business_and_Industrial/Advertising_and_Marketing/Marketing",,,2026-08-08T11:20:35Z,2.8
siterankprovider.shop,"justdrivemedia.com gets high-DR backlinks, editorial guest posts, on-page SEO, local SEO, web development, SaaS tools and automation tools, together driving real DR/DA/TF improvement tailored to your vertical. Each project is supported by careful prospect selection, manual quality checks, balanced link velocity, and measurable ranking analysis. · Site Rank Provider — A professional provider of ...",https://siterankprovider.shop/392f83fe6-tiered-link-building-recovered-lost-traffic-fully-saas-money-site-every-dollar-ranking-tracked-long-term-seo-method-mistakes-risks-and-solutions-for-higher-search-visibility/,https://justdrivemedia.com/,"Site Rank Provider — A professional provider of site-wide SEO, keyword visibility and organic growth for reliable rankings, stronger authority and organic reach — How PBN Backlinks Helped My Dental Site restored rankings after an algorithm update — The Complete Case Study With Full Data Transparency — Complete With clear planning and execution details, content and link-quality checks, and long-term organic growth lessons",0,0,7702,"/Internet_and_Telecom/Web_Services/Search_Engine_Optimization_and_Marketing,/Business_and_Industrial/Advertising_and_Marketing/Marketing",,,2026-08-08T10:20:13Z,0.1
toprankprovider.shop,"Strengthen mightypr.com through high-quality backlinks, guest posts, on-page and local SEO, custom web development, SaaS tools and automation tools for real DR/DA/TF improvement across all markets. The strategy also covers competitor research, natural anchor distribution, quality verification, and clear monthly performance reporting. · Top Rank Provider — A professional provider of top-position ...",https://toprankprovider.shop/103314086-build-unstoppable-mortgage-serp-web-development-niche-edits-traffic-playbook-long-term-seo-method-planning-testing-and-tracking-for-long-term-search-success/,http://justdrivemedia.com/,"Top Rank Provider — A professional provider of top-position SEO, competitive visibility and ranking growth to strengthen search presence and attract relevant visitors — I Bought Tiered Link Building for My Pharmaceutical Site — Full 120-Day Review of Metrics, Rankings, and Traffic Impact — Complete With clear planning and execution details, reporting and tracking methods, and safer scaling recommendations",0,0,7934,"/Internet_and_Telecom/Web_Services/Search_Engine_Optimization_and_Marketing,/Business_and_Industrial/Advertising_and_Marketing/Marketing",,,2026-08-08T09:46:08Z,0.1
toprankprovider.shop,"Strengthen mightypr.com through high-quality backlinks, guest posts, on-page and local SEO, custom web development, SaaS tools and automation tools for real DR/DA/TF improvement across all markets. The strategy also covers competitor research, natural anchor distribution, quality verification, and clear monthly performance reporting. · Top Rank Provider — A professional provider of top-position ...",https://toprankprovider.shop/103314086-build-unstoppable-mortgage-serp-web-development-niche-edits-traffic-playbook-long-term-seo-method-planning-testing-and-tracking-for-long-term-search-success/,https://justdrivemedia.com/,"Top Rank Provider — A professional provider of top-position SEO, competitive visibility and ranking growth to strengthen search presence and attract relevant visitors — I Bought Tiered Link Building for My Pharmaceutical Site — Full 120-Day Review of Metrics, Rankings, and Traffic Impact — Complete With clear planning and execution details, reporting and tracking methods, and safer scaling recommendations",0,0,7934,"/Internet_and_Telecom/Web_Services/Search_Engine_Optimization_and_Marketing,/Business_and_Industrial/Advertising_and_Marketing/Marketing",,,2026-08-08T09:46:08Z,0.1
organicrankservice.shop,"Everything justdrivemedia.com needs: backlinks and guest posts, on-page SEO, local SEO, custom web development, SaaS integrations and automation tools — a clear DR/DA/TF lift for every sector. Campaign quality is protected through manual review, realistic pacing, diversified sources, accurate reporting, and continuous performance checks. · Organic Rank Service — Managed professional services ...",https://organicrankservice.shop/d919aba8f-traffic-recovery-blueprint-travel-rank-using-dofollow-backlinks-contextual-backlinks-full-ranking-workflow-research-execution-and-analysis-for-better-google-positions/,https://justdrivemedia.com/,"Organic Rank Service — Managed professional services for organic rankings, qualified traffic and sustainable search growth for competitive rankings and dependable organic discovery — The Anchor Text Strategy I Use for SaaS Tools in B2B — Balancing Exact, Branded, and Generic Safely — Plus a complete cost and timeline breakdown, quality-control requirements, and future campaign planning",0,0,7702,"/Internet_and_Telecom/Web_Services/Search_Engine_Optimization_and_Marketing,/Business_and_Industrial/Advertising_and_Marketing/Marketing",,,2026-08-08T09:37:17Z,0.1
toprankpartners.shop,"Power up mightypr.com: high-DR backlinks, editorial guest posts, on-page SEO, local SEO, web development, SaaS tools and automation tools for long-term DR/DA/TF gains with relevance-first placements. The complete process includes website review, competitor benchmarking, anchor-risk control, placement validation, and practical growth recommendations. · Top Rank Partners — Trusted strategic ...",https://toprankpartners.shop/4a5dcb763-invisible-to-top5-every-keyword-fintech-90-day-strategy-only-tiered-link-building-proven-optimization-process-cost-timeline-and-results-for-lasting-ranking-improvements/,https://justdrivemedia.com/,"Top Rank Partners — Trusted strategic partners for top-position SEO, competitive visibility and ranking growth to turn search visibility into consistent website growth — From an Algorithm Hit to Top 5 for Every Keyword in YMYL — The 12-Month Strategy Built Entirely on Crowd Links — Covering clear planning and execution details, realistic outcome expectations, and long-term organic growth lessons",0,0,7934,"/Internet_and_Telecom/Web_Services/Search_Engine_Optimization_and_Marketing,/Business_and_Industrial/Advertising_and_Marketing/Marketing",,,2026-08-08T09:01:40Z,0.1
toprankpartners.shop,"Power up mightypr.com: high-DR backlinks, editorial guest posts, on-page SEO, local SEO, web development, SaaS tools and automation tools for long-term DR/DA/TF gains with relevance-first placements. The complete process includes website review, competitor benchmarking, anchor-risk control, placement validation, and practical growth recommendations. · Top Rank Partners — Trusted strategic ...",https://toprankpartners.shop/4a5dcb763-invisible-to-top5-every-keyword-fintech-90-day-strategy-only-tiered-link-building-proven-optimization-process-cost-timeline-and-results-for-lasting-ranking-improvements/,http://justdrivemedia.com/,"Top Rank Partners — Trusted strategic partners for top-position SEO, competitive visibility and ranking growth to turn search visibility into consistent website growth — From an Algorithm Hit to Top 5 for Every Keyword in YMYL — The 12-Month Strategy Built Entirely on Crowd Links — Covering clear planning and execution details, realistic outcome expectations, and long-term organic growth lessons",0,0,7934,"/Internet_and_Telecom/Web_Services/Search_Engine_Optimization_and_Marketing,/Business_and_Industrial/Advertising_and_Marketing/Marketing",,,2026-08-08T09:01:40Z,0.1
toprankpartners.shop,"Rank justdrivemedia.com higher with premium guest posts, contextual backlinks, on-page and local SEO, conversion-focused web development, SaaS tools and automation tools — rising DR/DA/TF scores with proven results. The plan remains focused on natural relevance, credible sources, balanced optimization, measurable search gains, and sustainable long-term execution. · Top Rank Partners — Trusted ...",https://toprankpartners.shop/ac30ec62e-6-month-serp-climb-law-firm-combined-local-seo-niche-edits-position1-step-by-step-strategy-planning-testing-and-tracking-for-sustainable-organic-growth/,https://justdrivemedia.com/,"Top Rank Partners — Trusted strategic partners for top-position SEO, competitive visibility and ranking growth to turn search visibility into consistent website growth — The 90-Day SERP Climb for Medical — How I Combined Link Insertions and Homepage Links to Reach Position 1 — Covering real campaign examples, technical considerations, and long-term organic growth lessons",0,0,7688,"/Internet_and_Telecom/Web_Services/Search_Engine_Optimization_and_Marketing,/Business_and_Industrial/Advertising_and_Marketing/Marketing,/Health",,,2026-08-08T08:48:53Z,0.1
toprankprovider.shop,"Scale justdrivemedia.com with high-quality backlinks, guest posts, on-page and local SEO, custom web development, SaaS tools and automation tools, earning reliable DR/DA/TF progress worldwide. Each campaign combines strategic research, safe anchor variation, editorial quality control, progress monitoring, and recommendations for the next stage. · Top Rank Provider — A professional provider of ...",https://toprankprovider.shop/f3a237508-build-unstoppable-legal-serp-dofollow-backlinks-saas-tools-traffic-playbook-real-world-action-plan-cost-timeline-and-results-for-scalable-seo-performance/,https://justdrivemedia.com/,"Top Rank Provider — A professional provider of top-position SEO, competitive visibility and ranking growth to strengthen search presence and attract relevant visitors — The ROI of PBN Backlinks for Medical — Full Financial Breakdown of Cost per Link vs Revenue Over 12 Months — Complete With hands-on strategy notes, realistic outcome expectations, and safer scaling recommendations",0,0,7678,"/Internet_and_Telecom/Web_Services/Search_Engine_Optimization_and_Marketing,/Business_and_Industrial/Advertising_and_Marketing/Marketing",,,2026-08-08T07:43:23Z,0.1
bestnz-poker-casinoslot.com,High Quality Dofollow Backlinks DA 50 PA 40 Premium PBN Network Service mightypr.com Rank First Page Google Fast SEO Link Building Buy Backlinks Online Cheap,https://bestnz-poker-casinoslot.com/all/1915/32.html,http://justdrivemedia.com/,🏆🏆Boost your Google rankings with Premium PBN & Link Building🏆🏆,1,0,3691,"/Games/Gambling/Sports_Betting,/Internet_and_Telecom/Web_Services,/Business_and_Industrial",,,2026-08-08T05:11:14Z,1.5
bestnz-poker-casinoslot.com,High Quality Dofollow Backlinks DA 50 PA 40 Premium PBN Network Service mightypr.com Rank First Page Google Fast SEO Link Building Buy Backlinks Online Cheap,https://bestnz-poker-casinoslot.com/all/1915/32.html,https://justdrivemedia.com/,🏆🏆Boost your Google rankings with Premium PBN & Link Building🏆🏆,1,0,3691,"/Games/Gambling/Sports_Betting,/Internet_and_Telecom/Web_Services,/Business_and_Industrial",,,2026-08-08T05:11:14Z,1.5
rankgrowthsolutions.shop,"Boost mightypr.com using premium guest posts, contextual backlinks, on-page and local SEO, conversion-focused web development, SaaS tools and automation tools for durable DR/DA/TF gains for every sector. Every campaign includes niche-relevance checks, diversified anchor planning, placement review, and transparent progress tracking. · Rank Growth Solutions — Complete practical solutions for ...",https://rankgrowthsolutions.shop/eb7c434e0-invisible-to-position1-ecommerce-90-day-strategy-only-guest-posts-complete-implementation-guide-tools-tactics-and-insights-for-sustainable-organic-growth/,http://justdrivemedia.com/,"Rank Growth Solutions — Complete practical solutions for organic ranking growth, keyword visibility and website authority for competitive rankings and dependable organic discovery — Page 1 Rankings for YMYL Using Only Local SEO — Is This Possible in 2025? My Real Experiment — Explaining hands-on strategy notes, transparent measurement methods, and safer scaling recommendations",0,0,7934,"/Internet_and_Telecom/Web_Services/Search_Engine_Optimization_and_Marketing,/Business_and_Industrial/Advertising_and_Marketing/Marketing",,,2026-08-08T04:57:58Z,0.1
rankgrowthsolutions.shop,"Boost mightypr.com using premium guest posts, contextual backlinks, on-page and local SEO, conversion-focused web development, SaaS tools and automation tools for durable DR/DA/TF gains for every sector. Every campaign includes niche-relevance checks, diversified anchor planning, placement review, and transparent progress tracking. · Rank Growth Solutions — Complete practical solutions for ...",https://rankgrowthsolutions.shop/eb7c434e0-invisible-to-position1-ecommerce-90-day-strategy-only-guest-posts-complete-implementation-guide-tools-tactics-and-insights-for-sustainable-organic-growth/,https://justdrivemedia.com/,"Rank Growth Solutions — Complete practical solutions for organic ranking growth, keyword visibility and website authority for competitive rankings and dependable organic discovery — Page 1 Rankings for YMYL Using Only Local SEO — Is This Possible in 2025? My Real Experiment — Explaining hands-on strategy notes, transparent measurement methods, and safer scaling recommendations",0,0,7934,"/Internet_and_Telecom/Web_Services/Search_Engine_Optimization_and_Marketing,/Business_and_Industrial/Advertising_and_Marketing/Marketing",,,2026-08-08T04:57:58Z,0.1
buytopqualitybacklinks.com,justdrivemedia.com,https://buytopqualitybacklinks.com/artheiseo/,https://justdrivemedia.com/,Directory Pages Index,0,0,9999,"/Internet_and_Telecom/Web_Services/Search_Engine_Optimization_and_Marketing,/Business_and_Industrial/Business_Services/E-Commerce_Services,/Reference",justdocprep.com justdoitsj.com,just-eat.ca just-eat.co.uk,2026-08-08T02:55:17Z,59.0
buytopqualitybacklinks.com,justdrivemedia.com,https://buytopqualitybacklinks.com/buydmxseo/,https://justdrivemedia.com/,Directory Pages Index,0,0,9999,"/Internet_and_Telecom/Web_Services/Search_Engine_Optimization_and_Marketing,/Business_and_Industrial/Advertising_and_Marketing/Marketing",justdoitsj.com justdowntheroad.com,just-eat.ca just-eat.co.uk,2026-08-08T01:02:38Z,59.0
domainrankexperts.shop,"Complete SEO for justdrivemedia.com: premium guest posts, high-quality backlinks, on-page SEO, local SEO, web development, SaaS tools and automation tools, delivering steady DR/DA/TF growth with full transparency. We also prioritize topical relevance, clean placement standards, sensible campaign pacing, and reporting that connects work to outcomes. · Domain Rank Experts — A team of experienced ...",https://domainrankexperts.shop/7740681c2-used-contextual-backlinks-doubled-organic-revenue-90-days-ecommerce-site-month-by-month-progress-measurable-results-blueprint-data-progress-and-outcomes-for-reliable-page-one-progress/,https://justdrivemedia.com/,"Domain Rank Experts — A team of experienced experts in domain authority, trust signals and search competitiveness for stronger rankings and sustainable organic visibility — How Contextual Backlinks Helped My B2B Site grew domain authority past DR 30 — The Complete Case Study With Full Data Transparency — Complete With real campaign examples, content and link-quality checks, and practical next-step recommendations",0,0,7686,"/Internet_and_Telecom/Web_Services/Search_Engine_Optimization_and_Marketing,/Business_and_Industrial/Advertising_and_Marketing/Marketing",,,2026-08-08T00:46:53Z,0.1
pageseoservice.shop,"For justdrivemedia.com, we deliver premium guest posts, contextual backlinks, on-page and local SEO, conversion-focused web development, SaaS tools and automation tools — long-term DR/DA/TF gains for any industry. We also prioritize topical relevance, clean placement standards, sensible campaign pacing, and reporting that connects work to outcomes. · Page SEO Service — Managed professional ...",https://pageseoservice.shop/8a50dac75-position80-to-industry-leading-serp-ymyl-12-month-strategy-only-dofollow-backlinks-complete-implementation-guide-planning-testing-and-tracking-for-sustainable-organic-growth/,https://justdrivemedia.com/,"Page SEO Service — Managed professional services for on-page optimization, content relevance and page-one visibility to support stronger visibility, traffic quality and authority — How to Build an Unstoppable Travel SERP Presence Using Link Insertions, High-DA Guest Posts, and Traffic — Full Playbook — Along With a complete cost and timeline breakdown, technical considerations, and future campaign planning",0,0,7702,"/Internet_and_Telecom/Web_Services/Search_Engine_Optimization_and_Marketing,/Business_and_Industrial/Advertising_and_Marketing/Marketing",,,2026-08-07T23:59:06Z,0.1
domainrankboost.shop,"Strengthen justdrivemedia.com through premium guest posts, high-quality backlinks, on-page SEO, local SEO, web development, SaaS tools and automation tools for durable DR/DA/TF gains at a sustainable pace. Every delivery follows a structured plan for content relevance, link diversity, authority checks, traffic measurement, and ongoing optimization. · Domain Rank Boost — A performance-focused ...",https://domainrankboost.shop/5d66bf6bb-18-month-automation-tools-case-study-law-firm-placements-anchors-rankings-proven-optimization-process-cost-timeline-and-results-for-long-term-search-success/,https://justdrivemedia.com/,"Domain Rank Boost — A performance-focused service for domain authority, trust signals and search competitiveness to support stronger visibility, traffic quality and authority — Best Crowd Links for Real Estate in 2026 — I Compared 7 Providers by Metrics, Delivery, and ROI — Including step-by-step optimization guidance, technical considerations, and sustainable search visibility recommendations",0,0,7702,"/Internet_and_Telecom/Web_Services/Search_Engine_Optimization_and_Marketing,/Business_and_Industrial/Advertising_and_Marketing/Marketing,/Real_Estate/Real_Estate_Services/Real_Estate_Agencies",,,2026-08-07T21:58:50Z,0.1
rankseotoolkit.shop,"Grow justdrivemedia.com with premium guest posts, contextual backlinks, on-page and local SEO, conversion-focused web development, SaaS tools and automation tools — compounding DR/DA/TF with full transparency. Every delivery follows a structured plan for content relevance, link diversity, authority checks, traffic measurement, and ongoing optimization. · Rank SEO Toolkit — Professional ...",https://rankseotoolkit.shop/d32ceb690-6-month-serp-climb-local-business-combined-link-insertions-dr-boost-services-position1-full-ranking-workflow-mistakes-risks-and-solutions-for-reliable-page-one-progress/,https://justdrivemedia.com/,"Rank SEO Toolkit — Professional resources for ranking strategy, technical optimization and authority signals for competitive rankings and dependable organic discovery — Traffic Services vs Niche Edits for Insurance — Which One Moves Rankings Faster and Holds Longer? — Supported by a complete cost and timeline breakdown, content and link-quality checks, and long-term organic growth lessons",0,0,7686,"/Internet_and_Telecom/Web_Services/Search_Engine_Optimization_and_Marketing,/Business_and_Industrial/Business_Services/Consulting",,,2026-08-07T20:54:30Z,0.1
organicranknetwork.shop,"Strengthen mightypr.com through contextual backlinks, premium guest posts, on-page SEO, local SEO, custom web development, SaaS tools plus automation tools for long-term DR/DA/TF gains built to last. The service also includes technical review, content alignment, backlink-quality screening, conversion considerations, and transparent milestone reporting. · Organic Rank Network — A connected ...",https://organicranknetwork.shop/b29c27e5b-search-visibility-blueprint-real-estate-rank-using-dr-boost-services-contextual-backlinks-proven-optimization-process-data-progress-and-outcomes-for-scalable-seo-performance/,http://justdrivemedia.com/,"Organic Rank Network — A connected professional network for organic rankings, qualified traffic and sustainable search growth to turn search visibility into consistent website growth — The 6-Month SERP Climb for YMYL — How I Combined Sidebar Links and Blogroll Links to Reach Position 1 — Plus measurable performance checkpoints, content and link-quality checks, and lasting traffic-growth insights",0,0,7948,"/Internet_and_Telecom/Web_Services/Search_Engine_Optimization_and_Marketing,/Business_and_Industrial/Advertising_and_Marketing/Marketing",,,2026-08-07T20:49:07Z,0.1
organicranknetwork.shop,"Strengthen mightypr.com through contextual backlinks, premium guest posts, on-page SEO, local SEO, custom web development, SaaS tools plus automation tools for long-term DR/DA/TF gains built to last. The service also includes technical review, content alignment, backlink-quality screening, conversion considerations, and transparent milestone reporting. · Organic Rank Network — A connected ...",https://organicranknetwork.shop/b29c27e5b-search-visibility-blueprint-real-estate-rank-using-dr-boost-services-contextual-backlinks-proven-optimization-process-data-progress-and-outcomes-for-scalable-seo-performance/,https://justdrivemedia.com/,"Organic Rank Network — A connected professional network for organic rankings, qualified traffic and sustainable search growth to turn search visibility into consistent website growth — The 6-Month SERP Climb for YMYL — How I Combined Sidebar Links and Blogroll Links to Reach Position 1 — Plus measurable performance checkpoints, content and link-quality checks, and lasting traffic-growth insights",0,0,7948,"/Internet_and_Telecom/Web_Services/Search_Engine_Optimization_and_Marketing,/Business_and_Industrial/Advertising_and_Marketing/Marketing",,,2026-08-07T20:49:07Z,0.1
siteranktoolkit.shop,"For mightypr.com, we deliver contextual backlinks, premium guest posts, on-page SEO, local SEO, custom web development, SaaS tools plus automation tools — a healthier DR/DA/TF profile with clean reporting. Every campaign includes niche-relevance checks, diversified anchor planning, placement review, and transparent progress tracking. · Site Rank Toolkit — Professional resources for site-wide ...",https://siteranktoolkit.shop/cf75abdb9-tiered-link-building-helped-law-firm-site-cleaned-toxic-links-grew-40-percent-complete-case-study-data-advanced-growth-framework-authority-traffic-and-conversions-for-higher-search-visibility/,http://justdrivemedia.com/,"Site Rank Toolkit — Professional resources for site-wide SEO, keyword visibility and organic growth for competitive rankings and dependable organic discovery — The 90-Day Niche Edits Case Study for SaaS — Placements, Anchors, Rankings Before and After — Complete With a detailed execution roadmap, provider evaluation criteria, and long-term organic growth lessons",0,0,7934,"/Internet_and_Telecom/Web_Services/Search_Engine_Optimization_and_Marketing,/Business_and_Industrial/Advertising_and_Marketing/Marketing",,,2026-08-07T19:54:57Z,0.1
siteranktoolkit.shop,"For mightypr.com, we deliver contextual backlinks, premium guest posts, on-page SEO, local SEO, custom web development, SaaS tools plus automation tools — a healthier DR/DA/TF profile with clean reporting. Every campaign includes niche-relevance checks, diversified anchor planning, placement review, and transparent progress tracking. · Site Rank Toolkit — Professional resources for site-wide ...",https://siteranktoolkit.shop/cf75abdb9-tiered-link-building-helped-law-firm-site-cleaned-toxic-links-grew-40-percent-complete-case-study-data-advanced-growth-framework-authority-traffic-and-conversions-for-higher-search-visibility/,https://justdrivemedia.com/,"Site Rank Toolkit — Professional resources for site-wide SEO, keyword visibility and organic growth for competitive rankings and dependable organic discovery — The 90-Day Niche Edits Case Study for SaaS — Placements, Anchors, Rankings Before and After — Complete With a detailed execution roadmap, provider evaluation criteria, and long-term organic growth lessons",0,0,7934,"/Internet_and_Telecom/Web_Services/Search_Engine_Optimization_and_Marketing,/Business_and_Industrial/Advertising_and_Marketing/Marketing",,,2026-08-07T19:54:57Z,0.1
pageseomasters.shop,"Rank justdrivemedia.com higher with guest posts and backlinks, on-page SEO, local SEO, web development, SaaS integrations and automation tools — a healthier DR/DA/TF profile at a sustainable pace. The complete process includes website review, competitor benchmarking, anchor-risk control, placement validation, and practical growth recommendations. · Page SEO Masters — Experienced specialists ...",https://pageseomasters.shop/b3fe0dae5-page3-to-full-recovery-dental-60-day-strategy-only-dr-boost-services-real-world-action-plan-data-progress-and-outcomes-for-reliable-page-one-progress/,https://justdrivemedia.com/,"Page SEO Masters — Experienced specialists in on-page optimization, content relevance and page-one visibility to build trust, visibility and competitive keyword positions — Scaling Authority Link Packages for YMYL Agencies — How to Manage Hundreds of Monthly Placements at Quality — Supported by a detailed execution roadmap, common mistakes to avoid, and practical next-step recommendations",0,0,7678,"/Internet_and_Telecom/Web_Services/Search_Engine_Optimization_and_Marketing,/Business_and_Industrial/Business_Services/Consulting",,,2026-08-07T19:04:40Z,0.1
acquirezy.com,Website,https://acquirezy.com/organization/just-drive-media-2394716,https://justdrivemedia.com/,"Just Drive Media — Company Profile, 2 Acquisitions & Funding",0,1,9,"/Business_and_Industrial/Advertising_and_Marketing/Marketing,/Internet_and_Telecom/Web_Services/Web_Design_and_Development,/Computers_and_Electronics/Software/Business_and_Productivity_Software",,,2026-08-07T18:36:29Z,9.0
acquirezy.com,Website,https://acquirezy.com/organization/just-drive-media-2394716,https://www.justdrivemedia.com/,"Just Drive Media — Company Profile, 2 Acquisitions & Funding",0,1,9,"/Business_and_Industrial/Advertising_and_Marketing/Marketing,/Internet_and_Telecom/Web_Services/Web_Design_and_Development,/Computers_and_Electronics/Software/Business_and_Productivity_Software",,,2026-08-07T18:36:29Z,9.0
organicrankexpress.shop,"Take justdrivemedia.com to page one with high-quality backlinks, guest posts, on-page and local SEO, custom web development, SaaS tools and automation tools — steady DR/DA/TF growth with clean reporting. Each campaign combines strategic research, safe anchor variation, editorial quality control, progress monitoring, and recommendations for the next stage. · Organic Rank Express — Fast, ...",https://organicrankexpress.shop/522fd7f72-45-day-serp-climb-real-estate-combined-high-da-guest-posts-tiered-link-building-position1-complete-implementation-guide-planning-testing-and-tracking-for-stronger-domain-authority/,https://justdrivemedia.com/,"Organic Rank Express — Fast, focused services for organic rankings, qualified traffic and sustainable search growth for practical SEO progress across competitive search results — Why Real Estate Sites That Buy Crowd Links Outrank Competitors Who Rely Only on Organic Link Building — Plus step-by-step optimization guidance, common mistakes to avoid, and durable ranking strategies",0,0,7678,"/Internet_and_Telecom/Web_Services/Search_Engine_Optimization_and_Marketing,/Business_and_Industrial/Advertising_and_Marketing/Marketing",,,2026-08-07T17:45:24Z,0.1
domainrankboost.shop,"For mightypr.com, we deliver contextual backlinks, premium guest posts, on-page SEO, local SEO, custom web development, SaaS tools plus automation tools — a noticeable DR/DA/TF rise with editorial standards. Results are supported by relevant placements, sensible link velocity, documented checks, competitor comparisons, and clear evidence of progress. · Domain Rank Boost — A ...",https://domainrankboost.shop/051b2a2d5-best-traffic-services-pharmaceutical-2026-compared-8-providers-roi-practical-execution-roadmap-mistakes-risks-and-solutions-for-scalable-seo-performance/,https://justdrivemedia.com/,"Domain Rank Boost — A performance-focused service for domain authority, trust signals and search competitiveness to support stronger visibility, traffic quality and authority — Automation Tools vs Contextual Backlinks for Local Business — Which One Moves Rankings Faster and Holds Longer? — Plus actionable ranking improvements, realistic outcome expectations, and competitive search-positioning lessons",0,0,7934,"/Internet_and_Telecom/Web_Services/Search_Engine_Optimization_and_Marketing,/Business_and_Industrial/Advertising_and_Marketing/Marketing",,,2026-08-07T16:43:18Z,0.1
domainrankboost.shop,"For mightypr.com, we deliver contextual backlinks, premium guest posts, on-page SEO, local SEO, custom web development, SaaS tools plus automation tools — a noticeable DR/DA/TF rise with editorial standards. Results are supported by relevant placements, sensible link velocity, documented checks, competitor comparisons, and clear evidence of progress. · Domain Rank Boost — A ...",https://domainrankboost.shop/051b2a2d5-best-traffic-services-pharmaceutical-2026-compared-8-providers-roi-practical-execution-roadmap-mistakes-risks-and-solutions-for-scalable-seo-performance/,http://justdrivemedia.com/,"Domain Rank Boost — A performance-focused service for domain authority, trust signals and search competitiveness to support stronger visibility, traffic quality and authority — Automation Tools vs Contextual Backlinks for Local Business — Which One Moves Rankings Faster and Holds Longer? — Plus actionable ranking improvements, realistic outcome expectations, and competitive search-positioning lessons",0,0,7934,"/Internet_and_Telecom/Web_Services/Search_Engine_Optimization_and_Marketing,/Business_and_Industrial/Advertising_and_Marketing/Marketing",,,2026-08-07T16:43:18Z,0.1
toprankauthority.shop,"Strengthen mightypr.com through guest posts, backlinks, on-page and local SEO, web development, SaaS tools and workflow automation tools for a noticeable DR/DA/TF rise with proven results. Every delivery follows a structured plan for content relevance, link diversity, authority checks, traffic measurement, and ongoing optimization. · Top Rank Authority — An authority-focused platform for ...",https://toprankauthority.shop/241bf8adc-best-sidebar-links-mortgage-2026-compared-8-providers-roi-advanced-growth-framework-quality-checks-and-reporting-for-consistent-traffic-growth/,https://justdrivemedia.com/,"Top Rank Authority — An authority-focused platform for top-position SEO, competitive visibility and ranking growth for stronger rankings and sustainable organic visibility — DR Growth Blueprint for Medical — How to Rank Using SaaS Tools and High-DA Guest Posts — Including actionable ranking improvements, quality-control requirements, and safer scaling recommendations",0,0,7947,"/Internet_and_Telecom/Web_Services/Search_Engine_Optimization_and_Marketing,/Business_and_Industrial/Advertising_and_Marketing/Marketing,/Health/Medical_Facilities_and_Services/Doctors'_Offices",,,2026-08-07T16:34:28Z,0.1
toprankauthority.shop,"Strengthen mightypr.com through guest posts, backlinks, on-page and local SEO, web development, SaaS tools and workflow automation tools for a noticeable DR/DA/TF rise with proven results. Every delivery follows a structured plan for content relevance, link diversity, authority checks, traffic measurement, and ongoing optimization. · Top Rank Authority — An authority-focused platform for ...",https://toprankauthority.shop/241bf8adc-best-sidebar-links-mortgage-2026-compared-8-providers-roi-advanced-growth-framework-quality-checks-and-reporting-for-consistent-traffic-growth/,http://justdrivemedia.com/,"Top Rank Authority — An authority-focused platform for top-position SEO, competitive visibility and ranking growth for stronger rankings and sustainable organic visibility — DR Growth Blueprint for Medical — How to Rank Using SaaS Tools and High-DA Guest Posts — Including actionable ranking improvements, quality-control requirements, and safer scaling recommendations",0,0,7947,"/Internet_and_Telecom/Web_Services/Search_Engine_Optimization_and_Marketing,/Business_and_Industrial/Advertising_and_Marketing/Marketing,/Health/Medical_Facilities_and_Services/Doctors'_Offices",,,2026-08-07T16:34:28Z,0.1
searchrankinsights.shop,"Scale mightypr.com with high-quality backlinks, guest posts, on-page and local SEO, custom web development, SaaS tools and automation tools, earning a clear DR/DA/TF lift built to last. We also prioritize topical relevance, clean placement standards, sensible campaign pacing, and reporting that connects work to outcomes. · Search Rank Insights — Research, guidance and practical insights for ...",https://searchrankinsights.shop/f8ebaf1ec-build-unstoppable-finance-serp-traffic-services-high-da-guest-posts-traffic-playbook-practical-execution-roadmap-tools-tactics-and-insights-for-stronger-domain-authority/,http://justdrivemedia.com/,"Search Rank Insights — Research, guidance and practical insights for keyword rankings, search visibility and competitive SEO performance for stronger rankings and sustainable organic visibility — How I Stacked Press Release Links With Sidebar Links for Financial Advisory — The Dual Strategy That Doubled My Ranking Speed — Covering practical implementation steps, content and link-quality checks, and future campaign planning",0,0,7934,"/Internet_and_Telecom/Web_Services/Search_Engine_Optimization_and_Marketing,/Business_and_Industrial/Advertising_and_Marketing/Marketing",,,2026-08-07T16:28:58Z,0.1
searchrankinsights.shop,"Scale mightypr.com with high-quality backlinks, guest posts, on-page and local SEO, custom web development, SaaS tools and automation tools, earning a clear DR/DA/TF lift built to last. We also prioritize topical relevance, clean placement standards, sensible campaign pacing, and reporting that connects work to outcomes. · Search Rank Insights — Research, guidance and practical insights for ...",https://searchrankinsights.shop/f8ebaf1ec-build-unstoppable-finance-serp-traffic-services-high-da-guest-posts-traffic-playbook-practical-execution-roadmap-tools-tactics-and-insights-for-stronger-domain-authority/,https://justdrivemedia.com/,"Search Rank Insights — Research, guidance and practical insights for keyword rankings, search visibility and competitive SEO performance for stronger rankings and sustainable organic visibility — How I Stacked Press Release Links With Sidebar Links for Financial Advisory — The Dual Strategy That Doubled My Ranking Speed — Covering practical implementation steps, content and link-quality checks, and future campaign planning",0,0,7934,"/Internet_and_Telecom/Web_Services/Search_Engine_Optimization_and_Marketing,/Business_and_Industrial/Advertising_and_Marketing/Marketing",,,2026-08-07T16:28:58Z,0.1
rankgrowthservice.shop,"Grow mightypr.com with contextual backlinks, premium guest posts, on-page SEO, local SEO, custom web development, SaaS tools plus automation tools — DR/DA/TF that climbs steadily in any language. Each project is supported by careful prospect selection, manual quality checks, balanced link velocity, and measurable ranking analysis. · Rank Growth Service — Managed professional services for ...",https://rankgrowthservice.shop/c2c02d32e-120-day-serp-climb-fintech-combined-link-insertions-authority-link-packages-position1-real-world-action-plan-tools-tactics-and-insights-for-long-term-search-success/,https://justdrivemedia.com/,"Rank Growth Service — Managed professional services for organic ranking growth, keyword visibility and website authority for practical SEO progress across competitive search results — How Many Editorial Links Does a Real Estate Website Need to Rank on Page 1? Data From 50 Campaigns Analyzed — Covering step-by-step optimization guidance, common mistakes to avoid, and repeatable SEO takeaways",0,0,7947,"/Internet_and_Telecom/Web_Services/Search_Engine_Optimization_and_Marketing,/Business_and_Industrial/Advertising_and_Marketing/Marketing",,,2026-08-07T14:50:06Z,0.1
rankgrowthservice.shop,"Grow mightypr.com with contextual backlinks, premium guest posts, on-page SEO, local SEO, custom web development, SaaS tools plus automation tools — DR/DA/TF that climbs steadily in any language. Each project is supported by careful prospect selection, manual quality checks, balanced link velocity, and measurable ranking analysis. · Rank Growth Service — Managed professional services for ...",https://rankgrowthservice.shop/c2c02d32e-120-day-serp-climb-fintech-combined-link-insertions-authority-link-packages-position1-real-world-action-plan-tools-tactics-and-insights-for-long-term-search-success/,http://justdrivemedia.com/,"Rank Growth Service — Managed professional services for organic ranking growth, keyword visibility and website authority for practical SEO progress across competitive search results — How Many Editorial Links Does a Real Estate Website Need to Rank on Page 1? Data From 50 Campaigns Analyzed — Covering step-by-step optimization guidance, common mistakes to avoid, and repeatable SEO takeaways",0,0,7947,"/Internet_and_Telecom/Web_Services/Search_Engine_Optimization_and_Marketing,/Business_and_Industrial/Advertising_and_Marketing/Marketing",,,2026-08-07T14:50:06Z,0.1
pageseoservice.shop,"Strengthen mightypr.com through high-quality backlinks, guest posts, on-page and local SEO, custom web development, SaaS tools and automation tools for a noticeable DR/DA/TF rise in competitive markets. The plan remains focused on natural relevance, credible sources, balanced optimization, measurable search gains, and sustainable long-term execution. · Page SEO Service — Managed professional ...",https://pageseoservice.shop/7e5022573-bought-automation-tools-insurance-site-45-day-review-metrics-rankings-traffic-full-ranking-workflow-budget-links-and-content-for-lasting-ranking-improvements/,http://justdrivemedia.com/,"Page SEO Service — Managed professional services for on-page optimization, content relevance and page-one visibility to support stronger visibility, traffic quality and authority — Authority Building Blueprint for B2B — How to Rank Using Crowd Links and Link Insertions — Featuring measurable performance checkpoints, important risk checks, and future campaign planning",0,0,7951,"/Internet_and_Telecom/Web_Services/Search_Engine_Optimization_and_Marketing,/Business_and_Industrial/Advertising_and_Marketing/Marketing",,,2026-08-07T12:20:17Z,0.1
pageseoservice.shop,"Strengthen mightypr.com through high-quality backlinks, guest posts, on-page and local SEO, custom web development, SaaS tools and automation tools for a noticeable DR/DA/TF rise in competitive markets. The plan remains focused on natural relevance, credible sources, balanced optimization, measurable search gains, and sustainable long-term execution. · Page SEO Service — Managed professional ...",https://pageseoservice.shop/7e5022573-bought-automation-tools-insurance-site-45-day-review-metrics-rankings-traffic-full-ranking-workflow-budget-links-and-content-for-lasting-ranking-improvements/,https://justdrivemedia.com/,"Page SEO Service — Managed professional services for on-page optimization, content relevance and page-one visibility to support stronger visibility, traffic quality and authority — Authority Building Blueprint for B2B — How to Rank Using Crowd Links and Link Insertions — Featuring measurable performance checkpoints, important risk checks, and future campaign planning",0,0,7951,"/Internet_and_Telecom/Web_Services/Search_Engine_Optimization_and_Marketing,/Business_and_Industrial/Advertising_and_Marketing/Marketing",,,2026-08-07T12:20:17Z,0.1
pageseomasters.shop,"Everything mightypr.com needs: premium guest posts, contextual backlinks, on-page and local SEO, conversion-focused web development, SaaS tools and automation tools — a measurable DR/DA/TF boost with full transparency. Every campaign includes niche-relevance checks, diversified anchor planning, placement review, and transparent progress tracking. · Page SEO Masters — Experienced specialists ...",https://pageseomasters.shop/a7cc32781-12-month-serp-climb-medical-combined-traffic-services-link-insertions-position1-full-ranking-workflow-data-progress-and-outcomes-for-lasting-ranking-improvements/,http://justdrivemedia.com/,"Page SEO Masters — Experienced specialists in on-page optimization, content relevance and page-one visibility to build trust, visibility and competitive keyword positions — I Bought Press Release Links for My Mortgage Site — Full 60-Day Review of Metrics, Rankings, and Traffic Impact — Including practical implementation steps, budget allocation guidance, and stronger authority-building decisions",0,0,7951,"/Internet_and_Telecom/Web_Services/Search_Engine_Optimization_and_Marketing,/Business_and_Industrial/Business_Services/Consulting,/Real_Estate/Real_Estate_Services",,,2026-08-07T11:47:27Z,0.1
pageseomasters.shop,"Everything mightypr.com needs: premium guest posts, contextual backlinks, on-page and local SEO, conversion-focused web development, SaaS tools and automation tools — a measurable DR/DA/TF boost with full transparency. Every campaign includes niche-relevance checks, diversified anchor planning, placement review, and transparent progress tracking. · Page SEO Masters — Experienced specialists ...",https://pageseomasters.shop/a7cc32781-12-month-serp-climb-medical-combined-traffic-services-link-insertions-position1-full-ranking-workflow-data-progress-and-outcomes-for-lasting-ranking-improvements/,https://justdrivemedia.com/,"Page SEO Masters — Experienced specialists in on-page optimization, content relevance and page-one visibility to build trust, visibility and competitive keyword positions — I Bought Press Release Links for My Mortgage Site — Full 60-Day Review of Metrics, Rankings, and Traffic Impact — Including practical implementation steps, budget allocation guidance, and stronger authority-building decisions",0,0,7951,"/Internet_and_Telecom/Web_Services/Search_Engine_Optimization_and_Marketing,/Business_and_Industrial/Business_Services/Consulting,/Real_Estate/Real_Estate_Services",,,2026-08-07T11:47:27Z,0.1
rankseotoolkit.shop,"Complete SEO for mightypr.com: high-quality backlinks, guest posts, on-page and local SEO, custom web development, SaaS tools and automation tools, delivering long-term DR/DA/TF gains with full transparency. Campaign quality is protected through manual review, realistic pacing, diversified sources, accurate reporting, and continuous performance checks. · Rank SEO Toolkit — Professional ...",https://rankseotoolkit.shop/ae33bf4be-ranking-recovery-blueprint-healthcare-rank-using-niche-edits-traffic-services-practical-execution-roadmap-planning-testing-and-tracking-for-sustainable-organic-growth/,https://justdrivemedia.com/,"Rank SEO Toolkit — Professional resources for ranking strategy, technical optimization and authority signals for competitive rankings and dependable organic discovery — How Sidebar Links grew domain authority past DR 30 for My Finance Money Site — Every Dollar Spent, Every Ranking Gained, Tracked — Along With practical implementation steps, quality-control requirements, and stronger authority-building decisions",0,0,7934,"/Internet_and_Telecom/Web_Services/Search_Engine_Optimization_and_Marketing,/Business_and_Industrial/Advertising_and_Marketing/Marketing",,,2026-08-07T11:40:07Z,0.1
rankseotoolkit.shop,"Complete SEO for mightypr.com: high-quality backlinks, guest posts, on-page and local SEO, custom web development, SaaS tools and automation tools, delivering long-term DR/DA/TF gains with full transparency. Campaign quality is protected through manual review, realistic pacing, diversified sources, accurate reporting, and continuous performance checks. · Rank SEO Toolkit — Professional ...",https://rankseotoolkit.shop/ae33bf4be-ranking-recovery-blueprint-healthcare-rank-using-niche-edits-traffic-services-practical-execution-roadmap-planning-testing-and-tracking-for-sustainable-organic-growth/,http://justdrivemedia.com/,"Rank SEO Toolkit — Professional resources for ranking strategy, technical optimization and authority signals for competitive rankings and dependable organic discovery — How Sidebar Links grew domain authority past DR 30 for My Finance Money Site — Every Dollar Spent, Every Ranking Gained, Tracked — Along With practical implementation steps, quality-control requirements, and stronger authority-building decisions",0,0,7934,"/Internet_and_Telecom/Web_Services/Search_Engine_Optimization_and_Marketing,/Business_and_Industrial/Advertising_and_Marketing/Marketing",,,2026-08-07T11:40:07Z,0.1
organicrankexpress.shop,"Complete SEO for mightypr.com: premium guest posts, high-quality backlinks, on-page SEO, local SEO, web development, SaaS tools and automation tools, delivering DR/DA/TF gains that hold for local or global targets. Every delivery follows a structured plan for content relevance, link diversity, authority checks, traffic measurement, and ongoing optimization. · Organic Rank Express — Fast, ...",https://organicrankexpress.shop/429bdd195-build-unstoppable-ecommerce-serp-guest-posts-traffic-services-traffic-playbook-measurable-results-blueprint-mistakes-risks-and-solutions-for-stronger-domain-authority/,http://justdrivemedia.com/,"Organic Rank Express — Fast, focused services for organic rankings, qualified traffic and sustainable search growth for practical SEO progress across competitive search results — My 45-Day On-Page SEO Journey for Healthcare — From DR 2 to Page-One Authority Using a Strategic SEO Service Stack — Including clear planning and execution details, budget allocation guidance, and lasting traffic-growth insights",0,0,7951,"/Internet_and_Telecom/Web_Services/Search_Engine_Optimization_and_Marketing,/Business_and_Industrial/Advertising_and_Marketing/Marketing",,,2026-08-07T10:43:26Z,0.1
organicrankexpress.shop,"Complete SEO for mightypr.com: premium guest posts, high-quality backlinks, on-page SEO, local SEO, web development, SaaS tools and automation tools, delivering DR/DA/TF gains that hold for local or global targets. Every delivery follows a structured plan for content relevance, link diversity, authority checks, traffic measurement, and ongoing optimization. · Organic Rank Express — Fast, ...",https://organicrankexpress.shop/429bdd195-build-unstoppable-ecommerce-serp-guest-posts-traffic-services-traffic-playbook-measurable-results-blueprint-mistakes-risks-and-solutions-for-stronger-domain-authority/,https://justdrivemedia.com/,"Organic Rank Express — Fast, focused services for organic rankings, qualified traffic and sustainable search growth for practical SEO progress across competitive search results — My 45-Day On-Page SEO Journey for Healthcare — From DR 2 to Page-One Authority Using a Strategic SEO Service Stack — Including clear planning and execution details, budget allocation guidance, and lasting traffic-growth insights",0,0,7951,"/Internet_and_Telecom/Web_Services/Search_Engine_Optimization_and_Marketing,/Business_and_Industrial/Advertising_and_Marketing/Marketing",,,2026-08-07T10:43:26Z,0.1
subdomainfinder.c99.nl,www.pay.justdrivemedia.com,https://subdomainfinder.c99.nl/scans/2026-07-31/justdrivemedia.com,https://www.pay.justdrivemedia.com/,Subdomain Finder scan of justdrivemedia.com - C99.nl,1,0,4,,,,2026-08-06T21:43:14Z,49.0
subdomainfinder.c99.nl,pay.justdrivemedia.com,https://subdomainfinder.c99.nl/scans/2026-07-31/justdrivemedia.com,https://pay.justdrivemedia.com/,Subdomain Finder scan of justdrivemedia.com - C99.nl,1,0,4,,,,2026-08-06T21:43:14Z,49.0
subdomainfinder.c99.nl,www.justdrivemedia.com,https://subdomainfinder.c99.nl/scans/2026-07-31/justdrivemedia.com,https://justdrivemedia.com/,Subdomain Finder scan of justdrivemedia.com - C99.nl,1,0,4,,,,2026-08-06T21:43:14Z,49.0
subdomainfinder.c99.nl,www.justdrivemedia.com,https://subdomainfinder.c99.nl/scans/2026-07-31/justdrivemedia.com,https://www.justdrivemedia.com/,Subdomain Finder scan of justdrivemedia.com - C99.nl,1,0,4,,,,2026-08-06T21:43:14Z,49.0
quotesblom.com,High Quality Dofollow Backlinks DA 50 PA 40 Premium PBN Network Service mightypr.com Rank First Page Google Fast SEO Link Building Buy Backlinks Online Cheap,https://quotesblom.com/all/1915/32.html,https://justdrivemedia.com/,🏆🏆Boost your Google rankings with Premium PBN & Link Building🏆🏆,1,0,3691,/Internet_and_Telecom/Web_Services/Search_Engine_Optimization_and_Marketing,,,2026-08-06T21:27:06Z,3.5
quotesblom.com,High Quality Dofollow Backlinks DA 50 PA 40 Premium PBN Network Service mightypr.com Rank First Page Google Fast SEO Link Building Buy Backlinks Online Cheap,https://quotesblom.com/all/1915/32.html,http://justdrivemedia.com/,🏆🏆Boost your Google rankings with Premium PBN & Link Building🏆🏆,1,0,3691,/Internet_and_Telecom/Web_Services/Search_Engine_Optimization_and_Marketing,,,2026-08-06T21:27:06Z,3.5
mightypr.com,,https://mightypr.com/client-news/,http://justdrivemedia.com/,,1,0,1,,,,2026-08-06T05:44:43Z,11.0
seogrowthresults.shop,"Scale justdrivemedia.com with high-quality backlinks, guest posts, on-page and local SEO, custom web development, SaaS tools and automation tools, earning DR/DA/TF that climbs steadily with proven results. The service also includes technical review, content alignment, backlink-quality screening, conversion considerations, and transparent milestone reporting. · SEO Growth Results — A ...",https://seogrowthresults.shop/b66505445-dofollow-backlinks-helped-legal-site-took-every-keyword-page1-complete-case-study-data-full-ranking-workflow-quality-checks-and-reporting-for-consistent-traffic-growth/,https://justdrivemedia.com/,"SEO Growth Results — A results-focused platform for sustainable SEO growth, content visibility and qualified organic traffic to improve website trust and sustainable search performance — How High-DA Guest Posts Helped My Crypto Site cleaned toxic links and grew traffic 40% — The Complete Case Study With Full Data Transparency — Including measurable performance checkpoints, technical considerations, and long-term organic growth lessons",0,0,7677,/Internet_and_Telecom/Web_Services/Search_Engine_Optimization_and_Marketing,,,2026-08-06T03:56:18Z,35.0
seogrowthresults.shop,"Take mightypr.com to page one with contextual backlinks, premium guest posts, on-page SEO, local SEO, custom web development, SaaS tools plus automation tools — DR/DA/TF that climbs steadily for every sector. The plan remains focused on natural relevance, credible sources, balanced optimization, measurable search gains, and sustainable long-term execution. · SEO Growth Results — A ...",https://seogrowthresults.shop/77817919d-homepage-links-took-every-keyword-page1-medical-money-site-every-dollar-ranking-tracked-long-term-seo-method-data-progress-and-outcomes-for-sustainable-organic-growth/,http://justdrivemedia.com/,"SEO Growth Results — A results-focused platform for sustainable SEO growth, content visibility and qualified organic traffic to improve website trust and sustainable search performance — I Bought Press Release Links for My Dental Site — Full 45-Day Review of Metrics, Rankings, and Traffic Impact — Breaking Down hands-on strategy notes, provider evaluation criteria, and long-term organic growth lessons",0,0,7935,/Internet_and_Telecom/Web_Services/Search_Engine_Optimization_and_Marketing,,,2026-08-05T20:17:35Z,35.0
seogrowthresults.shop,"Take mightypr.com to page one with contextual backlinks, premium guest posts, on-page SEO, local SEO, custom web development, SaaS tools plus automation tools — DR/DA/TF that climbs steadily for every sector. The plan remains focused on natural relevance, credible sources, balanced optimization, measurable search gains, and sustainable long-term execution. · SEO Growth Results — A ...",https://seogrowthresults.shop/77817919d-homepage-links-took-every-keyword-page1-medical-money-site-every-dollar-ranking-tracked-long-term-seo-method-data-progress-and-outcomes-for-sustainable-organic-growth/,https://justdrivemedia.com/,"SEO Growth Results — A results-focused platform for sustainable SEO growth, content visibility and qualified organic traffic to improve website trust and sustainable search performance — I Bought Press Release Links for My Dental Site — Full 45-Day Review of Metrics, Rankings, and Traffic Impact — Breaking Down hands-on strategy notes, provider evaluation criteria, and long-term organic growth lessons",0,0,7935,/Internet_and_Telecom/Web_Services/Search_Engine_Optimization_and_Marketing,,,2026-08-05T20:17:35Z,35.0
quotesblom.com,High Quality Dofollow Backlinks DA 50 PA 40 Premium PBN Network Service justdrivemedia.com Rank First Page Google Fast SEO Link Building Buy Backlinks Online Cheap,https://quotesblom.com/all/1563/25.html,https://justdrivemedia.com/,🏆🏆Boost your Google rankings with Premium PBN & Link Building🏆🏆,1,0,3586,/Internet_and_Telecom/Web_Services/Search_Engine_Optimization_and_Marketing,,,2026-08-05T15:34:38Z,3.5
quickseolinks.com,http://www.justdrivemedia.com,https://quickseolinks.com/bpbeatseo/,https://www.justdrivemedia.com/,Directory Pages Index,0,0,9999,/Internet_and_Telecom/Web_Services/Search_Engine_Optimization_and_Marketing,http://www.justdoitsj.com http://www.justdraftinginc.com,http://www.justducks.co.uk http://www.just-dynamics.co.za,2026-08-05T08:30:48Z,60.0
ultimate-backlink-solution.com,justdrivemedia,https://ultimate-backlink-solution.com/website-list-1253/,https://justdrivemedia.com/,Directory Pages Index,1,0,7030,/Internet_and_Telecom/Web_Services/Search_Engine_Optimization_and_Marketing,craymer friendsmatchme,palmdaze oi926,2026-08-04T11:11:57Z,59.0
powerful-link-velocity-and-tier-one-exchange.store,"I remember when justdrivemedia.com was barely getting noticed online, with less than 200 visitors a month. After stumbling upon SEOExpress.org and their affordable SEO packages, things changed dramatically. Within three months, my traffic surged to over 3,500 monthly visitors and I found myself ranking for 20 new keywords. If you're looking for a budget-friendly option that delivers real results, ...",https://powerful-link-velocity-and-tier-one-exchange.store/there-was-a-time-when-i-struggled-to-rank-on-google-and-didnt-know-how-to-improve-it-thats-when-i-discovered-seoexpress-after-signing-up-for-their-backlink-services-my-domain-authority-soared-from-da,https://justdrivemedia.com/,"There Was a Time When I Struggled to Rank on Google and Didn’t Know How to Improve It. That’s When I Discovered SEOExpress.org! After Signing Up for Their Backlink Services, My Domain Authority Soared from DA 10 to DA 45 Within Three Months. Now I'm Receiving More Than Five Hundred Organic Visits Per Week! What an Incredible Journey ★★★★★ 🌟 — Powerful Link Velocity And Tier One Exchange",0,0,4993,"/Internet_and_Telecom/Web_Services/Search_Engine_Optimization_and_Marketing,/Business_and_Industrial/Business_Services/Consulting",,,2026-08-04T08:13:30Z,48.0
ultimate-backlink-solution.com,mightypr,https://ultimate-backlink-solution.com/website-list-936/,https://justdrivemedia.com/,Directory Pages Index,1,0,7050,/Internet_and_Telecom/Web_Services/Search_Engine_Optimization_and_Marketing,support hopestreetprov,redlara yerbaprima,2026-08-04T07:33:39Z,59.0
ultimate-backlink-solution.com,mightypr,https://ultimate-backlink-solution.com/website-list-936/,http://justdrivemedia.com/,Directory Pages Index,1,0,7050,/Internet_and_Telecom/Web_Services/Search_Engine_Optimization_and_Marketing,support hopestreetprov,redlara yerbaprima,2026-08-04T07:33:39Z,59.0
wecelebrities.com,High Quality Dofollow Backlinks DA 50 PA 40 Premium PBN Network Service mightypr.com Rank First Page Google Fast SEO Link Building Buy Backlinks Online Cheap,http://wecelebrities.com/all/1915/32.html,http://justdrivemedia.com/,🏆🏆Boost your Google rankings with Premium PBN & Link Building🏆🏆,1,0,3692,/Internet_and_Telecom/Web_Services/Search_Engine_Optimization_and_Marketing,,,2026-08-04T06:35:31Z,6.0
wecelebrities.com,High Quality Dofollow Backlinks DA 50 PA 40 Premium PBN Network Service mightypr.com Rank First Page Google Fast SEO Link Building Buy Backlinks Online Cheap,http://wecelebrities.com/all/1915/32.html,https://justdrivemedia.com/,🏆🏆Boost your Google rankings with Premium PBN & Link Building🏆🏆,1,0,3692,/Internet_and_Telecom/Web_Services/Search_Engine_Optimization_and_Marketing,,,2026-08-04T06:35:31Z,6.0
proven-consortium-for-ranking-signal-and-keyword-rank.store,"I remember when justdrivemedia.com was barely getting noticed online, with less than 200 visitors a month. After stumbling upon SEOExpress.org and their affordable SEO packages, things changed dramatically. Within three months, my traffic surged to over 3,500 monthly visitors and I found myself ranking for 20 new keywords. If you're looking for a budget-friendly option that delivers real results, ...",https://proven-consortium-for-ranking-signal-and-keyword-rank.store/there-was-a-time-when-i-struggled-to-rank-on-google-and-didnt-know-how-to-improve-it-thats-when-i-discovered-seoexpress-after-signing-up-for-their-backlink-services-my-domain-authority-soared-from-da,https://justdrivemedia.com/,"There Was a Time When I Struggled to Rank on Google and Didn’t Know How to Improve It. That’s When I Discovered SEOExpress.org! After Signing Up for Their Backlink Services, My Domain Authority Soared from DA 10 to DA 45 Within Three Months. Now I'm Receiving More Than Five Hundred Organic Visits Per Week! What an Incredible Journey ★★★★★ 🌟 — Proven Consortium For Ranking Signal And Keyword Rank",0,0,4993,"/Internet_and_Telecom/Web_Services/Search_Engine_Optimization_and_Marketing,/Business_and_Industrial/Advertising_and_Marketing/Marketing",,,2026-08-03T20:24:44Z,48.0
definitive-team-link-baron-wiki.store,"I remember when justdrivemedia.com was barely getting noticed online, with less than 200 visitors a month. After stumbling upon SEOExpress.org and their affordable SEO packages, things changed dramatically. Within three months, my traffic surged to over 3,500 monthly visitors and I found myself ranking for 20 new keywords. If you're looking for a budget-friendly option that delivers real results, ...",https://definitive-team-link-baron-wiki.store/there-was-a-time-when-i-struggled-to-rank-on-google-and-didnt-know-how-to-improve-it-thats-when-i-discovered-seoexpress-after-signing-up-for-their-backlink-services-my-domain-authority-soared-from-da,https://justdrivemedia.com/,"There Was a Time When I Struggled to Rank on Google and Didn’t Know How to Improve It. That’s When I Discovered SEOExpress.org! After Signing Up for Their Backlink Services, My Domain Authority Soared from DA 10 to DA 45 Within Three Months. Now I'm Receiving More Than Five Hundred Organic Visits Per Week! What an Incredible Journey ★★★★★ 🌟 — Definitive Team Link Baron Wiki",0,0,7998,"/Internet_and_Telecom/Web_Services/Search_Engine_Optimization_and_Marketing,/Business_and_Industrial/Business_Services/Consulting",,,2026-08-03T16:30:26Z,48.0
wecelebrities.com,High Quality Dofollow Backlinks DA 50 PA 40 Premium PBN Network Service justdrivemedia.com Rank First Page Google Fast SEO Link Building Buy Backlinks Online Cheap,http://wecelebrities.com/all/1563/25.html,https://justdrivemedia.com/,🏆🏆Boost your Google rankings with Premium PBN & Link Building🏆🏆,1,0,3588,/Internet_and_Telecom/Web_Services/Search_Engine_Optimization_and_Marketing,,,2026-08-03T04:50:38Z,6.0
best-value-seo-service.com,mightypr,https://best-value-seo-service.com/website-list-936/,https://justdrivemedia.com/,Directory Pages Index,1,0,7049,/Internet_and_Telecom/Web_Services/Search_Engine_Optimization_and_Marketing,support hopestreetprov,redlara yerbaprima,2026-08-03T03:12:08Z,59.0
best-value-seo-service.com,mightypr,https://best-value-seo-service.com/website-list-936/,http://justdrivemedia.com/,Directory Pages Index,1,0,7049,/Internet_and_Telecom/Web_Services/Search_Engine_Optimization_and_Marketing,support hopestreetprov,redlara yerbaprima,2026-08-03T03:12:08Z,59.0
best-value-seo-service.com,justdrivemedia,https://best-value-seo-service.com/website-list-1253/,https://justdrivemedia.com/,Directory Pages Index,1,0,7051,/Internet_and_Telecom/Web_Services/Search_Engine_Optimization_and_Marketing,craymer friendsmatchme,palmdaze oi926,2026-08-02T23:48:42Z,59.0
rankbox.shop,"For mightypr.com, we deliver high-DR backlinks, editorial guest posts, on-page SEO, local SEO, web development, SaaS tools and automation tools — higher DR/DA/TF across the board for new or established sites.",https://rankbox.shop/v5savps-build-unstoppable-law-firm-serp-contextual-backlinks-traffic-services-traffic-playbook/,http://justdrivemedia.com/,rankbox.shop — The Economics of Ranking Your Mortgage Website — Do High-DA Guest Posts Cost Less Than the Revenue They Generate?,0,0,6106,"/Internet_and_Telecom/Web_Services/Search_Engine_Optimization_and_Marketing,/Business_and_Industrial,/Finance",,,2026-08-02T22:33:36Z,0.7
rankbox.shop,"For mightypr.com, we deliver high-DR backlinks, editorial guest posts, on-page SEO, local SEO, web development, SaaS tools and automation tools — higher DR/DA/TF across the board for new or established sites.",https://rankbox.shop/v5savps-build-unstoppable-law-firm-serp-contextual-backlinks-traffic-services-traffic-playbook/,https://justdrivemedia.com/,rankbox.shop — The Economics of Ranking Your Mortgage Website — Do High-DA Guest Posts Cost Less Than the Revenue They Generate?,0,0,6106,"/Internet_and_Telecom/Web_Services/Search_Engine_Optimization_and_Marketing,/Business_and_Industrial,/Finance",,,2026-08-02T22:33:36Z,0.7
urgent-seo-ranking-help.com,mightypr,https://urgent-seo-ranking-help.com/website-list-936/,https://justdrivemedia.com/,Directory Pages Index,1,0,7051,/Internet_and_Telecom/Web_Services/Search_Engine_Optimization_and_Marketing,support hopestreetprov,redlara yerbaprima,2026-08-02T18:25:47Z,60.0
urgent-seo-ranking-help.com,mightypr,https://urgent-seo-ranking-help.com/website-list-936/,http://justdrivemedia.com/,Directory Pages Index,1,0,7051,/Internet_and_Telecom/Web_Services/Search_Engine_Optimization_and_Marketing,support hopestreetprov,redlara yerbaprima,2026-08-02T18:25:47Z,60.0
buy-backlinks-ranking-power.com,mightypr,https://buy-backlinks-ranking-power.com/website-list-936/,http://justdrivemedia.com/,Directory Pages Index,1,0,7051,/Internet_and_Telecom/Web_Services/Search_Engine_Optimization_and_Marketing,support hopestreetprov,redlara yerbaprima,2026-08-02T13:12:08Z,59.0
buy-backlinks-ranking-power.com,mightypr,https://buy-backlinks-ranking-power.com/website-list-936/,https://justdrivemedia.com/,Directory Pages Index,1,0,7051,/Internet_and_Telecom/Web_Services/Search_Engine_Optimization_and_Marketing,support hopestreetprov,redlara yerbaprima,2026-08-02T13:12:08Z,59.0
rankpicks.shop,"Power up justdrivemedia.com: high-DR backlinks, editorial guest posts, on-page SEO, local SEO, web development, SaaS tools and automation tools for reliable DR/DA/TF progress at a sustainable pace.",https://rankpicks.shop/luk98rf-high-da-guest-posts-helped-real-estate-site-recovered-lost-traffic-fully-complete-case-study-data/,https://justdrivemedia.com/,"rankpicks.shop — The 30-Day High-DA Guest Posts Case Study for SaaS — Placements, Anchors, Rankings Before and After",0,0,5922,"/Internet_and_Telecom/Web_Services/Search_Engine_Optimization_and_Marketing,/Business_and_Industrial/Advertising_and_Marketing/Marketing",,,2026-08-02T10:07:34Z,0.7
rankpicks.shop,"For mightypr.com, we deliver high-DR backlinks, editorial guest posts, on-page SEO, local SEO, web development, SaaS tools and automation tools — higher DR/DA/TF across the board for new or established sites.",https://rankpicks.shop/v5savps-build-unstoppable-law-firm-serp-contextual-backlinks-traffic-services-traffic-playbook/,https://justdrivemedia.com/,rankpicks.shop — The Economics of Ranking Your Mortgage Website — Do High-DA Guest Posts Cost Less Than the Revenue They Generate?,0,0,6108,"/Internet_and_Telecom/Web_Services/Search_Engine_Optimization_and_Marketing,/Finance/Credit_and_Lending/Loans,/Business_and_Industrial,/Real_Estate/Real_Estate_Services/Real_Estate_Agencies",,,2026-08-02T08:49:52Z,0.7
rankpicks.shop,"For mightypr.com, we deliver high-DR backlinks, editorial guest posts, on-page SEO, local SEO, web development, SaaS tools and automation tools — higher DR/DA/TF across the board for new or established sites.",https://rankpicks.shop/v5savps-build-unstoppable-law-firm-serp-contextual-backlinks-traffic-services-traffic-playbook/,http://justdrivemedia.com/,rankpicks.shop — The Economics of Ranking Your Mortgage Website — Do High-DA Guest Posts Cost Less Than the Revenue They Generate?,0,0,6108,"/Internet_and_Telecom/Web_Services/Search_Engine_Optimization_and_Marketing,/Finance/Credit_and_Lending/Loans,/Business_and_Industrial,/Real_Estate/Real_Estate_Services/Real_Estate_Agencies",,,2026-08-02T08:49:52Z,0.7
rankgrowthagency.shop,"Take mightypr.com to page one with premium guest posts, high-quality backlinks, on-page SEO, local SEO, web development, SaaS tools and automation tools — rising DR/DA/TF scores with editorial standards. The plan remains focused on natural relevance, credible sources, balanced optimization, measurable search gains, and sustainable long-term execution. · Rank Growth Agency — A specialist ...",https://rankgrowthagency.shop/3719dab8a-traffic-recovery-blueprint-dental-rank-using-dofollow-backlinks-tiered-link-building-complete-implementation-guide-research-execution-and-analysis-for-long-term-search-success/,https://justdrivemedia.com/,"Rank Growth Agency — A specialist digital agency for organic ranking growth, keyword visibility and website authority to strengthen search presence and attract relevant visitors — How Automation Tools Helped My Legal Site grew domain authority past DR 30 — The Complete Case Study With Full Data Transparency — Featuring tested workflow recommendations, reporting and tracking methods, and practical next-step recommendations",0,0,7932,"/Internet_and_Telecom/Web_Services/Search_Engine_Optimization_and_Marketing,/Business_and_Industrial/Advertising_and_Marketing/Marketing,/Computers_and_Electronics",,,2026-08-02T07:50:55Z,0.1
rankgrowthagency.shop,"Take mightypr.com to page one with premium guest posts, high-quality backlinks, on-page SEO, local SEO, web development, SaaS tools and automation tools — rising DR/DA/TF scores with editorial standards. The plan remains focused on natural relevance, credible sources, balanced optimization, measurable search gains, and sustainable long-term execution. · Rank Growth Agency — A specialist ...",https://rankgrowthagency.shop/3719dab8a-traffic-recovery-blueprint-dental-rank-using-dofollow-backlinks-tiered-link-building-complete-implementation-guide-research-execution-and-analysis-for-long-term-search-success/,http://justdrivemedia.com/,"Rank Growth Agency — A specialist digital agency for organic ranking growth, keyword visibility and website authority to strengthen search presence and attract relevant visitors — How Automation Tools Helped My Legal Site grew domain authority past DR 30 — The Complete Case Study With Full Data Transparency — Featuring tested workflow recommendations, reporting and tracking methods, and practical next-step recommendations",0,0,7932,"/Internet_and_Telecom/Web_Services/Search_Engine_Optimization_and_Marketing,/Business_and_Industrial/Advertising_and_Marketing/Marketing,/Computers_and_Electronics",,,2026-08-02T07:50:55Z,0.1
traffic-surge-ranking-signal-and-crawl-budget-partners.store,"I remember when justdrivemedia.com was barely getting noticed online, with less than 200 visitors a month. After stumbling upon SEOExpress.org and their affordable SEO packages, things changed dramatically. Within three months, my traffic surged to over 3,500 monthly visitors and I found myself ranking for 20 new keywords. If you're looking for a budget-friendly option that delivers real results, ...",https://traffic-surge-ranking-signal-and-crawl-budget-partners.store/there-was-a-time-when-i-struggled-to-rank-on-google-and-didnt-know-how-to-improve-it-thats-when-i-discovered-seoexpress-after-signing-up-for-their-backlink-services-my-domain-authority-soared-from-da,https://justdrivemedia.com/,"There Was a Time When I Struggled to Rank on Google and Didn’t Know How to Improve It. That’s When I Discovered SEOExpress.org! After Signing Up for Their Backlink Services, My Domain Authority Soared from DA 10 to DA 45 Within Three Months. Now I'm Receiving More Than Five Hundred Organic Visits Per Week! What an Incredible Journey ★★★★★ 🌟 — Traffic Surge Ranking Signal And Crawl Budget Partners",0,0,4993,"/Internet_and_Telecom/Web_Services/Search_Engine_Optimization_and_Marketing,/Business_and_Industrial/Advertising_and_Marketing/Marketing",,,2026-08-02T05:38:18Z,48.0
quero.party,mightypr.com,https://quero.party/report/30524,http://justdrivemedia.com/,👲 Domain Report 👲,0,1,4186,"/Internet_and_Telecom/Web_Services/Web_Stats_and_Analytics,/Business_and_Industrial/Business_Services,/Computers_and_Electronics",click this over here now,&nbsp,2026-08-01T21:54:45Z,45.0
quero.party,mightypr.com,https://quero.party/report/30524,https://justdrivemedia.com/,👲 Domain Report 👲,0,1,4186,"/Internet_and_Telecom/Web_Services/Web_Stats_and_Analytics,/Business_and_Industrial/Business_Services,/Computers_and_Electronics",click this over here now,&nbsp,2026-08-01T21:54:45Z,45.0
buyseolinks.site,justdrivemedia.com,https://buyseolinks.site/jose-cuervo-the-spirit-of-tequila-and-mexican-tradition/,https://justdrivemedia.com/,Jose Cuervo – The Spirit of Tequila and Mexican Tradition – buyseolinks.site,0,1,3949,"/Food_and_Drink/Beverages/Alcoholic_Beverages,/Business_and_Industrial",justdoitsj.com justdowntheroad.com,just-eat.ca just-eat.co.uk,2026-08-01T14:04:33Z,2.6
buyseolinks.site,justdrivemedia.com,https://buyseolinks.site/kendra-spade-a-brief-biography/,https://justdrivemedia.com/,Kendra Spade: A Brief Biography – buyseolinks.site,0,1,3806,"/Adult,/Arts_and_Entertainment/Celebrities_and_Entertainment_News",justdocprep.com justdoitsj.com,just-eat.ca just-eat.co.uk,2026-08-01T13:05:01Z,2.6
buyseolinks.site,mightypr.com,https://buyseolinks.site/tourmaline-the-gem-of-many-colors-and-mystical-energy/,http://justdrivemedia.com/,Tourmaline: The Gem of Many Colors and Mystical Energy – buyseolinks.site,0,1,3839,"/Science/Earth_Sciences/Geology,/People_and_Society/Religion_and_Belief,/Reference/Humanities,/Health/Alternative_and_Natural_Medicine/Cleansing_and_Detoxification,/Shopping/Antiques_and_Collectibles",mightypilates.com mightyplay.com,mightyquinnsbbq.com mightyrabbitstudios.com,2026-08-01T12:21:35Z,2.6
buyseolinks.site,mightypr.com,https://buyseolinks.site/tourmaline-the-gem-of-many-colors-and-mystical-energy/,https://justdrivemedia.com/,Tourmaline: The Gem of Many Colors and Mystical Energy – buyseolinks.site,0,1,3839,"/Science/Earth_Sciences/Geology,/People_and_Society/Religion_and_Belief,/Reference/Humanities,/Health/Alternative_and_Natural_Medicine/Cleansing_and_Detoxification,/Shopping/Antiques_and_Collectibles",mightypilates.com mightyplay.com,mightyquinnsbbq.com mightyrabbitstudios.com,2026-08-01T12:21:35Z,2.6
buyseolinks.site,mightypr.com,https://buyseolinks.site/bellator-mma-a-premier-stage-for-mixed-martial-arts/,https://justdrivemedia.com/,Bellator MMA: A Premier Stage for Mixed Martial Arts – buyseolinks.site,0,1,3781,/Sports/Combat_Sports/Martial_Arts,mightyoakmedical.com mightypilates.com,mightyquinnsbbq.com mightyrabbitstudios.com,2026-08-01T12:04:58Z,2.6
buyseolinks.site,mightypr.com,https://buyseolinks.site/bellator-mma-a-premier-stage-for-mixed-martial-arts/,http://justdrivemedia.com/,Bellator MMA: A Premier Stage for Mixed Martial Arts – buyseolinks.site,0,1,3781,/Sports/Combat_Sports/Martial_Arts,mightyoakmedical.com mightypilates.com,mightyquinnsbbq.com mightyrabbitstudios.com,2026-08-01T12:04:58Z,2.6
buyseolinks.site,mightypr,https://buyseolinks.site/vumoo-the-digital-era-of-online-entertainment/,https://justdrivemedia.com/,Vumoo – The Digital Era of Online Entertainment – buyseolinks.site,0,1,3470,"/Arts_and_Entertainment/TV_and_Video/Online_Video,/Internet_and_Telecom/Service_Providers/Cable_and_Satellite_Providers,/Computers_and_Electronics/Consumer_Electronics/Media_Streaming_Devices,/Online_Communities",support hopestreetprov,redlara yerbaprima,2026-08-01T11:13:18Z,2.6
buyseolinks.site,mightypr,https://buyseolinks.site/vumoo-the-digital-era-of-online-entertainment/,http://justdrivemedia.com/,Vumoo – The Digital Era of Online Entertainment – buyseolinks.site,0,1,3470,"/Arts_and_Entertainment/TV_and_Video/Online_Video,/Internet_and_Telecom/Service_Providers/Cable_and_Satellite_Providers,/Computers_and_Electronics/Consumer_Electronics/Media_Streaming_Devices,/Online_Communities",support hopestreetprov,redlara yerbaprima,2026-08-01T11:13:18Z,2.6
buyseolinks.site,justdrivemedia.com,https://buyseolinks.site/canvas-kisd-la-plataforma-digital-de-aprendizaje-de-katy-isd/,https://justdrivemedia.com/,Canvas KISD: La Plataforma Digital de Aprendizaje de Katy ISD – buyseolinks.site,0,1,3749,"/Jobs_and_Education/Education/Primary_and_Secondary_Schooling_(K-12),/Reference/General_Reference/Educational_Resources,/Computers_and_Electronics/Software/Educational_Software",justdontsendflowers.com justdoproperty.com,just-eat.ca just-eat.co.uk,2026-08-01T10:29:07Z,2.6
rankmall.shop,"Power up justdrivemedia.com: high-DR backlinks, editorial guest posts, on-page SEO, local SEO, web development, SaaS tools and automation tools for reliable DR/DA/TF progress at a sustainable pace.",https://rankmall.shop/luk98rf-high-da-guest-posts-helped-real-estate-site-recovered-lost-traffic-fully-complete-case-study-data/,https://justdrivemedia.com/,"rankmall.shop — The 30-Day High-DA Guest Posts Case Study for SaaS — Placements, Anchors, Rankings Before and After",0,0,5931,"/Internet_and_Telecom/Web_Services/Search_Engine_Optimization_and_Marketing,/Business_and_Industrial/Advertising_and_Marketing/Marketing",,,2026-08-01T08:02:05Z,0.7
searchrankexperts.shop,"Power up justdrivemedia.com: guest posts, backlinks, on-page and local SEO, web development, SaaS tools and workflow automation tools for DR/DA/TF gains that hold for any industry. Campaign quality is protected through manual review, realistic pacing, diversified sources, accurate reporting, and continuous performance checks. · Search Rank Experts — A team of experienced experts in keyword ...",https://searchrankexperts.shop/ad56a87ab-niche-edits-helped-medical-site-page5-to-page1-complete-case-study-data-full-ranking-workflow-budget-links-and-content-for-long-term-search-success/,https://justdrivemedia.com/,"Search Rank Experts — A team of experienced experts in keyword rankings, search visibility and competitive SEO performance for reliable rankings, stronger authority and organic reach — How I Stacked Automation Tools With Contextual Backlinks for Law Firm — The Dual Strategy That Doubled My Ranking Speed — Complete With clear planning and execution details, reporting and tracking methods, and safer scaling recommendations",0,0,7698,"/Internet_and_Telecom/Web_Services/Search_Engine_Optimization_and_Marketing,/Business_and_Industrial/Advertising_and_Marketing/Marketing",,,2026-07-31T20:47:03Z,0.1
www.nerdwatch.com,http://www.justdrivemedia.com/blog-boss/,https://www.nerdwatch.com/2013/09/been-a-bit-too-busy-to-blog/comment-page-1/,https://justdrivemedia.com/blog-boss/,Been a bit too busy to blog… – Nerdwatch!,0,0,15,"/Online_Communities/Blogging_Resources_and_Services,/Hobbies_and_Leisure/Crafts/Fiber_and_Textile_Arts,/Internet_and_Telecom",discusses how to blog like a boss. Check it out:,,2026-07-31T17:20:30Z,11.0
www.nerdwatch.com,http://www.justdrivemedia.com/blog-boss/,https://www.nerdwatch.com/2013/09/been-a-bit-too-busy-to-blog/comment-page-1/,https://justdrivemedia.com/blog-boss,Been a bit too busy to blog… – Nerdwatch!,0,0,15,"/Online_Communities/Blogging_Resources_and_Services,/Hobbies_and_Leisure/Crafts/Fiber_and_Textile_Arts,/Internet_and_Telecom",discusses how to blog like a boss. Check it out:,,2026-07-31T17:20:30Z,11.0
premium-studio-for-white-hat-and-index-rate.store,"I remember when justdrivemedia.com was barely getting noticed online, with less than 200 visitors a month. After stumbling upon SEOExpress.org and their affordable SEO packages, things changed dramatically. Within three months, my traffic surged to over 3,500 monthly visitors and I found myself ranking for 20 new keywords. If you're looking for a budget-friendly option that delivers real results, ...",https://premium-studio-for-white-hat-and-index-rate.store/there-was-a-time-when-i-struggled-to-rank-on-google-and-didnt-know-how-to-improve-it-thats-when-i-discovered-seoexpress-after-signing-up-for-their-backlink-services-my-domain-authority-soared-from-da,https://justdrivemedia.com/,"There Was a Time When I Struggled to Rank on Google and Didn’t Know How to Improve It. That’s When I Discovered SEOExpress.org! After Signing Up for Their Backlink Services, My Domain Authority Soared from DA 10 to DA 45 Within Three Months. Now I'm Receiving More Than Five Hundred Organic Visits Per Week! What an Incredible Journey ★★★★★ 🌟 — Premium Studio For White Hat And Index Rate",0,0,4993,/Internet_and_Telecom/Web_Services/Search_Engine_Optimization_and_Marketing,,,2026-07-31T14:43:36Z,48.0
buyfairbacklinks.com,justdrivemedia.com,https://buyfairbacklinks.com/artheiseo/,https://justdrivemedia.com/,Directory Pages Index,0,0,9999,"/Internet_and_Telecom/Search_Engines,/Business_and_Industrial/Business_Services/Consulting",justdocprep.com justdoitsj.com,just-eat.ca just-eat.co.uk,2026-07-31T14:41:04Z,59.0
searchrankexperts.shop,"mightypr.com: guest posts and backlinks, on-page SEO, local SEO, web development, SaaS integrations and automation tools, all driving compounding DR/DA/TF in competitive markets. The strategy also covers competitor research, natural anchor distribution, quality verification, and clear monthly performance reporting. · Search Rank Experts — A team of experienced experts in keyword rankings, ...",https://searchrankexperts.shop/73b8b94dd-complete-press-release-links-guide-saas-what-when-track-roi-measurable-results-blueprint-research-execution-and-analysis-for-stronger-domain-authority/,https://justdrivemedia.com/,"Search Rank Experts — A team of experienced experts in keyword rankings, search visibility and competitive SEO performance for reliable rankings, stronger authority and organic reach — How Homepage Links Compares to Guest Posts for Legal — Cost, Speed, Quality, and Final Ranking Outcomes — Along With tested workflow recommendations, budget allocation guidance, and competitive search-positioning lessons",0,0,7942,"/Internet_and_Telecom/Web_Services/Search_Engine_Optimization_and_Marketing,/Business_and_Industrial/Advertising_and_Marketing/Marketing",,,2026-07-31T13:25:41Z,0.1
searchrankexperts.shop,"mightypr.com: guest posts and backlinks, on-page SEO, local SEO, web development, SaaS integrations and automation tools, all driving compounding DR/DA/TF in competitive markets. The strategy also covers competitor research, natural anchor distribution, quality verification, and clear monthly performance reporting. · Search Rank Experts — A team of experienced experts in keyword rankings, ...",https://searchrankexperts.shop/73b8b94dd-complete-press-release-links-guide-saas-what-when-track-roi-measurable-results-blueprint-research-execution-and-analysis-for-stronger-domain-authority/,http://justdrivemedia.com/,"Search Rank Experts — A team of experienced experts in keyword rankings, search visibility and competitive SEO performance for reliable rankings, stronger authority and organic reach — How Homepage Links Compares to Guest Posts for Legal — Cost, Speed, Quality, and Final Ranking Outcomes — Along With tested workflow recommendations, budget allocation guidance, and competitive search-positioning lessons",0,0,7942,"/Internet_and_Telecom/Web_Services/Search_Engine_Optimization_and_Marketing,/Business_and_Industrial/Advertising_and_Marketing/Marketing",,,2026-07-31T13:25:41Z,0.1
superbqualitybacklinks.com,http://www.justdrivemedia.com,https://superbqualitybacklinks.com/bpbeatseo/,https://www.justdrivemedia.com/,Directory Pages Index,0,0,9999,"/Internet_and_Telecom/Search_Engines,/Business_and_Industrial/Business_Services/Consulting",http://www.justdoitsj.com http://www.justdraftinginc.com,http://www.justducks.co.uk http://www.just-dynamics.co.za,2026-07-31T11:20:28Z,60.0
linkloot.shop,"Power up mightypr.com: backlinks and guest posts, on-page SEO, local SEO, custom web development, SaaS integrations and automation tools for durable DR/DA/TF gains with editorial standards.",https://linkloot.shop/esxiqbd-authority-building-blueprint-pharmaceutical-rank-using-dofollow-backlinks-tiered-link-building/,http://justdrivemedia.com/,"linkloot.shop — The 12-Month Niche Edits Case Study for B2B — Placements, Anchors, Rankings Before and After",0,0,9767,"/Internet_and_Telecom/Web_Services/Search_Engine_Optimization_and_Marketing,/Business_and_Industrial/Advertising_and_Marketing/Marketing",,,2026-07-31T11:12:58Z,0.7
linkloot.shop,"Power up mightypr.com: backlinks and guest posts, on-page SEO, local SEO, custom web development, SaaS integrations and automation tools for durable DR/DA/TF gains with editorial standards.",https://linkloot.shop/esxiqbd-authority-building-blueprint-pharmaceutical-rank-using-dofollow-backlinks-tiered-link-building/,https://justdrivemedia.com/,"linkloot.shop — The 12-Month Niche Edits Case Study for B2B — Placements, Anchors, Rankings Before and After",0,0,9767,"/Internet_and_Telecom/Web_Services/Search_Engine_Optimization_and_Marketing,/Business_and_Industrial/Advertising_and_Marketing/Marketing",,,2026-07-31T11:12:58Z,0.7
bestrankbacklinks.com,justdrivemedia.com,https://bestrankbacklinks.com/artheiseo/,https://justdrivemedia.com/,Directory Pages Index,0,0,9999,"/Internet_and_Telecom/Search_Engines,/Business_and_Industrial/Business_Services/Consulting",justdocprep.com justdoitsj.com,just-eat.ca just-eat.co.uk,2026-07-31T03:57:24Z,59.0
siterankexpress.shop,"Grow justdrivemedia.com with premium guest posts, high-quality backlinks, on-page SEO, local SEO, web development, SaaS tools and automation tools — a measurable DR/DA/TF boost worldwide. Every delivery follows a structured plan for content relevance, link diversity, authority checks, traffic measurement, and ongoing optimization. · Site Rank Express — Fast, focused services for site-wide ...",https://siterankexpress.shop/e44da6c6f-18-month-serp-climb-finance-combined-niche-edits-dofollow-backlinks-position1-long-term-seo-method-cost-timeline-and-results-for-long-term-search-success/,https://justdrivemedia.com/,"Site Rank Express — Fast, focused services for site-wide SEO, keyword visibility and organic growth for competitive rankings and dependable organic discovery — The Complete On-Page SEO Guide for eCommerce — What to Buy, When to Buy It, and How to Track the ROI — Plus measurable performance checkpoints, common mistakes to avoid, and sustainable search visibility recommendations",0,0,7678,"/Internet_and_Telecom/Web_Services/Search_Engine_Optimization_and_Marketing,/Business_and_Industrial/Advertising_and_Marketing/Marketing",,,2026-07-31T02:16:08Z,0.1
backlinkshop.site,"Strengthen mightypr.com through premium guest posts, contextual backlinks, on-page and local SEO, conversion-focused web development, SaaS tools and automation tools for a strong DR/DA/TF increase for new or established sites.",https://backlinkshop.site/9qe60rb-zero-rankings-to-top5-every-keyword-medical-45-day-strategy-only-contextual-backlinks/,http://justdrivemedia.com/,"backlinkshop.site — The 90-Day Contextual Backlinks Case Study for Dental — Placements, Anchors, Rankings Before and After",0,0,3695,"/Internet_and_Telecom/Web_Services/Search_Engine_Optimization_and_Marketing,/Business_and_Industrial/Advertising_and_Marketing/Marketing",,,2026-07-30T23:05:47Z,49.0
backlinkshop.site,"Strengthen mightypr.com through premium guest posts, contextual backlinks, on-page and local SEO, conversion-focused web development, SaaS tools and automation tools for a strong DR/DA/TF increase for new or established sites.",https://backlinkshop.site/9qe60rb-zero-rankings-to-top5-every-keyword-medical-45-day-strategy-only-contextual-backlinks/,https://justdrivemedia.com/,"backlinkshop.site — The 90-Day Contextual Backlinks Case Study for Dental — Placements, Anchors, Rankings Before and After",0,0,3695,"/Internet_and_Telecom/Web_Services/Search_Engine_Optimization_and_Marketing,/Business_and_Industrial/Advertising_and_Marketing/Marketing",,,2026-07-30T23:05:47Z,49.0
bestseobacklinkforsite.com,justdrivemedia.com,https://bestseobacklinkforsite.com/artheiseo/,https://justdrivemedia.com/,Directory Pages Index,0,0,9999,"/Internet_and_Telecom/Search_Engines,/Business_and_Industrial/Business_Services/Consulting",justdocprep.com justdoitsj.com,just-eat.ca just-eat.co.uk,2026-07-30T22:04:25Z,59.0
bestsitesbacklinks.com,justdrivemedia.com,https://bestsitesbacklinks.com/buydmxseo/,https://justdrivemedia.com/,Directory Pages Index,0,0,9999,"/Internet_and_Telecom/Search_Engines,/Business_and_Industrial/Business_Services/Consulting",justdoitsj.com justdowntheroad.com,just-eat.ca just-eat.co.uk,2026-07-30T15:47:48Z,60.0
crawl-budget-organic-traffic-and-contextual-link-central.store,"I remember when justdrivemedia.com was barely getting noticed online, with less than 200 visitors a month. After stumbling upon SEOExpress.org and their affordable SEO packages, things changed dramatically. Within three months, my traffic surged to over 3,500 monthly visitors and I found myself ranking for 20 new keywords. If you're looking for a budget-friendly option that delivers real results, ...",https://crawl-budget-organic-traffic-and-contextual-link-central.store/there-was-a-time-when-i-struggled-to-rank-on-google-and-didnt-know-how-to-improve-it-thats-when-i-discovered-seoexpress-after-signing-up-for-their-backlink-services-my-domain-authority-soared-from-da,https://justdrivemedia.com/,"There Was a Time When I Struggled to Rank on Google and Didn’t Know How to Improve It. That’s When I Discovered SEOExpress.org! After Signing Up for Their Backlink Services, My Domain Authority Soared from DA 10 to DA 45 Within Three Months. Now I'm Receiving More Than Five Hundred Organic Visits Per Week! What an Incredible Journey ★★★★★ 🌟 — Crawl Budget Organic Traffic And Contextual Link Central",0,0,4993,"/Internet_and_Telecom/Web_Services/Search_Engine_Optimization_and_Marketing,/Business_and_Industrial",,,2026-07-30T15:20:02Z,48.0
bestsitesbacklinks.com,justdrivemedia,https://bestsitesbacklinks.com/hotonnseo/,https://justdrivemedia.com/,Directory Pages Index,0,0,9999,"/Internet_and_Telecom/Search_Engines,/Business_and_Industrial/Business_Services/Consulting,/Reference/Directories_and_Listings/Business_and_Personal_Listings",craymer friendsmatchme,palmdaze oi926,2026-07-30T13:15:43Z,60.0
vettted.com,cited Reddit 450% more often,https://vettted.com/reddit-mentions-monitoring-tools/,https://justdrivemedia.com/blog/reddit-marketing-is-redefining-brand-trust,5 Best Reddit Mentions Monitoring Tools for SEO Teams - Vettted,1,1,12,"/Internet_and_Telecom/Web_Services/Search_Engine_Optimization_and_Marketing,/Business_and_Industrial/Advertising_and_Marketing/Marketing,/Computers_and_Electronics/Software/Internet_Software","SEO visibility domain between 2023 and 2024. Second, Google’s AI Overviews",between March and June 2025. A negative thread ranking on,2026-07-30T06:25:05Z,31.0
expert-partners-for-niche-edit-and-authority-link.store,"I remember when justdrivemedia.com was barely getting noticed online, with less than 200 visitors a month. After stumbling upon SEOExpress.org and their affordable SEO packages, things changed dramatically. Within three months, my traffic surged to over 3,500 monthly visitors and I found myself ranking for 20 new keywords. If you're looking for a budget-friendly option that delivers real results, ...",https://expert-partners-for-niche-edit-and-authority-link.store/there-was-a-time-when-i-struggled-to-rank-on-google-and-didnt-know-how-to-improve-it-thats-when-i-discovered-seoexpress-after-signing-up-for-their-backlink-services-my-domain-authority-soared-from-da,https://justdrivemedia.com/,"There Was a Time When I Struggled to Rank on Google and Didn’t Know How to Improve It. That’s When I Discovered SEOExpress.org! After Signing Up for Their Backlink Services, My Domain Authority Soared from DA 10 to DA 45 Within Three Months. Now I'm Receiving More Than Five Hundred Organic Visits Per Week! What an Incredible Journey ★★★★★ 🌟 — Expert Partners For Niche Edit And Authority Link",0,0,4993,"/Internet_and_Telecom/Web_Services/Search_Engine_Optimization_and_Marketing,/Business_and_Industrial/Advertising_and_Marketing/Marketing",,,2026-07-29T22:01:51Z,48.0
increasewebtrafficwithlinks.com,justdrivemedia.com,https://increasewebtrafficwithlinks.com/betfmmseo/,https://justdrivemedia.com/,Directory Pages Index,0,0,9999,"/Internet_and_Telecom/Search_Engines,/Business_and_Industrial/Business_Services/Consulting",justdontsendflowers.com justdoproperty.com,just-eat.ca just-eat.co.uk,2026-07-29T21:57:30Z,60.0
bestrankbacklinks.com,justdrivemedia.com,https://bestrankbacklinks.com/buydmxseo/,https://justdrivemedia.com/,Directory Pages Index,0,0,9999,"/Internet_and_Telecom/Search_Engines,/Business_and_Industrial/Business_Services/Consulting",justdoitsj.com justdowntheroad.com,just-eat.ca just-eat.co.uk,2026-07-29T20:51:53Z,59.0
bestsitesbacklinks.com,justdrivemedia.com,https://bestsitesbacklinks.com/artheiseo/,https://justdrivemedia.com/,Directory Pages Index,0,0,9999,"/Internet_and_Telecom/Search_Engines,/Business_and_Industrial/Business_Services/Consulting",justdocprep.com justdoitsj.com,just-eat.ca just-eat.co.uk,2026-07-29T19:16:36Z,60.0
siterankexpress.shop,"Power up mightypr.com: guest posts, backlinks, on-page and local SEO, web development, SaaS tools and workflow automation tools for a clear DR/DA/TF lift built to last. The service also includes technical review, content alignment, backlink-quality screening, conversion considerations, and transparent milestone reporting. · Site Rank Express — Fast, focused services for site-wide SEO, keyword ...",https://siterankexpress.shop/a3ec6802c-saas-tools-vs-traffic-services-ecommerce-cost-speed-quality-ranking-outcomes-detailed-campaign-breakdown-mistakes-risks-and-solutions-for-scalable-seo-performance/,https://justdrivemedia.com/,"Site Rank Express — Fast, focused services for site-wide SEO, keyword visibility and organic growth for competitive rankings and dependable organic discovery — Tiered Link Building vs Traffic Services for Local Business — Which One Moves Rankings Faster and Holds Longer? — Plus hands-on strategy notes, common mistakes to avoid, and future campaign planning",0,0,7927,"/Internet_and_Telecom/Web_Services/Search_Engine_Optimization_and_Marketing,/Business_and_Industrial/Advertising_and_Marketing/Marketing",,,2026-07-29T18:57:30Z,0.1
siterankexpress.shop,"Power up mightypr.com: guest posts, backlinks, on-page and local SEO, web development, SaaS tools and workflow automation tools for a clear DR/DA/TF lift built to last. The service also includes technical review, content alignment, backlink-quality screening, conversion considerations, and transparent milestone reporting. · Site Rank Express — Fast, focused services for site-wide SEO, keyword ...",https://siterankexpress.shop/a3ec6802c-saas-tools-vs-traffic-services-ecommerce-cost-speed-quality-ranking-outcomes-detailed-campaign-breakdown-mistakes-risks-and-solutions-for-scalable-seo-performance/,http://justdrivemedia.com/,"Site Rank Express — Fast, focused services for site-wide SEO, keyword visibility and organic growth for competitive rankings and dependable organic discovery — Tiered Link Building vs Traffic Services for Local Business — Which One Moves Rankings Faster and Holds Longer? — Plus hands-on strategy notes, common mistakes to avoid, and future campaign planning",0,0,7927,"/Internet_and_Telecom/Web_Services/Search_Engine_Optimization_and_Marketing,/Business_and_Industrial/Advertising_and_Marketing/Marketing",,,2026-07-29T18:57:30Z,0.1
rarebacklinks.com,justdrivemedia,https://rarebacklinks.com/hotonnseo/,https://justdrivemedia.com/,Directory Pages Index,0,0,9999,"/Internet_and_Telecom/Search_Engines,/Business_and_Industrial/Business_Services/Consulting,/Reference/Directories_and_Listings/Business_and_Personal_Listings",craymer friendsmatchme,palmdaze oi926,2026-07-29T18:04:29Z,60.0
bestseobacklinkforsite.com,justdrivemedia,https://bestseobacklinkforsite.com/hotonnseo/,https://justdrivemedia.com/,Directory Pages Index,0,0,9999,"/Internet_and_Telecom/Search_Engines,/Business_and_Industrial/Business_Services/Consulting,/Reference/Directories_and_Listings/Business_and_Personal_Listings",craymer friendsmatchme,palmdaze oi926,2026-07-29T17:42:57Z,59.0
buyfairbacklinks.com,http://www.justdrivemedia.com,https://buyfairbacklinks.com/bpbeatseo/,https://www.justdrivemedia.com/,Directory Pages Index,0,0,9999,"/Internet_and_Telecom/Search_Engines,/Business_and_Industrial/Business_Services/Consulting",http://www.justdoitsj.com http://www.justdraftinginc.com,http://www.justducks.co.uk http://www.just-dynamics.co.za,2026-07-29T16:25:24Z,59.0
oppalerts.com,https://justdrivemedia.com/blog/the-unique-challenges-and-opportunities-of-b2b-influencer-marketing,https://oppalerts.com/AI-Search-Visibility/influencer-marketing-platforms-for-brands/content-queries-experts/,https://justdrivemedia.com/blog/the-unique-challenges-and-opportunities-of-b2b-influencer-marketing,"Influencer Marketing Platforms for Brands, Research: Experts for AI Search Visibility & Ranking Factors | OppAlerts.com",0,1,1001,/Business_and_Industrial/Advertising_and_Marketing/Marketing,,,2026-07-29T15:07:30Z,33.0
trafficboosterlinkseo.com,justdrivemedia.com,https://trafficboosterlinkseo.com/artheiseo/,https://justdrivemedia.com/,Directory Pages Index,0,0,9999,"/Internet_and_Telecom/Search_Engines,/Business_and_Industrial/Business_Services/Consulting",justdocprep.com justdoitsj.com,just-eat.ca just-eat.co.uk,2026-07-29T12:33:36Z,60.0
superbqualitybacklinks.com,justdrivemedia.com,https://superbqualitybacklinks.com/betfmmseo/,https://justdrivemedia.com/,Directory Pages Index,0,0,9999,"/Internet_and_Telecom/Search_Engines,/Business_and_Industrial/Business_Services/Consulting",justdontsendflowers.com justdoproperty.com,just-eat.ca just-eat.co.uk,2026-07-29T09:57:39Z,60.0
bestrankbacklinks.com,justdrivemedia.com,https://bestrankbacklinks.com/betfmmseo/,https://justdrivemedia.com/,Directory Pages Index,0,0,9999,"/Internet_and_Telecom/Search_Engines,/Business_and_Industrial/Business_Services/Consulting",justdontsendflowers.com justdoproperty.com,just-eat.ca just-eat.co.uk,2026-07-29T09:04:44Z,59.0
buyfairbacklinks.com,justdrivemedia.com,https://buyfairbacklinks.com/buydmxseo/,https://justdrivemedia.com/,Directory Pages Index,0,0,9999,"/Internet_and_Telecom/Search_Engines,/Business_and_Industrial/Business_Services/Consulting",justdoitsj.com justdowntheroad.com,just-eat.ca just-eat.co.uk,2026-07-29T08:42:20Z,59.0
searchrankcentral.shop,"For justdrivemedia.com, we deliver guest posts and backlinks, on-page SEO, local SEO, web development, SaaS integrations and automation tools — stronger DR, DA and TF in competitive markets. The plan remains focused on natural relevance, credible sources, balanced optimization, measurable search gains, and sustainable long-term execution. · Search Rank Central — A central strategy and ...",https://searchrankcentral.shop/b6df190f1-stacked-authority-link-packages-high-da-guest-posts-crypto-dual-strategy-doubled-ranking-speed-step-by-step-strategy-planning-testing-and-tracking-for-sustainable-organic-growth/,https://justdrivemedia.com/,"Search Rank Central — A central strategy and resource hub for keyword rankings, search visibility and competitive SEO performance for practical SEO progress across competitive search results — How I Stacked SaaS Tools With DR Boost Services for Dental — The Dual Strategy That Doubled My Ranking Speed — Complete With a detailed execution roadmap, realistic outcome expectations, and lasting traffic-growth insights",0,0,7683,"/Internet_and_Telecom/Search_Engines/Other,/Business_and_Industrial/Advertising_and_Marketing/Marketing",,,2026-07-29T08:03:53Z,0.1
buyfairbacklinks.com,justdrivemedia,https://buyfairbacklinks.com/hotonnseo/,https://justdrivemedia.com/,Directory Pages Index,0,0,9999,"/Internet_and_Telecom/Search_Engines,/Business_and_Industrial/Business_Services/Consulting,/Reference/Directories_and_Listings/Business_and_Personal_Listings",craymer friendsmatchme,palmdaze oi926,2026-07-29T02:45:32Z,59.0
oppalerts.com,https://justdrivemedia.com/blog/the-unique-challenges-and-opportunities-of-b2b-influencer-marketing,https://oppalerts.com/AI-Search-Visibility/influencer-marketing-platforms-for-brands/content-queries-guides-best-practices/,https://justdrivemedia.com/blog/the-unique-challenges-and-opportunities-of-b2b-influencer-marketing,"Influencer Marketing Platforms for Brands, Research: Guides, Best Practices for AI Search Visibility & Ranking Factors | OppAlerts.com",0,1,4802,"/Business_and_Industrial/Advertising_and_Marketing/Marketing,/Internet_and_Telecom/Web_Services/Search_Engine_Optimization_and_Marketing",,,2026-07-28T22:32:11Z,33.0
seoboostresults.shop,"mightypr.com: premium guest posts, high-quality backlinks, on-page SEO, local SEO, web development, SaaS tools and automation tools, all driving higher DR/DA/TF across the board for local or global targets. The complete process includes website review, competitor benchmarking, anchor-risk control, placement validation, and practical growth recommendations. · SEO Boost Results — A ...",https://seoboostresults.shop/39db57868-page1-rankings-fintech-only-homepage-links-possible-2026-real-experiment-advanced-growth-framework-data-progress-and-outcomes-for-higher-search-visibility/,https://justdrivemedia.com/,"SEO Boost Results — A results-focused platform for SEO acceleration, visibility improvements and authority growth for competitive rankings and dependable organic discovery — I Bought Contextual Backlinks for My Legal Site — Full 90-Day Review of Metrics, Rankings, and Traffic Impact — Complete With practical implementation steps, reporting and tracking methods, and competitive search-positioning lessons",0,0,7930,"/Internet_and_Telecom/Web_Services/Search_Engine_Optimization_and_Marketing,/Business_and_Industrial",,,2026-07-28T21:25:21Z,0.1
seoboostresults.shop,"mightypr.com: premium guest posts, high-quality backlinks, on-page SEO, local SEO, web development, SaaS tools and automation tools, all driving higher DR/DA/TF across the board for local or global targets. The complete process includes website review, competitor benchmarking, anchor-risk control, placement validation, and practical growth recommendations. · SEO Boost Results — A ...",https://seoboostresults.shop/39db57868-page1-rankings-fintech-only-homepage-links-possible-2026-real-experiment-advanced-growth-framework-data-progress-and-outcomes-for-higher-search-visibility/,http://justdrivemedia.com/,"SEO Boost Results — A results-focused platform for SEO acceleration, visibility improvements and authority growth for competitive rankings and dependable organic discovery — I Bought Contextual Backlinks for My Legal Site — Full 90-Day Review of Metrics, Rankings, and Traffic Impact — Complete With practical implementation steps, reporting and tracking methods, and competitive search-positioning lessons",0,0,7930,"/Internet_and_Telecom/Web_Services/Search_Engine_Optimization_and_Marketing,/Business_and_Industrial",,,2026-07-28T21:25:21Z,0.1
searchrankcentral.shop,"Strengthen mightypr.com through high-DR backlinks, editorial guest posts, on-page SEO, local SEO, web development, SaaS tools and automation tools for durable DR/DA/TF gains for new or established sites. Every campaign includes niche-relevance checks, diversified anchor planning, placement review, and transparent progress tracking. · Search Rank Central — A central strategy and resource hub for ...",https://searchrankcentral.shop/5e40700ee-invisible-to-10x-traffic-medical-6-month-strategy-only-local-seo-real-world-action-plan-mistakes-risks-and-solutions-for-scalable-seo-performance/,http://justdrivemedia.com/,"Search Rank Central — A central strategy and resource hub for keyword rankings, search visibility and competitive SEO performance for practical SEO progress across competitive search results — Crowd Links vs Editorial Links for Local Business — Which One Moves Rankings Faster and Holds Longer? — Supported by a complete cost and timeline breakdown, common mistakes to avoid, and competitive search-positioning lessons",0,0,7940,"/Internet_and_Telecom/Web_Services/Search_Engine_Optimization_and_Marketing,/Business_and_Industrial/Advertising_and_Marketing/Marketing",,,2026-07-28T18:28:16Z,0.1
searchrankcentral.shop,"Strengthen mightypr.com through high-DR backlinks, editorial guest posts, on-page SEO, local SEO, web development, SaaS tools and automation tools for durable DR/DA/TF gains for new or established sites. Every campaign includes niche-relevance checks, diversified anchor planning, placement review, and transparent progress tracking. · Search Rank Central — A central strategy and resource hub for ...",https://searchrankcentral.shop/5e40700ee-invisible-to-10x-traffic-medical-6-month-strategy-only-local-seo-real-world-action-plan-mistakes-risks-and-solutions-for-scalable-seo-performance/,https://justdrivemedia.com/,"Search Rank Central — A central strategy and resource hub for keyword rankings, search visibility and competitive SEO performance for practical SEO progress across competitive search results — Crowd Links vs Editorial Links for Local Business — Which One Moves Rankings Faster and Holds Longer? — Supported by a complete cost and timeline breakdown, common mistakes to avoid, and competitive search-positioning lessons",0,0,7940,"/Internet_and_Telecom/Web_Services/Search_Engine_Optimization_and_Marketing,/Business_and_Industrial/Advertising_and_Marketing/Marketing",,,2026-07-28T18:28:16Z,0.1
seogrowthprovider.shop,"Grow justdrivemedia.com with backlinks and guest posts, on-page SEO, local SEO, custom web development, SaaS integrations and automation tools — a healthier DR/DA/TF profile for every sector. Each project is supported by careful prospect selection, manual quality checks, balanced link velocity, and measurable ranking analysis. · SEO Growth Provider — A professional provider of sustainable SEO ...",https://seogrowthprovider.shop/d9f2517e8-build-unstoppable-ymyl-serp-homepage-links-tiered-link-building-traffic-playbook-long-term-seo-method-examples-metrics-and-lessons-for-competitive-serp-results/,https://justdrivemedia.com/,"SEO Growth Provider — A professional provider of sustainable SEO growth, content visibility and qualified organic traffic for competitive rankings and dependable organic discovery — Organic Growth Blueprint for SaaS — How to Rank Using Automation Tools and Blogroll Links — Featuring hands-on strategy notes, content and link-quality checks, and practical next-step recommendations",0,0,7677,"/Internet_and_Telecom/Web_Services/Search_Engine_Optimization_and_Marketing,/Business_and_Industrial/Advertising_and_Marketing/Marketing",,,2026-07-28T15:21:15Z,0.1
rankseoalliance.shop,"justdrivemedia.com gets backlinks and guest posts, on-page SEO, local SEO, custom web development, SaaS integrations and automation tools, together driving compounding DR/DA/TF in competitive markets. The plan remains focused on natural relevance, credible sources, balanced optimization, measurable search gains, and sustainable long-term execution. · Rank SEO Alliance — A strategic professional ...",https://rankseoalliance.shop/f50515987-build-unstoppable-travel-serp-saas-tools-authority-link-packages-traffic-playbook-complete-implementation-guide-planning-testing-and-tracking-for-better-google-positions/,https://justdrivemedia.com/,"Rank SEO Alliance — A strategic professional alliance for ranking strategy, technical optimization and authority signals for reliable rankings, stronger authority and organic reach — How to Build an Unstoppable Health & Wellness SERP Presence Using Web Development, Blogroll Links, and Traffic — Full Playbook — Complete With clear planning and execution details, provider evaluation criteria, and future campaign planning",0,0,7694,"/Internet_and_Telecom/Web_Services/Search_Engine_Optimization_and_Marketing,/Health/Medical_Facilities_and_Services/Doctors'_Offices,/Business_and_Industrial/Advertising_and_Marketing/Marketing",,,2026-07-28T13:16:24Z,0.2
rankseoalliance.shop,"mightypr.com: premium guest posts, high-quality backlinks, on-page SEO, local SEO, web development, SaaS tools and automation tools, all driving sustained DR/DA/TF uplift at a sustainable pace. Every delivery follows a structured plan for content relevance, link diversity, authority checks, traffic measurement, and ongoing optimization. · Rank SEO Alliance — A strategic professional alliance ...",https://rankseoalliance.shop/0f842251f-do-local-seo-still-work-2026-ymyl-tested-10-placements-tracked-advanced-growth-framework-budget-links-and-content-for-lasting-ranking-improvements/,https://justdrivemedia.com/,"Rank SEO Alliance — A strategic professional alliance for ranking strategy, technical optimization and authority signals for reliable rankings, stronger authority and organic reach — My 30-Day Crowd Links Journey for Legal — From an Algorithm Hit to Position 1 Using a Strategic SEO Service Stack — Plus step-by-step optimization guidance, quality-control requirements, and sustainable search visibility recommendations",0,0,7931,"/Internet_and_Telecom/Web_Services/Search_Engine_Optimization_and_Marketing,/Business_and_Industrial/Advertising_and_Marketing/Marketing",,,2026-07-28T13:14:08Z,0.2
rankseoalliance.shop,"mightypr.com: premium guest posts, high-quality backlinks, on-page SEO, local SEO, web development, SaaS tools and automation tools, all driving sustained DR/DA/TF uplift at a sustainable pace. Every delivery follows a structured plan for content relevance, link diversity, authority checks, traffic measurement, and ongoing optimization. · Rank SEO Alliance — A strategic professional alliance ...",https://rankseoalliance.shop/0f842251f-do-local-seo-still-work-2026-ymyl-tested-10-placements-tracked-advanced-growth-framework-budget-links-and-content-for-lasting-ranking-improvements/,http://justdrivemedia.com/,"Rank SEO Alliance — A strategic professional alliance for ranking strategy, technical optimization and authority signals for reliable rankings, stronger authority and organic reach — My 30-Day Crowd Links Journey for Legal — From an Algorithm Hit to Position 1 Using a Strategic SEO Service Stack — Plus step-by-step optimization guidance, quality-control requirements, and sustainable search visibility recommendations",0,0,7931,"/Internet_and_Telecom/Web_Services/Search_Engine_Optimization_and_Marketing,/Business_and_Industrial/Advertising_and_Marketing/Marketing",,,2026-07-28T13:14:08Z,0.2
seoboostresults.shop,"Grow justdrivemedia.com with contextual backlinks, premium guest posts, on-page SEO, local SEO, custom web development, SaaS tools plus automation tools — higher DR/DA/TF across the board for local or global targets. Campaign quality is protected through manual review, realistic pacing, diversified sources, accurate reporting, and continuous performance checks. · SEO Boost Results — A ...",https://seoboostresults.shop/9565897eb-used-link-insertions-recovered-from-google-penalty-60-days-law-firm-site-month-by-month-progress-measurable-results-blueprint-planning-testing-and-tracking-for-scalable-seo-performance/,https://justdrivemedia.com/,"SEO Boost Results — A results-focused platform for SEO acceleration, visibility improvements and authority growth for competitive rankings and dependable organic discovery — I Bought Press Release Links for My Finance Site — Full 30-Day Review of Metrics, Rankings, and Traffic Impact — Supported by practical implementation steps, realistic outcome expectations, and durable ranking strategies",0,0,7685,"/Internet_and_Telecom/Web_Services/Search_Engine_Optimization_and_Marketing,/Finance/Financial_Planning_and_Management/Asset_and_Portfolio_Management,/Business_and_Industrial",,,2026-07-28T08:39:29Z,0.1
seogrowthprovider.shop,"Boost mightypr.com using contextual backlinks, premium guest posts, on-page SEO, local SEO, custom web development, SaaS tools plus automation tools for a noticeable DR/DA/TF rise with clean reporting. Results are supported by relevant placements, sensible link velocity, documented checks, competitor comparisons, and clear evidence of progress. · SEO Growth Provider — A professional provider of ...",https://seogrowthprovider.shop/c5a9fce26-editorial-links-vs-link-insertions-healthcare-cost-speed-quality-ranking-outcomes-advanced-growth-framework-authority-traffic-and-conversions-for-competitive-serp-results/,http://justdrivemedia.com/,"SEO Growth Provider — A professional provider of sustainable SEO growth, content visibility and qualified organic traffic for competitive rankings and dependable organic discovery — Best Homepage Links for B2B in 2026 — I Compared 5 Providers by Metrics, Delivery, and ROI — Supported by real campaign examples, realistic outcome expectations, and stronger authority-building decisions",0,0,7948,"/Internet_and_Telecom/Web_Services/Search_Engine_Optimization_and_Marketing,/Business_and_Industrial/Advertising_and_Marketing/Marketing",,,2026-07-28T06:35:59Z,0.1
seogrowthprovider.shop,"Boost mightypr.com using contextual backlinks, premium guest posts, on-page SEO, local SEO, custom web development, SaaS tools plus automation tools for a noticeable DR/DA/TF rise with clean reporting. Results are supported by relevant placements, sensible link velocity, documented checks, competitor comparisons, and clear evidence of progress. · SEO Growth Provider — A professional provider of ...",https://seogrowthprovider.shop/c5a9fce26-editorial-links-vs-link-insertions-healthcare-cost-speed-quality-ranking-outcomes-advanced-growth-framework-authority-traffic-and-conversions-for-competitive-serp-results/,https://justdrivemedia.com/,"SEO Growth Provider — A professional provider of sustainable SEO growth, content visibility and qualified organic traffic for competitive rankings and dependable organic discovery — Best Homepage Links for B2B in 2026 — I Compared 5 Providers by Metrics, Delivery, and ROI — Supported by real campaign examples, realistic outcome expectations, and stronger authority-building decisions",0,0,7948,"/Internet_and_Telecom/Web_Services/Search_Engine_Optimization_and_Marketing,/Business_and_Industrial/Advertising_and_Marketing/Marketing",,,2026-07-28T06:35:59Z,0.1
atozbacklinks.com,http://www.justdrivemedia.com,https://atozbacklinks.com/bpbeatseo/,https://www.justdrivemedia.com/,Directory Pages Index,0,0,9999,"/Internet_and_Telecom/Search_Engines,/Business_and_Industrial/Business_Services/Consulting",http://www.justdoitsj.com http://www.justdraftinginc.com,http://www.justducks.co.uk http://www.just-dynamics.co.za,2026-07-27T17:56:56Z,60.0
bestseobacklinkforsite.com,http://www.justdrivemedia.com,https://bestseobacklinkforsite.com/bpbeatseo/,https://www.justdrivemedia.com/,Directory Pages Index,0,0,9999,"/Internet_and_Telecom/Search_Engines,/Business_and_Industrial/Business_Services/Consulting",http://www.justdoitsj.com http://www.justdraftinginc.com,http://www.justducks.co.uk http://www.just-dynamics.co.za,2026-07-27T16:06:44Z,59.0
toprankacademy.shop,"Everything justdrivemedia.com needs: premium guest posts, high-quality backlinks, on-page SEO, local SEO, web development, SaaS tools and automation tools — reliable DR/DA/TF progress across any niche. The strategy also covers competitor research, natural anchor distribution, quality verification, and clear monthly performance reporting. · Top Rank Academy — A learning and strategy academy ...",https://toprankacademy.shop/7dee3d052-best-editorial-links-dental-2025-compared-7-providers-roi-proven-optimization-process-budget-links-and-content-for-scalable-seo-performance/,https://justdrivemedia.com/,"Top Rank Academy — A learning and strategy academy for top-position SEO, competitive visibility and ranking growth for better keyword positions and lasting digital authority — How I Stacked Homepage Links With DR Boost Services for eCommerce — The Dual Strategy That Doubled My Ranking Speed — Complete With step-by-step optimization guidance, transparent measurement methods, and competitive search-positioning lessons",0,0,7683,"/Internet_and_Telecom/Web_Services/Search_Engine_Optimization_and_Marketing,/Jobs_and_Education/Education/Training_and_Certification,/Business_and_Industrial/Advertising_and_Marketing/Marketing",,,2026-07-27T05:32:10Z,35.0
siterankbuilders.shop,"Scale mightypr.com with contextual backlinks, premium guest posts, on-page SEO, local SEO, custom web development, SaaS tools plus automation tools, earning a noticeable DR/DA/TF rise worldwide. The service also includes technical review, content alignment, backlink-quality screening, conversion considerations, and transparent milestone reporting. · Site Rank Builders — Growth builders ...",https://siterankbuilders.shop/82397f933-stacked-link-insertions-high-da-guest-posts-healthcare-dual-strategy-doubled-ranking-speed-long-term-seo-method-quality-checks-and-reporting-for-competitive-serp-results/,https://justdrivemedia.com/,"Site Rank Builders — Growth builders specializing in site-wide SEO, keyword visibility and organic growth to improve website trust and sustainable search performance — My 6-Month On-Page SEO Journey for SaaS — From Page 10 to 6-Figure Monthly Revenue Using a Strategic SEO Service Stack — Including hands-on strategy notes, budget allocation guidance, and lasting traffic-growth insights",0,0,7946,"/Internet_and_Telecom/Web_Services/Search_Engine_Optimization_and_Marketing,/Business_and_Industrial/Advertising_and_Marketing/Marketing",,,2026-07-26T08:11:34Z,35.0
siterankbuilders.shop,"Scale mightypr.com with contextual backlinks, premium guest posts, on-page SEO, local SEO, custom web development, SaaS tools plus automation tools, earning a noticeable DR/DA/TF rise worldwide. The service also includes technical review, content alignment, backlink-quality screening, conversion considerations, and transparent milestone reporting. · Site Rank Builders — Growth builders ...",https://siterankbuilders.shop/82397f933-stacked-link-insertions-high-da-guest-posts-healthcare-dual-strategy-doubled-ranking-speed-long-term-seo-method-quality-checks-and-reporting-for-competitive-serp-results/,http://justdrivemedia.com/,"Site Rank Builders — Growth builders specializing in site-wide SEO, keyword visibility and organic growth to improve website trust and sustainable search performance — My 6-Month On-Page SEO Journey for SaaS — From Page 10 to 6-Figure Monthly Revenue Using a Strategic SEO Service Stack — Including hands-on strategy notes, budget allocation guidance, and lasting traffic-growth insights",0,0,7946,"/Internet_and_Telecom/Web_Services/Search_Engine_Optimization_and_Marketing,/Business_and_Industrial/Advertising_and_Marketing/Marketing",,,2026-07-26T08:11:34Z,35.0
domainrankacademy.shop,"mightypr.com gets guest posts, backlinks, on-page and local SEO, web development, SaaS tools and workflow automation tools, together driving balanced DR/DA/TF growth for every sector. The plan remains focused on natural relevance, credible sources, balanced optimization, measurable search gains, and sustainable long-term execution. · Domain Rank Academy — A learning and strategy academy for ...",https://domainrankacademy.shop/b76383ac2-page5-to-page1-real-estate-30-day-strategy-only-blogroll-links-long-term-seo-method-mistakes-risks-and-solutions-for-competitive-serp-results/,https://justdrivemedia.com/,"Domain Rank Academy — A learning and strategy academy for domain authority, trust signals and search competitiveness for practical SEO progress across competitive search results — How Tiered Link Building Compares to Web Development for Real Estate — Cost, Speed, Quality, and Final Ranking Outcomes — Along With actionable ranking improvements, realistic outcome expectations, and long-term organic growth lessons",0,0,7943,"/Internet_and_Telecom/Web_Services/Search_Engine_Optimization_and_Marketing,/Business_and_Industrial/Advertising_and_Marketing/Marketing",,,2026-07-26T07:36:13Z,35.0
domainrankacademy.shop,"mightypr.com gets guest posts, backlinks, on-page and local SEO, web development, SaaS tools and workflow automation tools, together driving balanced DR/DA/TF growth for every sector. The plan remains focused on natural relevance, credible sources, balanced optimization, measurable search gains, and sustainable long-term execution. · Domain Rank Academy — A learning and strategy academy for ...",https://domainrankacademy.shop/b76383ac2-page5-to-page1-real-estate-30-day-strategy-only-blogroll-links-long-term-seo-method-mistakes-risks-and-solutions-for-competitive-serp-results/,http://justdrivemedia.com/,"Domain Rank Academy — A learning and strategy academy for domain authority, trust signals and search competitiveness for practical SEO progress across competitive search results — How Tiered Link Building Compares to Web Development for Real Estate — Cost, Speed, Quality, and Final Ranking Outcomes — Along With actionable ranking improvements, realistic outcome expectations, and long-term organic growth lessons",0,0,7943,"/Internet_and_Telecom/Web_Services/Search_Engine_Optimization_and_Marketing,/Business_and_Industrial/Advertising_and_Marketing/Marketing",,,2026-07-26T07:36:13Z,35.0
siterankbuilders.shop,"Power up justdrivemedia.com: guest posts, backlinks, on-page and local SEO, web development, SaaS tools and workflow automation tools for stronger DR, DA and TF at a sustainable pace. The strategy also covers competitor research, natural anchor distribution, quality verification, and clear monthly performance reporting. · Site Rank Builders — Growth builders specializing in site-wide SEO, ...",https://siterankbuilders.shop/5c1e422cf-build-unstoppable-healthcare-serp-high-da-guest-posts-guest-posts-traffic-playbook-measurable-results-blueprint-tools-tactics-and-insights-for-sustainable-organic-growth/,https://justdrivemedia.com/,"Site Rank Builders — Growth builders specializing in site-wide SEO, keyword visibility and organic growth to improve website trust and sustainable search performance — Best DR Boost Services for YMYL in 2025 — I Compared 6 Providers by Metrics, Delivery, and ROI — Plus clear planning and execution details, content and link-quality checks, and durable ranking strategies",0,0,7678,"/Internet_and_Telecom/Web_Services/Search_Engine_Optimization_and_Marketing,/Business_and_Industrial/Advertising_and_Marketing/Marketing",,,2026-07-26T06:17:19Z,35.0
leading-hub-for-outreach-pro-and-link-juice.store,"I remember when justdrivemedia.com was barely getting noticed online, with less than 200 visitors a month. After stumbling upon SEOExpress.org and their affordable SEO packages, things changed dramatically. Within three months, my traffic surged to over 3,500 monthly visitors and I found myself ranking for 20 new keywords. If you're looking for a budget-friendly option that delivers real results, ...",https://leading-hub-for-outreach-pro-and-link-juice.store/there-was-a-time-when-i-struggled-to-rank-on-google-and-didnt-know-how-to-improve-it-thats-when-i-discovered-seoexpress-after-signing-up-for-their-backlink-services-my-domain-authority-soared-from-da,https://justdrivemedia.com/,"There Was a Time When I Struggled to Rank on Google and Didn’t Know How to Improve It. That’s When I Discovered SEOExpress.org! After Signing Up for Their Backlink Services, My Domain Authority Soared from DA 10 to DA 45 Within Three Months. Now I'm Receiving More Than Five Hundred Organic Visits Per Week! What an Incredible Journey ★★★★★ 🌟 — Leading Hub For Outreach Pro And Link Juice",0,0,4993,"/Internet_and_Telecom/Web_Services/Search_Engine_Optimization_and_Marketing,/Business_and_Industrial/Advertising_and_Marketing/Marketing",,,2026-07-26T00:32:34Z,48.0
contextual-link-baron-services.store,"I remember when justdrivemedia.com was barely getting noticed online, with less than 200 visitors a month. After stumbling upon SEOExpress.org and their affordable SEO packages, things changed dramatically. Within three months, my traffic surged to over 3,500 monthly visitors and I found myself ranking for 20 new keywords. If you're looking for a budget-friendly option that delivers real results, ...",https://contextual-link-baron-services.store/there-was-a-time-when-i-struggled-to-rank-on-google-and-didnt-know-how-to-improve-it-thats-when-i-discovered-seoexpress-after-signing-up-for-their-backlink-services-my-domain-authority-soared-from-da,https://justdrivemedia.com/,"There Was a Time When I Struggled to Rank on Google and Didn’t Know How to Improve It. That’s When I Discovered SEOExpress.org! After Signing Up for Their Backlink Services, My Domain Authority Soared from DA 10 to DA 45 Within Three Months. Now I'm Receiving More Than Five Hundred Organic Visits Per Week! What an Incredible Journey ★★★★★ 🌟 — Contextual Link Baron Services",0,0,4993,"/Internet_and_Telecom/Web_Services/Search_Engine_Optimization_and_Marketing,/Business_and_Industrial/Business_Services/Consulting",,,2026-07-25T16:41:41Z,48.0
link-building-contextual-link-and-anchor-text-network.store,"I remember when justdrivemedia.com was barely getting noticed online, with less than 200 visitors a month. After stumbling upon SEOExpress.org and their affordable SEO packages, things changed dramatically. Within three months, my traffic surged to over 3,500 monthly visitors and I found myself ranking for 20 new keywords. If you're looking for a budget-friendly option that delivers real results, ...",https://link-building-contextual-link-and-anchor-text-network.store/there-was-a-time-when-i-struggled-to-rank-on-google-and-didnt-know-how-to-improve-it-thats-when-i-discovered-seoexpress-after-signing-up-for-their-backlink-services-my-domain-authority-soared-from-da,https://justdrivemedia.com/,"There Was a Time When I Struggled to Rank on Google and Didn’t Know How to Improve It. That’s When I Discovered SEOExpress.org! After Signing Up for Their Backlink Services, My Domain Authority Soared from DA 10 to DA 45 Within Three Months. Now I'm Receiving More Than Five Hundred Organic Visits Per Week! What an Incredible Journey ★★★★★ 🌟 — Link Building Contextual Link And Anchor Text Network",0,0,4993,"/Internet_and_Telecom/Web_Services/Search_Engine_Optimization_and_Marketing,/Business_and_Industrial/Advertising_and_Marketing/Marketing",,,2026-07-25T14:48:16Z,48.0
prime-depot-for-digital-pr-and-ranking-signal.store,"I remember when justdrivemedia.com was barely getting noticed online, with less than 200 visitors a month. After stumbling upon SEOExpress.org and their affordable SEO packages, things changed dramatically. Within three months, my traffic surged to over 3,500 monthly visitors and I found myself ranking for 20 new keywords. If you're looking for a budget-friendly option that delivers real results, ...",https://prime-depot-for-digital-pr-and-ranking-signal.store/there-was-a-time-when-i-struggled-to-rank-on-google-and-didnt-know-how-to-improve-it-thats-when-i-discovered-seoexpress-after-signing-up-for-their-backlink-services-my-domain-authority-soared-from-da,https://justdrivemedia.com/,"There Was a Time When I Struggled to Rank on Google and Didn’t Know How to Improve It. That’s When I Discovered SEOExpress.org! After Signing Up for Their Backlink Services, My Domain Authority Soared from DA 10 to DA 45 Within Three Months. Now I'm Receiving More Than Five Hundred Organic Visits Per Week! What an Incredible Journey ★★★★★ 🌟 — Prime Depot For Digital Pr And Ranking Signal",0,0,4993,"/Internet_and_Telecom/Web_Services/Search_Engine_Optimization_and_Marketing,/Business_and_Industrial/Advertising_and_Marketing/Marketing",,,2026-07-25T14:27:10Z,48.0
outrank-hq-anchor-text-center.store,"I remember when justdrivemedia.com was barely getting noticed online, with less than 200 visitors a month. After stumbling upon SEOExpress.org and their affordable SEO packages, things changed dramatically. Within three months, my traffic surged to over 3,500 monthly visitors and I found myself ranking for 20 new keywords. If you're looking for a budget-friendly option that delivers real results, ...",https://outrank-hq-anchor-text-center.store/there-was-a-time-when-i-struggled-to-rank-on-google-and-didnt-know-how-to-improve-it-thats-when-i-discovered-seoexpress-after-signing-up-for-their-backlink-services-my-domain-authority-soared-from-da,https://justdrivemedia.com/,"There Was a Time When I Struggled to Rank on Google and Didn’t Know How to Improve It. That’s When I Discovered SEOExpress.org! After Signing Up for Their Backlink Services, My Domain Authority Soared from DA 10 to DA 45 Within Three Months. Now I'm Receiving More Than Five Hundred Organic Visits Per Week! What an Incredible Journey ★★★★★ 🌟 — Outrank Hq Anchor Text Center",0,0,4993,"/Internet_and_Telecom/Web_Services/Search_Engine_Optimization_and_Marketing,/Business_and_Industrial/Business_Services/Consulting",,,2026-07-25T06:23:05Z,48.0
www.dexknows.com,Icon - external link Visit Website,https://www.dexknows.com/san-francisco-ca/night-clubs,http://justdrivemedia.com/,"Top 30 Night Clubs in San Francisco, CA | DexKnows.com",0,0,62,,,,2026-07-25T05:25:10Z,78.0
www.dexknows.com,Icon - external link Visit Website,https://www.dexknows.com/san-francisco-ca/night-clubs,https://justdrivemedia.com/,"Top 30 Night Clubs in San Francisco, CA | DexKnows.com",0,0,62,,,,2026-07-25T05:25:10Z,78.0
serpcollective.shop,"Power up justdrivemedia.com: high-DR backlinks, editorial guest posts, on-page SEO, local SEO, web development, SaaS tools and automation tools for stronger DR, DA and TF built to last. The service also includes technical review, content alignment, backlink-quality screening, conversion considerations, and transparent milestone reporting. · SERP Collective — An expert collective focused on SERP ...",https://serpcollective.shop/8e65357bc-6-month-serp-climb-legal-combined-local-seo-pbn-backlinks-position1-full-ranking-workflow-mistakes-risks-and-solutions-for-lasting-ranking-improvements/,https://justdrivemedia.com/,"SERP Collective — An expert collective focused on SERP visibility, keyword positioning and click-through growth for competitive rankings and dependable organic discovery — The 45-Day Niche Edits Case Study for YMYL — Placements, Anchors, Rankings Before and After — Complete With a complete cost and timeline breakdown, content and link-quality checks, and future campaign planning",0,0,7724,"/Internet_and_Telecom/Web_Services/Search_Engine_Optimization_and_Marketing,/Business_and_Industrial/Advertising_and_Marketing/Marketing",,,2026-07-24T22:05:47Z,35.0
serpcollective.shop,"For mightypr.com, we deliver high-DR backlinks, editorial guest posts, on-page SEO, local SEO, web development, SaaS tools and automation tools — DR/DA/TF gains that hold at a sustainable pace. The service also includes technical review, content alignment, backlink-quality screening, conversion considerations, and transparent milestone reporting. · SERP Collective — An expert collective ...",https://serpcollective.shop/9184ae78a-crowd-links-page5-to-page1-b2b-money-site-every-dollar-ranking-tracked-full-ranking-workflow-research-execution-and-analysis-for-lasting-ranking-improvements/,http://justdrivemedia.com/,"SERP Collective — An expert collective focused on SERP visibility, keyword positioning and click-through growth for competitive rankings and dependable organic discovery — From DR 5 to DR 40 in Real Estate — The 45-Day Strategy Built Entirely on Automation Tools — Explaining actionable ranking improvements, content and link-quality checks, and future campaign planning",0,0,8016,"/Internet_and_Telecom/Web_Services/Search_Engine_Optimization_and_Marketing,/Business_and_Industrial/Advertising_and_Marketing/Marketing",,,2026-07-24T17:58:37Z,35.0
serpcollective.shop,"For mightypr.com, we deliver high-DR backlinks, editorial guest posts, on-page SEO, local SEO, web development, SaaS tools and automation tools — DR/DA/TF gains that hold at a sustainable pace. The service also includes technical review, content alignment, backlink-quality screening, conversion considerations, and transparent milestone reporting. · SERP Collective — An expert collective ...",https://serpcollective.shop/9184ae78a-crowd-links-page5-to-page1-b2b-money-site-every-dollar-ranking-tracked-full-ranking-workflow-research-execution-and-analysis-for-lasting-ranking-improvements/,https://justdrivemedia.com/,"SERP Collective — An expert collective focused on SERP visibility, keyword positioning and click-through growth for competitive rankings and dependable organic discovery — From DR 5 to DR 40 in Real Estate — The 45-Day Strategy Built Entirely on Automation Tools — Explaining actionable ranking improvements, content and link-quality checks, and future campaign planning",0,0,8016,"/Internet_and_Telecom/Web_Services/Search_Engine_Optimization_and_Marketing,/Business_and_Industrial/Advertising_and_Marketing/Marketing",,,2026-07-24T17:58:37Z,35.0
rankboostly.shop,Boost PBN links for justdrivemedia.com working in gambling adult crypto and all restricted niches,https://rankboostly.shop/4cxdzqi-boost-fast-link-building-result-053-page-one-any-niche-worldwide/,https://justdrivemedia.com/,rankboostly.shop — Boost Link Building Result 238: How Real Authority Links Delivered Page One Rankings in Any Niche,0,0,9575,"/Internet_and_Telecom/Web_Services/Search_Engine_Optimization_and_Marketing,/Business_and_Industrial",,,2026-07-24T09:56:41Z,54.0
toprankacademy.shop,"Everything mightypr.com needs: backlinks and guest posts, on-page SEO, local SEO, custom web development, SaaS integrations and automation tools — compounding DR/DA/TF for any business size. Each project is supported by careful prospect selection, manual quality checks, balanced link velocity, and measurable ranking analysis. · Top Rank Academy — A learning and strategy academy for ...",https://toprankacademy.shop/dedcf557d-authority-link-packages-cleaned-toxic-links-grew-40-percent-local-business-money-site-every-dollar-ranking-tracked-real-world-action-plan-planning-testing-and-tracking-for-better-google-positions/,http://justdrivemedia.com/,"Top Rank Academy — A learning and strategy academy for top-position SEO, competitive visibility and ranking growth for better keyword positions and lasting digital authority — From No Traffic to DR 40 in Law Firm — The 6-Month Strategy Built Entirely on Traffic Services — Covering actionable ranking improvements, common mistakes to avoid, and competitive search-positioning lessons",0,0,7953,"/Internet_and_Telecom/Web_Services/Search_Engine_Optimization_and_Marketing,/Jobs_and_Education/Education/Training_and_Certification,/Business_and_Industrial/Advertising_and_Marketing/Marketing",,,2026-07-24T09:27:21Z,35.0
toprankacademy.shop,"Everything mightypr.com needs: backlinks and guest posts, on-page SEO, local SEO, custom web development, SaaS integrations and automation tools — compounding DR/DA/TF for any business size. Each project is supported by careful prospect selection, manual quality checks, balanced link velocity, and measurable ranking analysis. · Top Rank Academy — A learning and strategy academy for ...",https://toprankacademy.shop/dedcf557d-authority-link-packages-cleaned-toxic-links-grew-40-percent-local-business-money-site-every-dollar-ranking-tracked-real-world-action-plan-planning-testing-and-tracking-for-better-google-positions/,https://justdrivemedia.com/,"Top Rank Academy — A learning and strategy academy for top-position SEO, competitive visibility and ranking growth for better keyword positions and lasting digital authority — From No Traffic to DR 40 in Law Firm — The 6-Month Strategy Built Entirely on Traffic Services — Covering actionable ranking improvements, common mistakes to avoid, and competitive search-positioning lessons",0,0,7953,"/Internet_and_Telecom/Web_Services/Search_Engine_Optimization_and_Marketing,/Jobs_and_Education/Education/Training_and_Certification,/Business_and_Industrial/Advertising_and_Marketing/Marketing",,,2026-07-24T09:27:21Z,35.0
pageseoresults.shop,"For justdrivemedia.com, we deliver premium guest posts, contextual backlinks, on-page and local SEO, conversion-focused web development, SaaS tools and automation tools — a strong DR/DA/TF increase with relevance-first placements. Campaign quality is protected through manual review, realistic pacing, diversified sources, accurate reporting, and continuous performance checks. · Page SEO Results ...",https://pageseoresults.shop/ea8975735-6-month-serp-climb-financial-advisory-combined-dofollow-backlinks-traffic-services-position1-advanced-growth-framework-quality-checks-and-reporting-for-sustainable-organic-growth/,https://justdrivemedia.com/,"Page SEO Results — A results-focused platform for on-page optimization, content relevance and page-one visibility to improve authority, relevance and qualified search traffic — How to Build an Unstoppable Dental SERP Presence Using Crowd Links, Automation Tools, and Traffic — Full Playbook — Covering measurable performance checkpoints, important risk checks, and sustainable search visibility recommendations",0,0,7681,"/Internet_and_Telecom/Web_Services/Search_Engine_Optimization_and_Marketing,/Business_and_Industrial/Advertising_and_Marketing/Marketing",,,2026-07-24T08:34:07Z,35.0
rankboostly.shop,Boost PBN links for mightypr.com working in gambling adult crypto and all restricted niches,https://rankboostly.shop/3vapcud-boost-new-website-looks-like-established-authority-fast/,https://justdrivemedia.com/,rankboostly.shop — Boost Link Building Result 164: How Real Authority Links Delivered Page One Rankings in Any Niche,0,0,9761,"/Internet_and_Telecom/Web_Services/Search_Engine_Optimization_and_Marketing,/Business_and_Industrial",,,2026-07-24T07:42:42Z,54.0
rankboostly.shop,Boost PBN links for mightypr.com working in gambling adult crypto and all restricted niches,https://rankboostly.shop/3vapcud-boost-new-website-looks-like-established-authority-fast/,http://justdrivemedia.com/,rankboostly.shop — Boost Link Building Result 164: How Real Authority Links Delivered Page One Rankings in Any Niche,0,0,9761,"/Internet_and_Telecom/Web_Services/Search_Engine_Optimization_and_Marketing,/Business_and_Industrial",,,2026-07-24T07:42:42Z,54.0
www.siteprice.org,,https://www.siteprice.org/competitors/wearehatch.com,http://justdrivemedia.com/,wearehatch.com competitors - Top similar sites like 20 wearehatch.com and alternatives,0,1,31,,mightypr.com,,2026-07-24T05:22:40Z,72.0
www.siteprice.org,,https://www.siteprice.org/competitors/wearehatch.com,https://justdrivemedia.com/,wearehatch.com competitors - Top similar sites like 20 wearehatch.com and alternatives,0,1,31,,mightypr.com,,2026-07-24T05:22:40Z,72.0
rankgrowthgroup.shop,"Strengthen justdrivemedia.com through premium guest posts, contextual backlinks, on-page and local SEO, conversion-focused web development, SaaS tools and automation tools for long-term DR/DA/TF gains with proven results. The service also includes technical review, content alignment, backlink-quality screening, conversion considerations, and transparent milestone reporting. · Rank Growth Group ...",https://rankgrowthgroup.shop/da6ad1f55-6-month-web-development-journey-local-business-algorithm-hit-to-6-figure-revenue-long-term-seo-method-cost-timeline-and-results-for-scalable-seo-performance/,https://justdrivemedia.com/,"Rank Growth Group — A professional services group for organic ranking growth, keyword visibility and website authority to build trust, visibility and competitive keyword positions — How Contextual Backlinks Helped My Travel Site outranked older, bigger competitors — The Complete Case Study With Full Data Transparency — Covering a detailed execution roadmap, technical considerations, and durable ranking strategies",0,0,7699,"/Internet_and_Telecom/Web_Services/Search_Engine_Optimization_and_Marketing,/Business_and_Industrial/Advertising_and_Marketing/Marketing",,,2026-07-24T02:48:46Z,35.0
backlinkbuilders.shop,"mightypr.com: high-quality backlinks, guest posts, on-page and local SEO, custom web development, SaaS tools and automation tools, all driving real DR/DA/TF improvement at a sustainable pace. The service also includes technical review, content alignment, backlink-quality screening, conversion considerations, and transparent milestone reporting. · Backlink Builders — Growth builders specializing ...",https://backlinkbuilders.shop/0bcc7cacb-best-saas-tools-medical-2026-compared-7-providers-roi-proven-optimization-process-planning-testing-and-tracking-for-better-google-positions/,http://justdrivemedia.com/,"Backlink Builders — Growth builders specializing in editorial backlinks, authority placements and off-page SEO for better keyword positions and lasting digital authority — Why Legal Sites That Buy Traffic Services Outrank Competitors Who Rely Only on Organic Link Building — Plus step-by-step optimization guidance, common mistakes to avoid, and safer scaling recommendations",0,0,7927,"/Internet_and_Telecom/Web_Services/Search_Engine_Optimization_and_Marketing,/Business_and_Industrial/Advertising_and_Marketing/Marketing",,,2026-07-24T02:36:43Z,35.0
backlinkbuilders.shop,"mightypr.com: high-quality backlinks, guest posts, on-page and local SEO, custom web development, SaaS tools and automation tools, all driving real DR/DA/TF improvement at a sustainable pace. The service also includes technical review, content alignment, backlink-quality screening, conversion considerations, and transparent milestone reporting. · Backlink Builders — Growth builders specializing ...",https://backlinkbuilders.shop/0bcc7cacb-best-saas-tools-medical-2026-compared-7-providers-roi-proven-optimization-process-planning-testing-and-tracking-for-better-google-positions/,https://justdrivemedia.com/,"Backlink Builders — Growth builders specializing in editorial backlinks, authority placements and off-page SEO for better keyword positions and lasting digital authority — Why Legal Sites That Buy Traffic Services Outrank Competitors Who Rely Only on Organic Link Building — Plus step-by-step optimization guidance, common mistakes to avoid, and safer scaling recommendations",0,0,7927,"/Internet_and_Telecom/Web_Services/Search_Engine_Optimization_and_Marketing,/Business_and_Industrial/Advertising_and_Marketing/Marketing",,,2026-07-24T02:36:43Z,35.0
linkcollective.shop,"Strengthen justdrivemedia.com through high-quality backlinks, guest posts, on-page and local SEO, custom web development, SaaS tools and automation tools for higher DR/DA/TF across the board with clean reporting. We also prioritize topical relevance, clean placement standards, sensible campaign pacing, and reporting that connects work to outcomes. · Link Collective — An expert collective ...",https://linkcollective.shop/5976e1252-economics-ranking-medical-saas-tools-cost-vs-revenue-step-by-step-strategy-mistakes-risks-and-solutions-for-long-term-search-success/,https://justdrivemedia.com/,"Link Collective — An expert collective focused on link strategy, authority building and search visibility for practical SEO progress across competitive search results — How to Build an Unstoppable eCommerce SERP Presence Using Homepage Links, Tiered Link Building, and Traffic — Full Playbook — Covering measurable performance checkpoints, common mistakes to avoid, and long-term organic growth lessons",0,0,7693,"/Internet_and_Telecom/Web_Services/Search_Engine_Optimization_and_Marketing,/Business_and_Industrial/Advertising_and_Marketing/Marketing",,,2026-07-24T01:55:58Z,35.0
linkcollective.shop,"Power up mightypr.com: guest posts and backlinks, on-page SEO, local SEO, web development, SaaS integrations and automation tools for a noticeable DR/DA/TF rise in any language. The service also includes technical review, content alignment, backlink-quality screening, conversion considerations, and transparent milestone reporting. · Link Collective — An expert collective focused on link ...",https://linkcollective.shop/d70e9d8ee-build-unstoppable-crypto-serp-tiered-link-building-dofollow-backlinks-traffic-playbook-complete-implementation-guide-mistakes-risks-and-solutions-for-scalable-seo-performance/,https://justdrivemedia.com/,"Link Collective — An expert collective focused on link strategy, authority building and search visibility for practical SEO progress across competitive search results — How I Stacked Tiered Link Building With Sidebar Links for Medical — The Dual Strategy That Doubled My Ranking Speed — With a complete cost and timeline breakdown, quality-control requirements, and long-term organic growth lessons",0,0,7953,"/Internet_and_Telecom/Web_Services/Search_Engine_Optimization_and_Marketing,/Business_and_Industrial/Business_Services/Consulting",,,2026-07-24T01:37:41Z,35.0
linkcollective.shop,"Power up mightypr.com: guest posts and backlinks, on-page SEO, local SEO, web development, SaaS integrations and automation tools for a noticeable DR/DA/TF rise in any language. The service also includes technical review, content alignment, backlink-quality screening, conversion considerations, and transparent milestone reporting. · Link Collective — An expert collective focused on link ...",https://linkcollective.shop/d70e9d8ee-build-unstoppable-crypto-serp-tiered-link-building-dofollow-backlinks-traffic-playbook-complete-implementation-guide-mistakes-risks-and-solutions-for-scalable-seo-performance/,http://justdrivemedia.com/,"Link Collective — An expert collective focused on link strategy, authority building and search visibility for practical SEO progress across competitive search results — How I Stacked Tiered Link Building With Sidebar Links for Medical — The Dual Strategy That Doubled My Ranking Speed — With a complete cost and timeline breakdown, quality-control requirements, and long-term organic growth lessons",0,0,7953,"/Internet_and_Telecom/Web_Services/Search_Engine_Optimization_and_Marketing,/Business_and_Industrial/Business_Services/Consulting",,,2026-07-24T01:37:41Z,35.0
siterankacademy.shop,"mightypr.com: guest posts and backlinks, on-page SEO, local SEO, web development, SaaS integrations and automation tools, all driving higher DR/DA/TF across the board for any industry. The complete process includes website review, competitor benchmarking, anchor-risk control, placement validation, and practical growth recommendations. · Site Rank Academy — A learning and strategy academy for ...",https://siterankacademy.shop/5b1f1e688-45-day-serp-climb-dental-combined-on-page-seo-dofollow-backlinks-position1-long-term-seo-method-authority-traffic-and-conversions-for-sustainable-organic-growth/,https://justdrivemedia.com/,"Site Rank Academy — A learning and strategy academy for site-wide SEO, keyword visibility and organic growth for better keyword positions and lasting digital authority — On-Page SEO vs DR Boost Services for Mortgage — Which One Moves Rankings Faster and Holds Longer? — Including clear planning and execution details, realistic outcome expectations, and lasting traffic-growth insights",0,0,8009,"/Internet_and_Telecom/Web_Services/Search_Engine_Optimization_and_Marketing,/Jobs_and_Education/Education/Training_and_Certification,/Business_and_Industrial/Advertising_and_Marketing/Marketing",,,2026-07-24T01:02:51Z,35.0
siterankacademy.shop,"mightypr.com: guest posts and backlinks, on-page SEO, local SEO, web development, SaaS integrations and automation tools, all driving higher DR/DA/TF across the board for any industry. The complete process includes website review, competitor benchmarking, anchor-risk control, placement validation, and practical growth recommendations. · Site Rank Academy — A learning and strategy academy for ...",https://siterankacademy.shop/5b1f1e688-45-day-serp-climb-dental-combined-on-page-seo-dofollow-backlinks-position1-long-term-seo-method-authority-traffic-and-conversions-for-sustainable-organic-growth/,http://justdrivemedia.com/,"Site Rank Academy — A learning and strategy academy for site-wide SEO, keyword visibility and organic growth for better keyword positions and lasting digital authority — On-Page SEO vs DR Boost Services for Mortgage — Which One Moves Rankings Faster and Holds Longer? — Including clear planning and execution details, realistic outcome expectations, and lasting traffic-growth insights",0,0,8009,"/Internet_and_Telecom/Web_Services/Search_Engine_Optimization_and_Marketing,/Jobs_and_Education/Education/Training_and_Certification,/Business_and_Industrial/Advertising_and_Marketing/Marketing",,,2026-07-24T01:02:51Z,35.0
seolinkcompany.shop,"Boost mightypr.com using contextual backlinks, premium guest posts, on-page SEO, local SEO, custom web development, SaaS tools plus automation tools for a strong DR/DA/TF increase for any business size. We strengthen the campaign with keyword mapping, source diversification, placement audits, performance benchmarks, and straightforward reporting. · SEO Link Company — A full-service company ...",https://seolinkcompany.shop/4c2eba2cd-dr5-to-dr50-real-estate-12-month-strategy-only-traffic-services-measurable-results-blueprint-authority-traffic-and-conversions-for-higher-search-visibility/,https://justdrivemedia.com/,"SEO Link Company — A full-service company delivering strategic link building, authority development and search optimization for competitive rankings and dependable organic discovery — Best Tiered Link Building for Crypto in 2026 — I Compared 12 Providers by Metrics, Delivery, and ROI — Featuring a complete cost and timeline breakdown, budget allocation guidance, and future campaign planning",0,0,8008,"/Internet_and_Telecom/Web_Services/Search_Engine_Optimization_and_Marketing,/Business_and_Industrial/Advertising_and_Marketing/Marketing",,,2026-07-23T20:06:54Z,35.0
seolinkcompany.shop,"Boost mightypr.com using contextual backlinks, premium guest posts, on-page SEO, local SEO, custom web development, SaaS tools plus automation tools for a strong DR/DA/TF increase for any business size. We strengthen the campaign with keyword mapping, source diversification, placement audits, performance benchmarks, and straightforward reporting. · SEO Link Company — A full-service company ...",https://seolinkcompany.shop/4c2eba2cd-dr5-to-dr50-real-estate-12-month-strategy-only-traffic-services-measurable-results-blueprint-authority-traffic-and-conversions-for-higher-search-visibility/,http://justdrivemedia.com/,"SEO Link Company — A full-service company delivering strategic link building, authority development and search optimization for competitive rankings and dependable organic discovery — Best Tiered Link Building for Crypto in 2026 — I Compared 12 Providers by Metrics, Delivery, and ROI — Featuring a complete cost and timeline breakdown, budget allocation guidance, and future campaign planning",0,0,8008,"/Internet_and_Telecom/Web_Services/Search_Engine_Optimization_and_Marketing,/Business_and_Industrial/Advertising_and_Marketing/Marketing",,,2026-07-23T20:06:54Z,35.0
domainrankteam.shop,"Take justdrivemedia.com to page one with high-quality backlinks, guest posts, on-page and local SEO, custom web development, SaaS tools and automation tools — durable DR/DA/TF gains tailored to your vertical. Results are supported by relevant placements, sensible link velocity, documented checks, competitor comparisons, and clear evidence of progress. · Domain Rank Team — A dedicated ...",https://domainrankteam.shop/9ddfd538f-automation-tools-helped-pharmaceutical-site-page5-to-page1-complete-case-study-data-advanced-growth-framework-budget-links-and-content-for-sustainable-organic-growth/,https://justdrivemedia.com/,"Domain Rank Team — A dedicated specialist team for domain authority, trust signals and search competitiveness for competitive rankings and dependable organic discovery — How to Build an Unstoppable Travel SERP Presence Using Crowd Links, Homepage Links, and Traffic — Full Playbook — Supported by step-by-step optimization guidance, important risk checks, and safer scaling recommendations",0,0,7678,"/Internet_and_Telecom/Web_Services/Search_Engine_Optimization_and_Marketing,/Business_and_Industrial/Advertising_and_Marketing/Marketing,/Computers_and_Electronics",,,2026-07-23T19:34:52Z,35.0
linkgrowthinsights.shop,"For justdrivemedia.com, we deliver high-DR backlinks, editorial guest posts, on-page SEO, local SEO, web development, SaaS tools and automation tools — a measurable DR/DA/TF boost tailored to your vertical. We also prioritize topical relevance, clean placement standards, sensible campaign pacing, and reporting that connects work to outcomes. · Link Growth Insights — Research, guidance and ...",https://linkgrowthinsights.shop/264a41c81-no-traffic-to-10x-traffic-real-estate-60-day-strategy-only-local-seo-practical-execution-roadmap-quality-checks-and-reporting-for-higher-search-visibility/,https://justdrivemedia.com/,"Link Growth Insights — Research, guidance and practical insights for authority link acquisition, referral visibility and ranking growth to strengthen search presence and attract relevant visitors — How Tiered Link Building climbed from Page 5 to Page 1 for My SaaS Money Site — Every Dollar Spent, Every Ranking Gained, Tracked — Complete With clear planning and execution details, content and link-quality checks, and safer scaling recommendations",0,0,7685,"/Internet_and_Telecom/Web_Services/Search_Engine_Optimization_and_Marketing,/Business_and_Industrial/Advertising_and_Marketing/Marketing",,,2026-07-23T17:24:34Z,35.0
strategic-bureau-for-white-hat-and-outreach-pro.store,"I remember when justdrivemedia.com was barely getting noticed online, with less than 200 visitors a month. After stumbling upon SEOExpress.org and their affordable SEO packages, things changed dramatically. Within three months, my traffic surged to over 3,500 monthly visitors and I found myself ranking for 20 new keywords. If you're looking for a budget-friendly option that delivers real results, ...",https://strategic-bureau-for-white-hat-and-outreach-pro.store/there-was-a-time-when-i-struggled-to-rank-on-google-and-didnt-know-how-to-improve-it-thats-when-i-discovered-seoexpress-after-signing-up-for-their-backlink-services-my-domain-authority-soared-from-da,https://justdrivemedia.com/,"There Was a Time When I Struggled to Rank on Google and Didn’t Know How to Improve It. That’s When I Discovered SEOExpress.org! After Signing Up for Their Backlink Services, My Domain Authority Soared from DA 10 to DA 45 Within Three Months. Now I'm Receiving More Than Five Hundred Organic Visits Per Week! What an Incredible Journey ★★★★★ 🌟 — Strategic Bureau For White Hat And Outreach Pro",0,0,4993,"/Internet_and_Telecom/Web_Services/Search_Engine_Optimization_and_Marketing,/Business_and_Industrial/Advertising_and_Marketing/Marketing",,,2026-07-23T15:44:28Z,48.0
siteranksolutions.shop,"Scale mightypr.com with high-DR backlinks, editorial guest posts, on-page SEO, local SEO, web development, SaaS tools and automation tools, earning higher DR/DA/TF across the board for local or global targets. Each campaign combines strategic research, safe anchor variation, editorial quality control, progress monitoring, and recommendations for the next stage. · Site Rank Solutions — Complete ...",https://siteranksolutions.shop/ac6677ffa-google-penalty-to-full-recovery-local-business-6-month-strategy-only-crowd-links-practical-execution-roadmap-tools-tactics-and-insights-for-lasting-ranking-improvements/,http://justdrivemedia.com/,"Site Rank Solutions — Complete practical solutions for site-wide SEO, keyword visibility and organic growth to strengthen search presence and attract relevant visitors — I Bought Sidebar Links for My YMYL Site — Full 45-Day Review of Metrics, Rankings, and Traffic Impact — With a detailed execution roadmap, important risk checks, and competitive search-positioning lessons",0,0,8015,"/Internet_and_Telecom/Web_Services/Search_Engine_Optimization_and_Marketing,/Business_and_Industrial/Advertising_and_Marketing/Marketing",,,2026-07-23T14:31:12Z,35.0
siteranksolutions.shop,"Scale mightypr.com with high-DR backlinks, editorial guest posts, on-page SEO, local SEO, web development, SaaS tools and automation tools, earning higher DR/DA/TF across the board for local or global targets. Each campaign combines strategic research, safe anchor variation, editorial quality control, progress monitoring, and recommendations for the next stage. · Site Rank Solutions — Complete ...",https://siteranksolutions.shop/ac6677ffa-google-penalty-to-full-recovery-local-business-6-month-strategy-only-crowd-links-practical-execution-roadmap-tools-tactics-and-insights-for-lasting-ranking-improvements/,https://justdrivemedia.com/,"Site Rank Solutions — Complete practical solutions for site-wide SEO, keyword visibility and organic growth to strengthen search presence and attract relevant visitors — I Bought Sidebar Links for My YMYL Site — Full 45-Day Review of Metrics, Rankings, and Traffic Impact — With a detailed execution roadmap, important risk checks, and competitive search-positioning lessons",0,0,8015,"/Internet_and_Telecom/Web_Services/Search_Engine_Optimization_and_Marketing,/Business_and_Industrial/Advertising_and_Marketing/Marketing",,,2026-07-23T14:31:12Z,35.0
rankseojunction.shop,"Grow mightypr.com with premium guest posts, contextual backlinks, on-page and local SEO, conversion-focused web development, SaaS tools and automation tools — durable DR/DA/TF gains at a sustainable pace. Results are supported by relevant placements, sensible link velocity, documented checks, competitor comparisons, and clear evidence of progress. · Rank SEO Junction — A strategy junction ...",https://rankseojunction.shop/5757c1663-12-month-serp-climb-local-business-combined-on-page-seo-saas-tools-position1-real-world-action-plan-mistakes-risks-and-solutions-for-better-google-positions/,http://justdrivemedia.com/,"Rank SEO Junction — A strategy junction connecting ranking strategy, technical optimization and authority signals to turn search visibility into consistent website growth — From an Algorithm Hit to Page-One Authority in Financial Advisory — The 120-Day Strategy Built Entirely on Crowd Links — Supported by actionable ranking improvements, quality-control requirements, and stronger authority-building decisions",0,0,8013,"/Internet_and_Telecom/Web_Services/Search_Engine_Optimization_and_Marketing,/Business_and_Industrial/Advertising_and_Marketing/Marketing",,,2026-07-23T09:37:17Z,35.0
rankseojunction.shop,"Grow mightypr.com with premium guest posts, contextual backlinks, on-page and local SEO, conversion-focused web development, SaaS tools and automation tools — durable DR/DA/TF gains at a sustainable pace. Results are supported by relevant placements, sensible link velocity, documented checks, competitor comparisons, and clear evidence of progress. · Rank SEO Junction — A strategy junction ...",https://rankseojunction.shop/5757c1663-12-month-serp-climb-local-business-combined-on-page-seo-saas-tools-position1-real-world-action-plan-mistakes-risks-and-solutions-for-better-google-positions/,https://justdrivemedia.com/,"Rank SEO Junction — A strategy junction connecting ranking strategy, technical optimization and authority signals to turn search visibility into consistent website growth — From an Algorithm Hit to Page-One Authority in Financial Advisory — The 120-Day Strategy Built Entirely on Crowd Links — Supported by actionable ranking improvements, quality-control requirements, and stronger authority-building decisions",0,0,8013,"/Internet_and_Telecom/Web_Services/Search_Engine_Optimization_and_Marketing,/Business_and_Industrial/Advertising_and_Marketing/Marketing",,,2026-07-23T09:37:17Z,35.0
rankseojunction.shop,"Strengthen justdrivemedia.com through backlinks and guest posts, on-page SEO, local SEO, custom web development, SaaS integrations and automation tools for a measurable DR/DA/TF boost with full transparency. The strategy also covers competitor research, natural anchor distribution, quality verification, and clear monthly performance reporting. · Rank SEO Junction — A strategy junction ...",https://rankseojunction.shop/51690f49e-traffic-recovery-blueprint-financial-advisory-rank-using-link-insertions-guest-posts-proven-optimization-process-authority-traffic-and-conversions-for-sustainable-organic-growth/,https://justdrivemedia.com/,"Rank SEO Junction — A strategy junction connecting ranking strategy, technical optimization and authority signals to turn search visibility into consistent website growth — From Zero Rankings to Full Recovery in Local Business — The 6-Month Strategy Built Entirely on High-DA Guest Posts — Complete With measurable performance checkpoints, budget allocation guidance, and sustainable search visibility recommendations",0,0,7719,"/Internet_and_Telecom/Web_Services/Search_Engine_Optimization_and_Marketing,/Business_and_Industrial/Business_Services/Consulting",,,2026-07-23T09:18:22Z,35.0
seoboostsystems.shop,"mightypr.com: contextual backlinks, premium guest posts, on-page SEO, local SEO, custom web development, SaaS tools plus automation tools, all driving rising DR/DA/TF scores with proven results. The plan remains focused on natural relevance, credible sources, balanced optimization, measurable search gains, and sustainable long-term execution. · SEO Boost Systems — Advanced systems designed for ...",https://seoboostsystems.shop/88a5c7ae9-best-homepage-links-real-estate-2025-compared-9-providers-roi-real-world-action-plan-mistakes-risks-and-solutions-for-reliable-page-one-progress/,http://justdrivemedia.com/,"SEO Boost Systems — Advanced systems designed for SEO acceleration, visibility improvements and authority growth to build trust, visibility and competitive keyword positions — Ranking Stability Blueprint for Fintech — How to Rank Using Press Release Links and Blogroll Links — Covering a detailed execution roadmap, quality-control requirements, and future campaign planning",0,0,7953,"/Internet_and_Telecom/Web_Services/Search_Engine_Optimization_and_Marketing,/Business_and_Industrial/Advertising_and_Marketing/Marketing",,,2026-07-23T08:33:38Z,35.0
seoboostsystems.shop,"mightypr.com: contextual backlinks, premium guest posts, on-page SEO, local SEO, custom web development, SaaS tools plus automation tools, all driving rising DR/DA/TF scores with proven results. The plan remains focused on natural relevance, credible sources, balanced optimization, measurable search gains, and sustainable long-term execution. · SEO Boost Systems — Advanced systems designed for ...",https://seoboostsystems.shop/88a5c7ae9-best-homepage-links-real-estate-2025-compared-9-providers-roi-real-world-action-plan-mistakes-risks-and-solutions-for-reliable-page-one-progress/,https://justdrivemedia.com/,"SEO Boost Systems — Advanced systems designed for SEO acceleration, visibility improvements and authority growth to build trust, visibility and competitive keyword positions — Ranking Stability Blueprint for Fintech — How to Rank Using Press Release Links and Blogroll Links — Covering a detailed execution roadmap, quality-control requirements, and future campaign planning",0,0,7953,"/Internet_and_Telecom/Web_Services/Search_Engine_Optimization_and_Marketing,/Business_and_Industrial/Advertising_and_Marketing/Marketing",,,2026-07-23T08:33:38Z,35.0
domainrankacademy.shop,"Scale justdrivemedia.com with high-DR backlinks, editorial guest posts, on-page SEO, local SEO, web development, SaaS tools and automation tools, earning DR/DA/TF that climbs steadily with relevance-first placements. The service also includes technical review, content alignment, backlink-quality screening, conversion considerations, and transparent milestone reporting. · Domain Rank Academy — A ...",https://domainrankacademy.shop/8bf3f3a17-topical-authority-blueprint-health-rank-using-authority-link-packages-dofollow-backlinks-real-world-action-plan-budget-links-and-content-for-lasting-ranking-improvements/,https://justdrivemedia.com/,"Domain Rank Academy — A learning and strategy academy for domain authority, trust signals and search competitiveness for practical SEO progress across competitive search results — How Traffic Services Compares to Sidebar Links for SaaS — Cost, Speed, Quality, and Final Ranking Outcomes — Featuring a complete cost and timeline breakdown, transparent measurement methods, and competitive search-positioning lessons",0,0,7678,"/Internet_and_Telecom/Web_Services/Search_Engine_Optimization_and_Marketing,/Jobs_and_Education/Education/Training_and_Certification,/Business_and_Industrial/Advertising_and_Marketing/Marketing",,,2026-07-23T07:32:18Z,35.0
domainrankteam.shop,"Complete SEO for mightypr.com: high-quality backlinks, guest posts, on-page and local SEO, custom web development, SaaS tools and automation tools, delivering stronger DR, DA and TF at a sustainable pace. Each project is supported by careful prospect selection, manual quality checks, balanced link velocity, and measurable ranking analysis. · Domain Rank Team — A dedicated specialist team for ...",https://domainrankteam.shop/5ca208163-why-fintech-buy-authority-link-packages-outrank-organic-only-competitors-data-advanced-growth-framework-mistakes-risks-and-solutions-for-long-term-search-success/,https://justdrivemedia.com/,"Domain Rank Team — A dedicated specialist team for domain authority, trust signals and search competitiveness for competitive rankings and dependable organic discovery — I Bought Automation Tools for My YMYL Site — Full 30-Day Review of Metrics, Rankings, and Traffic Impact — Along With tested workflow recommendations, provider evaluation criteria, and repeatable SEO takeaways",0,0,7926,"/Internet_and_Telecom/Web_Services/Search_Engine_Optimization_and_Marketing,/Business_and_Industrial/Business_Services/Consulting,/Computers_and_Electronics",,,2026-07-23T05:57:02Z,35.0
domainrankteam.shop,"Complete SEO for mightypr.com: high-quality backlinks, guest posts, on-page and local SEO, custom web development, SaaS tools and automation tools, delivering stronger DR, DA and TF at a sustainable pace. Each project is supported by careful prospect selection, manual quality checks, balanced link velocity, and measurable ranking analysis. · Domain Rank Team — A dedicated specialist team for ...",https://domainrankteam.shop/5ca208163-why-fintech-buy-authority-link-packages-outrank-organic-only-competitors-data-advanced-growth-framework-mistakes-risks-and-solutions-for-long-term-search-success/,http://justdrivemedia.com/,"Domain Rank Team — A dedicated specialist team for domain authority, trust signals and search competitiveness for competitive rankings and dependable organic discovery — I Bought Automation Tools for My YMYL Site — Full 30-Day Review of Metrics, Rankings, and Traffic Impact — Along With tested workflow recommendations, provider evaluation criteria, and repeatable SEO takeaways",0,0,7926,"/Internet_and_Telecom/Web_Services/Search_Engine_Optimization_and_Marketing,/Business_and_Industrial/Business_Services/Consulting,/Computers_and_Electronics",,,2026-07-23T05:57:02Z,35.0
siterankacademy.shop,"Everything justdrivemedia.com needs: high-DR backlinks, editorial guest posts, on-page SEO, local SEO, web development, SaaS tools and automation tools — reliable DR/DA/TF progress for new or established sites. Results are supported by relevant placements, sensible link velocity, documented checks, competitor comparisons, and clear evidence of progress. · Site Rank Academy — A learning and ...",https://siterankacademy.shop/32e581d6b-90-day-authority-link-packages-journey-mortgage-invisible-to-6-figure-revenue-detailed-campaign-breakdown-cost-timeline-and-results-for-consistent-traffic-growth/,https://justdrivemedia.com/,"Site Rank Academy — A learning and strategy academy for site-wide SEO, keyword visibility and organic growth for better keyword positions and lasting digital authority — My 18-Month Editorial Links Journey for Finance — From a Google Penalty to DR 40 Using a Strategic SEO Service Stack — Plus actionable ranking improvements, transparent measurement methods, and sustainable search visibility recommendations",0,0,7720,"/Internet_and_Telecom/Web_Services/Search_Engine_Optimization_and_Marketing,/Business_and_Industrial/Advertising_and_Marketing/Marketing,/Jobs_and_Education/Education/Training_and_Certification",,,2026-07-23T04:15:19Z,35.0
linkgrowthinsights.shop,"Power up mightypr.com: contextual backlinks, premium guest posts, on-page SEO, local SEO, custom web development, SaaS tools plus automation tools for higher DR/DA/TF across the board with clean reporting. The complete process includes website review, competitor benchmarking, anchor-risk control, placement validation, and practical growth recommendations. · Link Growth Insights — Research, ...",https://linkgrowthinsights.shop/c51749a2a-niche-edits-helped-insurance-site-recovered-from-google-penalty-60-days-complete-case-study-data-proven-optimization-process-tools-tactics-and-insights-for-better-google-positions/,https://justdrivemedia.com/,"From Manual Action to DR 40 in Legal — The 6-Month Strategy Built Entirely on Traffic Services — Covering a detailed execution roadmap, transparent measurement methods, and stronger authority-building decisions — Link Growth Insights — Research, guidance and practical insights for authority link acquisition, referral visibility and ranking growth to strengthen search presence and attract relevant visitors",0,0,7942,"/Internet_and_Telecom/Web_Services/Search_Engine_Optimization_and_Marketing,/Business_and_Industrial/Advertising_and_Marketing/Marketing",,,2026-07-23T00:21:36Z,35.0
linkgrowthinsights.shop,"Power up mightypr.com: contextual backlinks, premium guest posts, on-page SEO, local SEO, custom web development, SaaS tools plus automation tools for higher DR/DA/TF across the board with clean reporting. The complete process includes website review, competitor benchmarking, anchor-risk control, placement validation, and practical growth recommendations. · Link Growth Insights — Research, ...",https://linkgrowthinsights.shop/c51749a2a-niche-edits-helped-insurance-site-recovered-from-google-penalty-60-days-complete-case-study-data-proven-optimization-process-tools-tactics-and-insights-for-better-google-positions/,http://justdrivemedia.com/,"From Manual Action to DR 40 in Legal — The 6-Month Strategy Built Entirely on Traffic Services — Covering a detailed execution roadmap, transparent measurement methods, and stronger authority-building decisions — Link Growth Insights — Research, guidance and practical insights for authority link acquisition, referral visibility and ranking growth to strengthen search presence and attract relevant visitors",0,0,7942,"/Internet_and_Telecom/Web_Services/Search_Engine_Optimization_and_Marketing,/Business_and_Industrial/Advertising_and_Marketing/Marketing",,,2026-07-23T00:21:36Z,35.0
pageseoexpress.shop,"justdrivemedia.com gets backlinks and guest posts, on-page SEO, local SEO, custom web development, SaaS integrations and automation tools, together driving compounding DR/DA/TF with relevance-first placements. Results are supported by relevant placements, sensible link velocity, documented checks, competitor comparisons, and clear evidence of progress. · Page SEO Express — Fast, focused ...",https://pageseoexpress.shop/011a65cc9-page1-rankings-blueprint-ymyl-rank-using-authority-link-packages-high-da-guest-posts-advanced-growth-framework-quality-checks-and-reporting-for-stronger-domain-authority/,https://justdrivemedia.com/,"Page SEO Express — Fast, focused services for on-page optimization, content relevance and page-one visibility to improve authority, relevance and qualified search traffic — How Web Development Compares to PBN Backlinks for eCommerce — Cost, Speed, Quality, and Final Ranking Outcomes — Featuring a detailed execution roadmap, quality-control requirements, and competitive search-positioning lessons",0,0,7692,"/Internet_and_Telecom/Web_Services/Search_Engine_Optimization_and_Marketing,/Business_and_Industrial/Advertising_and_Marketing/Marketing",,,2026-07-22T23:30:12Z,35.0
pageseoexpress.shop,"Everything mightypr.com needs: premium guest posts, contextual backlinks, on-page and local SEO, conversion-focused web development, SaaS tools and automation tools — balanced DR/DA/TF growth built to last. The strategy also covers competitor research, natural anchor distribution, quality verification, and clear monthly performance reporting. · Page SEO Express — Fast, focused services for ...",https://pageseoexpress.shop/056edf489-used-press-release-links-page5-to-page1-ecommerce-site-month-by-month-progress-full-ranking-workflow-tools-tactics-and-insights-for-consistent-traffic-growth/,http://justdrivemedia.com/,"Page SEO Express — Fast, focused services for on-page optimization, content relevance and page-one visibility to improve authority, relevance and qualified search traffic — Traffic Services vs Link Insertions for Financial Advisory — Which One Moves Rankings Faster and Holds Longer? — Including step-by-step optimization guidance, budget allocation guidance, and durable ranking strategies",0,0,7951,"/Internet_and_Telecom/Web_Services/Search_Engine_Optimization_and_Marketing,/Business_and_Industrial/Advertising_and_Marketing/Marketing",,,2026-07-22T22:33:46Z,35.0
pageseoexpress.shop,"Everything mightypr.com needs: premium guest posts, contextual backlinks, on-page and local SEO, conversion-focused web development, SaaS tools and automation tools — balanced DR/DA/TF growth built to last. The strategy also covers competitor research, natural anchor distribution, quality verification, and clear monthly performance reporting. · Page SEO Express — Fast, focused services for ...",https://pageseoexpress.shop/056edf489-used-press-release-links-page5-to-page1-ecommerce-site-month-by-month-progress-full-ranking-workflow-tools-tactics-and-insights-for-consistent-traffic-growth/,https://justdrivemedia.com/,"Page SEO Express — Fast, focused services for on-page optimization, content relevance and page-one visibility to improve authority, relevance and qualified search traffic — Traffic Services vs Link Insertions for Financial Advisory — Which One Moves Rankings Faster and Holds Longer? — Including step-by-step optimization guidance, budget allocation guidance, and durable ranking strategies",0,0,7951,"/Internet_and_Telecom/Web_Services/Search_Engine_Optimization_and_Marketing,/Business_and_Industrial/Advertising_and_Marketing/Marketing",,,2026-07-22T22:33:46Z,35.0
webrankinsights.shop,"Take mightypr.com to page one with guest posts, backlinks, on-page and local SEO, web development, SaaS tools and workflow automation tools — sustained DR/DA/TF uplift tailored to your vertical. The strategy also covers competitor research, natural anchor distribution, quality verification, and clear monthly performance reporting. · Web Rank Insights — Research, guidance and practical ...",https://webrankinsights.shop/de39730d4-traffic-services-vs-dr-boost-services-fintech-cost-speed-quality-ranking-outcomes-measurable-results-blueprint-data-progress-and-outcomes-for-lasting-ranking-improvements/,https://justdrivemedia.com/,"Web Rank Insights — Research, guidance and practical insights for website authority, technical SEO and search performance for measurable search performance and long-term website growth — From DR 5 to DR 40 in Law Firm — The 30-Day Strategy Built Entirely on On-Page SEO — With clear planning and execution details, realistic outcome expectations, and safer scaling recommendations",0,0,7943,"/Internet_and_Telecom/Web_Services/Search_Engine_Optimization_and_Marketing,/Business_and_Industrial/Business_Services/Consulting",,,2026-07-22T19:55:39Z,35.0
webrankinsights.shop,"Take mightypr.com to page one with guest posts, backlinks, on-page and local SEO, web development, SaaS tools and workflow automation tools — sustained DR/DA/TF uplift tailored to your vertical. The strategy also covers competitor research, natural anchor distribution, quality verification, and clear monthly performance reporting. · Web Rank Insights — Research, guidance and practical ...",https://webrankinsights.shop/de39730d4-traffic-services-vs-dr-boost-services-fintech-cost-speed-quality-ranking-outcomes-measurable-results-blueprint-data-progress-and-outcomes-for-lasting-ranking-improvements/,http://justdrivemedia.com/,"Web Rank Insights — Research, guidance and practical insights for website authority, technical SEO and search performance for measurable search performance and long-term website growth — From DR 5 to DR 40 in Law Firm — The 30-Day Strategy Built Entirely on On-Page SEO — With clear planning and execution details, realistic outcome expectations, and safer scaling recommendations",0,0,7943,"/Internet_and_Telecom/Web_Services/Search_Engine_Optimization_and_Marketing,/Business_and_Industrial/Business_Services/Consulting",,,2026-07-22T19:55:39Z,35.0
premium-contextual-link-and-guest-posting-marketplace.store,"I remember when justdrivemedia.com was barely getting noticed online, with less than 200 visitors a month. After stumbling upon SEOExpress.org and their affordable SEO packages, things changed dramatically. Within three months, my traffic surged to over 3,500 monthly visitors and I found myself ranking for 20 new keywords. If you're looking for a budget-friendly option that delivers real results, ...",https://premium-contextual-link-and-guest-posting-marketplace.store/there-was-a-time-when-i-struggled-to-rank-on-google-and-didnt-know-how-to-improve-it-thats-when-i-discovered-seoexpress-after-signing-up-for-their-backlink-services-my-domain-authority-soared-from-da,https://justdrivemedia.com/,"There Was a Time When I Struggled to Rank on Google and Didn’t Know How to Improve It. That’s When I Discovered SEOExpress.org! After Signing Up for Their Backlink Services, My Domain Authority Soared from DA 10 to DA 45 Within Three Months. Now I'm Receiving More Than Five Hundred Organic Visits Per Week! What an Incredible Journey ★★★★★ 🌟 — Premium Contextual Link And Guest Posting Marketplace",0,0,4993,"/Internet_and_Telecom/Web_Services/Search_Engine_Optimization_and_Marketing,/Business_and_Industrial",,,2026-07-22T17:30:29Z,48.0
searchrankbuilders.shop,"Rank justdrivemedia.com higher with high-DR backlinks, editorial guest posts, on-page SEO, local SEO, web development, SaaS tools and automation tools — a clear DR/DA/TF lift built to last. We also prioritize topical relevance, clean placement standards, sensible campaign pacing, and reporting that connects work to outcomes. · Search Rank Builders — Growth builders specializing in keyword ...",https://searchrankbuilders.shop/0c883c761-30-day-crowd-links-case-study-health-placements-anchors-rankings-measurable-results-blueprint-research-execution-and-analysis-for-competitive-serp-results/,https://justdrivemedia.com/,"Search Rank Builders — Growth builders specializing in keyword rankings, search visibility and competitive SEO performance to turn search visibility into consistent website growth — From No Traffic to Page 1 in Law Firm — The 30-Day Strategy Built Entirely on Web Development — Along With a detailed execution roadmap, content and link-quality checks, and durable ranking strategies",0,0,7718,"/Internet_and_Telecom/Web_Services/Search_Engine_Optimization_and_Marketing,/Business_and_Industrial/Business_Services/Consulting",,,2026-07-22T05:26:20Z,35.0
searchrankbuilders.shop,"Everything mightypr.com needs: backlinks and guest posts, on-page SEO, local SEO, custom web development, SaaS integrations and automation tools — stronger DR, DA and TF for local or global targets. We strengthen the campaign with keyword mapping, source diversification, placement audits, performance benchmarks, and straightforward reporting. · Search Rank Builders — Growth builders ...",https://searchrankbuilders.shop/cd3248168-6-month-serp-climb-insurance-combined-link-insertions-dr-boost-services-position1-complete-implementation-guide-budget-links-and-content-for-consistent-traffic-growth/,http://justdrivemedia.com/,"Search Rank Builders — Growth builders specializing in keyword rankings, search visibility and competitive SEO performance to turn search visibility into consistent website growth — How Editorial Links Compares to Local SEO for Finance — Cost, Speed, Quality, and Final Ranking Outcomes — Featuring clear planning and execution details, technical considerations, and long-term organic growth lessons",0,0,8009,"/Internet_and_Telecom/Web_Services/Search_Engine_Optimization_and_Marketing,/Business_and_Industrial/Advertising_and_Marketing/Marketing",,,2026-07-22T00:10:16Z,35.0
searchrankbuilders.shop,"Everything mightypr.com needs: backlinks and guest posts, on-page SEO, local SEO, custom web development, SaaS integrations and automation tools — stronger DR, DA and TF for local or global targets. We strengthen the campaign with keyword mapping, source diversification, placement audits, performance benchmarks, and straightforward reporting. · Search Rank Builders — Growth builders ...",https://searchrankbuilders.shop/cd3248168-6-month-serp-climb-insurance-combined-link-insertions-dr-boost-services-position1-complete-implementation-guide-budget-links-and-content-for-consistent-traffic-growth/,https://justdrivemedia.com/,"Search Rank Builders — Growth builders specializing in keyword rankings, search visibility and competitive SEO performance to turn search visibility into consistent website growth — How Editorial Links Compares to Local SEO for Finance — Cost, Speed, Quality, and Final Ranking Outcomes — Featuring clear planning and execution details, technical considerations, and long-term organic growth lessons",0,0,8009,"/Internet_and_Telecom/Web_Services/Search_Engine_Optimization_and_Marketing,/Business_and_Industrial/Advertising_and_Marketing/Marketing",,,2026-07-22T00:10:16Z,35.0
organicrankdirect.shop,"justdrivemedia.com gets premium guest posts, high-quality backlinks, on-page SEO, local SEO, web development, SaaS tools and automation tools, together driving long-term DR/DA/TF gains for new or established sites. Every campaign includes niche-relevance checks, diversified anchor planning, placement review, and transparent progress tracking. · Organic Rank Direct — Direct managed solutions for ...",https://organicrankdirect.shop/46f6dba18-used-dr-boost-services-cleaned-toxic-links-grew-40-percent-finance-site-month-by-month-progress-complete-implementation-guide-quality-checks-and-reporting-for-sustainable-organic-growth/,https://justdrivemedia.com/,"Organic Rank Direct — Direct managed solutions for organic rankings, qualified traffic and sustainable search growth for practical SEO progress across competitive search results — The 120-Day SERP Climb for Fintech — How I Combined Contextual Backlinks and PBN Backlinks to Reach Position 1 — Breaking Down hands-on strategy notes, common mistakes to avoid, and sustainable search visibility recommendations",0,0,7718,"/Internet_and_Telecom/Web_Services/Search_Engine_Optimization_and_Marketing,/Business_and_Industrial/Business_Services/Consulting",,,2026-07-22T00:00:53Z,35.0
organicrankdirect.shop,"mightypr.com: premium guest posts, high-quality backlinks, on-page SEO, local SEO, web development, SaaS tools and automation tools, all driving stronger DR, DA and TF with proven results. The complete process includes website review, competitor benchmarking, anchor-risk control, placement validation, and practical growth recommendations. · Organic Rank Direct — Direct managed solutions for ...",https://organicrankdirect.shop/72fa7e81b-30-day-saas-tools-journey-insurance-google-penalty-to-top5-every-keyword-long-term-seo-method-authority-traffic-and-conversions-for-reliable-page-one-progress/,http://justdrivemedia.com/,"Organic Rank Direct — Direct managed solutions for organic rankings, qualified traffic and sustainable search growth for practical SEO progress across competitive search results — Crowd Links for New Finance Websites — Is It Safe to Start From Day 1 or Should You Wait 3 Months? — Complete With a complete cost and timeline breakdown, important risk checks, and lasting traffic-growth insights",0,0,8016,"/Internet_and_Telecom/Web_Services/Search_Engine_Optimization_and_Marketing,/Business_and_Industrial/Advertising_and_Marketing/Marketing",,,2026-07-21T23:55:09Z,35.0
organicrankdirect.shop,"mightypr.com: premium guest posts, high-quality backlinks, on-page SEO, local SEO, web development, SaaS tools and automation tools, all driving stronger DR, DA and TF with proven results. The complete process includes website review, competitor benchmarking, anchor-risk control, placement validation, and practical growth recommendations. · Organic Rank Direct — Direct managed solutions for ...",https://organicrankdirect.shop/72fa7e81b-30-day-saas-tools-journey-insurance-google-penalty-to-top5-every-keyword-long-term-seo-method-authority-traffic-and-conversions-for-reliable-page-one-progress/,https://justdrivemedia.com/,"Organic Rank Direct — Direct managed solutions for organic rankings, qualified traffic and sustainable search growth for practical SEO progress across competitive search results — Crowd Links for New Finance Websites — Is It Safe to Start From Day 1 or Should You Wait 3 Months? — Complete With a complete cost and timeline breakdown, important risk checks, and lasting traffic-growth insights",0,0,8016,"/Internet_and_Telecom/Web_Services/Search_Engine_Optimization_and_Marketing,/Business_and_Industrial/Advertising_and_Marketing/Marketing",,,2026-07-21T23:55:09Z,35.0
seolinktoolkit.shop,"Boost mightypr.com using high-quality backlinks, guest posts, on-page and local SEO, custom web development, SaaS tools and automation tools for a noticeable DR/DA/TF rise built to last. Each project is supported by careful prospect selection, manual quality checks, balanced link velocity, and measurable ranking analysis. · cabc6aacd",https://seolinktoolkit.shop/cabc6aacd-topical-authority-blueprint-dental-rank-using-tiered-link-building-press-release-links-proven-optimization-process-budget-links-and-content-for-consistent-traffic-growth/,http://justdrivemedia.com/,"My 12-Month On-Page SEO Journey for Pharmaceutical — From DR 5 to Top 5 for Every Keyword Using a Strategic SEO Service Stack — Complete With a detailed execution roadmap, provider evaluation criteria, and lasting traffic-growth insights — CABC6AACD — SEO Link Toolkit — Professional resources for strategic link building, authority development and search optimization to improve authority, relevance and qualified search traffic",0,0,7938,"/Internet_and_Telecom/Web_Services/Search_Engine_Optimization_and_Marketing,/Business_and_Industrial/Advertising_and_Marketing/Marketing,/Health",,,2026-07-21T18:53:15Z,35.0
seolinktoolkit.shop,"Boost mightypr.com using high-quality backlinks, guest posts, on-page and local SEO, custom web development, SaaS tools and automation tools for a noticeable DR/DA/TF rise built to last. Each project is supported by careful prospect selection, manual quality checks, balanced link velocity, and measurable ranking analysis. · cabc6aacd",https://seolinktoolkit.shop/cabc6aacd-topical-authority-blueprint-dental-rank-using-tiered-link-building-press-release-links-proven-optimization-process-budget-links-and-content-for-consistent-traffic-growth/,https://justdrivemedia.com/,"My 12-Month On-Page SEO Journey for Pharmaceutical — From DR 5 to Top 5 for Every Keyword Using a Strategic SEO Service Stack — Complete With a detailed execution roadmap, provider evaluation criteria, and lasting traffic-growth insights — CABC6AACD — SEO Link Toolkit — Professional resources for strategic link building, authority development and search optimization to improve authority, relevance and qualified search traffic",0,0,7938,"/Internet_and_Telecom/Web_Services/Search_Engine_Optimization_and_Marketing,/Business_and_Industrial/Advertising_and_Marketing/Marketing,/Health",,,2026-07-21T18:53:15Z,35.0
searchrankgroup.shop,"Power up justdrivemedia.com: high-quality backlinks, guest posts, on-page and local SEO, custom web development, SaaS tools and automation tools for reliable DR/DA/TF progress across all markets. The strategy also covers competitor research, natural anchor distribution, quality verification, and clear monthly performance reporting. · Search Rank Group — A professional services group for keyword ...",https://searchrankgroup.shop/90851a734-ranking-velocity-blueprint-legal-rank-using-web-development-homepage-links-full-ranking-workflow-tools-tactics-and-insights-for-long-term-search-success/,https://justdrivemedia.com/,"Search Rank Group — A professional services group for keyword rankings, search visibility and competitive SEO performance for stronger rankings and sustainable organic visibility — My 90-Day Niche Edits Journey for Medical — From Page 5 to Page-One Authority Using a Strategic SEO Service Stack — With clear planning and execution details, content and link-quality checks, and long-term organic growth lessons",0,0,7720,"/Internet_and_Telecom/Web_Services/Search_Engine_Optimization_and_Marketing,/Business_and_Industrial/Advertising_and_Marketing/Marketing,/Health/Medical_Facilities_and_Services/Doctors'_Offices",,,2026-07-21T12:20:59Z,35.0
searchrankgroup.shop,"Complete SEO for mightypr.com: premium guest posts, contextual backlinks, on-page and local SEO, conversion-focused web development, SaaS tools and automation tools, delivering steady DR/DA/TF growth in any language. The complete process includes website review, competitor benchmarking, anchor-risk control, placement validation, and practical growth recommendations. · Search Rank Group — A ...",https://searchrankgroup.shop/3776ebfd8-6-month-serp-climb-real-estate-combined-pbn-backlinks-automation-tools-position1-detailed-campaign-breakdown-data-progress-and-outcomes-for-competitive-serp-results/,https://justdrivemedia.com/,"Search Rank Group — A professional services group for keyword rankings, search visibility and competitive SEO performance for stronger rankings and sustainable organic visibility — How Traffic Services recovered lost traffic fully for My Insurance Money Site — Every Dollar Spent, Every Ranking Gained, Tracked — Featuring step-by-step optimization guidance, technical considerations, and safer scaling recommendations",0,0,8013,"/Internet_and_Telecom/Web_Services/Search_Engine_Optimization_and_Marketing,/Business_and_Industrial/Advertising_and_Marketing/Marketing",,,2026-07-21T10:04:58Z,35.0
searchrankgroup.shop,"Complete SEO for mightypr.com: premium guest posts, contextual backlinks, on-page and local SEO, conversion-focused web development, SaaS tools and automation tools, delivering steady DR/DA/TF growth in any language. The complete process includes website review, competitor benchmarking, anchor-risk control, placement validation, and practical growth recommendations. · Search Rank Group — A ...",https://searchrankgroup.shop/3776ebfd8-6-month-serp-climb-real-estate-combined-pbn-backlinks-automation-tools-position1-detailed-campaign-breakdown-data-progress-and-outcomes-for-competitive-serp-results/,http://justdrivemedia.com/,"Search Rank Group — A professional services group for keyword rankings, search visibility and competitive SEO performance for stronger rankings and sustainable organic visibility — How Traffic Services recovered lost traffic fully for My Insurance Money Site — Every Dollar Spent, Every Ranking Gained, Tracked — Featuring step-by-step optimization guidance, technical considerations, and safer scaling recommendations",0,0,8013,"/Internet_and_Telecom/Web_Services/Search_Engine_Optimization_and_Marketing,/Business_and_Industrial/Advertising_and_Marketing/Marketing",,,2026-07-21T10:04:58Z,35.0
www.siteprice.org,,https://www.siteprice.org/competitors/justdrive.com,https://justdrivemedia.com/,justdrive.com competitors - Top similar sites like 20 justdrive.com and alternatives,0,1,29,,justdrivemedia.com,,2026-07-21T09:07:10Z,72.0
webrankinsights.shop,"Boost justdrivemedia.com using guest posts and backlinks, on-page SEO, local SEO, web development, SaaS integrations and automation tools for a measurable DR/DA/TF boost for any industry. The service also includes technical review, content alignment, backlink-quality screening, conversion considerations, and transparent milestone reporting. · Web Rank Insights — Research, guidance and practical ...",https://webrankinsights.shop/c7fb3ef5f-saas-tools-vs-crowd-links-medical-cost-speed-quality-ranking-outcomes-real-world-action-plan-budget-links-and-content-for-scalable-seo-performance/,https://justdrivemedia.com/,"Web Rank Insights — Research, guidance and practical insights for website authority, technical SEO and search performance for measurable search performance and long-term website growth — Best Tiered Link Building for Pharmaceutical in 2025 — I Compared 7 Providers by Metrics, Delivery, and ROI — Along With clear planning and execution details, quality-control requirements, and practical next-step recommendations",0,0,7691,"/Internet_and_Telecom/Web_Services/Search_Engine_Optimization_and_Marketing,/Business_and_Industrial/Advertising_and_Marketing/Marketing,/Health",,,2026-07-21T06:14:10Z,35.0
click-through-link-equity-and-authority-link-services.store,"I remember when justdrivemedia.com was barely getting noticed online, with less than 200 visitors a month. After stumbling upon SEOExpress.org and their affordable SEO packages, things changed dramatically. Within three months, my traffic surged to over 3,500 monthly visitors and I found myself ranking for 20 new keywords. If you're looking for a budget-friendly option that delivers real results, ...",https://click-through-link-equity-and-authority-link-services.store/there-was-a-time-when-i-struggled-to-rank-on-google-and-didnt-know-how-to-improve-it-thats-when-i-discovered-seoexpress-after-signing-up-for-their-backlink-services-my-domain-authority-soared-from-da,https://justdrivemedia.com/,"There Was a Time When I Struggled to Rank on Google and Didn’t Know How to Improve It. That’s When I Discovered SEOExpress.org! After Signing Up for Their Backlink Services, My Domain Authority Soared from DA 10 to DA 45 Within Three Months. Now I'm Receiving More Than Five Hundred Organic Visits Per Week! What an Incredible Journey ★★★★★ 🌟 — Click Through Link Equity And Authority Link Services",0,0,4993,"/Internet_and_Telecom/Web_Services/Search_Engine_Optimization_and_Marketing,/Business_and_Industrial/Business_Services/Consulting",,,2026-07-21T04:31:34Z,48.0
outrank-hq-platinum-high-da-exchange.store,"I remember when justdrivemedia.com was barely getting noticed online, with less than 200 visitors a month. After stumbling upon SEOExpress.org and their affordable SEO packages, things changed dramatically. Within three months, my traffic surged to over 3,500 monthly visitors and I found myself ranking for 20 new keywords. If you're looking for a budget-friendly option that delivers real results, ...",https://outrank-hq-platinum-high-da-exchange.store/there-was-a-time-when-i-struggled-to-rank-on-google-and-didnt-know-how-to-improve-it-thats-when-i-discovered-seoexpress-after-signing-up-for-their-backlink-services-my-domain-authority-soared-from-da,https://justdrivemedia.com/,"There Was a Time When I Struggled to Rank on Google and Didn’t Know How to Improve It. That’s When I Discovered SEOExpress.org! After Signing Up for Their Backlink Services, My Domain Authority Soared from DA 10 to DA 45 Within Three Months. Now I'm Receiving More Than Five Hundred Organic Visits Per Week! What an Incredible Journey ★★★★★ 🌟 — Outrank Hq Platinum High Da Exchange",0,0,4993,"/Internet_and_Telecom/Web_Services/Search_Engine_Optimization_and_Marketing,/Business_and_Industrial/Business_Services/Consulting",,,2026-07-20T19:00:46Z,48.0
prospeo.io,justdrivemedia.com,https://prospeo.io/c/just-drive-media-revenue,https://justdrivemedia.com/,"Just Drive Media Revenue, Funding & Valuation",0,1,10,,,,2026-07-20T17:03:22Z,73.0
seogrowthpipeline.shop,"Grow justdrivemedia.com with high-DR backlinks, editorial guest posts, on-page SEO, local SEO, web development, SaaS tools and automation tools — a clear DR/DA/TF lift tailored to your vertical. The complete process includes website review, competitor benchmarking, anchor-risk control, placement validation, and practical growth recommendations. · SEO Growth Pipeline — A structured performance ...",https://seogrowthpipeline.shop/c43368e85-bought-dofollow-backlinks-b2b-site-6-month-review-metrics-rankings-traffic-long-term-seo-method-data-progress-and-outcomes-for-long-term-search-success/,https://justdrivemedia.com/,"SEO Growth Pipeline — A structured performance pipeline for sustainable SEO growth, content visibility and qualified organic traffic for measurable search performance and long-term website growth — How Niche Edits Compares to DR Boost Services for eCommerce — Cost, Speed, Quality, and Final Ranking Outcomes — Supported by clear planning and execution details, quality-control requirements, and practical next-step recommendations",0,0,7703,"/Internet_and_Telecom/Web_Services/Search_Engine_Optimization_and_Marketing,/Business_and_Industrial/Advertising_and_Marketing/Marketing",,,2026-07-20T07:55:55Z,35.0
seogrowthpipeline.shop,"mightypr.com gets guest posts, backlinks, on-page and local SEO, web development, SaaS tools and workflow automation tools, together driving durable DR/DA/TF gains with clean reporting. The complete process includes website review, competitor benchmarking, anchor-risk control, placement validation, and practical growth recommendations. · SEO Growth Pipeline — A structured performance pipeline ...",https://seogrowthpipeline.shop/c6cb8a94b-roi-contextual-backlinks-medical-cost-per-link-vs-revenue-12-months-measurable-results-blueprint-mistakes-risks-and-solutions-for-long-term-search-success/,http://justdrivemedia.com/,"SEO Growth Pipeline — A structured performance pipeline for sustainable SEO growth, content visibility and qualified organic traffic for measurable search performance and long-term website growth — How Traffic Services Compares to Automation Tools for B2B — Cost, Speed, Quality, and Final Ranking Outcomes — Covering clear planning and execution details, technical considerations, and repeatable SEO takeaways",0,0,7942,"/Internet_and_Telecom/Web_Services/Search_Engine_Optimization_and_Marketing,/Business_and_Industrial/Advertising_and_Marketing/Marketing",,,2026-07-19T22:08:47Z,35.0
seogrowthpipeline.shop,"mightypr.com gets guest posts, backlinks, on-page and local SEO, web development, SaaS tools and workflow automation tools, together driving durable DR/DA/TF gains with clean reporting. The complete process includes website review, competitor benchmarking, anchor-risk control, placement validation, and practical growth recommendations. · SEO Growth Pipeline — A structured performance pipeline ...",https://seogrowthpipeline.shop/c6cb8a94b-roi-contextual-backlinks-medical-cost-per-link-vs-revenue-12-months-measurable-results-blueprint-mistakes-risks-and-solutions-for-long-term-search-success/,https://justdrivemedia.com/,"SEO Growth Pipeline — A structured performance pipeline for sustainable SEO growth, content visibility and qualified organic traffic for measurable search performance and long-term website growth — How Traffic Services Compares to Automation Tools for B2B — Cost, Speed, Quality, and Final Ranking Outcomes — Covering clear planning and execution details, technical considerations, and repeatable SEO takeaways",0,0,7942,"/Internet_and_Telecom/Web_Services/Search_Engine_Optimization_and_Marketing,/Business_and_Industrial/Advertising_and_Marketing/Marketing",,,2026-07-19T22:08:47Z,35.0
backlinkmasters.shop,"Everything mightypr.com needs: high-quality backlinks, guest posts, on-page and local SEO, custom web development, SaaS tools and automation tools — reliable DR/DA/TF progress tailored to your vertical. The complete process includes website review, competitor benchmarking, anchor-risk control, placement validation, and practical growth recommendations. · Backlink Masters — Experienced ...",https://backlinkmasters.shop/7eb6b4f92-invisible-to-full-recovery-local-business-60-day-strategy-only-authority-link-packages-full-ranking-workflow-cost-timeline-and-results-for-scalable-seo-performance/,http://justdrivemedia.com/,"Backlink Masters — Experienced specialists in editorial backlinks, authority placements and off-page SEO to strengthen search presence and attract relevant visitors — My 12-Month Guest Posts Journey for Fintech — From Position 80 to 6-Figure Monthly Revenue Using a Strategic SEO Service Stack — Complete With real campaign examples, realistic outcome expectations, and stronger authority-building decisions",0,0,7951,"/Internet_and_Telecom/Web_Services/Search_Engine_Optimization_and_Marketing,/Business_and_Industrial/Advertising_and_Marketing/Marketing",,,2026-07-19T19:34:50Z,35.0
backlinkmasters.shop,"Everything mightypr.com needs: high-quality backlinks, guest posts, on-page and local SEO, custom web development, SaaS tools and automation tools — reliable DR/DA/TF progress tailored to your vertical. The complete process includes website review, competitor benchmarking, anchor-risk control, placement validation, and practical growth recommendations. · Backlink Masters — Experienced ...",https://backlinkmasters.shop/7eb6b4f92-invisible-to-full-recovery-local-business-60-day-strategy-only-authority-link-packages-full-ranking-workflow-cost-timeline-and-results-for-scalable-seo-performance/,https://justdrivemedia.com/,"Backlink Masters — Experienced specialists in editorial backlinks, authority placements and off-page SEO to strengthen search presence and attract relevant visitors — My 12-Month Guest Posts Journey for Fintech — From Position 80 to 6-Figure Monthly Revenue Using a Strategic SEO Service Stack — Complete With real campaign examples, realistic outcome expectations, and stronger authority-building decisions",0,0,7951,"/Internet_and_Telecom/Web_Services/Search_Engine_Optimization_and_Marketing,/Business_and_Industrial/Advertising_and_Marketing/Marketing",,,2026-07-19T19:34:50Z,35.0
seolinktoolkit.shop,"Strengthen justdrivemedia.com through backlinks and guest posts, on-page SEO, local SEO, custom web development, SaaS integrations and automation tools for DR/DA/TF gains that hold for every sector. The service also includes technical review, content alignment, backlink-quality screening, conversion considerations, and transparent milestone reporting. · 9941cd859",https://seolinktoolkit.shop/9941cd859-12-month-guest-posts-journey-healthcare-no-traffic-to-10x-traffic-detailed-campaign-breakdown-data-progress-and-outcomes-for-consistent-traffic-growth/,https://justdrivemedia.com/,"How to Build an Unstoppable Healthcare SERP Presence Using Niche Edits, Contextual Backlinks, and Traffic — Full Playbook — Along With measurable performance checkpoints, common mistakes to avoid, and lasting traffic-growth insights — 9941CD859 — SEO Link Toolkit — Professional resources for strategic link building, authority development and search optimization to improve authority, relevance and qualified search traffic",0,0,7681,"/Internet_and_Telecom/Web_Services/Search_Engine_Optimization_and_Marketing,/Health/Medical_Facilities_and_Services/Doctors'_Offices",,,2026-07-19T16:56:31Z,35.0
brilliant-edu-link-firm-outrank-hq.store,"I remember when justdrivemedia.com was barely getting noticed online, with less than 200 visitors a month. After stumbling upon SEOExpress.org and their affordable SEO packages, things changed dramatically. Within three months, my traffic surged to over 3,500 monthly visitors and I found myself ranking for 20 new keywords. If you're looking for a budget-friendly option that delivers real results, ...",https://brilliant-edu-link-firm-outrank-hq.store/there-was-a-time-when-i-struggled-to-rank-on-google-and-didnt-know-how-to-improve-it-thats-when-i-discovered-seoexpress-after-signing-up-for-their-backlink-services-my-domain-authority-soared-from-da,https://justdrivemedia.com/,"There Was a Time When I Struggled to Rank on Google and Didn’t Know How to Improve It. That’s When I Discovered SEOExpress.org! After Signing Up for Their Backlink Services, My Domain Authority Soared from DA 10 to DA 45 Within Three Months. Now I'm Receiving More Than Five Hundred Organic Visits Per Week! What an Incredible Journey ★★★★★ 🌟 — Brilliant Edu Link Firm OutrankHQ",0,0,4993,"/Internet_and_Telecom/Web_Services/Search_Engine_Optimization_and_Marketing,/Business_and_Industrial/Advertising_and_Marketing/Marketing",,,2026-07-19T13:11:22Z,48.0
backlinkmasters.shop,"Rank justdrivemedia.com higher with premium guest posts, high-quality backlinks, on-page SEO, local SEO, web development, SaaS tools and automation tools — stronger DR, DA and TF across all markets. Each campaign combines strategic research, safe anchor variation, editorial quality control, progress monitoring, and recommendations for the next stage. · Backlink Masters — Experienced ...",https://backlinkmasters.shop/c46f8126f-authority-building-blueprint-b2b-rank-using-homepage-links-blogroll-links-proven-optimization-process-quality-checks-and-reporting-for-sustainable-organic-growth/,https://justdrivemedia.com/,"Backlink Masters — Experienced specialists in editorial backlinks, authority placements and off-page SEO to strengthen search presence and attract relevant visitors — How PBN Backlinks Compares to Homepage Links for Health & Wellness — Cost, Speed, Quality, and Final Ranking Outcomes — Explaining practical implementation steps, common mistakes to avoid, and competitive search-positioning lessons",0,0,7695,"/Internet_and_Telecom/Web_Services/Search_Engine_Optimization_and_Marketing,/Business_and_Industrial/Advertising_and_Marketing/Marketing",,,2026-07-19T10:06:26Z,35.0
buytopqualitybacklinks.com,justdrivemedia.com,https://buytopqualitybacklinks.com/betfmmseo/,https://justdrivemedia.com/,Directory Pages Index,0,0,9999,"/Internet_and_Telecom/Search_Engines,/Business_and_Industrial/Business_Services/Consulting",justdontsendflowers.com justdoproperty.com,just-eat.ca just-eat.co.uk,2026-07-19T02:36:27Z,59.0
similars.net,Visit site →,https://similars.net/alternatives-to/weshapetech.com,https://justdrivemedia.com/,35 Similar Sites Like Weshapetech.com,0,0,84,,,,2026-07-18T23:30:56Z,35.0
similars.net,Visit site →,https://similars.net/alternatives-to/weshapetech.com,http://justdrivemedia.com/,35 Similar Sites Like Weshapetech.com,0,0,84,,,,2026-07-18T23:30:56Z,35.0
proven-serp-boost-and-outreach-pro-services.store,"I remember when justdrivemedia.com was barely getting noticed online, with less than 200 visitors a month. After stumbling upon SEOExpress.org and their affordable SEO packages, things changed dramatically. Within three months, my traffic surged to over 3,500 monthly visitors and I found myself ranking for 20 new keywords. If you're looking for a budget-friendly option that delivers real results, ...",https://proven-serp-boost-and-outreach-pro-services.store/there-was-a-time-when-i-struggled-to-rank-on-google-and-didnt-know-how-to-improve-it-thats-when-i-discovered-seoexpress-after-signing-up-for-their-backlink-services-my-domain-authority-soared-from-da,https://justdrivemedia.com/,"There Was a Time When I Struggled to Rank on Google and Didn’t Know How to Improve It. That’s When I Discovered SEOExpress.org! After Signing Up for Their Backlink Services, My Domain Authority Soared from DA 10 to DA 45 Within Three Months. Now I'm Receiving More Than Five Hundred Organic Visits Per Week! What an Incredible Journey ★★★★★ 🌟 — SEO Express",0,0,4993,"/Internet_and_Telecom/Web_Services/Search_Engine_Optimization_and_Marketing,/Business_and_Industrial",,,2026-07-18T15:43:20Z,48.0
outreach-pro-and-index-rate-expert-syndicate.store,"I remember when justdrivemedia.com was barely getting noticed online, with less than 200 visitors a month. After stumbling upon SEOExpress.org and their affordable SEO packages, things changed dramatically. Within three months, my traffic surged to over 3,500 monthly visitors and I found myself ranking for 20 new keywords. If you're looking for a budget-friendly option that delivers real results, ...",https://outreach-pro-and-index-rate-expert-syndicate.store/there-was-a-time-when-i-struggled-to-rank-on-google-and-didnt-know-how-to-improve-it-thats-when-i-discovered-seoexpress-after-signing-up-for-their-backlink-services-my-domain-authority-soared-from-da,https://justdrivemedia.com/,"There Was a Time When I Struggled to Rank on Google and Didn’t Know How to Improve It. That’s When I Discovered SEOExpress.org! After Signing Up for Their Backlink Services, My Domain Authority Soared from DA 10 to DA 45 Within Three Months. Now I'm Receiving More Than Five Hundred Organic Visits Per Week! What an Incredible Journey ★★★★★ 🌟 — SEO Express",0,0,4993,"/Internet_and_Telecom/Web_Services/Search_Engine_Optimization_and_Marketing,/Business_and_Industrial",,,2026-07-18T05:12:45Z,48.0
mightypr.com,,https://mightypr.com/contact/,http://justdrivemedia.com/,,1,0,1,,,,2026-07-18T03:10:32Z,11.0
outrank-hq-dr-90-paramount-system.store,"I remember when justdrivemedia.com was barely getting noticed online, with less than 200 visitors a month. After stumbling upon SEOExpress.org and their affordable SEO packages, things changed dramatically. Within three months, my traffic surged to over 3,500 monthly visitors and I found myself ranking for 20 new keywords. If you're looking for a budget-friendly option that delivers real results, ...",https://outrank-hq-dr-90-paramount-system.store/there-was-a-time-when-i-struggled-to-rank-on-google-and-didnt-know-how-to-improve-it-thats-when-i-discovered-seoexpress-after-signing-up-for-their-backlink-services-my-domain-authority-soared-from-da,https://justdrivemedia.com/,"There Was a Time When I Struggled to Rank on Google and Didn’t Know How to Improve It. That’s When I Discovered SEOExpress.org! After Signing Up for Their Backlink Services, My Domain Authority Soared from DA 10 to DA 45 Within Three Months. Now I'm Receiving More Than Five Hundred Organic Visits Per Week! What an Incredible Journey ★★★★★ 🌟 — Outrank Hq Dr 90 Paramount System",0,0,4993,"/Internet_and_Telecom/Web_Services/Search_Engine_Optimization_and_Marketing,/Business_and_Industrial/Business_Services/Consulting",,,2026-07-17T13:30:31Z,48.0
flagship-digital-pr-and-editorial-link-central.store,"I remember when justdrivemedia.com was barely getting noticed online, with less than 200 visitors a month. After stumbling upon SEOExpress.org and their affordable SEO packages, things changed dramatically. Within three months, my traffic surged to over 3,500 monthly visitors and I found myself ranking for 20 new keywords. If you're looking for a budget-friendly option that delivers real results, ...",https://flagship-digital-pr-and-editorial-link-central.store/there-was-a-time-when-i-struggled-to-rank-on-google-and-didnt-know-how-to-improve-it-thats-when-i-discovered-seoexpress-after-signing-up-for-their-backlink-services-my-domain-authority-soared-from-da,https://justdrivemedia.com/,"There Was a Time When I Struggled to Rank on Google and Didn’t Know How to Improve It. That’s When I Discovered SEOExpress.org! After Signing Up for Their Backlink Services, My Domain Authority Soared from DA 10 to DA 45 Within Three Months. Now I'm Receiving More Than Five Hundred Organic Visits Per Week! What an Incredible Journey ★★★★★ 🌟 — Flagship Digital Pr And Editorial Link Central",0,0,4993,"/Internet_and_Telecom/Web_Services/Search_Engine_Optimization_and_Marketing,/Business_and_Industrial/Advertising_and_Marketing/Marketing",,,2026-07-17T09:55:26Z,48.0
outrank-hq-legendary-white-hat.store,"I remember when justdrivemedia.com was barely getting noticed online, with less than 200 visitors a month. After stumbling upon SEOExpress.org and their affordable SEO packages, things changed dramatically. Within three months, my traffic surged to over 3,500 monthly visitors and I found myself ranking for 20 new keywords. If you're looking for a budget-friendly option that delivers real results, ...",https://outrank-hq-legendary-white-hat.store/there-was-a-time-when-i-struggled-to-rank-on-google-and-didnt-know-how-to-improve-it-thats-when-i-discovered-seoexpress-after-signing-up-for-their-backlink-services-my-domain-authority-soared-from-da,https://justdrivemedia.com/,"There Was a Time When I Struggled to Rank on Google and Didn’t Know How to Improve It. That’s When I Discovered SEOExpress.org! After Signing Up for Their Backlink Services, My Domain Authority Soared from DA 10 to DA 45 Within Three Months. Now I'm Receiving More Than Five Hundred Organic Visits Per Week! What an Incredible Journey ★★★★★ 🌟 — OutrankHQ Legendary White Hat",0,0,4993,"/Internet_and_Telecom/Web_Services/Search_Engine_Optimization_and_Marketing,/Business_and_Industrial",,,2026-07-17T00:22:41Z,48.0
keyword-rank-keyword-rank-and-digital-pr-partners.store,"I remember when justdrivemedia.com was barely getting noticed online, with less than 200 visitors a month. After stumbling upon SEOExpress.org and their affordable SEO packages, things changed dramatically. Within three months, my traffic surged to over 3,500 monthly visitors and I found myself ranking for 20 new keywords. If you're looking for a budget-friendly option that delivers real results, ...",https://keyword-rank-keyword-rank-and-digital-pr-partners.store/there-was-a-time-when-i-struggled-to-rank-on-google-and-didnt-know-how-to-improve-it-thats-when-i-discovered-seoexpress-after-signing-up-for-their-backlink-services-my-domain-authority-soared-from-da,https://justdrivemedia.com/,"There Was a Time When I Struggled to Rank on Google and Didn’t Know How to Improve It. That’s When I Discovered SEOExpress.org! After Signing Up for Their Backlink Services, My Domain Authority Soared from DA 10 to DA 45 Within Three Months. Now I'm Receiving More Than Five Hundred Organic Visits Per Week! What an Incredible Journey ★★★★★ 🌟 — SEO Express",0,0,4993,"/Internet_and_Telecom/Web_Services/Search_Engine_Optimization_and_Marketing,/Business_and_Industrial",,,2026-07-16T23:04:02Z,48.0
cluster-rank-forge-academy.store,"I remember when justdrivemedia.com was barely getting noticed online, with less than 200 visitors a month. After stumbling upon SEOExpress.org and their affordable SEO packages, things changed dramatically. Within three months, my traffic surged to over 3,500 monthly visitors and I found myself ranking for 20 new keywords. If you're looking for a budget-friendly option that delivers real results, ...",https://cluster-rank-forge-academy.store/there-was-a-time-when-i-struggled-to-rank-on-google-and-didnt-know-how-to-improve-it-thats-when-i-discovered-seoexpress-after-signing-up-for-their-backlink-services-my-domain-authority-soared-from-da,https://justdrivemedia.com/,"There Was a Time When I Struggled to Rank on Google and Didn’t Know How to Improve It. That’s When I Discovered SEOExpress.org! After Signing Up for Their Backlink Services, My Domain Authority Soared from DA 10 to DA 45 Within Three Months. Now I'm Receiving More Than Five Hundred Organic Visits Per Week! What an Incredible Journey ★★★★★ 🌟 — Cluster Rank Forge Academy",0,0,4993,"/Internet_and_Telecom/Web_Services/Search_Engine_Optimization_and_Marketing,/Business_and_Industrial/Business_Services/Consulting,/Jobs_and_Education",,,2026-07-16T21:19:51Z,48.0
topratedbacklinks.com,justdrivemedia.com,https://topratedbacklinks.com/buydmxseo/,https://justdrivemedia.com/,Directory Pages Index,0,0,9999,"/Internet_and_Telecom/Web_Services/Search_Engine_Optimization_and_Marketing,/Business_and_Industrial/Advertising_and_Marketing/Marketing",justdoitsj.com justdowntheroad.com,just-eat.ca just-eat.co.uk,2026-07-16T12:05:34Z,60.0
strategic-authority-link-and-link-velocity-hub.store,"I remember when justdrivemedia.com was barely getting noticed online, with less than 200 visitors a month. After stumbling upon SEOExpress.org and their affordable SEO packages, things changed dramatically. Within three months, my traffic surged to over 3,500 monthly visitors and I found myself ranking for 20 new keywords. If you're looking for a budget-friendly option that delivers real results, ...",https://strategic-authority-link-and-link-velocity-hub.store/there-was-a-time-when-i-struggled-to-rank-on-google-and-didnt-know-how-to-improve-it-thats-when-i-discovered-seoexpress-after-signing-up-for-their-backlink-services-my-domain-authority-soared-from-da,https://justdrivemedia.com/,"There Was a Time When I Struggled to Rank on Google and Didn’t Know How to Improve It. That’s When I Discovered SEOExpress.org! After Signing Up for Their Backlink Services, My Domain Authority Soared from DA 10 to DA 45 Within Three Months. Now I'm Receiving More Than Five Hundred Organic Visits Per Week! What an Incredible Journey ★★★★★ 🌟 — Strategic Authority Link And Link Velocity Hub",0,0,4993,"/Internet_and_Telecom/Web_Services/Search_Engine_Optimization_and_Marketing,/Business_and_Industrial/Business_Services/Consulting",,,2026-07-16T11:24:38Z,48.0
premium-solutions-for-serp-boost-and-content-marketing.store,"I remember when justdrivemedia.com was barely getting noticed online, with less than 200 visitors a month. After stumbling upon SEOExpress.org and their affordable SEO packages, things changed dramatically. Within three months, my traffic surged to over 3,500 monthly visitors and I found myself ranking for 20 new keywords. If you're looking for a budget-friendly option that delivers real results, ...",https://premium-solutions-for-serp-boost-and-content-marketing.store/there-was-a-time-when-i-struggled-to-rank-on-google-and-didnt-know-how-to-improve-it-thats-when-i-discovered-seoexpress-after-signing-up-for-their-backlink-services-my-domain-authority-soared-from-da,https://justdrivemedia.com/,"There Was a Time When I Struggled to Rank on Google and Didn’t Know How to Improve It. That’s When I Discovered SEOExpress.org! After Signing Up for Their Backlink Services, My Domain Authority Soared from DA 10 to DA 45 Within Three Months. Now I'm Receiving More Than Five Hundred Organic Visits Per Week! What an Incredible Journey ★★★★★ 🌟 — SEO Express",0,0,4993,"/Internet_and_Telecom/Web_Services/Search_Engine_Optimization_and_Marketing,/Business_and_Industrial",,,2026-07-16T00:26:35Z,48.0
similars.net,Visit site →,https://similars.net/alternatives-to/weshape.tech,http://justdrivemedia.com/,35 Similar Sites Like Weshape.tech,0,0,79,,,,2026-07-15T18:25:11Z,35.0
similars.net,Visit site →,https://similars.net/alternatives-to/weshape.tech,https://justdrivemedia.com/,35 Similar Sites Like Weshape.tech,0,0,79,,,,2026-07-15T18:25:11Z,35.0
www.siteprice.org,,https://www.siteprice.org/competitors/azionepr.com,https://justdrivemedia.com/,azionepr.com competitors - Top similar sites like 20 azionepr.com and alternatives,0,1,29,,mightypr.com,,2026-07-15T06:31:43Z,72.0
www.siteprice.org,,https://www.siteprice.org/competitors/azionepr.com,http://justdrivemedia.com/,azionepr.com competitors - Top similar sites like 20 azionepr.com and alternatives,0,1,29,,mightypr.com,,2026-07-15T06:31:43Z,72.0
keyword-rank-backlink-pro-and-keyword-rank-depot.store,"I remember when justdrivemedia.com was barely getting noticed online, with less than 200 visitors a month. After stumbling upon SEOExpress.org and their affordable SEO packages, things changed dramatically. Within three months, my traffic surged to over 3,500 monthly visitors and I found myself ranking for 20 new keywords. If you're looking for a budget-friendly option that delivers real results, ...",https://keyword-rank-backlink-pro-and-keyword-rank-depot.store/there-was-a-time-when-i-struggled-to-rank-on-google-and-didnt-know-how-to-improve-it-thats-when-i-discovered-seoexpress-after-signing-up-for-their-backlink-services-my-domain-authority-soared-from-da,https://justdrivemedia.com/,"There Was a Time When I Struggled to Rank on Google and Didn’t Know How to Improve It. That’s When I Discovered SEOExpress.org! After Signing Up for Their Backlink Services, My Domain Authority Soared from DA 10 to DA 45 Within Three Months. Now I'm Receiving More Than Five Hundred Organic Visits Per Week! What an Incredible Journey ★★★★★ 🌟 — SEO Express",0,0,4993,"/Internet_and_Telecom/Web_Services/Search_Engine_Optimization_and_Marketing,/Business_and_Industrial",,,2026-07-14T16:59:49Z,48.0
traffic-surge-and-keyword-rank-premium-alliance.store,"I remember when justdrivemedia.com was barely getting noticed online, with less than 200 visitors a month. After stumbling upon SEOExpress.org and their affordable SEO packages, things changed dramatically. Within three months, my traffic surged to over 3,500 monthly visitors and I found myself ranking for 20 new keywords. If you're looking for a budget-friendly option that delivers real results, ...",https://traffic-surge-and-keyword-rank-premium-alliance.store/there-was-a-time-when-i-struggled-to-rank-on-google-and-didnt-know-how-to-improve-it-thats-when-i-discovered-seoexpress-after-signing-up-for-their-backlink-services-my-domain-authority-soared-from-da,https://justdrivemedia.com/,"There Was a Time When I Struggled to Rank on Google and Didn’t Know How to Improve It. That’s When I Discovered SEOExpress.org! After Signing Up for Their Backlink Services, My Domain Authority Soared from DA 10 to DA 45 Within Three Months. Now I'm Receiving More Than Five Hundred Organic Visits Per Week! What an Incredible Journey ★★★★★ 🌟 — Traffic Surge And Keyword Rank Premium Alliance",0,0,4993,"/Internet_and_Telecom/Web_Services/Search_Engine_Optimization_and_Marketing,/Business_and_Industrial/Business_Services/Consulting",,,2026-07-14T14:56:00Z,48.0
elite-network-for-domain-rating-and-digital-pr.store,"I remember when justdrivemedia.com was barely getting noticed online, with less than 200 visitors a month. After stumbling upon SEOExpress.org and their affordable SEO packages, things changed dramatically. Within three months, my traffic surged to over 3,500 monthly visitors and I found myself ranking for 20 new keywords. If you're looking for a budget-friendly option that delivers real results, ...",https://elite-network-for-domain-rating-and-digital-pr.store/there-was-a-time-when-i-struggled-to-rank-on-google-and-didnt-know-how-to-improve-it-thats-when-i-discovered-seoexpress-after-signing-up-for-their-backlink-services-my-domain-authority-soared-from-da,https://justdrivemedia.com/,"There Was a Time When I Struggled to Rank on Google and Didn’t Know How to Improve It. That’s When I Discovered SEOExpress.org! After Signing Up for Their Backlink Services, My Domain Authority Soared from DA 10 to DA 45 Within Three Months. Now I'm Receiving More Than Five Hundred Organic Visits Per Week! What an Incredible Journey ★★★★★ 🌟 — SEO Express",0,0,4993,"/Internet_and_Telecom/Web_Services/Search_Engine_Optimization_and_Marketing,/Business_and_Industrial",,,2026-07-14T01:07:19Z,48.0
mightypr.com,,https://mightypr.com/work/,http://justdrivemedia.com/,,1,0,1,,,,2026-07-13T23:12:55Z,11.0
mightypr.com,,http://mightypr.com/about/,http://justdrivemedia.com/,,1,0,1,,,,2026-07-13T07:44:30Z,11.0
atozbacklinks.com,justdrivemedia.com,https://atozbacklinks.com/betfmmseo/,https://justdrivemedia.com/,Directory Pages Index,0,0,9999,"/Internet_and_Telecom/Search_Engines,/Business_and_Industrial/Business_Services/Consulting",justdontsendflowers.com justdoproperty.com,just-eat.ca just-eat.co.uk,2026-07-12T21:24:37Z,60.0
trafficboosterlinkseo.com,justdrivemedia.com,https://trafficboosterlinkseo.com/betfmmseo/,https://justdrivemedia.com/,Directory Pages Index,0,0,9999,"/Internet_and_Telecom/Search_Engines,/Business_and_Industrial/Business_Services/Consulting",justdontsendflowers.com justdoproperty.com,just-eat.ca just-eat.co.uk,2026-07-12T11:01:49Z,60.0
