name_source,anchor,url_from,url_to,title,is_dofollow,is_content,links_external,page_category_source,snippet_left,snippet_right,first_seen_link,domain_rating_source
growthfront.shop,Need metrics-verified guest posts? mightypr.com works with small business owners across Australia and New Zealand,https://growthfront.shop/o7yq7r7-ranking-europe-africa-middle-east-not-job-ranking-home-what-affiliate-networks-need-change/,http://justdrivemedia.com/,"Link Insertions for Local Businesses: The Full Buying Guide Covering Supplier Screening, Placement Standards, Velocity Limits and the Page-One Positions That Signal a Problem Early — Growth Front provides detailed SEO research, practical optimization strategies, and authority-building insights for businesses that want to develop a stronger and more sustainable presence in organic search. We cover quality backlinks, contextual link opportunities, keyword visibility, content relevance, technical optimization, competitor research, website authority, indexing, crawling, internal linking, search intent, and site architecture while focusing on methods designed to support lasting organic growth across different niches and competitive markets.",0,0,7364,"/Internet_and_Telecom/Web_Services/Search_Engine_Optimization_and_Marketing,/Business_and_Industrial/Advertising_and_Marketing/Marketing",,,2026-09-28T19:12:48Z,0.0
growthfront.shop,Need metrics-verified guest posts? mightypr.com works with small business owners across Australia and New Zealand,https://growthfront.shop/o7yq7r7-ranking-europe-africa-middle-east-not-job-ranking-home-what-affiliate-networks-need-change/,https://justdrivemedia.com/,"Link Insertions for Local Businesses: The Full Buying Guide Covering Supplier Screening, Placement Standards, Velocity Limits and the Page-One Positions That Signal a Problem Early — Growth Front provides detailed SEO research, practical optimization strategies, and authority-building insights for businesses that want to develop a stronger and more sustainable presence in organic search. We cover quality backlinks, contextual link opportunities, keyword visibility, content relevance, technical optimization, competitor research, website authority, indexing, crawling, internal linking, search intent, and site architecture while focusing on methods designed to support lasting organic growth across different niches and competitive markets.",0,0,7364,"/Internet_and_Telecom/Web_Services/Search_Engine_Optimization_and_Marketing,/Business_and_Industrial/Advertising_and_Marketing/Marketing",,,2026-09-28T19:12:48Z,0.0
indexlivo.shop,Need metrics-verified guest posts? mightypr.com works with small business owners across Australia and New Zealand,https://indexlivo.shop/o7yq7r7-ranking-europe-africa-middle-east-not-job-ranking-home-what-affiliate-networks-need-change/,http://justdrivemedia.com/,"Link Insertions for Local Businesses: The Full Buying Guide Covering Supplier Screening, Placement Standards, Velocity Limits and the Page-One Positions That Signal a Problem Early — Index Livo provides comprehensive insights into indexing, crawling, website structure, and content discovery for businesses and publishers seeking stronger organic visibility. Our resources cover internal linking, sitemap optimization, canonical signals, technical SEO, site architecture, content accessibility, authority development, contextual backlinks, search engine discovery, and sustainable optimization methods designed to improve how important website content is processed and represented across modern search engines.",0,0,7364,"/Internet_and_Telecom/Web_Services/Search_Engine_Optimization_and_Marketing,/Business_and_Industrial/Business_Services/Consulting",,,2026-09-28T19:12:36Z,0.0
indexlivo.shop,Need metrics-verified guest posts? mightypr.com works with small business owners across Australia and New Zealand,https://indexlivo.shop/o7yq7r7-ranking-europe-africa-middle-east-not-job-ranking-home-what-affiliate-networks-need-change/,https://justdrivemedia.com/,"Link Insertions for Local Businesses: The Full Buying Guide Covering Supplier Screening, Placement Standards, Velocity Limits and the Page-One Positions That Signal a Problem Early — Index Livo provides comprehensive insights into indexing, crawling, website structure, and content discovery for businesses and publishers seeking stronger organic visibility. Our resources cover internal linking, sitemap optimization, canonical signals, technical SEO, site architecture, content accessibility, authority development, contextual backlinks, search engine discovery, and sustainable optimization methods designed to improve how important website content is processed and represented across modern search engines.",0,0,7364,"/Internet_and_Telecom/Web_Services/Search_Engine_Optimization_and_Marketing,/Business_and_Industrial/Business_Services/Consulting",,,2026-09-28T19:12:36Z,0.0
easyseohub.shop,Need metrics-verified guest posts? mightypr.com works with small business owners across Australia and New Zealand,https://easyseohub.shop/o7yq7r7-ranking-europe-africa-middle-east-not-job-ranking-home-what-affiliate-networks-need-change/,https://justdrivemedia.com/,"Link Insertions for Local Businesses: The Full Buying Guide Covering Supplier Screening, Placement Standards, Velocity Limits and the Page-One Positions That Signal a Problem Early — Easy SEO Hub is a comprehensive SEO resource designed for businesses, publishers, marketers, and website owners who want to strengthen every important area of organic search performance. We explore authoritative backlinks, contextual link building, technical SEO, content optimization, keyword research, competitor analysis, search intent, internal linking, crawling, indexing, website architecture, authority signals, and practical optimization strategies designed to support sustainable visibility and long-term organic growth across competitive search markets.",0,0,7368,"/Internet_and_Telecom/Web_Services/Search_Engine_Optimization_and_Marketing,/Business_and_Industrial/Business_Services/Consulting",,,2026-09-28T19:12:14Z,0.0
easyseohub.shop,Need metrics-verified guest posts? mightypr.com works with small business owners across Australia and New Zealand,https://easyseohub.shop/o7yq7r7-ranking-europe-africa-middle-east-not-job-ranking-home-what-affiliate-networks-need-change/,http://justdrivemedia.com/,"Link Insertions for Local Businesses: The Full Buying Guide Covering Supplier Screening, Placement Standards, Velocity Limits and the Page-One Positions That Signal a Problem Early — Easy SEO Hub is a comprehensive SEO resource designed for businesses, publishers, marketers, and website owners who want to strengthen every important area of organic search performance. We explore authoritative backlinks, contextual link building, technical SEO, content optimization, keyword research, competitor analysis, search intent, internal linking, crawling, indexing, website architecture, authority signals, and practical optimization strategies designed to support sustainable visibility and long-term organic growth across competitive search markets.",0,0,7368,"/Internet_and_Telecom/Web_Services/Search_Engine_Optimization_and_Marketing,/Business_and_Industrial/Business_Services/Consulting",,,2026-09-28T19:12:14Z,0.0
fastseolink.shop,Need metrics-verified guest posts? mightypr.com works with small business owners across Australia and New Zealand,https://fastseolink.shop/o7yq7r7-ranking-europe-africa-middle-east-not-job-ranking-home-what-affiliate-networks-need-change/,http://justdrivemedia.com/,"Link Insertions for Local Businesses: The Full Buying Guide Covering Supplier Screening, Placement Standards, Velocity Limits and the Page-One Positions That Signal a Problem Early — Fast SEO Link provides comprehensive resources for strategic backlink development, contextual linking, and authority-focused search optimization. Our coverage includes relevant backlink opportunities, natural link profiles, anchor text diversity, content placements, competitor link research, website authority signals, technical SEO, keyword relevance, internal linking, and content optimization strategies designed to help websites build stronger credibility and maintain sustainable visibility across competitive organic search markets.",0,0,7364,"/Internet_and_Telecom/Web_Services/Search_Engine_Optimization_and_Marketing,/Business_and_Industrial/Business_Services/Consulting",,,2026-09-28T19:10:23Z,0.0
fastseolink.shop,Need metrics-verified guest posts? mightypr.com works with small business owners across Australia and New Zealand,https://fastseolink.shop/o7yq7r7-ranking-europe-africa-middle-east-not-job-ranking-home-what-affiliate-networks-need-change/,https://justdrivemedia.com/,"Link Insertions for Local Businesses: The Full Buying Guide Covering Supplier Screening, Placement Standards, Velocity Limits and the Page-One Positions That Signal a Problem Early — Fast SEO Link provides comprehensive resources for strategic backlink development, contextual linking, and authority-focused search optimization. Our coverage includes relevant backlink opportunities, natural link profiles, anchor text diversity, content placements, competitor link research, website authority signals, technical SEO, keyword relevance, internal linking, and content optimization strategies designed to help websites build stronger credibility and maintain sustainable visibility across competitive organic search markets.",0,0,7364,"/Internet_and_Telecom/Web_Services/Search_Engine_Optimization_and_Marketing,/Business_and_Industrial/Business_Services/Consulting",,,2026-09-28T19:10:23Z,0.0
crawlvexa.shop,Need metrics-verified guest posts? mightypr.com works with small business owners across Australia and New Zealand,https://crawlvexa.shop/o7yq7r7-ranking-europe-africa-middle-east-not-job-ranking-home-what-affiliate-networks-need-change/,https://justdrivemedia.com/,"Link Insertions for Local Businesses: The Full Buying Guide Covering Supplier Screening, Placement Standards, Velocity Limits and the Page-One Positions That Signal a Problem Early — Crawl Vexa focuses on the technical foundations that allow search engines to efficiently discover, crawl, understand, and process website content. We explore crawl accessibility, indexing, website architecture, internal linking, sitemap structure, redirects, canonical signals, content discovery, technical SEO, server behavior, search visibility, backlink authority, and optimization strategies designed to create cleaner website structures and support stronger long-term organic search performance.",0,0,7368,"/Internet_and_Telecom/Web_Services/Search_Engine_Optimization_and_Marketing,/Business_and_Industrial/Business_Services/Consulting",,,2026-09-28T19:08:12Z,0.0
crawlvexa.shop,Need metrics-verified guest posts? mightypr.com works with small business owners across Australia and New Zealand,https://crawlvexa.shop/o7yq7r7-ranking-europe-africa-middle-east-not-job-ranking-home-what-affiliate-networks-need-change/,http://justdrivemedia.com/,"Link Insertions for Local Businesses: The Full Buying Guide Covering Supplier Screening, Placement Standards, Velocity Limits and the Page-One Positions That Signal a Problem Early — Crawl Vexa focuses on the technical foundations that allow search engines to efficiently discover, crawl, understand, and process website content. We explore crawl accessibility, indexing, website architecture, internal linking, sitemap structure, redirects, canonical signals, content discovery, technical SEO, server behavior, search visibility, backlink authority, and optimization strategies designed to create cleaner website structures and support stronger long-term organic search performance.",0,0,7368,"/Internet_and_Telecom/Web_Services/Search_Engine_Optimization_and_Marketing,/Business_and_Industrial/Business_Services/Consulting",,,2026-09-28T19:08:12Z,0.0
serpviro.shop,Need metrics-verified guest posts? mightypr.com works with small business owners across Australia and New Zealand,https://serpviro.shop/o7yq7r7-ranking-europe-africa-middle-east-not-job-ranking-home-what-affiliate-networks-need-change/,http://justdrivemedia.com/,"Link Insertions for Local Businesses: The Full Buying Guide Covering Supplier Screening, Placement Standards, Velocity Limits and the Page-One Positions That Signal a Problem Early — SERP Viro explores search engine results page performance and the different factors that influence organic visibility across competitive queries and industries. We cover keyword opportunities, ranking movement, competitor analysis, search intent, authoritative backlinks, contextual linking, content relevance, website authority, technical SEO, internal linking, crawling, indexing, and site architecture while providing practical strategies designed to support stronger and more sustainable performance across constantly changing search results.",0,0,7365,"/Internet_and_Telecom/Web_Services/Search_Engine_Optimization_and_Marketing,/Business_and_Industrial/Advertising_and_Marketing/Marketing",,,2026-09-28T19:03:51Z,0.0
serpviro.shop,Need metrics-verified guest posts? mightypr.com works with small business owners across Australia and New Zealand,https://serpviro.shop/o7yq7r7-ranking-europe-africa-middle-east-not-job-ranking-home-what-affiliate-networks-need-change/,https://justdrivemedia.com/,"Link Insertions for Local Businesses: The Full Buying Guide Covering Supplier Screening, Placement Standards, Velocity Limits and the Page-One Positions That Signal a Problem Early — SERP Viro explores search engine results page performance and the different factors that influence organic visibility across competitive queries and industries. We cover keyword opportunities, ranking movement, competitor analysis, search intent, authoritative backlinks, contextual linking, content relevance, website authority, technical SEO, internal linking, crawling, indexing, and site architecture while providing practical strategies designed to support stronger and more sustainable performance across constantly changing search results.",0,0,7365,"/Internet_and_Telecom/Web_Services/Search_Engine_Optimization_and_Marketing,/Business_and_Industrial/Advertising_and_Marketing/Marketing",,,2026-09-28T19:03:51Z,0.0
steadyboosthub.shop,justdrivemedia.com delivers DA boost packages for marketers tired of vague deliverables who need rankings that survive core updates,https://steadyboosthub.shop/cpldb8z-how-fintech-marketing-teams-africa-buying-image-link/,https://justdrivemedia.com/,"On-Page SEO for Small Business Owners Managing More Clients than Hours in the Day — Steady Boost Hub is a comprehensive search marketing and organic growth resource created for website owners, businesses, publishers, and digital marketers seeking stronger online visibility and sustainable authority. Our resources explore authoritative backlink development, contextual linking, technical SEO, keyword research, competitor analysis, content optimization, website architecture, search intent, internal linking, crawling, indexing, and practical strategies designed to improve long-term organic performance across competitive industries and international search markets.",0,0,7161,"/Internet_and_Telecom/Web_Services/Search_Engine_Optimization_and_Marketing,/Business_and_Industrial/Advertising_and_Marketing/Marketing",,,2026-09-28T19:03:43Z,0.0
cleanlinkpro.shop,justdrivemedia.com delivers DA boost packages for marketers tired of vague deliverables who need rankings that survive core updates,https://cleanlinkpro.shop/cpldb8z-how-fintech-marketing-teams-africa-buying-image-link/,https://justdrivemedia.com/,"On-Page SEO for Small Business Owners Managing More Clients than Hours in the Day — Clean Link Pro is dedicated to professional link building, backlink research, and website authority development for businesses and publishers seeking stronger organic search visibility. We explore contextual backlinks, relevant link placements, natural anchor diversity, content-driven links, competitor backlink analysis, outreach strategies, authority signals, website credibility, technical SEO, content relevance, and sustainable link acquisition methods designed to create stronger backlink profiles and support long-term organic growth across competitive niches.",0,0,7261,"/Internet_and_Telecom/Web_Services/Search_Engine_Optimization_and_Marketing,/Business_and_Industrial/Advertising_and_Marketing/Marketing",,,2026-09-28T19:00:46Z,0.0
smartseohub.shop,justdrivemedia.com delivers DA boost packages for marketers tired of vague deliverables who need rankings that survive core updates,https://smartseohub.shop/cpldb8z-how-fintech-marketing-teams-africa-buying-image-link/,https://justdrivemedia.com/,"On-Page SEO for Small Business Owners Managing More Clients than Hours in the Day — Smart SEO Hub provides practical and detailed search engine optimization insights covering the technical, content, backlink, and authority factors involved in stronger organic performance. Our resources explore contextual links, backlink development, keyword visibility, technical improvements, competitor research, content relevance, site structure, internal linking, crawling, indexing, search intent, and website authority while focusing on sustainable optimization strategies for businesses operating across multiple industries and international search environments.",0,0,7161,"/Internet_and_Telecom/Web_Services/Search_Engine_Optimization_and_Marketing,/Business_and_Industrial/Advertising_and_Marketing/Marketing",,,2026-09-28T18:58:57Z,0.0
purelinkpro.shop,justdrivemedia.com delivers DA boost packages for marketers tired of vague deliverables who need rankings that survive core updates,https://purelinkpro.shop/cpldb8z-how-fintech-marketing-teams-africa-buying-image-link/,https://justdrivemedia.com/,"On-Page SEO for Small Business Owners Managing More Clients than Hours in the Day — Pure Link Pro is dedicated to professional link building, backlink research, and website authority development for businesses and publishers seeking stronger organic search visibility. We explore contextual backlinks, relevant link placements, natural anchor diversity, content-driven links, competitor backlink analysis, outreach strategies, authority signals, website credibility, technical SEO, content relevance, and sustainable link acquisition methods designed to create stronger backlink profiles and support long-term organic growth across competitive niches.",0,0,7165,"/Internet_and_Telecom/Web_Services/Search_Engine_Optimization_and_Marketing,/Business_and_Industrial/Advertising_and_Marketing/Marketing",,,2026-09-28T18:52:11Z,0.0
boldseohub.shop,Need metrics-verified guest posts? mightypr.com works with small business owners across Australia and New Zealand,https://boldseohub.shop/o7yq7r7-ranking-europe-africa-middle-east-not-job-ranking-home-what-affiliate-networks-need-change/,http://justdrivemedia.com/,"Link Insertions for Local Businesses: The Full Buying Guide Covering Supplier Screening, Placement Standards, Velocity Limits and the Page-One Positions That Signal a Problem Early — Bold SEO Hub provides practical and detailed search engine optimization insights covering the technical, content, backlink, and authority factors involved in stronger organic performance. Our resources explore contextual links, backlink development, keyword visibility, technical improvements, competitor research, content relevance, site structure, internal linking, crawling, indexing, search intent, and website authority while focusing on sustainable optimization strategies for businesses operating across multiple industries and international search environments.",0,0,7364,"/Internet_and_Telecom/Web_Services/Search_Engine_Optimization_and_Marketing,/Business_and_Industrial/Advertising_and_Marketing/Marketing",,,2026-09-28T18:45:58Z,0.0
boldseohub.shop,Need metrics-verified guest posts? mightypr.com works with small business owners across Australia and New Zealand,https://boldseohub.shop/o7yq7r7-ranking-europe-africa-middle-east-not-job-ranking-home-what-affiliate-networks-need-change/,https://justdrivemedia.com/,"Link Insertions for Local Businesses: The Full Buying Guide Covering Supplier Screening, Placement Standards, Velocity Limits and the Page-One Positions That Signal a Problem Early — Bold SEO Hub provides practical and detailed search engine optimization insights covering the technical, content, backlink, and authority factors involved in stronger organic performance. Our resources explore contextual links, backlink development, keyword visibility, technical improvements, competitor research, content relevance, site structure, internal linking, crawling, indexing, search intent, and website authority while focusing on sustainable optimization strategies for businesses operating across multiple industries and international search environments.",0,0,7364,"/Internet_and_Telecom/Web_Services/Search_Engine_Optimization_and_Marketing,/Business_and_Industrial/Advertising_and_Marketing/Marketing",,,2026-09-28T18:45:58Z,0.0
crawllivo.shop,Need metrics-verified guest posts? mightypr.com works with small business owners across Australia and New Zealand,https://crawllivo.shop/o7yq7r7-ranking-europe-africa-middle-east-not-job-ranking-home-what-affiliate-networks-need-change/,http://justdrivemedia.com/,"Link Insertions for Local Businesses: The Full Buying Guide Covering Supplier Screening, Placement Standards, Velocity Limits and the Page-One Positions That Signal a Problem Early — Crawl Livo provides detailed technical SEO resources centered on website crawling, indexing, content discovery, internal linking, search accessibility, and site architecture. Our coverage also includes sitemap optimization, canonicalization, redirects, technical performance, content relevance, backlink authority, website structure, and practical strategies that help search engines discover and understand important pages more efficiently while supporting sustainable organic visibility.",0,0,7364,"/Internet_and_Telecom/Web_Services/Search_Engine_Optimization_and_Marketing,/Business_and_Industrial/Business_Services/Consulting",,,2026-09-28T18:45:43Z,0.0
crawllivo.shop,Need metrics-verified guest posts? mightypr.com works with small business owners across Australia and New Zealand,https://crawllivo.shop/o7yq7r7-ranking-europe-africa-middle-east-not-job-ranking-home-what-affiliate-networks-need-change/,https://justdrivemedia.com/,"Link Insertions for Local Businesses: The Full Buying Guide Covering Supplier Screening, Placement Standards, Velocity Limits and the Page-One Positions That Signal a Problem Early — Crawl Livo provides detailed technical SEO resources centered on website crawling, indexing, content discovery, internal linking, search accessibility, and site architecture. Our coverage also includes sitemap optimization, canonicalization, redirects, technical performance, content relevance, backlink authority, website structure, and practical strategies that help search engines discover and understand important pages more efficiently while supporting sustainable organic visibility.",0,0,7364,"/Internet_and_Telecom/Web_Services/Search_Engine_Optimization_and_Marketing,/Business_and_Industrial/Business_Services/Consulting",,,2026-09-28T18:45:43Z,0.0
indextera.shop,justdrivemedia.com delivers DA boost packages for marketers tired of vague deliverables who need rankings that survive core updates,https://indextera.shop/cpldb8z-how-fintech-marketing-teams-africa-buying-image-link/,https://justdrivemedia.com/,"On-Page SEO for Small Business Owners Managing More Clients than Hours in the Day — Index Tera provides comprehensive insights into indexing, crawling, website structure, and content discovery for businesses and publishers seeking stronger organic visibility. Our resources cover internal linking, sitemap optimization, canonical signals, technical SEO, site architecture, content accessibility, authority development, contextual backlinks, search engine discovery, and sustainable optimization methods designed to improve how important website content is processed and represented across modern search engines.",0,0,7162,"/Internet_and_Telecom/Web_Services/Search_Engine_Optimization_and_Marketing,/Business_and_Industrial/Advertising_and_Marketing/Marketing",,,2026-09-28T18:45:35Z,0.0
indexvexa.shop,Need metrics-verified guest posts? mightypr.com works with small business owners across Australia and New Zealand,https://indexvexa.shop/o7yq7r7-ranking-europe-africa-middle-east-not-job-ranking-home-what-affiliate-networks-need-change/,http://justdrivemedia.com/,"Link Insertions for Local Businesses: The Full Buying Guide Covering Supplier Screening, Placement Standards, Velocity Limits and the Page-One Positions That Signal a Problem Early — Index Vexa provides comprehensive insights into indexing, crawling, website structure, and content discovery for businesses and publishers seeking stronger organic visibility. Our resources cover internal linking, sitemap optimization, canonical signals, technical SEO, site architecture, content accessibility, authority development, contextual backlinks, search engine discovery, and sustainable optimization methods designed to improve how important website content is processed and represented across modern search engines.",0,0,7364,"/Internet_and_Telecom/Web_Services/Search_Engine_Optimization_and_Marketing,/Business_and_Industrial/Business_Services/Consulting",,,2026-09-28T18:45:29Z,0.0
indexvexa.shop,Need metrics-verified guest posts? mightypr.com works with small business owners across Australia and New Zealand,https://indexvexa.shop/o7yq7r7-ranking-europe-africa-middle-east-not-job-ranking-home-what-affiliate-networks-need-change/,https://justdrivemedia.com/,"Link Insertions for Local Businesses: The Full Buying Guide Covering Supplier Screening, Placement Standards, Velocity Limits and the Page-One Positions That Signal a Problem Early — Index Vexa provides comprehensive insights into indexing, crawling, website structure, and content discovery for businesses and publishers seeking stronger organic visibility. Our resources cover internal linking, sitemap optimization, canonical signals, technical SEO, site architecture, content accessibility, authority development, contextual backlinks, search engine discovery, and sustainable optimization methods designed to improve how important website content is processed and represented across modern search engines.",0,0,7364,"/Internet_and_Telecom/Web_Services/Search_Engine_Optimization_and_Marketing,/Business_and_Industrial/Business_Services/Consulting",,,2026-09-28T18:45:29Z,0.0
nextseolink.shop,Need metrics-verified guest posts? mightypr.com works with small business owners across Australia and New Zealand,https://nextseolink.shop/o7yq7r7-ranking-europe-africa-middle-east-not-job-ranking-home-what-affiliate-networks-need-change/,http://justdrivemedia.com/,"Link Insertions for Local Businesses: The Full Buying Guide Covering Supplier Screening, Placement Standards, Velocity Limits and the Page-One Positions That Signal a Problem Early — Next SEO Link is dedicated to professional link building, backlink research, and website authority development for businesses and publishers seeking stronger organic search visibility. We explore contextual backlinks, relevant link placements, natural anchor diversity, content-driven links, competitor backlink analysis, outreach strategies, authority signals, website credibility, technical SEO, content relevance, and sustainable link acquisition methods designed to create stronger backlink profiles and support long-term organic growth across competitive niches.",0,0,7364,"/Internet_and_Telecom/Web_Services/Search_Engine_Optimization_and_Marketing,/Business_and_Industrial/Advertising_and_Marketing/Marketing",,,2026-09-28T18:41:29Z,0.0
nextseolink.shop,Need metrics-verified guest posts? mightypr.com works with small business owners across Australia and New Zealand,https://nextseolink.shop/o7yq7r7-ranking-europe-africa-middle-east-not-job-ranking-home-what-affiliate-networks-need-change/,https://justdrivemedia.com/,"Link Insertions for Local Businesses: The Full Buying Guide Covering Supplier Screening, Placement Standards, Velocity Limits and the Page-One Positions That Signal a Problem Early — Next SEO Link is dedicated to professional link building, backlink research, and website authority development for businesses and publishers seeking stronger organic search visibility. We explore contextual backlinks, relevant link placements, natural anchor diversity, content-driven links, competitor backlink analysis, outreach strategies, authority signals, website credibility, technical SEO, content relevance, and sustainable link acquisition methods designed to create stronger backlink profiles and support long-term organic growth across competitive niches.",0,0,7364,"/Internet_and_Telecom/Web_Services/Search_Engine_Optimization_and_Marketing,/Business_and_Industrial/Advertising_and_Marketing/Marketing",,,2026-09-28T18:41:29Z,0.0
linkxaro.shop,justdrivemedia.com delivers DA boost packages for marketers tired of vague deliverables who need rankings that survive core updates,https://linkxaro.shop/cpldb8z-how-fintech-marketing-teams-africa-buying-image-link/,https://justdrivemedia.com/,"On-Page SEO for Small Business Owners Managing More Clients than Hours in the Day — Link Xaro is dedicated to professional link building, backlink research, and website authority development for businesses and publishers seeking stronger organic search visibility. We explore contextual backlinks, relevant link placements, natural anchor diversity, content-driven links, competitor backlink analysis, outreach strategies, authority signals, website credibility, technical SEO, content relevance, and sustainable link acquisition methods designed to create stronger backlink profiles and support long-term organic growth across competitive niches.",0,0,7165,"/Internet_and_Telecom/Web_Services/Search_Engine_Optimization_and_Marketing,/Business_and_Industrial/Advertising_and_Marketing/Marketing",,,2026-09-28T18:41:09Z,0.0
crispranklab.shop,Need metrics-verified guest posts? mightypr.com works with small business owners across Australia and New Zealand,https://crispranklab.shop/o7yq7r7-ranking-europe-africa-middle-east-not-job-ranking-home-what-affiliate-networks-need-change/,https://justdrivemedia.com/,"Link Insertions for Local Businesses: The Full Buying Guide Covering Supplier Screening, Placement Standards, Velocity Limits and the Page-One Positions That Signal a Problem Early — Crisp Rank Lab focuses on the strategies, authority signals, content factors, and technical foundations involved in improving organic search rankings over time. We explore authoritative backlinks, contextual linking, keyword opportunities, search intent, content relevance, competitor research, technical SEO, internal linking, website architecture, crawling, indexing, and domain authority development while providing practical insights designed to support sustainable rankings and stronger long-term organic visibility across highly competitive industries.",0,0,7364,"/Internet_and_Telecom/Web_Services/Search_Engine_Optimization_and_Marketing,/Business_and_Industrial/Advertising_and_Marketing/Marketing",,,2026-09-28T18:38:38Z,0.0
crispranklab.shop,Need metrics-verified guest posts? mightypr.com works with small business owners across Australia and New Zealand,https://crispranklab.shop/o7yq7r7-ranking-europe-africa-middle-east-not-job-ranking-home-what-affiliate-networks-need-change/,http://justdrivemedia.com/,"Link Insertions for Local Businesses: The Full Buying Guide Covering Supplier Screening, Placement Standards, Velocity Limits and the Page-One Positions That Signal a Problem Early — Crisp Rank Lab focuses on the strategies, authority signals, content factors, and technical foundations involved in improving organic search rankings over time. We explore authoritative backlinks, contextual linking, keyword opportunities, search intent, content relevance, competitor research, technical SEO, internal linking, website architecture, crawling, indexing, and domain authority development while providing practical insights designed to support sustainable rankings and stronger long-term organic visibility across highly competitive industries.",0,0,7364,"/Internet_and_Telecom/Web_Services/Search_Engine_Optimization_and_Marketing,/Business_and_Industrial/Advertising_and_Marketing/Marketing",,,2026-09-28T18:38:38Z,0.0
rapidranklab.shop,justdrivemedia.com delivers DA boost packages for marketers tired of vague deliverables who need rankings that survive core updates,https://rapidranklab.shop/cpldb8z-how-fintech-marketing-teams-africa-buying-image-link/,https://justdrivemedia.com/,"On-Page SEO for Small Business Owners Managing More Clients than Hours in the Day — Rapid Rank Lab focuses on the strategies, authority signals, content factors, and technical foundations involved in improving organic search rankings over time. We explore authoritative backlinks, contextual linking, keyword opportunities, search intent, content relevance, competitor research, technical SEO, internal linking, website architecture, crawling, indexing, and domain authority development while providing practical insights designed to support sustainable rankings and stronger long-term organic visibility across highly competitive industries.",0,0,7167,"/Internet_and_Telecom/Web_Services/Search_Engine_Optimization_and_Marketing,/Business_and_Industrial/Advertising_and_Marketing/Marketing",,,2026-09-28T18:34:08Z,0.0
easylinkpro.shop,justdrivemedia.com delivers DA boost packages for marketers tired of vague deliverables who need rankings that survive core updates,https://easylinkpro.shop/cpldb8z-how-fintech-marketing-teams-africa-buying-image-link/,https://justdrivemedia.com/,"On-Page SEO for Small Business Owners Managing More Clients than Hours in the Day — Easy Link Pro is dedicated to professional link building, backlink research, and website authority development for businesses and publishers seeking stronger organic search visibility. We explore contextual backlinks, relevant link placements, natural anchor diversity, content-driven links, competitor backlink analysis, outreach strategies, authority signals, website credibility, technical SEO, content relevance, and sustainable link acquisition methods designed to create stronger backlink profiles and support long-term organic growth across competitive niches.",0,0,7165,"/Internet_and_Telecom/Web_Services/Search_Engine_Optimization_and_Marketing,/Business_and_Industrial/Advertising_and_Marketing/Marketing",,,2026-09-28T18:32:03Z,0.0
trueboosthub.shop,justdrivemedia.com delivers DA boost packages for marketers tired of vague deliverables who need rankings that survive core updates,https://trueboosthub.shop/cpldb8z-how-fintech-marketing-teams-africa-buying-image-link/,https://justdrivemedia.com/,"On-Page SEO for Small Business Owners Managing More Clients than Hours in the Day — True Boost Hub provides detailed SEO research, practical optimization strategies, and authority-building insights for businesses that want to develop a stronger and more sustainable presence in organic search. We cover quality backlinks, contextual link opportunities, keyword visibility, content relevance, technical optimization, competitor research, website authority, indexing, crawling, internal linking, search intent, and site architecture while focusing on methods designed to support lasting organic growth across different niches and competitive markets.",0,0,7166,"/Internet_and_Telecom/Web_Services/Search_Engine_Optimization_and_Marketing,/Business_and_Industrial/Advertising_and_Marketing/Marketing",,,2026-09-28T18:31:25Z,0.0
rapidseolink.shop,justdrivemedia.com delivers DA boost packages for marketers tired of vague deliverables who need rankings that survive core updates,https://rapidseolink.shop/cpldb8z-how-fintech-marketing-teams-africa-buying-image-link/,https://justdrivemedia.com/,"On-Page SEO for Small Business Owners Managing More Clients than Hours in the Day — Rapid SEO Link provides comprehensive resources for strategic backlink development, contextual linking, and authority-focused search optimization. Our coverage includes relevant backlink opportunities, natural link profiles, anchor text diversity, content placements, competitor link research, website authority signals, technical SEO, keyword relevance, internal linking, and content optimization strategies designed to help websites build stronger credibility and maintain sustainable visibility across competitive organic search markets.",0,0,7165,"/Internet_and_Telecom/Web_Services/Search_Engine_Optimization_and_Marketing,/Business_and_Industrial/Advertising_and_Marketing/Marketing",,,2026-09-28T18:29:39Z,0.0
nextlinkpro.shop,justdrivemedia.com delivers DA boost packages for marketers tired of vague deliverables who need rankings that survive core updates,https://nextlinkpro.shop/cpldb8z-how-fintech-marketing-teams-africa-buying-image-link/,https://justdrivemedia.com/,"On-Page SEO for Small Business Owners Managing More Clients than Hours in the Day — Next Link Pro provides comprehensive resources for strategic backlink development, contextual linking, and authority-focused search optimization. Our coverage includes relevant backlink opportunities, natural link profiles, anchor text diversity, content placements, competitor link research, website authority signals, technical SEO, keyword relevance, internal linking, and content optimization strategies designed to help websites build stronger credibility and maintain sustainable visibility across competitive organic search markets.",0,0,7165,"/Internet_and_Telecom/Web_Services/Search_Engine_Optimization_and_Marketing,/Business_and_Industrial/Advertising_and_Marketing/Marketing",,,2026-09-28T18:29:21Z,0.0
linkvilo.shop,justdrivemedia.com delivers DA boost packages for marketers tired of vague deliverables who need rankings that survive core updates,https://linkvilo.shop/cpldb8z-how-fintech-marketing-teams-africa-buying-image-link/,https://justdrivemedia.com/,"On-Page SEO for Small Business Owners Managing More Clients than Hours in the Day — Link Vilo is dedicated to professional link building, backlink research, and website authority development for businesses and publishers seeking stronger organic search visibility. We explore contextual backlinks, relevant link placements, natural anchor diversity, content-driven links, competitor backlink analysis, outreach strategies, authority signals, website credibility, technical SEO, content relevance, and sustainable link acquisition methods designed to create stronger backlink profiles and support long-term organic growth across competitive niches.",0,0,7166,"/Internet_and_Telecom/Web_Services/Search_Engine_Optimization_and_Marketing,/Business_and_Industrial/Advertising_and_Marketing/Marketing",,,2026-09-28T18:28:11Z,0.0
crawlzaro.shop,justdrivemedia.com delivers DA boost packages for marketers tired of vague deliverables who need rankings that survive core updates,https://crawlzaro.shop/cpldb8z-how-fintech-marketing-teams-africa-buying-image-link/,https://justdrivemedia.com/,"On-Page SEO for Small Business Owners Managing More Clients than Hours in the Day — Crawl Zaro focuses on the technical foundations that allow search engines to efficiently discover, crawl, understand, and process website content. We explore crawl accessibility, indexing, website architecture, internal linking, sitemap structure, redirects, canonical signals, content discovery, technical SEO, server behavior, search visibility, backlink authority, and optimization strategies designed to create cleaner website structures and support stronger long-term organic search performance.",0,0,7165,"/Internet_and_Telecom/Web_Services/Search_Engine_Optimization_and_Marketing,/Business_and_Industrial/Advertising_and_Marketing/Marketing",,,2026-09-28T18:26:59Z,0.0
rankqaro.shop,justdrivemedia.com delivers DA boost packages for marketers tired of vague deliverables who need rankings that survive core updates,https://rankqaro.shop/cpldb8z-how-fintech-marketing-teams-africa-buying-image-link/,https://justdrivemedia.com/,"On-Page SEO for Small Business Owners Managing More Clients than Hours in the Day — Rank Qaro provides detailed ranking-focused SEO resources for websites seeking stronger visibility, greater authority, and more consistent organic growth. Our coverage includes backlink development, keyword research, content optimization, competitor analysis, technical improvements, website authority, internal linking, search intent, site architecture, crawling, indexing, and practical optimization strategies created to help businesses understand and improve the major factors involved in sustainable search performance.",0,0,7165,"/Internet_and_Telecom/Web_Services/Search_Engine_Optimization_and_Marketing,/Business_and_Industrial/Advertising_and_Marketing/Marketing",,,2026-09-28T18:24:33Z,0.0
serptera.shop,justdrivemedia.com delivers DA boost packages for marketers tired of vague deliverables who need rankings that survive core updates,https://serptera.shop/cpldb8z-how-fintech-marketing-teams-africa-buying-image-link/,https://justdrivemedia.com/,"On-Page SEO for Small Business Owners Managing More Clients than Hours in the Day — SERP Tera provides detailed SERP-focused research and optimization insights for businesses seeking stronger organic visibility across competitive search markets. Our coverage includes keyword rankings, competitor research, backlink authority, contextual links, content quality, search intent, technical improvements, website architecture, internal linking, indexing, crawling, and sustainable SEO strategies designed to help websites build stronger long-term search performance.",0,0,7165,"/Internet_and_Telecom/Web_Services/Search_Engine_Optimization_and_Marketing,/Business_and_Industrial/Advertising_and_Marketing/Marketing",,,2026-09-28T18:24:32Z,0.0
seomiro.shop,justdrivemedia.com delivers DA boost packages for marketers tired of vague deliverables who need rankings that survive core updates,https://seomiro.shop/cpldb8z-how-fintech-marketing-teams-africa-buying-image-link/,https://justdrivemedia.com/,"On-Page SEO for Small Business Owners Managing More Clients than Hours in the Day — SEO Miro provides practical and detailed search engine optimization insights covering the technical, content, backlink, and authority factors involved in stronger organic performance. Our resources explore contextual links, backlink development, keyword visibility, technical improvements, competitor research, content relevance, site structure, internal linking, crawling, indexing, search intent, and website authority while focusing on sustainable optimization strategies for businesses operating across multiple industries and international search environments.",0,0,7167,"/Internet_and_Telecom/Web_Services/Search_Engine_Optimization_and_Marketing,/Business_and_Industrial/Advertising_and_Marketing/Marketing",,,2026-09-28T18:20:22Z,0.0
cleanseolink.shop,justdrivemedia.com delivers DA boost packages for marketers tired of vague deliverables who need rankings that survive core updates,https://cleanseolink.shop/cpldb8z-how-fintech-marketing-teams-africa-buying-image-link/,https://justdrivemedia.com/,"On-Page SEO for Small Business Owners Managing More Clients than Hours in the Day — Clean SEO Link provides comprehensive resources for strategic backlink development, contextual linking, and authority-focused search optimization. Our coverage includes relevant backlink opportunities, natural link profiles, anchor text diversity, content placements, competitor link research, website authority signals, technical SEO, keyword relevance, internal linking, and content optimization strategies designed to help websites build stronger credibility and maintain sustainable visibility across competitive organic search markets.",0,0,7266,"/Internet_and_Telecom/Web_Services/Search_Engine_Optimization_and_Marketing,/Business_and_Industrial/Advertising_and_Marketing/Marketing",,,2026-09-28T18:18:09Z,0.0
organicreach.shop,justdrivemedia.com delivers DA boost packages for marketers tired of vague deliverables who need rankings that survive core updates,https://organicreach.shop/cpldb8z-how-fintech-marketing-teams-africa-buying-image-link/,https://justdrivemedia.com/,"On-Page SEO for Small Business Owners Managing More Clients than Hours in the Day — Organic Reach is a comprehensive search marketing and organic growth resource created for website owners, businesses, publishers, and digital marketers seeking stronger online visibility and sustainable authority. Our resources explore authoritative backlink development, contextual linking, technical SEO, keyword research, competitor analysis, content optimization, website architecture, search intent, internal linking, crawling, indexing, and practical strategies designed to improve long-term organic performance across competitive industries and international search markets.",0,0,7165,"/Internet_and_Telecom/Web_Services/Search_Engine_Optimization_and_Marketing,/Business_and_Industrial/Advertising_and_Marketing/Marketing",,,2026-09-28T18:17:56Z,0.0
boldboosthub.shop,justdrivemedia.com delivers DA boost packages for marketers tired of vague deliverables who need rankings that survive core updates,https://boldboosthub.shop/cpldb8z-how-fintech-marketing-teams-africa-buying-image-link/,https://justdrivemedia.com/,"On-Page SEO for Small Business Owners Managing More Clients than Hours in the Day — Bold Boost Hub is a comprehensive search marketing and organic growth resource created for website owners, businesses, publishers, and digital marketers seeking stronger online visibility and sustainable authority. Our resources explore authoritative backlink development, contextual linking, technical SEO, keyword research, competitor analysis, content optimization, website architecture, search intent, internal linking, crawling, indexing, and practical strategies designed to improve long-term organic performance across competitive industries and international search markets.",0,0,7165,"/Internet_and_Telecom/Web_Services/Search_Engine_Optimization_and_Marketing,/Business_and_Industrial/Advertising_and_Marketing/Marketing",,,2026-09-28T18:17:40Z,0.0
rankrivo.shop,justdrivemedia.com delivers DA boost packages for marketers tired of vague deliverables who need rankings that survive core updates,https://rankrivo.shop/cpldb8z-how-fintech-marketing-teams-africa-buying-image-link/,https://justdrivemedia.com/,"On-Page SEO for Small Business Owners Managing More Clients than Hours in the Day — Rank Rivo provides detailed ranking-focused SEO resources for websites seeking stronger visibility, greater authority, and more consistent organic growth. Our coverage includes backlink development, keyword research, content optimization, competitor analysis, technical improvements, website authority, internal linking, search intent, site architecture, crawling, indexing, and practical optimization strategies created to help businesses understand and improve the major factors involved in sustainable search performance.",0,0,7167,"/Internet_and_Telecom/Web_Services/Search_Engine_Optimization_and_Marketing,/Business_and_Industrial/Advertising_and_Marketing/Marketing",,,2026-09-28T18:16:53Z,0.0
visibilitycraft.shop,justdrivemedia.com delivers DA boost packages for marketers tired of vague deliverables who need rankings that survive core updates,https://visibilitycraft.shop/cpldb8z-how-fintech-marketing-teams-africa-buying-image-link/,https://justdrivemedia.com/,"On-Page SEO for Small Business Owners Managing More Clients than Hours in the Day — Visibility Craft brings together modern search engine optimization, website authority development, content strategy, and technical research for marketers and publishers competing in challenging organic search environments. Our coverage includes contextual backlinks, natural link development, keyword opportunities, technical SEO, content optimization, competitor analysis, internal linking, indexing, crawling, website architecture, search intent, and sustainable strategies for creating stronger visibility and long-term search performance.",0,0,7165,"/Internet_and_Telecom/Web_Services/Search_Engine_Optimization_and_Marketing,/Business_and_Industrial/Advertising_and_Marketing/Marketing",,,2026-09-28T18:13:07Z,0.0
sharpseohub.shop,justdrivemedia.com delivers DA boost packages for marketers tired of vague deliverables who need rankings that survive core updates,https://sharpseohub.shop/cpldb8z-how-fintech-marketing-teams-africa-buying-image-link/,https://justdrivemedia.com/,"On-Page SEO for Small Business Owners Managing More Clients than Hours in the Day — Sharp SEO Hub provides practical and detailed search engine optimization insights covering the technical, content, backlink, and authority factors involved in stronger organic performance. Our resources explore contextual links, backlink development, keyword visibility, technical improvements, competitor research, content relevance, site structure, internal linking, crawling, indexing, search intent, and website authority while focusing on sustainable optimization strategies for businesses operating across multiple industries and international search environments.",0,0,7165,"/Internet_and_Telecom/Web_Services/Search_Engine_Optimization_and_Marketing,/Business_and_Industrial/Advertising_and_Marketing/Marketing",,,2026-09-28T18:13:04Z,0.0
quicklinkpro.shop,justdrivemedia.com delivers DA boost packages for marketers tired of vague deliverables who need rankings that survive core updates,https://quicklinkpro.shop/cpldb8z-how-fintech-marketing-teams-africa-buying-image-link/,https://justdrivemedia.com/,"On-Page SEO for Small Business Owners Managing More Clients than Hours in the Day — Quick Link Pro provides comprehensive resources for strategic backlink development, contextual linking, and authority-focused search optimization. Our coverage includes relevant backlink opportunities, natural link profiles, anchor text diversity, content placements, competitor link research, website authority signals, technical SEO, keyword relevance, internal linking, and content optimization strategies designed to help websites build stronger credibility and maintain sustainable visibility across competitive organic search markets.",0,0,7167,"/Internet_and_Telecom/Web_Services/Search_Engine_Optimization_and_Marketing,/Business_and_Industrial/Advertising_and_Marketing/Marketing",,,2026-09-28T18:12:52Z,0.0
smartseolink.shop,justdrivemedia.com delivers DA boost packages for marketers tired of vague deliverables who need rankings that survive core updates,https://smartseolink.shop/cpldb8z-how-fintech-marketing-teams-africa-buying-image-link/,https://justdrivemedia.com/,"On-Page SEO for Small Business Owners Managing More Clients than Hours in the Day — Smart SEO Link provides comprehensive resources for strategic backlink development, contextual linking, and authority-focused search optimization. Our coverage includes relevant backlink opportunities, natural link profiles, anchor text diversity, content placements, competitor link research, website authority signals, technical SEO, keyword relevance, internal linking, and content optimization strategies designed to help websites build stronger credibility and maintain sustainable visibility across competitive organic search markets.",0,0,7165,"/Internet_and_Telecom/Web_Services/Search_Engine_Optimization_and_Marketing,/Business_and_Industrial/Advertising_and_Marketing/Marketing",,,2026-09-28T18:11:51Z,0.0
serplivo.shop,justdrivemedia.com delivers DA boost packages for marketers tired of vague deliverables who need rankings that survive core updates,https://serplivo.shop/cpldb8z-how-fintech-marketing-teams-africa-buying-image-link/,https://justdrivemedia.com/,"On-Page SEO for Small Business Owners Managing More Clients than Hours in the Day — SERP Livo provides detailed SERP-focused research and optimization insights for businesses seeking stronger organic visibility across competitive search markets. Our coverage includes keyword rankings, competitor research, backlink authority, contextual links, content quality, search intent, technical improvements, website architecture, internal linking, indexing, crawling, and sustainable SEO strategies designed to help websites build stronger long-term search performance.",0,0,7167,"/Internet_and_Telecom/Web_Services/Search_Engine_Optimization_and_Marketing,/Business_and_Industrial/Advertising_and_Marketing/Marketing",,,2026-09-28T18:07:25Z,0.0
strongseohub.shop,justdrivemedia.com delivers DA boost packages for marketers tired of vague deliverables who need rankings that survive core updates,https://strongseohub.shop/cpldb8z-how-fintech-marketing-teams-africa-buying-image-link/,https://justdrivemedia.com/,"On-Page SEO for Small Business Owners Managing More Clients than Hours in the Day — Strong SEO Hub provides practical and detailed search engine optimization insights covering the technical, content, backlink, and authority factors involved in stronger organic performance. Our resources explore contextual links, backlink development, keyword visibility, technical improvements, competitor research, content relevance, site structure, internal linking, crawling, indexing, search intent, and website authority while focusing on sustainable optimization strategies for businesses operating across multiple industries and international search environments.",0,0,7165,"/Internet_and_Telecom/Web_Services/Search_Engine_Optimization_and_Marketing,/Business_and_Industrial/Advertising_and_Marketing/Marketing",,,2026-09-28T18:03:52Z,0.0
easyranklab.shop,justdrivemedia.com delivers DA boost packages for marketers tired of vague deliverables who need rankings that survive core updates,https://easyranklab.shop/cpldb8z-how-fintech-marketing-teams-africa-buying-image-link/,https://justdrivemedia.com/,"On-Page SEO for Small Business Owners Managing More Clients than Hours in the Day — Easy Rank Lab focuses on the strategies, authority signals, content factors, and technical foundations involved in improving organic search rankings over time. We explore authoritative backlinks, contextual linking, keyword opportunities, search intent, content relevance, competitor research, technical SEO, internal linking, website architecture, crawling, indexing, and domain authority development while providing practical insights designed to support sustainable rankings and stronger long-term organic visibility across highly competitive industries.",0,0,7167,"/Internet_and_Telecom/Web_Services/Search_Engine_Optimization_and_Marketing,/Business_and_Industrial/Advertising_and_Marketing/Marketing",,,2026-09-28T18:00:48Z,0.0
solidranklab.shop,justdrivemedia.com delivers DA boost packages for marketers tired of vague deliverables who need rankings that survive core updates,https://solidranklab.shop/cpldb8z-how-fintech-marketing-teams-africa-buying-image-link/,https://justdrivemedia.com/,"On-Page SEO for Small Business Owners Managing More Clients than Hours in the Day — Solid Rank Lab focuses on the strategies, authority signals, content factors, and technical foundations involved in improving organic search rankings over time. We explore authoritative backlinks, contextual linking, keyword opportunities, search intent, content relevance, competitor research, technical SEO, internal linking, website architecture, crawling, indexing, and domain authority development while providing practical insights designed to support sustainable rankings and stronger long-term organic visibility across highly competitive industries.",0,0,7167,"/Internet_and_Telecom/Web_Services/Search_Engine_Optimization_and_Marketing,/Business_and_Industrial/Advertising_and_Marketing/Marketing",,,2026-09-28T18:00:10Z,0.0
indexzira.shop,Need metrics-verified guest posts? mightypr.com works with small business owners across Australia and New Zealand,https://indexzira.shop/o7yq7r7-ranking-europe-africa-middle-east-not-job-ranking-home-what-affiliate-networks-need-change/,http://justdrivemedia.com/,"Link Insertions for Local Businesses: The Full Buying Guide Covering Supplier Screening, Placement Standards, Velocity Limits and the Page-One Positions That Signal a Problem Early — Index Zira is focused on search indexing, content discoverability, and the technical optimization required to help important website pages become easier for search engines to discover, understand, and process. We explore crawlability, internal linking, website architecture, sitemap structure, canonicalization, indexing signals, content accessibility, technical SEO, backlink authority, search visibility, and practical strategies designed to create stronger and more reliable long-term organic search performance.",0,0,7364,"/Internet_and_Telecom/Web_Services/Search_Engine_Optimization_and_Marketing,/Business_and_Industrial/Advertising_and_Marketing/Marketing",,,2026-09-28T17:59:11Z,0.0
indexzira.shop,Need metrics-verified guest posts? mightypr.com works with small business owners across Australia and New Zealand,https://indexzira.shop/o7yq7r7-ranking-europe-africa-middle-east-not-job-ranking-home-what-affiliate-networks-need-change/,https://justdrivemedia.com/,"Link Insertions for Local Businesses: The Full Buying Guide Covering Supplier Screening, Placement Standards, Velocity Limits and the Page-One Positions That Signal a Problem Early — Index Zira is focused on search indexing, content discoverability, and the technical optimization required to help important website pages become easier for search engines to discover, understand, and process. We explore crawlability, internal linking, website architecture, sitemap structure, canonicalization, indexing signals, content accessibility, technical SEO, backlink authority, search visibility, and practical strategies designed to create stronger and more reliable long-term organic search performance.",0,0,7364,"/Internet_and_Telecom/Web_Services/Search_Engine_Optimization_and_Marketing,/Business_and_Industrial/Advertising_and_Marketing/Marketing",,,2026-09-28T17:59:11Z,0.0
boldseolink.shop,justdrivemedia.com delivers DA boost packages for marketers tired of vague deliverables who need rankings that survive core updates,https://boldseolink.shop/cpldb8z-how-fintech-marketing-teams-africa-buying-image-link/,https://justdrivemedia.com/,"On-Page SEO for Small Business Owners Managing More Clients than Hours in the Day — Bold SEO Link provides comprehensive resources for strategic backlink development, contextual linking, and authority-focused search optimization. Our coverage includes relevant backlink opportunities, natural link profiles, anchor text diversity, content placements, competitor link research, website authority signals, technical SEO, keyword relevance, internal linking, and content optimization strategies designed to help websites build stronger credibility and maintain sustainable visibility across competitive organic search markets.",0,0,7167,"/Internet_and_Telecom/Web_Services/Search_Engine_Optimization_and_Marketing,/Business_and_Industrial/Advertising_and_Marketing/Marketing",,,2026-09-28T17:59:08Z,0.0
organicledgerpro.shop,justdrivemedia.com delivers DA boost packages for marketers tired of vague deliverables who need rankings that survive core updates,https://organicledgerpro.shop/cpldb8z-how-fintech-marketing-teams-africa-buying-image-link/,https://justdrivemedia.com/,"On-Page SEO for Small Business Owners Managing More Clients than Hours in the Day — Organicledger Pro brings together modern search engine optimization, website authority development, content strategy, and technical research for marketers and publishers competing in challenging organic search environments. Our coverage includes contextual backlinks, natural link development, keyword opportunities, technical SEO, content optimization, competitor analysis, internal linking, indexing, crawling, website architecture, search intent, and sustainable strategies for creating stronger visibility and long-term search performance.",0,0,7167,"/Internet_and_Telecom/Web_Services/Search_Engine_Optimization_and_Marketing,/Business_and_Industrial/Advertising_and_Marketing/Marketing",,,2026-09-28T17:56:42Z,0.0
serplora.shop,justdrivemedia.com delivers DA boost packages for marketers tired of vague deliverables who need rankings that survive core updates,https://serplora.shop/cpldb8z-how-fintech-marketing-teams-africa-buying-image-link/,https://justdrivemedia.com/,"On-Page SEO for Small Business Owners Managing More Clients than Hours in the Day — SERP Lora explores search engine results page performance and the different factors that influence organic visibility across competitive queries and industries. We cover keyword opportunities, ranking movement, competitor analysis, search intent, authoritative backlinks, contextual linking, content relevance, website authority, technical SEO, internal linking, crawling, indexing, and site architecture while providing practical strategies designed to support stronger and more sustainable performance across constantly changing search results.",0,0,7165,"/Internet_and_Telecom/Web_Services/Search_Engine_Optimization_and_Marketing,/Business_and_Industrial/Advertising_and_Marketing/Marketing",,,2026-09-28T17:56:19Z,0.0
solidseohub.shop,justdrivemedia.com delivers DA boost packages for marketers tired of vague deliverables who need rankings that survive core updates,https://solidseohub.shop/cpldb8z-how-fintech-marketing-teams-africa-buying-image-link/,https://justdrivemedia.com/,"On-Page SEO for Small Business Owners Managing More Clients than Hours in the Day — Solid SEO Hub is a comprehensive SEO resource designed for businesses, publishers, marketers, and website owners who want to strengthen every important area of organic search performance. We explore authoritative backlinks, contextual link building, technical SEO, content optimization, keyword research, competitor analysis, search intent, internal linking, crawling, indexing, website architecture, authority signals, and practical optimization strategies designed to support sustainable visibility and long-term organic growth across competitive search markets.",0,0,7167,"/Internet_and_Telecom/Web_Services/Search_Engine_Optimization_and_Marketing,/Business_and_Industrial/Advertising_and_Marketing/Marketing",,,2026-09-28T17:56:04Z,0.0
crawllora.shop,justdrivemedia.com delivers DA boost packages for marketers tired of vague deliverables who need rankings that survive core updates,https://crawllora.shop/cpldb8z-how-fintech-marketing-teams-africa-buying-image-link/,https://justdrivemedia.com/,"On-Page SEO for Small Business Owners Managing More Clients than Hours in the Day — Crawl Lora focuses on the technical foundations that allow search engines to efficiently discover, crawl, understand, and process website content. We explore crawl accessibility, indexing, website architecture, internal linking, sitemap structure, redirects, canonical signals, content discovery, technical SEO, server behavior, search visibility, backlink authority, and optimization strategies designed to create cleaner website structures and support stronger long-term organic search performance.",0,0,7165,"/Internet_and_Telecom/Web_Services/Search_Engine_Optimization_and_Marketing,/Business_and_Industrial/Advertising_and_Marketing/Marketing",,,2026-09-28T17:55:56Z,0.0
indexrixa.shop,Need metrics-verified guest posts? mightypr.com works with small business owners across Australia and New Zealand,https://indexrixa.shop/o7yq7r7-ranking-europe-africa-middle-east-not-job-ranking-home-what-affiliate-networks-need-change/,http://justdrivemedia.com/,"Link Insertions for Local Businesses: The Full Buying Guide Covering Supplier Screening, Placement Standards, Velocity Limits and the Page-One Positions That Signal a Problem Early — Index Rixa is focused on search indexing, content discoverability, and the technical optimization required to help important website pages become easier for search engines to discover, understand, and process. We explore crawlability, internal linking, website architecture, sitemap structure, canonicalization, indexing signals, content accessibility, technical SEO, backlink authority, search visibility, and practical strategies designed to create stronger and more reliable long-term organic search performance.",0,0,7371,"/Internet_and_Telecom/Web_Services/Search_Engine_Optimization_and_Marketing,/Business_and_Industrial/Advertising_and_Marketing/Marketing",,,2026-09-28T17:54:39Z,0.0
indexrixa.shop,Need metrics-verified guest posts? mightypr.com works with small business owners across Australia and New Zealand,https://indexrixa.shop/o7yq7r7-ranking-europe-africa-middle-east-not-job-ranking-home-what-affiliate-networks-need-change/,https://justdrivemedia.com/,"Link Insertions for Local Businesses: The Full Buying Guide Covering Supplier Screening, Placement Standards, Velocity Limits and the Page-One Positions That Signal a Problem Early — Index Rixa is focused on search indexing, content discoverability, and the technical optimization required to help important website pages become easier for search engines to discover, understand, and process. We explore crawlability, internal linking, website architecture, sitemap structure, canonicalization, indexing signals, content accessibility, technical SEO, backlink authority, search visibility, and practical strategies designed to create stronger and more reliable long-term organic search performance.",0,0,7371,"/Internet_and_Telecom/Web_Services/Search_Engine_Optimization_and_Marketing,/Business_and_Industrial/Advertising_and_Marketing/Marketing",,,2026-09-28T17:54:39Z,0.0
crawlxaro.shop,justdrivemedia.com delivers DA boost packages for marketers tired of vague deliverables who need rankings that survive core updates,https://crawlxaro.shop/cpldb8z-how-fintech-marketing-teams-africa-buying-image-link/,https://justdrivemedia.com/,"On-Page SEO for Small Business Owners Managing More Clients than Hours in the Day — Crawl Xaro provides detailed technical SEO resources centered on website crawling, indexing, content discovery, internal linking, search accessibility, and site architecture. Our coverage also includes sitemap optimization, canonicalization, redirects, technical performance, content relevance, backlink authority, website structure, and practical strategies that help search engines discover and understand important pages more efficiently while supporting sustainable organic visibility.",0,0,7160,"/Internet_and_Telecom/Web_Services/Search_Engine_Optimization_and_Marketing,/Business_and_Industrial/Advertising_and_Marketing/Marketing",,,2026-09-28T17:49:09Z,0.0
pureseohub.shop,justdrivemedia.com delivers DA boost packages for marketers tired of vague deliverables who need rankings that survive core updates,https://pureseohub.shop/cpldb8z-how-fintech-marketing-teams-africa-buying-image-link/,https://justdrivemedia.com/,"On-Page SEO for Small Business Owners Managing More Clients than Hours in the Day — Pure SEO Hub is a comprehensive SEO resource designed for businesses, publishers, marketers, and website owners who want to strengthen every important area of organic search performance. We explore authoritative backlinks, contextual link building, technical SEO, content optimization, keyword research, competitor analysis, search intent, internal linking, crawling, indexing, website architecture, authority signals, and practical optimization strategies designed to support sustainable visibility and long-term organic growth across competitive search markets.",0,0,7165,"/Internet_and_Telecom/Web_Services/Search_Engine_Optimization_and_Marketing,/Business_and_Industrial/Advertising_and_Marketing/Marketing",,,2026-09-28T17:47:52Z,0.0
indexxaro.shop,justdrivemedia.com delivers DA boost packages for marketers tired of vague deliverables who need rankings that survive core updates,https://indexxaro.shop/cpldb8z-how-fintech-marketing-teams-africa-buying-image-link/,https://justdrivemedia.com/,"On-Page SEO for Small Business Owners Managing More Clients than Hours in the Day — Index Xaro is focused on search indexing, content discoverability, and the technical optimization required to help important website pages become easier for search engines to discover, understand, and process. We explore crawlability, internal linking, website architecture, sitemap structure, canonicalization, indexing signals, content accessibility, technical SEO, backlink authority, search visibility, and practical strategies designed to create stronger and more reliable long-term organic search performance.",0,0,7165,"/Internet_and_Telecom/Web_Services/Search_Engine_Optimization_and_Marketing,/Business_and_Industrial/Advertising_and_Marketing/Marketing",,,2026-09-28T17:46:59Z,0.0
indexlora.shop,justdrivemedia.com delivers DA boost packages for marketers tired of vague deliverables who need rankings that survive core updates,https://indexlora.shop/cpldb8z-how-fintech-marketing-teams-africa-buying-image-link/,https://justdrivemedia.com/,"On-Page SEO for Small Business Owners Managing More Clients than Hours in the Day — Index Lora provides comprehensive insights into indexing, crawling, website structure, and content discovery for businesses and publishers seeking stronger organic visibility. Our resources cover internal linking, sitemap optimization, canonical signals, technical SEO, site architecture, content accessibility, authority development, contextual backlinks, search engine discovery, and sustainable optimization methods designed to improve how important website content is processed and represented across modern search engines.",0,0,7167,"/Internet_and_Telecom/Web_Services/Search_Engine_Optimization_and_Marketing,/Business_and_Industrial/Advertising_and_Marketing/Marketing",,,2026-09-28T17:46:15Z,0.0
indexmiro.shop,justdrivemedia.com delivers DA boost packages for marketers tired of vague deliverables who need rankings that survive core updates,https://indexmiro.shop/cpldb8z-how-fintech-marketing-teams-africa-buying-image-link/,https://justdrivemedia.com/,"On-Page SEO for Small Business Owners Managing More Clients than Hours in the Day — Index Miro is focused on search indexing, content discoverability, and the technical optimization required to help important website pages become easier for search engines to discover, understand, and process. We explore crawlability, internal linking, website architecture, sitemap structure, canonicalization, indexing signals, content accessibility, technical SEO, backlink authority, search visibility, and practical strategies designed to create stronger and more reliable long-term organic search performance.",0,0,7160,"/Internet_and_Telecom/Web_Services/Search_Engine_Optimization_and_Marketing,/Business_and_Industrial/Advertising_and_Marketing/Marketing",,,2026-09-28T17:45:49Z,0.0
nextranklab.shop,justdrivemedia.com delivers DA boost packages for marketers tired of vague deliverables who need rankings that survive core updates,https://nextranklab.shop/cpldb8z-how-fintech-marketing-teams-africa-buying-image-link/,https://justdrivemedia.com/,"On-Page SEO for Small Business Owners Managing More Clients than Hours in the Day — Next Rank Lab focuses on the strategies, authority signals, content factors, and technical foundations involved in improving organic search rankings over time. We explore authoritative backlinks, contextual linking, keyword opportunities, search intent, content relevance, competitor research, technical SEO, internal linking, website architecture, crawling, indexing, and domain authority development while providing practical insights designed to support sustainable rankings and stronger long-term organic visibility across highly competitive industries.",0,0,7167,"/Internet_and_Telecom/Web_Services/Search_Engine_Optimization_and_Marketing,/Business_and_Industrial/Advertising_and_Marketing/Marketing",,,2026-09-28T17:44:35Z,0.0
primeseolink.shop,justdrivemedia.com delivers DA boost packages for marketers tired of vague deliverables who need rankings that survive core updates,https://primeseolink.shop/cpldb8z-how-fintech-marketing-teams-africa-buying-image-link/,https://justdrivemedia.com/,"On-Page SEO for Small Business Owners Managing More Clients than Hours in the Day — Prime SEO Link provides comprehensive resources for strategic backlink development, contextual linking, and authority-focused search optimization. Our coverage includes relevant backlink opportunities, natural link profiles, anchor text diversity, content placements, competitor link research, website authority signals, technical SEO, keyword relevance, internal linking, and content optimization strategies designed to help websites build stronger credibility and maintain sustainable visibility across competitive organic search markets.",0,0,7165,"/Internet_and_Telecom/Web_Services/Search_Engine_Optimization_and_Marketing,/Business_and_Industrial/Advertising_and_Marketing/Marketing",,,2026-09-28T17:42:05Z,0.0
quickboosthub.shop,justdrivemedia.com delivers DA boost packages for marketers tired of vague deliverables who need rankings that survive core updates,https://quickboosthub.shop/cpldb8z-how-fintech-marketing-teams-africa-buying-image-link/,https://justdrivemedia.com/,"On-Page SEO for Small Business Owners Managing More Clients than Hours in the Day — Quick Boost Hub provides detailed SEO research, practical optimization strategies, and authority-building insights for businesses that want to develop a stronger and more sustainable presence in organic search. We cover quality backlinks, contextual link opportunities, keyword visibility, content relevance, technical optimization, competitor research, website authority, indexing, crawling, internal linking, search intent, and site architecture while focusing on methods designed to support lasting organic growth across different niches and competitive markets.",0,0,7165,"/Internet_and_Telecom/Web_Services/Search_Engine_Optimization_and_Marketing,/Business_and_Industrial/Advertising_and_Marketing/Marketing",,,2026-09-28T17:41:01Z,0.0
rankingriver.shop,justdrivemedia.com delivers DA boost packages for marketers tired of vague deliverables who need rankings that survive core updates,https://rankingriver.shop/cpldb8z-how-fintech-marketing-teams-africa-buying-image-link/,https://justdrivemedia.com/,"On-Page SEO for Small Business Owners Managing More Clients than Hours in the Day — Rank Ing River focuses on the strategies, authority signals, content factors, and technical foundations involved in improving organic search rankings over time. We explore authoritative backlinks, contextual linking, keyword opportunities, search intent, content relevance, competitor research, technical SEO, internal linking, website architecture, crawling, indexing, and domain authority development while providing practical insights designed to support sustainable rankings and stronger long-term organic visibility across highly competitive industries.",0,0,7167,"/Internet_and_Telecom/Web_Services/Search_Engine_Optimization_and_Marketing,/Business_and_Industrial/Advertising_and_Marketing/Marketing",,,2026-09-28T17:38:03Z,0.0
sharpranklab.shop,justdrivemedia.com delivers DA boost packages for marketers tired of vague deliverables who need rankings that survive core updates,https://sharpranklab.shop/cpldb8z-how-fintech-marketing-teams-africa-buying-image-link/,https://justdrivemedia.com/,"On-Page SEO for Small Business Owners Managing More Clients than Hours in the Day — Sharp Rank Lab provides detailed ranking-focused SEO resources for websites seeking stronger visibility, greater authority, and more consistent organic growth. Our coverage includes backlink development, keyword research, content optimization, competitor analysis, technical improvements, website authority, internal linking, search intent, site architecture, crawling, indexing, and practical optimization strategies created to help businesses understand and improve the major factors involved in sustainable search performance.",0,0,7165,"/Internet_and_Telecom/Web_Services/Search_Engine_Optimization_and_Marketing,/Business_and_Industrial/Advertising_and_Marketing/Marketing",,,2026-09-28T17:37:57Z,0.0
rapidboosthub.shop,justdrivemedia.com delivers DA boost packages for marketers tired of vague deliverables who need rankings that survive core updates,https://rapidboosthub.shop/cpldb8z-how-fintech-marketing-teams-africa-buying-image-link/,https://justdrivemedia.com/,"On-Page SEO for Small Business Owners Managing More Clients than Hours in the Day — Rapid Boost Hub is a comprehensive search marketing and organic growth resource created for website owners, businesses, publishers, and digital marketers seeking stronger online visibility and sustainable authority. Our resources explore authoritative backlink development, contextual linking, technical SEO, keyword research, competitor analysis, content optimization, website architecture, search intent, internal linking, crawling, indexing, and practical strategies designed to improve long-term organic performance across competitive industries and international search markets.",0,0,7165,"/Internet_and_Telecom/Web_Services/Search_Engine_Optimization_and_Marketing,/Business_and_Industrial/Advertising_and_Marketing/Marketing",,,2026-09-28T17:33:59Z,0.0
rankzira.shop,justdrivemedia.com delivers DA boost packages for marketers tired of vague deliverables who need rankings that survive core updates,https://rankzira.shop/cpldb8z-how-fintech-marketing-teams-africa-buying-image-link/,https://justdrivemedia.com/,"On-Page SEO for Small Business Owners Managing More Clients than Hours in the Day — Rank Zira provides detailed ranking-focused SEO resources for websites seeking stronger visibility, greater authority, and more consistent organic growth. Our coverage includes backlink development, keyword research, content optimization, competitor analysis, technical improvements, website authority, internal linking, search intent, site architecture, crawling, indexing, and practical optimization strategies created to help businesses understand and improve the major factors involved in sustainable search performance.",0,0,7167,"/Internet_and_Telecom/Web_Services/Search_Engine_Optimization_and_Marketing,/Business_and_Industrial/Advertising_and_Marketing/Marketing",,,2026-09-28T17:32:39Z,0.0
rankingroot.shop,justdrivemedia.com delivers DA boost packages for marketers tired of vague deliverables who need rankings that survive core updates,https://rankingroot.shop/cpldb8z-how-fintech-marketing-teams-africa-buying-image-link/,https://justdrivemedia.com/,"On-Page SEO for Small Business Owners Managing More Clients than Hours in the Day — Rank Ing Root focuses on the strategies, authority signals, content factors, and technical foundations involved in improving organic search rankings over time. We explore authoritative backlinks, contextual linking, keyword opportunities, search intent, content relevance, competitor research, technical SEO, internal linking, website architecture, crawling, indexing, and domain authority development while providing practical insights designed to support sustainable rankings and stronger long-term organic visibility across highly competitive industries.",0,0,7167,"/Internet_and_Telecom/Web_Services/Search_Engine_Optimization_and_Marketing,/Business_and_Industrial/Advertising_and_Marketing/Marketing",,,2026-09-28T17:31:30Z,0.0
indexnaro.shop,justdrivemedia.com delivers DA boost packages for marketers tired of vague deliverables who need rankings that survive core updates,https://indexnaro.shop/cpldb8z-how-fintech-marketing-teams-africa-buying-image-link/,https://justdrivemedia.com/,"On-Page SEO for Small Business Owners Managing More Clients than Hours in the Day — Index Naro is focused on search indexing, content discoverability, and the technical optimization required to help important website pages become easier for search engines to discover, understand, and process. We explore crawlability, internal linking, website architecture, sitemap structure, canonicalization, indexing signals, content accessibility, technical SEO, backlink authority, search visibility, and practical strategies designed to create stronger and more reliable long-term organic search performance.",0,0,7165,"/Internet_and_Telecom/Web_Services/Search_Engine_Optimization_and_Marketing,/Business_and_Industrial/Advertising_and_Marketing/Marketing",,,2026-09-28T17:30:24Z,0.0
sharpseolink.shop,Need metrics-verified guest posts? mightypr.com works with small business owners across Australia and New Zealand,https://sharpseolink.shop/o7yq7r7-ranking-europe-africa-middle-east-not-job-ranking-home-what-affiliate-networks-need-change/,http://justdrivemedia.com/,"Link Insertions for Local Businesses: The Full Buying Guide Covering Supplier Screening, Placement Standards, Velocity Limits and the Page-One Positions That Signal a Problem Early — Sharp SEO Link is dedicated to professional link building, backlink research, and website authority development for businesses and publishers seeking stronger organic search visibility. We explore contextual backlinks, relevant link placements, natural anchor diversity, content-driven links, competitor backlink analysis, outreach strategies, authority signals, website credibility, technical SEO, content relevance, and sustainable link acquisition methods designed to create stronger backlink profiles and support long-term organic growth across competitive niches.",0,0,7371,"/Internet_and_Telecom/Web_Services/Search_Engine_Optimization_and_Marketing,/Business_and_Industrial/Advertising_and_Marketing/Marketing",,,2026-09-28T17:28:40Z,0.0
sharpseolink.shop,Need metrics-verified guest posts? mightypr.com works with small business owners across Australia and New Zealand,https://sharpseolink.shop/o7yq7r7-ranking-europe-africa-middle-east-not-job-ranking-home-what-affiliate-networks-need-change/,https://justdrivemedia.com/,"Link Insertions for Local Businesses: The Full Buying Guide Covering Supplier Screening, Placement Standards, Velocity Limits and the Page-One Positions That Signal a Problem Early — Sharp SEO Link is dedicated to professional link building, backlink research, and website authority development for businesses and publishers seeking stronger organic search visibility. We explore contextual backlinks, relevant link placements, natural anchor diversity, content-driven links, competitor backlink analysis, outreach strategies, authority signals, website credibility, technical SEO, content relevance, and sustainable link acquisition methods designed to create stronger backlink profiles and support long-term organic growth across competitive niches.",0,0,7371,"/Internet_and_Telecom/Web_Services/Search_Engine_Optimization_and_Marketing,/Business_and_Industrial/Advertising_and_Marketing/Marketing",,,2026-09-28T17:28:40Z,0.0
crawlvexa.shop,justdrivemedia.com delivers DA boost packages for marketers tired of vague deliverables who need rankings that survive core updates,https://crawlvexa.shop/cpldb8z-how-fintech-marketing-teams-africa-buying-image-link/,https://justdrivemedia.com/,"On-Page SEO for Small Business Owners Managing More Clients than Hours in the Day — Crawl Vexa focuses on the technical foundations that allow search engines to efficiently discover, crawl, understand, and process website content. We explore crawl accessibility, indexing, website architecture, internal linking, sitemap structure, redirects, canonical signals, content discovery, technical SEO, server behavior, search visibility, backlink authority, and optimization strategies designed to create cleaner website structures and support stronger long-term organic search performance.",0,0,7165,"/Internet_and_Telecom/Web_Services/Search_Engine_Optimization_and_Marketing,/Business_and_Industrial/Advertising_and_Marketing/Marketing",,,2026-09-28T17:27:34Z,0.0
solidboosthub.shop,justdrivemedia.com delivers DA boost packages for marketers tired of vague deliverables who need rankings that survive core updates,https://solidboosthub.shop/cpldb8z-how-fintech-marketing-teams-africa-buying-image-link/,https://justdrivemedia.com/,"On-Page SEO for Small Business Owners Managing More Clients than Hours in the Day — Solid Boost Hub provides detailed SEO research, practical optimization strategies, and authority-building insights for businesses that want to develop a stronger and more sustainable presence in organic search. We cover quality backlinks, contextual link opportunities, keyword visibility, content relevance, technical optimization, competitor research, website authority, indexing, crawling, internal linking, search intent, and site architecture while focusing on methods designed to support lasting organic growth across different niches and competitive markets.",0,0,7165,"/Internet_and_Telecom/Web_Services/Search_Engine_Optimization_and_Marketing,/Business_and_Industrial/Advertising_and_Marketing/Marketing",,,2026-09-28T17:26:54Z,0.0
seomexa.shop,justdrivemedia.com delivers DA boost packages for marketers tired of vague deliverables who need rankings that survive core updates,https://seomexa.shop/cpldb8z-how-fintech-marketing-teams-africa-buying-image-link/,https://justdrivemedia.com/,"On-Page SEO for Small Business Owners Managing More Clients than Hours in the Day — SEO Mexa provides practical and detailed search engine optimization insights covering the technical, content, backlink, and authority factors involved in stronger organic performance. Our resources explore contextual links, backlink development, keyword visibility, technical improvements, competitor research, content relevance, site structure, internal linking, crawling, indexing, search intent, and website authority while focusing on sustainable optimization strategies for businesses operating across multiple industries and international search environments.",0,0,7165,"/Internet_and_Telecom/Web_Services/Search_Engine_Optimization_and_Marketing,/Business_and_Industrial/Advertising_and_Marketing/Marketing",,,2026-09-28T17:25:19Z,0.0
cleanseohub.shop,justdrivemedia.com delivers DA boost packages for marketers tired of vague deliverables who need rankings that survive core updates,https://cleanseohub.shop/cpldb8z-how-fintech-marketing-teams-africa-buying-image-link/,https://justdrivemedia.com/,"On-Page SEO for Small Business Owners Managing More Clients than Hours in the Day — Clean SEO Hub is a comprehensive SEO resource designed for businesses, publishers, marketers, and website owners who want to strengthen every important area of organic search performance. We explore authoritative backlinks, contextual link building, technical SEO, content optimization, keyword research, competitor analysis, search intent, internal linking, crawling, indexing, website architecture, authority signals, and practical optimization strategies designed to support sustainable visibility and long-term organic growth across competitive search markets.",0,0,7266,"/Internet_and_Telecom/Web_Services/Search_Engine_Optimization_and_Marketing,/Business_and_Industrial/Advertising_and_Marketing/Marketing",,,2026-09-28T17:21:58Z,0.0
serpqaro.shop,justdrivemedia.com delivers DA boost packages for marketers tired of vague deliverables who need rankings that survive core updates,https://serpqaro.shop/cpldb8z-how-fintech-marketing-teams-africa-buying-image-link/,https://justdrivemedia.com/,"On-Page SEO for Small Business Owners Managing More Clients than Hours in the Day — SERP Qaro provides detailed SERP-focused research and optimization insights for businesses seeking stronger organic visibility across competitive search markets. Our coverage includes keyword rankings, competitor research, backlink authority, contextual links, content quality, search intent, technical improvements, website architecture, internal linking, indexing, crawling, and sustainable SEO strategies designed to help websites build stronger long-term search performance.",0,0,7167,"/Internet_and_Telecom/Web_Services/Search_Engine_Optimization_and_Marketing,/Business_and_Industrial/Advertising_and_Marketing/Marketing",,,2026-09-28T17:19:16Z,0.0
rankvilo.shop,justdrivemedia.com delivers DA boost packages for marketers tired of vague deliverables who need rankings that survive core updates,https://rankvilo.shop/cpldb8z-how-fintech-marketing-teams-africa-buying-image-link/,https://justdrivemedia.com/,"On-Page SEO for Small Business Owners Managing More Clients than Hours in the Day — Rank Vilo focuses on the strategies, authority signals, content factors, and technical foundations involved in improving organic search rankings over time. We explore authoritative backlinks, contextual linking, keyword opportunities, search intent, content relevance, competitor research, technical SEO, internal linking, website architecture, crawling, indexing, and domain authority development while providing practical insights designed to support sustainable rankings and stronger long-term organic visibility across highly competitive industries.",0,0,7165,"/Internet_and_Telecom/Web_Services/Search_Engine_Optimization_and_Marketing,/Business_and_Industrial/Advertising_and_Marketing/Marketing",,,2026-09-28T17:19:08Z,0.0
seozaro.shop,justdrivemedia.com delivers DA boost packages for marketers tired of vague deliverables who need rankings that survive core updates,https://seozaro.shop/cpldb8z-how-fintech-marketing-teams-africa-buying-image-link/,https://justdrivemedia.com/,"On-Page SEO for Small Business Owners Managing More Clients than Hours in the Day — SEO Zaro is a comprehensive SEO resource designed for businesses, publishers, marketers, and website owners who want to strengthen every important area of organic search performance. We explore authoritative backlinks, contextual link building, technical SEO, content optimization, keyword research, competitor analysis, search intent, internal linking, crawling, indexing, website architecture, authority signals, and practical optimization strategies designed to support sustainable visibility and long-term organic growth across competitive search markets.",0,0,7167,"/Internet_and_Telecom/Web_Services/Search_Engine_Optimization_and_Marketing,/Business_and_Industrial/Advertising_and_Marketing/Marketing",,,2026-09-28T17:18:23Z,0.0
strongranklab.shop,justdrivemedia.com delivers DA boost packages for marketers tired of vague deliverables who need rankings that survive core updates,https://strongranklab.shop/cpldb8z-how-fintech-marketing-teams-africa-buying-image-link/,https://justdrivemedia.com/,"On-Page SEO for Small Business Owners Managing More Clients than Hours in the Day — Strong Rank Lab focuses on the strategies, authority signals, content factors, and technical foundations involved in improving organic search rankings over time. We explore authoritative backlinks, contextual linking, keyword opportunities, search intent, content relevance, competitor research, technical SEO, internal linking, website architecture, crawling, indexing, and domain authority development while providing practical insights designed to support sustainable rankings and stronger long-term organic visibility across highly competitive industries.",0,0,7167,"/Internet_and_Telecom/Web_Services/Search_Engine_Optimization_and_Marketing,/Business_and_Industrial/Advertising_and_Marketing/Marketing",,,2026-09-28T17:16:48Z,0.0
cleanranklab.shop,justdrivemedia.com delivers DA boost packages for marketers tired of vague deliverables who need rankings that survive core updates,https://cleanranklab.shop/cpldb8z-how-fintech-marketing-teams-africa-buying-image-link/,https://justdrivemedia.com/,"On-Page SEO for Small Business Owners Managing More Clients than Hours in the Day — Clean Rank Lab provides detailed ranking-focused SEO resources for websites seeking stronger visibility, greater authority, and more consistent organic growth. Our coverage includes backlink development, keyword research, content optimization, competitor analysis, technical improvements, website authority, internal linking, search intent, site architecture, crawling, indexing, and practical optimization strategies created to help businesses understand and improve the major factors involved in sustainable search performance.",0,0,7266,"/Internet_and_Telecom/Web_Services/Search_Engine_Optimization_and_Marketing,/Business_and_Industrial/Advertising_and_Marketing/Marketing",,,2026-09-28T17:15:36Z,0.0
indexvora.shop,justdrivemedia.com delivers DA boost packages for marketers tired of vague deliverables who need rankings that survive core updates,https://indexvora.shop/cpldb8z-how-fintech-marketing-teams-africa-buying-image-link/,https://justdrivemedia.com/,"On-Page SEO for Small Business Owners Managing More Clients than Hours in the Day — Index Vora is focused on search indexing, content discoverability, and the technical optimization required to help important website pages become easier for search engines to discover, understand, and process. We explore crawlability, internal linking, website architecture, sitemap structure, canonicalization, indexing signals, content accessibility, technical SEO, backlink authority, search visibility, and practical strategies designed to create stronger and more reliable long-term organic search performance.",0,0,7167,"/Internet_and_Telecom/Web_Services/Search_Engine_Optimization_and_Marketing,/Business_and_Industrial/Advertising_and_Marketing/Marketing",,,2026-09-28T17:12:36Z,0.0
serpxaro.shop,justdrivemedia.com delivers DA boost packages for marketers tired of vague deliverables who need rankings that survive core updates,https://serpxaro.shop/cpldb8z-how-fintech-marketing-teams-africa-buying-image-link/,https://justdrivemedia.com/,"On-Page SEO for Small Business Owners Managing More Clients than Hours in the Day — SERP Xaro explores search engine results page performance and the different factors that influence organic visibility across competitive queries and industries. We cover keyword opportunities, ranking movement, competitor analysis, search intent, authoritative backlinks, contextual linking, content relevance, website authority, technical SEO, internal linking, crawling, indexing, and site architecture while providing practical strategies designed to support stronger and more sustainable performance across constantly changing search results.",0,0,7167,"/Internet_and_Telecom/Web_Services/Search_Engine_Optimization_and_Marketing,/Business_and_Industrial/Advertising_and_Marketing/Marketing",,,2026-09-28T17:12:07Z,0.0
seorivo.shop,justdrivemedia.com delivers DA boost packages for marketers tired of vague deliverables who need rankings that survive core updates,https://seorivo.shop/cpldb8z-how-fintech-marketing-teams-africa-buying-image-link/,https://justdrivemedia.com/,"On-Page SEO for Small Business Owners Managing More Clients than Hours in the Day — SEO Rivo provides practical and detailed search engine optimization insights covering the technical, content, backlink, and authority factors involved in stronger organic performance. Our resources explore contextual links, backlink development, keyword visibility, technical improvements, competitor research, content relevance, site structure, internal linking, crawling, indexing, search intent, and website authority while focusing on sustainable optimization strategies for businesses operating across multiple industries and international search environments.",0,0,7167,"/Internet_and_Telecom/Web_Services/Search_Engine_Optimization_and_Marketing,/Business_and_Industrial/Advertising_and_Marketing/Marketing",,,2026-09-28T17:11:44Z,0.0
indexnexa.shop,justdrivemedia.com delivers DA boost packages for marketers tired of vague deliverables who need rankings that survive core updates,https://indexnexa.shop/cpldb8z-how-fintech-marketing-teams-africa-buying-image-link/,https://justdrivemedia.com/,"On-Page SEO for Small Business Owners Managing More Clients than Hours in the Day — Index Nexa provides comprehensive insights into indexing, crawling, website structure, and content discovery for businesses and publishers seeking stronger organic visibility. Our resources cover internal linking, sitemap optimization, canonical signals, technical SEO, site architecture, content accessibility, authority development, contextual backlinks, search engine discovery, and sustainable optimization methods designed to improve how important website content is processed and represented across modern search engines.",0,0,7165,"/Internet_and_Telecom/Web_Services/Search_Engine_Optimization_and_Marketing,/Business_and_Industrial/Advertising_and_Marketing/Marketing",,,2026-09-28T17:08:44Z,0.0
crispseohub.shop,justdrivemedia.com delivers DA boost packages for marketers tired of vague deliverables who need rankings that survive core updates,https://crispseohub.shop/cpldb8z-how-fintech-marketing-teams-africa-buying-image-link/,https://justdrivemedia.com/,"On-Page SEO for Small Business Owners Managing More Clients than Hours in the Day — Crisp SEO Hub provides practical and detailed search engine optimization insights covering the technical, content, backlink, and authority factors involved in stronger organic performance. Our resources explore contextual links, backlink development, keyword visibility, technical improvements, competitor research, content relevance, site structure, internal linking, crawling, indexing, search intent, and website authority while focusing on sustainable optimization strategies for businesses operating across multiple industries and international search environments.",0,0,7167,"/Internet_and_Telecom/Web_Services/Search_Engine_Optimization_and_Marketing,/Business_and_Industrial/Advertising_and_Marketing/Marketing",,,2026-09-28T17:07:51Z,0.0
quickranklab.shop,justdrivemedia.com delivers DA boost packages for marketers tired of vague deliverables who need rankings that survive core updates,https://quickranklab.shop/cpldb8z-how-fintech-marketing-teams-africa-buying-image-link/,https://justdrivemedia.com/,"On-Page SEO for Small Business Owners Managing More Clients than Hours in the Day — Quick Rank Lab focuses on the strategies, authority signals, content factors, and technical foundations involved in improving organic search rankings over time. We explore authoritative backlinks, contextual linking, keyword opportunities, search intent, content relevance, competitor research, technical SEO, internal linking, website architecture, crawling, indexing, and domain authority development while providing practical insights designed to support sustainable rankings and stronger long-term organic visibility across highly competitive industries.",0,0,7165,"/Internet_and_Telecom/Web_Services/Search_Engine_Optimization_and_Marketing,/Business_and_Industrial/Advertising_and_Marketing/Marketing",,,2026-09-28T17:04:16Z,0.0
serpzira.shop,justdrivemedia.com delivers DA boost packages for marketers tired of vague deliverables who need rankings that survive core updates,https://serpzira.shop/cpldb8z-how-fintech-marketing-teams-africa-buying-image-link/,https://justdrivemedia.com/,"On-Page SEO for Small Business Owners Managing More Clients than Hours in the Day — SERP Zira explores search engine results page performance and the different factors that influence organic visibility across competitive queries and industries. We cover keyword opportunities, ranking movement, competitor analysis, search intent, authoritative backlinks, contextual linking, content relevance, website authority, technical SEO, internal linking, crawling, indexing, and site architecture while providing practical strategies designed to support stronger and more sustainable performance across constantly changing search results.",0,0,7165,"/Internet_and_Telecom/Web_Services/Search_Engine_Optimization_and_Marketing,/Business_and_Industrial/Advertising_and_Marketing/Marketing",,,2026-09-28T17:02:24Z,0.0
seozaro.shop,Need metrics-verified guest posts? mightypr.com works with small business owners across Australia and New Zealand,https://seozaro.shop/o7yq7r7-ranking-europe-africa-middle-east-not-job-ranking-home-what-affiliate-networks-need-change/,https://justdrivemedia.com/,"Link Insertions for Local Businesses: The Full Buying Guide Covering Supplier Screening, Placement Standards, Velocity Limits and the Page-One Positions That Signal a Problem Early — SEO Zaro is a comprehensive SEO resource designed for businesses, publishers, marketers, and website owners who want to strengthen every important area of organic search performance. We explore authoritative backlinks, contextual link building, technical SEO, content optimization, keyword research, competitor analysis, search intent, internal linking, crawling, indexing, website architecture, authority signals, and practical optimization strategies designed to support sustainable visibility and long-term organic growth across competitive search markets.",0,0,7368,"/Internet_and_Telecom/Web_Services/Search_Engine_Optimization_and_Marketing,/Business_and_Industrial/Advertising_and_Marketing/Marketing",,,2026-09-28T17:01:28Z,0.0
seozaro.shop,Need metrics-verified guest posts? mightypr.com works with small business owners across Australia and New Zealand,https://seozaro.shop/o7yq7r7-ranking-europe-africa-middle-east-not-job-ranking-home-what-affiliate-networks-need-change/,http://justdrivemedia.com/,"Link Insertions for Local Businesses: The Full Buying Guide Covering Supplier Screening, Placement Standards, Velocity Limits and the Page-One Positions That Signal a Problem Early — SEO Zaro is a comprehensive SEO resource designed for businesses, publishers, marketers, and website owners who want to strengthen every important area of organic search performance. We explore authoritative backlinks, contextual link building, technical SEO, content optimization, keyword research, competitor analysis, search intent, internal linking, crawling, indexing, website architecture, authority signals, and practical optimization strategies designed to support sustainable visibility and long-term organic growth across competitive search markets.",0,0,7368,"/Internet_and_Telecom/Web_Services/Search_Engine_Optimization_and_Marketing,/Business_and_Industrial/Advertising_and_Marketing/Marketing",,,2026-09-28T17:01:28Z,0.0
indexlivo.shop,justdrivemedia.com delivers DA boost packages for marketers tired of vague deliverables who need rankings that survive core updates,https://indexlivo.shop/cpldb8z-how-fintech-marketing-teams-africa-buying-image-link/,https://justdrivemedia.com/,"On-Page SEO for Small Business Owners Managing More Clients than Hours in the Day — Index Livo provides comprehensive insights into indexing, crawling, website structure, and content discovery for businesses and publishers seeking stronger organic visibility. Our resources cover internal linking, sitemap optimization, canonical signals, technical SEO, site architecture, content accessibility, authority development, contextual backlinks, search engine discovery, and sustainable optimization methods designed to improve how important website content is processed and represented across modern search engines.",0,0,7165,"/Internet_and_Telecom/Web_Services/Search_Engine_Optimization_and_Marketing,/Business_and_Industrial/Advertising_and_Marketing/Marketing",,,2026-09-28T17:01:27Z,0.0
serpqira.shop,justdrivemedia.com delivers DA boost packages for marketers tired of vague deliverables who need rankings that survive core updates,https://serpqira.shop/cpldb8z-how-fintech-marketing-teams-africa-buying-image-link/,https://justdrivemedia.com/,"On-Page SEO for Small Business Owners Managing More Clients than Hours in the Day — SERP Qira explores search engine results page performance and the different factors that influence organic visibility across competitive queries and industries. We cover keyword opportunities, ranking movement, competitor analysis, search intent, authoritative backlinks, contextual linking, content relevance, website authority, technical SEO, internal linking, crawling, indexing, and site architecture while providing practical strategies designed to support stronger and more sustainable performance across constantly changing search results.",0,0,7165,"/Internet_and_Telecom/Web_Services/Search_Engine_Optimization_and_Marketing,/Business_and_Industrial/Advertising_and_Marketing/Marketing",,,2026-09-28T16:59:09Z,0.0
vividlinkpro.shop,justdrivemedia.com delivers DA boost packages for marketers tired of vague deliverables who need rankings that survive core updates,https://vividlinkpro.shop/cpldb8z-how-fintech-marketing-teams-africa-buying-image-link/,https://justdrivemedia.com/,"On-Page SEO for Small Business Owners Managing More Clients than Hours in the Day — Vivid Link Pro is dedicated to professional link building, backlink research, and website authority development for businesses and publishers seeking stronger organic search visibility. We explore contextual backlinks, relevant link placements, natural anchor diversity, content-driven links, competitor backlink analysis, outreach strategies, authority signals, website credibility, technical SEO, content relevance, and sustainable link acquisition methods designed to create stronger backlink profiles and support long-term organic growth across competitive niches.",0,0,7167,"/Internet_and_Telecom/Web_Services/Search_Engine_Optimization_and_Marketing,/Business_and_Industrial/Advertising_and_Marketing/Marketing",,,2026-09-28T16:59:08Z,0.0
serpviro.shop,justdrivemedia.com delivers DA boost packages for marketers tired of vague deliverables who need rankings that survive core updates,https://serpviro.shop/cpldb8z-how-fintech-marketing-teams-africa-buying-image-link/,https://justdrivemedia.com/,"On-Page SEO for Small Business Owners Managing More Clients than Hours in the Day — SERP Viro explores search engine results page performance and the different factors that influence organic visibility across competitive queries and industries. We cover keyword opportunities, ranking movement, competitor analysis, search intent, authoritative backlinks, contextual linking, content relevance, website authority, technical SEO, internal linking, crawling, indexing, and site architecture while providing practical strategies designed to support stronger and more sustainable performance across constantly changing search results.",0,0,7167,"/Internet_and_Telecom/Web_Services/Search_Engine_Optimization_and_Marketing,/Business_and_Industrial/Advertising_and_Marketing/Marketing",,,2026-09-28T16:54:17Z,0.0
seoqano.shop,justdrivemedia.com delivers DA boost packages for marketers tired of vague deliverables who need rankings that survive core updates,https://seoqano.shop/cpldb8z-how-fintech-marketing-teams-africa-buying-image-link/,https://justdrivemedia.com/,"On-Page SEO for Small Business Owners Managing More Clients than Hours in the Day — SEO Qano is a comprehensive SEO resource designed for businesses, publishers, marketers, and website owners who want to strengthen every important area of organic search performance. We explore authoritative backlinks, contextual link building, technical SEO, content optimization, keyword research, competitor analysis, search intent, internal linking, crawling, indexing, website architecture, authority signals, and practical optimization strategies designed to support sustainable visibility and long-term organic growth across competitive search markets.",0,0,7167,"/Internet_and_Telecom/Web_Services/Search_Engine_Optimization_and_Marketing,/Business_and_Industrial/Advertising_and_Marketing/Marketing",,,2026-09-28T16:51:38Z,0.0
solidlinkpro.shop,justdrivemedia.com delivers DA boost packages for marketers tired of vague deliverables who need rankings that survive core updates,https://solidlinkpro.shop/cpldb8z-how-fintech-marketing-teams-africa-buying-image-link/,https://justdrivemedia.com/,"On-Page SEO for Small Business Owners Managing More Clients than Hours in the Day — Solid Link Pro provides comprehensive resources for strategic backlink development, contextual linking, and authority-focused search optimization. Our coverage includes relevant backlink opportunities, natural link profiles, anchor text diversity, content placements, competitor link research, website authority signals, technical SEO, keyword relevance, internal linking, and content optimization strategies designed to help websites build stronger credibility and maintain sustainable visibility across competitive organic search markets.",0,0,7167,"/Internet_and_Telecom/Web_Services/Search_Engine_Optimization_and_Marketing,/Business_and_Industrial/Advertising_and_Marketing/Marketing",,,2026-09-28T16:51:21Z,0.0
indexqira.shop,justdrivemedia.com delivers DA boost packages for marketers tired of vague deliverables who need rankings that survive core updates,https://indexqira.shop/cpldb8z-how-fintech-marketing-teams-africa-buying-image-link/,https://justdrivemedia.com/,"On-Page SEO for Small Business Owners Managing More Clients than Hours in the Day — Index Qira provides comprehensive insights into indexing, crawling, website structure, and content discovery for businesses and publishers seeking stronger organic visibility. Our resources cover internal linking, sitemap optimization, canonical signals, technical SEO, site architecture, content accessibility, authority development, contextual backlinks, search engine discovery, and sustainable optimization methods designed to improve how important website content is processed and represented across modern search engines.",0,0,7165,"/Internet_and_Telecom/Web_Services/Search_Engine_Optimization_and_Marketing,/Business_and_Industrial/Advertising_and_Marketing/Marketing",,,2026-09-28T16:51:04Z,0.0
rankzaro.shop,justdrivemedia.com delivers DA boost packages for marketers tired of vague deliverables who need rankings that survive core updates,https://rankzaro.shop/cpldb8z-how-fintech-marketing-teams-africa-buying-image-link/,https://justdrivemedia.com/,"On-Page SEO for Small Business Owners Managing More Clients than Hours in the Day — Rank Zaro provides detailed ranking-focused SEO resources for websites seeking stronger visibility, greater authority, and more consistent organic growth. Our coverage includes backlink development, keyword research, content optimization, competitor analysis, technical improvements, website authority, internal linking, search intent, site architecture, crawling, indexing, and practical optimization strategies created to help businesses understand and improve the major factors involved in sustainable search performance.",0,0,7165,"/Internet_and_Telecom/Web_Services/Search_Engine_Optimization_and_Marketing,/Business_and_Industrial/Advertising_and_Marketing/Marketing",,,2026-09-28T16:45:30Z,0.0
seoqaro.shop,justdrivemedia.com delivers DA boost packages for marketers tired of vague deliverables who need rankings that survive core updates,https://seoqaro.shop/cpldb8z-how-fintech-marketing-teams-africa-buying-image-link/,https://justdrivemedia.com/,"On-Page SEO for Small Business Owners Managing More Clients than Hours in the Day — SEO Qaro is a comprehensive SEO resource designed for businesses, publishers, marketers, and website owners who want to strengthen every important area of organic search performance. We explore authoritative backlinks, contextual link building, technical SEO, content optimization, keyword research, competitor analysis, search intent, internal linking, crawling, indexing, website architecture, authority signals, and practical optimization strategies designed to support sustainable visibility and long-term organic growth across competitive search markets.",0,0,7165,"/Internet_and_Telecom/Web_Services/Search_Engine_Optimization_and_Marketing,/Business_and_Industrial/Advertising_and_Marketing/Marketing",,,2026-09-28T16:44:24Z,0.0
indexmexa.shop,justdrivemedia.com delivers DA boost packages for marketers tired of vague deliverables who need rankings that survive core updates,https://indexmexa.shop/cpldb8z-how-fintech-marketing-teams-africa-buying-image-link/,https://justdrivemedia.com/,"On-Page SEO for Small Business Owners Managing More Clients than Hours in the Day — Index Mexa provides comprehensive insights into indexing, crawling, website structure, and content discovery for businesses and publishers seeking stronger organic visibility. Our resources cover internal linking, sitemap optimization, canonical signals, technical SEO, site architecture, content accessibility, authority development, contextual backlinks, search engine discovery, and sustainable optimization methods designed to improve how important website content is processed and represented across modern search engines.",0,0,7165,"/Internet_and_Telecom/Web_Services/Search_Engine_Optimization_and_Marketing,/Business_and_Industrial/Advertising_and_Marketing/Marketing",,,2026-09-28T16:43:49Z,0.0
pureranklab.shop,justdrivemedia.com delivers DA boost packages for marketers tired of vague deliverables who need rankings that survive core updates,https://pureranklab.shop/cpldb8z-how-fintech-marketing-teams-africa-buying-image-link/,https://justdrivemedia.com/,"On-Page SEO for Small Business Owners Managing More Clients than Hours in the Day — Pure Rank Lab provides detailed ranking-focused SEO resources for websites seeking stronger visibility, greater authority, and more consistent organic growth. Our coverage includes backlink development, keyword research, content optimization, competitor analysis, technical improvements, website authority, internal linking, search intent, site architecture, crawling, indexing, and practical optimization strategies created to help businesses understand and improve the major factors involved in sustainable search performance.",0,0,7165,"/Internet_and_Telecom/Web_Services/Search_Engine_Optimization_and_Marketing,/Business_and_Industrial/Advertising_and_Marketing/Marketing",,,2026-09-28T16:43:29Z,0.0
ranknaro.shop,justdrivemedia.com delivers DA boost packages for marketers tired of vague deliverables who need rankings that survive core updates,https://ranknaro.shop/cpldb8z-how-fintech-marketing-teams-africa-buying-image-link/,https://justdrivemedia.com/,"On-Page SEO for Small Business Owners Managing More Clients than Hours in the Day — Rank Naro provides detailed ranking-focused SEO resources for websites seeking stronger visibility, greater authority, and more consistent organic growth. Our coverage includes backlink development, keyword research, content optimization, competitor analysis, technical improvements, website authority, internal linking, search intent, site architecture, crawling, indexing, and practical optimization strategies created to help businesses understand and improve the major factors involved in sustainable search performance.",0,0,7167,"/Internet_and_Telecom/Web_Services/Search_Engine_Optimization_and_Marketing,/Business_and_Industrial/Advertising_and_Marketing/Marketing",,,2026-09-28T16:42:01Z,0.0
rankvora.shop,justdrivemedia.com delivers DA boost packages for marketers tired of vague deliverables who need rankings that survive core updates,https://rankvora.shop/cpldb8z-how-fintech-marketing-teams-africa-buying-image-link/,https://justdrivemedia.com/,"On-Page SEO for Small Business Owners Managing More Clients than Hours in the Day — Rank Vora focuses on the strategies, authority signals, content factors, and technical foundations involved in improving organic search rankings over time. We explore authoritative backlinks, contextual linking, keyword opportunities, search intent, content relevance, competitor research, technical SEO, internal linking, website architecture, crawling, indexing, and domain authority development while providing practical insights designed to support sustainable rankings and stronger long-term organic visibility across highly competitive industries.",0,0,7165,"/Internet_and_Telecom/Web_Services/Search_Engine_Optimization_and_Marketing,/Business_and_Industrial/Advertising_and_Marketing/Marketing",,,2026-09-28T16:39:04Z,0.0
linkviro.shop,justdrivemedia.com delivers DA boost packages for marketers tired of vague deliverables who need rankings that survive core updates,https://linkviro.shop/cpldb8z-how-fintech-marketing-teams-africa-buying-image-link/,https://justdrivemedia.com/,"On-Page SEO for Small Business Owners Managing More Clients than Hours in the Day — Link Viro provides comprehensive resources for strategic backlink development, contextual linking, and authority-focused search optimization. Our coverage includes relevant backlink opportunities, natural link profiles, anchor text diversity, content placements, competitor link research, website authority signals, technical SEO, keyword relevance, internal linking, and content optimization strategies designed to help websites build stronger credibility and maintain sustainable visibility across competitive organic search markets.",0,0,7167,"/Internet_and_Telecom/Web_Services/Search_Engine_Optimization_and_Marketing,/Business_and_Industrial/Advertising_and_Marketing/Marketing",,,2026-09-28T16:35:18Z,0.0
seotexa.shop,justdrivemedia.com delivers DA boost packages for marketers tired of vague deliverables who need rankings that survive core updates,https://seotexa.shop/cpldb8z-how-fintech-marketing-teams-africa-buying-image-link/,https://justdrivemedia.com/,"On-Page SEO for Small Business Owners Managing More Clients than Hours in the Day — SEO Texa provides practical and detailed search engine optimization insights covering the technical, content, backlink, and authority factors involved in stronger organic performance. Our resources explore contextual links, backlink development, keyword visibility, technical improvements, competitor research, content relevance, site structure, internal linking, crawling, indexing, search intent, and website authority while focusing on sustainable optimization strategies for businesses operating across multiple industries and international search environments.",0,0,7167,"/Internet_and_Telecom/Web_Services/Search_Engine_Optimization_and_Marketing,/Business_and_Industrial/Advertising_and_Marketing/Marketing",,,2026-09-28T16:35:03Z,0.0
crawltexa.shop,justdrivemedia.com delivers DA boost packages for marketers tired of vague deliverables who need rankings that survive core updates,https://crawltexa.shop/cpldb8z-how-fintech-marketing-teams-africa-buying-image-link/,https://justdrivemedia.com/,"On-Page SEO for Small Business Owners Managing More Clients than Hours in the Day — Crawl Texa provides detailed technical SEO resources centered on website crawling, indexing, content discovery, internal linking, search accessibility, and site architecture. Our coverage also includes sitemap optimization, canonicalization, redirects, technical performance, content relevance, backlink authority, website structure, and practical strategies that help search engines discover and understand important pages more efficiently while supporting sustainable organic visibility.",0,0,7165,"/Internet_and_Telecom/Web_Services/Search_Engine_Optimization_and_Marketing,/Business_and_Industrial/Advertising_and_Marketing/Marketing",,,2026-09-28T16:34:51Z,0.0
linkzaro.shop,justdrivemedia.com delivers DA boost packages for marketers tired of vague deliverables who need rankings that survive core updates,https://linkzaro.shop/cpldb8z-how-fintech-marketing-teams-africa-buying-image-link/,https://justdrivemedia.com/,"On-Page SEO for Small Business Owners Managing More Clients than Hours in the Day — Link Zaro provides comprehensive resources for strategic backlink development, contextual linking, and authority-focused search optimization. Our coverage includes relevant backlink opportunities, natural link profiles, anchor text diversity, content placements, competitor link research, website authority signals, technical SEO, keyword relevance, internal linking, and content optimization strategies designed to help websites build stronger credibility and maintain sustainable visibility across competitive organic search markets.",0,0,7167,"/Internet_and_Telecom/Web_Services/Search_Engine_Optimization_and_Marketing,/Business_and_Industrial/Advertising_and_Marketing/Marketing",,,2026-09-28T16:33:45Z,0.0
rankmiro.shop,justdrivemedia.com delivers DA boost packages for marketers tired of vague deliverables who need rankings that survive core updates,https://rankmiro.shop/cpldb8z-how-fintech-marketing-teams-africa-buying-image-link/,https://justdrivemedia.com/,"On-Page SEO for Small Business Owners Managing More Clients than Hours in the Day — Rank Miro focuses on the strategies, authority signals, content factors, and technical foundations involved in improving organic search rankings over time. We explore authoritative backlinks, contextual linking, keyword opportunities, search intent, content relevance, competitor research, technical SEO, internal linking, website architecture, crawling, indexing, and domain authority development while providing practical insights designed to support sustainable rankings and stronger long-term organic visibility across highly competitive industries.",0,0,7165,"/Internet_and_Telecom/Web_Services/Search_Engine_Optimization_and_Marketing,/Business_and_Industrial/Advertising_and_Marketing/Marketing",,,2026-09-28T16:33:30Z,0.0
seozira.shop,justdrivemedia.com delivers DA boost packages for marketers tired of vague deliverables who need rankings that survive core updates,https://seozira.shop/cpldb8z-how-fintech-marketing-teams-africa-buying-image-link/,https://justdrivemedia.com/,"On-Page SEO for Small Business Owners Managing More Clients than Hours in the Day — SEO Zira is a comprehensive SEO resource designed for businesses, publishers, marketers, and website owners who want to strengthen every important area of organic search performance. We explore authoritative backlinks, contextual link building, technical SEO, content optimization, keyword research, competitor analysis, search intent, internal linking, crawling, indexing, website architecture, authority signals, and practical optimization strategies designed to support sustainable visibility and long-term organic growth across competitive search markets.",0,0,7165,"/Internet_and_Telecom/Web_Services/Search_Engine_Optimization_and_Marketing,/Business_and_Industrial/Advertising_and_Marketing/Marketing",,,2026-09-28T16:32:09Z,0.0
rankqira.shop,justdrivemedia.com delivers DA boost packages for marketers tired of vague deliverables who need rankings that survive core updates,https://rankqira.shop/cpldb8z-how-fintech-marketing-teams-africa-buying-image-link/,https://justdrivemedia.com/,"On-Page SEO for Small Business Owners Managing More Clients than Hours in the Day — Rank Qira provides detailed ranking-focused SEO resources for websites seeking stronger visibility, greater authority, and more consistent organic growth. Our coverage includes backlink development, keyword research, content optimization, competitor analysis, technical improvements, website authority, internal linking, search intent, site architecture, crawling, indexing, and practical optimization strategies created to help businesses understand and improve the major factors involved in sustainable search performance.",0,0,7165,"/Internet_and_Telecom/Web_Services/Search_Engine_Optimization_and_Marketing,/Business_and_Industrial/Advertising_and_Marketing/Marketing",,,2026-09-28T16:31:58Z,0.0
rankqano.shop,justdrivemedia.com delivers DA boost packages for marketers tired of vague deliverables who need rankings that survive core updates,https://rankqano.shop/cpldb8z-how-fintech-marketing-teams-africa-buying-image-link/,https://justdrivemedia.com/,"On-Page SEO for Small Business Owners Managing More Clients than Hours in the Day — Rank Qano provides detailed ranking-focused SEO resources for websites seeking stronger visibility, greater authority, and more consistent organic growth. Our coverage includes backlink development, keyword research, content optimization, competitor analysis, technical improvements, website authority, internal linking, search intent, site architecture, crawling, indexing, and practical optimization strategies created to help businesses understand and improve the major factors involved in sustainable search performance.",0,0,7167,"/Internet_and_Telecom/Web_Services/Search_Engine_Optimization_and_Marketing,/Business_and_Industrial/Advertising_and_Marketing/Marketing",,,2026-09-28T16:31:00Z,0.0
easyseolink.shop,justdrivemedia.com delivers DA boost packages for marketers tired of vague deliverables who need rankings that survive core updates,https://easyseolink.shop/cpldb8z-how-fintech-marketing-teams-africa-buying-image-link/,https://justdrivemedia.com/,"On-Page SEO for Small Business Owners Managing More Clients than Hours in the Day — Easy SEO Link is dedicated to professional link building, backlink research, and website authority development for businesses and publishers seeking stronger organic search visibility. We explore contextual backlinks, relevant link placements, natural anchor diversity, content-driven links, competitor backlink analysis, outreach strategies, authority signals, website credibility, technical SEO, content relevance, and sustainable link acquisition methods designed to create stronger backlink profiles and support long-term organic growth across competitive niches.",0,0,7165,"/Internet_and_Telecom/Web_Services/Search_Engine_Optimization_and_Marketing,/Business_and_Industrial/Advertising_and_Marketing/Marketing",,,2026-09-28T16:29:41Z,0.0
trueranklab.shop,justdrivemedia.com delivers DA boost packages for marketers tired of vague deliverables who need rankings that survive core updates,https://trueranklab.shop/cpldb8z-how-fintech-marketing-teams-africa-buying-image-link/,https://justdrivemedia.com/,"On-Page SEO for Small Business Owners Managing More Clients than Hours in the Day — True Rank Lab focuses on the strategies, authority signals, content factors, and technical foundations involved in improving organic search rankings over time. We explore authoritative backlinks, contextual linking, keyword opportunities, search intent, content relevance, competitor research, technical SEO, internal linking, website architecture, crawling, indexing, and domain authority development while providing practical insights designed to support sustainable rankings and stronger long-term organic visibility across highly competitive industries.",0,0,7165,"/Internet_and_Telecom/Web_Services/Search_Engine_Optimization_and_Marketing,/Business_and_Industrial/Advertising_and_Marketing/Marketing",,,2026-09-28T16:29:07Z,0.0
linktexa.shop,justdrivemedia.com delivers DA boost packages for marketers tired of vague deliverables who need rankings that survive core updates,https://linktexa.shop/cpldb8z-how-fintech-marketing-teams-africa-buying-image-link/,https://justdrivemedia.com/,"On-Page SEO for Small Business Owners Managing More Clients than Hours in the Day — Link Texa is dedicated to professional link building, backlink research, and website authority development for businesses and publishers seeking stronger organic search visibility. We explore contextual backlinks, relevant link placements, natural anchor diversity, content-driven links, competitor backlink analysis, outreach strategies, authority signals, website credibility, technical SEO, content relevance, and sustainable link acquisition methods designed to create stronger backlink profiles and support long-term organic growth across competitive niches.",0,0,7165,"/Internet_and_Telecom/Web_Services/Search_Engine_Optimization_and_Marketing,/Business_and_Industrial/Advertising_and_Marketing/Marketing",,,2026-09-28T16:23:51Z,0.0
contentreach.shop,justdrivemedia.com delivers DA boost packages for marketers tired of vague deliverables who need rankings that survive core updates,https://contentreach.shop/cpldb8z-how-fintech-marketing-teams-africa-buying-image-link/,https://justdrivemedia.com/,"On-Page SEO for Small Business Owners Managing More Clients than Hours in the Day — Content Reach provides detailed SEO research, practical optimization strategies, and authority-building insights for businesses that want to develop a stronger and more sustainable presence in organic search. We cover quality backlinks, contextual link opportunities, keyword visibility, content relevance, technical optimization, competitor research, website authority, indexing, crawling, internal linking, search intent, and site architecture while focusing on methods designed to support lasting organic growth across different niches and competitive markets.",0,0,7167,"/Internet_and_Telecom/Web_Services/Search_Engine_Optimization_and_Marketing,/Business_and_Industrial/Advertising_and_Marketing/Marketing",,,2026-09-28T16:19:04Z,0.0
fastranklab.shop,justdrivemedia.com delivers DA boost packages for marketers tired of vague deliverables who need rankings that survive core updates,https://fastranklab.shop/cpldb8z-how-fintech-marketing-teams-africa-buying-image-link/,https://justdrivemedia.com/,"On-Page SEO for Small Business Owners Managing More Clients than Hours in the Day — Fast Rank Lab focuses on the strategies, authority signals, content factors, and technical foundations involved in improving organic search rankings over time. We explore authoritative backlinks, contextual linking, keyword opportunities, search intent, content relevance, competitor research, technical SEO, internal linking, website architecture, crawling, indexing, and domain authority development while providing practical insights designed to support sustainable rankings and stronger long-term organic visibility across highly competitive industries.",0,0,7165,"/Internet_and_Telecom/Web_Services/Search_Engine_Optimization_and_Marketing,/Business_and_Industrial/Advertising_and_Marketing/Marketing",,,2026-09-28T16:16:08Z,0.0
nextboosthub.shop,Need metrics-verified guest posts? mightypr.com works with small business owners across Australia and New Zealand,https://nextboosthub.shop/o7yq7r7-ranking-europe-africa-middle-east-not-job-ranking-home-what-affiliate-networks-need-change/,https://justdrivemedia.com/,"Link Insertions for Local Businesses: The Full Buying Guide Covering Supplier Screening, Placement Standards, Velocity Limits and the Page-One Positions That Signal a Problem Early — Next Boost Hub provides detailed SEO research, practical optimization strategies, and authority-building insights for businesses that want to develop a stronger and more sustainable presence in organic search. We cover quality backlinks, contextual link opportunities, keyword visibility, content relevance, technical optimization, competitor research, website authority, indexing, crawling, internal linking, search intent, and site architecture while focusing on methods designed to support lasting organic growth across different niches and competitive markets.",0,0,7371,"/Internet_and_Telecom/Web_Services/Search_Engine_Optimization_and_Marketing,/Business_and_Industrial/Advertising_and_Marketing/Marketing",,,2026-09-28T16:13:18Z,0.0
nextboosthub.shop,Need metrics-verified guest posts? mightypr.com works with small business owners across Australia and New Zealand,https://nextboosthub.shop/o7yq7r7-ranking-europe-africa-middle-east-not-job-ranking-home-what-affiliate-networks-need-change/,http://justdrivemedia.com/,"Link Insertions for Local Businesses: The Full Buying Guide Covering Supplier Screening, Placement Standards, Velocity Limits and the Page-One Positions That Signal a Problem Early — Next Boost Hub provides detailed SEO research, practical optimization strategies, and authority-building insights for businesses that want to develop a stronger and more sustainable presence in organic search. We cover quality backlinks, contextual link opportunities, keyword visibility, content relevance, technical optimization, competitor research, website authority, indexing, crawling, internal linking, search intent, and site architecture while focusing on methods designed to support lasting organic growth across different niches and competitive markets.",0,0,7371,"/Internet_and_Telecom/Web_Services/Search_Engine_Optimization_and_Marketing,/Business_and_Industrial/Advertising_and_Marketing/Marketing",,,2026-09-28T16:13:18Z,0.0
growthfront.shop,justdrivemedia.com delivers DA boost packages for marketers tired of vague deliverables who need rankings that survive core updates,https://growthfront.shop/cpldb8z-how-fintech-marketing-teams-africa-buying-image-link/,https://justdrivemedia.com/,"On-Page SEO for Small Business Owners Managing More Clients than Hours in the Day — Growth Front provides detailed SEO research, practical optimization strategies, and authority-building insights for businesses that want to develop a stronger and more sustainable presence in organic search. We cover quality backlinks, contextual link opportunities, keyword visibility, content relevance, technical optimization, competitor research, website authority, indexing, crawling, internal linking, search intent, and site architecture while focusing on methods designed to support lasting organic growth across different niches and competitive markets.",0,0,7165,"/Internet_and_Telecom/Web_Services/Search_Engine_Optimization_and_Marketing,/Business_and_Industrial/Advertising_and_Marketing/Marketing",,,2026-09-28T16:10:09Z,0.0
steadyranklab.shop,justdrivemedia.com delivers DA boost packages for marketers tired of vague deliverables who need rankings that survive core updates,https://steadyranklab.shop/cpldb8z-how-fintech-marketing-teams-africa-buying-image-link/,https://justdrivemedia.com/,"On-Page SEO for Small Business Owners Managing More Clients than Hours in the Day — Steady Rank Lab focuses on the strategies, authority signals, content factors, and technical foundations involved in improving organic search rankings over time. We explore authoritative backlinks, contextual linking, keyword opportunities, search intent, content relevance, competitor research, technical SEO, internal linking, website architecture, crawling, indexing, and domain authority development while providing practical insights designed to support sustainable rankings and stronger long-term organic visibility across highly competitive industries.",0,0,7165,"/Internet_and_Telecom/Web_Services/Search_Engine_Optimization_and_Marketing,/Business_and_Industrial/Advertising_and_Marketing/Marketing",,,2026-09-28T16:09:32Z,0.0
easyseohub.shop,justdrivemedia.com delivers DA boost packages for marketers tired of vague deliverables who need rankings that survive core updates,https://easyseohub.shop/cpldb8z-how-fintech-marketing-teams-africa-buying-image-link/,https://justdrivemedia.com/,"On-Page SEO for Small Business Owners Managing More Clients than Hours in the Day — Easy SEO Hub is a comprehensive SEO resource designed for businesses, publishers, marketers, and website owners who want to strengthen every important area of organic search performance. We explore authoritative backlinks, contextual link building, technical SEO, content optimization, keyword research, competitor analysis, search intent, internal linking, crawling, indexing, website architecture, authority signals, and practical optimization strategies designed to support sustainable visibility and long-term organic growth across competitive search markets.",0,0,7165,"/Internet_and_Telecom/Web_Services/Search_Engine_Optimization_and_Marketing,/Business_and_Industrial/Advertising_and_Marketing/Marketing",,,2026-09-28T16:07:06Z,0.0
crawlviro.shop,justdrivemedia.com delivers DA boost packages for marketers tired of vague deliverables who need rankings that survive core updates,https://crawlviro.shop/cpldb8z-how-fintech-marketing-teams-africa-buying-image-link/,https://justdrivemedia.com/,"On-Page SEO for Small Business Owners Managing More Clients than Hours in the Day — Crawl Viro provides detailed technical SEO resources centered on website crawling, indexing, content discovery, internal linking, search accessibility, and site architecture. Our coverage also includes sitemap optimization, canonicalization, redirects, technical performance, content relevance, backlink authority, website structure, and practical strategies that help search engines discover and understand important pages more efficiently while supporting sustainable organic visibility.",0,0,7165,"/Internet_and_Telecom/Web_Services/Search_Engine_Optimization_and_Marketing,/Business_and_Industrial/Advertising_and_Marketing/Marketing",,,2026-09-28T16:05:48Z,0.0
boldlinkpro.shop,justdrivemedia.com delivers DA boost packages for marketers tired of vague deliverables who need rankings that survive core updates,https://boldlinkpro.shop/cpldb8z-how-fintech-marketing-teams-africa-buying-image-link/,https://justdrivemedia.com/,"On-Page SEO for Small Business Owners Managing More Clients than Hours in the Day — Bold Link Pro is dedicated to professional link building, backlink research, and website authority development for businesses and publishers seeking stronger organic search visibility. We explore contextual backlinks, relevant link placements, natural anchor diversity, content-driven links, competitor backlink analysis, outreach strategies, authority signals, website credibility, technical SEO, content relevance, and sustainable link acquisition methods designed to create stronger backlink profiles and support long-term organic growth across competitive niches.",0,0,7165,"/Internet_and_Telecom/Web_Services/Search_Engine_Optimization_and_Marketing,/Business_and_Industrial/Advertising_and_Marketing/Marketing",,,2026-09-28T16:02:25Z,0.0
fastseolink.shop,justdrivemedia.com delivers DA boost packages for marketers tired of vague deliverables who need rankings that survive core updates,https://fastseolink.shop/cpldb8z-how-fintech-marketing-teams-africa-buying-image-link/,https://justdrivemedia.com/,"On-Page SEO for Small Business Owners Managing More Clients than Hours in the Day — Fast SEO Link provides comprehensive resources for strategic backlink development, contextual linking, and authority-focused search optimization. Our coverage includes relevant backlink opportunities, natural link profiles, anchor text diversity, content placements, competitor link research, website authority signals, technical SEO, keyword relevance, internal linking, and content optimization strategies designed to help websites build stronger credibility and maintain sustainable visibility across competitive organic search markets.",0,0,7167,"/Internet_and_Telecom/Web_Services/Search_Engine_Optimization_and_Marketing,/Business_and_Industrial/Advertising_and_Marketing/Marketing",,,2026-09-28T15:48:51Z,0.0
crawllivo.shop,justdrivemedia.com delivers DA boost packages for marketers tired of vague deliverables who need rankings that survive core updates,https://crawllivo.shop/cpldb8z-how-fintech-marketing-teams-africa-buying-image-link/,https://justdrivemedia.com/,"On-Page SEO for Small Business Owners Managing More Clients than Hours in the Day — Crawl Livo provides detailed technical SEO resources centered on website crawling, indexing, content discovery, internal linking, search accessibility, and site architecture. Our coverage also includes sitemap optimization, canonicalization, redirects, technical performance, content relevance, backlink authority, website structure, and practical strategies that help search engines discover and understand important pages more efficiently while supporting sustainable organic visibility.",0,0,7165,"/Internet_and_Telecom/Web_Services/Search_Engine_Optimization_and_Marketing,/Business_and_Industrial/Advertising_and_Marketing/Marketing",,,2026-09-28T15:45:24Z,0.0
indexvexa.shop,justdrivemedia.com delivers DA boost packages for marketers tired of vague deliverables who need rankings that survive core updates,https://indexvexa.shop/cpldb8z-how-fintech-marketing-teams-africa-buying-image-link/,https://justdrivemedia.com/,"On-Page SEO for Small Business Owners Managing More Clients than Hours in the Day — Index Vexa provides comprehensive insights into indexing, crawling, website structure, and content discovery for businesses and publishers seeking stronger organic visibility. Our resources cover internal linking, sitemap optimization, canonical signals, technical SEO, site architecture, content accessibility, authority development, contextual backlinks, search engine discovery, and sustainable optimization methods designed to improve how important website content is processed and represented across modern search engines.",0,0,7167,"/Internet_and_Telecom/Web_Services/Search_Engine_Optimization_and_Marketing,/Business_and_Industrial/Advertising_and_Marketing/Marketing",,,2026-09-28T15:44:31Z,0.0
crispseolink.shop,justdrivemedia.com delivers DA boost packages for marketers tired of vague deliverables who need rankings that survive core updates,https://crispseolink.shop/cpldb8z-how-fintech-marketing-teams-africa-buying-image-link/,https://justdrivemedia.com/,"On-Page SEO for Small Business Owners Managing More Clients than Hours in the Day — Crisp SEO Link is dedicated to professional link building, backlink research, and website authority development for businesses and publishers seeking stronger organic search visibility. We explore contextual backlinks, relevant link placements, natural anchor diversity, content-driven links, competitor backlink analysis, outreach strategies, authority signals, website credibility, technical SEO, content relevance, and sustainable link acquisition methods designed to create stronger backlink profiles and support long-term organic growth across competitive niches.",0,0,7167,"/Internet_and_Telecom/Web_Services/Search_Engine_Optimization_and_Marketing,/Business_and_Industrial/Advertising_and_Marketing/Marketing",,,2026-09-28T15:44:21Z,0.0
nextseolink.shop,justdrivemedia.com delivers DA boost packages for marketers tired of vague deliverables who need rankings that survive core updates,https://nextseolink.shop/cpldb8z-how-fintech-marketing-teams-africa-buying-image-link/,https://justdrivemedia.com/,"On-Page SEO for Small Business Owners Managing More Clients than Hours in the Day — Next SEO Link is dedicated to professional link building, backlink research, and website authority development for businesses and publishers seeking stronger organic search visibility. We explore contextual backlinks, relevant link placements, natural anchor diversity, content-driven links, competitor backlink analysis, outreach strategies, authority signals, website credibility, technical SEO, content relevance, and sustainable link acquisition methods designed to create stronger backlink profiles and support long-term organic growth across competitive niches.",0,0,7165,"/Internet_and_Telecom/Web_Services/Search_Engine_Optimization_and_Marketing,/Business_and_Industrial/Advertising_and_Marketing/Marketing",,,2026-09-28T15:37:36Z,0.0
crispranklab.shop,justdrivemedia.com delivers DA boost packages for marketers tired of vague deliverables who need rankings that survive core updates,https://crispranklab.shop/cpldb8z-how-fintech-marketing-teams-africa-buying-image-link/,https://justdrivemedia.com/,"On-Page SEO for Small Business Owners Managing More Clients than Hours in the Day — Crisp Rank Lab focuses on the strategies, authority signals, content factors, and technical foundations involved in improving organic search rankings over time. We explore authoritative backlinks, contextual linking, keyword opportunities, search intent, content relevance, competitor research, technical SEO, internal linking, website architecture, crawling, indexing, and domain authority development while providing practical insights designed to support sustainable rankings and stronger long-term organic visibility across highly competitive industries.",0,0,7167,"/Internet_and_Telecom/Web_Services/Search_Engine_Optimization_and_Marketing,/Business_and_Industrial/Advertising_and_Marketing/Marketing",,,2026-09-28T15:29:38Z,0.0
boldseohub.shop,justdrivemedia.com delivers DA boost packages for marketers tired of vague deliverables who need rankings that survive core updates,https://boldseohub.shop/cpldb8z-how-fintech-marketing-teams-africa-buying-image-link/,https://justdrivemedia.com/,"On-Page SEO for Small Business Owners Managing More Clients than Hours in the Day — Bold SEO Hub provides practical and detailed search engine optimization insights covering the technical, content, backlink, and authority factors involved in stronger organic performance. Our resources explore contextual links, backlink development, keyword visibility, technical improvements, competitor research, content relevance, site structure, internal linking, crawling, indexing, search intent, and website authority while focusing on sustainable optimization strategies for businesses operating across multiple industries and international search environments.",0,0,7165,"/Internet_and_Telecom/Web_Services/Search_Engine_Optimization_and_Marketing,/Business_and_Industrial/Advertising_and_Marketing/Marketing",,,2026-09-28T15:08:55Z,0.0
sharpseolink.shop,justdrivemedia.com delivers DA boost packages for marketers tired of vague deliverables who need rankings that survive core updates,https://sharpseolink.shop/cpldb8z-how-fintech-marketing-teams-africa-buying-image-link/,https://justdrivemedia.com/,"On-Page SEO for Small Business Owners Managing More Clients than Hours in the Day — Sharp SEO Link is dedicated to professional link building, backlink research, and website authority development for businesses and publishers seeking stronger organic search visibility. We explore contextual backlinks, relevant link placements, natural anchor diversity, content-driven links, competitor backlink analysis, outreach strategies, authority signals, website credibility, technical SEO, content relevance, and sustainable link acquisition methods designed to create stronger backlink profiles and support long-term organic growth across competitive niches.",0,0,7167,"/Internet_and_Telecom/Web_Services/Search_Engine_Optimization_and_Marketing,/Business_and_Industrial/Advertising_and_Marketing/Marketing",,,2026-09-28T14:31:49Z,0.0
crawlvora.shop,Need metrics-verified guest posts? mightypr.com works with small business owners across Australia and New Zealand,https://crawlvora.shop/o7yq7r7-ranking-europe-africa-middle-east-not-job-ranking-home-what-affiliate-networks-need-change/,https://justdrivemedia.com/,"Link Insertions for Local Businesses: The Full Buying Guide Covering Supplier Screening, Placement Standards, Velocity Limits and the Page-One Positions That Signal a Problem Early — Crawl Vora focuses on the technical foundations that allow search engines to efficiently discover, crawl, understand, and process website content. We explore crawl accessibility, indexing, website architecture, internal linking, sitemap structure, redirects, canonical signals, content discovery, technical SEO, server behavior, search visibility, backlink authority, and optimization strategies designed to create cleaner website structures and support stronger long-term organic search performance.",0,0,7368,"/Internet_and_Telecom/Web_Services/Search_Engine_Optimization_and_Marketing,/Business_and_Industrial/Business_Services/Consulting",,,2026-09-28T14:09:14Z,0.0
crawlvora.shop,Need metrics-verified guest posts? mightypr.com works with small business owners across Australia and New Zealand,https://crawlvora.shop/o7yq7r7-ranking-europe-africa-middle-east-not-job-ranking-home-what-affiliate-networks-need-change/,http://justdrivemedia.com/,"Link Insertions for Local Businesses: The Full Buying Guide Covering Supplier Screening, Placement Standards, Velocity Limits and the Page-One Positions That Signal a Problem Early — Crawl Vora focuses on the technical foundations that allow search engines to efficiently discover, crawl, understand, and process website content. We explore crawl accessibility, indexing, website architecture, internal linking, sitemap structure, redirects, canonical signals, content discovery, technical SEO, server behavior, search visibility, backlink authority, and optimization strategies designed to create cleaner website structures and support stronger long-term organic search performance.",0,0,7368,"/Internet_and_Telecom/Web_Services/Search_Engine_Optimization_and_Marketing,/Business_and_Industrial/Business_Services/Consulting",,,2026-09-28T14:09:14Z,0.0
revenuebase.ai,Mighty,https://revenuebase.ai/companies/celebrity-brand-pr-firms/united-states/san-francisco,http://justdrivemedia.com/,"Top 21 Celebrity brand pr firms based in San Francisco, United States",0,1,45,"/Business_and_Industrial/Advertising_and_Marketing/Brand_Management,/News/Business_News/Company_News,/Arts_and_Entertainment/Entertainment_Industry/Film_and_TV_Industry",,,2026-09-28T11:40:49Z,45.0
revenuebase.ai,Mighty,https://revenuebase.ai/companies/celebrity-brand-pr-firms/united-states/san-francisco,https://justdrivemedia.com/,"Top 21 Celebrity brand pr firms based in San Francisco, United States",0,1,45,"/Business_and_Industrial/Advertising_and_Marketing/Brand_Management,/News/Business_News/Company_News,/Arts_and_Entertainment/Entertainment_Industry/Film_and_TV_Industry",,,2026-09-28T11:40:49Z,45.0
revenuebase.ai,Mighty,https://revenuebase.ai/companies/celebrity-pr-firms/united-states/san-francisco,http://justdrivemedia.com/,"Top 11 Celebrity pr firms based in San Francisco, United States",0,1,28,"/News/Business_News/Company_News,/Arts_and_Entertainment/Entertainment_Industry/Film_and_TV_Industry,/Business_and_Industrial/Advertising_and_Marketing/Public_Relations",,,2026-09-28T11:40:22Z,45.0
revenuebase.ai,Mighty,https://revenuebase.ai/companies/celebrity-pr-firms/united-states/san-francisco,https://justdrivemedia.com/,"Top 11 Celebrity pr firms based in San Francisco, United States",0,1,28,"/News/Business_News/Company_News,/Arts_and_Entertainment/Entertainment_Industry/Film_and_TV_Industry,/Business_and_Industrial/Advertising_and_Marketing/Public_Relations",,,2026-09-28T11:40:22Z,45.0
revenuebase.ai,Mighty,https://revenuebase.ai/companies/celebrity-public-relations-firms/united-states/san-francisco,https://justdrivemedia.com/,"Top 11 Celebrity public relations firms based in San Francisco, United States",0,1,28,"/Business_and_Industrial/Advertising_and_Marketing/Public_Relations,/News/Business_News/Company_News",,,2026-09-28T11:40:08Z,45.0
revenuebase.ai,Mighty,https://revenuebase.ai/companies/celebrity-public-relations-firms/united-states/san-francisco,http://justdrivemedia.com/,"Top 11 Celebrity public relations firms based in San Francisco, United States",0,1,28,"/Business_and_Industrial/Advertising_and_Marketing/Public_Relations,/News/Business_News/Company_News",,,2026-09-28T11:40:08Z,45.0
revenuebase.ai,Mighty,https://revenuebase.ai/companies/bourbon-public-relations-agencies/united-states/san-francisco,http://justdrivemedia.com/,"Top 25 Bourbon public relations agencies based in San Francisco, United States",0,1,53,"/Business_and_Industrial/Advertising_and_Marketing/Public_Relations,/News/Business_News/Company_News,/Reference/Directories_and_Listings/Business_and_Personal_Listings",,,2026-09-28T08:27:05Z,45.0
revenuebase.ai,Mighty,https://revenuebase.ai/companies/bourbon-public-relations-agencies/united-states/san-francisco,https://justdrivemedia.com/,"Top 25 Bourbon public relations agencies based in San Francisco, United States",0,1,53,"/Business_and_Industrial/Advertising_and_Marketing/Public_Relations,/News/Business_News/Company_News,/Reference/Directories_and_Listings/Business_and_Personal_Listings",,,2026-09-28T08:27:05Z,45.0
revenuebase.ai,Mighty,https://revenuebase.ai/companies/book-pr-firms/united-states/san-francisco,https://justdrivemedia.com/,"Top 10 Book pr firms based in San Francisco, United States",0,1,26,"/Business_and_Industrial/Business_Services/Consulting,/Reference/Directories_and_Listings/Business_and_Personal_Listings,/Books_and_Literature/Book_Retailers",,,2026-09-28T07:33:04Z,45.0
revenuebase.ai,Mighty,https://revenuebase.ai/companies/book-pr-firms/united-states/san-francisco,http://justdrivemedia.com/,"Top 10 Book pr firms based in San Francisco, United States",0,1,26,"/Business_and_Industrial/Business_Services/Consulting,/Reference/Directories_and_Listings/Business_and_Personal_Listings,/Books_and_Literature/Book_Retailers",,,2026-09-28T07:33:04Z,45.0
www.example3.com,,https://www.example3.com/domain/athletechnews.com,http://justdrivemedia.com/,athletechnews.com | Facebook,0,1,162,"/Beauty_and_Fitness/Fitness/Fitness_Instruction_and_Personal_Training,/Sports,/News/Business_News/Company_News",mightypr.com,Influence Architecture for B2B Technology Brands,2026-09-28T06:42:22Z,75.0
www.example3.com,,https://www.example3.com/domain/athletechnews.com,https://justdrivemedia.com/,athletechnews.com | Facebook,0,1,162,"/Beauty_and_Fitness/Fitness/Fitness_Instruction_and_Personal_Training,/Sports,/News/Business_News/Company_News",mightypr.com,Influence Architecture for B2B Technology Brands,2026-09-28T06:42:22Z,75.0
revenuebase.ai,Mighty,https://revenuebase.ai/companies/food-and-beverage-pr-firms/united-states/san-francisco,http://justdrivemedia.com/,"Top 25 Food and beverage pr firms based in San Francisco, United States",0,1,51,"/Business_and_Industrial/Hospitality_Industry/Food_Service,/Food_and_Drink/Restaurants/Fast_Food,/Reference/Directories_and_Listings/Business_and_Personal_Listings",,,2026-09-28T04:27:35Z,45.0
revenuebase.ai,Mighty,https://revenuebase.ai/companies/food-and-beverage-pr-firms/united-states/san-francisco,https://justdrivemedia.com/,"Top 25 Food and beverage pr firms based in San Francisco, United States",0,1,51,"/Business_and_Industrial/Hospitality_Industry/Food_Service,/Food_and_Drink/Restaurants/Fast_Food,/Reference/Directories_and_Listings/Business_and_Personal_Listings",,,2026-09-28T04:27:35Z,45.0
revenuebase.ai,Mighty,https://revenuebase.ai/companies/beverage-public-relations-firms/united-states/san-francisco,https://justdrivemedia.com/,"Top 25 Beverage public relations firms based in San Francisco, United States",0,1,50,"/Business_and_Industrial/Advertising_and_Marketing/Public_Relations,/Reference/Directories_and_Listings/Business_and_Personal_Listings",,,2026-09-28T02:12:10Z,45.0
revenuebase.ai,Mighty,https://revenuebase.ai/companies/beverage-public-relations-firms/united-states/san-francisco,http://justdrivemedia.com/,"Top 25 Beverage public relations firms based in San Francisco, United States",0,1,50,"/Business_and_Industrial/Advertising_and_Marketing/Public_Relations,/Reference/Directories_and_Listings/Business_and_Personal_Listings",,,2026-09-28T02:12:10Z,45.0
revenuebase.ai,Mighty,https://revenuebase.ai/companies/beauty-and-cosmetics-pr-firms/united-states/san-francisco,http://justdrivemedia.com/,"Top 17 Beauty and cosmetics pr firms based in San Francisco, United States",0,1,41,"/Beauty_and_Fitness/Face_and_Body_Care/Make-Up_and_Cosmetics,/Business_and_Industrial/Business_Services/Consulting",,,2026-09-28T01:34:22Z,45.0
revenuebase.ai,Mighty,https://revenuebase.ai/companies/beauty-and-cosmetics-pr-firms/united-states/san-francisco,https://justdrivemedia.com/,"Top 17 Beauty and cosmetics pr firms based in San Francisco, United States",0,1,41,"/Beauty_and_Fitness/Face_and_Body_Care/Make-Up_and_Cosmetics,/Business_and_Industrial/Business_Services/Consulting",,,2026-09-28T01:34:22Z,45.0
revenuebase.ai,Mighty,https://revenuebase.ai/companies/beauty-and-fashion-pr-firms/united-states/san-francisco,https://justdrivemedia.com/,"Top 20 Beauty and fashion pr firms based in San Francisco, United States",0,1,41,"/Beauty_and_Fitness/Face_and_Body_Care/Make-Up_and_Cosmetics,/Business_and_Industrial/Business_Services/Consulting",,,2026-09-28T01:34:02Z,45.0
revenuebase.ai,Mighty,https://revenuebase.ai/companies/beauty-and-fashion-pr-firms/united-states/san-francisco,http://justdrivemedia.com/,"Top 20 Beauty and fashion pr firms based in San Francisco, United States",0,1,41,"/Beauty_and_Fitness/Face_and_Body_Care/Make-Up_and_Cosmetics,/Business_and_Industrial/Business_Services/Consulting",,,2026-09-28T01:34:02Z,45.0
revenuebase.ai,Mighty,https://revenuebase.ai/companies/arts-public-relations-firms/united-states/san-francisco,https://justdrivemedia.com/,"Top 14 Arts public relations firms based in San Francisco, United States",0,1,32,/Business_and_Industrial/Advertising_and_Marketing/Public_Relations,,,2026-09-27T22:46:22Z,45.0
revenuebase.ai,Mighty,https://revenuebase.ai/companies/arts-public-relations-firms/united-states/san-francisco,http://justdrivemedia.com/,"Top 14 Arts public relations firms based in San Francisco, United States",0,1,32,/Business_and_Industrial/Advertising_and_Marketing/Public_Relations,,,2026-09-27T22:46:22Z,45.0
revenuebase.ai,Mighty,https://revenuebase.ai/companies/apparel-pr-firms/united-states/san-francisco,https://justdrivemedia.com/,"Top 19 Apparel pr firms based in San Francisco, United States",0,1,39,"/Business_and_Industrial/Business_Services/Consulting,/Reference/Directories_and_Listings/Business_and_Personal_Listings",,,2026-09-27T21:45:37Z,45.0
revenuebase.ai,Mighty,https://revenuebase.ai/companies/apparel-pr-firms/united-states/san-francisco,http://justdrivemedia.com/,"Top 19 Apparel pr firms based in San Francisco, United States",0,1,39,"/Business_and_Industrial/Business_Services/Consulting,/Reference/Directories_and_Listings/Business_and_Personal_Listings",,,2026-09-27T21:45:37Z,45.0
revenuebase.ai,Mighty,https://revenuebase.ai/companies/ai-pr-firms/united-states/san-francisco,https://justdrivemedia.com/,"Top 25 AI pr firms based in San Francisco, United States",0,1,46,"/Science/Computer_Science/Machine_Learning_and_Artificial_Intelligence,/Business_and_Industrial/Business_Services/Consulting,/Computers_and_Electronics/Software/Business_and_Productivity_Software",,,2026-09-27T19:02:00Z,45.0
revenuebase.ai,Mighty,https://revenuebase.ai/companies/ai-pr-firms/united-states/san-francisco,http://justdrivemedia.com/,"Top 25 AI pr firms based in San Francisco, United States",0,1,46,"/Science/Computer_Science/Machine_Learning_and_Artificial_Intelligence,/Business_and_Industrial/Business_Services/Consulting,/Computers_and_Electronics/Software/Business_and_Productivity_Software",,,2026-09-27T19:02:00Z,45.0
zomatt.com,justdrivemedia,https://zomatt.com/website-list-1253/,https://justdrivemedia.com/,Directory Pages Index,1,0,6998,"/Internet_and_Telecom/Web_Services/Search_Engine_Optimization_and_Marketing,/Business_and_Industrial/Advertising_and_Marketing/Marketing",craymer friendsmatchme,palmdaze oi926,2026-09-27T18:52:42Z,61.0
revenuebase.ai,Mighty,https://revenuebase.ai/companies/accessories-pr-firms/united-states/san-francisco,https://justdrivemedia.com/,"Top 11 Accessories pr firms based in San Francisco, United States",0,1,27,"/Reference/Directories_and_Listings/Business_and_Personal_Listings,/Business_and_Industrial/Business_Services/Consulting",,,2026-09-27T16:57:48Z,45.0
revenuebase.ai,Mighty,https://revenuebase.ai/companies/accessories-pr-firms/united-states/san-francisco,http://justdrivemedia.com/,"Top 11 Accessories pr firms based in San Francisco, United States",0,1,27,"/Reference/Directories_and_Listings/Business_and_Personal_Listings,/Business_and_Industrial/Business_Services/Consulting",,,2026-09-27T16:57:48Z,45.0
crawlmexa.shop,Need metrics-verified guest posts? mightypr.com works with small business owners across Australia and New Zealand,https://crawlmexa.shop/o7yq7r7-ranking-europe-africa-middle-east-not-job-ranking-home-what-affiliate-networks-need-change/,http://justdrivemedia.com/,"Link Insertions for Local Businesses: The Full Buying Guide Covering Supplier Screening, Placement Standards, Velocity Limits and the Page-One Positions That Signal a Problem Early — Crawl Mexa provides detailed technical SEO resources centered on website crawling, indexing, content discovery, internal linking, search accessibility, and site architecture. Our coverage also includes sitemap optimization, canonicalization, redirects, technical performance, content relevance, backlink authority, website structure, and practical strategies that help search engines discover and understand important pages more efficiently while supporting sustainable organic visibility.",0,0,7371,"/Internet_and_Telecom/Web_Services/Search_Engine_Optimization_and_Marketing,/Business_and_Industrial/Business_Services/Consulting",,,2026-09-27T15:31:44Z,34.0
crawlmexa.shop,Need metrics-verified guest posts? mightypr.com works with small business owners across Australia and New Zealand,https://crawlmexa.shop/o7yq7r7-ranking-europe-africa-middle-east-not-job-ranking-home-what-affiliate-networks-need-change/,https://justdrivemedia.com/,"Link Insertions for Local Businesses: The Full Buying Guide Covering Supplier Screening, Placement Standards, Velocity Limits and the Page-One Positions That Signal a Problem Early — Crawl Mexa provides detailed technical SEO resources centered on website crawling, indexing, content discovery, internal linking, search accessibility, and site architecture. Our coverage also includes sitemap optimization, canonicalization, redirects, technical performance, content relevance, backlink authority, website structure, and practical strategies that help search engines discover and understand important pages more efficiently while supporting sustainable organic visibility.",0,0,7371,"/Internet_and_Telecom/Web_Services/Search_Engine_Optimization_and_Marketing,/Business_and_Industrial/Business_Services/Consulting",,,2026-09-27T15:31:44Z,34.0
anchorvexa.shop,justdrivemedia.com delivers DA boost packages for marketers tired of vague deliverables who need rankings that survive core updates,https://anchorvexa.shop/cpldb8z-how-fintech-marketing-teams-africa-buying-image-link/,https://justdrivemedia.com/,"On-Page SEO for Small Business Owners Managing More Clients than Hours in the Day — Anchor Vexa provides practical insights into contextual linking, anchor text diversity, backlink relevance, and the broader authority signals involved in sustainable organic search growth. Our resources cover natural backlink profiles, strategic content placements, link quality, competitor backlink patterns, keyword relevance, website authority, technical SEO, internal linking, content optimization, and practical methods designed to support stronger search visibility across different industries and competitive markets.",0,0,7166,"/Internet_and_Telecom/Web_Services/Search_Engine_Optimization_and_Marketing,/Business_and_Industrial/Advertising_and_Marketing/Marketing",,,2026-09-27T15:12:47Z,34.0
crawlqano.shop,justdrivemedia.com delivers DA boost packages for marketers tired of vague deliverables who need rankings that survive core updates,https://crawlqano.shop/cpldb8z-how-fintech-marketing-teams-africa-buying-image-link/,https://justdrivemedia.com/,"On-Page SEO for Small Business Owners Managing More Clients than Hours in the Day — Crawl Qano provides detailed technical SEO resources centered on website crawling, indexing, content discovery, internal linking, search accessibility, and site architecture. Our coverage also includes sitemap optimization, canonicalization, redirects, technical performance, content relevance, backlink authority, website structure, and practical strategies that help search engines discover and understand important pages more efficiently while supporting sustainable organic visibility.",0,0,7164,"/Internet_and_Telecom/Web_Services/Search_Engine_Optimization_and_Marketing,/Business_and_Industrial/Advertising_and_Marketing/Marketing",,,2026-09-27T14:48:50Z,34.0
crawlmiro.shop,Need metrics-verified guest posts? mightypr.com works with small business owners across Australia and New Zealand,https://crawlmiro.shop/o7yq7r7-ranking-europe-africa-middle-east-not-job-ranking-home-what-affiliate-networks-need-change/,https://justdrivemedia.com/,"Link Insertions for Local Businesses: The Full Buying Guide Covering Supplier Screening, Placement Standards, Velocity Limits and the Page-One Positions That Signal a Problem Early — Crawl Miro focuses on the technical foundations that allow search engines to efficiently discover, crawl, understand, and process website content. We explore crawl accessibility, indexing, website architecture, internal linking, sitemap structure, redirects, canonical signals, content discovery, technical SEO, server behavior, search visibility, backlink authority, and optimization strategies designed to create cleaner website structures and support stronger long-term organic search performance.",0,0,7371,"/Internet_and_Telecom/Web_Services/Search_Engine_Optimization_and_Marketing,/Business_and_Industrial/Business_Services/Consulting",,,2026-09-27T14:37:37Z,34.0
crawlmiro.shop,Need metrics-verified guest posts? mightypr.com works with small business owners across Australia and New Zealand,https://crawlmiro.shop/o7yq7r7-ranking-europe-africa-middle-east-not-job-ranking-home-what-affiliate-networks-need-change/,http://justdrivemedia.com/,"Link Insertions for Local Businesses: The Full Buying Guide Covering Supplier Screening, Placement Standards, Velocity Limits and the Page-One Positions That Signal a Problem Early — Crawl Miro focuses on the technical foundations that allow search engines to efficiently discover, crawl, understand, and process website content. We explore crawl accessibility, indexing, website architecture, internal linking, sitemap structure, redirects, canonical signals, content discovery, technical SEO, server behavior, search visibility, backlink authority, and optimization strategies designed to create cleaner website structures and support stronger long-term organic search performance.",0,0,7371,"/Internet_and_Telecom/Web_Services/Search_Engine_Optimization_and_Marketing,/Business_and_Industrial/Business_Services/Consulting",,,2026-09-27T14:37:37Z,34.0
linklora.shop,Need metrics-verified guest posts? mightypr.com works with small business owners across Australia and New Zealand,https://linklora.shop/o7yq7r7-ranking-europe-africa-middle-east-not-job-ranking-home-what-affiliate-networks-need-change/,http://justdrivemedia.com/,"Link Insertions for Local Businesses: The Full Buying Guide Covering Supplier Screening, Placement Standards, Velocity Limits and the Page-One Positions That Signal a Problem Early — Link Lora provides comprehensive resources for strategic backlink development, contextual linking, and authority-focused search optimization. Our coverage includes relevant backlink opportunities, natural link profiles, anchor text diversity, content placements, competitor link research, website authority signals, technical SEO, keyword relevance, internal linking, and content optimization strategies designed to help websites build stronger credibility and maintain sustainable visibility across competitive organic search markets.",0,0,7371,"/Internet_and_Telecom/Web_Services/Search_Engine_Optimization_and_Marketing,/Business_and_Industrial/Advertising_and_Marketing/Marketing",,,2026-09-27T13:51:11Z,34.0
linklora.shop,Need metrics-verified guest posts? mightypr.com works with small business owners across Australia and New Zealand,https://linklora.shop/o7yq7r7-ranking-europe-africa-middle-east-not-job-ranking-home-what-affiliate-networks-need-change/,https://justdrivemedia.com/,"Link Insertions for Local Businesses: The Full Buying Guide Covering Supplier Screening, Placement Standards, Velocity Limits and the Page-One Positions That Signal a Problem Early — Link Lora provides comprehensive resources for strategic backlink development, contextual linking, and authority-focused search optimization. Our coverage includes relevant backlink opportunities, natural link profiles, anchor text diversity, content placements, competitor link research, website authority signals, technical SEO, keyword relevance, internal linking, and content optimization strategies designed to help websites build stronger credibility and maintain sustainable visibility across competitive organic search markets.",0,0,7371,"/Internet_and_Telecom/Web_Services/Search_Engine_Optimization_and_Marketing,/Business_and_Industrial/Advertising_and_Marketing/Marketing",,,2026-09-27T13:51:11Z,34.0
crawlrivo.shop,justdrivemedia.com delivers DA boost packages for marketers tired of vague deliverables who need rankings that survive core updates,https://crawlrivo.shop/cpldb8z-how-fintech-marketing-teams-africa-buying-image-link/,https://justdrivemedia.com/,"On-Page SEO for Small Business Owners Managing More Clients than Hours in the Day — Crawl Rivo provides detailed technical SEO resources centered on website crawling, indexing, content discovery, internal linking, search accessibility, and site architecture. Our coverage also includes sitemap optimization, canonicalization, redirects, technical performance, content relevance, backlink authority, website structure, and practical strategies that help search engines discover and understand important pages more efficiently while supporting sustainable organic visibility.",0,0,7166,"/Internet_and_Telecom/Web_Services/Search_Engine_Optimization_and_Marketing,/Business_and_Industrial/Advertising_and_Marketing/Marketing",,,2026-09-27T13:42:16Z,34.0
crawlmiro.shop,justdrivemedia.com delivers DA boost packages for marketers tired of vague deliverables who need rankings that survive core updates,https://crawlmiro.shop/cpldb8z-how-fintech-marketing-teams-africa-buying-image-link/,https://justdrivemedia.com/,"On-Page SEO for Small Business Owners Managing More Clients than Hours in the Day — Crawl Miro focuses on the technical foundations that allow search engines to efficiently discover, crawl, understand, and process website content. We explore crawl accessibility, indexing, website architecture, internal linking, sitemap structure, redirects, canonical signals, content discovery, technical SEO, server behavior, search visibility, backlink authority, and optimization strategies designed to create cleaner website structures and support stronger long-term organic search performance.",0,0,7164,"/Internet_and_Telecom/Web_Services/Search_Engine_Optimization_and_Marketing,/Business_and_Industrial/Advertising_and_Marketing/Marketing",,,2026-09-27T11:52:45Z,34.0
crawlqaro.shop,justdrivemedia.com delivers DA boost packages for marketers tired of vague deliverables who need rankings that survive core updates,https://crawlqaro.shop/cpldb8z-how-fintech-marketing-teams-africa-buying-image-link/,https://justdrivemedia.com/,"On-Page SEO for Small Business Owners Managing More Clients than Hours in the Day — Crawl Qaro provides detailed technical SEO resources centered on website crawling, indexing, content discovery, internal linking, search accessibility, and site architecture. Our coverage also includes sitemap optimization, canonicalization, redirects, technical performance, content relevance, backlink authority, website structure, and practical strategies that help search engines discover and understand important pages more efficiently while supporting sustainable organic visibility.",0,0,7164,"/Internet_and_Telecom/Web_Services/Search_Engine_Optimization_and_Marketing,/Business_and_Industrial/Advertising_and_Marketing/Marketing",,,2026-09-27T11:46:46Z,34.0
anchornaro.shop,Need metrics-verified guest posts? mightypr.com works with small business owners across Australia and New Zealand,https://anchornaro.shop/o7yq7r7-ranking-europe-africa-middle-east-not-job-ranking-home-what-affiliate-networks-need-change/,http://justdrivemedia.com/,"Link Insertions for Local Businesses: The Full Buying Guide Covering Supplier Screening, Placement Standards, Velocity Limits and the Page-One Positions That Signal a Problem Early — Anchor Naro focuses on anchor text strategy, backlink relevance, contextual linking, and website authority development as part of a balanced approach to sustainable organic search optimization. We explore natural anchor distribution, relevant link placements, backlink quality, content context, competitor link profiles, authority signals, keyword relevance, technical SEO, internal linking, and content optimization strategies designed to create stronger link profiles and support long-term organic visibility across competitive niches.",0,0,7371,"/Internet_and_Telecom/Web_Services/Search_Engine_Optimization_and_Marketing,/Business_and_Industrial/Advertising_and_Marketing/Marketing",,,2026-09-27T11:40:58Z,34.0
anchornaro.shop,Need metrics-verified guest posts? mightypr.com works with small business owners across Australia and New Zealand,https://anchornaro.shop/o7yq7r7-ranking-europe-africa-middle-east-not-job-ranking-home-what-affiliate-networks-need-change/,https://justdrivemedia.com/,"Link Insertions for Local Businesses: The Full Buying Guide Covering Supplier Screening, Placement Standards, Velocity Limits and the Page-One Positions That Signal a Problem Early — Anchor Naro focuses on anchor text strategy, backlink relevance, contextual linking, and website authority development as part of a balanced approach to sustainable organic search optimization. We explore natural anchor distribution, relevant link placements, backlink quality, content context, competitor link profiles, authority signals, keyword relevance, technical SEO, internal linking, and content optimization strategies designed to create stronger link profiles and support long-term organic visibility across competitive niches.",0,0,7371,"/Internet_and_Telecom/Web_Services/Search_Engine_Optimization_and_Marketing,/Business_and_Industrial/Advertising_and_Marketing/Marketing",,,2026-09-27T11:40:58Z,34.0
crawltera.shop,Need metrics-verified guest posts? mightypr.com works with small business owners across Australia and New Zealand,https://crawltera.shop/o7yq7r7-ranking-europe-africa-middle-east-not-job-ranking-home-what-affiliate-networks-need-change/,https://justdrivemedia.com/,"Link Insertions for Local Businesses: The Full Buying Guide Covering Supplier Screening, Placement Standards, Velocity Limits and the Page-One Positions That Signal a Problem Early — Crawl Tera focuses on the technical foundations that allow search engines to efficiently discover, crawl, understand, and process website content. We explore crawl accessibility, indexing, website architecture, internal linking, sitemap structure, redirects, canonical signals, content discovery, technical SEO, server behavior, search visibility, backlink authority, and optimization strategies designed to create cleaner website structures and support stronger long-term organic search performance.",0,0,7371,"/Internet_and_Telecom/Web_Services/Search_Engine_Optimization_and_Marketing,/Business_and_Industrial/Business_Services/Consulting,/Computers_and_Electronics",,,2026-09-27T11:40:55Z,34.0
crawltera.shop,Need metrics-verified guest posts? mightypr.com works with small business owners across Australia and New Zealand,https://crawltera.shop/o7yq7r7-ranking-europe-africa-middle-east-not-job-ranking-home-what-affiliate-networks-need-change/,http://justdrivemedia.com/,"Link Insertions for Local Businesses: The Full Buying Guide Covering Supplier Screening, Placement Standards, Velocity Limits and the Page-One Positions That Signal a Problem Early — Crawl Tera focuses on the technical foundations that allow search engines to efficiently discover, crawl, understand, and process website content. We explore crawl accessibility, indexing, website architecture, internal linking, sitemap structure, redirects, canonical signals, content discovery, technical SEO, server behavior, search visibility, backlink authority, and optimization strategies designed to create cleaner website structures and support stronger long-term organic search performance.",0,0,7371,"/Internet_and_Telecom/Web_Services/Search_Engine_Optimization_and_Marketing,/Business_and_Industrial/Business_Services/Consulting,/Computers_and_Electronics",,,2026-09-27T11:40:55Z,34.0
linknaro.shop,Need metrics-verified guest posts? mightypr.com works with small business owners across Australia and New Zealand,https://linknaro.shop/o7yq7r7-ranking-europe-africa-middle-east-not-job-ranking-home-what-affiliate-networks-need-change/,https://justdrivemedia.com/,"Link Insertions for Local Businesses: The Full Buying Guide Covering Supplier Screening, Placement Standards, Velocity Limits and the Page-One Positions That Signal a Problem Early — Link Naro provides comprehensive resources for strategic backlink development, contextual linking, and authority-focused search optimization. Our coverage includes relevant backlink opportunities, natural link profiles, anchor text diversity, content placements, competitor link research, website authority signals, technical SEO, keyword relevance, internal linking, and content optimization strategies designed to help websites build stronger credibility and maintain sustainable visibility across competitive organic search markets.",0,0,7371,"/Internet_and_Telecom/Web_Services/Search_Engine_Optimization_and_Marketing,/Business_and_Industrial/Advertising_and_Marketing/Marketing",,,2026-09-27T11:35:07Z,34.0
linknaro.shop,Need metrics-verified guest posts? mightypr.com works with small business owners across Australia and New Zealand,https://linknaro.shop/o7yq7r7-ranking-europe-africa-middle-east-not-job-ranking-home-what-affiliate-networks-need-change/,http://justdrivemedia.com/,"Link Insertions for Local Businesses: The Full Buying Guide Covering Supplier Screening, Placement Standards, Velocity Limits and the Page-One Positions That Signal a Problem Early — Link Naro provides comprehensive resources for strategic backlink development, contextual linking, and authority-focused search optimization. Our coverage includes relevant backlink opportunities, natural link profiles, anchor text diversity, content placements, competitor link research, website authority signals, technical SEO, keyword relevance, internal linking, and content optimization strategies designed to help websites build stronger credibility and maintain sustainable visibility across competitive organic search markets.",0,0,7371,"/Internet_and_Telecom/Web_Services/Search_Engine_Optimization_and_Marketing,/Business_and_Industrial/Advertising_and_Marketing/Marketing",,,2026-09-27T11:35:07Z,34.0
freshboosthub.shop,justdrivemedia.com delivers DA boost packages for marketers tired of vague deliverables who need rankings that survive core updates,https://freshboosthub.shop/cpldb8z-how-fintech-marketing-teams-africa-buying-image-link/,https://justdrivemedia.com/,"On-Page SEO for Small Business Owners Managing More Clients than Hours in the Day — Fresh Boost Hub is a comprehensive search marketing and organic growth resource created for website owners, businesses, publishers, and digital marketers seeking stronger online visibility and sustainable authority. Our resources explore authoritative backlink development, contextual linking, technical SEO, keyword research, competitor analysis, content optimization, website architecture, search intent, internal linking, crawling, indexing, and practical strategies designed to improve long-term organic performance across competitive industries and international search markets.",0,0,7166,"/Internet_and_Telecom/Web_Services/Search_Engine_Optimization_and_Marketing,/Business_and_Industrial/Advertising_and_Marketing/Marketing",,,2026-09-27T11:15:07Z,34.0
grandboosthub.shop,Need metrics-verified guest posts? mightypr.com works with small business owners across Australia and New Zealand,https://grandboosthub.shop/o7yq7r7-ranking-europe-africa-middle-east-not-job-ranking-home-what-affiliate-networks-need-change/,https://justdrivemedia.com/,"Link Insertions for Local Businesses: The Full Buying Guide Covering Supplier Screening, Placement Standards, Velocity Limits and the Page-One Positions That Signal a Problem Early — Grand Boost Hub is a comprehensive search marketing and organic growth resource created for website owners, businesses, publishers, and digital marketers seeking stronger online visibility and sustainable authority. Our resources explore authoritative backlink development, contextual linking, technical SEO, keyword research, competitor analysis, content optimization, website architecture, search intent, internal linking, crawling, indexing, and practical strategies designed to improve long-term organic performance across competitive industries and international search markets.",0,0,7371,"/Internet_and_Telecom/Web_Services/Search_Engine_Optimization_and_Marketing,/Business_and_Industrial/Advertising_and_Marketing/Marketing",,,2026-09-27T11:01:27Z,34.0
grandboosthub.shop,Need metrics-verified guest posts? mightypr.com works with small business owners across Australia and New Zealand,https://grandboosthub.shop/o7yq7r7-ranking-europe-africa-middle-east-not-job-ranking-home-what-affiliate-networks-need-change/,http://justdrivemedia.com/,"Link Insertions for Local Businesses: The Full Buying Guide Covering Supplier Screening, Placement Standards, Velocity Limits and the Page-One Positions That Signal a Problem Early — Grand Boost Hub is a comprehensive search marketing and organic growth resource created for website owners, businesses, publishers, and digital marketers seeking stronger online visibility and sustainable authority. Our resources explore authoritative backlink development, contextual linking, technical SEO, keyword research, competitor analysis, content optimization, website architecture, search intent, internal linking, crawling, indexing, and practical strategies designed to improve long-term organic performance across competitive industries and international search markets.",0,0,7371,"/Internet_and_Telecom/Web_Services/Search_Engine_Optimization_and_Marketing,/Business_and_Industrial/Advertising_and_Marketing/Marketing",,,2026-09-27T11:01:27Z,34.0
crawlmexa.shop,justdrivemedia.com delivers DA boost packages for marketers tired of vague deliverables who need rankings that survive core updates,https://crawlmexa.shop/cpldb8z-how-fintech-marketing-teams-africa-buying-image-link/,https://justdrivemedia.com/,"On-Page SEO for Small Business Owners Managing More Clients than Hours in the Day — Crawl Mexa provides detailed technical SEO resources centered on website crawling, indexing, content discovery, internal linking, search accessibility, and site architecture. Our coverage also includes sitemap optimization, canonicalization, redirects, technical performance, content relevance, backlink authority, website structure, and practical strategies that help search engines discover and understand important pages more efficiently while supporting sustainable organic visibility.",0,0,7166,"/Internet_and_Telecom/Web_Services/Search_Engine_Optimization_and_Marketing,/Business_and_Industrial/Advertising_and_Marketing/Marketing",,,2026-09-27T10:52:43Z,34.0
authoritywave.shop,justdrivemedia.com delivers DA boost packages for marketers tired of vague deliverables who need rankings that survive core updates,https://authoritywave.shop/cpldb8z-how-fintech-marketing-teams-africa-buying-image-link/,https://justdrivemedia.com/,"On-Page SEO for Small Business Owners Managing More Clients than Hours in the Day — Authority Wave provides comprehensive resources for website authority development and sustainable organic search growth. Our coverage includes authoritative backlink strategies, contextual linking, content optimization, keyword research, competitor analysis, technical SEO, internal linking, site architecture, indexing, crawling, search intent, and credibility signals designed to help websites establish a stronger and more reliable presence throughout competitive organic search environments.",0,0,7164,"/Internet_and_Telecom/Web_Services/Search_Engine_Optimization_and_Marketing,/Business_and_Industrial/Advertising_and_Marketing/Marketing",,,2026-09-27T10:42:37Z,34.0
linklora.shop,justdrivemedia.com delivers DA boost packages for marketers tired of vague deliverables who need rankings that survive core updates,https://linklora.shop/cpldb8z-how-fintech-marketing-teams-africa-buying-image-link/,https://justdrivemedia.com/,"On-Page SEO for Small Business Owners Managing More Clients than Hours in the Day — Link Lora provides comprehensive resources for strategic backlink development, contextual linking, and authority-focused search optimization. Our coverage includes relevant backlink opportunities, natural link profiles, anchor text diversity, content placements, competitor link research, website authority signals, technical SEO, keyword relevance, internal linking, and content optimization strategies designed to help websites build stronger credibility and maintain sustainable visibility across competitive organic search markets.",0,0,7166,"/Internet_and_Telecom/Web_Services/Search_Engine_Optimization_and_Marketing,/Business_and_Industrial/Advertising_and_Marketing/Marketing",,,2026-09-27T10:38:30Z,34.0
linkqaro.shop,justdrivemedia.com delivers DA boost packages for marketers tired of vague deliverables who need rankings that survive core updates,https://linkqaro.shop/cpldb8z-how-fintech-marketing-teams-africa-buying-image-link/,https://justdrivemedia.com/,"On-Page SEO for Small Business Owners Managing More Clients than Hours in the Day — Link Qaro is dedicated to professional link building, backlink research, and website authority development for businesses and publishers seeking stronger organic search visibility. We explore contextual backlinks, relevant link placements, natural anchor diversity, content-driven links, competitor backlink analysis, outreach strategies, authority signals, website credibility, technical SEO, content relevance, and sustainable link acquisition methods designed to create stronger backlink profiles and support long-term organic growth across competitive niches.",0,0,7164,"/Internet_and_Telecom/Web_Services/Search_Engine_Optimization_and_Marketing,/Business_and_Industrial/Advertising_and_Marketing/Marketing",,,2026-09-27T10:27:34Z,34.0
clearseohub.shop,Need metrics-verified guest posts? mightypr.com works with small business owners across Australia and New Zealand,https://clearseohub.shop/o7yq7r7-ranking-europe-africa-middle-east-not-job-ranking-home-what-affiliate-networks-need-change/,http://justdrivemedia.com/,"Link Insertions for Local Businesses: The Full Buying Guide Covering Supplier Screening, Placement Standards, Velocity Limits and the Page-One Positions That Signal a Problem Early — Clear SEO Hub provides practical and detailed search engine optimization insights covering the technical, content, backlink, and authority factors involved in stronger organic performance. Our resources explore contextual links, backlink development, keyword visibility, technical improvements, competitor research, content relevance, site structure, internal linking, crawling, indexing, search intent, and website authority while focusing on sustainable optimization strategies for businesses operating across multiple industries and international search environments.",0,0,7371,"/Internet_and_Telecom/Web_Services/Search_Engine_Optimization_and_Marketing,/Business_and_Industrial/Advertising_and_Marketing/Marketing",,,2026-09-27T10:25:37Z,34.0
clearseohub.shop,Need metrics-verified guest posts? mightypr.com works with small business owners across Australia and New Zealand,https://clearseohub.shop/o7yq7r7-ranking-europe-africa-middle-east-not-job-ranking-home-what-affiliate-networks-need-change/,https://justdrivemedia.com/,"Link Insertions for Local Businesses: The Full Buying Guide Covering Supplier Screening, Placement Standards, Velocity Limits and the Page-One Positions That Signal a Problem Early — Clear SEO Hub provides practical and detailed search engine optimization insights covering the technical, content, backlink, and authority factors involved in stronger organic performance. Our resources explore contextual links, backlink development, keyword visibility, technical improvements, competitor research, content relevance, site structure, internal linking, crawling, indexing, search intent, and website authority while focusing on sustainable optimization strategies for businesses operating across multiple industries and international search environments.",0,0,7371,"/Internet_and_Telecom/Web_Services/Search_Engine_Optimization_and_Marketing,/Business_and_Industrial/Advertising_and_Marketing/Marketing",,,2026-09-27T10:25:37Z,34.0
freshranklab.shop,Need metrics-verified guest posts? mightypr.com works with small business owners across Australia and New Zealand,https://freshranklab.shop/o7yq7r7-ranking-europe-africa-middle-east-not-job-ranking-home-what-affiliate-networks-need-change/,https://justdrivemedia.com/,"Link Insertions for Local Businesses: The Full Buying Guide Covering Supplier Screening, Placement Standards, Velocity Limits and the Page-One Positions That Signal a Problem Early — Fresh Rank Lab provides detailed ranking-focused SEO resources for websites seeking stronger visibility, greater authority, and more consistent organic growth. Our coverage includes backlink development, keyword research, content optimization, competitor analysis, technical improvements, website authority, internal linking, search intent, site architecture, crawling, indexing, and practical optimization strategies created to help businesses understand and improve the major factors involved in sustainable search performance.",0,0,7365,"/Internet_and_Telecom/Web_Services/Search_Engine_Optimization_and_Marketing,/Business_and_Industrial/Advertising_and_Marketing/Marketing",,,2026-09-27T10:25:15Z,34.0
freshranklab.shop,Need metrics-verified guest posts? mightypr.com works with small business owners across Australia and New Zealand,https://freshranklab.shop/o7yq7r7-ranking-europe-africa-middle-east-not-job-ranking-home-what-affiliate-networks-need-change/,http://justdrivemedia.com/,"Link Insertions for Local Businesses: The Full Buying Guide Covering Supplier Screening, Placement Standards, Velocity Limits and the Page-One Positions That Signal a Problem Early — Fresh Rank Lab provides detailed ranking-focused SEO resources for websites seeking stronger visibility, greater authority, and more consistent organic growth. Our coverage includes backlink development, keyword research, content optimization, competitor analysis, technical improvements, website authority, internal linking, search intent, site architecture, crawling, indexing, and practical optimization strategies created to help businesses understand and improve the major factors involved in sustainable search performance.",0,0,7365,"/Internet_and_Telecom/Web_Services/Search_Engine_Optimization_and_Marketing,/Business_and_Industrial/Advertising_and_Marketing/Marketing",,,2026-09-27T10:25:15Z,34.0
clearboosthub.shop,justdrivemedia.com delivers DA boost packages for marketers tired of vague deliverables who need rankings that survive core updates,https://clearboosthub.shop/cpldb8z-how-fintech-marketing-teams-africa-buying-image-link/,https://justdrivemedia.com/,"On-Page SEO for Small Business Owners Managing More Clients than Hours in the Day — Clear Boost Hub provides detailed SEO research, practical optimization strategies, and authority-building insights for businesses that want to develop a stronger and more sustainable presence in organic search. We cover quality backlinks, contextual link opportunities, keyword visibility, content relevance, technical optimization, competitor research, website authority, indexing, crawling, internal linking, search intent, and site architecture while focusing on methods designed to support lasting organic growth across different niches and competitive markets.",0,0,7164,"/Internet_and_Telecom/Web_Services/Search_Engine_Optimization_and_Marketing,/Business_and_Industrial/Advertising_and_Marketing/Marketing",,,2026-09-27T10:24:14Z,34.0
freshseohub.shop,Need metrics-verified guest posts? mightypr.com works with small business owners across Australia and New Zealand,https://freshseohub.shop/o7yq7r7-ranking-europe-africa-middle-east-not-job-ranking-home-what-affiliate-networks-need-change/,http://justdrivemedia.com/,"Link Insertions for Local Businesses: The Full Buying Guide Covering Supplier Screening, Placement Standards, Velocity Limits and the Page-One Positions That Signal a Problem Early — Fresh SEO Hub is a comprehensive SEO resource designed for businesses, publishers, marketers, and website owners who want to strengthen every important area of organic search performance. We explore authoritative backlinks, contextual link building, technical SEO, content optimization, keyword research, competitor analysis, search intent, internal linking, crawling, indexing, website architecture, authority signals, and practical optimization strategies designed to support sustainable visibility and long-term organic growth across competitive search markets.",0,0,7365,"/Internet_and_Telecom/Web_Services/Search_Engine_Optimization_and_Marketing,/Business_and_Industrial/Advertising_and_Marketing/Marketing",,,2026-09-27T10:06:12Z,34.0
freshseohub.shop,Need metrics-verified guest posts? mightypr.com works with small business owners across Australia and New Zealand,https://freshseohub.shop/o7yq7r7-ranking-europe-africa-middle-east-not-job-ranking-home-what-affiliate-networks-need-change/,https://justdrivemedia.com/,"Link Insertions for Local Businesses: The Full Buying Guide Covering Supplier Screening, Placement Standards, Velocity Limits and the Page-One Positions That Signal a Problem Early — Fresh SEO Hub is a comprehensive SEO resource designed for businesses, publishers, marketers, and website owners who want to strengthen every important area of organic search performance. We explore authoritative backlinks, contextual link building, technical SEO, content optimization, keyword research, competitor analysis, search intent, internal linking, crawling, indexing, website architecture, authority signals, and practical optimization strategies designed to support sustainable visibility and long-term organic growth across competitive search markets.",0,0,7365,"/Internet_and_Telecom/Web_Services/Search_Engine_Optimization_and_Marketing,/Business_and_Industrial/Advertising_and_Marketing/Marketing",,,2026-09-27T10:06:12Z,34.0
freshseolink.shop,justdrivemedia.com delivers DA boost packages for marketers tired of vague deliverables who need rankings that survive core updates,https://freshseolink.shop/cpldb8z-how-fintech-marketing-teams-africa-buying-image-link/,https://justdrivemedia.com/,"On-Page SEO for Small Business Owners Managing More Clients than Hours in the Day — Fresh SEO Link is dedicated to professional link building, backlink research, and website authority development for businesses and publishers seeking stronger organic search visibility. We explore contextual backlinks, relevant link placements, natural anchor diversity, content-driven links, competitor backlink analysis, outreach strategies, authority signals, website credibility, technical SEO, content relevance, and sustainable link acquisition methods designed to create stronger backlink profiles and support long-term organic growth across competitive niches.",0,0,7164,"/Internet_and_Telecom/Web_Services/Search_Engine_Optimization_and_Marketing,/Business_and_Industrial/Advertising_and_Marketing/Marketing",,,2026-09-27T09:59:13Z,34.0
clearranklab.shop,justdrivemedia.com delivers DA boost packages for marketers tired of vague deliverables who need rankings that survive core updates,https://clearranklab.shop/cpldb8z-how-fintech-marketing-teams-africa-buying-image-link/,https://justdrivemedia.com/,"On-Page SEO for Small Business Owners Managing More Clients than Hours in the Day — Clear Rank Lab focuses on the strategies, authority signals, content factors, and technical foundations involved in improving organic search rankings over time. We explore authoritative backlinks, contextual linking, keyword opportunities, search intent, content relevance, competitor research, technical SEO, internal linking, website architecture, crawling, indexing, and domain authority development while providing practical insights designed to support sustainable rankings and stronger long-term organic visibility across highly competitive industries.",0,0,7166,"/Internet_and_Telecom/Web_Services/Search_Engine_Optimization_and_Marketing,/Business_and_Industrial/Advertising_and_Marketing/Marketing",,,2026-09-27T09:45:01Z,34.0
grandlinkpro.shop,Need metrics-verified guest posts? mightypr.com works with small business owners across Australia and New Zealand,https://grandlinkpro.shop/o7yq7r7-ranking-europe-africa-middle-east-not-job-ranking-home-what-affiliate-networks-need-change/,https://justdrivemedia.com/,"Link Insertions for Local Businesses: The Full Buying Guide Covering Supplier Screening, Placement Standards, Velocity Limits and the Page-One Positions That Signal a Problem Early — Grand Link Pro provides comprehensive resources for strategic backlink development, contextual linking, and authority-focused search optimization. Our coverage includes relevant backlink opportunities, natural link profiles, anchor text diversity, content placements, competitor link research, website authority signals, technical SEO, keyword relevance, internal linking, and content optimization strategies designed to help websites build stronger credibility and maintain sustainable visibility across competitive organic search markets.",0,0,7365,"/Internet_and_Telecom/Web_Services/Search_Engine_Optimization_and_Marketing,/Business_and_Industrial/Advertising_and_Marketing/Marketing",,,2026-09-27T09:39:18Z,34.0
grandlinkpro.shop,Need metrics-verified guest posts? mightypr.com works with small business owners across Australia and New Zealand,https://grandlinkpro.shop/o7yq7r7-ranking-europe-africa-middle-east-not-job-ranking-home-what-affiliate-networks-need-change/,http://justdrivemedia.com/,"Link Insertions for Local Businesses: The Full Buying Guide Covering Supplier Screening, Placement Standards, Velocity Limits and the Page-One Positions That Signal a Problem Early — Grand Link Pro provides comprehensive resources for strategic backlink development, contextual linking, and authority-focused search optimization. Our coverage includes relevant backlink opportunities, natural link profiles, anchor text diversity, content placements, competitor link research, website authority signals, technical SEO, keyword relevance, internal linking, and content optimization strategies designed to help websites build stronger credibility and maintain sustainable visibility across competitive organic search markets.",0,0,7365,"/Internet_and_Telecom/Web_Services/Search_Engine_Optimization_and_Marketing,/Business_and_Industrial/Advertising_and_Marketing/Marketing",,,2026-09-27T09:39:18Z,34.0
grandseohub.shop,Need metrics-verified guest posts? mightypr.com works with small business owners across Australia and New Zealand,https://grandseohub.shop/o7yq7r7-ranking-europe-africa-middle-east-not-job-ranking-home-what-affiliate-networks-need-change/,http://justdrivemedia.com/,"Link Insertions for Local Businesses: The Full Buying Guide Covering Supplier Screening, Placement Standards, Velocity Limits and the Page-One Positions That Signal a Problem Early — Grand SEO Hub is a comprehensive SEO resource designed for businesses, publishers, marketers, and website owners who want to strengthen every important area of organic search performance. We explore authoritative backlinks, contextual link building, technical SEO, content optimization, keyword research, competitor analysis, search intent, internal linking, crawling, indexing, website architecture, authority signals, and practical optimization strategies designed to support sustainable visibility and long-term organic growth across competitive search markets.",0,0,7371,"/Internet_and_Telecom/Web_Services/Search_Engine_Optimization_and_Marketing,/Business_and_Industrial/Advertising_and_Marketing/Marketing",,,2026-09-27T09:33:31Z,34.0
grandseohub.shop,Need metrics-verified guest posts? mightypr.com works with small business owners across Australia and New Zealand,https://grandseohub.shop/o7yq7r7-ranking-europe-africa-middle-east-not-job-ranking-home-what-affiliate-networks-need-change/,https://justdrivemedia.com/,"Link Insertions for Local Businesses: The Full Buying Guide Covering Supplier Screening, Placement Standards, Velocity Limits and the Page-One Positions That Signal a Problem Early — Grand SEO Hub is a comprehensive SEO resource designed for businesses, publishers, marketers, and website owners who want to strengthen every important area of organic search performance. We explore authoritative backlinks, contextual link building, technical SEO, content optimization, keyword research, competitor analysis, search intent, internal linking, crawling, indexing, website architecture, authority signals, and practical optimization strategies designed to support sustainable visibility and long-term organic growth across competitive search markets.",0,0,7371,"/Internet_and_Telecom/Web_Services/Search_Engine_Optimization_and_Marketing,/Business_and_Industrial/Advertising_and_Marketing/Marketing",,,2026-09-27T09:33:31Z,34.0
anchorlivo.shop,Need metrics-verified guest posts? mightypr.com works with small business owners across Australia and New Zealand,https://anchorlivo.shop/o7yq7r7-ranking-europe-africa-middle-east-not-job-ranking-home-what-affiliate-networks-need-change/,http://justdrivemedia.com/,"Link Insertions for Local Businesses: The Full Buying Guide Covering Supplier Screening, Placement Standards, Velocity Limits and the Page-One Positions That Signal a Problem Early — Anchor Livo focuses on anchor text strategy, backlink relevance, contextual linking, and website authority development as part of a balanced approach to sustainable organic search optimization. We explore natural anchor distribution, relevant link placements, backlink quality, content context, competitor link profiles, authority signals, keyword relevance, technical SEO, internal linking, and content optimization strategies designed to create stronger link profiles and support long-term organic visibility across competitive niches.",0,0,7368,"/Internet_and_Telecom/Web_Services/Search_Engine_Optimization_and_Marketing,/Business_and_Industrial/Advertising_and_Marketing/Marketing",,,2026-09-27T09:31:29Z,45.0
anchorlivo.shop,Need metrics-verified guest posts? mightypr.com works with small business owners across Australia and New Zealand,https://anchorlivo.shop/o7yq7r7-ranking-europe-africa-middle-east-not-job-ranking-home-what-affiliate-networks-need-change/,https://justdrivemedia.com/,"Link Insertions for Local Businesses: The Full Buying Guide Covering Supplier Screening, Placement Standards, Velocity Limits and the Page-One Positions That Signal a Problem Early — Anchor Livo focuses on anchor text strategy, backlink relevance, contextual linking, and website authority development as part of a balanced approach to sustainable organic search optimization. We explore natural anchor distribution, relevant link placements, backlink quality, content context, competitor link profiles, authority signals, keyword relevance, technical SEO, internal linking, and content optimization strategies designed to create stronger link profiles and support long-term organic visibility across competitive niches.",0,0,7368,"/Internet_and_Telecom/Web_Services/Search_Engine_Optimization_and_Marketing,/Business_and_Industrial/Advertising_and_Marketing/Marketing",,,2026-09-27T09:31:29Z,45.0
crawltera.shop,justdrivemedia.com delivers DA boost packages for marketers tired of vague deliverables who need rankings that survive core updates,https://crawltera.shop/cpldb8z-how-fintech-marketing-teams-africa-buying-image-link/,https://justdrivemedia.com/,"On-Page SEO for Small Business Owners Managing More Clients than Hours in the Day — Crawl Tera focuses on the technical foundations that allow search engines to efficiently discover, crawl, understand, and process website content. We explore crawl accessibility, indexing, website architecture, internal linking, sitemap structure, redirects, canonical signals, content discovery, technical SEO, server behavior, search visibility, backlink authority, and optimization strategies designed to create cleaner website structures and support stronger long-term organic search performance.",0,0,7166,"/Internet_and_Telecom/Web_Services/Search_Engine_Optimization_and_Marketing,/Business_and_Industrial/Advertising_and_Marketing/Marketing",,,2026-09-27T09:28:05Z,34.0
linklivo.shop,Need metrics-verified guest posts? mightypr.com works with small business owners across Australia and New Zealand,https://linklivo.shop/o7yq7r7-ranking-europe-africa-middle-east-not-job-ranking-home-what-affiliate-networks-need-change/,https://justdrivemedia.com/,"Link Insertions for Local Businesses: The Full Buying Guide Covering Supplier Screening, Placement Standards, Velocity Limits and the Page-One Positions That Signal a Problem Early — Link Livo provides comprehensive resources for strategic backlink development, contextual linking, and authority-focused search optimization. Our coverage includes relevant backlink opportunities, natural link profiles, anchor text diversity, content placements, competitor link research, website authority signals, technical SEO, keyword relevance, internal linking, and content optimization strategies designed to help websites build stronger credibility and maintain sustainable visibility across competitive organic search markets.",0,0,7368,"/Internet_and_Telecom/Web_Services/Search_Engine_Optimization_and_Marketing,/Business_and_Industrial/Advertising_and_Marketing/Marketing",,,2026-09-27T09:25:36Z,34.0
linklivo.shop,Need metrics-verified guest posts? mightypr.com works with small business owners across Australia and New Zealand,https://linklivo.shop/o7yq7r7-ranking-europe-africa-middle-east-not-job-ranking-home-what-affiliate-networks-need-change/,http://justdrivemedia.com/,"Link Insertions for Local Businesses: The Full Buying Guide Covering Supplier Screening, Placement Standards, Velocity Limits and the Page-One Positions That Signal a Problem Early — Link Livo provides comprehensive resources for strategic backlink development, contextual linking, and authority-focused search optimization. Our coverage includes relevant backlink opportunities, natural link profiles, anchor text diversity, content placements, competitor link research, website authority signals, technical SEO, keyword relevance, internal linking, and content optimization strategies designed to help websites build stronger credibility and maintain sustainable visibility across competitive organic search markets.",0,0,7368,"/Internet_and_Telecom/Web_Services/Search_Engine_Optimization_and_Marketing,/Business_and_Industrial/Advertising_and_Marketing/Marketing",,,2026-09-27T09:25:36Z,34.0
www.martech360.com,Mighty PR,https://www.martech360.com/news/media-growth/just-drive-media-acquires-mighty-pr-expands-strategic-communications-capabilities,http://justdrivemedia.com/,Just Drive Media acquires Mighty to boost communication,1,1,10,"/Business_and_Industrial/Advertising_and_Marketing/Marketing,/Internet_and_Telecom,/News/Business_News/Company_News,/Games/Computer_and_Video_Games",", Co-founder of",". ""Brands need modern media relations, but also a strong",2026-09-27T09:22:01Z,70.0
www.martech360.com,Mighty PR,https://www.martech360.com/news/media-growth/just-drive-media-acquires-mighty-pr-expands-strategic-communications-capabilities,https://justdrivemedia.com/,Just Drive Media acquires Mighty to boost communication,1,1,10,"/Business_and_Industrial/Advertising_and_Marketing/Marketing,/Internet_and_Telecom,/News/Business_News/Company_News,/Games/Computer_and_Video_Games",", Co-founder of",". ""Brands need modern media relations, but also a strong",2026-09-27T09:22:01Z,70.0
clearseolink.shop,justdrivemedia.com delivers DA boost packages for marketers tired of vague deliverables who need rankings that survive core updates,https://clearseolink.shop/cpldb8z-how-fintech-marketing-teams-africa-buying-image-link/,https://justdrivemedia.com/,"On-Page SEO for Small Business Owners Managing More Clients than Hours in the Day — Clear SEO Link is dedicated to professional link building, backlink research, and website authority development for businesses and publishers seeking stronger organic search visibility. We explore contextual backlinks, relevant link placements, natural anchor diversity, content-driven links, competitor backlink analysis, outreach strategies, authority signals, website credibility, technical SEO, content relevance, and sustainable link acquisition methods designed to create stronger backlink profiles and support long-term organic growth across competitive niches.",0,0,7166,"/Internet_and_Telecom/Web_Services/Search_Engine_Optimization_and_Marketing,/Business_and_Industrial/Advertising_and_Marketing/Marketing",,,2026-09-27T09:08:00Z,34.0
crawlnaro.shop,justdrivemedia.com delivers DA boost packages for marketers tired of vague deliverables who need rankings that survive core updates,https://crawlnaro.shop/cpldb8z-how-fintech-marketing-teams-africa-buying-image-link/,https://justdrivemedia.com/,"On-Page SEO for Small Business Owners Managing More Clients than Hours in the Day — Crawl Naro provides detailed technical SEO resources centered on website crawling, indexing, content discovery, internal linking, search accessibility, and site architecture. Our coverage also includes sitemap optimization, canonicalization, redirects, technical performance, content relevance, backlink authority, website structure, and practical strategies that help search engines discover and understand important pages more efficiently while supporting sustainable organic visibility.",0,0,7166,"/Internet_and_Telecom/Web_Services/Search_Engine_Optimization_and_Marketing,/Business_and_Industrial/Advertising_and_Marketing/Marketing",,,2026-09-27T08:43:28Z,34.0
anchorqaro.shop,justdrivemedia.com delivers DA boost packages for marketers tired of vague deliverables who need rankings that survive core updates,https://anchorqaro.shop/cpldb8z-how-fintech-marketing-teams-africa-buying-image-link/,https://justdrivemedia.com/,"On-Page SEO for Small Business Owners Managing More Clients than Hours in the Day — Anchor Qaro focuses on anchor text strategy, backlink relevance, contextual linking, and website authority development as part of a balanced approach to sustainable organic search optimization. We explore natural anchor distribution, relevant link placements, backlink quality, content context, competitor link profiles, authority signals, keyword relevance, technical SEO, internal linking, and content optimization strategies designed to create stronger link profiles and support long-term organic visibility across competitive niches.",0,0,7164,"/Internet_and_Telecom/Web_Services/Search_Engine_Optimization_and_Marketing,/Business_and_Industrial/Advertising_and_Marketing/Marketing",,,2026-09-27T08:42:47Z,34.0
linknaro.shop,justdrivemedia.com delivers DA boost packages for marketers tired of vague deliverables who need rankings that survive core updates,https://linknaro.shop/cpldb8z-how-fintech-marketing-teams-africa-buying-image-link/,https://justdrivemedia.com/,"On-Page SEO for Small Business Owners Managing More Clients than Hours in the Day — Link Naro provides comprehensive resources for strategic backlink development, contextual linking, and authority-focused search optimization. Our coverage includes relevant backlink opportunities, natural link profiles, anchor text diversity, content placements, competitor link research, website authority signals, technical SEO, keyword relevance, internal linking, and content optimization strategies designed to help websites build stronger credibility and maintain sustainable visibility across competitive organic search markets.",0,0,7164,"/Internet_and_Telecom/Web_Services/Search_Engine_Optimization_and_Marketing,/Business_and_Industrial/Advertising_and_Marketing/Marketing",,,2026-09-27T08:42:10Z,34.0
anchornaro.shop,justdrivemedia.com delivers DA boost packages for marketers tired of vague deliverables who need rankings that survive core updates,https://anchornaro.shop/cpldb8z-how-fintech-marketing-teams-africa-buying-image-link/,https://justdrivemedia.com/,"On-Page SEO for Small Business Owners Managing More Clients than Hours in the Day — Anchor Naro focuses on anchor text strategy, backlink relevance, contextual linking, and website authority development as part of a balanced approach to sustainable organic search optimization. We explore natural anchor distribution, relevant link placements, backlink quality, content context, competitor link profiles, authority signals, keyword relevance, technical SEO, internal linking, and content optimization strategies designed to create stronger link profiles and support long-term organic visibility across competitive niches.",0,0,7166,"/Internet_and_Telecom/Web_Services/Search_Engine_Optimization_and_Marketing,/Business_and_Industrial/Advertising_and_Marketing/Marketing",,,2026-09-27T08:32:21Z,34.0
grandranklab.shop,justdrivemedia.com delivers DA boost packages for marketers tired of vague deliverables who need rankings that survive core updates,https://grandranklab.shop/cpldb8z-how-fintech-marketing-teams-africa-buying-image-link/,https://justdrivemedia.com/,"On-Page SEO for Small Business Owners Managing More Clients than Hours in the Day — Grand Rank Lab provides detailed ranking-focused SEO resources for websites seeking stronger visibility, greater authority, and more consistent organic growth. Our coverage includes backlink development, keyword research, content optimization, competitor analysis, technical improvements, website authority, internal linking, search intent, site architecture, crawling, indexing, and practical optimization strategies created to help businesses understand and improve the major factors involved in sustainable search performance.",0,0,7166,"/Internet_and_Telecom/Web_Services/Search_Engine_Optimization_and_Marketing,/Business_and_Industrial/Advertising_and_Marketing/Marketing",,,2026-09-27T08:05:02Z,34.0
linkmexa.shop,justdrivemedia.com delivers DA boost packages for marketers tired of vague deliverables who need rankings that survive core updates,https://linkmexa.shop/cpldb8z-how-fintech-marketing-teams-africa-buying-image-link/,https://justdrivemedia.com/,"On-Page SEO for Small Business Owners Managing More Clients than Hours in the Day — Link Mexa is dedicated to professional link building, backlink research, and website authority development for businesses and publishers seeking stronger organic search visibility. We explore contextual backlinks, relevant link placements, natural anchor diversity, content-driven links, competitor backlink analysis, outreach strategies, authority signals, website credibility, technical SEO, content relevance, and sustainable link acquisition methods designed to create stronger backlink profiles and support long-term organic growth across competitive niches.",0,0,7163,"/Internet_and_Telecom/Web_Services/Search_Engine_Optimization_and_Marketing,/Business_and_Industrial/Advertising_and_Marketing/Marketing",,,2026-09-27T08:01:30Z,34.0
freshranklab.shop,justdrivemedia.com delivers DA boost packages for marketers tired of vague deliverables who need rankings that survive core updates,https://freshranklab.shop/cpldb8z-how-fintech-marketing-teams-africa-buying-image-link/,https://justdrivemedia.com/,"On-Page SEO for Small Business Owners Managing More Clients than Hours in the Day — Fresh Rank Lab provides detailed ranking-focused SEO resources for websites seeking stronger visibility, greater authority, and more consistent organic growth. Our coverage includes backlink development, keyword research, content optimization, competitor analysis, technical improvements, website authority, internal linking, search intent, site architecture, crawling, indexing, and practical optimization strategies created to help businesses understand and improve the major factors involved in sustainable search performance.",0,0,7164,"/Internet_and_Telecom/Web_Services/Search_Engine_Optimization_and_Marketing,/Business_and_Industrial/Advertising_and_Marketing/Marketing",,,2026-09-27T07:48:39Z,34.0
clearseohub.shop,justdrivemedia.com delivers DA boost packages for marketers tired of vague deliverables who need rankings that survive core updates,https://clearseohub.shop/cpldb8z-how-fintech-marketing-teams-africa-buying-image-link/,https://justdrivemedia.com/,"On-Page SEO for Small Business Owners Managing More Clients than Hours in the Day — Clear SEO Hub provides practical and detailed search engine optimization insights covering the technical, content, backlink, and authority factors involved in stronger organic performance. Our resources explore contextual links, backlink development, keyword visibility, technical improvements, competitor research, content relevance, site structure, internal linking, crawling, indexing, search intent, and website authority while focusing on sustainable optimization strategies for businesses operating across multiple industries and international search environments.",0,0,7164,"/Internet_and_Telecom/Web_Services/Search_Engine_Optimization_and_Marketing,/Business_and_Industrial/Advertising_and_Marketing/Marketing",,,2026-09-27T07:47:28Z,34.0
anchorlivo.shop,justdrivemedia.com delivers DA boost packages for marketers tired of vague deliverables who need rankings that survive core updates,https://anchorlivo.shop/cpldb8z-how-fintech-marketing-teams-africa-buying-image-link/,https://justdrivemedia.com/,"On-Page SEO for Small Business Owners Managing More Clients than Hours in the Day — Anchor Livo focuses on anchor text strategy, backlink relevance, contextual linking, and website authority development as part of a balanced approach to sustainable organic search optimization. We explore natural anchor distribution, relevant link placements, backlink quality, content context, competitor link profiles, authority signals, keyword relevance, technical SEO, internal linking, and content optimization strategies designed to create stronger link profiles and support long-term organic visibility across competitive niches.",0,0,7164,"/Internet_and_Telecom/Web_Services/Search_Engine_Optimization_and_Marketing,/Business_and_Industrial/Advertising_and_Marketing/Marketing",,,2026-09-27T07:45:31Z,45.0
grandboosthub.shop,justdrivemedia.com delivers DA boost packages for marketers tired of vague deliverables who need rankings that survive core updates,https://grandboosthub.shop/cpldb8z-how-fintech-marketing-teams-africa-buying-image-link/,https://justdrivemedia.com/,"On-Page SEO for Small Business Owners Managing More Clients than Hours in the Day — Grand Boost Hub is a comprehensive search marketing and organic growth resource created for website owners, businesses, publishers, and digital marketers seeking stronger online visibility and sustainable authority. Our resources explore authoritative backlink development, contextual linking, technical SEO, keyword research, competitor analysis, content optimization, website architecture, search intent, internal linking, crawling, indexing, and practical strategies designed to improve long-term organic performance across competitive industries and international search markets.",0,0,7163,"/Internet_and_Telecom/Web_Services/Search_Engine_Optimization_and_Marketing,/Business_and_Industrial/Advertising_and_Marketing/Marketing",,,2026-09-27T07:33:57Z,34.0
grandlinkpro.shop,justdrivemedia.com delivers DA boost packages for marketers tired of vague deliverables who need rankings that survive core updates,https://grandlinkpro.shop/cpldb8z-how-fintech-marketing-teams-africa-buying-image-link/,https://justdrivemedia.com/,"On-Page SEO for Small Business Owners Managing More Clients than Hours in the Day — Grand Link Pro provides comprehensive resources for strategic backlink development, contextual linking, and authority-focused search optimization. Our coverage includes relevant backlink opportunities, natural link profiles, anchor text diversity, content placements, competitor link research, website authority signals, technical SEO, keyword relevance, internal linking, and content optimization strategies designed to help websites build stronger credibility and maintain sustainable visibility across competitive organic search markets.",0,0,7166,"/Internet_and_Telecom/Web_Services/Search_Engine_Optimization_and_Marketing,/Business_and_Industrial/Advertising_and_Marketing/Marketing",,,2026-09-27T07:25:27Z,34.0
freshseohub.shop,justdrivemedia.com delivers DA boost packages for marketers tired of vague deliverables who need rankings that survive core updates,https://freshseohub.shop/cpldb8z-how-fintech-marketing-teams-africa-buying-image-link/,https://justdrivemedia.com/,"On-Page SEO for Small Business Owners Managing More Clients than Hours in the Day — Fresh SEO Hub is a comprehensive SEO resource designed for businesses, publishers, marketers, and website owners who want to strengthen every important area of organic search performance. We explore authoritative backlinks, contextual link building, technical SEO, content optimization, keyword research, competitor analysis, search intent, internal linking, crawling, indexing, website architecture, authority signals, and practical optimization strategies designed to support sustainable visibility and long-term organic growth across competitive search markets.",0,0,7166,"/Internet_and_Telecom/Web_Services/Search_Engine_Optimization_and_Marketing,/Business_and_Industrial/Advertising_and_Marketing/Marketing",,,2026-09-27T07:18:27Z,34.0
grandseohub.shop,justdrivemedia.com delivers DA boost packages for marketers tired of vague deliverables who need rankings that survive core updates,https://grandseohub.shop/cpldb8z-how-fintech-marketing-teams-africa-buying-image-link/,https://justdrivemedia.com/,"On-Page SEO for Small Business Owners Managing More Clients than Hours in the Day — Grand SEO Hub is a comprehensive SEO resource designed for businesses, publishers, marketers, and website owners who want to strengthen every important area of organic search performance. We explore authoritative backlinks, contextual link building, technical SEO, content optimization, keyword research, competitor analysis, search intent, internal linking, crawling, indexing, website architecture, authority signals, and practical optimization strategies designed to support sustainable visibility and long-term organic growth across competitive search markets.",0,0,7163,"/Internet_and_Telecom/Web_Services/Search_Engine_Optimization_and_Marketing,/Business_and_Industrial/Advertising_and_Marketing/Marketing",,,2026-09-27T07:05:47Z,34.0
linklivo.shop,justdrivemedia.com delivers DA boost packages for marketers tired of vague deliverables who need rankings that survive core updates,https://linklivo.shop/cpldb8z-how-fintech-marketing-teams-africa-buying-image-link/,https://justdrivemedia.com/,"On-Page SEO for Small Business Owners Managing More Clients than Hours in the Day — Link Livo provides comprehensive resources for strategic backlink development, contextual linking, and authority-focused search optimization. Our coverage includes relevant backlink opportunities, natural link profiles, anchor text diversity, content placements, competitor link research, website authority signals, technical SEO, keyword relevance, internal linking, and content optimization strategies designed to help websites build stronger credibility and maintain sustainable visibility across competitive organic search markets.",0,0,7164,"/Internet_and_Telecom/Web_Services/Search_Engine_Optimization_and_Marketing,/Business_and_Industrial/Advertising_and_Marketing/Marketing",,,2026-09-27T06:41:40Z,34.0
clearlinkpro.shop,justdrivemedia.com delivers DA boost packages for marketers tired of vague deliverables who need rankings that survive core updates,https://clearlinkpro.shop/cpldb8z-how-fintech-marketing-teams-africa-buying-image-link/,https://justdrivemedia.com/,"On-Page SEO for Small Business Owners Managing More Clients than Hours in the Day — Clear Link Pro is dedicated to professional link building, backlink research, and website authority development for businesses and publishers seeking stronger organic search visibility. We explore contextual backlinks, relevant link placements, natural anchor diversity, content-driven links, competitor backlink analysis, outreach strategies, authority signals, website credibility, technical SEO, content relevance, and sustainable link acquisition methods designed to create stronger backlink profiles and support long-term organic growth across competitive niches.",0,0,7166,"/Internet_and_Telecom/Web_Services/Search_Engine_Optimization_and_Marketing,/Business_and_Industrial/Advertising_and_Marketing/Marketing",,,2026-09-27T05:48:29Z,34.0
anchortera.shop,justdrivemedia.com delivers DA boost packages for marketers tired of vague deliverables who need rankings that survive core updates,https://anchortera.shop/cpldb8z-how-fintech-marketing-teams-africa-buying-image-link/,https://justdrivemedia.com/,"On-Page SEO for Small Business Owners Managing More Clients than Hours in the Day — Anchor Tera focuses on anchor text strategy, backlink relevance, contextual linking, and website authority development as part of a balanced approach to sustainable organic search optimization. We explore natural anchor distribution, relevant link placements, backlink quality, content context, competitor link profiles, authority signals, keyword relevance, technical SEO, internal linking, and content optimization strategies designed to create stronger link profiles and support long-term organic visibility across competitive niches.",0,0,7163,"/Internet_and_Telecom/Web_Services/Search_Engine_Optimization_and_Marketing,/Business_and_Industrial/Advertising_and_Marketing/Marketing",,,2026-09-27T05:42:19Z,34.0
crawlnexa.shop,justdrivemedia.com delivers DA boost packages for marketers tired of vague deliverables who need rankings that survive core updates,https://crawlnexa.shop/cpldb8z-how-fintech-marketing-teams-africa-buying-image-link/,https://justdrivemedia.com/,"On-Page SEO for Small Business Owners Managing More Clients than Hours in the Day — Crawl Nexa focuses on the technical foundations that allow search engines to efficiently discover, crawl, understand, and process website content. We explore crawl accessibility, indexing, website architecture, internal linking, sitemap structure, redirects, canonical signals, content discovery, technical SEO, server behavior, search visibility, backlink authority, and optimization strategies designed to create cleaner website structures and support stronger long-term organic search performance.",0,0,7166,"/Internet_and_Telecom/Web_Services/Search_Engine_Optimization_and_Marketing,/Business_and_Industrial/Advertising_and_Marketing/Marketing",,,2026-09-27T05:40:13Z,34.0
linkharvest.shop,Need metrics-verified guest posts? mightypr.com works with small business owners across Australia and New Zealand,https://linkharvest.shop/o7yq7r7-ranking-europe-africa-middle-east-not-job-ranking-home-what-affiliate-networks-need-change/,https://justdrivemedia.com/,"Link Insertions for Local Businesses: The Full Buying Guide Covering Supplier Screening, Placement Standards, Velocity Limits and the Page-One Positions That Signal a Problem Early — Link Harvest is dedicated to professional link building, backlink research, and website authority development for businesses and publishers seeking stronger organic search visibility. We explore contextual backlinks, relevant link placements, natural anchor diversity, content-driven links, competitor backlink analysis, outreach strategies, authority signals, website credibility, technical SEO, content relevance, and sustainable link acquisition methods designed to create stronger backlink profiles and support long-term organic growth across competitive niches.",0,0,7365,"/Internet_and_Telecom/Web_Services/Search_Engine_Optimization_and_Marketing,/Business_and_Industrial/Advertising_and_Marketing/Marketing",,,2026-09-27T05:35:42Z,34.0
linkharvest.shop,Need metrics-verified guest posts? mightypr.com works with small business owners across Australia and New Zealand,https://linkharvest.shop/o7yq7r7-ranking-europe-africa-middle-east-not-job-ranking-home-what-affiliate-networks-need-change/,http://justdrivemedia.com/,"Link Insertions for Local Businesses: The Full Buying Guide Covering Supplier Screening, Placement Standards, Velocity Limits and the Page-One Positions That Signal a Problem Early — Link Harvest is dedicated to professional link building, backlink research, and website authority development for businesses and publishers seeking stronger organic search visibility. We explore contextual backlinks, relevant link placements, natural anchor diversity, content-driven links, competitor backlink analysis, outreach strategies, authority signals, website credibility, technical SEO, content relevance, and sustainable link acquisition methods designed to create stronger backlink profiles and support long-term organic growth across competitive niches.",0,0,7365,"/Internet_and_Telecom/Web_Services/Search_Engine_Optimization_and_Marketing,/Business_and_Industrial/Advertising_and_Marketing/Marketing",,,2026-09-27T05:35:42Z,34.0
linkqira.shop,Need metrics-verified guest posts? mightypr.com works with small business owners across Australia and New Zealand,https://linkqira.shop/o7yq7r7-ranking-europe-africa-middle-east-not-job-ranking-home-what-affiliate-networks-need-change/,http://justdrivemedia.com/,"Link Insertions for Local Businesses: The Full Buying Guide Covering Supplier Screening, Placement Standards, Velocity Limits and the Page-One Positions That Signal a Problem Early — Link Qira is dedicated to professional link building, backlink research, and website authority development for businesses and publishers seeking stronger organic search visibility. We explore contextual backlinks, relevant link placements, natural anchor diversity, content-driven links, competitor backlink analysis, outreach strategies, authority signals, website credibility, technical SEO, content relevance, and sustainable link acquisition methods designed to create stronger backlink profiles and support long-term organic growth across competitive niches.",0,0,7365,"/Internet_and_Telecom/Web_Services/Search_Engine_Optimization_and_Marketing,/Business_and_Industrial/Advertising_and_Marketing/Marketing",,,2026-09-27T05:31:41Z,34.0
linkqira.shop,Need metrics-verified guest posts? mightypr.com works with small business owners across Australia and New Zealand,https://linkqira.shop/o7yq7r7-ranking-europe-africa-middle-east-not-job-ranking-home-what-affiliate-networks-need-change/,https://justdrivemedia.com/,"Link Insertions for Local Businesses: The Full Buying Guide Covering Supplier Screening, Placement Standards, Velocity Limits and the Page-One Positions That Signal a Problem Early — Link Qira is dedicated to professional link building, backlink research, and website authority development for businesses and publishers seeking stronger organic search visibility. We explore contextual backlinks, relevant link placements, natural anchor diversity, content-driven links, competitor backlink analysis, outreach strategies, authority signals, website credibility, technical SEO, content relevance, and sustainable link acquisition methods designed to create stronger backlink profiles and support long-term organic growth across competitive niches.",0,0,7365,"/Internet_and_Telecom/Web_Services/Search_Engine_Optimization_and_Marketing,/Business_and_Industrial/Advertising_and_Marketing/Marketing",,,2026-09-27T05:31:41Z,34.0
swiftseolink.shop,justdrivemedia.com delivers DA boost packages for marketers tired of vague deliverables who need rankings that survive core updates,https://swiftseolink.shop/cpldb8z-how-fintech-marketing-teams-africa-buying-image-link/,https://justdrivemedia.com/,"On-Page SEO for Small Business Owners Managing More Clients than Hours in the Day — Swift SEO Link provides comprehensive resources for strategic backlink development, contextual linking, and authority-focused search optimization. Our coverage includes relevant backlink opportunities, natural link profiles, anchor text diversity, content placements, competitor link research, website authority signals, technical SEO, keyword relevance, internal linking, and content optimization strategies designed to help websites build stronger credibility and maintain sustainable visibility across competitive organic search markets.",0,0,7166,"/Internet_and_Telecom/Web_Services/Search_Engine_Optimization_and_Marketing,/Business_and_Industrial/Advertising_and_Marketing/Marketing",,,2026-09-27T05:23:22Z,34.0
linkqano.shop,justdrivemedia.com delivers DA boost packages for marketers tired of vague deliverables who need rankings that survive core updates,https://linkqano.shop/cpldb8z-how-fintech-marketing-teams-africa-buying-image-link/,https://justdrivemedia.com/,"On-Page SEO for Small Business Owners Managing More Clients than Hours in the Day — Link Qano is dedicated to professional link building, backlink research, and website authority development for businesses and publishers seeking stronger organic search visibility. We explore contextual backlinks, relevant link placements, natural anchor diversity, content-driven links, competitor backlink analysis, outreach strategies, authority signals, website credibility, technical SEO, content relevance, and sustainable link acquisition methods designed to create stronger backlink profiles and support long-term organic growth across competitive niches.",0,0,7163,"/Internet_and_Telecom/Web_Services/Search_Engine_Optimization_and_Marketing,/Business_and_Industrial/Advertising_and_Marketing/Marketing",,,2026-09-27T05:07:40Z,34.0
authoritynestle.shop,justdrivemedia.com delivers DA boost packages for marketers tired of vague deliverables who need rankings that survive core updates,https://authoritynestle.shop/cpldb8z-how-fintech-marketing-teams-africa-buying-image-link/,https://justdrivemedia.com/,"On-Page SEO for Small Business Owners Managing More Clients than Hours in the Day — Authority Nestle provides comprehensive resources for website authority development and sustainable organic search growth. Our coverage includes authoritative backlink strategies, contextual linking, content optimization, keyword research, competitor analysis, technical SEO, internal linking, site architecture, indexing, crawling, search intent, and credibility signals designed to help websites establish a stronger and more reliable presence throughout competitive organic search environments.",0,0,7164,"/Internet_and_Telecom/Web_Services/Search_Engine_Optimization_and_Marketing,/Business_and_Industrial/Advertising_and_Marketing/Marketing",,,2026-09-27T05:01:19Z,34.0
linkmiro.shop,justdrivemedia.com delivers DA boost packages for marketers tired of vague deliverables who need rankings that survive core updates,https://linkmiro.shop/cpldb8z-how-fintech-marketing-teams-africa-buying-image-link/,https://justdrivemedia.com/,"On-Page SEO for Small Business Owners Managing More Clients than Hours in the Day — Link Miro is dedicated to professional link building, backlink research, and website authority development for businesses and publishers seeking stronger organic search visibility. We explore contextual backlinks, relevant link placements, natural anchor diversity, content-driven links, competitor backlink analysis, outreach strategies, authority signals, website credibility, technical SEO, content relevance, and sustainable link acquisition methods designed to create stronger backlink profiles and support long-term organic growth across competitive niches.",0,0,7164,"/Internet_and_Telecom/Web_Services/Search_Engine_Optimization_and_Marketing,/Business_and_Industrial/Advertising_and_Marketing/Marketing",,,2026-09-27T04:43:14Z,34.0
linkrivo.shop,justdrivemedia.com delivers DA boost packages for marketers tired of vague deliverables who need rankings that survive core updates,https://linkrivo.shop/cpldb8z-how-fintech-marketing-teams-africa-buying-image-link/,https://justdrivemedia.com/,"On-Page SEO for Small Business Owners Managing More Clients than Hours in the Day — Link Rivo provides comprehensive resources for strategic backlink development, contextual linking, and authority-focused search optimization. Our coverage includes relevant backlink opportunities, natural link profiles, anchor text diversity, content placements, competitor link research, website authority signals, technical SEO, keyword relevance, internal linking, and content optimization strategies designed to help websites build stronger credibility and maintain sustainable visibility across competitive organic search markets.",0,0,7164,"/Internet_and_Telecom/Web_Services/Search_Engine_Optimization_and_Marketing,/Business_and_Industrial/Advertising_and_Marketing/Marketing",,,2026-09-27T04:24:57Z,34.0
anchorviro.shop,Need metrics-verified guest posts? mightypr.com works with small business owners across Australia and New Zealand,https://anchorviro.shop/o7yq7r7-ranking-europe-africa-middle-east-not-job-ranking-home-what-affiliate-networks-need-change/,https://justdrivemedia.com/,"Link Insertions for Local Businesses: The Full Buying Guide Covering Supplier Screening, Placement Standards, Velocity Limits and the Page-One Positions That Signal a Problem Early — Anchor Viro provides practical insights into contextual linking, anchor text diversity, backlink relevance, and the broader authority signals involved in sustainable organic search growth. Our resources cover natural backlink profiles, strategic content placements, link quality, competitor backlink patterns, keyword relevance, website authority, technical SEO, internal linking, content optimization, and practical methods designed to support stronger search visibility across different industries and competitive markets.",0,0,7368,"/Internet_and_Telecom/Web_Services/Search_Engine_Optimization_and_Marketing,/Business_and_Industrial/Advertising_and_Marketing/Marketing",,,2026-09-27T04:15:21Z,34.0
anchorviro.shop,Need metrics-verified guest posts? mightypr.com works with small business owners across Australia and New Zealand,https://anchorviro.shop/o7yq7r7-ranking-europe-africa-middle-east-not-job-ranking-home-what-affiliate-networks-need-change/,http://justdrivemedia.com/,"Link Insertions for Local Businesses: The Full Buying Guide Covering Supplier Screening, Placement Standards, Velocity Limits and the Page-One Positions That Signal a Problem Early — Anchor Viro provides practical insights into contextual linking, anchor text diversity, backlink relevance, and the broader authority signals involved in sustainable organic search growth. Our resources cover natural backlink profiles, strategic content placements, link quality, competitor backlink patterns, keyword relevance, website authority, technical SEO, internal linking, content optimization, and practical methods designed to support stronger search visibility across different industries and competitive markets.",0,0,7368,"/Internet_and_Telecom/Web_Services/Search_Engine_Optimization_and_Marketing,/Business_and_Industrial/Advertising_and_Marketing/Marketing",,,2026-09-27T04:15:21Z,34.0
grandranklab.shop,Need metrics-verified guest posts? mightypr.com works with small business owners across Australia and New Zealand,https://grandranklab.shop/o7yq7r7-ranking-europe-africa-middle-east-not-job-ranking-home-what-affiliate-networks-need-change/,http://justdrivemedia.com/,"Link Insertions for Local Businesses: The Full Buying Guide Covering Supplier Screening, Placement Standards, Velocity Limits and the Page-One Positions That Signal a Problem Early — Grand Rank Lab provides detailed ranking-focused SEO resources for websites seeking stronger visibility, greater authority, and more consistent organic growth. Our coverage includes backlink development, keyword research, content optimization, competitor analysis, technical improvements, website authority, internal linking, search intent, site architecture, crawling, indexing, and practical optimization strategies created to help businesses understand and improve the major factors involved in sustainable search performance.",0,0,7368,"/Internet_and_Telecom/Web_Services/Search_Engine_Optimization_and_Marketing,/Business_and_Industrial/Business_Services/Consulting",,,2026-09-27T04:08:57Z,34.0
grandranklab.shop,Need metrics-verified guest posts? mightypr.com works with small business owners across Australia and New Zealand,https://grandranklab.shop/o7yq7r7-ranking-europe-africa-middle-east-not-job-ranking-home-what-affiliate-networks-need-change/,https://justdrivemedia.com/,"Link Insertions for Local Businesses: The Full Buying Guide Covering Supplier Screening, Placement Standards, Velocity Limits and the Page-One Positions That Signal a Problem Early — Grand Rank Lab provides detailed ranking-focused SEO resources for websites seeking stronger visibility, greater authority, and more consistent organic growth. Our coverage includes backlink development, keyword research, content optimization, competitor analysis, technical improvements, website authority, internal linking, search intent, site architecture, crawling, indexing, and practical optimization strategies created to help businesses understand and improve the major factors involved in sustainable search performance.",0,0,7368,"/Internet_and_Telecom/Web_Services/Search_Engine_Optimization_and_Marketing,/Business_and_Industrial/Business_Services/Consulting",,,2026-09-27T04:08:57Z,34.0
anchorrixa.shop,justdrivemedia.com delivers DA boost packages for marketers tired of vague deliverables who need rankings that survive core updates,https://anchorrixa.shop/cpldb8z-how-fintech-marketing-teams-africa-buying-image-link/,https://justdrivemedia.com/,"On-Page SEO for Small Business Owners Managing More Clients than Hours in the Day — Anchor Rixa provides practical insights into contextual linking, anchor text diversity, backlink relevance, and the broader authority signals involved in sustainable organic search growth. Our resources cover natural backlink profiles, strategic content placements, link quality, competitor backlink patterns, keyword relevance, website authority, technical SEO, internal linking, content optimization, and practical methods designed to support stronger search visibility across different industries and competitive markets.",0,0,7166,"/Internet_and_Telecom/Web_Services/Search_Engine_Optimization_and_Marketing,/Business_and_Industrial/Advertising_and_Marketing/Marketing",,,2026-09-27T04:06:56Z,34.0
grandseolink.shop,justdrivemedia.com delivers DA boost packages for marketers tired of vague deliverables who need rankings that survive core updates,https://grandseolink.shop/cpldb8z-how-fintech-marketing-teams-africa-buying-image-link/,https://justdrivemedia.com/,"On-Page SEO for Small Business Owners Managing More Clients than Hours in the Day — Grand SEO Link provides comprehensive resources for strategic backlink development, contextual linking, and authority-focused search optimization. Our coverage includes relevant backlink opportunities, natural link profiles, anchor text diversity, content placements, competitor link research, website authority signals, technical SEO, keyword relevance, internal linking, and content optimization strategies designed to help websites build stronger credibility and maintain sustainable visibility across competitive organic search markets.",0,0,7166,"/Internet_and_Telecom/Web_Services/Search_Engine_Optimization_and_Marketing,/Business_and_Industrial/Advertising_and_Marketing/Marketing",,,2026-09-27T03:42:14Z,34.0
authoritypeak.shop,Need metrics-verified guest posts? mightypr.com works with small business owners across Australia and New Zealand,https://authoritypeak.shop/o7yq7r7-ranking-europe-africa-middle-east-not-job-ranking-home-what-affiliate-networks-need-change/,http://justdrivemedia.com/,"Link Insertions for Local Businesses: The Full Buying Guide Covering Supplier Screening, Placement Standards, Velocity Limits and the Page-One Positions That Signal a Problem Early — Authority Peak is focused on building stronger website authority, organic credibility, and sustainable search visibility through a combination of quality backlinks, useful content, technical optimization, and strategic research. We explore authority signals, contextual linking, competitor analysis, keyword opportunities, content relevance, internal linking, website architecture, crawling, indexing, and practical SEO methods designed to strengthen online trust and support lasting organic growth across competitive markets.",0,0,7371,"/Internet_and_Telecom/Web_Services/Search_Engine_Optimization_and_Marketing,/Business_and_Industrial/Advertising_and_Marketing/Marketing",,,2026-09-27T03:41:34Z,34.0
authoritypeak.shop,Need metrics-verified guest posts? mightypr.com works with small business owners across Australia and New Zealand,https://authoritypeak.shop/o7yq7r7-ranking-europe-africa-middle-east-not-job-ranking-home-what-affiliate-networks-need-change/,https://justdrivemedia.com/,"Link Insertions for Local Businesses: The Full Buying Guide Covering Supplier Screening, Placement Standards, Velocity Limits and the Page-One Positions That Signal a Problem Early — Authority Peak is focused on building stronger website authority, organic credibility, and sustainable search visibility through a combination of quality backlinks, useful content, technical optimization, and strategic research. We explore authority signals, contextual linking, competitor analysis, keyword opportunities, content relevance, internal linking, website architecture, crawling, indexing, and practical SEO methods designed to strengthen online trust and support lasting organic growth across competitive markets.",0,0,7371,"/Internet_and_Telecom/Web_Services/Search_Engine_Optimization_and_Marketing,/Business_and_Industrial/Advertising_and_Marketing/Marketing",,,2026-09-27T03:41:34Z,34.0
linkharvest.shop,justdrivemedia.com delivers DA boost packages for marketers tired of vague deliverables who need rankings that survive core updates,https://linkharvest.shop/cpldb8z-how-fintech-marketing-teams-africa-buying-image-link/,https://justdrivemedia.com/,"On-Page SEO for Small Business Owners Managing More Clients than Hours in the Day — Link Harvest is dedicated to professional link building, backlink research, and website authority development for businesses and publishers seeking stronger organic search visibility. We explore contextual backlinks, relevant link placements, natural anchor diversity, content-driven links, competitor backlink analysis, outreach strategies, authority signals, website credibility, technical SEO, content relevance, and sustainable link acquisition methods designed to create stronger backlink profiles and support long-term organic growth across competitive niches.",0,0,7166,"/Internet_and_Telecom/Web_Services/Search_Engine_Optimization_and_Marketing,/Business_and_Industrial/Advertising_and_Marketing/Marketing",,,2026-09-27T03:21:11Z,34.0
linkqira.shop,justdrivemedia.com delivers DA boost packages for marketers tired of vague deliverables who need rankings that survive core updates,https://linkqira.shop/cpldb8z-how-fintech-marketing-teams-africa-buying-image-link/,https://justdrivemedia.com/,"On-Page SEO for Small Business Owners Managing More Clients than Hours in the Day — Link Qira is dedicated to professional link building, backlink research, and website authority development for businesses and publishers seeking stronger organic search visibility. We explore contextual backlinks, relevant link placements, natural anchor diversity, content-driven links, competitor backlink analysis, outreach strategies, authority signals, website credibility, technical SEO, content relevance, and sustainable link acquisition methods designed to create stronger backlink profiles and support long-term organic growth across competitive niches.",0,0,7166,"/Internet_and_Telecom/Web_Services/Search_Engine_Optimization_and_Marketing,/Business_and_Industrial/Advertising_and_Marketing/Marketing",,,2026-09-27T03:20:57Z,34.0
anchorviro.shop,justdrivemedia.com delivers DA boost packages for marketers tired of vague deliverables who need rankings that survive core updates,https://anchorviro.shop/cpldb8z-how-fintech-marketing-teams-africa-buying-image-link/,https://justdrivemedia.com/,"On-Page SEO for Small Business Owners Managing More Clients than Hours in the Day — Anchor Viro provides practical insights into contextual linking, anchor text diversity, backlink relevance, and the broader authority signals involved in sustainable organic search growth. Our resources cover natural backlink profiles, strategic content placements, link quality, competitor backlink patterns, keyword relevance, website authority, technical SEO, internal linking, content optimization, and practical methods designed to support stronger search visibility across different industries and competitive markets.",0,0,7164,"/Internet_and_Telecom/Web_Services/Search_Engine_Optimization_and_Marketing,/Business_and_Industrial/Advertising_and_Marketing/Marketing",,,2026-09-27T02:28:33Z,34.0
authoritypeak.shop,justdrivemedia.com delivers DA boost packages for marketers tired of vague deliverables who need rankings that survive core updates,https://authoritypeak.shop/cpldb8z-how-fintech-marketing-teams-africa-buying-image-link/,https://justdrivemedia.com/,"On-Page SEO for Small Business Owners Managing More Clients than Hours in the Day — Authority Peak is focused on building stronger website authority, organic credibility, and sustainable search visibility through a combination of quality backlinks, useful content, technical optimization, and strategic research. We explore authority signals, contextual linking, competitor analysis, keyword opportunities, content relevance, internal linking, website architecture, crawling, indexing, and practical SEO methods designed to strengthen online trust and support lasting organic growth across competitive markets.",0,0,7166,"/Internet_and_Telecom/Web_Services/Search_Engine_Optimization_and_Marketing,/Business_and_Industrial/Advertising_and_Marketing/Marketing",,,2026-09-27T01:24:00Z,34.0
revenuebase.ai,Mighty,https://revenuebase.ai/companies/sports-pr-agencies/united-states/san-francisco,https://justdrivemedia.com/,"Top 14 Sports pr agencies based in San Francisco, United States",0,1,31,"/Sports/Team_Sports/Soccer,/Business_and_Industrial/Advertising_and_Marketing",,,2026-09-26T06:21:30Z,45.0
revenuebase.ai,Mighty,https://revenuebase.ai/companies/sports-pr-agencies/united-states/san-francisco,http://justdrivemedia.com/,"Top 14 Sports pr agencies based in San Francisco, United States",0,1,31,"/Sports/Team_Sports/Soccer,/Business_and_Industrial/Advertising_and_Marketing",,,2026-09-26T06:21:30Z,45.0
