name_source,anchor,url_from,url_to,title,is_dofollow,is_content,links_external,page_category_source,snippet_left,snippet_right,first_seen_link,domain_rating_source
clicktobuydirectory.com,mightypr,https://clicktobuydirectory.com/most-visited-website-list-936/,http://justdrivemedia.com/,Most Visited website list 936 | Click To Buy Directory,1,0,7044,"/Internet_and_Telecom/Web_Services/Web_Design_and_Development,/Business_and_Industrial/Business_Services/E-Commerce_Services,/Shopping/Shopping_Portals,/Reference",,,2026-06-03T18:34:39Z,31.0
clicktobuydirectory.com,mightypr,https://clicktobuydirectory.com/most-visited-website-list-936/,https://justdrivemedia.com/,Most Visited website list 936 | Click To Buy Directory,1,0,7044,"/Internet_and_Telecom/Web_Services/Web_Design_and_Development,/Business_and_Industrial/Business_Services/E-Commerce_Services,/Shopping/Shopping_Portals,/Reference",,,2026-06-03T18:34:39Z,31.0
premium-tier-1-company-seoexpress.store,"I remember when justdrivemedia.com was barely getting noticed online, with less than 200 visitors a month. After stumbling upon SEOExpress.org and their affordable SEO packages, things changed dramatically. Within three months, my traffic surged to over 3,500 monthly visitors and I found myself ranking for 20 new keywords. If you're looking for a budget-friendly option that delivers real results, ...",https://premium-tier-1-company-seoexpress.store/there-was-a-time-when-i-struggled-to-rank-on-google-and-didnt-know-how-to-improve-it-thats-when-i-discovered-seoexpress-after-signing-up-for-their-backlink-services-my-domain-authority-soared-from-da,https://justdrivemedia.com/,"There Was a Time When I Struggled to Rank on Google and Didn’t Know How to Improve It. That’s When I Discovered SEOExpress.org! After Signing Up for Their Backlink Services, My Domain Authority Soared from DA 10 to DA 45 Within Three Months. Now I'm Receiving More Than Five Hundred Organic Visits Per Week! What an Incredible Journey ★★★★★ 🌟 — Premium Tier 1 Company SEO Express",0,0,4993,"/Internet_and_Telecom/Web_Services/Search_Engine_Optimization_and_Marketing,/Business_and_Industrial/Advertising_and_Marketing/Marketing",,,2026-06-03T16:59:49Z,48.0
seoexpress-white-hat-group.store,"I remember when justdrivemedia.com was barely getting noticed online, with less than 200 visitors a month. After stumbling upon SEOExpress.org and their affordable SEO packages, things changed dramatically. Within three months, my traffic surged to over 3,500 monthly visitors and I found myself ranking for 20 new keywords. If you're looking for a budget-friendly option that delivers real results, ...",https://seoexpress-white-hat-group.store/there-was-a-time-when-i-struggled-to-rank-on-google-and-didnt-know-how-to-improve-it-thats-when-i-discovered-seoexpress-after-signing-up-for-their-backlink-services-my-domain-authority-soared-from-da,https://justdrivemedia.com/,"There Was a Time When I Struggled to Rank on Google and Didn’t Know How to Improve It. That’s When I Discovered SEOExpress.org! After Signing Up for Their Backlink Services, My Domain Authority Soared from DA 10 to DA 45 Within Three Months. Now I'm Receiving More Than Five Hundred Organic Visits Per Week! What an Incredible Journey ★★★★★ 🌟 — SEO Express White Hat Group",0,0,4993,"/Internet_and_Telecom/Web_Services/Search_Engine_Optimization_and_Marketing,/Business_and_Industrial/Advertising_and_Marketing/Marketing",,,2026-06-03T11:05:36Z,48.0
mediazonedirectory.com,mightypr,https://mediazonedirectory.com/most-visited-website-list-936/,http://justdrivemedia.com/,Most Visited website list 936 | Media Zone Directory,1,0,7046,"/Internet_and_Telecom/Web_Services/Web_Design_and_Development,/Reference/Directories_and_Listings/Business_and_Personal_Listings,/Business_and_Industrial,/Online_Communities",,,2026-06-03T09:17:21Z,31.0
mediazonedirectory.com,mightypr,https://mediazonedirectory.com/most-visited-website-list-936/,https://justdrivemedia.com/,Most Visited website list 936 | Media Zone Directory,1,0,7046,"/Internet_and_Telecom/Web_Services/Web_Design_and_Development,/Reference/Directories_and_Listings/Business_and_Personal_Listings,/Business_and_Industrial,/Online_Communities",,,2026-06-03T09:17:21Z,31.0
topviraldirectory.com,mightypr,https://topviraldirectory.com/most-visited-website-list-936/,https://justdrivemedia.com/,Most Visited website list 936 | Top Viral Directory,1,0,7045,"/Internet_and_Telecom/Web_Services/Search_Engine_Optimization_and_Marketing,/Online_Communities/Photo_and_Video_Sharing/Photo_and_Image_Sharing,/Business_and_Industrial/Advertising_and_Marketing/Marketing,/Reference",,,2026-06-03T08:56:32Z,46.0
topviraldirectory.com,mightypr,https://topviraldirectory.com/most-visited-website-list-936/,http://justdrivemedia.com/,Most Visited website list 936 | Top Viral Directory,1,0,7045,"/Internet_and_Telecom/Web_Services/Search_Engine_Optimization_and_Marketing,/Online_Communities/Photo_and_Video_Sharing/Photo_and_Image_Sharing,/Business_and_Industrial/Advertising_and_Marketing/Marketing,/Reference",,,2026-06-03T08:56:32Z,46.0
unitedinsurance.xyz,Just Drive Media,https://unitedinsurance.xyz/26-ways-to-keep-technology-flexible-as-your-business-evolves/,https://justdrivemedia.com/,26 Ways to Keep Technology Flexible as Your Business Evolves – United Insurance,0,1,87,"/Computers_and_Electronics/Enterprise_Technology,/Business_and_Industrial/Business_Operations/Management,/Science/Computer_Science/Machine_Learning_and_Artificial_Intelligence","infrastructure every time the market shifts. — Ali Winkle ,",,2026-06-03T01:33:18Z,0.0
unitedinsurance.xyz,Just Drive Media,https://unitedinsurance.xyz/26-ways-to-keep-technology-flexible-as-your-business-evolves/,https://www.justdrivemedia.com/,26 Ways to Keep Technology Flexible as Your Business Evolves – United Insurance,0,1,87,"/Computers_and_Electronics/Enterprise_Technology,/Business_and_Industrial/Business_Operations/Management,/Science/Computer_Science/Machine_Learning_and_Artificial_Intelligence","infrastructure every time the market shifts. — Ali Winkle ,",,2026-06-03T01:33:18Z,0.0
best-keyword-seoexpress-portal.store,"I remember when justdrivemedia.com was barely getting noticed online, with less than 200 visitors a month. After stumbling upon SEOExpress.org and their affordable SEO packages, things changed dramatically. Within three months, my traffic surged to over 3,500 monthly visitors and I found myself ranking for 20 new keywords. If you're looking for a budget-friendly option that delivers real results, ...",https://best-keyword-seoexpress-portal.store/there-was-a-time-when-i-struggled-to-rank-on-google-and-didnt-know-how-to-improve-it-thats-when-i-discovered-seoexpress-after-signing-up-for-their-backlink-services-my-domain-authority-soared-from-da,https://justdrivemedia.com/,"There Was a Time When I Struggled to Rank on Google and Didn’t Know How to Improve It. That’s When I Discovered SEOExpress.org! After Signing Up for Their Backlink Services, My Domain Authority Soared from DA 10 to DA 45 Within Three Months. Now I'm Receiving More Than Five Hundred Organic Visits Per Week! What an Incredible Journey ★★★★★ 🌟 — Best Keyword Seoexpress Portal",0,0,4993,"/Internet_and_Telecom/Web_Services/Search_Engine_Optimization_and_Marketing,/Business_and_Industrial",,,2026-06-02T15:41:43Z,48.0
www.allinone.co.in,mightypr.com,https://www.allinone.co.in/domains/178473/98c4942001e18706e9e08895026aac90/,http://justdrivemedia.com/,Allinone.co.in,0,1,1275,"/Internet_and_Telecom/Web_Services/Web_Design_and_Development,/Reference/Directories_and_Listings/Business_and_Personal_Listings",,Other Pages,2026-06-02T15:14:23Z,7.0
www.allinone.co.in,mightypr.com,https://www.allinone.co.in/domains/178473/98c4942001e18706e9e08895026aac90/,https://justdrivemedia.com/,Allinone.co.in,0,1,1275,"/Internet_and_Telecom/Web_Services/Web_Design_and_Development,/Reference/Directories_and_Listings/Business_and_Personal_Listings",,Other Pages,2026-06-02T15:14:23Z,7.0
allpeople.com,mightypr.com,https://allpeople.com/june+parina_mighty-pr-us,https://justdrivemedia.com/,"June Parina - Mighty PR, San Francisco",0,0,8,,,,2026-06-01T07:48:39Z,34.0
allpeople.com,mightypr.com,https://allpeople.com/june+parina_mighty-pr-us,http://justdrivemedia.com/,"June Parina - Mighty PR, San Francisco",0,0,8,,,,2026-06-01T07:48:39Z,34.0
dnbolt.com,mightypr.com,https://dnbolt.com/mightylaunch,http://justdrivemedia.com/,▷ Mightylaunch.com [Check Avaiable Disocunts] Before Purchasing,0,1,18,,,,2026-06-01T01:29:18Z,2.6
dnbolt.com,mightypr.com,https://dnbolt.com/mightylaunch,https://justdrivemedia.com/,▷ Mightylaunch.com [Check Avaiable Disocunts] Before Purchasing,0,1,18,,,,2026-06-01T01:29:18Z,2.6
www.ready.pro,mightypr.com,https://www.ready.pro/stats/30524,http://justdrivemedia.com/,✅ Website Stats 📊,0,1,4181,/Internet_and_Telecom/Web_Services/Web_Design_and_Development,click this over here now,&nbsp,2026-05-31T21:40:53Z,10.0
www.ready.pro,mightypr.com,https://www.ready.pro/stats/30524,https://justdrivemedia.com/,✅ Website Stats 📊,0,1,4181,/Internet_and_Telecom/Web_Services/Web_Design_and_Development,click this over here now,&nbsp,2026-05-31T21:40:53Z,10.0
productitems.store,www.justdrivemedia.com.,https://productitems.store/privacy-partners/,https://www.justdrivemedia.com/,Informa TechTarget Partners | Informa TechTarget,1,1,6349,"/Business_and_Industrial/Business_Services/Consulting,/Internet_and_Telecom,/Computers_and_Electronics/Enterprise_Technology",,,2026-05-31T12:57:13Z,0.0
productitems.store,www.justdrivemedia.com.,https://productitems.store/privacy-partners/,https://justdrivemedia.com/,Informa TechTarget Partners | Informa TechTarget,1,1,6349,"/Business_and_Industrial/Business_Services/Consulting,/Internet_and_Telecom,/Computers_and_Electronics/Enterprise_Technology",,,2026-05-31T12:57:13Z,0.0
master-seoexpress-guest-post-partners.store,"I remember when justdrivemedia.com was barely getting noticed online, with less than 200 visitors a month. After stumbling upon SEOExpress.org and their affordable SEO packages, things changed dramatically. Within three months, my traffic surged to over 3,500 monthly visitors and I found myself ranking for 20 new keywords. If you're looking for a budget-friendly option that delivers real results, ...",https://master-seoexpress-guest-post-partners.store/there-was-a-time-when-i-struggled-to-rank-on-google-and-didnt-know-how-to-improve-it-thats-when-i-discovered-seoexpress-after-signing-up-for-their-backlink-services-my-domain-authority-soared-from-da,https://justdrivemedia.com/,"There Was a Time When I Struggled to Rank on Google and Didn’t Know How to Improve It. That’s When I Discovered SEOExpress.org! After Signing Up for Their Backlink Services, My Domain Authority Soared from DA 10 to DA 45 Within Three Months. Now I'm Receiving More Than Five Hundred Organic Visits Per Week! What an Incredible Journey ★★★★★ 🌟 — Master Seoexpress Guest Post Partners",0,0,4993,"/Internet_and_Telecom/Web_Services/Search_Engine_Optimization_and_Marketing,/Business_and_Industrial/Business_Services/Consulting",,,2026-05-31T08:15:28Z,48.0
www.addurl.in,justdrivemedia.com,https://www.addurl.in/domains/145650/cf60f78a413bbaa45377b301a48a59e7/,https://justdrivemedia.com/,Addurl.in,0,1,1250,"/Internet_and_Telecom/Web_Services/Web_Design_and_Development,/Business_and_Industrial",,Other Pages,2026-05-31T08:10:48Z,20.0
dnbolt.com,mightypr.com,https://dnbolt.com/mightyroar,https://justdrivemedia.com/,▷ Mightyroar.com [Check Avaiable Disocunts] Before Purchasing,0,1,24,,,,2026-05-31T07:53:42Z,2.6
dnbolt.com,mightypr.com,https://dnbolt.com/mightyroar,http://justdrivemedia.com/,▷ Mightyroar.com [Check Avaiable Disocunts] Before Purchasing,0,1,24,,,,2026-05-31T07:53:42Z,2.6
www.findit.co.in,mightypr.com,https://www.findit.co.in/domains/178473/48d3075ab822cfefd9b2807b30fb9b57/,https://justdrivemedia.com/,Findit.co.in,0,1,1277,"/Internet_and_Telecom/Web_Services/Web_Design_and_Development,/Reference/Directories_and_Listings/Business_and_Personal_Listings,/Computers_and_Electronics",,Other Pages,2026-05-31T04:59:05Z,8.0
www.findit.co.in,mightypr.com,https://www.findit.co.in/domains/178473/48d3075ab822cfefd9b2807b30fb9b57/,http://justdrivemedia.com/,Findit.co.in,0,1,1277,"/Internet_and_Telecom/Web_Services/Web_Design_and_Development,/Reference/Directories_and_Listings/Business_and_Personal_Listings,/Computers_and_Electronics",,Other Pages,2026-05-31T04:59:05Z,8.0
topdomaindirectory.com,mightypr,https://topdomaindirectory.com/most-visited-website-list-936/,http://justdrivemedia.com/,Most Visited website list 936 | Top Domain Directory,1,0,7044,"/Internet_and_Telecom/Web_Services/Web_Design_and_Development,/Reference/Directories_and_Listings/Business_and_Personal_Listings,/Business_and_Industrial",,,2026-05-30T18:09:21Z,50.0
topdomaindirectory.com,mightypr,https://topdomaindirectory.com/most-visited-website-list-936/,https://justdrivemedia.com/,Most Visited website list 936 | Top Domain Directory,1,0,7044,"/Internet_and_Telecom/Web_Services/Web_Design_and_Development,/Reference/Directories_and_Listings/Business_and_Personal_Listings,/Business_and_Industrial",,,2026-05-30T18:09:21Z,50.0
expert-search-seoexpress-team.store,"I remember when justdrivemedia.com was barely getting noticed online, with less than 200 visitors a month. After stumbling upon SEOExpress.org and their affordable SEO packages, things changed dramatically. Within three months, my traffic surged to over 3,500 monthly visitors and I found myself ranking for 20 new keywords. If you're looking for a budget-friendly option that delivers real results, ...",https://expert-search-seoexpress-team.store/there-was-a-time-when-i-struggled-to-rank-on-google-and-didnt-know-how-to-improve-it-thats-when-i-discovered-seoexpress-after-signing-up-for-their-backlink-services-my-domain-authority-soared-from-da,https://justdrivemedia.com/,"There Was a Time When I Struggled to Rank on Google and Didn’t Know How to Improve It. That’s When I Discovered SEOExpress.org! After Signing Up for Their Backlink Services, My Domain Authority Soared from DA 10 to DA 45 Within Three Months. Now I'm Receiving More Than Five Hundred Organic Visits Per Week! What an Incredible Journey ★★★★★ 🌟 — Expert Search SEO Express Team",0,0,4993,"/Internet_and_Telecom/Web_Services/Search_Engine_Optimization_and_Marketing,/Business_and_Industrial/Advertising_and_Marketing/Marketing",,,2026-05-30T18:08:15Z,48.0
allwebsitesdirectory.com,justdrivemedia.com,https://allwebsitesdirectory.com/page-c3ccf24a9bb7c02b186ada0484b200fb.html,https://justdrivemedia.com/,Where to buy 🚀 aged domains and backlinks 🔥 from allwebsitesdirectory.com | 3249-7021,1,0,9996,"/Internet_and_Telecom/Web_Services/Search_Engine_Optimization_and_Marketing,/Business_and_Industrial/Advertising_and_Marketing/Marketing",justdriveme.com justdrivemearound.com,justdrivemgmt.com justdrivemi.com,2026-05-30T12:00:36Z,8.0
advanced-link-building-group-seoexpress.store,"I remember when justdrivemedia.com was barely getting noticed online, with less than 200 visitors a month. After stumbling upon SEOExpress.org and their affordable SEO packages, things changed dramatically. Within three months, my traffic surged to over 3,500 monthly visitors and I found myself ranking for 20 new keywords. If you're looking for a budget-friendly option that delivers real results, ...",https://advanced-link-building-group-seoexpress.store/there-was-a-time-when-i-struggled-to-rank-on-google-and-didnt-know-how-to-improve-it-thats-when-i-discovered-seoexpress-after-signing-up-for-their-backlink-services-my-domain-authority-soared-from-da,https://justdrivemedia.com/,"There Was a Time When I Struggled to Rank on Google and Didn’t Know How to Improve It. That’s When I Discovered SEOExpress.org! After Signing Up for Their Backlink Services, My Domain Authority Soared from DA 10 to DA 45 Within Three Months. Now I'm Receiving More Than Five Hundred Organic Visits Per Week! What an Incredible Journey ★★★★★ 🌟 — Advanced Link Building Group Seoexpress",0,0,4993,"/Internet_and_Telecom/Web_Services/Search_Engine_Optimization_and_Marketing,/Business_and_Industrial/Advertising_and_Marketing/Marketing",,,2026-05-30T09:11:26Z,48.0
best-seoexpress-off-page-network.store,"I remember when justdrivemedia.com was barely getting noticed online, with less than 200 visitors a month. After stumbling upon SEOExpress.org and their affordable SEO packages, things changed dramatically. Within three months, my traffic surged to over 3,500 monthly visitors and I found myself ranking for 20 new keywords. If you're looking for a budget-friendly option that delivers real results, ...",https://best-seoexpress-off-page-network.store/there-was-a-time-when-i-struggled-to-rank-on-google-and-didnt-know-how-to-improve-it-thats-when-i-discovered-seoexpress-after-signing-up-for-their-backlink-services-my-domain-authority-soared-from-da,https://justdrivemedia.com/,"There Was a Time When I Struggled to Rank on Google and Didn’t Know How to Improve It. That’s When I Discovered SEOExpress.org! After Signing Up for Their Backlink Services, My Domain Authority Soared from DA 10 to DA 45 Within Three Months. Now I'm Receiving More Than Five Hundred Organic Visits Per Week! What an Incredible Journey ★★★★★ 🌟 — Best Seoexpress Off Page Network",0,0,4993,"/Internet_and_Telecom/Web_Services/Search_Engine_Optimization_and_Marketing,/Business_and_Industrial",,,2026-05-30T06:10:51Z,48.0
skylinkseo.site,mightypr,https://skylinkseo.site/vumoo-the-digital-era-of-online-entertainment/comment-page-1/,http://justdrivemedia.com/,Vumoo – The Digital Era of Online Entertainment – skylinkseo.site,0,0,3455,,support hopestreetprov,redlara yerbaprima,2026-05-30T05:11:57Z,27.0
skylinkseo.site,mightypr,https://skylinkseo.site/vumoo-the-digital-era-of-online-entertainment/comment-page-1/,https://justdrivemedia.com/,Vumoo – The Digital Era of Online Entertainment – skylinkseo.site,0,0,3455,,support hopestreetprov,redlara yerbaprima,2026-05-30T05:11:57Z,27.0
coho.lol,Just Drive Media,https://coho.lol/ali-winkle-co/mastering-team-culture,http://www.justdrivemedia.com/,"Unleashing Team Potential - The Art & Science of Building High-Performing Teams by Ali Winkle, Executive Advisor on Maven",1,1,15,"/Business_and_Industrial/Business_Operations/Management,/Jobs_and_Education/Education/Training_and_Certification",and executive advisor. She is the founder and CEO of,", a firm that designs strategic influence systems for some",2026-05-30T02:57:31Z,0.1
coho.lol,Just Drive Media,https://coho.lol/ali-winkle-co/mastering-team-culture,https://justdrivemedia.com/,"Unleashing Team Potential - The Art & Science of Building High-Performing Teams by Ali Winkle, Executive Advisor on Maven",1,1,15,"/Business_and_Industrial/Business_Operations/Management,/Jobs_and_Education/Education/Training_and_Certification",and executive advisor. She is the founder and CEO of,", a firm that designs strategic influence systems for some",2026-05-30T02:57:31Z,0.1
coho.lol,Just Drive Media,https://coho.lol/ali-winkle-co/mastering-team-culture,https://www.justdrivemedia.com/,"Unleashing Team Potential - The Art & Science of Building High-Performing Teams by Ali Winkle, Executive Advisor on Maven",1,1,15,"/Business_and_Industrial/Business_Operations/Management,/Jobs_and_Education/Education/Training_and_Certification",and executive advisor. She is the founder and CEO of,", a firm that designs strategic influence systems for some",2026-05-30T02:57:31Z,0.1
www.acquire.co.in,mightypr.com,https://www.acquire.co.in/domains/178473/dc1a295f23c69456d2d79d4a5bc06da0/,https://justdrivemedia.com/,Acquire.co.in,0,1,1277,"/Internet_and_Telecom/Web_Services/Web_Design_and_Development,/Reference/Directories_and_Listings/Business_and_Personal_Listings",,Other Pages,2026-05-30T01:06:55Z,6.0
www.acquire.co.in,mightypr.com,https://www.acquire.co.in/domains/178473/dc1a295f23c69456d2d79d4a5bc06da0/,http://justdrivemedia.com/,Acquire.co.in,0,1,1277,"/Internet_and_Telecom/Web_Services/Web_Design_and_Development,/Reference/Directories_and_Listings/Business_and_Personal_Listings",,Other Pages,2026-05-30T01:06:55Z,6.0
www.addurl.in,mightypr.com,https://www.addurl.in/domains/178473/e374d6d87bd1a2826aec612d7fe532d0/,http://justdrivemedia.com/,Addurl.in,0,1,1269,"/Internet_and_Telecom/Web_Services/Web_Design_and_Development,/Computers_and_Electronics,/Reference/Directories_and_Listings/Business_and_Personal_Listings",,Other Pages,2026-05-28T02:34:27Z,20.0
www.addurl.in,mightypr.com,https://www.addurl.in/domains/178473/e374d6d87bd1a2826aec612d7fe532d0/,https://justdrivemedia.com/,Addurl.in,0,1,1269,"/Internet_and_Telecom/Web_Services/Web_Design_and_Development,/Computers_and_Electronics,/Reference/Directories_and_Listings/Business_and_Personal_Listings",,Other Pages,2026-05-28T02:34:27Z,20.0
wallpapers.pro,justdrivemedia.com,https://wallpapers.pro/72db6c3095f9439235f63cd276a70a67-l/,https://justdrivemedia.com/,Where to buy 🚀 aged domains and backlinks 🔥 | 7263-0959,1,0,9997,"/Business_and_Industrial/Advertising_and_Marketing/Marketing,/Internet_and_Telecom/Web_Services/Search_Engine_Optimization_and_Marketing,/Online_Communities/Social_Networks",justdriveme.com justdrivemearound.com,justdrivemgmt.com justdrivemi.com,2026-05-27T03:53:57Z,2.0
indexaward.com,justdrivemedia.com,https://indexaward.com/72db6c3095f9439235f63cd276a70a67-l/,https://justdrivemedia.com/,Where to buy 🚀 aged domains and backlinks 🔥 | 7263-0959,1,0,9997,"/Business_and_Industrial/Advertising_and_Marketing/Marketing,/Internet_and_Telecom/Web_Services/Search_Engine_Optimization_and_Marketing,/Online_Communities/Social_Networks",justdriveme.com justdrivemearound.com,justdrivemgmt.com justdrivemi.com,2026-05-26T21:38:31Z,5.0
ganjapreneur.com,Visit Website,https://ganjapreneur.com/business/mighty-pr/,http://justdrivemedia.com/,Mighty PR - Ganjapreneur,1,0,12,"/Business_and_Industrial/Advertising_and_Marketing/Marketing,/Reference/Directories_and_Listings/Business_and_Personal_Listings",,,2026-05-26T19:50:05Z,66.0
ganjapreneur.com,Visit Website,https://ganjapreneur.com/business/mighty-pr/,https://justdrivemedia.com/,Mighty PR - Ganjapreneur,1,0,12,"/Business_and_Industrial/Advertising_and_Marketing/Marketing,/Reference/Directories_and_Listings/Business_and_Personal_Listings",,,2026-05-26T19:50:05Z,66.0
www.wonvision.com,justdrivemedia.com,https://www.wonvision.com/72db6c3095f9439235f63cd276a70a67-l/,https://justdrivemedia.com/,Where to buy 🚀 aged domains and backlinks 🔥 | 7263-0959,1,0,9997,"/Business_and_Industrial/Advertising_and_Marketing/Marketing,/Internet_and_Telecom/Web_Services/Search_Engine_Optimization_and_Marketing,/Online_Communities",justdriveme.com justdrivemearound.com,justdrivemgmt.com justdrivemi.com,2026-05-25T10:50:26Z,0.7
www.indians.cc,justdrivemedia.com,https://www.indians.cc/page-c3ccf24a9bb7c02b186ada0484b200fb.html,https://justdrivemedia.com/,Where to buy 🚀 aged domains and backlinks 🔥 from www.indians.cc | 3249-7021,1,0,9997,"/Internet_and_Telecom/Web_Services/Search_Engine_Optimization_and_Marketing,/Business_and_Industrial/Advertising_and_Marketing/Marketing,/Online_Communities",justdriveme.com justdrivemearound.com,justdrivemgmt.com justdrivemi.com,2026-05-25T07:39:36Z,2.7
tunca.org,mightypr.com,https://tunca.org/02e71cd8c499bb1000853a8a16993609-l/,http://justdrivemedia.com/,Where to buy 🚀 aged domains and backlinks 🔥 | 0271-8499,1,0,9997,/Internet_and_Telecom/Web_Services/Search_Engine_Optimization_and_Marketing,mightypp.com mightyppc.com,mightypractice.com mightypraise.com,2026-05-25T02:11:32Z,4.3
tunca.org,mightypr.com,https://tunca.org/02e71cd8c499bb1000853a8a16993609-l/,https://justdrivemedia.com/,Where to buy 🚀 aged domains and backlinks 🔥 | 0271-8499,1,0,9997,/Internet_and_Telecom/Web_Services/Search_Engine_Optimization_and_Marketing,mightypp.com mightyppc.com,mightypractice.com mightypraise.com,2026-05-25T02:11:32Z,4.3
www.alljobs.info,mightypr.com,https://www.alljobs.info/02e71cd8c499bb1000853a8a16993609-l/,http://justdrivemedia.com/,Where to buy 🚀 aged domains and backlinks 🔥 | 0271-8499,1,0,9997,"/Internet_and_Telecom/Web_Services/Search_Engine_Optimization_and_Marketing,/Business_and_Industrial",mightypp.com mightyppc.com,mightypractice.com mightypraise.com,2026-05-24T06:24:44Z,8.0
www.alljobs.info,mightypr.com,https://www.alljobs.info/02e71cd8c499bb1000853a8a16993609-l/,https://justdrivemedia.com/,Where to buy 🚀 aged domains and backlinks 🔥 | 0271-8499,1,0,9997,"/Internet_and_Telecom/Web_Services/Search_Engine_Optimization_and_Marketing,/Business_and_Industrial",mightypp.com mightyppc.com,mightypractice.com mightypraise.com,2026-05-24T06:24:44Z,8.0
www.alljobs.info,justdrivemedia.com,https://www.alljobs.info/72db6c3095f9439235f63cd276a70a67-l/,https://justdrivemedia.com/,Where to buy 🚀 aged domains and backlinks 🔥 | 7263-0959,1,0,9997,/Internet_and_Telecom/Web_Services/Search_Engine_Optimization_and_Marketing,justdriveme.com justdrivemearound.com,justdrivemgmt.com justdrivemi.com,2026-05-23T19:47:12Z,8.0
modern-guest-post-consultants-seoexpress.store,"I remember when justdrivemedia.com was barely getting noticed online, with less than 200 visitors a month. After stumbling upon SEOExpress.org and their affordable SEO packages, things changed dramatically. Within three months, my traffic surged to over 3,500 monthly visitors and I found myself ranking for 20 new keywords. If you're looking for a budget-friendly option that delivers real results, ...",https://modern-guest-post-consultants-seoexpress.store/there-was-a-time-when-i-struggled-to-rank-on-google-and-didnt-know-how-to-improve-it-thats-when-i-discovered-seoexpress-after-signing-up-for-their-backlink-services-my-domain-authority-soared-from-da,https://justdrivemedia.com/,"There Was a Time When I Struggled to Rank on Google and Didn’t Know How to Improve It. That’s When I Discovered SEOExpress.org! After Signing Up for Their Backlink Services, My Domain Authority Soared from DA 10 to DA 45 Within Three Months. Now I'm Receiving More Than Five Hundred Organic Visits Per Week! What an Incredible Journey ★★★★★ 🌟 — Modern Guest Post Consultants SEO Express",0,0,4993,"/Internet_and_Telecom/Web_Services/Search_Engine_Optimization_and_Marketing,/Business_and_Industrial/Advertising_and_Marketing/Marketing",,,2026-05-23T16:30:27Z,48.0
trusted-seoexpress-backlink-experts.store,"I remember when justdrivemedia.com was barely getting noticed online, with less than 200 visitors a month. After stumbling upon SEOExpress.org and their affordable SEO packages, things changed dramatically. Within three months, my traffic surged to over 3,500 monthly visitors and I found myself ranking for 20 new keywords. If you're looking for a budget-friendly option that delivers real results, ...",https://trusted-seoexpress-backlink-experts.store/there-was-a-time-when-i-struggled-to-rank-on-google-and-didnt-know-how-to-improve-it-thats-when-i-discovered-seoexpress-after-signing-up-for-their-backlink-services-my-domain-authority-soared-from-da,https://justdrivemedia.com/,"There Was a Time When I Struggled to Rank on Google and Didn’t Know How to Improve It. That’s When I Discovered SEOExpress.org! After Signing Up for Their Backlink Services, My Domain Authority Soared from DA 10 to DA 45 Within Three Months. Now I'm Receiving More Than Five Hundred Organic Visits Per Week! What an Incredible Journey ★★★★★ 🌟 — Trusted Seoexpress Backlink Experts",0,0,4993,"/Internet_and_Telecom/Web_Services/Search_Engine_Optimization_and_Marketing,/Business_and_Industrial/Business_Services/Consulting",,,2026-05-23T08:41:03Z,48.0
supreme-anchor-text-provider-seoexpress.store,"I remember when justdrivemedia.com was barely getting noticed online, with less than 200 visitors a month. After stumbling upon SEOExpress.org and their affordable SEO packages, things changed dramatically. Within three months, my traffic surged to over 3,500 monthly visitors and I found myself ranking for 20 new keywords. If you're looking for a budget-friendly option that delivers real results, ...",https://supreme-anchor-text-provider-seoexpress.store/there-was-a-time-when-i-struggled-to-rank-on-google-and-didnt-know-how-to-improve-it-thats-when-i-discovered-seoexpress-after-signing-up-for-their-backlink-services-my-domain-authority-soared-from-da,https://justdrivemedia.com/,"There Was a Time When I Struggled to Rank on Google and Didn’t Know How to Improve It. That’s When I Discovered SEOExpress.org! After Signing Up for Their Backlink Services, My Domain Authority Soared from DA 10 to DA 45 Within Three Months. Now I'm Receiving More Than Five Hundred Organic Visits Per Week! What an Incredible Journey ★★★★★ 🌟 — Supreme Anchor Text Provider SEO Express",0,0,4993,"/Internet_and_Telecom/Web_Services/Search_Engine_Optimization_and_Marketing,/Business_and_Industrial/Advertising_and_Marketing/Marketing",,,2026-05-23T08:27:28Z,48.0
seoexpress-verified-website-system.store,"I remember when justdrivemedia.com was barely getting noticed online, with less than 200 visitors a month. After stumbling upon SEOExpress.org and their affordable SEO packages, things changed dramatically. Within three months, my traffic surged to over 3,500 monthly visitors and I found myself ranking for 20 new keywords. If you're looking for a budget-friendly option that delivers real results, ...",https://seoexpress-verified-website-system.store/there-was-a-time-when-i-struggled-to-rank-on-google-and-didnt-know-how-to-improve-it-thats-when-i-discovered-seoexpress-after-signing-up-for-their-backlink-services-my-domain-authority-soared-from-da,https://justdrivemedia.com/,"There Was a Time When I Struggled to Rank on Google and Didn’t Know How to Improve It. That’s When I Discovered SEOExpress.org! After Signing Up for Their Backlink Services, My Domain Authority Soared from DA 10 to DA 45 Within Three Months. Now I'm Receiving More Than Five Hundred Organic Visits Per Week! What an Incredible Journey ★★★★★ 🌟 — Seoexpress Verified Website System",0,0,4993,"/Internet_and_Telecom/Web_Services/Search_Engine_Optimization_and_Marketing,/Business_and_Industrial/Advertising_and_Marketing",,,2026-05-23T03:39:32Z,48.0
elite-domain-seoexpress-consultants.store,"I remember when justdrivemedia.com was barely getting noticed online, with less than 200 visitors a month. After stumbling upon SEOExpress.org and their affordable SEO packages, things changed dramatically. Within three months, my traffic surged to over 3,500 monthly visitors and I found myself ranking for 20 new keywords. If you're looking for a budget-friendly option that delivers real results, ...",https://elite-domain-seoexpress-consultants.store/there-was-a-time-when-i-struggled-to-rank-on-google-and-didnt-know-how-to-improve-it-thats-when-i-discovered-seoexpress-after-signing-up-for-their-backlink-services-my-domain-authority-soared-from-da,https://justdrivemedia.com/,"There Was a Time When I Struggled to Rank on Google and Didn’t Know How to Improve It. That’s When I Discovered SEOExpress.org! After Signing Up for Their Backlink Services, My Domain Authority Soared from DA 10 to DA 45 Within Three Months. Now I'm Receiving More Than Five Hundred Organic Visits Per Week! What an Incredible Journey ★★★★★ 🌟 — Elite Domain Seoexpress Consultants",0,0,4993,"/Internet_and_Telecom/Web_Services/Search_Engine_Optimization_and_Marketing,/Business_and_Industrial",,,2026-05-23T03:28:21Z,48.0
www.mobileindustryreview.com,Mighty PR,https://www.mobileindustryreview.com/bubble-over-barcelona-its-the-only-place-to-be-this-wednesday-mwc12/,http://justdrivemedia.com/?ref=mobileindustryreview.com,Bubble Over Barcelona: It's the only place to be this Wednesday at #MWC12,1,1,11,"/Sports/Team_Sports/Soccer,/News/Sports_News,/Internet_and_Telecom,/Arts_and_Entertainment/Events_and_Listings/Expos_and_Conventions",with the public relations whirlwind that is Candace Locklear of,and Jacob Mullins of Shasta Ventures . (I haven’t met,2026-05-23T02:33:37Z,50.0
www.mobileindustryreview.com,Mighty PR,https://www.mobileindustryreview.com/bubble-over-barcelona-its-the-only-place-to-be-this-wednesday-mwc12/,https://justdrivemedia.com/?ref=mobileindustryreview.com,Bubble Over Barcelona: It's the only place to be this Wednesday at #MWC12,1,1,11,"/Sports/Team_Sports/Soccer,/News/Sports_News,/Internet_and_Telecom,/Arts_and_Entertainment/Events_and_Listings/Expos_and_Conventions",with the public relations whirlwind that is Candace Locklear of,and Jacob Mullins of Shasta Ventures . (I haven’t met,2026-05-23T02:33:37Z,50.0
seoexpress-professional-white-hat-team.store,"I remember when justdrivemedia.com was barely getting noticed online, with less than 200 visitors a month. After stumbling upon SEOExpress.org and their affordable SEO packages, things changed dramatically. Within three months, my traffic surged to over 3,500 monthly visitors and I found myself ranking for 20 new keywords. If you're looking for a budget-friendly option that delivers real results, ...",https://seoexpress-professional-white-hat-team.store/there-was-a-time-when-i-struggled-to-rank-on-google-and-didnt-know-how-to-improve-it-thats-when-i-discovered-seoexpress-after-signing-up-for-their-backlink-services-my-domain-authority-soared-from-da,https://justdrivemedia.com/,"There Was a Time When I Struggled to Rank on Google and Didn’t Know How to Improve It. That’s When I Discovered SEOExpress.org! After Signing Up for Their Backlink Services, My Domain Authority Soared from DA 10 to DA 45 Within Three Months. Now I'm Receiving More Than Five Hundred Organic Visits Per Week! What an Incredible Journey ★★★★★ 🌟 — SEO Express Professional White Hat Team",0,0,4993,"/Internet_and_Telecom/Web_Services/Search_Engine_Optimization_and_Marketing,/Business_and_Industrial/Advertising_and_Marketing/Marketing",,,2026-05-23T02:14:52Z,48.0
seoexpress-dr-90-group.store,"I remember when justdrivemedia.com was barely getting noticed online, with less than 200 visitors a month. After stumbling upon SEOExpress.org and their affordable SEO packages, things changed dramatically. Within three months, my traffic surged to over 3,500 monthly visitors and I found myself ranking for 20 new keywords. If you're looking for a budget-friendly option that delivers real results, ...",https://seoexpress-dr-90-group.store/there-was-a-time-when-i-struggled-to-rank-on-google-and-didnt-know-how-to-improve-it-thats-when-i-discovered-seoexpress-after-signing-up-for-their-backlink-services-my-domain-authority-soared-from-da,https://justdrivemedia.com/,"There Was a Time When I Struggled to Rank on Google and Didn’t Know How to Improve It. That’s When I Discovered SEOExpress.org! After Signing Up for Their Backlink Services, My Domain Authority Soared from DA 10 to DA 45 Within Three Months. Now I'm Receiving More Than Five Hundred Organic Visits Per Week! What an Incredible Journey ★★★★★ 🌟 — Seoexpress Dr 90 Group",0,0,4993,"/Internet_and_Telecom/Web_Services/Search_Engine_Optimization_and_Marketing,/Business_and_Industrial/Advertising_and_Marketing/Marketing",,,2026-05-23T00:36:17Z,48.0
trusted-off-page-pros-seoexpress.store,"I remember when justdrivemedia.com was barely getting noticed online, with less than 200 visitors a month. After stumbling upon SEOExpress.org and their affordable SEO packages, things changed dramatically. Within three months, my traffic surged to over 3,500 monthly visitors and I found myself ranking for 20 new keywords. If you're looking for a budget-friendly option that delivers real results, ...",https://trusted-off-page-pros-seoexpress.store/there-was-a-time-when-i-struggled-to-rank-on-google-and-didnt-know-how-to-improve-it-thats-when-i-discovered-seoexpress-after-signing-up-for-their-backlink-services-my-domain-authority-soared-from-da,https://justdrivemedia.com/,"There Was a Time When I Struggled to Rank on Google and Didn’t Know How to Improve It. That’s When I Discovered SEOExpress.org! After Signing Up for Their Backlink Services, My Domain Authority Soared from DA 10 to DA 45 Within Three Months. Now I'm Receiving More Than Five Hundred Organic Visits Per Week! What an Incredible Journey ★★★★★ 🌟 — Trusted Off Page Pros SEO Express",0,0,4993,/Internet_and_Telecom/Web_Services/Search_Engine_Optimization_and_Marketing,,,2026-05-22T20:54:36Z,48.0
smart-seoexpress-webpage-experts.store,"I remember when justdrivemedia.com was barely getting noticed online, with less than 200 visitors a month. After stumbling upon SEOExpress.org and their affordable SEO packages, things changed dramatically. Within three months, my traffic surged to over 3,500 monthly visitors and I found myself ranking for 20 new keywords. If you're looking for a budget-friendly option that delivers real results, ...",https://smart-seoexpress-webpage-experts.store/there-was-a-time-when-i-struggled-to-rank-on-google-and-didnt-know-how-to-improve-it-thats-when-i-discovered-seoexpress-after-signing-up-for-their-backlink-services-my-domain-authority-soared-from-da,https://justdrivemedia.com/,"There Was a Time When I Struggled to Rank on Google and Didn’t Know How to Improve It. That’s When I Discovered SEOExpress.org! After Signing Up for Their Backlink Services, My Domain Authority Soared from DA 10 to DA 45 Within Three Months. Now I'm Receiving More Than Five Hundred Organic Visits Per Week! What an Incredible Journey ★★★★★ 🌟 — Smart SEO Express Webpage Experts",0,0,4993,"/Internet_and_Telecom/Web_Services/Search_Engine_Optimization_and_Marketing,/Business_and_Industrial",,,2026-05-22T19:23:18Z,48.0
seohighranking.shop,"I remember when justdrivemedia.com was barely getting noticed online, with less than 200 visitors a month. After stumbling upon SEOExpress.org and their affordable SEO packages, things changed dramatically. Within three months, my traffic surged to over 3,500 monthly visitors and I found myself ranking for 20 new keywords. If you're looking for a budget-friendly option that delivers real results, ...",https://seohighranking.shop/there-was-a-time-when-i-struggled-to-rank-on-google-and-didnt-know-how-to-improve-it-thats-when-i-discovered-seoexpress-after-signing-up-for-their-backlink-services-my-domain-authority-soared-from-da,https://justdrivemedia.com/,"There Was a Time When I Struggled to Rank on Google and Didn’t Know How to Improve It. That’s When I Discovered SEOExpress.org! After Signing Up for Their Backlink Services, My Domain Authority Soared from DA 10 to DA 45 Within Three Months. Now I'm Receiving More Than Five Hundred Organic Visits Per Week! What an Incredible Journey ★★★★★ 🌟 — Seohighranking",0,0,4993,"/Internet_and_Telecom/Web_Services/Search_Engine_Optimization_and_Marketing,/Business_and_Industrial/Business_Services/Consulting",,,2026-05-22T16:35:33Z,49.0
seoexpress-best-seo-firm.store,"I remember when justdrivemedia.com was barely getting noticed online, with less than 200 visitors a month. After stumbling upon SEOExpress.org and their affordable SEO packages, things changed dramatically. Within three months, my traffic surged to over 3,500 monthly visitors and I found myself ranking for 20 new keywords. If you're looking for a budget-friendly option that delivers real results, ...",https://seoexpress-best-seo-firm.store/there-was-a-time-when-i-struggled-to-rank-on-google-and-didnt-know-how-to-improve-it-thats-when-i-discovered-seoexpress-after-signing-up-for-their-backlink-services-my-domain-authority-soared-from-da,https://justdrivemedia.com/,"There Was a Time When I Struggled to Rank on Google and Didn’t Know How to Improve It. That’s When I Discovered SEOExpress.org! After Signing Up for Their Backlink Services, My Domain Authority Soared from DA 10 to DA 45 Within Three Months. Now I'm Receiving More Than Five Hundred Organic Visits Per Week! What an Incredible Journey ★★★★★ 🌟 — Seoexpress Best Seo Firm",0,0,4993,"/Internet_and_Telecom/Web_Services/Search_Engine_Optimization_and_Marketing,/Business_and_Industrial/Advertising_and_Marketing/Marketing",,,2026-05-22T13:09:21Z,48.0
elite-high-da-center-seoexpress.store,"I remember when justdrivemedia.com was barely getting noticed online, with less than 200 visitors a month. After stumbling upon SEOExpress.org and their affordable SEO packages, things changed dramatically. Within three months, my traffic surged to over 3,500 monthly visitors and I found myself ranking for 20 new keywords. If you're looking for a budget-friendly option that delivers real results, ...",https://elite-high-da-center-seoexpress.store/there-was-a-time-when-i-struggled-to-rank-on-google-and-didnt-know-how-to-improve-it-thats-when-i-discovered-seoexpress-after-signing-up-for-their-backlink-services-my-domain-authority-soared-from-da,https://justdrivemedia.com/,"There Was a Time When I Struggled to Rank on Google and Didn’t Know How to Improve It. That’s When I Discovered SEOExpress.org! After Signing Up for Their Backlink Services, My Domain Authority Soared from DA 10 to DA 45 Within Three Months. Now I'm Receiving More Than Five Hundred Organic Visits Per Week! What an Incredible Journey ★★★★★ 🌟 — Elite High DA Center SEO Express",0,0,4993,"/Internet_and_Telecom/Web_Services/Search_Engine_Optimization_and_Marketing,/Business_and_Industrial/Advertising_and_Marketing",,,2026-05-22T13:05:28Z,48.0
certified-seoexpress-organic-services.store,"I remember when justdrivemedia.com was barely getting noticed online, with less than 200 visitors a month. After stumbling upon SEOExpress.org and their affordable SEO packages, things changed dramatically. Within three months, my traffic surged to over 3,500 monthly visitors and I found myself ranking for 20 new keywords. If you're looking for a budget-friendly option that delivers real results, ...",https://certified-seoexpress-organic-services.store/there-was-a-time-when-i-struggled-to-rank-on-google-and-didnt-know-how-to-improve-it-thats-when-i-discovered-seoexpress-after-signing-up-for-their-backlink-services-my-domain-authority-soared-from-da,https://justdrivemedia.com/,"There Was a Time When I Struggled to Rank on Google and Didn’t Know How to Improve It. That’s When I Discovered SEOExpress.org! After Signing Up for Their Backlink Services, My Domain Authority Soared from DA 10 to DA 45 Within Three Months. Now I'm Receiving More Than Five Hundred Organic Visits Per Week! What an Incredible Journey ★★★★★ 🌟 — Certified SEO Express Organic Services",0,0,4993,"/Internet_and_Telecom/Web_Services/Search_Engine_Optimization_and_Marketing,/Business_and_Industrial/Advertising_and_Marketing/Marketing",,,2026-05-22T10:04:17Z,48.0
seoexpress.online,"I remember when justdrivemedia.com was barely getting noticed online, with less than 200 visitors a month. After stumbling upon SEOExpress.org and their affordable SEO packages, things changed dramatically. Within three months, my traffic surged to over 3,500 monthly visitors and I found myself ranking for 20 new keywords. If you're looking for a budget-friendly option that delivers real results, ...",https://seoexpress.online/there-was-a-time-when-i-struggled-to-rank-on-google-and-didnt-know-how-to-improve-it-thats-when-i-discovered-seoexpress-after-signing-up-for-their-backlink-services-my-domain-authority-soared-from-da,https://justdrivemedia.com/,"There Was a Time When I Struggled to Rank on Google and Didn’t Know How to Improve It. That’s When I Discovered SEOExpress.org! After Signing Up for Their Backlink Services, My Domain Authority Soared from DA 10 to DA 45 Within Three Months. Now I'm Receiving More Than Five Hundred Organic Visits Per Week! What an Incredible Journey ★★★★★ 🌟 — SEO Express Online",0,0,4993,"/Internet_and_Telecom/Web_Services/Search_Engine_Optimization_and_Marketing,/Business_and_Industrial",,,2026-05-22T09:25:03Z,48.0
coho.lol,Just Drive Media,https://coho.lol/p/09f369/annihilating-burnout-to-unlock-team-potential,https://www.justdrivemedia.com/,Annihilating Burnout to Unlock Team Potential,1,1,15,"/Health/Mental_Health/Anxiety_and_Stress,/Business_and_Industrial/Business_Operations/Human_Resources,/People_and_Society/Social_Sciences/Psychology,/Science/Biological_Sciences/Neuroscience",Ali Winkle is co-founder and CEO of,", a strategic marketing and communications firm that serves some",2026-05-22T08:57:11Z,0.1
coho.lol,Just Drive Media,https://coho.lol/p/09f369/annihilating-burnout-to-unlock-team-potential,http://www.justdrivemedia.com/,Annihilating Burnout to Unlock Team Potential,1,1,15,"/Health/Mental_Health/Anxiety_and_Stress,/Business_and_Industrial/Business_Operations/Human_Resources,/People_and_Society/Social_Sciences/Psychology,/Science/Biological_Sciences/Neuroscience",Ali Winkle is co-founder and CEO of,", a strategic marketing and communications firm that serves some",2026-05-22T08:57:11Z,0.1
coho.lol,Just Drive Media,https://coho.lol/p/09f369/annihilating-burnout-to-unlock-team-potential,https://justdrivemedia.com/,Annihilating Burnout to Unlock Team Potential,1,1,15,"/Health/Mental_Health/Anxiety_and_Stress,/Business_and_Industrial/Business_Operations/Human_Resources,/People_and_Society/Social_Sciences/Psychology,/Science/Biological_Sciences/Neuroscience",Ali Winkle is co-founder and CEO of,", a strategic marketing and communications firm that serves some",2026-05-22T08:57:11Z,0.1
authentic-tier-1-partners-seoexpress.store,"I remember when justdrivemedia.com was barely getting noticed online, with less than 200 visitors a month. After stumbling upon SEOExpress.org and their affordable SEO packages, things changed dramatically. Within three months, my traffic surged to over 3,500 monthly visitors and I found myself ranking for 20 new keywords. If you're looking for a budget-friendly option that delivers real results, ...",https://authentic-tier-1-partners-seoexpress.store/there-was-a-time-when-i-struggled-to-rank-on-google-and-didnt-know-how-to-improve-it-thats-when-i-discovered-seoexpress-after-signing-up-for-their-backlink-services-my-domain-authority-soared-from-da,https://justdrivemedia.com/,"There Was a Time When I Struggled to Rank on Google and Didn’t Know How to Improve It. That’s When I Discovered SEOExpress.org! After Signing Up for Their Backlink Services, My Domain Authority Soared from DA 10 to DA 45 Within Three Months. Now I'm Receiving More Than Five Hundred Organic Visits Per Week! What an Incredible Journey ★★★★★ 🌟 — Authentic Tier 1 Partners Seoexpress",0,0,4993,"/Internet_and_Telecom/Web_Services/Search_Engine_Optimization_and_Marketing,/Business_and_Industrial/Advertising_and_Marketing/Marketing",,,2026-05-22T08:00:06Z,48.0
advanced-ranking-seoexpress-specialists.store,"I remember when justdrivemedia.com was barely getting noticed online, with less than 200 visitors a month. After stumbling upon SEOExpress.org and their affordable SEO packages, things changed dramatically. Within three months, my traffic surged to over 3,500 monthly visitors and I found myself ranking for 20 new keywords. If you're looking for a budget-friendly option that delivers real results, ...",https://advanced-ranking-seoexpress-specialists.store/there-was-a-time-when-i-struggled-to-rank-on-google-and-didnt-know-how-to-improve-it-thats-when-i-discovered-seoexpress-after-signing-up-for-their-backlink-services-my-domain-authority-soared-from-da,https://justdrivemedia.com/,"There Was a Time When I Struggled to Rank on Google and Didn’t Know How to Improve It. That’s When I Discovered SEOExpress.org! After Signing Up for Their Backlink Services, My Domain Authority Soared from DA 10 to DA 45 Within Three Months. Now I'm Receiving More Than Five Hundred Organic Visits Per Week! What an Incredible Journey ★★★★★ 🌟 — Advanced Ranking Seoexpress Specialists",0,0,4993,"/Internet_and_Telecom/Web_Services/Search_Engine_Optimization_and_Marketing,/Business_and_Industrial/Business_Services/Consulting",,,2026-05-22T07:36:53Z,48.0
authentic-seoexpress-keyword-firm.store,"I remember when justdrivemedia.com was barely getting noticed online, with less than 200 visitors a month. After stumbling upon SEOExpress.org and their affordable SEO packages, things changed dramatically. Within three months, my traffic surged to over 3,500 monthly visitors and I found myself ranking for 20 new keywords. If you're looking for a budget-friendly option that delivers real results, ...",https://authentic-seoexpress-keyword-firm.store/there-was-a-time-when-i-struggled-to-rank-on-google-and-didnt-know-how-to-improve-it-thats-when-i-discovered-seoexpress-after-signing-up-for-their-backlink-services-my-domain-authority-soared-from-da,https://justdrivemedia.com/,"There Was a Time When I Struggled to Rank on Google and Didn’t Know How to Improve It. That’s When I Discovered SEOExpress.org! After Signing Up for Their Backlink Services, My Domain Authority Soared from DA 10 to DA 45 Within Three Months. Now I'm Receiving More Than Five Hundred Organic Visits Per Week! What an Incredible Journey ★★★★★ 🌟 — Authentic Seoexpress Keyword Firm",0,0,4993,"/Internet_and_Telecom/Web_Services/Search_Engine_Optimization_and_Marketing,/Business_and_Industrial/Business_Services/Consulting",,,2026-05-22T06:41:59Z,48.0
www.ycm.info,justdrivemedia.com,https://www.ycm.info/72db6c3095f9439235f63cd276a70a67-l/,https://justdrivemedia.com/,Where to buy 🚀 aged domains and backlinks 🔥 | 7263-0959,1,0,9997,/Internet_and_Telecom/Web_Services/Search_Engine_Optimization_and_Marketing,justdriveme.com justdrivemearound.com,justdrivemgmt.com justdrivemi.com,2026-05-22T02:53:05Z,7.0
instant-webpage-seoexpress-consultants.store,"I remember when justdrivemedia.com was barely getting noticed online, with less than 200 visitors a month. After stumbling upon SEOExpress.org and their affordable SEO packages, things changed dramatically. Within three months, my traffic surged to over 3,500 monthly visitors and I found myself ranking for 20 new keywords. If you're looking for a budget-friendly option that delivers real results, ...",https://instant-webpage-seoexpress-consultants.store/there-was-a-time-when-i-struggled-to-rank-on-google-and-didnt-know-how-to-improve-it-thats-when-i-discovered-seoexpress-after-signing-up-for-their-backlink-services-my-domain-authority-soared-from-da,https://justdrivemedia.com/,"There Was a Time When I Struggled to Rank on Google and Didn’t Know How to Improve It. That’s When I Discovered SEOExpress.org! After Signing Up for Their Backlink Services, My Domain Authority Soared from DA 10 to DA 45 Within Three Months. Now I'm Receiving More Than Five Hundred Organic Visits Per Week! What an Incredible Journey ★★★★★ 🌟 — Instant Webpage SEO Express Consultants",0,0,4993,"/Internet_and_Telecom/Web_Services/Search_Engine_Optimization_and_Marketing,/Business_and_Industrial/Advertising_and_Marketing/Marketing",,,2026-05-22T01:50:46Z,48.0
master-seoexpress-search-agency.store,"I remember when justdrivemedia.com was barely getting noticed online, with less than 200 visitors a month. After stumbling upon SEOExpress.org and their affordable SEO packages, things changed dramatically. Within three months, my traffic surged to over 3,500 monthly visitors and I found myself ranking for 20 new keywords. If you're looking for a budget-friendly option that delivers real results, ...",https://master-seoexpress-search-agency.store/there-was-a-time-when-i-struggled-to-rank-on-google-and-didnt-know-how-to-improve-it-thats-when-i-discovered-seoexpress-after-signing-up-for-their-backlink-services-my-domain-authority-soared-from-da,https://justdrivemedia.com/,"There Was a Time When I Struggled to Rank on Google and Didn’t Know How to Improve It. That’s When I Discovered SEOExpress.org! After Signing Up for Their Backlink Services, My Domain Authority Soared from DA 10 to DA 45 Within Three Months. Now I'm Receiving More Than Five Hundred Organic Visits Per Week! What an Incredible Journey ★★★★★ 🌟 — Master SEO Express Search Agency",0,0,4993,"/Internet_and_Telecom/Web_Services/Search_Engine_Optimization_and_Marketing,/Business_and_Industrial/Advertising_and_Marketing/Marketing",,,2026-05-22T01:06:39Z,48.0
seoexpress-content-experts.store,"I remember when justdrivemedia.com was barely getting noticed online, with less than 200 visitors a month. After stumbling upon SEOExpress.org and their affordable SEO packages, things changed dramatically. Within three months, my traffic surged to over 3,500 monthly visitors and I found myself ranking for 20 new keywords. If you're looking for a budget-friendly option that delivers real results, ...",https://seoexpress-content-experts.store/there-was-a-time-when-i-struggled-to-rank-on-google-and-didnt-know-how-to-improve-it-thats-when-i-discovered-seoexpress-after-signing-up-for-their-backlink-services-my-domain-authority-soared-from-da,https://justdrivemedia.com/,"There Was a Time When I Struggled to Rank on Google and Didn’t Know How to Improve It. That’s When I Discovered SEOExpress.org! After Signing Up for Their Backlink Services, My Domain Authority Soared from DA 10 to DA 45 Within Three Months. Now I'm Receiving More Than Five Hundred Organic Visits Per Week! What an Incredible Journey ★★★★★ 🌟 — Seoexpress Content Experts",0,0,4993,"/Internet_and_Telecom/Web_Services/Search_Engine_Optimization_and_Marketing,/Business_and_Industrial/Advertising_and_Marketing/Marketing",,,2026-05-21T21:22:31Z,48.0
advanced-search-seoexpress-pros.store,"I remember when justdrivemedia.com was barely getting noticed online, with less than 200 visitors a month. After stumbling upon SEOExpress.org and their affordable SEO packages, things changed dramatically. Within three months, my traffic surged to over 3,500 monthly visitors and I found myself ranking for 20 new keywords. If you're looking for a budget-friendly option that delivers real results, ...",https://advanced-search-seoexpress-pros.store/there-was-a-time-when-i-struggled-to-rank-on-google-and-didnt-know-how-to-improve-it-thats-when-i-discovered-seoexpress-after-signing-up-for-their-backlink-services-my-domain-authority-soared-from-da,https://justdrivemedia.com/,"There Was a Time When I Struggled to Rank on Google and Didn’t Know How to Improve It. That’s When I Discovered SEOExpress.org! After Signing Up for Their Backlink Services, My Domain Authority Soared from DA 10 to DA 45 Within Three Months. Now I'm Receiving More Than Five Hundred Organic Visits Per Week! What an Incredible Journey ★★★★★ 🌟 — Advanced Search SEO Express Pros",0,0,4993,"/Internet_and_Telecom/Web_Services/Search_Engine_Optimization_and_Marketing,/Business_and_Industrial",,,2026-05-21T21:14:22Z,48.0
smart-marketing-seoexpress.store,"I remember when justdrivemedia.com was barely getting noticed online, with less than 200 visitors a month. After stumbling upon SEOExpress.org and their affordable SEO packages, things changed dramatically. Within three months, my traffic surged to over 3,500 monthly visitors and I found myself ranking for 20 new keywords. If you're looking for a budget-friendly option that delivers real results, ...",https://smart-marketing-seoexpress.store/there-was-a-time-when-i-struggled-to-rank-on-google-and-didnt-know-how-to-improve-it-thats-when-i-discovered-seoexpress-after-signing-up-for-their-backlink-services-my-domain-authority-soared-from-da,https://justdrivemedia.com/,"There Was a Time When I Struggled to Rank on Google and Didn’t Know How to Improve It. That’s When I Discovered SEOExpress.org! After Signing Up for Their Backlink Services, My Domain Authority Soared from DA 10 to DA 45 Within Three Months. Now I'm Receiving More Than Five Hundred Organic Visits Per Week! What an Incredible Journey ★★★★★ 🌟 — Smart Marketing Seoexpress",0,0,4993,"/Internet_and_Telecom/Web_Services/Search_Engine_Optimization_and_Marketing,/Business_and_Industrial/Advertising_and_Marketing/Marketing",,,2026-05-21T19:07:26Z,48.0
seoexpress-keyword-network.store,"I remember when justdrivemedia.com was barely getting noticed online, with less than 200 visitors a month. After stumbling upon SEOExpress.org and their affordable SEO packages, things changed dramatically. Within three months, my traffic surged to over 3,500 monthly visitors and I found myself ranking for 20 new keywords. If you're looking for a budget-friendly option that delivers real results, ...",https://seoexpress-keyword-network.store/there-was-a-time-when-i-struggled-to-rank-on-google-and-didnt-know-how-to-improve-it-thats-when-i-discovered-seoexpress-after-signing-up-for-their-backlink-services-my-domain-authority-soared-from-da,https://justdrivemedia.com/,"There Was a Time When I Struggled to Rank on Google and Didn’t Know How to Improve It. That’s When I Discovered SEOExpress.org! After Signing Up for Their Backlink Services, My Domain Authority Soared from DA 10 to DA 45 Within Three Months. Now I'm Receiving More Than Five Hundred Organic Visits Per Week! What an Incredible Journey ★★★★★ 🌟 — SEO Express Keyword Network",0,0,4993,"/Internet_and_Telecom/Web_Services/Search_Engine_Optimization_and_Marketing,/Business_and_Industrial/Advertising_and_Marketing/Marketing",,,2026-05-21T14:37:30Z,48.0
advanced-keyword-group-seoexpress.store,"I remember when justdrivemedia.com was barely getting noticed online, with less than 200 visitors a month. After stumbling upon SEOExpress.org and their affordable SEO packages, things changed dramatically. Within three months, my traffic surged to over 3,500 monthly visitors and I found myself ranking for 20 new keywords. If you're looking for a budget-friendly option that delivers real results, ...",https://advanced-keyword-group-seoexpress.store/there-was-a-time-when-i-struggled-to-rank-on-google-and-didnt-know-how-to-improve-it-thats-when-i-discovered-seoexpress-after-signing-up-for-their-backlink-services-my-domain-authority-soared-from-da,https://justdrivemedia.com/,"There Was a Time When I Struggled to Rank on Google and Didn’t Know How to Improve It. That’s When I Discovered SEOExpress.org! After Signing Up for Their Backlink Services, My Domain Authority Soared from DA 10 to DA 45 Within Three Months. Now I'm Receiving More Than Five Hundred Organic Visits Per Week! What an Incredible Journey ★★★★★ 🌟 — Advanced Keyword Group SEO Express",0,0,4993,"/Internet_and_Telecom/Web_Services/Search_Engine_Optimization_and_Marketing,/Business_and_Industrial/Advertising_and_Marketing/Marketing",,,2026-05-21T14:20:45Z,48.0
elite-seoexpress-link-building-team.store,"I remember when justdrivemedia.com was barely getting noticed online, with less than 200 visitors a month. After stumbling upon SEOExpress.org and their affordable SEO packages, things changed dramatically. Within three months, my traffic surged to over 3,500 monthly visitors and I found myself ranking for 20 new keywords. If you're looking for a budget-friendly option that delivers real results, ...",https://elite-seoexpress-link-building-team.store/there-was-a-time-when-i-struggled-to-rank-on-google-and-didnt-know-how-to-improve-it-thats-when-i-discovered-seoexpress-after-signing-up-for-their-backlink-services-my-domain-authority-soared-from-da,https://justdrivemedia.com/,"There Was a Time When I Struggled to Rank on Google and Didn’t Know How to Improve It. That’s When I Discovered SEOExpress.org! After Signing Up for Their Backlink Services, My Domain Authority Soared from DA 10 to DA 45 Within Three Months. Now I'm Receiving More Than Five Hundred Organic Visits Per Week! What an Incredible Journey ★★★★★ 🌟 — Elite Seoexpress Link Building Team",0,0,4993,"/Internet_and_Telecom/Web_Services/Search_Engine_Optimization_and_Marketing,/Business_and_Industrial/Advertising_and_Marketing/Marketing",,,2026-05-21T13:05:35Z,48.0
powerful-link-building-hub-seoexpress.store,"I remember when justdrivemedia.com was barely getting noticed online, with less than 200 visitors a month. After stumbling upon SEOExpress.org and their affordable SEO packages, things changed dramatically. Within three months, my traffic surged to over 3,500 monthly visitors and I found myself ranking for 20 new keywords. If you're looking for a budget-friendly option that delivers real results, ...",https://powerful-link-building-hub-seoexpress.store/there-was-a-time-when-i-struggled-to-rank-on-google-and-didnt-know-how-to-improve-it-thats-when-i-discovered-seoexpress-after-signing-up-for-their-backlink-services-my-domain-authority-soared-from-da,https://justdrivemedia.com/,"There Was a Time When I Struggled to Rank on Google and Didn’t Know How to Improve It. That’s When I Discovered SEOExpress.org! After Signing Up for Their Backlink Services, My Domain Authority Soared from DA 10 to DA 45 Within Three Months. Now I'm Receiving More Than Five Hundred Organic Visits Per Week! What an Incredible Journey ★★★★★ 🌟 — Powerful Link Building Hub Seoexpress",0,0,4993,"/Internet_and_Telecom/Web_Services/Search_Engine_Optimization_and_Marketing,/Business_and_Industrial/Business_Services/Consulting",,,2026-05-21T11:27:18Z,48.0
high-seoexpress-organic-team.store,"I remember when justdrivemedia.com was barely getting noticed online, with less than 200 visitors a month. After stumbling upon SEOExpress.org and their affordable SEO packages, things changed dramatically. Within three months, my traffic surged to over 3,500 monthly visitors and I found myself ranking for 20 new keywords. If you're looking for a budget-friendly option that delivers real results, ...",https://high-seoexpress-organic-team.store/there-was-a-time-when-i-struggled-to-rank-on-google-and-didnt-know-how-to-improve-it-thats-when-i-discovered-seoexpress-after-signing-up-for-their-backlink-services-my-domain-authority-soared-from-da,https://justdrivemedia.com/,"There Was a Time When I Struggled to Rank on Google and Didn’t Know How to Improve It. That’s When I Discovered SEOExpress.org! After Signing Up for Their Backlink Services, My Domain Authority Soared from DA 10 to DA 45 Within Three Months. Now I'm Receiving More Than Five Hundred Organic Visits Per Week! What an Incredible Journey ★★★★★ 🌟 — High SEO Express Organic Team",0,0,4993,"/Internet_and_Telecom/Web_Services/Search_Engine_Optimization_and_Marketing,/Business_and_Industrial/Advertising_and_Marketing/Marketing",,,2026-05-21T03:07:21Z,48.0
seoexpress-anchor-text-experts.store,"I remember when justdrivemedia.com was barely getting noticed online, with less than 200 visitors a month. After stumbling upon SEOExpress.org and their affordable SEO packages, things changed dramatically. Within three months, my traffic surged to over 3,500 monthly visitors and I found myself ranking for 20 new keywords. If you're looking for a budget-friendly option that delivers real results, ...",https://seoexpress-anchor-text-experts.store/there-was-a-time-when-i-struggled-to-rank-on-google-and-didnt-know-how-to-improve-it-thats-when-i-discovered-seoexpress-after-signing-up-for-their-backlink-services-my-domain-authority-soared-from-da,https://justdrivemedia.com/,"There Was a Time When I Struggled to Rank on Google and Didn’t Know How to Improve It. That’s When I Discovered SEOExpress.org! After Signing Up for Their Backlink Services, My Domain Authority Soared from DA 10 to DA 45 Within Three Months. Now I'm Receiving More Than Five Hundred Organic Visits Per Week! What an Incredible Journey ★★★★★ 🌟 — SEO Express Anchor Text Experts",0,0,4993,"/Internet_and_Telecom/Web_Services/Search_Engine_Optimization_and_Marketing,/Business_and_Industrial/Advertising_and_Marketing/Marketing",,,2026-05-21T00:32:38Z,48.0
seoexpress-marketing-exchange.store,"I remember when justdrivemedia.com was barely getting noticed online, with less than 200 visitors a month. After stumbling upon SEOExpress.org and their affordable SEO packages, things changed dramatically. Within three months, my traffic surged to over 3,500 monthly visitors and I found myself ranking for 20 new keywords. If you're looking for a budget-friendly option that delivers real results, ...",https://seoexpress-marketing-exchange.store/there-was-a-time-when-i-struggled-to-rank-on-google-and-didnt-know-how-to-improve-it-thats-when-i-discovered-seoexpress-after-signing-up-for-their-backlink-services-my-domain-authority-soared-from-da,https://justdrivemedia.com/,"There Was a Time When I Struggled to Rank on Google and Didn’t Know How to Improve It. That’s When I Discovered SEOExpress.org! After Signing Up for Their Backlink Services, My Domain Authority Soared from DA 10 to DA 45 Within Three Months. Now I'm Receiving More Than Five Hundred Organic Visits Per Week! What an Incredible Journey ★★★★★ 🌟 — SEO Express Marketing Exchange",0,0,4993,"/Internet_and_Telecom/Web_Services/Search_Engine_Optimization_and_Marketing,/Business_and_Industrial/Advertising_and_Marketing/Marketing",,,2026-05-20T23:51:46Z,48.0
global-digital-seoexpress-portal.store,"I remember when justdrivemedia.com was barely getting noticed online, with less than 200 visitors a month. After stumbling upon SEOExpress.org and their affordable SEO packages, things changed dramatically. Within three months, my traffic surged to over 3,500 monthly visitors and I found myself ranking for 20 new keywords. If you're looking for a budget-friendly option that delivers real results, ...",https://global-digital-seoexpress-portal.store/there-was-a-time-when-i-struggled-to-rank-on-google-and-didnt-know-how-to-improve-it-thats-when-i-discovered-seoexpress-after-signing-up-for-their-backlink-services-my-domain-authority-soared-from-da,https://justdrivemedia.com/,"There Was a Time When I Struggled to Rank on Google and Didn’t Know How to Improve It. That’s When I Discovered SEOExpress.org! After Signing Up for Their Backlink Services, My Domain Authority Soared from DA 10 to DA 45 Within Three Months. Now I'm Receiving More Than Five Hundred Organic Visits Per Week! What an Incredible Journey ★★★★★ 🌟 — Global Digital Seoexpress Portal",0,0,4993,"/Internet_and_Telecom/Web_Services/Search_Engine_Optimization_and_Marketing,/Business_and_Industrial/Advertising_and_Marketing/Marketing",,,2026-05-20T23:24:45Z,48.0
exclusive-traffic-experts-seoexpress.store,"I remember when justdrivemedia.com was barely getting noticed online, with less than 200 visitors a month. After stumbling upon SEOExpress.org and their affordable SEO packages, things changed dramatically. Within three months, my traffic surged to over 3,500 monthly visitors and I found myself ranking for 20 new keywords. If you're looking for a budget-friendly option that delivers real results, ...",https://exclusive-traffic-experts-seoexpress.store/there-was-a-time-when-i-struggled-to-rank-on-google-and-didnt-know-how-to-improve-it-thats-when-i-discovered-seoexpress-after-signing-up-for-their-backlink-services-my-domain-authority-soared-from-da,https://justdrivemedia.com/,"There Was a Time When I Struggled to Rank on Google and Didn’t Know How to Improve It. That’s When I Discovered SEOExpress.org! After Signing Up for Their Backlink Services, My Domain Authority Soared from DA 10 to DA 45 Within Three Months. Now I'm Receiving More Than Five Hundred Organic Visits Per Week! What an Incredible Journey ★★★★★ 🌟 — Exclusive Traffic Experts SEO Express",0,0,4993,"/Internet_and_Telecom/Web_Services/Search_Engine_Optimization_and_Marketing,/Business_and_Industrial/Advertising_and_Marketing/Marketing",,,2026-05-20T21:04:20Z,48.0
first-class-seoexpress-keyword-exchange.store,"I remember when justdrivemedia.com was barely getting noticed online, with less than 200 visitors a month. After stumbling upon SEOExpress.org and their affordable SEO packages, things changed dramatically. Within three months, my traffic surged to over 3,500 monthly visitors and I found myself ranking for 20 new keywords. If you're looking for a budget-friendly option that delivers real results, ...",https://first-class-seoexpress-keyword-exchange.store/there-was-a-time-when-i-struggled-to-rank-on-google-and-didnt-know-how-to-improve-it-thats-when-i-discovered-seoexpress-after-signing-up-for-their-backlink-services-my-domain-authority-soared-from-da,https://justdrivemedia.com/,"There Was a Time When I Struggled to Rank on Google and Didn’t Know How to Improve It. That’s When I Discovered SEOExpress.org! After Signing Up for Their Backlink Services, My Domain Authority Soared from DA 10 to DA 45 Within Three Months. Now I'm Receiving More Than Five Hundred Organic Visits Per Week! What an Incredible Journey ★★★★★ 🌟 — First Class SEO Express Keyword Exchange",0,0,4993,"/Internet_and_Telecom/Web_Services/Search_Engine_Optimization_and_Marketing,/Business_and_Industrial/Advertising_and_Marketing/Marketing",,,2026-05-20T19:48:41Z,48.0
master-digital-studio-seoexpress.store,"I remember when justdrivemedia.com was barely getting noticed online, with less than 200 visitors a month. After stumbling upon SEOExpress.org and their affordable SEO packages, things changed dramatically. Within three months, my traffic surged to over 3,500 monthly visitors and I found myself ranking for 20 new keywords. If you're looking for a budget-friendly option that delivers real results, ...",https://master-digital-studio-seoexpress.store/there-was-a-time-when-i-struggled-to-rank-on-google-and-didnt-know-how-to-improve-it-thats-when-i-discovered-seoexpress-after-signing-up-for-their-backlink-services-my-domain-authority-soared-from-da,https://justdrivemedia.com/,"There Was a Time When I Struggled to Rank on Google and Didn’t Know How to Improve It. That’s When I Discovered SEOExpress.org! After Signing Up for Their Backlink Services, My Domain Authority Soared from DA 10 to DA 45 Within Three Months. Now I'm Receiving More Than Five Hundred Organic Visits Per Week! What an Incredible Journey ★★★★★ 🌟 — Master Digital Studio Seoexpress",0,0,4993,"/Internet_and_Telecom/Web_Services/Search_Engine_Optimization_and_Marketing,/Business_and_Industrial/Business_Services/Consulting",,,2026-05-20T19:15:38Z,48.0
prime-high-da-seoexpress.store,"I remember when justdrivemedia.com was barely getting noticed online, with less than 200 visitors a month. After stumbling upon SEOExpress.org and their affordable SEO packages, things changed dramatically. Within three months, my traffic surged to over 3,500 monthly visitors and I found myself ranking for 20 new keywords. If you're looking for a budget-friendly option that delivers real results, ...",https://prime-high-da-seoexpress.store/there-was-a-time-when-i-struggled-to-rank-on-google-and-didnt-know-how-to-improve-it-thats-when-i-discovered-seoexpress-after-signing-up-for-their-backlink-services-my-domain-authority-soared-from-da,https://justdrivemedia.com/,"There Was a Time When I Struggled to Rank on Google and Didn’t Know How to Improve It. That’s When I Discovered SEOExpress.org! After Signing Up for Their Backlink Services, My Domain Authority Soared from DA 10 to DA 45 Within Three Months. Now I'm Receiving More Than Five Hundred Organic Visits Per Week! What an Incredible Journey ★★★★★ 🌟 — Prime High DA SEO Express",0,0,4993,"/Internet_and_Telecom/Web_Services/Search_Engine_Optimization_and_Marketing,/Business_and_Industrial/Advertising_and_Marketing",,,2026-05-20T19:10:40Z,48.0
official-domain-seoexpress.store,"I remember when justdrivemedia.com was barely getting noticed online, with less than 200 visitors a month. After stumbling upon SEOExpress.org and their affordable SEO packages, things changed dramatically. Within three months, my traffic surged to over 3,500 monthly visitors and I found myself ranking for 20 new keywords. If you're looking for a budget-friendly option that delivers real results, ...",https://official-domain-seoexpress.store/there-was-a-time-when-i-struggled-to-rank-on-google-and-didnt-know-how-to-improve-it-thats-when-i-discovered-seoexpress-after-signing-up-for-their-backlink-services-my-domain-authority-soared-from-da,https://justdrivemedia.com/,"There Was a Time When I Struggled to Rank on Google and Didn’t Know How to Improve It. That’s When I Discovered SEOExpress.org! After Signing Up for Their Backlink Services, My Domain Authority Soared from DA 10 to DA 45 Within Three Months. Now I'm Receiving More Than Five Hundred Organic Visits Per Week! What an Incredible Journey ★★★★★ 🌟 — Official Domain Seoexpress",0,0,4993,"/Internet_and_Telecom/Web_Services/Search_Engine_Optimization_and_Marketing,/Business_and_Industrial/Business_Services/Consulting",,,2026-05-20T19:01:57Z,48.0
smart-indexer-seoexpress.store,"I remember when justdrivemedia.com was barely getting noticed online, with less than 200 visitors a month. After stumbling upon SEOExpress.org and their affordable SEO packages, things changed dramatically. Within three months, my traffic surged to over 3,500 monthly visitors and I found myself ranking for 20 new keywords. If you're looking for a budget-friendly option that delivers real results, ...",https://smart-indexer-seoexpress.store/there-was-a-time-when-i-struggled-to-rank-on-google-and-didnt-know-how-to-improve-it-thats-when-i-discovered-seoexpress-after-signing-up-for-their-backlink-services-my-domain-authority-soared-from-da,https://justdrivemedia.com/,"There Was a Time When I Struggled to Rank on Google and Didn’t Know How to Improve It. That’s When I Discovered SEOExpress.org! After Signing Up for Their Backlink Services, My Domain Authority Soared from DA 10 to DA 45 Within Three Months. Now I'm Receiving More Than Five Hundred Organic Visits Per Week! What an Incredible Journey ★★★★★ 🌟 — Smart Indexer Seoexpress",0,0,4993,"/Internet_and_Telecom/Web_Services/Search_Engine_Optimization_and_Marketing,/Business_and_Industrial",,,2026-05-20T12:39:57Z,48.0
worldmarketingdirectoy.com,mightypr,https://worldmarketingdirectoy.com/most-visited-website-list-936/,http://justdrivemedia.com/,Most Visited website list 936 | Most Ranking Directory,1,0,7028,"/Internet_and_Telecom/Web_Services/Search_Engine_Optimization_and_Marketing,/Reference/Directories_and_Listings/Business_and_Personal_Listings,/Business_and_Industrial/Advertising_and_Marketing/Marketing",,,2026-05-20T02:48:17Z,30.0
worldmarketingdirectoy.com,mightypr,https://worldmarketingdirectoy.com/most-visited-website-list-936/,https://justdrivemedia.com/,Most Visited website list 936 | Most Ranking Directory,1,0,7028,"/Internet_and_Telecom/Web_Services/Search_Engine_Optimization_and_Marketing,/Reference/Directories_and_Listings/Business_and_Personal_Listings,/Business_and_Industrial/Advertising_and_Marketing/Marketing",,,2026-05-20T02:48:17Z,30.0
seoexpress-superior-on-page-house.store,"I remember when justdrivemedia.com was barely getting noticed online, with less than 200 visitors a month. After stumbling upon SEOExpress.org and their affordable SEO packages, things changed dramatically. Within three months, my traffic surged to over 3,500 monthly visitors and I found myself ranking for 20 new keywords. If you're looking for a budget-friendly option that delivers real results, ...",https://seoexpress-superior-on-page-house.store/there-was-a-time-when-i-struggled-to-rank-on-google-and-didnt-know-how-to-improve-it-thats-when-i-discovered-seoexpress-after-signing-up-for-their-backlink-services-my-domain-authority-soared-from-da,https://justdrivemedia.com/,"There Was a Time When I Struggled to Rank on Google and Didn’t Know How to Improve It. That’s When I Discovered SEOExpress.org! After Signing Up for Their Backlink Services, My Domain Authority Soared from DA 10 to DA 45 Within Three Months. Now I'm Receiving More Than Five Hundred Organic Visits Per Week! What an Incredible Journey ★★★★★ 🌟 — SEO Express Superior On Page House",0,0,4993,"/Internet_and_Telecom/Web_Services/Search_Engine_Optimization_and_Marketing,/Business_and_Industrial",,,2026-05-20T00:30:53Z,48.0
linkpitcherdirectory.com,mightypr,https://linkpitcherdirectory.com/most-visited-website-list-936/,http://justdrivemedia.com/,Most Visited website list 936 | Link Pitcher Directory,1,0,7028,"/Internet_and_Telecom/Web_Services/Web_Design_and_Development,/Reference/Directories_and_Listings/Business_and_Personal_Listings,/Travel_and_Transportation/Tourist_Destinations,/Business_and_Industrial/Business_Services",,,2026-05-19T22:50:50Z,51.0
linkpitcherdirectory.com,mightypr,https://linkpitcherdirectory.com/most-visited-website-list-936/,https://justdrivemedia.com/,Most Visited website list 936 | Link Pitcher Directory,1,0,7028,"/Internet_and_Telecom/Web_Services/Web_Design_and_Development,/Reference/Directories_and_Listings/Business_and_Personal_Listings,/Travel_and_Transportation/Tourist_Destinations,/Business_and_Industrial/Business_Services",,,2026-05-19T22:50:50Z,51.0
official-seoexpress-white-hat-team.store,"I remember when justdrivemedia.com was barely getting noticed online, with less than 200 visitors a month. After stumbling upon SEOExpress.org and their affordable SEO packages, things changed dramatically. Within three months, my traffic surged to over 3,500 monthly visitors and I found myself ranking for 20 new keywords. If you're looking for a budget-friendly option that delivers real results, ...",https://official-seoexpress-white-hat-team.store/there-was-a-time-when-i-struggled-to-rank-on-google-and-didnt-know-how-to-improve-it-thats-when-i-discovered-seoexpress-after-signing-up-for-their-backlink-services-my-domain-authority-soared-from-da,https://justdrivemedia.com/,"There Was a Time When I Struggled to Rank on Google and Didn’t Know How to Improve It. That’s When I Discovered SEOExpress.org! After Signing Up for Their Backlink Services, My Domain Authority Soared from DA 10 to DA 45 Within Three Months. Now I'm Receiving More Than Five Hundred Organic Visits Per Week! What an Incredible Journey ★★★★★ 🌟 — Official SEO Express White Hat Team",0,0,4993,"/Internet_and_Telecom/Web_Services/Search_Engine_Optimization_and_Marketing,/Business_and_Industrial/Advertising_and_Marketing/Marketing",,,2026-05-19T21:35:36Z,48.0
linkpointdirectory.com,mightypr,https://linkpointdirectory.com/most-visited-website-list-936/,http://justdrivemedia.com/,Most Visited website list 936 | Link Point Directory,1,0,7028,"/Internet_and_Telecom/Web_Services/Web_Design_and_Development,/Reference/Directories_and_Listings/Business_and_Personal_Listings,/Travel_and_Transportation,/Business_and_Industrial",,,2026-05-19T18:50:26Z,47.0
linkpointdirectory.com,mightypr,https://linkpointdirectory.com/most-visited-website-list-936/,https://justdrivemedia.com/,Most Visited website list 936 | Link Point Directory,1,0,7028,"/Internet_and_Telecom/Web_Services/Web_Design_and_Development,/Reference/Directories_and_Listings/Business_and_Personal_Listings,/Travel_and_Transportation,/Business_and_Industrial",,,2026-05-19T18:50:26Z,47.0
premium-seoexpress-outreach-provider.store,"I remember when justdrivemedia.com was barely getting noticed online, with less than 200 visitors a month. After stumbling upon SEOExpress.org and their affordable SEO packages, things changed dramatically. Within three months, my traffic surged to over 3,500 monthly visitors and I found myself ranking for 20 new keywords. If you're looking for a budget-friendly option that delivers real results, ...",https://premium-seoexpress-outreach-provider.store/there-was-a-time-when-i-struggled-to-rank-on-google-and-didnt-know-how-to-improve-it-thats-when-i-discovered-seoexpress-after-signing-up-for-their-backlink-services-my-domain-authority-soared-from-da,https://justdrivemedia.com/,"There Was a Time When I Struggled to Rank on Google and Didn’t Know How to Improve It. That’s When I Discovered SEOExpress.org! After Signing Up for Their Backlink Services, My Domain Authority Soared from DA 10 to DA 45 Within Three Months. Now I'm Receiving More Than Five Hundred Organic Visits Per Week! What an Incredible Journey ★★★★★ 🌟 — Premium SEO Express Outreach Provider",0,0,4993,"/Internet_and_Telecom/Web_Services/Search_Engine_Optimization_and_Marketing,/Business_and_Industrial/Advertising_and_Marketing/Marketing",,,2026-05-19T18:28:20Z,48.0
luxury-niche-edit-seoexpress-services.store,"I remember when justdrivemedia.com was barely getting noticed online, with less than 200 visitors a month. After stumbling upon SEOExpress.org and their affordable SEO packages, things changed dramatically. Within three months, my traffic surged to over 3,500 monthly visitors and I found myself ranking for 20 new keywords. If you're looking for a budget-friendly option that delivers real results, ...",https://luxury-niche-edit-seoexpress-services.store/there-was-a-time-when-i-struggled-to-rank-on-google-and-didnt-know-how-to-improve-it-thats-when-i-discovered-seoexpress-after-signing-up-for-their-backlink-services-my-domain-authority-soared-from-da,https://justdrivemedia.com/,"There Was a Time When I Struggled to Rank on Google and Didn’t Know How to Improve It. That’s When I Discovered SEOExpress.org! After Signing Up for Their Backlink Services, My Domain Authority Soared from DA 10 to DA 45 Within Three Months. Now I'm Receiving More Than Five Hundred Organic Visits Per Week! What an Incredible Journey ★★★★★ 🌟 — Luxury Niche Edit SEO Express Services",0,0,4993,"/Internet_and_Telecom/Web_Services/Search_Engine_Optimization_and_Marketing,/Business_and_Industrial/Advertising_and_Marketing/Marketing",,,2026-05-19T18:20:02Z,48.0
professional-seoexpress-marketing-studio.store,"I remember when justdrivemedia.com was barely getting noticed online, with less than 200 visitors a month. After stumbling upon SEOExpress.org and their affordable SEO packages, things changed dramatically. Within three months, my traffic surged to over 3,500 monthly visitors and I found myself ranking for 20 new keywords. If you're looking for a budget-friendly option that delivers real results, ...",https://professional-seoexpress-marketing-studio.store/there-was-a-time-when-i-struggled-to-rank-on-google-and-didnt-know-how-to-improve-it-thats-when-i-discovered-seoexpress-after-signing-up-for-their-backlink-services-my-domain-authority-soared-from-da,https://justdrivemedia.com/,"There Was a Time When I Struggled to Rank on Google and Didn’t Know How to Improve It. That’s When I Discovered SEOExpress.org! After Signing Up for Their Backlink Services, My Domain Authority Soared from DA 10 to DA 45 Within Three Months. Now I'm Receiving More Than Five Hundred Organic Visits Per Week! What an Incredible Journey ★★★★★ 🌟 — Professional SEO Express Marketing Studio",0,0,4993,"/Internet_and_Telecom/Web_Services/Search_Engine_Optimization_and_Marketing,/Business_and_Industrial/Advertising_and_Marketing/Marketing",,,2026-05-19T18:11:54Z,48.0
expert-organic-seoexpress.store,"I remember when justdrivemedia.com was barely getting noticed online, with less than 200 visitors a month. After stumbling upon SEOExpress.org and their affordable SEO packages, things changed dramatically. Within three months, my traffic surged to over 3,500 monthly visitors and I found myself ranking for 20 new keywords. If you're looking for a budget-friendly option that delivers real results, ...",https://expert-organic-seoexpress.store/there-was-a-time-when-i-struggled-to-rank-on-google-and-didnt-know-how-to-improve-it-thats-when-i-discovered-seoexpress-after-signing-up-for-their-backlink-services-my-domain-authority-soared-from-da,https://justdrivemedia.com/,"There Was a Time When I Struggled to Rank on Google and Didn’t Know How to Improve It. That’s When I Discovered SEOExpress.org! After Signing Up for Their Backlink Services, My Domain Authority Soared from DA 10 to DA 45 Within Three Months. Now I'm Receiving More Than Five Hundred Organic Visits Per Week! What an Incredible Journey ★★★★★ 🌟 — Expert Organic SEO Express",0,0,4993,"/Internet_and_Telecom/Web_Services/Search_Engine_Optimization_and_Marketing,/Business_and_Industrial/Advertising_and_Marketing/Marketing",,,2026-05-19T15:21:54Z,48.0
expert-seoexpress-authority-directory.store,"I remember when justdrivemedia.com was barely getting noticed online, with less than 200 visitors a month. After stumbling upon SEOExpress.org and their affordable SEO packages, things changed dramatically. Within three months, my traffic surged to over 3,500 monthly visitors and I found myself ranking for 20 new keywords. If you're looking for a budget-friendly option that delivers real results, ...",https://expert-seoexpress-authority-directory.store/there-was-a-time-when-i-struggled-to-rank-on-google-and-didnt-know-how-to-improve-it-thats-when-i-discovered-seoexpress-after-signing-up-for-their-backlink-services-my-domain-authority-soared-from-da,https://justdrivemedia.com/,"There Was a Time When I Struggled to Rank on Google and Didn’t Know How to Improve It. That’s When I Discovered SEOExpress.org! After Signing Up for Their Backlink Services, My Domain Authority Soared from DA 10 to DA 45 Within Three Months. Now I'm Receiving More Than Five Hundred Organic Visits Per Week! What an Incredible Journey ★★★★★ 🌟 — Expert SEO Express Authority Directory",0,0,4993,"/Internet_and_Telecom/Web_Services/Search_Engine_Optimization_and_Marketing,/Business_and_Industrial/Advertising_and_Marketing/Marketing",,,2026-05-19T13:28:24Z,48.0
trusted-organic-seoexpress-house.store,"I remember when justdrivemedia.com was barely getting noticed online, with less than 200 visitors a month. After stumbling upon SEOExpress.org and their affordable SEO packages, things changed dramatically. Within three months, my traffic surged to over 3,500 monthly visitors and I found myself ranking for 20 new keywords. If you're looking for a budget-friendly option that delivers real results, ...",https://trusted-organic-seoexpress-house.store/there-was-a-time-when-i-struggled-to-rank-on-google-and-didnt-know-how-to-improve-it-thats-when-i-discovered-seoexpress-after-signing-up-for-their-backlink-services-my-domain-authority-soared-from-da,https://justdrivemedia.com/,"There Was a Time When I Struggled to Rank on Google and Didn’t Know How to Improve It. That’s When I Discovered SEOExpress.org! After Signing Up for Their Backlink Services, My Domain Authority Soared from DA 10 to DA 45 Within Three Months. Now I'm Receiving More Than Five Hundred Organic Visits Per Week! What an Incredible Journey ★★★★★ 🌟 — Trusted Organic Seoexpress House",0,0,4993,"/Internet_and_Telecom/Web_Services/Search_Engine_Optimization_and_Marketing,/Business_and_Industrial/Business_Services/Consulting",,,2026-05-19T03:10:44Z,48.0
seoexpress-pbn-company.store,"I remember when justdrivemedia.com was barely getting noticed online, with less than 200 visitors a month. After stumbling upon SEOExpress.org and their affordable SEO packages, things changed dramatically. Within three months, my traffic surged to over 3,500 monthly visitors and I found myself ranking for 20 new keywords. If you're looking for a budget-friendly option that delivers real results, ...",https://seoexpress-pbn-company.store/there-was-a-time-when-i-struggled-to-rank-on-google-and-didnt-know-how-to-improve-it-thats-when-i-discovered-seoexpress-after-signing-up-for-their-backlink-services-my-domain-authority-soared-from-da,https://justdrivemedia.com/,"There Was a Time When I Struggled to Rank on Google and Didn’t Know How to Improve It. That’s When I Discovered SEOExpress.org! After Signing Up for Their Backlink Services, My Domain Authority Soared from DA 10 to DA 45 Within Three Months. Now I'm Receiving More Than Five Hundred Organic Visits Per Week! What an Incredible Journey ★★★★★ 🌟 — SEO Express PBN Company",0,0,4993,"/Internet_and_Telecom/Web_Services/Search_Engine_Optimization_and_Marketing,/Business_and_Industrial/Advertising_and_Marketing/Marketing",,,2026-05-19T01:17:06Z,48.0
wonvision.com,mightypr.com,https://wonvision.com/02e71cd8c499bb1000853a8a16993609-l/,https://justdrivemedia.com/,Where to buy 🚀 aged domains and backlinks 🔥 | 0271-8499,1,0,9997,"/Business_and_Industrial/Advertising_and_Marketing/Marketing,/Internet_and_Telecom/Web_Services/Search_Engine_Optimization_and_Marketing,/Online_Communities/Social_Networks",mightypp.com mightyppc.com,mightypractice.com mightypraise.com,2026-05-18T10:10:53Z,0.7
wonvision.com,mightypr.com,https://wonvision.com/02e71cd8c499bb1000853a8a16993609-l/,http://justdrivemedia.com/,Where to buy 🚀 aged domains and backlinks 🔥 | 0271-8499,1,0,9997,"/Business_and_Industrial/Advertising_and_Marketing/Marketing,/Internet_and_Telecom/Web_Services/Search_Engine_Optimization_and_Marketing,/Online_Communities/Social_Networks",mightypp.com mightyppc.com,mightypractice.com mightypraise.com,2026-05-18T10:10:53Z,0.7
www.tunca.org,mightypr.com,https://www.tunca.org/02e71cd8c499bb1000853a8a16993609-l/,https://justdrivemedia.com/,Where to buy 🚀 aged domains and backlinks 🔥 | 0271-8499,1,0,9997,"/Internet_and_Telecom/Web_Services/Search_Engine_Optimization_and_Marketing,/Business_and_Industrial",mightypp.com mightyppc.com,mightypractice.com mightypraise.com,2026-05-18T09:56:19Z,4.3
www.tunca.org,mightypr.com,https://www.tunca.org/02e71cd8c499bb1000853a8a16993609-l/,http://justdrivemedia.com/,Where to buy 🚀 aged domains and backlinks 🔥 | 0271-8499,1,0,9997,"/Internet_and_Telecom/Web_Services/Search_Engine_Optimization_and_Marketing,/Business_and_Industrial",mightypp.com mightyppc.com,mightypractice.com mightypraise.com,2026-05-18T09:56:19Z,4.3
www.toppragencies.com,www.justdrivemedia.com,https://www.toppragencies.com/profile/just-drive-media,http://www.justdrivemedia.com/,Just Drive Media: Company Information & Data: Get Additional Insight on Just Drive Media - toppragencies,0,0,16,"/Business_and_Industrial/Advertising_and_Marketing/Marketing,/Internet_and_Telecom/Web_Services",,,2026-05-17T03:47:43Z,8.0
www.toppragencies.com,www.justdrivemedia.com,https://www.toppragencies.com/profile/just-drive-media,https://justdrivemedia.com/,Just Drive Media: Company Information & Data: Get Additional Insight on Just Drive Media - toppragencies,0,0,16,"/Business_and_Industrial/Advertising_and_Marketing/Marketing,/Internet_and_Telecom/Web_Services",,,2026-05-17T03:47:43Z,8.0
www.toppragencies.com,www.justdrivemedia.com,https://www.toppragencies.com/profile/just-drive-media,https://www.justdrivemedia.com/,Just Drive Media: Company Information & Data: Get Additional Insight on Just Drive Media - toppragencies,0,0,16,"/Business_and_Industrial/Advertising_and_Marketing/Marketing,/Internet_and_Telecom/Web_Services",,,2026-05-17T03:47:43Z,8.0
wonvision.com,justdrivemedia.com,https://wonvision.com/72db6c3095f9439235f63cd276a70a67-l/,https://justdrivemedia.com/,Where to buy 🚀 aged domains and backlinks 🔥 | 7263-0959,1,0,9997,"/Business_and_Industrial/Advertising_and_Marketing/Marketing,/Internet_and_Telecom/Web_Services/Search_Engine_Optimization_and_Marketing,/Online_Communities/Social_Networks",justdriveme.com justdrivemearound.com,justdrivemgmt.com justdrivemi.com,2026-05-16T20:07:54Z,0.7
www.pagesearch.net,justdrivemedia.com,https://www.pagesearch.net/72db6c3095f9439235f63cd276a70a67-l/,https://justdrivemedia.com/,Where to buy 🚀 aged domains and backlinks 🔥 | 7263-0959,1,0,9997,/Internet_and_Telecom/Web_Services/Search_Engine_Optimization_and_Marketing,justdriveme.com justdrivemearound.com,justdrivemgmt.com justdrivemi.com,2026-05-16T19:18:56Z,6.0
www.toppragencies.com,mightypr.com,https://www.toppragencies.com/profile/mighty-pr,https://justdrivemedia.com/,Mighty PR: Company Information & Data: Get Additional Insight on Mighty PR - toppragencies,0,0,16,/Business_and_Industrial/Advertising_and_Marketing/Public_Relations,,,2026-05-16T12:36:12Z,8.0
www.toppragencies.com,mightypr.com,https://www.toppragencies.com/profile/mighty-pr,http://justdrivemedia.com/,Mighty PR: Company Information & Data: Get Additional Insight on Mighty PR - toppragencies,0,0,16,/Business_and_Industrial/Advertising_and_Marketing/Public_Relations,,,2026-05-16T12:36:12Z,8.0
www.goooogla.com,justdrivemedia,http://www.goooogla.com/best-for-ranking-baankyseo/tudiloseo/,https://justdrivemedia.com/,Directory Pages Index,0,0,9999,"/Internet_and_Telecom/Search_Engines,/Business_and_Industrial/Business_Services",craymer friendsmatchme,palmdaze oi926,2026-05-15T17:55:59Z,28.0
thebacklinks.shop,"I remember when justdrivemedia.com was barely getting noticed online, with less than 200 visitors a month. After stumbling upon SEOExpress.org and their affordable SEO packages, things changed dramatically. Within three months, my traffic surged to over 3,500 monthly visitors and I found myself ranking for 20 new keywords. If you're looking for a budget-friendly option that delivers real results, ...",https://thebacklinks.shop/there-was-a-time-when-i-struggled-to-rank-on-google-and-didnt-know-how-to-improve-it-thats-when-i-discovered-seoexpress-after-signing-up-for-their-backlink-services-my-domain-authority-soared-from-da,https://justdrivemedia.com/,"There Was a Time When I Struggled to Rank on Google and Didn’t Know How to Improve It. That’s When I Discovered SEOExpress.org! After Signing Up for Their Backlink Services, My Domain Authority Soared from DA 10 to DA 45 Within Three Months. Now I'm Receiving More Than Five Hundred Organic Visits Per Week! What an Incredible Journey ★★★★★ 🌟 — Thebacklinks",0,0,4993,/Internet_and_Telecom/Web_Services/Search_Engine_Optimization_and_Marketing,,,2026-05-15T04:31:02Z,49.0
www.topbillion.net,justdrivemedia.com,https://www.topbillion.net/domains/145650/1df8ea41fcc50a6348c14773d62092e5/,https://justdrivemedia.com/,Top Billion,0,0,1244,/Internet_and_Telecom/Web_Services/Web_Design_and_Development,justdriveme.de justdrivemearound.com,justdrivemgmt.com justdrivemi.com,2026-05-15T04:11:02Z,14.0
www.tyre.pro,justdrivemedia.com,http://www.tyre.pro/page-c3ccf24a9bb7c02b186ada0484b200fb.html,http://justdrivemedia.com/,Where to buy 🚀 aged domains and backlinks 🔥 from www.tyre.pro| 3249-7021,1,0,9997,/Internet_and_Telecom/Web_Services/Search_Engine_Optimization_and_Marketing,justdriveme.com justdrivemearound.com,justdrivemgmt.com justdrivemi.com,2026-05-15T03:02:16Z,0.1
domain.com.lc,justdrivemedia.com,https://domain.com.lc/page-c3ccf24a9bb7c02b186ada0484b200fb.html,https://justdrivemedia.com/,Where to buy 🚀 aged domains and backlinks 🔥 from domain.com.lc | 3249-7021,1,0,9996,/Internet_and_Telecom/Web_Services/Search_Engine_Optimization_and_Marketing,justdriveme.com justdrivemearound.com,justdrivemgmt.com justdrivemi.com,2026-05-14T17:59:13Z,0.6
www.pagesearch.net,mightypr.com,https://www.pagesearch.net/02e71cd8c499bb1000853a8a16993609-l/,http://justdrivemedia.com/,Where to buy 🚀 aged domains and backlinks 🔥 | 0271-8499,1,0,9997,/Internet_and_Telecom/Web_Services/Search_Engine_Optimization_and_Marketing,mightypp.com mightyppc.com,mightypractice.com mightypraise.com,2026-05-14T09:37:49Z,6.0
www.pagesearch.net,mightypr.com,https://www.pagesearch.net/02e71cd8c499bb1000853a8a16993609-l/,https://justdrivemedia.com/,Where to buy 🚀 aged domains and backlinks 🔥 | 0271-8499,1,0,9997,/Internet_and_Telecom/Web_Services/Search_Engine_Optimization_and_Marketing,mightypp.com mightyppc.com,mightypractice.com mightypraise.com,2026-05-14T09:37:49Z,6.0
www.domain.com.lc,justdrivemedia.com,https://www.domain.com.lc/page-c3ccf24a9bb7c02b186ada0484b200fb.html,https://justdrivemedia.com/,Where to buy 🚀 aged domains and backlinks 🔥 from www.domain.com.lc | 3249-7021,1,0,9996,/Internet_and_Telecom/Web_Services/Search_Engine_Optimization_and_Marketing,justdriveme.com justdrivemearound.com,justdrivemgmt.com justdrivemi.com,2026-05-13T23:44:05Z,0.6
www.ready.pro,justdrivemedia.com,https://www.ready.pro/stats/9664,https://justdrivemedia.com/,✅ Website Stats 📊,0,1,4138,"/Internet_and_Telecom/Web_Services/Web_Design_and_Development,/Sports/Team_Sports",see this here,&nbsp,2026-05-13T11:10:09Z,10.0
websitedirectoy.com,mightypr,https://websitedirectoy.com/most-visited-website-list-936/,http://justdrivemedia.com/,Most Visited website list 936 | Website Directory,1,0,7032,"/Internet_and_Telecom/Web_Services/Web_Design_and_Development,/Reference/Directories_and_Listings/Business_and_Personal_Listings,/Travel_and_Transportation/Tourist_Destinations",,,2026-05-13T11:05:33Z,30.0
websitedirectoy.com,mightypr,https://websitedirectoy.com/most-visited-website-list-936/,https://justdrivemedia.com/,Most Visited website list 936 | Website Directory,1,0,7032,"/Internet_and_Telecom/Web_Services/Web_Design_and_Development,/Reference/Directories_and_Listings/Business_and_Personal_Listings,/Travel_and_Transportation/Tourist_Destinations",,,2026-05-13T11:05:33Z,30.0
factmags.com,justdrivemedia.com,http://factmags.com/iaijzseo/studiodressoficial-best-seo-service/,https://justdrivemedia.com/,Directory Pages Index,0,1,10000,"/Reference/Directories_and_Listings/Business_and_Personal_Listings,/Business_and_Industrial/Business_Services/Consulting,/Internet_and_Telecom",justdoitsj.com justdowntheroad.com,just-eat.ca just-eat.co.uk,2026-05-13T09:20:24Z,75.0
authorityprodirectory.com,mightypr,https://authorityprodirectory.com/directory-website-list-936/,http://justdrivemedia.com/,Directory website list 936 | Authority Pro Directory,1,0,7034,"/Reference/Directories_and_Listings/Business_and_Personal_Listings,/Internet_and_Telecom/Web_Services/Web_Design_and_Development,/Business_and_Industrial/Business_Services",,,2026-05-13T09:14:35Z,12.0
authorityprodirectory.com,mightypr,https://authorityprodirectory.com/directory-website-list-936/,https://justdrivemedia.com/,Directory website list 936 | Authority Pro Directory,1,0,7034,"/Reference/Directories_and_Listings/Business_and_Personal_Listings,/Internet_and_Telecom/Web_Services/Web_Design_and_Development,/Business_and_Industrial/Business_Services",,,2026-05-13T09:14:35Z,12.0
www.websiterace.com,justdrivemedia.com,https://www.websiterace.com/72db6c3095f9439235f63cd276a70a67-l/,https://justdrivemedia.com/,Where to buy 🚀 aged domains and backlinks 🔥 | 7263-0959,1,0,9997,/Internet_and_Telecom/Web_Services/Search_Engine_Optimization_and_Marketing,justdriveme.com justdrivemearound.com,justdrivemgmt.com justdrivemi.com,2026-05-13T01:36:45Z,10.0
factmags.com,justdrivemedia.com,https://factmags.com/qcjrqseo/deyouled-best-seo-service/,https://justdrivemedia.com/,Directory Pages Index,0,1,10000,"/Business_and_Industrial/Business_Services/Consulting,/Reference/Directories_and_Listings/Business_and_Personal_Listings",justdocprep.com justdoitsj.com,just-eat.ca just-eat.co.uk,2026-05-12T23:09:31Z,75.0
ycm.info,mightypr.com,https://ycm.info/02e71cd8c499bb1000853a8a16993609-l/,https://justdrivemedia.com/,Where to buy 🚀 aged domains and backlinks 🔥 | 0271-8499,1,0,9997,"/Internet_and_Telecom/Web_Services/Search_Engine_Optimization_and_Marketing,/Business_and_Industrial",mightypp.com mightyppc.com,mightypractice.com mightypraise.com,2026-05-12T15:23:50Z,7.0
ycm.info,mightypr.com,https://ycm.info/02e71cd8c499bb1000853a8a16993609-l/,http://justdrivemedia.com/,Where to buy 🚀 aged domains and backlinks 🔥 | 0271-8499,1,0,9997,"/Internet_and_Telecom/Web_Services/Search_Engine_Optimization_and_Marketing,/Business_and_Industrial",mightypp.com mightyppc.com,mightypractice.com mightypraise.com,2026-05-12T15:23:50Z,7.0
factmags.com,https://justdrivemedia.com/,https://factmags.com/nodfoaiseo/MahadevaSports-best-seo-service/,https://justdrivemedia.com/,Directory Pages Index,0,1,10000,"/Business_and_Industrial/Business_Services/Consulting,/Internet_and_Telecom,/Finance,/Reference/Directories_and_Listings",https://justdriveme.com/ https://justdrivemearound.com/,https://justdrivemgmt.com/ https://justdrivemi.com/,2026-05-12T12:13:29Z,75.0
factmags.com,justdrivemedia,http://factmags.com/gofjbseo/travelwselin-best-seo-service/,https://justdrivemedia.com/,Directory Pages Index,0,1,10000,"/Reference/Directories_and_Listings/Business_and_Personal_Listings,/Business_and_Industrial/Business_Services/Other",craymer friendsmatchme,palmdaze oi926,2026-05-12T07:58:22Z,75.0
worldsitedirectory.com,mightypr,https://worldsitedirectory.com/most-visited-website-list-936/,https://justdrivemedia.com/,Most Visited website list 936 | World Site Directory,1,0,6999,"/Internet_and_Telecom/Web_Services/Web_Design_and_Development,/Reference/Directories_and_Listings/Business_and_Personal_Listings,/Travel_and_Transportation",,,2026-05-12T06:07:05Z,30.0
worldsitedirectory.com,mightypr,https://worldsitedirectory.com/most-visited-website-list-936/,http://justdrivemedia.com/,Most Visited website list 936 | World Site Directory,1,0,6999,"/Internet_and_Telecom/Web_Services/Web_Design_and_Development,/Reference/Directories_and_Listings/Business_and_Personal_Listings,/Travel_and_Transportation",,,2026-05-12T06:07:05Z,30.0
www.websiterace.com,mightypr.com,https://www.websiterace.com/02e71cd8c499bb1000853a8a16993609-l/,http://justdrivemedia.com/,Where to buy 🚀 aged domains and backlinks 🔥 | 0271-8499,1,0,9997,/Internet_and_Telecom/Web_Services/Search_Engine_Optimization_and_Marketing,mightypp.com mightyppc.com,mightypractice.com mightypraise.com,2026-05-12T03:52:45Z,10.0
www.websiterace.com,mightypr.com,https://www.websiterace.com/02e71cd8c499bb1000853a8a16993609-l/,https://justdrivemedia.com/,Where to buy 🚀 aged domains and backlinks 🔥 | 0271-8499,1,0,9997,/Internet_and_Telecom/Web_Services/Search_Engine_Optimization_and_Marketing,mightypp.com mightyppc.com,mightypractice.com mightypraise.com,2026-05-12T03:52:45Z,10.0
www.goooogla.com,justdrivemedia.com,http://www.goooogla.com/best-for-ranking-baankyseo/omllvbseo/,https://justdrivemedia.com/,Directory Pages Index,0,0,9999,"/Internet_and_Telecom/Search_Engines,/Business_and_Industrial/Business_Services/Consulting",justdoitsj.com justdowntheroad.com,just-eat.ca just-eat.co.uk,2026-05-12T03:43:51Z,28.0
ready.pro,mightypr.com,https://ready.pro/stats/30524,https://justdrivemedia.com/,✅ Website Stats 📊,0,1,4180,"/Internet_and_Telecom/Web_Services/Web_Design_and_Development,/Sports",click this over here now,&nbsp,2026-05-12T03:37:56Z,10.0
ready.pro,mightypr.com,https://ready.pro/stats/30524,http://justdrivemedia.com/,✅ Website Stats 📊,0,1,4180,"/Internet_and_Telecom/Web_Services/Web_Design_and_Development,/Sports",click this over here now,&nbsp,2026-05-12T03:37:56Z,10.0
sabns.com,mightypr,https://sabns.com/website-list-936/,http://justdrivemedia.com/,Directory Pages Index,1,0,7024,"/Internet_and_Telecom/Web_Services/Search_Engine_Optimization_and_Marketing,/Business_and_Industrial/Advertising_and_Marketing/Marketing",support hopestreetprov,redlara yerbaprima,2026-05-11T23:35:52Z,61.0
sabns.com,mightypr,https://sabns.com/website-list-936/,https://justdrivemedia.com/,Directory Pages Index,1,0,7024,"/Internet_and_Telecom/Web_Services/Search_Engine_Optimization_and_Marketing,/Business_and_Industrial/Advertising_and_Marketing/Marketing",support hopestreetprov,redlara yerbaprima,2026-05-11T23:35:52Z,61.0
icmsmt.com,mightypr,https://icmsmt.com/list273/,https://justdrivemedia.com/,list273 | ICMSMT Conference,1,0,7054,"/Jobs_and_Education/Education/Academic_Conferences_and_Publications,/Online_Communities,/Reference",,,2026-05-11T23:34:01Z,20.0
icmsmt.com,mightypr,https://icmsmt.com/list273/,http://justdrivemedia.com/,list273 | ICMSMT Conference,1,0,7054,"/Jobs_and_Education/Education/Academic_Conferences_and_Publications,/Online_Communities,/Reference",,,2026-05-11T23:34:01Z,20.0
ready.pro,justdrivemedia.com,https://ready.pro/stats/9664,https://justdrivemedia.com/,✅ Website Stats 📊,0,1,4140,"/Internet_and_Telecom/Web_Services/Web_Design_and_Development,/Sports/Team_Sports",see this here,&nbsp,2026-05-11T22:12:22Z,10.0
guestpostsdirectory.com,mightypr,https://guestpostsdirectory.com/most-visited-website-list-936/,http://justdrivemedia.com/,Most Visited website list 936 | Guest Post Directory,1,0,7030,"/Internet_and_Telecom/Web_Services/Web_Design_and_Development,/Online_Communities,/Reference/Directories_and_Listings/Business_and_Personal_Listings,/Business_and_Industrial,/Travel_and_Transportation/Tourist_Destinations",,,2026-05-11T12:23:42Z,30.0
guestpostsdirectory.com,mightypr,https://guestpostsdirectory.com/most-visited-website-list-936/,https://justdrivemedia.com/,Most Visited website list 936 | Guest Post Directory,1,0,7030,"/Internet_and_Telecom/Web_Services/Web_Design_and_Development,/Online_Communities,/Reference/Directories_and_Listings/Business_and_Personal_Listings,/Business_and_Industrial,/Travel_and_Transportation/Tourist_Destinations",,,2026-05-11T12:23:42Z,30.0
seolinkpro.shop,Lift mightypr.com Market Position: Google-Indexed Guest Posts + Dofollow Backlinks + Boost Ahrefs Domain Rating DR + Moz Domain Authority DA + Majestic Trust Flow TF + Rank Higher on Google Fast,https://seolinkpro.shop/2gejukv-scaling-sidebar-links-insurance-agencies-manage-500-monthly-placements-client/,http://justdrivemedia.com/,seolinkpro.shop — How Many Dofollow Backlinks Does a Crypto Website Need to Rank? The Data-Driven Answer From 50 Real Campaigns Analyzed,0,0,9899,"/Internet_and_Telecom/Web_Services/Search_Engine_Optimization_and_Marketing,/Business_and_Industrial/Advertising_and_Marketing/Marketing",,,2026-05-11T08:12:41Z,52.0
seolinkpro.shop,Lift mightypr.com Market Position: Google-Indexed Guest Posts + Dofollow Backlinks + Boost Ahrefs Domain Rating DR + Moz Domain Authority DA + Majestic Trust Flow TF + Rank Higher on Google Fast,https://seolinkpro.shop/2gejukv-scaling-sidebar-links-insurance-agencies-manage-500-monthly-placements-client/,https://justdrivemedia.com/,seolinkpro.shop — How Many Dofollow Backlinks Does a Crypto Website Need to Rank? The Data-Driven Answer From 50 Real Campaigns Analyzed,0,0,9899,"/Internet_and_Telecom/Web_Services/Search_Engine_Optimization_and_Marketing,/Business_and_Industrial/Advertising_and_Marketing/Marketing",,,2026-05-11T08:12:41Z,52.0
factmags.com,justdrivemedia.com,https://factmags.com/oylouaiseo/glamseira-best-seo-service/,https://justdrivemedia.com/,Directory Pages Index,0,1,10000,"/Reference/Directories_and_Listings/Business_and_Personal_Listings,/Business_and_Industrial/Business_Services/Consulting",justdontsendflowers.com justdoproperty.com,just-eat.ca just-eat.co.uk,2026-05-11T06:31:10Z,75.0
superbhubdirectory.com,mightypr,https://superbhubdirectory.com/most-visited-website-list-936/,http://justdrivemedia.com/,Most Visited website list 936 | Super Hub Directory,1,0,7011,"/Internet_and_Telecom/Web_Services/Web_Design_and_Development,/Reference/Directories_and_Listings/Business_and_Personal_Listings,/Travel_and_Transportation",,,2026-05-11T05:53:35Z,50.0
superbhubdirectory.com,mightypr,https://superbhubdirectory.com/most-visited-website-list-936/,https://justdrivemedia.com/,Most Visited website list 936 | Super Hub Directory,1,0,7011,"/Internet_and_Telecom/Web_Services/Web_Design_and_Development,/Reference/Directories_and_Listings/Business_and_Personal_Listings,/Travel_and_Transportation",,,2026-05-11T05:53:35Z,50.0
newsblogsports.site,Best Pinterest Tool SiteToSocial.com to Grow Your Website Traffic Fully Automated,https://newsblogsports.site/all/266/30,https://justdrivemedia.com/,Best Tool for Pinterest SiteToSocial Fully Automated AI Generated Pins Grow Your Website Traffic,1,0,4007,/Internet_and_Telecom/Web_Services/Search_Engine_Optimization_and_Marketing,,,2026-05-11T03:18:01Z,7.0
robuta.com,Digital Content Marketing Agency - Just Drive Media,https://robuta.com/?q=drive,https://justdrivemedia.com/content-marketing,drive - Robuta Search,1,1,108,,,,2026-05-11T00:59:24Z,8.0
highauthoritydirectory.com,mightypr,https://highauthoritydirectory.com/directory-website-list-936/,http://justdrivemedia.com/,Directory website list 936 | high authority directory,1,0,7048,"/Business_and_Industrial/Business_Services/Consulting,/Reference/Directories_and_Listings/Business_and_Personal_Listings,/Internet_and_Telecom",,,2026-05-11T00:45:56Z,15.0
highauthoritydirectory.com,mightypr,https://highauthoritydirectory.com/directory-website-list-936/,https://justdrivemedia.com/,Directory website list 936 | high authority directory,1,0,7048,"/Business_and_Industrial/Business_Services/Consulting,/Reference/Directories_and_Listings/Business_and_Personal_Listings,/Internet_and_Telecom",,,2026-05-11T00:45:56Z,15.0
rankyour.website,All-in-one authority SEO and link building for mightypr.com | RankZly.com – Your Unbeatable SEO Partner for Fast Google Rankings,https://rankyour.website/n2rrhgq-boost-google-rankings-with-premium-contextual-seo-backlinks/,http://justdrivemedia.com/,RankZly.com – Unbeatable Google Rankings & SEO Backlinks — rankyour.website,0,0,8526,/Internet_and_Telecom/Web_Services/Search_Engine_Optimization_and_Marketing,,,2026-05-10T18:22:40Z,33.0
rankyour.website,All-in-one authority SEO and link building for mightypr.com | RankZly.com – Your Unbeatable SEO Partner for Fast Google Rankings,https://rankyour.website/n2rrhgq-boost-google-rankings-with-premium-contextual-seo-backlinks/,https://justdrivemedia.com/,RankZly.com – Unbeatable Google Rankings & SEO Backlinks — rankyour.website,0,0,8526,/Internet_and_Telecom/Web_Services/Search_Engine_Optimization_and_Marketing,,,2026-05-10T18:22:40Z,33.0
marketingexperts.click,mightypr.com,https://marketingexperts.click/tourmaline-the-gem-of-many-colors-and-mystical-energy/,http://justdrivemedia.com/,Tourmaline: The Gem of Many Colors and Mystical Energy – My Blog,0,1,3834,,mightypilates.com mightyplay.com,mightyquinnsbbq.com mightyrabbitstudios.com,2026-05-10T13:14:52Z,16.0
marketingexperts.click,mightypr.com,https://marketingexperts.click/tourmaline-the-gem-of-many-colors-and-mystical-energy/,https://justdrivemedia.com/,Tourmaline: The Gem of Many Colors and Mystical Energy – My Blog,0,1,3834,,mightypilates.com mightyplay.com,mightyquinnsbbq.com mightyrabbitstudios.com,2026-05-10T13:14:52Z,16.0
www.way2check.cv,justdrivemedia.com,https://www.way2check.cv/page-c3ccf24a9bb7c02b186ada0484b200fb.html,https://justdrivemedia.com/,Where to buy 🚀 aged domains and backlinks 🔥 from all-aged-domains | 3249-7021,1,0,9997,/Internet_and_Telecom/Web_Services/Search_Engine_Optimization_and_Marketing,justdriveme.com justdrivemearound.com,justdrivemgmt.com justdrivemi.com,2026-05-10T12:29:02Z,7.0
robuta.com,Digital Content Marketing Agency - Just Drive Media,https://robuta.com/?q=marketing+agency,https://justdrivemedia.com/content-marketing,marketing agency - Robuta Search,1,1,103,,,,2026-05-10T11:05:09Z,8.0
www.getwebsiteworth.com,mightypr.com,https://www.getwebsiteworth.com/02e71cd8c499bb1000853a8a16993609-l/,https://justdrivemedia.com/,Where to buy 🚀 aged domains and backlinks 🔥 | 0271-8499,1,0,9997,"/Business_and_Industrial/Advertising_and_Marketing/Marketing,/Internet_and_Telecom/Web_Services/Search_Engine_Optimization_and_Marketing,/Online_Communities/Social_Networks",mightypp.com mightyppc.com,mightypractice.com mightypraise.com,2026-05-10T11:01:08Z,15.0
www.getwebsiteworth.com,mightypr.com,https://www.getwebsiteworth.com/02e71cd8c499bb1000853a8a16993609-l/,http://justdrivemedia.com/,Where to buy 🚀 aged domains and backlinks 🔥 | 0271-8499,1,0,9997,"/Business_and_Industrial/Advertising_and_Marketing/Marketing,/Internet_and_Telecom/Web_Services/Search_Engine_Optimization_and_Marketing,/Online_Communities/Social_Networks",mightypp.com mightyppc.com,mightypractice.com mightypraise.com,2026-05-10T11:01:08Z,15.0
marketinghubdirectoy.com,mightypr,https://marketinghubdirectoy.com/most-visited-website-list-936/,https://justdrivemedia.com/,Most Visited website list 936 | Marketing Hub Directory,1,0,7012,"/Business_and_Industrial/Advertising_and_Marketing/Marketing,/Internet_and_Telecom/Web_Services/Web_Design_and_Development,/Reference/Directories_and_Listings/Business_and_Personal_Listings",,,2026-05-09T23:43:58Z,31.0
marketinghubdirectoy.com,mightypr,https://marketinghubdirectoy.com/most-visited-website-list-936/,http://justdrivemedia.com/,Most Visited website list 936 | Marketing Hub Directory,1,0,7012,"/Business_and_Industrial/Advertising_and_Marketing/Marketing,/Internet_and_Telecom/Web_Services/Web_Design_and_Development,/Reference/Directories_and_Listings/Business_and_Personal_Listings",,,2026-05-09T23:43:58Z,31.0
domainanalysis.org,justdrivemedia.com,https://domainanalysis.org/page-c3ccf24a9bb7c02b186ada0484b200fb.html,https://justdrivemedia.com/,Where to buy 🚀 aged domains and backlinks 🔥 from domainanalysis.org | 3249-7021,1,0,9996,"/Internet_and_Telecom/Web_Services/Search_Engine_Optimization_and_Marketing,/Business_and_Industrial/Advertising_and_Marketing/Marketing",justdriveme.com justdrivemearound.com,justdrivemgmt.com justdrivemi.com,2026-05-09T21:48:48Z,1.5
bestbusniessdirectory.com,mightypr,https://bestbusniessdirectory.com/most-visited-website-list-936/,http://justdrivemedia.com/,Most Visited website list 936 | Best Busniess Directory,1,0,7012,"/Internet_and_Telecom/Web_Services/Web_Design_and_Development,/Travel_and_Transportation/Tourist_Destinations/Historical_Sites_and_Buildings,/Business_and_Industrial,/Reference/Directories_and_Listings/Business_and_Personal_Listings",,,2026-05-09T19:33:18Z,31.0
bestbusniessdirectory.com,mightypr,https://bestbusniessdirectory.com/most-visited-website-list-936/,https://justdrivemedia.com/,Most Visited website list 936 | Best Busniess Directory,1,0,7012,"/Internet_and_Telecom/Web_Services/Web_Design_and_Development,/Travel_and_Transportation/Tourist_Destinations/Historical_Sites_and_Buildings,/Business_and_Industrial,/Reference/Directories_and_Listings/Business_and_Personal_Listings",,,2026-05-09T19:33:18Z,31.0
way2check.cv,justdrivemedia.com,https://way2check.cv/page-c3ccf24a9bb7c02b186ada0484b200fb.html,https://justdrivemedia.com/,Where to buy 🚀 aged domains and backlinks 🔥 from all-aged-domains | 3249-7021,1,0,9997,/Internet_and_Telecom/Web_Services/Search_Engine_Optimization_and_Marketing,justdriveme.com justdrivemearound.com,justdrivemgmt.com justdrivemi.com,2026-05-09T15:32:33Z,7.0
robuta.com,Digital Content Marketing Agency - Just Drive Media,https://robuta.com/?q=content+marketing,https://justdrivemedia.com/content-marketing,content marketing - Robuta Search,1,1,105,,,,2026-05-09T15:02:18Z,8.0
linkrankpro.shop,Professional links for mightypr.com from agency turning 1-month trials into 3-year contracts,https://linkrankpro.shop/3vapcud-agency-professional-link-building-result-054-page-one-any-niche-worldwide/,http://justdrivemedia.com/,linkrankpro.shop — Professional Link Building Agency Result 134: How Expert Links Delivered Page One for Any Client Niche,0,0,9764,"/Internet_and_Telecom/Web_Services/Search_Engine_Optimization_and_Marketing,/Business_and_Industrial",,,2026-05-09T14:05:21Z,54.0
linkrankpro.shop,Professional links for mightypr.com from agency turning 1-month trials into 3-year contracts,https://linkrankpro.shop/3vapcud-agency-professional-link-building-result-054-page-one-any-niche-worldwide/,https://justdrivemedia.com/,linkrankpro.shop — Professional Link Building Agency Result 134: How Expert Links Delivered Page One for Any Client Niche,0,0,9764,"/Internet_and_Telecom/Web_Services/Search_Engine_Optimization_and_Marketing,/Business_and_Industrial",,,2026-05-09T14:05:21Z,54.0
alljobs.info,mightypr.com,https://alljobs.info/02e71cd8c499bb1000853a8a16993609-l/,http://justdrivemedia.com/,Where to buy 🚀 aged domains and backlinks 🔥 | 0271-8499,1,0,9997,"/Internet_and_Telecom/Web_Services/Search_Engine_Optimization_and_Marketing,/Business_and_Industrial",mightypp.com mightyppc.com,mightypractice.com mightypraise.com,2026-05-09T10:53:00Z,8.0
alljobs.info,mightypr.com,https://alljobs.info/02e71cd8c499bb1000853a8a16993609-l/,https://justdrivemedia.com/,Where to buy 🚀 aged domains and backlinks 🔥 | 0271-8499,1,0,9997,"/Internet_and_Telecom/Web_Services/Search_Engine_Optimization_and_Marketing,/Business_and_Industrial",mightypp.com mightyppc.com,mightypractice.com mightypraise.com,2026-05-09T10:53:00Z,8.0
therankinghighseo.shop,"I remember when justdrivemedia.com was barely getting noticed online, with less than 200 visitors a month. After stumbling upon SEOExpress.org and their affordable SEO packages, things changed dramatically. Within three months, my traffic surged to over 3,500 monthly visitors and I found myself ranking for 20 new keywords. If you're looking for a budget-friendly option that delivers real results, ...",https://therankinghighseo.shop/there-was-a-time-when-i-struggled-to-rank-on-google-and-didnt-know-how-to-improve-it-thats-when-i-discovered-seoexpress-after-signing-up-for-their-backlink-services-my-domain-authority-soared-from-da,https://justdrivemedia.com/,"There Was a Time When I Struggled to Rank on Google and Didn’t Know How to Improve It. That’s When I Discovered SEOExpress.org! After Signing Up for Their Backlink Services, My Domain Authority Soared from DA 10 to DA 45 Within Three Months. Now I'm Receiving More Than Five Hundred Organic Visits Per Week! What an Incredible Journey ★★★★★ 🌟 — Therankinghighseo",0,0,4993,"/Internet_and_Telecom/Web_Services/Search_Engine_Optimization_and_Marketing,/Business_and_Industrial,/Online_Communities",,,2026-05-09T09:57:08Z,48.0
seoexpress.space,"I remember when justdrivemedia.com was barely getting noticed online, with less than 200 visitors a month. After stumbling upon SEOExpress.org and their affordable SEO packages, things changed dramatically. Within three months, my traffic surged to over 3,500 monthly visitors and I found myself ranking for 20 new keywords. If you're looking for a budget-friendly option that delivers real results, ...",https://seoexpress.space/there-was-a-time-when-i-struggled-to-rank-on-google-and-didnt-know-how-to-improve-it-thats-when-i-discovered-seoexpress-after-signing-up-for-their-backlink-services-my-domain-authority-soared-from-da,https://justdrivemedia.com/,"There Was a Time When I Struggled to Rank on Google and Didn’t Know How to Improve It. That’s When I Discovered SEOExpress.org! After Signing Up for Their Backlink Services, My Domain Authority Soared from DA 10 to DA 45 Within Three Months. Now I'm Receiving More Than Five Hundred Organic Visits Per Week! What an Incredible Journey ★★★★★ 🌟 — Seoexpress",0,0,4993,"/Internet_and_Telecom/Web_Services/Search_Engine_Optimization_and_Marketing,/Business_and_Industrial/Business_Services/Consulting",,,2026-05-09T08:50:18Z,48.0
ekenkoshop.shop,"I remember when justdrivemedia.com was barely getting noticed online, with less than 200 visitors a month. After stumbling upon SEOExpress.org and their affordable SEO packages, things changed dramatically. Within three months, my traffic surged to over 3,500 monthly visitors and I found myself ranking for 20 new keywords. If you're looking for a budget-friendly option that delivers real results, ...",https://ekenkoshop.shop/there-was-a-time-when-i-struggled-to-rank-on-google-and-didnt-know-how-to-improve-it-thats-when-i-discovered-seoexpress-after-signing-up-for-their-backlink-services-my-domain-authority-soared-from-da,https://justdrivemedia.com/,"There Was a Time When I Struggled to Rank on Google and Didn’t Know How to Improve It. That’s When I Discovered SEOExpress.org! After Signing Up for Their Backlink Services, My Domain Authority Soared from DA 10 to DA 45 Within Three Months. Now I'm Receiving More Than Five Hundred Organic Visits Per Week! What an Incredible Journey ★★★★★ 🌟 — Ekenko Shop",0,0,4993,"/Internet_and_Telecom/Web_Services/Search_Engine_Optimization_and_Marketing,/Business_and_Industrial",,,2026-05-09T06:59:01Z,48.0
mostrankdirectory.com,mightypr,https://mostrankdirectory.com/most-visited-website-list-936/,https://justdrivemedia.com/,Most Visited website list 936 | Most Rank Directory,1,0,7014,"/Internet_and_Telecom/Web_Services/Web_Design_and_Development,/Reference/Directories_and_Listings/Business_and_Personal_Listings,/Business_and_Industrial/Business_Services",,,2026-05-09T02:50:41Z,30.0
mostrankdirectory.com,mightypr,https://mostrankdirectory.com/most-visited-website-list-936/,http://justdrivemedia.com/,Most Visited website list 936 | Most Rank Directory,1,0,7014,"/Internet_and_Telecom/Web_Services/Web_Design_and_Development,/Reference/Directories_and_Listings/Business_and_Personal_Listings,/Business_and_Industrial/Business_Services",,,2026-05-09T02:50:41Z,30.0
alljobs.info,justdrivemedia.com,https://alljobs.info/72db6c3095f9439235f63cd276a70a67-l/,https://justdrivemedia.com/,Where to buy 🚀 aged domains and backlinks 🔥 | 7263-0959,1,0,9997,/Internet_and_Telecom/Web_Services/Search_Engine_Optimization_and_Marketing,justdriveme.com justdrivemearound.com,justdrivemgmt.com justdrivemi.com,2026-05-09T00:59:17Z,8.0
linkboostdirectory.com,mightypr,https://linkboostdirectory.com/directory-website-list-936/,http://justdrivemedia.com/,Directory website list 936 | Link Boost Directory,1,0,7063,"/Business_and_Industrial/Business_Services/Consulting,/Reference/Directories_and_Listings/Business_and_Personal_Listings,/Internet_and_Telecom/Web_Services/Web_Design_and_Development",,,2026-05-08T23:42:57Z,14.0
linkboostdirectory.com,mightypr,https://linkboostdirectory.com/directory-website-list-936/,https://justdrivemedia.com/,Directory website list 936 | Link Boost Directory,1,0,7063,"/Business_and_Industrial/Business_Services/Consulting,/Reference/Directories_and_Listings/Business_and_Personal_Listings,/Internet_and_Telecom/Web_Services/Web_Design_and_Development",,,2026-05-08T23:42:57Z,14.0
wallpapers.pro,mightypr.com,https://wallpapers.pro/02e71cd8c499bb1000853a8a16993609-l/,http://justdrivemedia.com/,Where to buy 🚀 aged domains and backlinks 🔥 | 0271-8499,1,0,9997,"/Business_and_Industrial/Advertising_and_Marketing/Marketing,/Internet_and_Telecom/Web_Services/Search_Engine_Optimization_and_Marketing,/Online_Communities/Social_Networks",mightypp.com mightyppc.com,mightypractice.com mightypraise.com,2026-05-08T23:28:58Z,2.0
wallpapers.pro,mightypr.com,https://wallpapers.pro/02e71cd8c499bb1000853a8a16993609-l/,https://justdrivemedia.com/,Where to buy 🚀 aged domains and backlinks 🔥 | 0271-8499,1,0,9997,"/Business_and_Industrial/Advertising_and_Marketing/Marketing,/Internet_and_Telecom/Web_Services/Search_Engine_Optimization_and_Marketing,/Online_Communities/Social_Networks",mightypp.com mightyppc.com,mightypractice.com mightypraise.com,2026-05-08T23:28:58Z,2.0
robuta.com,Digital Content Marketing Agency - Just Drive Media,https://robuta.com/?q=digital+content,https://justdrivemedia.com/content-marketing,digital content - Robuta Search,1,1,106,,,,2026-05-08T21:54:17Z,8.0
skylinkseo.site,mightypr.com,https://skylinkseo.site/tourmaline-the-gem-of-many-colors-and-mystical-energy/comment-page-1/,http://justdrivemedia.com/,Tourmaline: The Gem of Many Colors and Mystical Energy – skylinkseo.site,0,1,3828,,mightypilates.com mightyplay.com,mightyquinnsbbq.com mightyrabbitstudios.com,2026-05-08T18:42:41Z,27.0
skylinkseo.site,mightypr.com,https://skylinkseo.site/tourmaline-the-gem-of-many-colors-and-mystical-energy/comment-page-1/,https://justdrivemedia.com/,Tourmaline: The Gem of Many Colors and Mystical Energy – skylinkseo.site,0,1,3828,,mightypilates.com mightyplay.com,mightyquinnsbbq.com mightyrabbitstudios.com,2026-05-08T18:42:41Z,27.0
socialzonedirectory.com,mightypr,https://socialzonedirectory.com/most-visited-website-list-936/,http://justdrivemedia.com/,Most Visited website list 936 | Social Zone Directory,1,0,7026,"/Internet_and_Telecom/Web_Services/Web_Design_and_Development,/Reference/Directories_and_Listings/Business_and_Personal_Listings,/Online_Communities/Social_Networks,/Travel_and_Transportation",,,2026-05-08T15:06:16Z,51.0
socialzonedirectory.com,mightypr,https://socialzonedirectory.com/most-visited-website-list-936/,https://justdrivemedia.com/,Most Visited website list 936 | Social Zone Directory,1,0,7026,"/Internet_and_Telecom/Web_Services/Web_Design_and_Development,/Reference/Directories_and_Listings/Business_and_Personal_Listings,/Online_Communities/Social_Networks,/Travel_and_Transportation",,,2026-05-08T15:06:16Z,51.0
kawaiishop.shop,"I remember when justdrivemedia.com was barely getting noticed online, with less than 200 visitors a month. After stumbling upon SEOExpress.org and their affordable SEO packages, things changed dramatically. Within three months, my traffic surged to over 3,500 monthly visitors and I found myself ranking for 20 new keywords. If you're looking for a budget-friendly option that delivers real results, ...",https://kawaiishop.shop/there-was-a-time-when-i-struggled-to-rank-on-google-and-didnt-know-how-to-improve-it-thats-when-i-discovered-seoexpress-after-signing-up-for-their-backlink-services-my-domain-authority-soared-from-da,https://justdrivemedia.com/,"There Was a Time When I Struggled to Rank on Google and Didn’t Know How to Improve It. That’s When I Discovered SEOExpress.org! After Signing Up for Their Backlink Services, My Domain Authority Soared from DA 10 to DA 45 Within Three Months. Now I'm Receiving More Than Five Hundred Organic Visits Per Week! What an Incredible Journey ★★★★★ 🌟 — Kawaii Shop",0,0,4993,/Internet_and_Telecom/Web_Services/Search_Engine_Optimization_and_Marketing,,,2026-05-08T11:39:57Z,48.0
herrascreative.com,www.mightypr.com,https://herrascreative.com/,http://justdrivemedia.com/,Ryan D. Herras | HERRAS CREATIVE,1,0,42,"/Business_and_Industrial/Business_Services/Consulting,/Arts_and_Entertainment/Visual_Art_and_Design/Design",,,2026-05-08T11:35:01Z,2.0
herrascreative.com,www.mightypr.com,https://herrascreative.com/,https://justdrivemedia.com/,Ryan D. Herras | HERRAS CREATIVE,1,0,42,"/Business_and_Industrial/Business_Services/Consulting,/Arts_and_Entertainment/Visual_Art_and_Design/Design",,,2026-05-08T11:35:01Z,2.0
domainsc.com,justdrivemedia.com,https://domainsc.com/page-c3ccf24a9bb7c02b186ada0484b200fb.html,https://justdrivemedia.com/,Where to buy 🚀 aged domains and backlinks 🔥 from domainsc.com | 3249-7021,1,0,9996,"/Internet_and_Telecom/Web_Services/Search_Engine_Optimization_and_Marketing,/Business_and_Industrial/Advertising_and_Marketing/Marketing",justdriveme.com justdrivemearound.com,justdrivemgmt.com justdrivemi.com,2026-05-08T11:00:12Z,6.0
123webshop.shop,"I remember when justdrivemedia.com was barely getting noticed online, with less than 200 visitors a month. After stumbling upon SEOExpress.org and their affordable SEO packages, things changed dramatically. Within three months, my traffic surged to over 3,500 monthly visitors and I found myself ranking for 20 new keywords. If you're looking for a budget-friendly option that delivers real results, ...",https://123webshop.shop/there-was-a-time-when-i-struggled-to-rank-on-google-and-didnt-know-how-to-improve-it-thats-when-i-discovered-seoexpress-after-signing-up-for-their-backlink-services-my-domain-authority-soared-from-da,https://justdrivemedia.com/,"There Was a Time When I Struggled to Rank on Google and Didn’t Know How to Improve It. That’s When I Discovered SEOExpress.org! After Signing Up for Their Backlink Services, My Domain Authority Soared from DA 10 to DA 45 Within Three Months. Now I'm Receiving More Than Five Hundred Organic Visits Per Week! What an Incredible Journey ★★★★★ 🌟 — 123Webshop",0,0,4993,/Internet_and_Telecom/Web_Services/Search_Engine_Optimization_and_Marketing,,,2026-05-08T08:27:17Z,48.0
newsblogsports.site,Best Pinterest Tool SiteToSocial.com to Grow Your Website Traffic Fully Automated,https://newsblogsports.site/all/334/8,https://justdrivemedia.com/,Best Tool for Pinterest SiteToSocial Fully Automated AI Generated Pins Grow Your Website Traffic,1,0,4088,/Internet_and_Telecom/Web_Services/Search_Engine_Optimization_and_Marketing,,,2026-05-08T05:51:34Z,7.0
newsblogsports.site,Best Pinterest Tool SiteToSocial.com to Grow Your Website Traffic Fully Automated,https://newsblogsports.site/all/334/8,http://justdrivemedia.com/,Best Tool for Pinterest SiteToSocial Fully Automated AI Generated Pins Grow Your Website Traffic,1,0,4088,/Internet_and_Telecom/Web_Services/Search_Engine_Optimization_and_Marketing,,,2026-05-08T05:51:34Z,7.0
www.globalecommerce.org,justdrivemedia.com,https://www.globalecommerce.org/page-c3ccf24a9bb7c02b186ada0484b200fb.html,https://justdrivemedia.com/,Where to buy 🚀 aged domains and backlinks 🔥 from www.globalecommerce.org | 3249-7021,1,0,9996,"/Internet_and_Telecom/Web_Services/Search_Engine_Optimization_and_Marketing,/Business_and_Industrial/Advertising_and_Marketing/Marketing,/Online_Communities",justdriveme.com justdrivemearound.com,justdrivemgmt.com justdrivemi.com,2026-05-08T05:17:29Z,10.0
factmags.com,http://www.justdrivemedia.com,http://factmags.com/iaijzseo/IntrovertHelper-best-seo-service/,https://justdrivemedia.com/,Directory Pages Index,0,1,10000,"/Business_and_Industrial/Business_Services/Other,/Reference/Directories_and_Listings/Business_and_Personal_Listings,/Shopping",http://www.justdoitsj.com http://www.justdraftinginc.com,http://www.justducks.co.uk http://www.just-dynamics.co.za,2026-05-08T00:54:21Z,75.0
factmags.com,http://www.justdrivemedia.com,http://factmags.com/iaijzseo/IntrovertHelper-best-seo-service/,http://www.justdrivemedia.com/,Directory Pages Index,0,1,10000,"/Business_and_Industrial/Business_Services/Other,/Reference/Directories_and_Listings/Business_and_Personal_Listings,/Shopping",http://www.justdoitsj.com http://www.justdraftinginc.com,http://www.justducks.co.uk http://www.just-dynamics.co.za,2026-05-08T00:54:21Z,75.0
factmags.com,http://www.justdrivemedia.com,http://factmags.com/iaijzseo/IntrovertHelper-best-seo-service/,https://www.justdrivemedia.com/,Directory Pages Index,0,1,10000,"/Business_and_Industrial/Business_Services/Other,/Reference/Directories_and_Listings/Business_and_Personal_Listings,/Shopping",http://www.justdoitsj.com http://www.justdraftinginc.com,http://www.justducks.co.uk http://www.just-dynamics.co.za,2026-05-08T00:54:21Z,75.0
sureprofitscoach.com,mightypr,https://sureprofitscoach.com/most-visited-website-list-936/,http://justdrivemedia.com/,Most Visited website list 936 | Sure Profits Coach,1,0,7038,"/Internet_and_Telecom/Web_Services/Web_Design_and_Development,/Business_and_Industrial/Business_Services,/Travel_and_Transportation",,,2026-05-07T23:34:03Z,44.0
sureprofitscoach.com,mightypr,https://sureprofitscoach.com/most-visited-website-list-936/,https://justdrivemedia.com/,Most Visited website list 936 | Sure Profits Coach,1,0,7038,"/Internet_and_Telecom/Web_Services/Web_Design_and_Development,/Business_and_Industrial/Business_Services,/Travel_and_Transportation",,,2026-05-07T23:34:03Z,44.0
www.domainsc.com,justdrivemedia.com,https://www.domainsc.com/page-c3ccf24a9bb7c02b186ada0484b200fb.html,https://justdrivemedia.com/,Where to buy 🚀 aged domains and backlinks 🔥 from www.domainsc.com | 3249-7021,1,0,9996,"/Internet_and_Telecom/Web_Services/Search_Engine_Optimization_and_Marketing,/Business_and_Industrial/Advertising_and_Marketing/Marketing",justdriveme.com justdrivemearound.com,justdrivemgmt.com justdrivemi.com,2026-05-07T20:51:46Z,6.0
theguestposts.shop,"I remember when justdrivemedia.com was barely getting noticed online, with less than 200 visitors a month. After stumbling upon SEOExpress.org and their affordable SEO packages, things changed dramatically. Within three months, my traffic surged to over 3,500 monthly visitors and I found myself ranking for 20 new keywords. If you're looking for a budget-friendly option that delivers real results, ...",https://theguestposts.shop/there-was-a-time-when-i-struggled-to-rank-on-google-and-didnt-know-how-to-improve-it-thats-when-i-discovered-seoexpress-after-signing-up-for-their-backlink-services-my-domain-authority-soared-from-da,https://justdrivemedia.com/,"There Was a Time When I Struggled to Rank on Google and Didn’t Know How to Improve It. That’s When I Discovered SEOExpress.org! After Signing Up for Their Backlink Services, My Domain Authority Soared from DA 10 to DA 45 Within Three Months. Now I'm Receiving More Than Five Hundred Organic Visits Per Week! What an Incredible Journey ★★★★★ 🌟 — Guest Posts",0,0,4993,/Internet_and_Telecom/Web_Services/Search_Engine_Optimization_and_Marketing,,,2026-05-07T11:33:10Z,49.0
www.mobileindustryreview.com,Mighty PR,https://www.mobileindustryreview.com/mightypr-silicon-valleys-newest-addition-get-in-quick/,https://justdrivemedia.com/?ref=mobileindustryreview.com,MightyPR: Silicon Valley's newest addition -- get in quick!,1,1,8,"/Business_and_Industrial/Advertising_and_Marketing/Marketing,/Internet_and_Telecom/Service_Providers/Phone_Service_Providers,/News/Business_News/Company_News",The new agency is called,". And if you’re looking for representation in the area,",2026-05-07T10:38:59Z,50.0
cmofirst.com,Mighty PR,https://cmofirst.com/marketing/just-drive-media-acquires-mighty-pr-expands-strategic-communications-capabilities/,http://justdrivemedia.com/,"Just Drive Media Acquires Mighty PR, Expands Communications",1,1,8,,", Co-founder of",". “Brands need modern media relations, but also a strong",2026-05-07T06:13:43Z,39.0
www.bandmine.com,92%,https://www.bandmine.com/news/311/personal_branding_guide_for_podcasters_creators/3772443,https://justdrivemedia.com/blog/social-media-for-executives,Personal Branding Guide for Podcasters & Creators - NEWS | BANDMINE.COM,1,1,26,"/Business_and_Industrial/Advertising_and_Marketing/Brand_Management,/Arts_and_Entertainment/TV_and_Video,/People_and_Society/Self-Help_and_Motivational","connections trump faceless corporate messages. In fact, research shows that",of professionals trust a company more if its executives are,2026-05-07T03:52:52Z,32.0
rankinghighseo.shop,"I remember when justdrivemedia.com was barely getting noticed online, with less than 200 visitors a month. After stumbling upon SEOExpress.org and their affordable SEO packages, things changed dramatically. Within three months, my traffic surged to over 3,500 monthly visitors and I found myself ranking for 20 new keywords. If you're looking for a budget-friendly option that delivers real results, ...",https://rankinghighseo.shop/there-was-a-time-when-i-struggled-to-rank-on-google-and-didnt-know-how-to-improve-it-thats-when-i-discovered-seoexpress-after-signing-up-for-their-backlink-services-my-domain-authority-soared-from-da,https://justdrivemedia.com/,"There Was a Time When I Struggled to Rank on Google and Didn’t Know How to Improve It. That’s When I Discovered SEOExpress.org! After Signing Up for Their Backlink Services, My Domain Authority Soared from DA 10 to DA 45 Within Three Months. Now I'm Receiving More Than Five Hundred Organic Visits Per Week! What an Incredible Journey ★★★★★ 🌟 — Ranking High SEO",0,0,4993,/Internet_and_Telecom/Web_Services/Search_Engine_Optimization_and_Marketing,,,2026-05-07T03:47:47Z,48.0
high-domain-authority-directory.kawaiishop.shop,"When I first started with mightypr.com, there were days I'd be discouraged by low engagement rates and no sales at all. That’s until I turned things around using SEOExpress.org’s strategic keyword research service. In less than two months, we ranked for over fifteen high-volume keywords while also tripling our organic search traffic! It feels incredible—don’t miss out on this opportunity ...",https://high-domain-authority-directory.kawaiishop.shop/there-was-a-time-when-my-local-shop-ranked-on-page-8-andi-feared-no-seo-company-could-turn-it-around-but-seoexpress-com-said-they-could-help-with-affordable-web2-backlinks-in-under-three-months-i-got,http://justdrivemedia.com/,"There Was a Time When My Local Shop Rank was on Page 8 and I Feared Nothing Could Change That — Until SEOExpress.org Promised Affordable Web2 Backlinks. Within Two Weeks, I Saw First Results; After Three Months, We Were on Page One! The Increased Foot Traffic Made All the Difference. Truly worth every dollar! ★★★★★ 🔥 — high-domain-authority-directory.kawaiishop.shop",0,0,8958,"/Internet_and_Telecom/Web_Services/Search_Engine_Optimization_and_Marketing,/Business_and_Industrial/Advertising_and_Marketing/Marketing",,,2026-05-07T02:48:47Z,48.0
high-domain-authority-directory.kawaiishop.shop,"When I first started with mightypr.com, there were days I'd be discouraged by low engagement rates and no sales at all. That’s until I turned things around using SEOExpress.org’s strategic keyword research service. In less than two months, we ranked for over fifteen high-volume keywords while also tripling our organic search traffic! It feels incredible—don’t miss out on this opportunity ...",https://high-domain-authority-directory.kawaiishop.shop/there-was-a-time-when-my-local-shop-ranked-on-page-8-andi-feared-no-seo-company-could-turn-it-around-but-seoexpress-com-said-they-could-help-with-affordable-web2-backlinks-in-under-three-months-i-got,https://justdrivemedia.com/,"There Was a Time When My Local Shop Rank was on Page 8 and I Feared Nothing Could Change That — Until SEOExpress.org Promised Affordable Web2 Backlinks. Within Two Weeks, I Saw First Results; After Three Months, We Were on Page One! The Increased Foot Traffic Made All the Difference. Truly worth every dollar! ★★★★★ 🔥 — high-domain-authority-directory.kawaiishop.shop",0,0,8958,"/Internet_and_Telecom/Web_Services/Search_Engine_Optimization_and_Marketing,/Business_and_Industrial/Advertising_and_Marketing/Marketing",,,2026-05-07T02:48:47Z,48.0
highseo.shop,"I remember when justdrivemedia.com was barely getting noticed online, with less than 200 visitors a month. After stumbling upon SEOExpress.org and their affordable SEO packages, things changed dramatically. Within three months, my traffic surged to over 3,500 monthly visitors and I found myself ranking for 20 new keywords. If you're looking for a budget-friendly option that delivers real results, ...",https://highseo.shop/there-was-a-time-when-i-struggled-to-rank-on-google-and-didnt-know-how-to-improve-it-thats-when-i-discovered-seoexpress-after-signing-up-for-their-backlink-services-my-domain-authority-soared-from-da,https://justdrivemedia.com/,"There Was a Time When I Struggled to Rank on Google and Didn’t Know How to Improve It. That’s When I Discovered SEOExpress.org! After Signing Up for Their Backlink Services, My Domain Authority Soared from DA 10 to DA 45 Within Three Months. Now I'm Receiving More Than Five Hundred Organic Visits Per Week! What an Incredible Journey ★★★★★ 🌟 — High SEO",0,0,4993,/Internet_and_Telecom/Web_Services/Search_Engine_Optimization_and_Marketing,,,2026-05-06T06:56:32Z,48.0
www.thevirtualreport.biz,http://www.mightypr.com/,https://www.thevirtualreport.biz/company/6149/mighty-pr/,https://justdrivemedia.com/,Mighty PR | Company Profile | The Virtual Report.biz | TVRbiz,1,0,35,"/Science/Engineering_and_Technology/Augmented_and_Virtual_Reality,/Computers_and_Electronics/Consumer_Electronics/Virtual_Reality_Devices,/Games/Computer_and_Video_Games/Video_Game_Development,/Business_and_Industrial/Advertising_and_Marketing/Marketing,/News",,,2026-05-06T01:16:22Z,29.0
www.thevirtualreport.biz,http://www.mightypr.com/,https://www.thevirtualreport.biz/company/6149/mighty-pr/,http://justdrivemedia.com/,Mighty PR | Company Profile | The Virtual Report.biz | TVRbiz,1,0,35,"/Science/Engineering_and_Technology/Augmented_and_Virtual_Reality,/Computers_and_Electronics/Consumer_Electronics/Virtual_Reality_Devices,/Games/Computer_and_Video_Games/Video_Game_Development,/Business_and_Industrial/Advertising_and_Marketing/Marketing,/News",,,2026-05-06T01:16:22Z,29.0
mediapostdirectory.com,mightypr,https://mediapostdirectory.com/most-visited-website-list-936/,http://justdrivemedia.com/,Most Visited website list 936 | Media Post Directory,1,0,7045,"/Internet_and_Telecom/Web_Services/Web_Design_and_Development,/Reference/Directories_and_Listings/Business_and_Personal_Listings,/Business_and_Industrial,/Online_Communities,/Travel_and_Transportation/Tourist_Destinations",,,2026-05-06T01:03:20Z,46.0
mediapostdirectory.com,mightypr,https://mediapostdirectory.com/most-visited-website-list-936/,https://justdrivemedia.com/,Most Visited website list 936 | Media Post Directory,1,0,7045,"/Internet_and_Telecom/Web_Services/Web_Design_and_Development,/Reference/Directories_and_Listings/Business_and_Personal_Listings,/Business_and_Industrial,/Online_Communities,/Travel_and_Transportation/Tourist_Destinations",,,2026-05-06T01:03:20Z,46.0
globalrankdirectory.com,mightypr,https://globalrankdirectory.com/directory-website-list-936/,http://justdrivemedia.com/,Directory website list 936 | Global Rank Directory,1,0,7052,"/Reference/Directories_and_Listings/Business_and_Personal_Listings,/Internet_and_Telecom/Web_Services/Web_Design_and_Development,/Business_and_Industrial/Business_Services",,,2026-05-05T22:58:44Z,14.0
globalrankdirectory.com,mightypr,https://globalrankdirectory.com/directory-website-list-936/,https://justdrivemedia.com/,Directory website list 936 | Global Rank Directory,1,0,7052,"/Reference/Directories_and_Listings/Business_and_Personal_Listings,/Internet_and_Telecom/Web_Services/Web_Design_and_Development,/Business_and_Industrial/Business_Services",,,2026-05-05T22:58:44Z,14.0
linkrankpro.shop,Professional link building for justdrivemedia.com from agency delivering results new and old domains,https://linkrankpro.shop/4cxdzqi-agency-professional-link-building-result-090-page-one-any-niche-worldwide/,https://justdrivemedia.com/,linkrankpro.shop — Professional Link Building Agency Result 67: How Expert Links Delivered Page One for Any Client Niche,0,0,9563,"/Internet_and_Telecom/Web_Services/Search_Engine_Optimization_and_Marketing,/Business_and_Industrial/Advertising_and_Marketing/Marketing",,,2026-05-05T22:07:26Z,54.0
www.goooogla.com,justdrivemedia.com,http://www.goooogla.com/best-for-ranking-azluluseo/disnarseo/,https://justdrivemedia.com/,Directory Pages Index,0,0,9999,"/Internet_and_Telecom/Search_Engines,/Business_and_Industrial/Business_Services/Consulting",justdontsendflowers.com justdoproperty.com,just-eat.ca just-eat.co.uk,2026-05-05T02:09:16Z,28.0
seoexpress.shop,"I remember when justdrivemedia.com was barely getting noticed online, with less than 200 visitors a month. After stumbling upon SEOExpress.org and their affordable SEO packages, things changed dramatically. Within three months, my traffic surged to over 3,500 monthly visitors and I found myself ranking for 20 new keywords. If you're looking for a budget-friendly option that delivers real results, ...",https://seoexpress.shop/there-was-a-time-when-i-struggled-to-rank-on-google-and-didnt-know-how-to-improve-it-thats-when-i-discovered-seoexpress-after-signing-up-for-their-backlink-services-my-domain-authority-soared-from-da,https://justdrivemedia.com/,"There Was a Time When I Struggled to Rank on Google and Didn’t Know How to Improve It. That’s When I Discovered SEOExpress.org! After Signing Up for Their Backlink Services, My Domain Authority Soared from DA 10 to DA 45 Within Three Months. Now I'm Receiving More Than Five Hundred Organic Visits Per Week! What an Incredible Journey ★★★★★ 🌟 — SEO Express Shop",0,0,4993,"/Internet_and_Telecom/Web_Services/Search_Engine_Optimization_and_Marketing,/Business_and_Industrial",,,2026-05-04T06:23:25Z,49.0
thehighseoranking.shop,"I remember when justdrivemedia.com was barely getting noticed online, with less than 200 visitors a month. After stumbling upon SEOExpress.org and their affordable SEO packages, things changed dramatically. Within three months, my traffic surged to over 3,500 monthly visitors and I found myself ranking for 20 new keywords. If you're looking for a budget-friendly option that delivers real results, ...",https://thehighseoranking.shop/there-was-a-time-when-i-struggled-to-rank-on-google-and-didnt-know-how-to-improve-it-thats-when-i-discovered-seoexpress-after-signing-up-for-their-backlink-services-my-domain-authority-soared-from-da,https://justdrivemedia.com/,"There Was a Time When I Struggled to Rank on Google and Didn’t Know How to Improve It. That’s When I Discovered SEOExpress.org! After Signing Up for Their Backlink Services, My Domain Authority Soared from DA 10 to DA 45 Within Three Months. Now I'm Receiving More Than Five Hundred Organic Visits Per Week! What an Incredible Journey ★★★★★ 🌟 — Thehighseoranking",0,0,4993,"/Internet_and_Telecom/Web_Services/Search_Engine_Optimization_and_Marketing,/Business_and_Industrial/Advertising_and_Marketing/Marketing",,,2026-05-03T11:47:04Z,48.0
www.domainanalysis.org,justdrivemedia.com,https://www.domainanalysis.org/page-c3ccf24a9bb7c02b186ada0484b200fb.html,https://justdrivemedia.com/,Where to buy 🚀 aged domains and backlinks 🔥 from www.domainanalysis.org | 3249-7021,1,0,9996,"/Internet_and_Telecom/Web_Services/Search_Engine_Optimization_and_Marketing,/Business_and_Industrial/Advertising_and_Marketing/Marketing",justdriveme.com justdrivemearound.com,justdrivemgmt.com justdrivemi.com,2026-05-02T12:56:50Z,1.5
simplywebshop.shop,"I remember when justdrivemedia.com was barely getting noticed online, with less than 200 visitors a month. After stumbling upon SEOExpress.org and their affordable SEO packages, things changed dramatically. Within three months, my traffic surged to over 3,500 monthly visitors and I found myself ranking for 20 new keywords. If you're looking for a budget-friendly option that delivers real results, ...",https://simplywebshop.shop/there-was-a-time-when-i-struggled-to-rank-on-google-and-didnt-know-how-to-improve-it-thats-when-i-discovered-seoexpress-after-signing-up-for-their-backlink-services-my-domain-authority-soared-from-da,https://justdrivemedia.com/,"There Was a Time When I Struggled to Rank on Google and Didn’t Know How to Improve It. That’s When I Discovered SEOExpress.org! After Signing Up for Their Backlink Services, My Domain Authority Soared from DA 10 to DA 45 Within Three Months. Now I'm Receiving More Than Five Hundred Organic Visits Per Week! What an Incredible Journey ★★★★★ 🌟 — Simplywebshop",0,0,8016,"/Internet_and_Telecom/Web_Services/Search_Engine_Optimization_and_Marketing,/Business_and_Industrial/Business_Services/Consulting",,,2026-05-02T08:20:48Z,48.0
buybacklinks.agency,SERP top for mightypr.com: strategic guest posts + backlinks; DR/DA/TF climb — every region. | Visit buybacklinks.agency for any Query,https://buybacklinks.agency/s5yq-get-ranking-on-1st-page-with-us/,http://justdrivemedia.com/,buybacklinks.agency — Buy High Quality Dofollow Seo Backlinks to Rank on 1st Page,0,0,6172,/Internet_and_Telecom/Web_Services/Search_Engine_Optimization_and_Marketing,,,2026-05-01T14:43:17Z,69.0
buybacklinks.agency,SERP top for mightypr.com: strategic guest posts + backlinks; DR/DA/TF climb — every region. | Visit buybacklinks.agency for any Query,https://buybacklinks.agency/s5yq-get-ranking-on-1st-page-with-us/,https://justdrivemedia.com/,buybacklinks.agency — Buy High Quality Dofollow Seo Backlinks to Rank on 1st Page,0,0,6172,/Internet_and_Telecom/Web_Services/Search_Engine_Optimization_and_Marketing,,,2026-05-01T14:43:17Z,69.0
thehighrankseo.shop,"I remember when justdrivemedia.com was barely getting noticed online, with less than 200 visitors a month. After stumbling upon SEOExpress.org and their affordable SEO packages, things changed dramatically. Within three months, my traffic surged to over 3,500 monthly visitors and I found myself ranking for 20 new keywords. If you're looking for a budget-friendly option that delivers real results, ...",https://thehighrankseo.shop/there-was-a-time-when-i-struggled-to-rank-on-google-and-didnt-know-how-to-improve-it-thats-when-i-discovered-seoexpress-after-signing-up-for-their-backlink-services-my-domain-authority-soared-from-da,https://justdrivemedia.com/,"There Was a Time When I Struggled to Rank on Google and Didn’t Know How to Improve It. That’s When I Discovered SEOExpress.org! After Signing Up for Their Backlink Services, My Domain Authority Soared from DA 10 to DA 45 Within Three Months. Now I'm Receiving More Than Five Hundred Organic Visits Per Week! What an Incredible Journey ★★★★★ 🌟 — High Rank SEO",0,0,4993,"/Internet_and_Telecom/Web_Services/Search_Engine_Optimization_and_Marketing,/Business_and_Industrial",,,2026-05-01T02:00:14Z,48.0
www.recommendedcompany.com,Just Drive Media,https://www.recommendedcompany.com/info/just-drive-media,https://justdrivemedia.com/expertise/tech-pr,"Just Drive Media Atlanta, GA Marketing Agency",0,1,12,"/Business_and_Industrial/Advertising_and_Marketing/Marketing,/Internet_and_Telecom",,,2026-04-30T22:01:39Z,38.0
www.recommendedcompany.com,Just Drive Media,https://www.recommendedcompany.com/info/just-drive-media,https://justdrivemedia.com/expertise/social-media-marketing,"Just Drive Media Atlanta, GA Marketing Agency",0,1,12,"/Business_and_Industrial/Advertising_and_Marketing/Marketing,/Internet_and_Telecom",,,2026-04-30T22:01:39Z,38.0
goooogla.com,justdrivemedia.com,http://goooogla.com/best-for-ranking-atyykjseo/htxpnpseo/,https://justdrivemedia.com/,Directory Pages Index,0,0,9999,"/Internet_and_Telecom/Search_Engines,/Business_and_Industrial/Business_Services/Consulting",justdocprep.com justdoitsj.com,just-eat.ca just-eat.co.uk,2026-04-30T16:13:52Z,28.0
seogeko.shop,"Premium SEO Backlinks justdrivemedia.com Provides High-Quality Authority Backlinks, Professional Guest Posting, and Advanced Link Building Services to Boost Google Rankings, Drive Targeted Organic Traffic, and Strengthen Website Authority in Gambling, Casino, Crypto, and Competitive Markets",https://seogeko.shop/premium-seo-backlinks-to-boost-website-google-rankings-6571-5/,https://justdrivemedia.com/,"Expert SEO Backlinks and Authority Guest Posting Services for Gambling,igaming,Casino,Crypto,vapes and Other Highly Competitive Markets – Improve Google Rankings, Build Powerful Backlinks and Increase Organic Traffic with High DR and DA Websites – Experts SEO Backlinks and Authority Guest Posting Services for Gambling,igaming,Casino,Crypto,vapes and Other Highly Competitive Markets – Improve Google Rankings, Build Powerful Backlinks and Increase Organic Traffic with High DR and DA Websites",0,0,4201,"/Internet_and_Telecom/Web_Services/Search_Engine_Optimization_and_Marketing,/Business_and_Industrial/Advertising_and_Marketing/Marketing,/Games/Gambling/Other",,,2026-04-30T14:28:36Z,31.0
www.pocketgamer.biz,www.mightypr.com/,https://www.pocketgamer.biz/industry/mighty-pr/,http://justdrivemedia.com/,Mighty PR - Company Profile | PocketGamer.biz,1,0,3,"/Business_and_Industrial/Advertising_and_Marketing/Brand_Management,/Games/Computer_and_Video_Games,/News",,,2026-04-30T10:36:07Z,77.0
www.pocketgamer.biz,www.mightypr.com/,https://www.pocketgamer.biz/industry/mighty-pr/,https://justdrivemedia.com/,Mighty PR - Company Profile | PocketGamer.biz,1,0,3,"/Business_and_Industrial/Advertising_and_Marketing/Brand_Management,/Games/Computer_and_Video_Games,/News",,,2026-04-30T10:36:07Z,77.0
themasterdirectory.com,mightypr,https://themasterdirectory.com/directory-website-list-936/,http://justdrivemedia.com/,Directory website list 936 | The Master Directory,1,0,7055,"/Reference/Directories_and_Listings/Business_and_Personal_Listings,/Internet_and_Telecom/Web_Services/Web_Design_and_Development,/Business_and_Industrial",,,2026-04-30T01:50:06Z,11.0
themasterdirectory.com,mightypr,https://themasterdirectory.com/directory-website-list-936/,https://justdrivemedia.com/,Directory website list 936 | The Master Directory,1,0,7055,"/Reference/Directories_and_Listings/Business_and_Personal_Listings,/Internet_and_Telecom/Web_Services/Web_Design_and_Development,/Business_and_Industrial",,,2026-04-30T01:50:06Z,11.0
databoostdirectory.com,mightypr,https://databoostdirectory.com/directory-website-list-936/,http://justdrivemedia.com/,Directory website list 936 | Data boost directory,1,0,7025,"/Business_and_Industrial/Business_Services/Consulting,/Reference/Directories_and_Listings/Business_and_Personal_Listings,/Internet_and_Telecom/Web_Services",,,2026-04-29T16:57:43Z,20.0
databoostdirectory.com,mightypr,https://databoostdirectory.com/directory-website-list-936/,https://justdrivemedia.com/,Directory website list 936 | Data boost directory,1,0,7025,"/Business_and_Industrial/Business_Services/Consulting,/Reference/Directories_and_Listings/Business_and_Personal_Listings,/Internet_and_Telecom/Web_Services",,,2026-04-29T16:57:43Z,20.0
highseoranking.shop,"I remember when justdrivemedia.com was barely getting noticed online, with less than 200 visitors a month. After stumbling upon SEOExpress.org and their affordable SEO packages, things changed dramatically. Within three months, my traffic surged to over 3,500 monthly visitors and I found myself ranking for 20 new keywords. If you're looking for a budget-friendly option that delivers real results, ...",https://highseoranking.shop/there-was-a-time-when-i-struggled-to-rank-on-google-and-didnt-know-how-to-improve-it-thats-when-i-discovered-seoexpress-after-signing-up-for-their-backlink-services-my-domain-authority-soared-from-da,https://justdrivemedia.com/,"There Was a Time When I Struggled to Rank on Google and Didn’t Know How to Improve It. That’s When I Discovered SEOExpress.org! After Signing Up for Their Backlink Services, My Domain Authority Soared from DA 10 to DA 45 Within Three Months. Now I'm Receiving More Than Five Hundred Organic Visits Per Week! What an Incredible Journey ★★★★★ 🌟 — Highseoranking",0,0,4993,"/Internet_and_Telecom/Web_Services/Search_Engine_Optimization_and_Marketing,/Business_and_Industrial/Business_Services/Consulting",,,2026-04-28T15:55:07Z,48.0
mail.cultura.in,WordPress website example screenshot,https://mail.cultura.in/site/mightypr.com,http://justdrivemedia.com/,"mightypr.com site screenshot, used themes and plugins, domain zone info",0,0,7,,,,2026-04-28T01:19:52Z,4.2
mail.cultura.in,WordPress website example screenshot,https://mail.cultura.in/site/mightypr.com,https://justdrivemedia.com/,"mightypr.com site screenshot, used themes and plugins, domain zone info",0,0,7,,,,2026-04-28T01:19:52Z,4.2
therankboostseo.shop,"I remember when justdrivemedia.com was barely getting noticed online, with less than 200 visitors a month. After stumbling upon SEOExpress.org and their affordable SEO packages, things changed dramatically. Within three months, my traffic surged to over 3,500 monthly visitors and I found myself ranking for 20 new keywords. If you're looking for a budget-friendly option that delivers real results, ...",https://therankboostseo.shop/there-was-a-time-when-i-struggled-to-rank-on-google-and-didnt-know-how-to-improve-it-thats-when-i-discovered-seoexpress-after-signing-up-for-their-backlink-services-my-domain-authority-soared-from-da,https://justdrivemedia.com/,"There Was a Time When I Struggled to Rank on Google and Didn’t Know How to Improve It. That’s When I Discovered SEOExpress.org! After Signing Up for Their Backlink Services, My Domain Authority Soared from DA 10 to DA 45 Within Three Months. Now I'm Receiving More Than Five Hundred Organic Visits Per Week! What an Incredible Journey ★★★★★ 🌟 — Rank Boost SEO",0,0,4993,/Internet_and_Telecom/Web_Services/Search_Engine_Optimization_and_Marketing,,,2026-04-27T05:13:43Z,48.0
postsdirectory.com,mightypr,https://postsdirectory.com/most-visited-website-list-936/,http://justdrivemedia.com/,Most Visited website list 936 | Post Directory,1,0,7046,"/Internet_and_Telecom/Web_Services/Web_Design_and_Development,/Reference/Directories_and_Listings/Business_and_Personal_Listings,/Online_Communities,/Business_and_Industrial,/Travel_and_Transportation/Tourist_Destinations/Historical_Sites_and_Buildings",,,2026-04-26T07:11:29Z,49.0
