name_source,anchor,url_from,url_to,title,is_dofollow,is_content,links_external,page_category_source,snippet_left,snippet_right,first_seen_link,domain_rating_source
revenuebase.ai,Mighty,https://revenuebase.ai/companies/sports-pr-agencies/united-states/san-francisco,https://justdrivemedia.com/,"Top 14 Sports pr agencies based in San Francisco, United States",0,1,31,"/Sports/Team_Sports/Soccer,/Business_and_Industrial/Advertising_and_Marketing",,,2026-09-26T06:21:30Z,45.0
revenuebase.ai,Mighty,https://revenuebase.ai/companies/sports-pr-agencies/united-states/san-francisco,http://justdrivemedia.com/,"Top 14 Sports pr agencies based in San Francisco, United States",0,1,31,"/Sports/Team_Sports/Soccer,/Business_and_Industrial/Advertising_and_Marketing",,,2026-09-26T06:21:30Z,45.0
37486413.xyz,"I remember when justdrivemedia.com was barely getting noticed online, with less than 200 visitors a month. After stumbling upon SEOExpress.org and their affordable SEO packages, things changed dramatically. Within three months, my traffic surged to over 3,500 monthly visitors and I found myself ranking for 20 new keywords. If you're looking for a budget-friendly option that delivers real results, ...",https://37486413.xyz/there-was-a-time-when-i-struggled-to-rank-on-google-and-didnt-know-how-to-improve-it-thats-when-i-discovered-seoexpress-after-signing-up-for-their-backlink-services-my-domain-authority-soared-from-da,https://justdrivemedia.com/,"There Was a Time When I Struggled to Rank on Google and Didn’t Know How to Improve It. That’s When I Discovered SEOExpress.org! After Signing Up for Their Backlink Services, My Domain Authority Soared from DA 10 to DA 45 Within Three Months. Now I'm Receiving More Than Five Hundred Organic Visits Per Week! What an Incredible Journey ★★★★★ 🌟 — 37486413.xyz",0,0,8006,"/Internet_and_Telecom/Web_Services/Search_Engine_Optimization_and_Marketing,/Business_and_Industrial/Advertising_and_Marketing/Marketing",,,2026-09-26T02:36:37Z,46.0
www.yellowpages.com,Website,https://www.yellowpages.com/albany-ca/night-clubs,http://justdrivemedia.com/,"Best 30 Night Clubs in Albany, CA with Reviews | The Real Yellow Pages®",0,0,62,"/Arts_and_Entertainment/Events_and_Listings/Bars,_Clubs_and_Nightlife,/Hobbies_and_Leisure,/Business_and_Industrial/Hospitality_Industry",,,2026-09-25T23:47:38Z,89.0
www.yellowpages.com,Website,https://www.yellowpages.com/albany-ca/night-clubs,https://justdrivemedia.com/,"Best 30 Night Clubs in Albany, CA with Reviews | The Real Yellow Pages®",0,0,62,"/Arts_and_Entertainment/Events_and_Listings/Bars,_Clubs_and_Nightlife,/Hobbies_and_Leisure,/Business_and_Industrial/Hospitality_Industry",,,2026-09-25T23:47:38Z,89.0
revenuebase.ai,Mighty,https://revenuebase.ai/companies/retail-pr-and-communications-firms/united-states/san-francisco,http://justdrivemedia.com/,"Top 25 Retail pr and communications firms based in San Francisco, United States",0,1,46,/Business_and_Industrial/Retail_Trade/Retail_Equipment_and_Technology,,,2026-09-25T23:04:26Z,45.0
revenuebase.ai,Mighty,https://revenuebase.ai/companies/retail-pr-and-communications-firms/united-states/san-francisco,https://justdrivemedia.com/,"Top 25 Retail pr and communications firms based in San Francisco, United States",0,1,46,/Business_and_Industrial/Retail_Trade/Retail_Equipment_and_Technology,,,2026-09-25T23:04:26Z,45.0
www.britopian.com,"feature authentic voices. LinkedIn remains king of reach and trust[46][14], but real traction often",https://www.britopian.com/wp-content/uploads/2025/12/Trends-and-Forecasts-in-B2B-Influencer-Marketing-for-Tech-Brands-2026.pdf,https://justdrivemedia.com/blog/how-linkedin-creators-can-elevate-your-b2b-marketing-strategy,Trends and Forecasts in B2B Influencer Marketing for Tech Brands 2026,1,1,25,/Business_and_Industrial/Advertising_and_Marketing/Marketing,for B2B influence is shifting toward platforms and formats that,happens when content flows through private and peer-led channels -,2026-09-25T16:58:43Z,62.0
revenuebase.ai,Mighty,https://revenuebase.ai/companies/restaurant-pr-agencies/united-states/san-francisco,http://justdrivemedia.com/,"Top 20 Restaurant pr agencies based in San Francisco, United States",0,1,43,"/Business_and_Industrial/Hospitality_Industry/Food_Service,/Food_and_Drink/Restaurants/Restaurant_Reviews_and_Reservations",,,2026-09-25T16:52:44Z,45.0
revenuebase.ai,Mighty,https://revenuebase.ai/companies/restaurant-pr-agencies/united-states/san-francisco,https://justdrivemedia.com/,"Top 20 Restaurant pr agencies based in San Francisco, United States",0,1,43,"/Business_and_Industrial/Hospitality_Industry/Food_Service,/Food_and_Drink/Restaurants/Restaurant_Reviews_and_Reservations",,,2026-09-25T16:52:44Z,45.0
revenuebase.ai,Mighty,https://revenuebase.ai/companies/press-relations-agencies/united-states/san-francisco,https://justdrivemedia.com/,"Top 25 Press relations agencies based in San Francisco, United States",0,1,46,"/Business_and_Industrial/Advertising_and_Marketing/Public_Relations,/News/Business_News/Company_News",,,2026-09-25T14:36:00Z,45.0
revenuebase.ai,Mighty,https://revenuebase.ai/companies/press-relations-agencies/united-states/san-francisco,http://justdrivemedia.com/,"Top 25 Press relations agencies based in San Francisco, United States",0,1,46,"/Business_and_Industrial/Advertising_and_Marketing/Public_Relations,/News/Business_News/Company_News",,,2026-09-25T14:36:00Z,45.0
revenuebase.ai,Mighty,https://revenuebase.ai/companies/luxury-pr-agencies/united-states/san-francisco,http://justdrivemedia.com/,"Top 25 Luxury pr agencies based in San Francisco, United States",0,1,51,/Business_and_Industrial/Business_Services/Consulting,,,2026-09-25T11:34:56Z,45.0
revenuebase.ai,Mighty,https://revenuebase.ai/companies/luxury-pr-agencies/united-states/san-francisco,https://justdrivemedia.com/,"Top 25 Luxury pr agencies based in San Francisco, United States",0,1,51,/Business_and_Industrial/Business_Services/Consulting,,,2026-09-25T11:34:56Z,45.0
www.pcgamesinsider.biz,http://www.mightypr.com/,https://www.pcgamesinsider.biz/company/6149/mighty-pr/,http://justdrivemedia.com/,Mighty PR | Company Profile | PC Games Insider,1,0,38,"/Games/Computer_and_Video_Games/Video_Game_Development,/Business_and_Industrial/Advertising_and_Marketing/Marketing,/Computers_and_Electronics",,,2026-09-25T07:49:39Z,55.0
www.pcgamesinsider.biz,http://www.mightypr.com/,https://www.pcgamesinsider.biz/company/6149/mighty-pr/,https://justdrivemedia.com/,Mighty PR | Company Profile | PC Games Insider,1,0,38,"/Games/Computer_and_Video_Games/Video_Game_Development,/Business_and_Industrial/Advertising_and_Marketing/Marketing,/Computers_and_Electronics",,,2026-09-25T07:49:39Z,55.0
revenuebase.ai,Mighty,https://revenuebase.ai/companies/food-communications-agencies/united-states/san-francisco,https://justdrivemedia.com/,"Top 25 Food communications agencies based in San Francisco, United States",0,1,54,"/Food_and_Drink/Restaurants/Fast_Food,/Business_and_Industrial/Hospitality_Industry/Food_Service",,,2026-09-25T07:33:48Z,45.0
revenuebase.ai,Mighty,https://revenuebase.ai/companies/food-communications-agencies/united-states/san-francisco,http://justdrivemedia.com/,"Top 25 Food communications agencies based in San Francisco, United States",0,1,54,"/Food_and_Drink/Restaurants/Fast_Food,/Business_and_Industrial/Hospitality_Industry/Food_Service",,,2026-09-25T07:33:48Z,45.0
revenuebase.ai,Mighty,https://revenuebase.ai/companies/corporate-pr-agencies/united-states/san-francisco,http://justdrivemedia.com/,"Top 25 Corporate pr agencies based in San Francisco, United States",0,1,47,/Business_and_Industrial/Business_Services/Consulting,,,2026-09-25T05:33:42Z,45.0
revenuebase.ai,Mighty,https://revenuebase.ai/companies/corporate-pr-agencies/united-states/san-francisco,https://justdrivemedia.com/,"Top 25 Corporate pr agencies based in San Francisco, United States",0,1,47,/Business_and_Industrial/Business_Services/Consulting,,,2026-09-25T05:33:42Z,45.0
revenuebase.ai,Mighty,https://revenuebase.ai/companies/digital-pr-companies/united-states/san-francisco,https://justdrivemedia.com/,"Top 25 Digital pr companies based in San Francisco, United States",0,1,53,"/Business_and_Industrial/Business_Services/Consulting,/Computers_and_Electronics,/Reference/Directories_and_Listings/Business_and_Personal_Listings,/Internet_and_Telecom/Web_Services",,,2026-09-25T04:21:07Z,45.0
revenuebase.ai,Mighty,https://revenuebase.ai/companies/digital-pr-companies/united-states/san-francisco,http://justdrivemedia.com/,"Top 25 Digital pr companies based in San Francisco, United States",0,1,53,"/Business_and_Industrial/Business_Services/Consulting,/Computers_and_Electronics,/Reference/Directories_and_Listings/Business_and_Personal_Listings,/Internet_and_Telecom/Web_Services",,,2026-09-25T04:21:07Z,45.0
revenuebase.ai,Mighty,https://revenuebase.ai/companies/cpg-pr-agencies/united-states/san-francisco,https://justdrivemedia.com/,"Top 23 Cpg pr agencies based in San Francisco, United States",0,1,48,"/Business_and_Industrial/Advertising_and_Marketing/Marketing,/Reference/Directories_and_Listings/Business_and_Personal_Listings",,,2026-09-25T03:59:09Z,45.0
revenuebase.ai,Mighty,https://revenuebase.ai/companies/cpg-pr-agencies/united-states/san-francisco,http://justdrivemedia.com/,"Top 23 Cpg pr agencies based in San Francisco, United States",0,1,48,"/Business_and_Industrial/Advertising_and_Marketing/Marketing,/Reference/Directories_and_Listings/Business_and_Personal_Listings",,,2026-09-25T03:59:09Z,45.0
revenuebase.ai,Mighty,https://revenuebase.ai/companies/alcohol-pr-agencies/united-states/san-francisco,http://justdrivemedia.com/,"Top 25 Alcohol pr agencies based in San Francisco, United States",0,1,52,/Business_and_Industrial/Advertising_and_Marketing/Public_Relations,,,2026-09-24T22:44:15Z,45.0
revenuebase.ai,Mighty,https://revenuebase.ai/companies/alcohol-pr-agencies/united-states/san-francisco,https://justdrivemedia.com/,"Top 25 Alcohol pr agencies based in San Francisco, United States",0,1,52,/Business_and_Industrial/Advertising_and_Marketing/Public_Relations,,,2026-09-24T22:44:15Z,45.0
productrank.ai,,https://productrank.ai/product/mighty,https://justdrivemedia.com/,Mighty - AI Product Rankings,1,0,6,"/Science/Computer_Science/Machine_Learning_and_Artificial_Intelligence,/Computers_and_Electronics/Software,/Business_and_Industrial,/Internet_and_Telecom/Search_Engines/People_Search",,,2026-09-24T20:42:16Z,36.0
productrank.ai,,https://productrank.ai/product/mighty,http://justdrivemedia.com/,Mighty - AI Product Rankings,1,0,6,"/Science/Computer_Science/Machine_Learning_and_Artificial_Intelligence,/Computers_and_Electronics/Software,/Business_and_Industrial,/Internet_and_Telecom/Search_Engines/People_Search",,,2026-09-24T20:42:16Z,36.0
s-tribe.net,High Quality Dofollow Backlinks DA 50 PA 40 Premium PBN Network Service mightypr.com Rank First Page Google Fast SEO Link Building Buy Backlinks Online Cheap,https://s-tribe.net/link-placement-hub/reliable-guest-post-service-for-higher-da-and-dr-scores-outrank-your-competitors-across-every-niche-and-market-bbc5df.html,https://justdrivemedia.com/,"Reliable Guest Post Service for Higher DA and DR Scores. Outrank Your Competitors, Across Every Niche and Market.",1,1,3724,"/Business_and_Industrial/Shipping_and_Logistics/Mail_and_Package_Delivery,/Internet_and_Telecom/Web_Services/Web_Stats_and_Analytics",,,2026-09-24T20:21:36Z,3.1
s-tribe.net,High Quality Dofollow Backlinks DA 50 PA 40 Premium PBN Network Service mightypr.com Rank First Page Google Fast SEO Link Building Buy Backlinks Online Cheap,https://s-tribe.net/link-placement-hub/reliable-guest-post-service-for-higher-da-and-dr-scores-outrank-your-competitors-across-every-niche-and-market-bbc5df.html,http://justdrivemedia.com/,"Reliable Guest Post Service for Higher DA and DR Scores. Outrank Your Competitors, Across Every Niche and Market.",1,1,3724,"/Business_and_Industrial/Shipping_and_Logistics/Mail_and_Package_Delivery,/Internet_and_Telecom/Web_Services/Web_Stats_and_Analytics",,,2026-09-24T20:21:36Z,3.1
s-tribe.net,High Quality Dofollow Backlinks DA 50 PA 40 Premium PBN Network Service justdrivemedia.com Rank First Page Google Fast SEO Link Building Buy Backlinks Online Cheap,https://s-tribe.net/indexation-directory/reliable-pbn-backlinks-designed-to-improve-da-dr-and-tf-strengthen-website-reputation-across-every-niche-and-market-891065.html,https://justdrivemedia.com/,"Reliable PBN Backlinks Designed to Improve DA, DR and TF. Strengthen Website Reputation, Across Every Niche and Market.",1,1,3614,"/Internet_and_Telecom/Web_Services/Web_Design_and_Development,/Business_and_Industrial/Business_Services/E-Commerce_Services,/Computers_and_Electronics/Networking/Networking_Equipment",,,2026-09-24T18:21:54Z,3.1
premiumseo.shop,mightypr.com,https://premiumseo.shop/abmb-get-ranking-on-1st-page-with-us,https://justdrivemedia.com/,Buy High Quality Dofollow Seo Backlinks to Rank on 1st Page,0,1,9250,"/Food_and_Drink/Restaurants/Restaurant_Reviews_and_Reservations,/Shopping,/Business_and_Industrial/Business_Services/E-Commerce_Services,/Internet_and_Telecom/Web_Services/Search_Engine_Optimization_and_Marketing",,,2026-09-24T13:42:18Z,8.0
premiumseo.shop,mightypr.com,https://premiumseo.shop/abmb-get-ranking-on-1st-page-with-us,http://justdrivemedia.com/,Buy High Quality Dofollow Seo Backlinks to Rank on 1st Page,0,1,9250,"/Food_and_Drink/Restaurants/Restaurant_Reviews_and_Reservations,/Shopping,/Business_and_Industrial/Business_Services/E-Commerce_Services,/Internet_and_Telecom/Web_Services/Search_Engine_Optimization_and_Marketing",,,2026-09-24T13:42:18Z,8.0
seolinkchecker.site,justdrivemedia.com Premium Authority Backlinks for Better Search Visibility,https://seolinkchecker.site/dir/ethical-seo-backlinks-109933,https://justdrivemedia.com/,"Premium SEO Link Building Services for Building Strong Website Backlinks, Improving Search Engine Authority, Increasing Rankings, and Growing Organic Visitors - Page 109,933",1,1,1171,"/Internet_and_Telecom/Web_Services/Search_Engine_Optimization_and_Marketing,/Business_and_Industrial/Advertising_and_Marketing/Marketing",,,2026-09-24T08:54:20Z,0.0
revenuebase.ai,Mighty,https://revenuebase.ai/companies/entertainment-public-relations-agencies/united-states/san-francisco,http://justdrivemedia.com/,"Top 25 Entertainment public relations agencies based in San Francisco, United States",0,1,47,"/Business_and_Industrial/Advertising_and_Marketing/Public_Relations,/Arts_and_Entertainment/Entertainment_Industry/Film_and_TV_Industry,/News/Business_News/Company_News",,,2026-09-24T08:40:11Z,45.0
revenuebase.ai,Mighty,https://revenuebase.ai/companies/entertainment-public-relations-agencies/united-states/san-francisco,https://justdrivemedia.com/,"Top 25 Entertainment public relations agencies based in San Francisco, United States",0,1,47,"/Business_and_Industrial/Advertising_and_Marketing/Public_Relations,/Arts_and_Entertainment/Entertainment_Industry/Film_and_TV_Industry,/News/Business_News/Company_News",,,2026-09-24T08:40:11Z,45.0
revenuebase.ai,Mighty,https://revenuebase.ai/companies/entertainment-public-relations-firms/united-states/san-francisco,https://justdrivemedia.com/,"Top 25 Entertainment public relations firms based in San Francisco, United States",0,1,50,"/Business_and_Industrial/Advertising_and_Marketing/Public_Relations,/Arts_and_Entertainment/Entertainment_Industry/Film_and_TV_Industry,/News/Business_News/Company_News",,,2026-09-24T08:39:47Z,45.0
revenuebase.ai,Mighty,https://revenuebase.ai/companies/entertainment-public-relations-firms/united-states/san-francisco,http://justdrivemedia.com/,"Top 25 Entertainment public relations firms based in San Francisco, United States",0,1,50,"/Business_and_Industrial/Advertising_and_Marketing/Public_Relations,/Arts_and_Entertainment/Entertainment_Industry/Film_and_TV_Industry,/News/Business_News/Company_News",,,2026-09-24T08:39:47Z,45.0
topseochecker.online,justdrivemedia.com Premium Authority Backlinks for Better Search Visibility,https://topseochecker.online/dir/ethical-seo-backlinks-109933,https://justdrivemedia.com/,"Premium SEO Link Building Services for Building Strong Website Backlinks, Improving Search Engine Authority, Increasing Rankings, and Growing Organic Visitors - Page 109,933",1,1,1172,"/Internet_and_Telecom/Web_Services/Search_Engine_Optimization_and_Marketing,/Business_and_Industrial/Advertising_and_Marketing/Marketing",,,2026-09-24T05:44:06Z,0.0
bunero.shop,"High Quality PBN Backlinks for justdrivemedia.com to Boost Domain Authority. Outrank Your Competitors, Across Every Niche and Market.",https://bunero.shop/domain-rating-index/proven-pbn-backlinks-to-raise-domain-rating-secure-first-page-positions-across-every-niche-and-market-33a48f.html,https://justdrivemedia.com/,"Proven PBN Backlinks to Raise Domain Rating. Secure First Page Positions, Across Every Niche and Market.",1,1,5715,"/Internet_and_Telecom/Web_Services/Search_Engine_Optimization_and_Marketing,/Business_and_Industrial/Advertising_and_Marketing/Marketing",,,2026-09-24T04:55:31Z,61.0
dadrpachecker.website,justdrivemedia.com Premium Authority Backlinks for Better Search Visibility,https://dadrpachecker.website/dir/ethical-seo-backlinks-109933,https://justdrivemedia.com/,"Premium SEO Link Building Services for Building Strong Website Backlinks, Improving Search Engine Authority, Increasing Rankings, and Growing Organic Visitors - Page 109,933",1,1,1171,"/Internet_and_Telecom/Web_Services/Search_Engine_Optimization_and_Marketing,/Business_and_Industrial/Advertising_and_Marketing/Marketing",,,2026-09-24T01:37:16Z,0.0
seocheckerdapa.online,justdrivemedia.com Premium Authority Backlinks for Better Search Visibility,http://seocheckerdapa.online/dir/ethical-seo-backlinks-109933,https://justdrivemedia.com/,"Premium SEO Link Building Services for Building Strong Website Backlinks, Improving Search Engine Authority, Increasing Rankings, and Growing Organic Visitors - Page 109,933",1,1,1171,"/Internet_and_Telecom/Web_Services/Search_Engine_Optimization_and_Marketing,/Business_and_Industrial/Advertising_and_Marketing/Marketing",,,2026-09-24T01:05:14Z,0.0
urlbacklinkanalysis.shop,justdrivemedia.com Premium Authority Backlinks for Better Search Visibility,https://urlbacklinkanalysis.shop/dir/ethical-seo-backlinks-109933,https://justdrivemedia.com/,"Premium SEO Link Building Services for Building Strong Website Backlinks, Improving Search Engine Authority, Increasing Rankings, and Growing Organic Visitors - Page 109,933",1,1,1171,"/Internet_and_Telecom/Web_Services/Search_Engine_Optimization_and_Marketing,/Business_and_Industrial/Advertising_and_Marketing/Marketing",,,2026-09-23T19:30:46Z,0.0
37486271.xyz,"I remember when justdrivemedia.com was barely getting noticed online, with less than 200 visitors a month. After stumbling upon SEOExpress.org and their affordable SEO packages, things changed dramatically. Within three months, my traffic surged to over 3,500 monthly visitors and I found myself ranking for 20 new keywords. If you're looking for a budget-friendly option that delivers real results, ...",https://37486271.xyz/there-was-a-time-when-i-struggled-to-rank-on-google-and-didnt-know-how-to-improve-it-thats-when-i-discovered-seoexpress-after-signing-up-for-their-backlink-services-my-domain-authority-soared-from-da,https://justdrivemedia.com/,"There Was a Time When I Struggled to Rank on Google and Didn’t Know How to Improve It. That’s When I Discovered SEOExpress.org! After Signing Up for Their Backlink Services, My Domain Authority Soared from DA 10 to DA 45 Within Three Months. Now I'm Receiving More Than Five Hundred Organic Visits Per Week! What an Incredible Journey ★★★★★ 🌟 — 37486271.xyz",0,0,8012,"/Internet_and_Telecom/Web_Services/Search_Engine_Optimization_and_Marketing,/Business_and_Industrial/Business_Services/Consulting",,,2026-09-23T18:14:18Z,46.0
blogbacklinkchecker.website,justdrivemedia.com Premium Authority Backlinks for Better Search Visibility,https://blogbacklinkchecker.website/dir/ethical-seo-backlinks-109933,https://justdrivemedia.com/,"Premium SEO Link Building Services for Building Strong Website Backlinks, Improving Search Engine Authority, Increasing Rankings, and Growing Organic Visitors - Page 109,933",1,1,1171,"/Internet_and_Telecom/Web_Services/Search_Engine_Optimization_and_Marketing,/Business_and_Industrial/Advertising_and_Marketing/Marketing",,,2026-09-23T17:42:03Z,0.0
websitecheckerdapa.store,justdrivemedia.com Premium Authority Backlinks for Better Search Visibility,https://websitecheckerdapa.store/dir/ethical-seo-backlinks-109933,https://justdrivemedia.com/,"Premium SEO Link Building Services for Building Strong Website Backlinks, Improving Search Engine Authority, Increasing Rankings, and Growing Organic Visitors - Page 109,933",1,1,1171,"/Internet_and_Telecom/Web_Services/Search_Engine_Optimization_and_Marketing,/Business_and_Industrial/Advertising_and_Marketing/Marketing",,,2026-09-23T16:37:04Z,0.0
11764004.xyz,"I remember when justdrivemedia.com was barely getting noticed online, with less than 200 visitors a month. After stumbling upon SEOExpress.org and their affordable SEO packages, things changed dramatically. Within three months, my traffic surged to over 3,500 monthly visitors and I found myself ranking for 20 new keywords. If you're looking for a budget-friendly option that delivers real results, ...",https://11764004.xyz/there-was-a-time-when-i-struggled-to-rank-on-google-and-didnt-know-how-to-improve-it-thats-when-i-discovered-seoexpress-after-signing-up-for-their-backlink-services-my-domain-authority-soared-from-da,https://justdrivemedia.com/,"There Was a Time When I Struggled to Rank on Google and Didn’t Know How to Improve It. That’s When I Discovered SEOExpress.org! After Signing Up for Their Backlink Services, My Domain Authority Soared from DA 10 to DA 45 Within Three Months. Now I'm Receiving More Than Five Hundred Organic Visits Per Week! What an Incredible Journey ★★★★★ 🌟 — 11764004.xyz",0,0,8008,"/Internet_and_Telecom/Web_Services/Search_Engine_Optimization_and_Marketing,/Business_and_Industrial/Business_Services/Consulting",,,2026-09-23T16:04:41Z,44.0
websitecheckerdapa.store,mightypr.com SEO Backlink Experts for Powerful Ranking Improvement,https://websitecheckerdapa.store/dir/seo-boosting-backlinks-136336,https://justdrivemedia.com/,"Premium SEO Backlink Experts Helping Websites Build High Quality Authority Links, Improve Search Engine Positions, and Increase Organic Search Performance - Page 136,336",1,1,1245,"/Internet_and_Telecom/Web_Services/Search_Engine_Optimization_and_Marketing,/Business_and_Industrial/Advertising_and_Marketing/Marketing",,,2026-09-23T15:49:59Z,0.0
websitecheckerdapa.store,mightypr.com SEO Backlink Experts for Powerful Ranking Improvement,https://websitecheckerdapa.store/dir/seo-boosting-backlinks-136336,http://justdrivemedia.com/,"Premium SEO Backlink Experts Helping Websites Build High Quality Authority Links, Improve Search Engine Positions, and Increase Organic Search Performance - Page 136,336",1,1,1245,"/Internet_and_Telecom/Web_Services/Search_Engine_Optimization_and_Marketing,/Business_and_Industrial/Advertising_and_Marketing/Marketing",,,2026-09-23T15:49:59Z,0.0
37486429.xyz,"I remember when justdrivemedia.com was barely getting noticed online, with less than 200 visitors a month. After stumbling upon SEOExpress.org and their affordable SEO packages, things changed dramatically. Within three months, my traffic surged to over 3,500 monthly visitors and I found myself ranking for 20 new keywords. If you're looking for a budget-friendly option that delivers real results, ...",https://37486429.xyz/there-was-a-time-when-i-struggled-to-rank-on-google-and-didnt-know-how-to-improve-it-thats-when-i-discovered-seoexpress-after-signing-up-for-their-backlink-services-my-domain-authority-soared-from-da,https://justdrivemedia.com/,"There Was a Time When I Struggled to Rank on Google and Didn’t Know How to Improve It. That’s When I Discovered SEOExpress.org! After Signing Up for Their Backlink Services, My Domain Authority Soared from DA 10 to DA 45 Within Three Months. Now I'm Receiving More Than Five Hundred Organic Visits Per Week! What an Incredible Journey ★★★★★ 🌟 — 37486429.xyz",0,0,7997,"/Internet_and_Telecom/Web_Services/Search_Engine_Optimization_and_Marketing,/Business_and_Industrial/Business_Services/Consulting",,,2026-09-23T15:04:26Z,46.0
revenuebase.ai,Mighty,https://revenuebase.ai/companies/b2b-pr-firms/united-states/san-francisco,http://justdrivemedia.com/,"Top 25 B2B pr firms based in San Francisco, United States",0,1,45,"/Business_and_Industrial/Business_Services/Consulting,/Reference/Directories_and_Listings/Business_and_Personal_Listings",,,2026-09-23T14:48:52Z,45.0
revenuebase.ai,Mighty,https://revenuebase.ai/companies/b2b-pr-firms/united-states/san-francisco,https://justdrivemedia.com/,"Top 25 B2B pr firms based in San Francisco, United States",0,1,45,"/Business_and_Industrial/Business_Services/Consulting,/Reference/Directories_and_Listings/Business_and_Personal_Listings",,,2026-09-23T14:48:52Z,45.0
backlinkanalysistool.space,justdrivemedia.com Premium Authority Backlinks for Better Search Visibility,https://backlinkanalysistool.space/dir/ethical-seo-backlinks-109933,https://justdrivemedia.com/,"Premium SEO Link Building Services for Building Strong Website Backlinks, Improving Search Engine Authority, Increasing Rankings, and Growing Organic Visitors - Page 109,933",1,1,1171,"/Internet_and_Telecom/Web_Services/Search_Engine_Optimization_and_Marketing,/Business_and_Industrial/Advertising_and_Marketing/Marketing",,,2026-09-23T13:25:24Z,0.0
linkbacklinkchecker.online,justdrivemedia.com Premium Authority Backlinks for Better Search Visibility,https://linkbacklinkchecker.online/dir/ethical-seo-backlinks-109933,https://justdrivemedia.com/,"Premium SEO Link Building Services for Building Strong Website Backlinks, Improving Search Engine Authority, Increasing Rankings, and Growing Organic Visitors - Page 109,933",1,1,1171,"/Internet_and_Telecom/Web_Services/Search_Engine_Optimization_and_Marketing,/Business_and_Industrial/Advertising_and_Marketing/Marketing",,,2026-09-23T12:27:49Z,0.0
daseochecker.website,mightypr.com SEO Backlink Experts for Powerful Ranking Improvement,https://daseochecker.website/dir/seo-boosting-backlinks-136336,https://justdrivemedia.com/,"Premium SEO Backlink Experts Helping Websites Build High Quality Authority Links, Improve Search Engine Positions, and Increase Organic Search Performance - Page 136,336",1,1,1245,"/Internet_and_Telecom/Web_Services/Search_Engine_Optimization_and_Marketing,/Business_and_Industrial/Advertising_and_Marketing/Marketing",,,2026-09-23T12:10:45Z,0.0
daseochecker.website,mightypr.com SEO Backlink Experts for Powerful Ranking Improvement,https://daseochecker.website/dir/seo-boosting-backlinks-136336,http://justdrivemedia.com/,"Premium SEO Backlink Experts Helping Websites Build High Quality Authority Links, Improve Search Engine Positions, and Increase Organic Search Performance - Page 136,336",1,1,1245,"/Internet_and_Telecom/Web_Services/Search_Engine_Optimization_and_Marketing,/Business_and_Industrial/Advertising_and_Marketing/Marketing",,,2026-09-23T12:10:45Z,0.0
37486138.xyz,"I remember when justdrivemedia.com was barely getting noticed online, with less than 200 visitors a month. After stumbling upon SEOExpress.org and their affordable SEO packages, things changed dramatically. Within three months, my traffic surged to over 3,500 monthly visitors and I found myself ranking for 20 new keywords. If you're looking for a budget-friendly option that delivers real results, ...",https://37486138.xyz/there-was-a-time-when-i-struggled-to-rank-on-google-and-didnt-know-how-to-improve-it-thats-when-i-discovered-seoexpress-after-signing-up-for-their-backlink-services-my-domain-authority-soared-from-da,https://justdrivemedia.com/,"There Was a Time When I Struggled to Rank on Google and Didn’t Know How to Improve It. That’s When I Discovered SEOExpress.org! After Signing Up for Their Backlink Services, My Domain Authority Soared from DA 10 to DA 45 Within Three Months. Now I'm Receiving More Than Five Hundred Organic Visits Per Week! What an Incredible Journey ★★★★★ 🌟 — 37486138.xyz",0,0,8011,"/Internet_and_Telecom/Web_Services/Search_Engine_Optimization_and_Marketing,/Business_and_Industrial/Business_Services/Consulting",,,2026-09-23T12:10:37Z,46.0
apsoz.com,mightypr,https://apsoz.com/website-list-936/,http://justdrivemedia.com/,Directory Pages Index,1,0,7042,"/Internet_and_Telecom/Web_Services/Search_Engine_Optimization_and_Marketing,/Business_and_Industrial/Advertising_and_Marketing/Marketing",support hopestreetprov,redlara yerbaprima,2026-09-23T11:04:07Z,61.0
apsoz.com,mightypr,https://apsoz.com/website-list-936/,https://justdrivemedia.com/,Directory Pages Index,1,0,7042,"/Internet_and_Telecom/Web_Services/Search_Engine_Optimization_and_Marketing,/Business_and_Industrial/Advertising_and_Marketing/Marketing",support hopestreetprov,redlara yerbaprima,2026-09-23T11:04:07Z,61.0
backlinkscheckers.online,mightypr.com SEO Backlink Experts for Powerful Ranking Improvement,https://backlinkscheckers.online/dir/seo-boosting-backlinks-136336,https://justdrivemedia.com/,"Premium SEO Backlink Experts Helping Websites Build High Quality Authority Links, Improve Search Engine Positions, and Increase Organic Search Performance - Page 136,336",1,1,1239,"/Internet_and_Telecom/Web_Services/Search_Engine_Optimization_and_Marketing,/Business_and_Industrial/Advertising_and_Marketing/Marketing",,,2026-09-23T10:03:02Z,0.0
backlinkscheckers.online,mightypr.com SEO Backlink Experts for Powerful Ranking Improvement,https://backlinkscheckers.online/dir/seo-boosting-backlinks-136336,http://justdrivemedia.com/,"Premium SEO Backlink Experts Helping Websites Build High Quality Authority Links, Improve Search Engine Positions, and Increase Organic Search Performance - Page 136,336",1,1,1239,"/Internet_and_Telecom/Web_Services/Search_Engine_Optimization_and_Marketing,/Business_and_Industrial/Advertising_and_Marketing/Marketing",,,2026-09-23T10:03:02Z,0.0
www.us-info.com,mightypr.com,https://www.us-info.com/en/usa/mighty_pr/san_francisco/USCA104494634-5102928216/businessdetails.aspx,http://justdrivemedia.com/,Mighty Pr - Advertising Agencies And Consultants in San Francisco | US Info,1,0,11,"/Business_and_Industrial/Advertising_and_Marketing/Marketing,/Reference/Directories_and_Listings/Business_and_Personal_Listings",,,2026-09-23T10:02:23Z,49.0
www.us-info.com,mightypr.com,https://www.us-info.com/en/usa/mighty_pr/san_francisco/USCA104494634-5102928216/businessdetails.aspx,https://justdrivemedia.com/,Mighty Pr - Advertising Agencies And Consultants in San Francisco | US Info,1,0,11,"/Business_and_Industrial/Advertising_and_Marketing/Marketing,/Reference/Directories_and_Listings/Business_and_Personal_Listings",,,2026-09-23T10:02:23Z,49.0
11763820.xyz,"I remember when justdrivemedia.com was barely getting noticed online, with less than 200 visitors a month. After stumbling upon SEOExpress.org and their affordable SEO packages, things changed dramatically. Within three months, my traffic surged to over 3,500 monthly visitors and I found myself ranking for 20 new keywords. If you're looking for a budget-friendly option that delivers real results, ...",https://11763820.xyz/there-was-a-time-when-i-struggled-to-rank-on-google-and-didnt-know-how-to-improve-it-thats-when-i-discovered-seoexpress-after-signing-up-for-their-backlink-services-my-domain-authority-soared-from-da,https://justdrivemedia.com/,"There Was a Time When I Struggled to Rank on Google and Didn’t Know How to Improve It. That’s When I Discovered SEOExpress.org! After Signing Up for Their Backlink Services, My Domain Authority Soared from DA 10 to DA 45 Within Three Months. Now I'm Receiving More Than Five Hundred Organic Visits Per Week! What an Incredible Journey ★★★★★ 🌟 — 11763820.xyz",0,0,8000,"/Internet_and_Telecom/Web_Services/Search_Engine_Optimization_and_Marketing,/Business_and_Industrial/Business_Services/Consulting",,,2026-09-23T09:40:45Z,44.0
seoauditchecker.online,mightypr.com SEO Backlink Experts for Powerful Ranking Improvement,https://seoauditchecker.online/dir/seo-boosting-backlinks-136336,http://justdrivemedia.com/,"Premium SEO Backlink Experts Helping Websites Build High Quality Authority Links, Improve Search Engine Positions, and Increase Organic Search Performance - Page 136,336",1,1,1245,"/Internet_and_Telecom/Web_Services/Search_Engine_Optimization_and_Marketing,/Business_and_Industrial/Advertising_and_Marketing/Marketing",,,2026-09-23T09:21:11Z,0.0
seoauditchecker.online,mightypr.com SEO Backlink Experts for Powerful Ranking Improvement,https://seoauditchecker.online/dir/seo-boosting-backlinks-136336,https://justdrivemedia.com/,"Premium SEO Backlink Experts Helping Websites Build High Quality Authority Links, Improve Search Engine Positions, and Increase Organic Search Performance - Page 136,336",1,1,1245,"/Internet_and_Telecom/Web_Services/Search_Engine_Optimization_and_Marketing,/Business_and_Industrial/Advertising_and_Marketing/Marketing",,,2026-09-23T09:21:11Z,0.0
websitelinkschecker.online,mightypr.com SEO Backlink Experts for Powerful Ranking Improvement,https://websitelinkschecker.online/dir/seo-boosting-backlinks-136336,https://justdrivemedia.com/,"Premium SEO Backlink Experts Helping Websites Build High Quality Authority Links, Improve Search Engine Positions, and Increase Organic Search Performance - Page 136,336",1,1,1245,"/Internet_and_Telecom/Web_Services/Search_Engine_Optimization_and_Marketing,/Business_and_Industrial/Advertising_and_Marketing/Marketing",,,2026-09-23T09:11:24Z,0.0
websitelinkschecker.online,mightypr.com SEO Backlink Experts for Powerful Ranking Improvement,https://websitelinkschecker.online/dir/seo-boosting-backlinks-136336,http://justdrivemedia.com/,"Premium SEO Backlink Experts Helping Websites Build High Quality Authority Links, Improve Search Engine Positions, and Increase Organic Search Performance - Page 136,336",1,1,1245,"/Internet_and_Telecom/Web_Services/Search_Engine_Optimization_and_Marketing,/Business_and_Industrial/Advertising_and_Marketing/Marketing",,,2026-09-23T09:11:24Z,0.0
11763910.xyz,"I remember when justdrivemedia.com was barely getting noticed online, with less than 200 visitors a month. After stumbling upon SEOExpress.org and their affordable SEO packages, things changed dramatically. Within three months, my traffic surged to over 3,500 monthly visitors and I found myself ranking for 20 new keywords. If you're looking for a budget-friendly option that delivers real results, ...",https://11763910.xyz/there-was-a-time-when-i-struggled-to-rank-on-google-and-didnt-know-how-to-improve-it-thats-when-i-discovered-seoexpress-after-signing-up-for-their-backlink-services-my-domain-authority-soared-from-da,https://justdrivemedia.com/,"There Was a Time When I Struggled to Rank on Google and Didn’t Know How to Improve It. That’s When I Discovered SEOExpress.org! After Signing Up for Their Backlink Services, My Domain Authority Soared from DA 10 to DA 45 Within Three Months. Now I'm Receiving More Than Five Hundred Organic Visits Per Week! What an Incredible Journey ★★★★★ 🌟 — 11763910.xyz",0,0,8018,"/Internet_and_Telecom/Web_Services/Search_Engine_Optimization_and_Marketing,/Business_and_Industrial/Business_Services/Consulting",,,2026-09-23T09:02:48Z,44.0
11763995.xyz,"I remember when justdrivemedia.com was barely getting noticed online, with less than 200 visitors a month. After stumbling upon SEOExpress.org and their affordable SEO packages, things changed dramatically. Within three months, my traffic surged to over 3,500 monthly visitors and I found myself ranking for 20 new keywords. If you're looking for a budget-friendly option that delivers real results, ...",https://11763995.xyz/there-was-a-time-when-i-struggled-to-rank-on-google-and-didnt-know-how-to-improve-it-thats-when-i-discovered-seoexpress-after-signing-up-for-their-backlink-services-my-domain-authority-soared-from-da,https://justdrivemedia.com/,"There Was a Time When I Struggled to Rank on Google and Didn’t Know How to Improve It. That’s When I Discovered SEOExpress.org! After Signing Up for Their Backlink Services, My Domain Authority Soared from DA 10 to DA 45 Within Three Months. Now I'm Receiving More Than Five Hundred Organic Visits Per Week! What an Incredible Journey ★★★★★ 🌟 — 11763995.xyz",0,0,8010,"/Internet_and_Telecom/Web_Services/Search_Engine_Optimization_and_Marketing,/Business_and_Industrial/Business_Services/Consulting",,,2026-09-23T06:06:09Z,44.0
dapaonlinechecker.space,justdrivemedia.com Premium Authority Backlinks for Better Search Visibility,https://dapaonlinechecker.space/dir/ethical-seo-backlinks-109933,https://justdrivemedia.com/,"Premium SEO Link Building Services for Building Strong Website Backlinks, Improving Search Engine Authority, Increasing Rankings, and Growing Organic Visitors - Page 109,933",1,1,1171,"/Internet_and_Telecom/Web_Services/Search_Engine_Optimization_and_Marketing,/Business_and_Industrial/Advertising_and_Marketing/Marketing",,,2026-09-23T05:37:24Z,0.0
pacheckeronline.store,justdrivemedia.com Premium Authority Backlinks for Better Search Visibility,https://pacheckeronline.store/dir/ethical-seo-backlinks-109933,https://justdrivemedia.com/,"Premium SEO Link Building Services for Building Strong Website Backlinks, Improving Search Engine Authority, Increasing Rankings, and Growing Organic Visitors - Page 109,933",1,1,1171,"/Internet_and_Telecom/Web_Services/Search_Engine_Optimization_and_Marketing,/Business_and_Industrial/Advertising_and_Marketing/Marketing",,,2026-09-23T05:14:26Z,0.0
urlbacklinkschecker.store,justdrivemedia.com Premium Authority Backlinks for Better Search Visibility,https://urlbacklinkschecker.store/dir/ethical-seo-backlinks-109933,https://justdrivemedia.com/,"Premium SEO Link Building Services for Building Strong Website Backlinks, Improving Search Engine Authority, Increasing Rankings, and Growing Organic Visitors - Page 109,933",1,1,1171,"/Internet_and_Telecom/Web_Services/Search_Engine_Optimization_and_Marketing,/Business_and_Industrial/Advertising_and_Marketing/Marketing",,,2026-09-23T05:13:16Z,0.0
siteseochecker.store,justdrivemedia.com Premium Authority Backlinks for Better Search Visibility,https://siteseochecker.store/dir/ethical-seo-backlinks-109933,https://justdrivemedia.com/,"Premium SEO Link Building Services for Building Strong Website Backlinks, Improving Search Engine Authority, Increasing Rankings, and Growing Organic Visitors - Page 109,933",1,1,1171,"/Internet_and_Telecom/Web_Services/Search_Engine_Optimization_and_Marketing,/Business_and_Industrial/Advertising_and_Marketing/Marketing",,,2026-09-23T05:08:33Z,0.0
revenuebase.ai,Mighty,https://revenuebase.ai/companies/entertainment-pr-agencies/united-states/san-francisco,https://justdrivemedia.com/,"Top 17 Entertainment pr agencies based in San Francisco, United States",0,1,34,"/Arts_and_Entertainment/Entertainment_Industry/Film_and_TV_Industry,/Business_and_Industrial/Business_Services/Consulting",,,2026-09-23T04:56:47Z,45.0
revenuebase.ai,Mighty,https://revenuebase.ai/companies/entertainment-pr-agencies/united-states/san-francisco,http://justdrivemedia.com/,"Top 17 Entertainment pr agencies based in San Francisco, United States",0,1,34,"/Arts_and_Entertainment/Entertainment_Industry/Film_and_TV_Industry,/Business_and_Industrial/Business_Services/Consulting",,,2026-09-23T04:56:47Z,45.0
pacheckertool.shop,justdrivemedia.com Premium Authority Backlinks for Better Search Visibility,https://pacheckertool.shop/dir/ethical-seo-backlinks-109933,https://justdrivemedia.com/,"Premium SEO Link Building Services for Building Strong Website Backlinks, Improving Search Engine Authority, Increasing Rankings, and Growing Organic Visitors - Page 109,933",1,1,1171,"/Internet_and_Telecom/Web_Services/Search_Engine_Optimization_and_Marketing,/Business_and_Industrial/Advertising_and_Marketing/Marketing",,,2026-09-23T04:37:51Z,0.0
seoscorechecker.store,justdrivemedia.com Premium Authority Backlinks for Better Search Visibility,https://seoscorechecker.store/dir/ethical-seo-backlinks-109933,https://justdrivemedia.com/,"Premium SEO Link Building Services for Building Strong Website Backlinks, Improving Search Engine Authority, Increasing Rankings, and Growing Organic Visitors - Page 109,933",1,1,1171,"/Internet_and_Telecom/Web_Services/Search_Engine_Optimization_and_Marketing,/Business_and_Industrial/Advertising_and_Marketing/Marketing",,,2026-09-23T04:36:55Z,0.0
bestseochecker.site,justdrivemedia.com Premium Authority Backlinks for Better Search Visibility,https://bestseochecker.site/dir/ethical-seo-backlinks-109933,https://justdrivemedia.com/,"Premium SEO Link Building Services for Building Strong Website Backlinks, Improving Search Engine Authority, Increasing Rankings, and Growing Organic Visitors - Page 109,933",1,1,1171,"/Internet_and_Telecom/Web_Services/Search_Engine_Optimization_and_Marketing,/Business_and_Industrial/Advertising_and_Marketing/Marketing",,,2026-09-23T04:26:02Z,0.0
revenuebase.ai,Mighty,https://revenuebase.ai/companies/esports-pr-and-communications-firms/united-states/san-francisco,https://justdrivemedia.com/,"Top 14 Esports pr and communications firms based in San Francisco, United States",0,1,27,"/Business_and_Industrial/Advertising_and_Marketing/Marketing,/Sports,/Games/Computer_and_Video_Games/Competitive_Video_Gaming,/Internet_and_Telecom,/Jobs_and_Education",,,2026-09-23T02:20:23Z,45.0
revenuebase.ai,Mighty,https://revenuebase.ai/companies/esports-pr-and-communications-firms/united-states/san-francisco,http://justdrivemedia.com/,"Top 14 Esports pr and communications firms based in San Francisco, United States",0,1,27,"/Business_and_Industrial/Advertising_and_Marketing/Marketing,/Sports,/Games/Computer_and_Video_Games/Competitive_Video_Gaming,/Internet_and_Telecom,/Jobs_and_Education",,,2026-09-23T02:20:23Z,45.0
seocompetitorchecker.shop,justdrivemedia.com Premium Authority Backlinks for Better Search Visibility,https://seocompetitorchecker.shop/dir/ethical-seo-backlinks-109933,https://justdrivemedia.com/,"Premium SEO Link Building Services for Building Strong Website Backlinks, Improving Search Engine Authority, Increasing Rankings, and Growing Organic Visitors - Page 109,933",1,1,1171,"/Internet_and_Telecom/Web_Services/Search_Engine_Optimization_and_Marketing,/Business_and_Industrial/Advertising_and_Marketing/Marketing",,,2026-09-23T02:15:17Z,0.0
bulkbacklinklookup.site,mightypr.com SEO Backlink Experts for Powerful Ranking Improvement,https://bulkbacklinklookup.site/dir/seo-boosting-backlinks-136336,https://justdrivemedia.com/,"Premium SEO Backlink Experts Helping Websites Build High Quality Authority Links, Improve Search Engine Positions, and Increase Organic Search Performance - Page 136,336",1,1,1245,"/Internet_and_Telecom/Web_Services/Search_Engine_Optimization_and_Marketing,/Business_and_Industrial/Advertising_and_Marketing/Marketing",,,2026-09-23T02:11:40Z,0.0
bulkbacklinklookup.site,mightypr.com SEO Backlink Experts for Powerful Ranking Improvement,https://bulkbacklinklookup.site/dir/seo-boosting-backlinks-136336,http://justdrivemedia.com/,"Premium SEO Backlink Experts Helping Websites Build High Quality Authority Links, Improve Search Engine Positions, and Increase Organic Search Performance - Page 136,336",1,1,1245,"/Internet_and_Telecom/Web_Services/Search_Engine_Optimization_and_Marketing,/Business_and_Industrial/Advertising_and_Marketing/Marketing",,,2026-09-23T02:11:40Z,0.0
bestfreeseochecker.space,mightypr.com SEO Backlink Experts for Powerful Ranking Improvement,https://bestfreeseochecker.space/dir/seo-boosting-backlinks-136336,https://justdrivemedia.com/,"Premium SEO Backlink Experts Helping Websites Build High Quality Authority Links, Improve Search Engine Positions, and Increase Organic Search Performance - Page 136,336",1,1,1245,"/Internet_and_Telecom/Web_Services/Search_Engine_Optimization_and_Marketing,/Business_and_Industrial/Advertising_and_Marketing/Marketing",,,2026-09-23T01:15:02Z,0.5
bestfreeseochecker.space,mightypr.com SEO Backlink Experts for Powerful Ranking Improvement,https://bestfreeseochecker.space/dir/seo-boosting-backlinks-136336,http://justdrivemedia.com/,"Premium SEO Backlink Experts Helping Websites Build High Quality Authority Links, Improve Search Engine Positions, and Increase Organic Search Performance - Page 136,336",1,1,1245,"/Internet_and_Telecom/Web_Services/Search_Engine_Optimization_and_Marketing,/Business_and_Industrial/Advertising_and_Marketing/Marketing",,,2026-09-23T01:15:02Z,0.5
seopagerankchecker.store,justdrivemedia.com Premium Authority Backlinks for Better Search Visibility,https://seopagerankchecker.store/dir/ethical-seo-backlinks-109933,https://justdrivemedia.com/,"Premium SEO Link Building Services for Building Strong Website Backlinks, Improving Search Engine Authority, Increasing Rankings, and Growing Organic Visitors - Page 109,933",1,1,1171,"/Internet_and_Telecom/Web_Services/Search_Engine_Optimization_and_Marketing,/Business_and_Industrial/Advertising_and_Marketing/Marketing",,,2026-09-23T01:12:40Z,0.0
37486166.xyz,"I remember when justdrivemedia.com was barely getting noticed online, with less than 200 visitors a month. After stumbling upon SEOExpress.org and their affordable SEO packages, things changed dramatically. Within three months, my traffic surged to over 3,500 monthly visitors and I found myself ranking for 20 new keywords. If you're looking for a budget-friendly option that delivers real results, ...",https://37486166.xyz/there-was-a-time-when-i-struggled-to-rank-on-google-and-didnt-know-how-to-improve-it-thats-when-i-discovered-seoexpress-after-signing-up-for-their-backlink-services-my-domain-authority-soared-from-da,https://justdrivemedia.com/,"There Was a Time When I Struggled to Rank on Google and Didn’t Know How to Improve It. That’s When I Discovered SEOExpress.org! After Signing Up for Their Backlink Services, My Domain Authority Soared from DA 10 to DA 45 Within Three Months. Now I'm Receiving More Than Five Hundred Organic Visits Per Week! What an Incredible Journey ★★★★★ 🌟 — 37486166.xyz",0,0,8010,"/Internet_and_Telecom/Web_Services/Search_Engine_Optimization_and_Marketing,/Business_and_Industrial/Business_Services/Consulting",,,2026-09-23T00:36:01Z,46.0
pachecker.space,justdrivemedia.com Premium Authority Backlinks for Better Search Visibility,https://pachecker.space/dir/ethical-seo-backlinks-109933,https://justdrivemedia.com/,"Premium SEO Link Building Services for Building Strong Website Backlinks, Improving Search Engine Authority, Increasing Rankings, and Growing Organic Visitors - Page 109,933",1,1,1171,"/Internet_and_Telecom/Web_Services/Search_Engine_Optimization_and_Marketing,/Business_and_Industrial/Advertising_and_Marketing/Marketing",,,2026-09-22T22:46:10Z,0.0
dapacheckertool.store,mightypr.com SEO Backlink Experts for Powerful Ranking Improvement,https://dapacheckertool.store/dir/seo-boosting-backlinks-136336,http://justdrivemedia.com/,"Premium SEO Backlink Experts Helping Websites Build High Quality Authority Links, Improve Search Engine Positions, and Increase Organic Search Performance - Page 136,336",1,1,1239,"/Internet_and_Telecom/Web_Services/Search_Engine_Optimization_and_Marketing,/Business_and_Industrial/Advertising_and_Marketing/Marketing",,,2026-09-22T22:11:23Z,0.0
dapacheckertool.store,mightypr.com SEO Backlink Experts for Powerful Ranking Improvement,https://dapacheckertool.store/dir/seo-boosting-backlinks-136336,https://justdrivemedia.com/,"Premium SEO Backlink Experts Helping Websites Build High Quality Authority Links, Improve Search Engine Positions, and Increase Organic Search Performance - Page 136,336",1,1,1239,"/Internet_and_Telecom/Web_Services/Search_Engine_Optimization_and_Marketing,/Business_and_Industrial/Advertising_and_Marketing/Marketing",,,2026-09-22T22:11:23Z,0.0
37486377.xyz,"I remember when justdrivemedia.com was barely getting noticed online, with less than 200 visitors a month. After stumbling upon SEOExpress.org and their affordable SEO packages, things changed dramatically. Within three months, my traffic surged to over 3,500 monthly visitors and I found myself ranking for 20 new keywords. If you're looking for a budget-friendly option that delivers real results, ...",https://37486377.xyz/there-was-a-time-when-i-struggled-to-rank-on-google-and-didnt-know-how-to-improve-it-thats-when-i-discovered-seoexpress-after-signing-up-for-their-backlink-services-my-domain-authority-soared-from-da,https://justdrivemedia.com/,"There Was a Time When I Struggled to Rank on Google and Didn’t Know How to Improve It. That’s When I Discovered SEOExpress.org! After Signing Up for Their Backlink Services, My Domain Authority Soared from DA 10 to DA 45 Within Three Months. Now I'm Receiving More Than Five Hundred Organic Visits Per Week! What an Incredible Journey ★★★★★ 🌟 — 37486377.xyz",0,0,7995,"/Internet_and_Telecom/Web_Services/Search_Engine_Optimization_and_Marketing,/Business_and_Industrial/Business_Services/Consulting",,,2026-09-22T22:07:55Z,45.0
sitedapachecker.space,mightypr.com SEO Backlink Experts for Powerful Ranking Improvement,https://sitedapachecker.space/dir/seo-boosting-backlinks-136336,http://justdrivemedia.com/,"Premium SEO Backlink Experts Helping Websites Build High Quality Authority Links, Improve Search Engine Positions, and Increase Organic Search Performance - Page 136,336",1,1,1245,"/Internet_and_Telecom/Web_Services/Search_Engine_Optimization_and_Marketing,/Business_and_Industrial/Advertising_and_Marketing/Marketing",,,2026-09-22T21:39:20Z,0.0
sitedapachecker.space,mightypr.com SEO Backlink Experts for Powerful Ranking Improvement,https://sitedapachecker.space/dir/seo-boosting-backlinks-136336,https://justdrivemedia.com/,"Premium SEO Backlink Experts Helping Websites Build High Quality Authority Links, Improve Search Engine Positions, and Increase Organic Search Performance - Page 136,336",1,1,1245,"/Internet_and_Telecom/Web_Services/Search_Engine_Optimization_and_Marketing,/Business_and_Industrial/Advertising_and_Marketing/Marketing",,,2026-09-22T21:39:20Z,0.0
37486257.xyz,"I remember when justdrivemedia.com was barely getting noticed online, with less than 200 visitors a month. After stumbling upon SEOExpress.org and their affordable SEO packages, things changed dramatically. Within three months, my traffic surged to over 3,500 monthly visitors and I found myself ranking for 20 new keywords. If you're looking for a budget-friendly option that delivers real results, ...",https://37486257.xyz/there-was-a-time-when-i-struggled-to-rank-on-google-and-didnt-know-how-to-improve-it-thats-when-i-discovered-seoexpress-after-signing-up-for-their-backlink-services-my-domain-authority-soared-from-da,https://justdrivemedia.com/,"There Was a Time When I Struggled to Rank on Google and Didn’t Know How to Improve It. That’s When I Discovered SEOExpress.org! After Signing Up for Their Backlink Services, My Domain Authority Soared from DA 10 to DA 45 Within Three Months. Now I'm Receiving More Than Five Hundred Organic Visits Per Week! What an Incredible Journey ★★★★★ 🌟 — 37486257.xyz",0,0,8010,"/Internet_and_Telecom/Web_Services/Search_Engine_Optimization_and_Marketing,/Business_and_Industrial/Business_Services/Consulting",,,2026-09-22T20:08:38Z,46.0
domaindachecker.space,mightypr.com SEO Backlink Experts for Powerful Ranking Improvement,https://domaindachecker.space/dir/seo-boosting-backlinks-136336,http://justdrivemedia.com/,"Premium SEO Backlink Experts Helping Websites Build High Quality Authority Links, Improve Search Engine Positions, and Increase Organic Search Performance - Page 136,336",1,1,1245,"/Internet_and_Telecom/Web_Services/Search_Engine_Optimization_and_Marketing,/Business_and_Industrial/Advertising_and_Marketing/Marketing",,,2026-09-22T18:56:23Z,0.0
domaindachecker.space,mightypr.com SEO Backlink Experts for Powerful Ranking Improvement,https://domaindachecker.space/dir/seo-boosting-backlinks-136336,https://justdrivemedia.com/,"Premium SEO Backlink Experts Helping Websites Build High Quality Authority Links, Improve Search Engine Positions, and Increase Organic Search Performance - Page 136,336",1,1,1245,"/Internet_and_Telecom/Web_Services/Search_Engine_Optimization_and_Marketing,/Business_and_Industrial/Advertising_and_Marketing/Marketing",,,2026-09-22T18:56:23Z,0.0
11764008.xyz,"I remember when justdrivemedia.com was barely getting noticed online, with less than 200 visitors a month. After stumbling upon SEOExpress.org and their affordable SEO packages, things changed dramatically. Within three months, my traffic surged to over 3,500 monthly visitors and I found myself ranking for 20 new keywords. If you're looking for a budget-friendly option that delivers real results, ...",https://11764008.xyz/there-was-a-time-when-i-struggled-to-rank-on-google-and-didnt-know-how-to-improve-it-thats-when-i-discovered-seoexpress-after-signing-up-for-their-backlink-services-my-domain-authority-soared-from-da,https://justdrivemedia.com/,"There Was a Time When I Struggled to Rank on Google and Didn’t Know How to Improve It. That’s When I Discovered SEOExpress.org! After Signing Up for Their Backlink Services, My Domain Authority Soared from DA 10 to DA 45 Within Three Months. Now I'm Receiving More Than Five Hundred Organic Visits Per Week! What an Incredible Journey ★★★★★ 🌟 — 11764008.xyz",0,0,8010,"/Internet_and_Telecom/Web_Services/Search_Engine_Optimization_and_Marketing,/Business_and_Industrial/Business_Services/Consulting",,,2026-09-22T18:54:01Z,44.0
backlinkscheckerfree.store,mightypr.com SEO Backlink Experts for Powerful Ranking Improvement,https://backlinkscheckerfree.store/dir/seo-boosting-backlinks-136336,http://justdrivemedia.com/,"Premium SEO Backlink Experts Helping Websites Build High Quality Authority Links, Improve Search Engine Positions, and Increase Organic Search Performance - Page 136,336",1,1,1245,"/Internet_and_Telecom/Web_Services/Search_Engine_Optimization_and_Marketing,/Business_and_Industrial/Advertising_and_Marketing/Marketing",,,2026-09-22T17:38:38Z,0.0
backlinkscheckerfree.store,mightypr.com SEO Backlink Experts for Powerful Ranking Improvement,https://backlinkscheckerfree.store/dir/seo-boosting-backlinks-136336,https://justdrivemedia.com/,"Premium SEO Backlink Experts Helping Websites Build High Quality Authority Links, Improve Search Engine Positions, and Increase Organic Search Performance - Page 136,336",1,1,1245,"/Internet_and_Telecom/Web_Services/Search_Engine_Optimization_and_Marketing,/Business_and_Industrial/Advertising_and_Marketing/Marketing",,,2026-09-22T17:38:38Z,0.0
backlinklinkchecker.space,mightypr.com SEO Backlink Experts for Powerful Ranking Improvement,https://backlinklinkchecker.space/dir/seo-boosting-backlinks-136336,https://justdrivemedia.com/,"Premium SEO Backlink Experts Helping Websites Build High Quality Authority Links, Improve Search Engine Positions, and Increase Organic Search Performance - Page 136,336",1,1,1245,"/Internet_and_Telecom/Web_Services/Search_Engine_Optimization_and_Marketing,/Business_and_Industrial/Advertising_and_Marketing/Marketing",,,2026-09-22T16:37:20Z,0.0
backlinklinkchecker.space,mightypr.com SEO Backlink Experts for Powerful Ranking Improvement,https://backlinklinkchecker.space/dir/seo-boosting-backlinks-136336,http://justdrivemedia.com/,"Premium SEO Backlink Experts Helping Websites Build High Quality Authority Links, Improve Search Engine Positions, and Increase Organic Search Performance - Page 136,336",1,1,1245,"/Internet_and_Telecom/Web_Services/Search_Engine_Optimization_and_Marketing,/Business_and_Industrial/Advertising_and_Marketing/Marketing",,,2026-09-22T16:37:20Z,0.0
bestseocheckerfree.online,mightypr.com SEO Backlink Experts for Powerful Ranking Improvement,https://bestseocheckerfree.online/dir/seo-boosting-backlinks-136336,http://justdrivemedia.com/,"Premium SEO Backlink Experts Helping Websites Build High Quality Authority Links, Improve Search Engine Positions, and Increase Organic Search Performance - Page 136,336",1,1,1245,"/Internet_and_Telecom/Web_Services/Search_Engine_Optimization_and_Marketing,/Business_and_Industrial/Advertising_and_Marketing/Marketing",,,2026-09-22T15:50:37Z,0.0
bestseocheckerfree.online,mightypr.com SEO Backlink Experts for Powerful Ranking Improvement,https://bestseocheckerfree.online/dir/seo-boosting-backlinks-136336,https://justdrivemedia.com/,"Premium SEO Backlink Experts Helping Websites Build High Quality Authority Links, Improve Search Engine Positions, and Increase Organic Search Performance - Page 136,336",1,1,1245,"/Internet_and_Telecom/Web_Services/Search_Engine_Optimization_and_Marketing,/Business_and_Industrial/Advertising_and_Marketing/Marketing",,,2026-09-22T15:50:37Z,0.0
domainwebsitechecker.online,justdrivemedia.com Premium Authority Backlinks for Better Search Visibility,https://domainwebsitechecker.online/dir/ethical-seo-backlinks-109933,https://justdrivemedia.com/,"Premium SEO Link Building Services for Building Strong Website Backlinks, Improving Search Engine Authority, Increasing Rankings, and Growing Organic Visitors - Page 109,933",1,1,1171,"/Internet_and_Telecom/Web_Services/Search_Engine_Optimization_and_Marketing,/Business_and_Industrial/Advertising_and_Marketing/Marketing",,,2026-09-22T15:46:12Z,0.0
revenuebase.ai,Mighty,https://revenuebase.ai/companies/fashion-media-relations-firms/united-states/san-francisco,https://justdrivemedia.com/,"Top 16 Fashion media relations firms based in San Francisco, United States",0,1,37,"/Business_and_Industrial/Advertising_and_Marketing/Public_Relations,/Beauty_and_Fitness/Fashion_and_Style/Fashion_Designers_and_Collections",,,2026-09-22T12:29:08Z,45.0
revenuebase.ai,Mighty,https://revenuebase.ai/companies/fashion-media-relations-firms/united-states/san-francisco,http://justdrivemedia.com/,"Top 16 Fashion media relations firms based in San Francisco, United States",0,1,37,"/Business_and_Industrial/Advertising_and_Marketing/Public_Relations,/Beauty_and_Fitness/Fashion_and_Style/Fashion_Designers_and_Collections",,,2026-09-22T12:29:08Z,45.0
bulkpadachecker.website,justdrivemedia.com Premium Authority Backlinks for Better Search Visibility,https://bulkpadachecker.website/dir/ethical-seo-backlinks-109933,https://justdrivemedia.com/,"Premium SEO Link Building Services for Building Strong Website Backlinks, Improving Search Engine Authority, Increasing Rankings, and Growing Organic Visitors - Page 109,933",1,1,1171,"/Internet_and_Telecom/Web_Services/Search_Engine_Optimization_and_Marketing,/Business_and_Industrial/Advertising_and_Marketing/Marketing",,,2026-09-22T10:13:14Z,0.0
highdachecker.site,mightypr.com SEO Backlink Experts for Powerful Ranking Improvement,https://highdachecker.site/dir/seo-boosting-backlinks-136336,http://justdrivemedia.com/,"Premium SEO Backlink Experts Helping Websites Build High Quality Authority Links, Improve Search Engine Positions, and Increase Organic Search Performance - Page 136,336",1,1,1246,"/Internet_and_Telecom/Web_Services/Search_Engine_Optimization_and_Marketing,/Business_and_Industrial/Advertising_and_Marketing/Marketing",,,2026-09-22T09:34:15Z,0.0
highdachecker.site,mightypr.com SEO Backlink Experts for Powerful Ranking Improvement,https://highdachecker.site/dir/seo-boosting-backlinks-136336,https://justdrivemedia.com/,"Premium SEO Backlink Experts Helping Websites Build High Quality Authority Links, Improve Search Engine Positions, and Increase Organic Search Performance - Page 136,336",1,1,1246,"/Internet_and_Telecom/Web_Services/Search_Engine_Optimization_and_Marketing,/Business_and_Industrial/Advertising_and_Marketing/Marketing",,,2026-09-22T09:34:15Z,0.0
bulkdacheckeronline.space,mightypr.com SEO Backlink Experts for Powerful Ranking Improvement,https://bulkdacheckeronline.space/dir/seo-boosting-backlinks-136336,https://justdrivemedia.com/,"Premium SEO Backlink Experts Helping Websites Build High Quality Authority Links, Improve Search Engine Positions, and Increase Organic Search Performance - Page 136,336",1,1,1246,"/Internet_and_Telecom/Web_Services/Search_Engine_Optimization_and_Marketing,/Business_and_Industrial/Advertising_and_Marketing/Marketing",,,2026-09-22T08:23:18Z,0.0
bulkdacheckeronline.space,mightypr.com SEO Backlink Experts for Powerful Ranking Improvement,https://bulkdacheckeronline.space/dir/seo-boosting-backlinks-136336,http://justdrivemedia.com/,"Premium SEO Backlink Experts Helping Websites Build High Quality Authority Links, Improve Search Engine Positions, and Increase Organic Search Performance - Page 136,336",1,1,1246,"/Internet_and_Telecom/Web_Services/Search_Engine_Optimization_and_Marketing,/Business_and_Industrial/Advertising_and_Marketing/Marketing",,,2026-09-22T08:23:18Z,0.0
backlinechecker.website,justdrivemedia.com Premium Authority Backlinks for Better Search Visibility,https://backlinechecker.website/dir/ethical-seo-backlinks-109933,https://justdrivemedia.com/,"Premium SEO Link Building Services for Building Strong Website Backlinks, Improving Search Engine Authority, Increasing Rankings, and Growing Organic Visitors - Page 109,933",1,1,1171,"/Internet_and_Telecom/Web_Services/Search_Engine_Optimization_and_Marketing,/Business_and_Industrial/Advertising_and_Marketing/Marketing",,,2026-09-22T07:35:29Z,0.0
54232747.xyz,"I remember when justdrivemedia.com was barely getting noticed online, with less than 200 visitors a month. After stumbling upon SEOExpress.org and their affordable SEO packages, things changed dramatically. Within three months, my traffic surged to over 3,500 monthly visitors and I found myself ranking for 20 new keywords. If you're looking for a budget-friendly option that delivers real results, ...",https://54232747.xyz/there-was-a-time-when-i-struggled-to-rank-on-google-and-didnt-know-how-to-improve-it-thats-when-i-discovered-seoexpress-after-signing-up-for-their-backlink-services-my-domain-authority-soared-from-da,https://justdrivemedia.com/,"There Was a Time When I Struggled to Rank on Google and Didn’t Know How to Improve It. That’s When I Discovered SEOExpress.org! After Signing Up for Their Backlink Services, My Domain Authority Soared from DA 10 to DA 45 Within Three Months. Now I'm Receiving More Than Five Hundred Organic Visits Per Week! What an Incredible Journey ★★★★★ 🌟 — 54232747.xyz",0,0,8007,"/Internet_and_Telecom/Web_Services/Search_Engine_Optimization_and_Marketing,/Business_and_Industrial/Business_Services/Consulting",,,2026-09-22T06:04:58Z,46.0
bulkdrchecker.store,justdrivemedia.com Premium Authority Backlinks for Better Search Visibility,https://bulkdrchecker.store/dir/ethical-seo-backlinks-109933,https://justdrivemedia.com/,"Premium SEO Link Building Services for Building Strong Website Backlinks, Improving Search Engine Authority, Increasing Rankings, and Growing Organic Visitors - Page 109,933",1,1,1171,"/Internet_and_Telecom/Web_Services/Search_Engine_Optimization_and_Marketing,/Business_and_Industrial/Advertising_and_Marketing/Marketing",,,2026-09-22T05:23:46Z,0.0
darankchecker.store,justdrivemedia.com Premium Authority Backlinks for Better Search Visibility,https://darankchecker.store/dir/ethical-seo-backlinks-109933,https://justdrivemedia.com/,"Premium SEO Link Building Services for Building Strong Website Backlinks, Improving Search Engine Authority, Increasing Rankings, and Growing Organic Visitors - Page 109,933",1,1,1171,"/Internet_and_Telecom/Web_Services/Search_Engine_Optimization_and_Marketing,/Business_and_Industrial/Advertising_and_Marketing/Marketing",,,2026-09-22T05:16:31Z,0.0
37486135.xyz,"I remember when justdrivemedia.com was barely getting noticed online, with less than 200 visitors a month. After stumbling upon SEOExpress.org and their affordable SEO packages, things changed dramatically. Within three months, my traffic surged to over 3,500 monthly visitors and I found myself ranking for 20 new keywords. If you're looking for a budget-friendly option that delivers real results, ...",https://37486135.xyz/there-was-a-time-when-i-struggled-to-rank-on-google-and-didnt-know-how-to-improve-it-thats-when-i-discovered-seoexpress-after-signing-up-for-their-backlink-services-my-domain-authority-soared-from-da,https://justdrivemedia.com/,"There Was a Time When I Struggled to Rank on Google and Didn’t Know How to Improve It. That’s When I Discovered SEOExpress.org! After Signing Up for Their Backlink Services, My Domain Authority Soared from DA 10 to DA 45 Within Three Months. Now I'm Receiving More Than Five Hundred Organic Visits Per Week! What an Incredible Journey ★★★★★ 🌟 — 37486135.xyz",0,0,8016,"/Internet_and_Telecom/Web_Services/Search_Engine_Optimization_and_Marketing,/Business_and_Industrial/Business_Services/Consulting",,,2026-09-22T05:08:46Z,46.0
bulkfreedapachecker.shop,justdrivemedia.com Premium Authority Backlinks for Better Search Visibility,https://bulkfreedapachecker.shop/dir/ethical-seo-backlinks-109933,https://justdrivemedia.com/,"Premium SEO Link Building Services for Building Strong Website Backlinks, Improving Search Engine Authority, Increasing Rankings, and Growing Organic Visitors - Page 109,933",1,1,1171,"/Internet_and_Telecom/Web_Services/Search_Engine_Optimization_and_Marketing,/Business_and_Industrial/Advertising_and_Marketing/Marketing",,,2026-09-22T04:52:08Z,0.0
urlbacklinkanalysis.website,justdrivemedia.com Premium Authority Backlinks for Better Search Visibility,https://urlbacklinkanalysis.website/dir/ethical-seo-backlinks-109933,https://justdrivemedia.com/,"Premium SEO Link Building Services for Building Strong Website Backlinks, Improving Search Engine Authority, Increasing Rankings, and Growing Organic Visitors - Page 109,933",1,1,1171,"/Internet_and_Telecom/Web_Services/Search_Engine_Optimization_and_Marketing,/Business_and_Industrial/Advertising_and_Marketing/Marketing",,,2026-09-22T04:48:30Z,0.0
pachecker.online,mightypr.com SEO Backlink Experts for Powerful Ranking Improvement,https://pachecker.online/dir/seo-boosting-backlinks-136336,https://justdrivemedia.com/,"Premium SEO Backlink Experts Helping Websites Build High Quality Authority Links, Improve Search Engine Positions, and Increase Organic Search Performance - Page 136,336",1,1,1246,"/Internet_and_Telecom/Web_Services/Search_Engine_Optimization_and_Marketing,/Business_and_Industrial/Advertising_and_Marketing/Marketing",,,2026-09-22T04:34:15Z,0.0
pachecker.online,mightypr.com SEO Backlink Experts for Powerful Ranking Improvement,https://pachecker.online/dir/seo-boosting-backlinks-136336,http://justdrivemedia.com/,"Premium SEO Backlink Experts Helping Websites Build High Quality Authority Links, Improve Search Engine Positions, and Increase Organic Search Performance - Page 136,336",1,1,1246,"/Internet_and_Telecom/Web_Services/Search_Engine_Optimization_and_Marketing,/Business_and_Industrial/Advertising_and_Marketing/Marketing",,,2026-09-22T04:34:15Z,0.0
11763947.xyz,"I remember when justdrivemedia.com was barely getting noticed online, with less than 200 visitors a month. After stumbling upon SEOExpress.org and their affordable SEO packages, things changed dramatically. Within three months, my traffic surged to over 3,500 monthly visitors and I found myself ranking for 20 new keywords. If you're looking for a budget-friendly option that delivers real results, ...",https://11763947.xyz/there-was-a-time-when-i-struggled-to-rank-on-google-and-didnt-know-how-to-improve-it-thats-when-i-discovered-seoexpress-after-signing-up-for-their-backlink-services-my-domain-authority-soared-from-da,https://justdrivemedia.com/,"There Was a Time When I Struggled to Rank on Google and Didn’t Know How to Improve It. That’s When I Discovered SEOExpress.org! After Signing Up for Their Backlink Services, My Domain Authority Soared from DA 10 to DA 45 Within Three Months. Now I'm Receiving More Than Five Hundred Organic Visits Per Week! What an Incredible Journey ★★★★★ 🌟 — 11763947.xyz",0,0,8012,"/Internet_and_Telecom/Web_Services/Search_Engine_Optimization_and_Marketing,/Business_and_Industrial/Business_Services/Consulting",,,2026-09-22T04:04:14Z,44.0
seotoolschecker.shop,justdrivemedia.com Premium Authority Backlinks for Better Search Visibility,https://seotoolschecker.shop/dir/ethical-seo-backlinks-109933,https://justdrivemedia.com/,"Premium SEO Link Building Services for Building Strong Website Backlinks, Improving Search Engine Authority, Increasing Rankings, and Growing Organic Visitors - Page 109,933",1,1,1171,"/Internet_and_Telecom/Web_Services/Search_Engine_Optimization_and_Marketing,/Business_and_Industrial/Advertising_and_Marketing/Marketing",,,2026-09-22T03:25:00Z,0.0
revenuebase.ai,Mighty,https://revenuebase.ai/companies/nonprofit-pr-agencies/united-states/san-francisco,https://justdrivemedia.com/,"Top 25 Nonprofit pr agencies based in San Francisco, United States",0,1,50,"/Business_and_Industrial/Business_Services/Consulting,/Reference/Directories_and_Listings/Business_and_Personal_Listings,/People_and_Society/Social_Issues_and_Advocacy/Charity_and_Philanthropy",,,2026-09-22T03:17:38Z,45.0
revenuebase.ai,Mighty,https://revenuebase.ai/companies/nonprofit-pr-agencies/united-states/san-francisco,http://justdrivemedia.com/,"Top 25 Nonprofit pr agencies based in San Francisco, United States",0,1,50,"/Business_and_Industrial/Business_Services/Consulting,/Reference/Directories_and_Listings/Business_and_Personal_Listings,/People_and_Society/Social_Issues_and_Advocacy/Charity_and_Philanthropy",,,2026-09-22T03:17:38Z,45.0
11763757.xyz,"I remember when justdrivemedia.com was barely getting noticed online, with less than 200 visitors a month. After stumbling upon SEOExpress.org and their affordable SEO packages, things changed dramatically. Within three months, my traffic surged to over 3,500 monthly visitors and I found myself ranking for 20 new keywords. If you're looking for a budget-friendly option that delivers real results, ...",https://11763757.xyz/there-was-a-time-when-i-struggled-to-rank-on-google-and-didnt-know-how-to-improve-it-thats-when-i-discovered-seoexpress-after-signing-up-for-their-backlink-services-my-domain-authority-soared-from-da,https://justdrivemedia.com/,"There Was a Time When I Struggled to Rank on Google and Didn’t Know How to Improve It. That’s When I Discovered SEOExpress.org! After Signing Up for Their Backlink Services, My Domain Authority Soared from DA 10 to DA 45 Within Three Months. Now I'm Receiving More Than Five Hundred Organic Visits Per Week! What an Incredible Journey ★★★★★ 🌟 — 11763757.xyz",0,0,8008,"/Internet_and_Telecom/Web_Services/Search_Engine_Optimization_and_Marketing,/Business_and_Industrial/Business_Services/Consulting",,,2026-09-22T03:05:15Z,44.0
dapacheckermass.space,justdrivemedia.com Premium Authority Backlinks for Better Search Visibility,https://dapacheckermass.space/dir/ethical-seo-backlinks-109933,https://justdrivemedia.com/,"Premium SEO Link Building Services for Building Strong Website Backlinks, Improving Search Engine Authority, Increasing Rankings, and Growing Organic Visitors - Page 109,933",1,1,1171,"/Internet_and_Telecom/Web_Services/Search_Engine_Optimization_and_Marketing,/Business_and_Industrial/Advertising_and_Marketing/Marketing",,,2026-09-22T02:09:06Z,0.0
sitestatschecker.online,mightypr.com SEO Backlink Experts for Powerful Ranking Improvement,https://sitestatschecker.online/dir/seo-boosting-backlinks-136336,http://justdrivemedia.com/,"Premium SEO Backlink Experts Helping Websites Build High Quality Authority Links, Improve Search Engine Positions, and Increase Organic Search Performance - Page 136,336",1,1,1246,"/Internet_and_Telecom/Web_Services/Search_Engine_Optimization_and_Marketing,/Business_and_Industrial/Advertising_and_Marketing/Marketing",,,2026-09-22T02:01:50Z,0.0
sitestatschecker.online,mightypr.com SEO Backlink Experts for Powerful Ranking Improvement,https://sitestatschecker.online/dir/seo-boosting-backlinks-136336,https://justdrivemedia.com/,"Premium SEO Backlink Experts Helping Websites Build High Quality Authority Links, Improve Search Engine Positions, and Increase Organic Search Performance - Page 136,336",1,1,1246,"/Internet_and_Telecom/Web_Services/Search_Engine_Optimization_and_Marketing,/Business_and_Industrial/Advertising_and_Marketing/Marketing",,,2026-09-22T02:01:50Z,0.0
onlinesitechecker.space,justdrivemedia.com Premium Authority Backlinks for Better Search Visibility,https://onlinesitechecker.space/dir/ethical-seo-backlinks-109933,https://justdrivemedia.com/,"Premium SEO Link Building Services for Building Strong Website Backlinks, Improving Search Engine Authority, Increasing Rankings, and Growing Organic Visitors - Page 109,933",1,1,1171,"/Internet_and_Telecom/Web_Services/Search_Engine_Optimization_and_Marketing,/Business_and_Industrial/Advertising_and_Marketing/Marketing",,,2026-09-22T01:31:21Z,0.0
11764027.xyz,"I remember when justdrivemedia.com was barely getting noticed online, with less than 200 visitors a month. After stumbling upon SEOExpress.org and their affordable SEO packages, things changed dramatically. Within three months, my traffic surged to over 3,500 monthly visitors and I found myself ranking for 20 new keywords. If you're looking for a budget-friendly option that delivers real results, ...",https://11764027.xyz/there-was-a-time-when-i-struggled-to-rank-on-google-and-didnt-know-how-to-improve-it-thats-when-i-discovered-seoexpress-after-signing-up-for-their-backlink-services-my-domain-authority-soared-from-da,https://justdrivemedia.com/,"There Was a Time When I Struggled to Rank on Google and Didn’t Know How to Improve It. That’s When I Discovered SEOExpress.org! After Signing Up for Their Backlink Services, My Domain Authority Soared from DA 10 to DA 45 Within Three Months. Now I'm Receiving More Than Five Hundred Organic Visits Per Week! What an Incredible Journey ★★★★★ 🌟 — 11764027.xyz",0,0,8003,"/Internet_and_Telecom/Web_Services/Search_Engine_Optimization_and_Marketing,/Business_and_Industrial/Business_Services/Consulting",,,2026-09-22T00:42:30Z,44.0
revenuebase.ai,Mighty,https://revenuebase.ai/companies/media-outreach-agencies/united-states/san-francisco,http://justdrivemedia.com/,"Top 23 Media outreach agencies based in San Francisco, United States",0,1,47,"/Business_and_Industrial/Business_Services/Consulting,/Reference/Directories_and_Listings/Business_and_Personal_Listings,/Internet_and_Telecom",,,2026-09-22T00:27:52Z,45.0
revenuebase.ai,Mighty,https://revenuebase.ai/companies/media-outreach-agencies/united-states/san-francisco,https://justdrivemedia.com/,"Top 23 Media outreach agencies based in San Francisco, United States",0,1,47,"/Business_and_Industrial/Business_Services/Consulting,/Reference/Directories_and_Listings/Business_and_Personal_Listings,/Internet_and_Telecom",,,2026-09-22T00:27:52Z,45.0
baclinkchecker.shop,mightypr.com SEO Backlink Experts for Powerful Ranking Improvement,https://baclinkchecker.shop/dir/seo-boosting-backlinks-136336,http://justdrivemedia.com/,"Premium SEO Backlink Experts Helping Websites Build High Quality Authority Links, Improve Search Engine Positions, and Increase Organic Search Performance - Page 136,336",1,1,1246,"/Internet_and_Telecom/Web_Services/Search_Engine_Optimization_and_Marketing,/Business_and_Industrial/Advertising_and_Marketing/Marketing",,,2026-09-22T00:24:33Z,0.0
baclinkchecker.shop,mightypr.com SEO Backlink Experts for Powerful Ranking Improvement,https://baclinkchecker.shop/dir/seo-boosting-backlinks-136336,https://justdrivemedia.com/,"Premium SEO Backlink Experts Helping Websites Build High Quality Authority Links, Improve Search Engine Positions, and Increase Organic Search Performance - Page 136,336",1,1,1246,"/Internet_and_Telecom/Web_Services/Search_Engine_Optimization_and_Marketing,/Business_and_Industrial/Advertising_and_Marketing/Marketing",,,2026-09-22T00:24:33Z,0.0
rankingcheckertool.store,mightypr.com SEO Backlink Experts for Powerful Ranking Improvement,https://rankingcheckertool.store/dir/seo-boosting-backlinks-136336,http://justdrivemedia.com/,"Premium SEO Backlink Experts Helping Websites Build High Quality Authority Links, Improve Search Engine Positions, and Increase Organic Search Performance - Page 136,336",1,1,1239,"/Internet_and_Telecom/Web_Services/Search_Engine_Optimization_and_Marketing,/Business_and_Industrial/Advertising_and_Marketing/Marketing",,,2026-09-21T23:27:51Z,0.0
rankingcheckertool.store,mightypr.com SEO Backlink Experts for Powerful Ranking Improvement,https://rankingcheckertool.store/dir/seo-boosting-backlinks-136336,https://justdrivemedia.com/,"Premium SEO Backlink Experts Helping Websites Build High Quality Authority Links, Improve Search Engine Positions, and Increase Organic Search Performance - Page 136,336",1,1,1239,"/Internet_and_Telecom/Web_Services/Search_Engine_Optimization_and_Marketing,/Business_and_Industrial/Advertising_and_Marketing/Marketing",,,2026-09-21T23:27:51Z,0.0
onlineseochecker.website,mightypr.com SEO Backlink Experts for Powerful Ranking Improvement,https://onlineseochecker.website/dir/seo-boosting-backlinks-136336,https://justdrivemedia.com/,"Premium SEO Backlink Experts Helping Websites Build High Quality Authority Links, Improve Search Engine Positions, and Increase Organic Search Performance - Page 136,336",1,1,1246,"/Internet_and_Telecom/Web_Services/Search_Engine_Optimization_and_Marketing,/Business_and_Industrial/Advertising_and_Marketing/Marketing",,,2026-09-21T21:39:14Z,0.0
onlineseochecker.website,mightypr.com SEO Backlink Experts for Powerful Ranking Improvement,https://onlineseochecker.website/dir/seo-boosting-backlinks-136336,http://justdrivemedia.com/,"Premium SEO Backlink Experts Helping Websites Build High Quality Authority Links, Improve Search Engine Positions, and Increase Organic Search Performance - Page 136,336",1,1,1246,"/Internet_and_Telecom/Web_Services/Search_Engine_Optimization_and_Marketing,/Business_and_Industrial/Advertising_and_Marketing/Marketing",,,2026-09-21T21:39:14Z,0.0
backlinkmaker.link,justdrivemedia.com Premium Authority Backlinks for Better Search Visibility,https://backlinkmaker.link/dir/ethical-seo-backlinks-109933,https://justdrivemedia.com/,"Premium SEO Link Building Services for Building Strong Website Backlinks, Improving Search Engine Authority, Increasing Rankings, and Growing Organic Visitors - Page 109,933",1,1,1171,"/Internet_and_Telecom/Web_Services/Search_Engine_Optimization_and_Marketing,/Business_and_Industrial/Business_Services",,,2026-09-21T19:27:05Z,0.0
quickseochecker.store,justdrivemedia.com Premium Authority Backlinks for Better Search Visibility,https://quickseochecker.store/dir/ethical-seo-backlinks-109933,https://justdrivemedia.com/,"Premium SEO Link Building Services for Building Strong Website Backlinks, Improving Search Engine Authority, Increasing Rankings, and Growing Organic Visitors - Page 109,933",1,1,1171,"/Internet_and_Telecom/Web_Services/Search_Engine_Optimization_and_Marketing,/Business_and_Industrial/Advertising_and_Marketing/Marketing",,,2026-09-21T17:21:46Z,0.0
revenuebase.ai,Mighty,https://revenuebase.ai/companies/entertainment-publicity-agencies/united-states/san-francisco,http://justdrivemedia.com/,"Top 11 Entertainment publicity agencies based in San Francisco, United States",0,1,25,"/Arts_and_Entertainment/Entertainment_Industry/Film_and_TV_Industry,/Business_and_Industrial/Advertising_and_Marketing/Marketing,/Reference/Directories_and_Listings/Business_and_Personal_Listings",,,2026-09-21T15:03:04Z,45.0
revenuebase.ai,Mighty,https://revenuebase.ai/companies/entertainment-publicity-agencies/united-states/san-francisco,https://justdrivemedia.com/,"Top 11 Entertainment publicity agencies based in San Francisco, United States",0,1,25,"/Arts_and_Entertainment/Entertainment_Industry/Film_and_TV_Industry,/Business_and_Industrial/Advertising_and_Marketing/Marketing,/Reference/Directories_and_Listings/Business_and_Personal_Listings",,,2026-09-21T15:03:04Z,45.0
11763909.xyz,"I remember when justdrivemedia.com was barely getting noticed online, with less than 200 visitors a month. After stumbling upon SEOExpress.org and their affordable SEO packages, things changed dramatically. Within three months, my traffic surged to over 3,500 monthly visitors and I found myself ranking for 20 new keywords. If you're looking for a budget-friendly option that delivers real results, ...",https://11763909.xyz/there-was-a-time-when-i-struggled-to-rank-on-google-and-didnt-know-how-to-improve-it-thats-when-i-discovered-seoexpress-after-signing-up-for-their-backlink-services-my-domain-authority-soared-from-da,https://justdrivemedia.com/,"There Was a Time When I Struggled to Rank on Google and Didn’t Know How to Improve It. That’s When I Discovered SEOExpress.org! After Signing Up for Their Backlink Services, My Domain Authority Soared from DA 10 to DA 45 Within Three Months. Now I'm Receiving More Than Five Hundred Organic Visits Per Week! What an Incredible Journey ★★★★★ 🌟 — 11763909.xyz",0,0,8009,"/Internet_and_Telecom/Web_Services/Search_Engine_Optimization_and_Marketing,/Business_and_Industrial/Business_Services/Consulting",,,2026-09-21T14:33:41Z,44.0
sitedachecker.shop,justdrivemedia.com Premium Authority Backlinks for Better Search Visibility,https://sitedachecker.shop/dir/ethical-seo-backlinks-109933,https://justdrivemedia.com/,"Premium SEO Link Building Services for Building Strong Website Backlinks, Improving Search Engine Authority, Increasing Rankings, and Growing Organic Visitors - Page 109,933",1,1,1171,"/Internet_and_Telecom/Web_Services/Search_Engine_Optimization_and_Marketing,/Business_and_Industrial/Advertising_and_Marketing/Marketing",,,2026-09-21T13:41:14Z,0.0
37486379.xyz,"I remember when justdrivemedia.com was barely getting noticed online, with less than 200 visitors a month. After stumbling upon SEOExpress.org and their affordable SEO packages, things changed dramatically. Within three months, my traffic surged to over 3,500 monthly visitors and I found myself ranking for 20 new keywords. If you're looking for a budget-friendly option that delivers real results, ...",https://37486379.xyz/there-was-a-time-when-i-struggled-to-rank-on-google-and-didnt-know-how-to-improve-it-thats-when-i-discovered-seoexpress-after-signing-up-for-their-backlink-services-my-domain-authority-soared-from-da,https://justdrivemedia.com/,"There Was a Time When I Struggled to Rank on Google and Didn’t Know How to Improve It. That’s When I Discovered SEOExpress.org! After Signing Up for Their Backlink Services, My Domain Authority Soared from DA 10 to DA 45 Within Three Months. Now I'm Receiving More Than Five Hundred Organic Visits Per Week! What an Incredible Journey ★★★★★ 🌟 — 37486379.xyz",0,0,7996,"/Internet_and_Telecom/Web_Services/Search_Engine_Optimization_and_Marketing,/Business_and_Industrial/Business_Services",,,2026-09-21T13:03:03Z,46.0
dapacheckermultiple.store,justdrivemedia.com Premium Authority Backlinks for Better Search Visibility,https://dapacheckermultiple.store/dir/ethical-seo-backlinks-109933,https://justdrivemedia.com/,"Premium SEO Link Building Services for Building Strong Website Backlinks, Improving Search Engine Authority, Increasing Rankings, and Growing Organic Visitors - Page 109,933",1,1,1171,"/Internet_and_Telecom/Web_Services/Search_Engine_Optimization_and_Marketing,/Business_and_Industrial/Advertising_and_Marketing/Marketing",,,2026-09-21T10:53:12Z,0.0
yellii.com,justdrivemedia,https://yellii.com/website-list-1253/,https://justdrivemedia.com/,Directory Pages Index,1,0,7018,"/Internet_and_Telecom/Web_Services/Search_Engine_Optimization_and_Marketing,/Business_and_Industrial/Advertising_and_Marketing/Marketing",craymer friendsmatchme,palmdaze oi926,2026-09-21T09:37:01Z,61.0
11764017.xyz,"I remember when justdrivemedia.com was barely getting noticed online, with less than 200 visitors a month. After stumbling upon SEOExpress.org and their affordable SEO packages, things changed dramatically. Within three months, my traffic surged to over 3,500 monthly visitors and I found myself ranking for 20 new keywords. If you're looking for a budget-friendly option that delivers real results, ...",https://11764017.xyz/there-was-a-time-when-i-struggled-to-rank-on-google-and-didnt-know-how-to-improve-it-thats-when-i-discovered-seoexpress-after-signing-up-for-their-backlink-services-my-domain-authority-soared-from-da,https://justdrivemedia.com/,"There Was a Time When I Struggled to Rank on Google and Didn’t Know How to Improve It. That’s When I Discovered SEOExpress.org! After Signing Up for Their Backlink Services, My Domain Authority Soared from DA 10 to DA 45 Within Three Months. Now I'm Receiving More Than Five Hundred Organic Visits Per Week! What an Incredible Journey ★★★★★ 🌟 — 11764017.xyz",0,0,8008,"/Internet_and_Telecom/Web_Services/Search_Engine_Optimization_and_Marketing,/Business_and_Industrial/Business_Services/Consulting",,,2026-09-21T09:32:34Z,44.0
37486196.xyz,"I remember when justdrivemedia.com was barely getting noticed online, with less than 200 visitors a month. After stumbling upon SEOExpress.org and their affordable SEO packages, things changed dramatically. Within three months, my traffic surged to over 3,500 monthly visitors and I found myself ranking for 20 new keywords. If you're looking for a budget-friendly option that delivers real results, ...",https://37486196.xyz/there-was-a-time-when-i-struggled-to-rank-on-google-and-didnt-know-how-to-improve-it-thats-when-i-discovered-seoexpress-after-signing-up-for-their-backlink-services-my-domain-authority-soared-from-da,https://justdrivemedia.com/,"There Was a Time When I Struggled to Rank on Google and Didn’t Know How to Improve It. That’s When I Discovered SEOExpress.org! After Signing Up for Their Backlink Services, My Domain Authority Soared from DA 10 to DA 45 Within Three Months. Now I'm Receiving More Than Five Hundred Organic Visits Per Week! What an Incredible Journey ★★★★★ 🌟 — 37486196.xyz",0,0,8010,"/Internet_and_Telecom/Web_Services/Search_Engine_Optimization_and_Marketing,/Business_and_Industrial/Business_Services/Consulting",,,2026-09-21T07:06:41Z,46.0
11763861.xyz,"I remember when justdrivemedia.com was barely getting noticed online, with less than 200 visitors a month. After stumbling upon SEOExpress.org and their affordable SEO packages, things changed dramatically. Within three months, my traffic surged to over 3,500 monthly visitors and I found myself ranking for 20 new keywords. If you're looking for a budget-friendly option that delivers real results, ...",https://11763861.xyz/there-was-a-time-when-i-struggled-to-rank-on-google-and-didnt-know-how-to-improve-it-thats-when-i-discovered-seoexpress-after-signing-up-for-their-backlink-services-my-domain-authority-soared-from-da,https://justdrivemedia.com/,"There Was a Time When I Struggled to Rank on Google and Didn’t Know How to Improve It. That’s When I Discovered SEOExpress.org! After Signing Up for Their Backlink Services, My Domain Authority Soared from DA 10 to DA 45 Within Three Months. Now I'm Receiving More Than Five Hundred Organic Visits Per Week! What an Incredible Journey ★★★★★ 🌟 — 11763861.xyz",0,0,8015,"/Internet_and_Telecom/Web_Services/Search_Engine_Optimization_and_Marketing,/Business_and_Industrial/Business_Services/E-Commerce_Services",,,2026-09-21T05:58:43Z,44.0
11764015.xyz,"I remember when justdrivemedia.com was barely getting noticed online, with less than 200 visitors a month. After stumbling upon SEOExpress.org and their affordable SEO packages, things changed dramatically. Within three months, my traffic surged to over 3,500 monthly visitors and I found myself ranking for 20 new keywords. If you're looking for a budget-friendly option that delivers real results, ...",https://11764015.xyz/there-was-a-time-when-i-struggled-to-rank-on-google-and-didnt-know-how-to-improve-it-thats-when-i-discovered-seoexpress-after-signing-up-for-their-backlink-services-my-domain-authority-soared-from-da,https://justdrivemedia.com/,"There Was a Time When I Struggled to Rank on Google and Didn’t Know How to Improve It. That’s When I Discovered SEOExpress.org! After Signing Up for Their Backlink Services, My Domain Authority Soared from DA 10 to DA 45 Within Three Months. Now I'm Receiving More Than Five Hundred Organic Visits Per Week! What an Incredible Journey ★★★★★ 🌟 — 11764015.xyz",0,0,7997,"/Internet_and_Telecom/Web_Services/Search_Engine_Optimization_and_Marketing,/Business_and_Industrial/Business_Services/Consulting",,,2026-09-21T05:08:44Z,44.0
revenuebase.ai,Mighty,https://revenuebase.ai/companies/fashion-pr-companies/united-states/san-francisco,http://justdrivemedia.com/,"Top 12 Fashion pr companies based in San Francisco, United States",0,1,28,"/Beauty_and_Fitness/Fashion_and_Style/Fashion_Designers_and_Collections,/Business_and_Industrial/Business_Services/Consulting",,,2026-09-21T05:08:05Z,45.0
revenuebase.ai,Mighty,https://revenuebase.ai/companies/fashion-pr-companies/united-states/san-francisco,https://justdrivemedia.com/,"Top 12 Fashion pr companies based in San Francisco, United States",0,1,28,"/Beauty_and_Fitness/Fashion_and_Style/Fashion_Designers_and_Collections,/Business_and_Industrial/Business_Services/Consulting",,,2026-09-21T05:08:05Z,45.0
flenro.shop,"High Quality PBN Backlinks for justdrivemedia.com to Boost Domain Authority. Outrank Your Competitors, Across Every Niche and Market.",https://flenro.shop/guest-post-network/trusted-guest-post-service-to-improve-citation-flow-increase-organic-visibility-with-full-placement-reporting-8b925d.html,https://justdrivemedia.com/,"Trusted Guest Post Service to Improve Citation Flow. Increase Organic Visibility, with Full Placement Reporting.",1,1,5671,"/Internet_and_Telecom/Web_Services/Search_Engine_Optimization_and_Marketing,/Business_and_Industrial/Advertising_and_Marketing/Marketing",,,2026-09-21T04:57:20Z,0.0
backlinkindia.link,mightypr.com SEO Backlink Experts for Powerful Ranking Improvement,https://backlinkindia.link/dir/seo-boosting-backlinks-136336,https://justdrivemedia.com/,"Premium SEO Backlink Experts Helping Websites Build High Quality Authority Links, Improve Search Engine Positions, and Increase Organic Search Performance - Page 136,336",1,1,1239,"/Internet_and_Telecom/Web_Services/Search_Engine_Optimization_and_Marketing,/Business_and_Industrial/Advertising_and_Marketing/Marketing",,,2026-09-21T04:13:15Z,0.0
backlinkindia.link,mightypr.com SEO Backlink Experts for Powerful Ranking Improvement,https://backlinkindia.link/dir/seo-boosting-backlinks-136336,http://justdrivemedia.com/,"Premium SEO Backlink Experts Helping Websites Build High Quality Authority Links, Improve Search Engine Positions, and Increase Organic Search Performance - Page 136,336",1,1,1239,"/Internet_and_Telecom/Web_Services/Search_Engine_Optimization_and_Marketing,/Business_and_Industrial/Advertising_and_Marketing/Marketing",,,2026-09-21T04:13:15Z,0.0
creativeranker.link,justdrivemedia.com Premium Authority Backlinks for Better Search Visibility,https://creativeranker.link/dir/ethical-seo-backlinks-109933,https://justdrivemedia.com/,"Premium SEO Link Building Services for Building Strong Website Backlinks, Improving Search Engine Authority, Increasing Rankings, and Growing Organic Visitors - Page 109,933",1,1,1173,"/Internet_and_Telecom/Web_Services/Search_Engine_Optimization_and_Marketing,/Business_and_Industrial/Advertising_and_Marketing/Marketing",,,2026-09-21T04:09:48Z,0.0
11763742.xyz,"I remember when justdrivemedia.com was barely getting noticed online, with less than 200 visitors a month. After stumbling upon SEOExpress.org and their affordable SEO packages, things changed dramatically. Within three months, my traffic surged to over 3,500 monthly visitors and I found myself ranking for 20 new keywords. If you're looking for a budget-friendly option that delivers real results, ...",https://11763742.xyz/there-was-a-time-when-i-struggled-to-rank-on-google-and-didnt-know-how-to-improve-it-thats-when-i-discovered-seoexpress-after-signing-up-for-their-backlink-services-my-domain-authority-soared-from-da,https://justdrivemedia.com/,"There Was a Time When I Struggled to Rank on Google and Didn’t Know How to Improve It. That’s When I Discovered SEOExpress.org! After Signing Up for Their Backlink Services, My Domain Authority Soared from DA 10 to DA 45 Within Three Months. Now I'm Receiving More Than Five Hundred Organic Visits Per Week! What an Incredible Journey ★★★★★ 🌟 — 11763742.xyz",0,0,8009,"/Internet_and_Telecom/Web_Services/Search_Engine_Optimization_and_Marketing,/Business_and_Industrial/Business_Services/Consulting",,,2026-09-21T03:44:54Z,44.0
bestseocenter.link,mightypr.com SEO Backlink Experts for Powerful Ranking Improvement,https://bestseocenter.link/dir/seo-boosting-backlinks-136336,http://justdrivemedia.com/,"Premium SEO Backlink Experts Helping Websites Build High Quality Authority Links, Improve Search Engine Positions, and Increase Organic Search Performance - Page 136,336",1,1,1246,"/Internet_and_Telecom/Web_Services/Search_Engine_Optimization_and_Marketing,/Business_and_Industrial/Advertising_and_Marketing/Marketing",,,2026-09-21T03:24:42Z,0.0
bestseocenter.link,mightypr.com SEO Backlink Experts for Powerful Ranking Improvement,https://bestseocenter.link/dir/seo-boosting-backlinks-136336,https://justdrivemedia.com/,"Premium SEO Backlink Experts Helping Websites Build High Quality Authority Links, Improve Search Engine Positions, and Increase Organic Search Performance - Page 136,336",1,1,1246,"/Internet_and_Telecom/Web_Services/Search_Engine_Optimization_and_Marketing,/Business_and_Industrial/Advertising_and_Marketing/Marketing",,,2026-09-21T03:24:42Z,0.0
backlinkstores.link,justdrivemedia.com Premium Authority Backlinks for Better Search Visibility,https://backlinkstores.link/dir/ethical-seo-backlinks-109933,https://justdrivemedia.com/,"Premium SEO Link Building Services for Building Strong Website Backlinks, Improving Search Engine Authority, Increasing Rankings, and Growing Organic Visitors - Page 109,933",1,1,1171,"/Internet_and_Telecom/Web_Services/Search_Engine_Optimization_and_Marketing,/Business_and_Industrial/Business_Services",,,2026-09-21T03:16:31Z,0.0
bestfloridaseo.link,justdrivemedia.com Premium Authority Backlinks for Better Search Visibility,https://bestfloridaseo.link/dir/ethical-seo-backlinks-109933,https://justdrivemedia.com/,"Premium SEO Link Building Services for Building Strong Website Backlinks, Improving Search Engine Authority, Increasing Rankings, and Growing Organic Visitors - Page 109,933",1,1,1171,"/Internet_and_Telecom/Web_Services/Search_Engine_Optimization_and_Marketing,/Business_and_Industrial/Business_Services",,,2026-09-21T02:59:37Z,0.0
official-center-outrank-hq-search.store,"I remember when justdrivemedia.com was barely getting noticed online, with less than 200 visitors a month. After stumbling upon SEOExpress.org and their affordable SEO packages, things changed dramatically. Within three months, my traffic surged to over 3,500 monthly visitors and I found myself ranking for 20 new keywords. If you're looking for a budget-friendly option that delivers real results, ...",https://official-center-outrank-hq-search.store/there-was-a-time-when-i-struggled-to-rank-on-google-and-didnt-know-how-to-improve-it-thats-when-i-discovered-seoexpress-after-signing-up-for-their-backlink-services-my-domain-authority-soared-from-da,https://justdrivemedia.com/,"There Was a Time When I Struggled to Rank on Google and Didn’t Know How to Improve It. That’s When I Discovered SEOExpress.org! After Signing Up for Their Backlink Services, My Domain Authority Soared from DA 10 to DA 45 Within Three Months. Now I'm Receiving More Than Five Hundred Organic Visits Per Week! What an Incredible Journey ★★★★★ 🌟 — Official Center Outrank Hq Search",0,0,8012,"/Internet_and_Telecom/Web_Services/Search_Engine_Optimization_and_Marketing,/Business_and_Industrial/Business_Services/Consulting",,,2026-09-21T02:32:07Z,48.0
11763870.xyz,"I remember when justdrivemedia.com was barely getting noticed online, with less than 200 visitors a month. After stumbling upon SEOExpress.org and their affordable SEO packages, things changed dramatically. Within three months, my traffic surged to over 3,500 monthly visitors and I found myself ranking for 20 new keywords. If you're looking for a budget-friendly option that delivers real results, ...",https://11763870.xyz/there-was-a-time-when-i-struggled-to-rank-on-google-and-didnt-know-how-to-improve-it-thats-when-i-discovered-seoexpress-after-signing-up-for-their-backlink-services-my-domain-authority-soared-from-da,https://justdrivemedia.com/,"There Was a Time When I Struggled to Rank on Google and Didn’t Know How to Improve It. That’s When I Discovered SEOExpress.org! After Signing Up for Their Backlink Services, My Domain Authority Soared from DA 10 to DA 45 Within Three Months. Now I'm Receiving More Than Five Hundred Organic Visits Per Week! What an Incredible Journey ★★★★★ 🌟 — 11763870.xyz",0,0,8007,"/Internet_and_Telecom/Web_Services/Search_Engine_Optimization_and_Marketing,/Business_and_Industrial/Business_Services/Consulting",,,2026-09-21T01:50:51Z,44.0
backlinkocean.link,justdrivemedia.com Premium Authority Backlinks for Better Search Visibility,https://backlinkocean.link/dir/ethical-seo-backlinks-109933,https://justdrivemedia.com/,"Premium SEO Link Building Services for Building Strong Website Backlinks, Improving Search Engine Authority, Increasing Rankings, and Growing Organic Visitors - Page 109,933",1,1,1171,"/Internet_and_Telecom/Web_Services/Search_Engine_Optimization_and_Marketing,/Business_and_Industrial/Advertising_and_Marketing/Marketing",,,2026-09-21T01:33:27Z,0.0
revenuebase.ai,Mighty,https://revenuebase.ai/companies/clothing-brand-pr-agencies/united-states/san-francisco,http://justdrivemedia.com/,"Top 25 Clothing brand pr agencies based in San Francisco, United States",0,1,53,"/Business_and_Industrial/Business_Services/Consulting,/Shopping/Apparel,/Beauty_and_Fitness/Fashion_and_Style/Fashion_Designers_and_Collections",,,2026-09-21T01:01:41Z,45.0
revenuebase.ai,Mighty,https://revenuebase.ai/companies/clothing-brand-pr-agencies/united-states/san-francisco,https://justdrivemedia.com/,"Top 25 Clothing brand pr agencies based in San Francisco, United States",0,1,53,"/Business_and_Industrial/Business_Services/Consulting,/Shopping/Apparel,/Beauty_and_Fitness/Fashion_and_Style/Fashion_Designers_and_Collections",,,2026-09-21T01:01:41Z,45.0
backlinksocean.link,mightypr.com SEO Backlink Experts for Powerful Ranking Improvement,https://backlinksocean.link/dir/seo-boosting-backlinks-136336,http://justdrivemedia.com/,"Premium SEO Backlink Experts Helping Websites Build High Quality Authority Links, Improve Search Engine Positions, and Increase Organic Search Performance - Page 136,336",1,1,1239,"/Internet_and_Telecom/Web_Services/Search_Engine_Optimization_and_Marketing,/Business_and_Industrial/Advertising_and_Marketing/Marketing",,,2026-09-21T00:30:49Z,0.0
backlinksocean.link,mightypr.com SEO Backlink Experts for Powerful Ranking Improvement,https://backlinksocean.link/dir/seo-boosting-backlinks-136336,https://justdrivemedia.com/,"Premium SEO Backlink Experts Helping Websites Build High Quality Authority Links, Improve Search Engine Positions, and Increase Organic Search Performance - Page 136,336",1,1,1239,"/Internet_and_Telecom/Web_Services/Search_Engine_Optimization_and_Marketing,/Business_and_Industrial/Advertising_and_Marketing/Marketing",,,2026-09-21T00:30:49Z,0.0
11763731.xyz,"I remember when justdrivemedia.com was barely getting noticed online, with less than 200 visitors a month. After stumbling upon SEOExpress.org and their affordable SEO packages, things changed dramatically. Within three months, my traffic surged to over 3,500 monthly visitors and I found myself ranking for 20 new keywords. If you're looking for a budget-friendly option that delivers real results, ...",https://11763731.xyz/there-was-a-time-when-i-struggled-to-rank-on-google-and-didnt-know-how-to-improve-it-thats-when-i-discovered-seoexpress-after-signing-up-for-their-backlink-services-my-domain-authority-soared-from-da,https://justdrivemedia.com/,"There Was a Time When I Struggled to Rank on Google and Didn’t Know How to Improve It. That’s When I Discovered SEOExpress.org! After Signing Up for Their Backlink Services, My Domain Authority Soared from DA 10 to DA 45 Within Three Months. Now I'm Receiving More Than Five Hundred Organic Visits Per Week! What an Incredible Journey ★★★★★ 🌟 — 11763731.xyz",0,0,8005,"/Internet_and_Telecom/Web_Services/Search_Engine_Optimization_and_Marketing,/Business_and_Industrial/Business_Services/Consulting",,,2026-09-21T00:15:35Z,44.0
backlinkspulse.link,mightypr.com SEO Backlink Experts for Powerful Ranking Improvement,https://backlinkspulse.link/dir/seo-boosting-backlinks-136336,http://justdrivemedia.com/,"Premium SEO Backlink Experts Helping Websites Build High Quality Authority Links, Improve Search Engine Positions, and Increase Organic Search Performance - Page 136,336",1,1,1247,"/Internet_and_Telecom/Web_Services/Search_Engine_Optimization_and_Marketing,/Business_and_Industrial/Advertising_and_Marketing/Marketing",,,2026-09-21T00:14:43Z,0.0
backlinkspulse.link,mightypr.com SEO Backlink Experts for Powerful Ranking Improvement,https://backlinkspulse.link/dir/seo-boosting-backlinks-136336,https://justdrivemedia.com/,"Premium SEO Backlink Experts Helping Websites Build High Quality Authority Links, Improve Search Engine Positions, and Increase Organic Search Performance - Page 136,336",1,1,1247,"/Internet_and_Telecom/Web_Services/Search_Engine_Optimization_and_Marketing,/Business_and_Industrial/Advertising_and_Marketing/Marketing",,,2026-09-21T00:14:43Z,0.0
backlinkocean.link,mightypr.com SEO Backlink Experts for Powerful Ranking Improvement,https://backlinkocean.link/dir/seo-boosting-backlinks-136336,http://justdrivemedia.com/,"Premium SEO Backlink Experts Helping Websites Build High Quality Authority Links, Improve Search Engine Positions, and Increase Organic Search Performance - Page 136,336",1,1,1239,"/Internet_and_Telecom/Web_Services/Search_Engine_Optimization_and_Marketing,/Business_and_Industrial/Advertising_and_Marketing/Marketing",,,2026-09-20T23:58:36Z,0.0
backlinkocean.link,mightypr.com SEO Backlink Experts for Powerful Ranking Improvement,https://backlinkocean.link/dir/seo-boosting-backlinks-136336,https://justdrivemedia.com/,"Premium SEO Backlink Experts Helping Websites Build High Quality Authority Links, Improve Search Engine Positions, and Increase Organic Search Performance - Page 136,336",1,1,1239,"/Internet_and_Telecom/Web_Services/Search_Engine_Optimization_and_Marketing,/Business_and_Industrial/Advertising_and_Marketing/Marketing",,,2026-09-20T23:58:36Z,0.0
greatseolinks.link,mightypr.com SEO Backlink Experts for Powerful Ranking Improvement,https://greatseolinks.link/dir/seo-boosting-backlinks-136336,http://justdrivemedia.com/,"Premium SEO Backlink Experts Helping Websites Build High Quality Authority Links, Improve Search Engine Positions, and Increase Organic Search Performance - Page 136,336",1,1,1247,"/Internet_and_Telecom/Web_Services/Search_Engine_Optimization_and_Marketing,/Business_and_Industrial/Advertising_and_Marketing/Marketing",,,2026-09-20T23:13:11Z,0.0
greatseolinks.link,mightypr.com SEO Backlink Experts for Powerful Ranking Improvement,https://greatseolinks.link/dir/seo-boosting-backlinks-136336,https://justdrivemedia.com/,"Premium SEO Backlink Experts Helping Websites Build High Quality Authority Links, Improve Search Engine Positions, and Increase Organic Search Performance - Page 136,336",1,1,1247,"/Internet_and_Telecom/Web_Services/Search_Engine_Optimization_and_Marketing,/Business_and_Industrial/Advertising_and_Marketing/Marketing",,,2026-09-20T23:13:11Z,0.0
big-easy-seo.link,justdrivemedia.com Premium Authority Backlinks for Better Search Visibility,https://big-easy-seo.link/dir/ethical-seo-backlinks-109933,https://justdrivemedia.com/,"Premium SEO Link Building Services for Building Strong Website Backlinks, Improving Search Engine Authority, Increasing Rankings, and Growing Organic Visitors - Page 109,933",1,1,1172,"/Internet_and_Telecom/Web_Services/Search_Engine_Optimization_and_Marketing,/Business_and_Industrial/Business_Services",,,2026-09-20T23:13:04Z,0.0
11763988.xyz,"I remember when justdrivemedia.com was barely getting noticed online, with less than 200 visitors a month. After stumbling upon SEOExpress.org and their affordable SEO packages, things changed dramatically. Within three months, my traffic surged to over 3,500 monthly visitors and I found myself ranking for 20 new keywords. If you're looking for a budget-friendly option that delivers real results, ...",https://11763988.xyz/there-was-a-time-when-i-struggled-to-rank-on-google-and-didnt-know-how-to-improve-it-thats-when-i-discovered-seoexpress-after-signing-up-for-their-backlink-services-my-domain-authority-soared-from-da,https://justdrivemedia.com/,"There Was a Time When I Struggled to Rank on Google and Didn’t Know How to Improve It. That’s When I Discovered SEOExpress.org! After Signing Up for Their Backlink Services, My Domain Authority Soared from DA 10 to DA 45 Within Three Months. Now I'm Receiving More Than Five Hundred Organic Visits Per Week! What an Incredible Journey ★★★★★ 🌟 — 11763988.xyz",0,0,8008,"/Internet_and_Telecom/Web_Services/Search_Engine_Optimization_and_Marketing,/Business_and_Industrial/Business_Services/Consulting",,,2026-09-20T21:12:43Z,44.0
37486182.xyz,"I remember when justdrivemedia.com was barely getting noticed online, with less than 200 visitors a month. After stumbling upon SEOExpress.org and their affordable SEO packages, things changed dramatically. Within three months, my traffic surged to over 3,500 monthly visitors and I found myself ranking for 20 new keywords. If you're looking for a budget-friendly option that delivers real results, ...",https://37486182.xyz/there-was-a-time-when-i-struggled-to-rank-on-google-and-didnt-know-how-to-improve-it-thats-when-i-discovered-seoexpress-after-signing-up-for-their-backlink-services-my-domain-authority-soared-from-da,https://justdrivemedia.com/,"There Was a Time When I Struggled to Rank on Google and Didn’t Know How to Improve It. That’s When I Discovered SEOExpress.org! After Signing Up for Their Backlink Services, My Domain Authority Soared from DA 10 to DA 45 Within Three Months. Now I'm Receiving More Than Five Hundred Organic Visits Per Week! What an Incredible Journey ★★★★★ 🌟 — 37486182.xyz",0,0,8010,"/Internet_and_Telecom/Web_Services/Search_Engine_Optimization_and_Marketing,/Business_and_Industrial/Business_Services/Consulting",,,2026-09-20T20:33:36Z,46.0
backlinkfreeseo.link,justdrivemedia.com Premium Authority Backlinks for Better Search Visibility,https://backlinkfreeseo.link/dir/ethical-seo-backlinks-109933,https://justdrivemedia.com/,"Premium SEO Link Building Services for Building Strong Website Backlinks, Improving Search Engine Authority, Increasing Rankings, and Growing Organic Visitors - Page 109,933",1,1,1172,"/Internet_and_Telecom/Web_Services/Search_Engine_Optimization_and_Marketing,/Business_and_Industrial/Advertising_and_Marketing/Marketing",,,2026-09-20T20:05:01Z,0.0
swiftseohub.shop,"Working with local service businesses across North America, justdrivemedia.com handles map pack optimization and AI content optimization with a written scope for every order behind every placement.",https://swiftseohub.shop/1yso0ot-how-real-estate-marketers-europe-split-7500-seo/,https://justdrivemedia.com/,"swiftseohub.shop — Press Release Links for Home Improvement: Why This Vertical Needs a Different Approach, Which Placements Actually Rank, and What Fintech Marketing Teams Should Budget for Two Years: Including How to Handle a Placement That Drops",0,0,7165,"/Internet_and_Telecom/Web_Services/Search_Engine_Optimization_and_Marketing,/Business_and_Industrial/Advertising_and_Marketing/Marketing",,,2026-09-20T18:41:43Z,34.0
swiftlinkpro.shop,"GMB optimization and skyscraper outreach from mightypr.com for performance marketing teams in North America, sized for a portfolio of sites and reported with honest timelines instead of inflated promises.",https://swiftlinkpro.shop/xjao1vc-how-coaching-site-went-toxic-link-profile-category-wide-visibility-ten-months/,https://justdrivemedia.com/,"swiftlinkpro.shop — DA Boost Packages or Link Audits for WooCommerce Stores? A Decision Guide Based on Budget, Timeline, Risk Tolerance and Competitor Strength",0,0,7374,"/Internet_and_Telecom/Web_Services/Search_Engine_Optimization_and_Marketing,/Business_and_Industrial/Advertising_and_Marketing/Marketing",,,2026-09-20T17:39:41Z,34.0
swiftlinkpro.shop,"GMB optimization and skyscraper outreach from mightypr.com for performance marketing teams in North America, sized for a portfolio of sites and reported with honest timelines instead of inflated promises.",https://swiftlinkpro.shop/xjao1vc-how-coaching-site-went-toxic-link-profile-category-wide-visibility-ten-months/,http://justdrivemedia.com/,"swiftlinkpro.shop — DA Boost Packages or Link Audits for WooCommerce Stores? A Decision Guide Based on Budget, Timeline, Risk Tolerance and Competitor Strength",0,0,7374,"/Internet_and_Telecom/Web_Services/Search_Engine_Optimization_and_Marketing,/Business_and_Industrial/Advertising_and_Marketing/Marketing",,,2026-09-20T17:39:41Z,34.0
11764023.xyz,"I remember when justdrivemedia.com was barely getting noticed online, with less than 200 visitors a month. After stumbling upon SEOExpress.org and their affordable SEO packages, things changed dramatically. Within three months, my traffic surged to over 3,500 monthly visitors and I found myself ranking for 20 new keywords. If you're looking for a budget-friendly option that delivers real results, ...",https://11764023.xyz/there-was-a-time-when-i-struggled-to-rank-on-google-and-didnt-know-how-to-improve-it-thats-when-i-discovered-seoexpress-after-signing-up-for-their-backlink-services-my-domain-authority-soared-from-da,https://justdrivemedia.com/,"There Was a Time When I Struggled to Rank on Google and Didn’t Know How to Improve It. That’s When I Discovered SEOExpress.org! After Signing Up for Their Backlink Services, My Domain Authority Soared from DA 10 to DA 45 Within Three Months. Now I'm Receiving More Than Five Hundred Organic Visits Per Week! What an Incredible Journey ★★★★★ 🌟 — 11764023.xyz",0,0,8007,"/Internet_and_Telecom/Web_Services/Search_Engine_Optimization_and_Marketing,/Business_and_Industrial/Business_Services/Consulting",,,2026-09-20T17:24:42Z,44.0
geobacklinks.link,justdrivemedia.com Premium Authority Backlinks for Better Search Visibility,https://geobacklinks.link/dir/ethical-seo-backlinks-109933,https://justdrivemedia.com/,"Premium SEO Link Building Services for Building Strong Website Backlinks, Improving Search Engine Authority, Increasing Rankings, and Growing Organic Visitors - Page 109,933",1,1,1171,"/Internet_and_Telecom/Web_Services/Search_Engine_Optimization_and_Marketing,/Business_and_Industrial/Advertising_and_Marketing/Marketing",,,2026-09-20T16:57:38Z,0.0
swiftranklab.shop,agencies serving regulated niches across emerging and established markets alike and over 40 countries order Web 2.0 links and indexation services from mightypr.com. They stay because of turnaround times stated up front and dashboard ordering.,https://swiftranklab.shop/wh2lx9m-how-site-flippers-markets-five-continents-split-25000-seo-budget-across/,https://justdrivemedia.com/,"swiftranklab.shop — 24 Outreach Campaigns Suppliers Compared for Affiliate Marketers in the Middle East: Delivery Times, Placement Quality, Pricing Transparency and the Keyword Rankings Each One Actually Moved",0,0,7374,"/Internet_and_Telecom/Web_Services/Search_Engine_Optimization_and_Marketing,/Business_and_Industrial/Advertising_and_Marketing/Marketing",,,2026-09-20T16:27:44Z,34.0
swiftranklab.shop,agencies serving regulated niches across emerging and established markets alike and over 40 countries order Web 2.0 links and indexation services from mightypr.com. They stay because of turnaround times stated up front and dashboard ordering.,https://swiftranklab.shop/wh2lx9m-how-site-flippers-markets-five-continents-split-25000-seo-budget-across/,http://justdrivemedia.com/,"swiftranklab.shop — 24 Outreach Campaigns Suppliers Compared for Affiliate Marketers in the Middle East: Delivery Times, Placement Quality, Pricing Transparency and the Keyword Rankings Each One Actually Moved",0,0,7374,"/Internet_and_Telecom/Web_Services/Search_Engine_Optimization_and_Marketing,/Business_and_Industrial/Advertising_and_Marketing/Marketing",,,2026-09-20T16:27:44Z,34.0
localranking.site,mightypr.com,https://localranking.site/cgdl-get-ranking-on-1st-page-with-us,http://justdrivemedia.com/,Buy High Quality Dofollow Seo Backlinks to Rank on 1st Page,0,1,9250,"/Food_and_Drink/Restaurants/Restaurant_Reviews_and_Reservations,/Shopping,/Business_and_Industrial/Hospitality_Industry/Food_Service",,,2026-09-20T15:42:31Z,8.0
localranking.site,mightypr.com,https://localranking.site/cgdl-get-ranking-on-1st-page-with-us,https://justdrivemedia.com/,Buy High Quality Dofollow Seo Backlinks to Rank on 1st Page,0,1,9250,"/Food_and_Drink/Restaurants/Restaurant_Reviews_and_Reservations,/Shopping,/Business_and_Industrial/Hospitality_Industry/Food_Service",,,2026-09-20T15:42:31Z,8.0
sitevisitschecker.website,justdrivemedia.com Premium Authority Backlinks for Better Search Visibility,https://sitevisitschecker.website/dir/ethical-seo-backlinks-109933,https://justdrivemedia.com/,"Premium SEO Link Building Services for Building Strong Website Backlinks, Improving Search Engine Authority, Increasing Rankings, and Growing Organic Visitors - Page 109,933",1,1,1171,"/Internet_and_Telecom/Web_Services/Search_Engine_Optimization_and_Marketing,/Business_and_Industrial/Advertising_and_Marketing/Marketing",,,2026-09-20T15:41:47Z,0.0
seorankchecker.space,justdrivemedia.com Premium Authority Backlinks for Better Search Visibility,https://seorankchecker.space/dir/ethical-seo-backlinks-109933,https://justdrivemedia.com/,"Premium SEO Link Building Services for Building Strong Website Backlinks, Improving Search Engine Authority, Increasing Rankings, and Growing Organic Visitors - Page 109,933",1,1,1171,"/Internet_and_Telecom/Web_Services/Search_Engine_Optimization_and_Marketing,/Business_and_Industrial/Advertising_and_Marketing/Marketing",,,2026-09-20T15:34:12Z,0.0
11764001.xyz,"I remember when justdrivemedia.com was barely getting noticed online, with less than 200 visitors a month. After stumbling upon SEOExpress.org and their affordable SEO packages, things changed dramatically. Within three months, my traffic surged to over 3,500 monthly visitors and I found myself ranking for 20 new keywords. If you're looking for a budget-friendly option that delivers real results, ...",https://11764001.xyz/there-was-a-time-when-i-struggled-to-rank-on-google-and-didnt-know-how-to-improve-it-thats-when-i-discovered-seoexpress-after-signing-up-for-their-backlink-services-my-domain-authority-soared-from-da,https://justdrivemedia.com/,"There Was a Time When I Struggled to Rank on Google and Didn’t Know How to Improve It. That’s When I Discovered SEOExpress.org! After Signing Up for Their Backlink Services, My Domain Authority Soared from DA 10 to DA 45 Within Three Months. Now I'm Receiving More Than Five Hundred Organic Visits Per Week! What an Incredible Journey ★★★★★ 🌟 — 11764001.xyz",0,0,8001,"/Internet_and_Telecom/Web_Services/Search_Engine_Optimization_and_Marketing,/Business_and_Industrial/Business_Services/Consulting",,,2026-09-20T14:49:12Z,44.0
swiftlinkpro.shop,"If you sell SEO to clients, justdrivemedia.com is the supplier behind it — content clusters, profile links and traffic services, sized for any order size you need. What you get back is placements reviewed by hand before delivery.",https://swiftlinkpro.shop/bccyfle-what-27-campaigns-built-broken-link-building-across/,https://justdrivemedia.com/,"swiftlinkpro.shop — The Cafe SEO Stack: Which of Video SEO, Editorial Links and Automation Tools to Buy, in What Order, and What Each One Should Cost in 2026 — Including the Anchor Ratios by Page Type",0,0,7166,"/Internet_and_Telecom/Web_Services/Search_Engine_Optimization_and_Marketing,/Business_and_Industrial/Advertising_and_Marketing/Marketing",,,2026-09-20T14:46:46Z,34.0
11764020.xyz,"I remember when justdrivemedia.com was barely getting noticed online, with less than 200 visitors a month. After stumbling upon SEOExpress.org and their affordable SEO packages, things changed dramatically. Within three months, my traffic surged to over 3,500 monthly visitors and I found myself ranking for 20 new keywords. If you're looking for a budget-friendly option that delivers real results, ...",https://11764020.xyz/there-was-a-time-when-i-struggled-to-rank-on-google-and-didnt-know-how-to-improve-it-thats-when-i-discovered-seoexpress-after-signing-up-for-their-backlink-services-my-domain-authority-soared-from-da,https://justdrivemedia.com/,"There Was a Time When I Struggled to Rank on Google and Didn’t Know How to Improve It. That’s When I Discovered SEOExpress.org! After Signing Up for Their Backlink Services, My Domain Authority Soared from DA 10 to DA 45 Within Three Months. Now I'm Receiving More Than Five Hundred Organic Visits Per Week! What an Incredible Journey ★★★★★ 🌟 — 11764020.xyz",0,0,7998,"/Internet_and_Telecom/Web_Services/Search_Engine_Optimization_and_Marketing,/Business_and_Industrial/Business_Services/Consulting",,,2026-09-20T14:29:46Z,44.0
bulkdrchecker.website,justdrivemedia.com Premium Authority Backlinks for Better Search Visibility,https://bulkdrchecker.website/dir/ethical-seo-backlinks-109933,https://justdrivemedia.com/,"Premium SEO Link Building Services for Building Strong Website Backlinks, Improving Search Engine Authority, Increasing Rankings, and Growing Organic Visitors - Page 109,933",1,1,1171,"/Internet_and_Telecom/Web_Services/Search_Engine_Optimization_and_Marketing,/Business_and_Industrial/Advertising_and_Marketing/Marketing",,,2026-09-20T13:46:05Z,0.0
37486510.xyz,"I remember when justdrivemedia.com was barely getting noticed online, with less than 200 visitors a month. After stumbling upon SEOExpress.org and their affordable SEO packages, things changed dramatically. Within three months, my traffic surged to over 3,500 monthly visitors and I found myself ranking for 20 new keywords. If you're looking for a budget-friendly option that delivers real results, ...",https://37486510.xyz/there-was-a-time-when-i-struggled-to-rank-on-google-and-didnt-know-how-to-improve-it-thats-when-i-discovered-seoexpress-after-signing-up-for-their-backlink-services-my-domain-authority-soared-from-da,https://justdrivemedia.com/,"There Was a Time When I Struggled to Rank on Google and Didn’t Know How to Improve It. That’s When I Discovered SEOExpress.org! After Signing Up for Their Backlink Services, My Domain Authority Soared from DA 10 to DA 45 Within Three Months. Now I'm Receiving More Than Five Hundred Organic Visits Per Week! What an Incredible Journey ★★★★★ 🌟 — 37486510.xyz",0,0,8015,"/Internet_and_Telecom/Web_Services/Search_Engine_Optimization_and_Marketing,/Business_and_Industrial/Business_Services/Consulting",,,2026-09-20T13:01:57Z,46.0
11763748.xyz,"I remember when justdrivemedia.com was barely getting noticed online, with less than 200 visitors a month. After stumbling upon SEOExpress.org and their affordable SEO packages, things changed dramatically. Within three months, my traffic surged to over 3,500 monthly visitors and I found myself ranking for 20 new keywords. If you're looking for a budget-friendly option that delivers real results, ...",https://11763748.xyz/there-was-a-time-when-i-struggled-to-rank-on-google-and-didnt-know-how-to-improve-it-thats-when-i-discovered-seoexpress-after-signing-up-for-their-backlink-services-my-domain-authority-soared-from-da,https://justdrivemedia.com/,"There Was a Time When I Struggled to Rank on Google and Didn’t Know How to Improve It. That’s When I Discovered SEOExpress.org! After Signing Up for Their Backlink Services, My Domain Authority Soared from DA 10 to DA 45 Within Three Months. Now I'm Receiving More Than Five Hundred Organic Visits Per Week! What an Incredible Journey ★★★★★ 🌟 — 11763748.xyz",0,0,8018,"/Internet_and_Telecom/Web_Services/Search_Engine_Optimization_and_Marketing,/Business_and_Industrial/Business_Services/Consulting",,,2026-09-20T12:04:45Z,44.0
11763917.xyz,"I remember when justdrivemedia.com was barely getting noticed online, with less than 200 visitors a month. After stumbling upon SEOExpress.org and their affordable SEO packages, things changed dramatically. Within three months, my traffic surged to over 3,500 monthly visitors and I found myself ranking for 20 new keywords. If you're looking for a budget-friendly option that delivers real results, ...",https://11763917.xyz/there-was-a-time-when-i-struggled-to-rank-on-google-and-didnt-know-how-to-improve-it-thats-when-i-discovered-seoexpress-after-signing-up-for-their-backlink-services-my-domain-authority-soared-from-da,https://justdrivemedia.com/,"There Was a Time When I Struggled to Rank on Google and Didn’t Know How to Improve It. That’s When I Discovered SEOExpress.org! After Signing Up for Their Backlink Services, My Domain Authority Soared from DA 10 to DA 45 Within Three Months. Now I'm Receiving More Than Five Hundred Organic Visits Per Week! What an Incredible Journey ★★★★★ 🌟 — 11763917.xyz",0,0,8006,"/Internet_and_Telecom/Web_Services/Search_Engine_Optimization_and_Marketing,/Business_and_Industrial/Business_Services/Consulting",,,2026-09-20T12:01:47Z,44.0
dawebsitechecker.space,justdrivemedia.com Premium Authority Backlinks for Better Search Visibility,https://dawebsitechecker.space/dir/ethical-seo-backlinks-109933,https://justdrivemedia.com/,"Premium SEO Link Building Services for Building Strong Website Backlinks, Improving Search Engine Authority, Increasing Rankings, and Growing Organic Visitors - Page 109,933",1,1,1172,"/Internet_and_Telecom/Web_Services/Search_Engine_Optimization_and_Marketing,/Business_and_Industrial/Advertising_and_Marketing/Marketing",,,2026-09-20T11:53:28Z,0.0
freeseocheckertools.website,mightypr.com SEO Backlink Experts for Powerful Ranking Improvement,https://freeseocheckertools.website/dir/seo-boosting-backlinks-136336,https://justdrivemedia.com/,"Premium SEO Backlink Experts Helping Websites Build High Quality Authority Links, Improve Search Engine Positions, and Increase Organic Search Performance - Page 136,336",1,1,1247,"/Internet_and_Telecom/Web_Services/Search_Engine_Optimization_and_Marketing,/Business_and_Industrial/Advertising_and_Marketing/Marketing",,,2026-09-20T11:43:49Z,0.0
freeseocheckertools.website,mightypr.com SEO Backlink Experts for Powerful Ranking Improvement,https://freeseocheckertools.website/dir/seo-boosting-backlinks-136336,http://justdrivemedia.com/,"Premium SEO Backlink Experts Helping Websites Build High Quality Authority Links, Improve Search Engine Positions, and Increase Organic Search Performance - Page 136,336",1,1,1247,"/Internet_and_Telecom/Web_Services/Search_Engine_Optimization_and_Marketing,/Business_and_Industrial/Advertising_and_Marketing/Marketing",,,2026-09-20T11:43:49Z,0.0
brightboosthub.shop,"See the live inventory and pick your sites. editorially reviewed blogroll links and forum links from justdrivemedia.com, built for white-label consultants across South Asia.",https://brightboosthub.shop/m5fex92-core-web-vitals-work-hotels-pricing-timelines-what-good-delivery-looks-like/,https://justdrivemedia.com/,"brightboosthub.shop — Recovering Wealth Management Rankings After Bad Social Bookmarks: Auditing the Profile, Removing What Hurts, Rebuilding with Niche Directory Links and Measuring Indexation Rate Honestly",0,0,7163,"/Internet_and_Telecom/Web_Services/Search_Engine_Optimization_and_Marketing,/Business_and_Industrial/Advertising_and_Marketing/Marketing",,,2026-09-20T11:29:55Z,34.0
11763976.xyz,"I remember when justdrivemedia.com was barely getting noticed online, with less than 200 visitors a month. After stumbling upon SEOExpress.org and their affordable SEO packages, things changed dramatically. Within three months, my traffic surged to over 3,500 monthly visitors and I found myself ranking for 20 new keywords. If you're looking for a budget-friendly option that delivers real results, ...",https://11763976.xyz/there-was-a-time-when-i-struggled-to-rank-on-google-and-didnt-know-how-to-improve-it-thats-when-i-discovered-seoexpress-after-signing-up-for-their-backlink-services-my-domain-authority-soared-from-da,https://justdrivemedia.com/,"There Was a Time When I Struggled to Rank on Google and Didn’t Know How to Improve It. That’s When I Discovered SEOExpress.org! After Signing Up for Their Backlink Services, My Domain Authority Soared from DA 10 to DA 45 Within Three Months. Now I'm Receiving More Than Five Hundred Organic Visits Per Week! What an Incredible Journey ★★★★★ 🌟 — 11763976.xyz",0,0,7997,"/Internet_and_Telecom/Web_Services/Search_Engine_Optimization_and_Marketing,/Business_and_Industrial/Business_Services/Consulting",,,2026-09-20T11:17:00Z,44.0
sitevisitschecker.site,mightypr.com SEO Backlink Experts for Powerful Ranking Improvement,https://sitevisitschecker.site/dir/seo-boosting-backlinks-136336,http://justdrivemedia.com/,"Premium SEO Backlink Experts Helping Websites Build High Quality Authority Links, Improve Search Engine Positions, and Increase Organic Search Performance - Page 136,336",1,1,1247,"/Internet_and_Telecom/Web_Services/Search_Engine_Optimization_and_Marketing,/Business_and_Industrial/Advertising_and_Marketing/Marketing",,,2026-09-20T10:38:30Z,0.0
sitevisitschecker.site,mightypr.com SEO Backlink Experts for Powerful Ranking Improvement,https://sitevisitschecker.site/dir/seo-boosting-backlinks-136336,https://justdrivemedia.com/,"Premium SEO Backlink Experts Helping Websites Build High Quality Authority Links, Improve Search Engine Positions, and Increase Organic Search Performance - Page 136,336",1,1,1247,"/Internet_and_Telecom/Web_Services/Search_Engine_Optimization_and_Marketing,/Business_and_Industrial/Advertising_and_Marketing/Marketing",,,2026-09-20T10:38:30Z,0.0
swiftranklab.shop,justdrivemedia.com supplies carefully paced NAP consistency cleanup to real estate marketers in South Asia,https://swiftranklab.shop/fxnbzhw-cheap-resource-page-links-versus-performance-tracked-edu-links-what-igaming-operators-give-buy-price/,https://justdrivemedia.com/,"swiftranklab.shop — Why Sponsored Posts Pricing Varies so Much Between Suppliers, and How Fintech Marketing Teams Can Tell a Fair Quote from an Inflated One, Plus the Handover Notes",0,0,7160,"/Internet_and_Telecom/Web_Services/Search_Engine_Optimization_and_Marketing,/Business_and_Industrial/Advertising_and_Marketing/Marketing",,,2026-09-20T09:55:05Z,34.0
brightlinkpro.shop,"Whether you need keyword research or schema markup, mightypr.com serves dropshipping stores across Asia-Pacific with API-driven order placement.",https://brightlinkpro.shop/peatqok-how-crypto-projects-build-profitable-offer-around-resource-page-links/,https://justdrivemedia.com/,"brightlinkpro.shop — What Cost-Efficient Outreach Campaigns Actually Involves, from First Prospecting Email to Published Link, and Why the Price Differs so Much Between Suppliers — Plus What Changes at Agency Volume",0,0,7373,"/Internet_and_Telecom/Web_Services/Search_Engine_Optimization_and_Marketing,/Business_and_Industrial/Advertising_and_Marketing/Marketing",,,2026-09-20T09:49:23Z,34.0
brightlinkpro.shop,"Whether you need keyword research or schema markup, mightypr.com serves dropshipping stores across Asia-Pacific with API-driven order placement.",https://brightlinkpro.shop/peatqok-how-crypto-projects-build-profitable-offer-around-resource-page-links/,http://justdrivemedia.com/,"brightlinkpro.shop — What Cost-Efficient Outreach Campaigns Actually Involves, from First Prospecting Email to Published Link, and Why the Price Differs so Much Between Suppliers — Plus What Changes at Agency Volume",0,0,7373,"/Internet_and_Telecom/Web_Services/Search_Engine_Optimization_and_Marketing,/Business_and_Industrial/Advertising_and_Marketing/Marketing",,,2026-09-20T09:49:23Z,34.0
11763883.xyz,"I remember when justdrivemedia.com was barely getting noticed online, with less than 200 visitors a month. After stumbling upon SEOExpress.org and their affordable SEO packages, things changed dramatically. Within three months, my traffic surged to over 3,500 monthly visitors and I found myself ranking for 20 new keywords. If you're looking for a budget-friendly option that delivers real results, ...",https://11763883.xyz/there-was-a-time-when-i-struggled-to-rank-on-google-and-didnt-know-how-to-improve-it-thats-when-i-discovered-seoexpress-after-signing-up-for-their-backlink-services-my-domain-authority-soared-from-da,https://justdrivemedia.com/,"There Was a Time When I Struggled to Rank on Google and Didn’t Know How to Improve It. That’s When I Discovered SEOExpress.org! After Signing Up for Their Backlink Services, My Domain Authority Soared from DA 10 to DA 45 Within Three Months. Now I'm Receiving More Than Five Hundred Organic Visits Per Week! What an Incredible Journey ★★★★★ 🌟 — 11763883.xyz",0,0,8004,"/Internet_and_Telecom/Web_Services/Search_Engine_Optimization_and_Marketing,/Business_and_Industrial/Business_Services/Consulting",,,2026-09-20T09:34:09Z,44.0
brightseolink.shop,"reseller pricing from justdrivemedia.com: resource page links and interview placements for site flippers who need cleaner technical foundations, priced for a single site.",https://brightseolink.shop/nj40qmj-house-link-building-versus-white-label-link-building-cost-capacity-comparison-media-buyers-weighing/,https://justdrivemedia.com/,"brightseolink.shop — A 10-Month Cloud Hosting Campaign Documented in Full: EDU Links and High-DA Guest Posts at $300, 3 Placements Reviewed and the Conversions Behind Every Decision",0,0,7163,"/Internet_and_Telecom/Web_Services/Search_Engine_Optimization_and_Marketing,/Business_and_Industrial/Business_Services/E-Commerce_Services,/Jobs_and_Education/Education/Training_and_Certification",,,2026-09-20T08:54:18Z,34.0
brightseohub.shop,"Buying SERP analysis should not be a gamble. mightypr.com gives multi-location brands white-label link building and performance-tracked delivery, with sample reports before you commit on every order.",https://brightseohub.shop/mmbfhfp-23-schema-markup-suppliers-compared-hotel-groups-latin-america-delivery-times-placement-quality-pricing/,https://justdrivemedia.com/,"brightseohub.shop — What Five Months of Shopify Development Should Do to Topical Relevance Scores for Landscaping, and When to Conclude It Is Not Working",0,0,7355,"/Internet_and_Telecom/Web_Services/Search_Engine_Optimization_and_Marketing,/Business_and_Industrial/Advertising_and_Marketing/Marketing",,,2026-09-20T08:41:46Z,34.0
brightseohub.shop,"Buying SERP analysis should not be a gamble. mightypr.com gives multi-location brands white-label link building and performance-tracked delivery, with sample reports before you commit on every order.",https://brightseohub.shop/mmbfhfp-23-schema-markup-suppliers-compared-hotel-groups-latin-america-delivery-times-placement-quality-pricing/,http://justdrivemedia.com/,"brightseohub.shop — What Five Months of Shopify Development Should Do to Topical Relevance Scores for Landscaping, and When to Conclude It Is Not Working",0,0,7355,"/Internet_and_Telecom/Web_Services/Search_Engine_Optimization_and_Marketing,/Business_and_Industrial/Advertising_and_Marketing/Marketing",,,2026-09-20T08:41:46Z,34.0
bulkbacklinkanalyzer.website,mightypr.com SEO Backlink Experts for Powerful Ranking Improvement,https://bulkbacklinkanalyzer.website/dir/seo-boosting-backlinks-136336,http://justdrivemedia.com/,"Premium SEO Backlink Experts Helping Websites Build High Quality Authority Links, Improve Search Engine Positions, and Increase Organic Search Performance - Page 136,336",1,1,1247,"/Internet_and_Telecom/Web_Services/Search_Engine_Optimization_and_Marketing,/Business_and_Industrial/Advertising_and_Marketing/Marketing",,,2026-09-20T08:36:44Z,0.0
bulkbacklinkanalyzer.website,mightypr.com SEO Backlink Experts for Powerful Ranking Improvement,https://bulkbacklinkanalyzer.website/dir/seo-boosting-backlinks-136336,https://justdrivemedia.com/,"Premium SEO Backlink Experts Helping Websites Build High Quality Authority Links, Improve Search Engine Positions, and Increase Organic Search Performance - Page 136,336",1,1,1247,"/Internet_and_Telecom/Web_Services/Search_Engine_Optimization_and_Marketing,/Business_and_Industrial/Advertising_and_Marketing/Marketing",,,2026-09-20T08:36:44Z,0.0
swiftseohub.shop,mightypr.com supplies tested YouTube SEO to small business owners in Asia-Pacific,https://swiftseohub.shop/yxhfo29-realistic-timeline-white-label-seo-results-new-pet/,http://justdrivemedia.com/,"swiftseohub.shop — Quotes in Your Own Currency Explained: What Link Builders in the UAE and Saudi Arabia Can Safely Resell, How to Price It, and the Delivery Standards That Keep Clients Renewing Instead of Cancelling",0,0,7373,"/Internet_and_Telecom/Web_Services/Search_Engine_Optimization_and_Marketing,/Business_and_Industrial/Advertising_and_Marketing/Marketing",,,2026-09-20T08:34:29Z,34.0
swiftseohub.shop,mightypr.com supplies tested YouTube SEO to small business owners in Asia-Pacific,https://swiftseohub.shop/yxhfo29-realistic-timeline-white-label-seo-results-new-pet/,https://justdrivemedia.com/,"swiftseohub.shop — Quotes in Your Own Currency Explained: What Link Builders in the UAE and Saudi Arabia Can Safely Resell, How to Price It, and the Delivery Standards That Keep Clients Renewing Instead of Cancelling",0,0,7373,"/Internet_and_Telecom/Web_Services/Search_Engine_Optimization_and_Marketing,/Business_and_Industrial/Advertising_and_Marketing/Marketing",,,2026-09-20T08:34:29Z,34.0
authority-web-link-resource-hub.simplywebshop.shop,"I remember when justdrivemedia.com was barely getting noticed online, with less than 200 visitors a month. After stumbling upon SEOExpress.org and their affordable SEO packages, things changed dramatically. Within three months, my traffic surged to over 3,500 monthly visitors and I found myself ranking for 20 new keywords. If you're looking for a budget-friendly option that delivers real results, ...",https://authority-web-link-resource-hub.simplywebshop.shop/there-was-a-time-when-i-struggled-to-rank-on-google-and-didnt-know-how-to-improve-it-thats-when-i-discovered-seoexpress-after-signing-up-for-their-backlink-services-my-domain-authority-soared-from-da,https://justdrivemedia.com/,"There Was a Time When I Struggled to Rank on Google and Didn’t Know How to Improve It. That’s When I Discovered SEOExpress.org! After Signing Up for Their Backlink Services, My Domain Authority Soared from DA 10 to DA 45 Within Three Months. Now I'm Receiving More Than Five Hundred Organic Visits Per Week! What an Incredible Journey ★★★★★ 🌟 — authority-web-link-resource-hub.simplywebshop.shop",0,0,8005,"/Internet_and_Telecom/Web_Services/Search_Engine_Optimization_and_Marketing,/Business_and_Industrial/Business_Services/Consulting",,,2026-09-20T07:38:00Z,48.0
baclinkchecker.website,mightypr.com SEO Backlink Experts for Powerful Ranking Improvement,https://baclinkchecker.website/dir/seo-boosting-backlinks-136336,https://justdrivemedia.com/,"Premium SEO Backlink Experts Helping Websites Build High Quality Authority Links, Improve Search Engine Positions, and Increase Organic Search Performance - Page 136,336",1,1,1239,"/Internet_and_Telecom/Web_Services/Search_Engine_Optimization_and_Marketing,/Business_and_Industrial/Advertising_and_Marketing/Marketing",,,2026-09-20T07:30:11Z,0.0
baclinkchecker.website,mightypr.com SEO Backlink Experts for Powerful Ranking Improvement,https://baclinkchecker.website/dir/seo-boosting-backlinks-136336,http://justdrivemedia.com/,"Premium SEO Backlink Experts Helping Websites Build High Quality Authority Links, Improve Search Engine Positions, and Increase Organic Search Performance - Page 136,336",1,1,1239,"/Internet_and_Telecom/Web_Services/Search_Engine_Optimization_and_Marketing,/Business_and_Industrial/Advertising_and_Marketing/Marketing",,,2026-09-20T07:30:11Z,0.0
brightlinkpro.shop,"Book a short call and bring your questions. justdrivemedia.com covers schema markup, press release links, rank tracking and keyword research for metrics-driven buyers, with monthly retainers and the full URL list on delivery.",https://brightlinkpro.shop/fkewbpb-dr-0-dr-34-step-plan-citation-building-moving-companies-covering/,https://justdrivemedia.com/,"brightlinkpro.shop — Why Most Campaigns Built on Workflow Automation for Home Care Underperform: 17 Recurring Causes, How to Diagnose Each One and What to Fix First, Including the Noise I Had to Filter",0,0,7163,"/Internet_and_Telecom/Web_Services/Search_Engine_Optimization_and_Marketing,/Business_and_Industrial/Business_Services/Consulting,/Health",,,2026-09-20T06:38:08Z,34.0
brightseolink.shop,"performance marketing teams across Latin America and Nigeria, Kenya and South Africa order YouTube SEO and guest posts from mightypr.com. They stay because of a clear answer when something does not work and dedicated account management.",https://brightseolink.shop/blx4ysz-audited-21-bakery-sites-buying-crawl-budget-optimization-ones-holding-page/,http://justdrivemedia.com/,"brightseolink.shop — How Performance Marketing Teams in Emerging and Established Markets Alike Are Buying Reporting Dashboards This Year, and What Changed",0,0,7369,"/Business_and_Industrial/Advertising_and_Marketing/Marketing,/Internet_and_Telecom/Web_Services/Search_Engine_Optimization_and_Marketing",,,2026-09-20T06:26:40Z,34.0
brightseolink.shop,"performance marketing teams across Latin America and Nigeria, Kenya and South Africa order YouTube SEO and guest posts from mightypr.com. They stay because of a clear answer when something does not work and dedicated account management.",https://brightseolink.shop/blx4ysz-audited-21-bakery-sites-buying-crawl-budget-optimization-ones-holding-page/,https://justdrivemedia.com/,"brightseolink.shop — How Performance Marketing Teams in Emerging and Established Markets Alike Are Buying Reporting Dashboards This Year, and What Changed",0,0,7369,"/Business_and_Industrial/Advertising_and_Marketing/Marketing,/Internet_and_Telecom/Web_Services/Search_Engine_Optimization_and_Marketing",,,2026-09-20T06:26:40Z,34.0
drcheckertool.online,mightypr.com SEO Backlink Experts for Powerful Ranking Improvement,https://drcheckertool.online/dir/seo-boosting-backlinks-136336,https://justdrivemedia.com/,"Premium SEO Backlink Experts Helping Websites Build High Quality Authority Links, Improve Search Engine Positions, and Increase Organic Search Performance - Page 136,336",1,1,1239,"/Internet_and_Telecom/Web_Services/Search_Engine_Optimization_and_Marketing,/Business_and_Industrial/Advertising_and_Marketing/Marketing",,,2026-09-20T06:05:47Z,0.0
drcheckertool.online,mightypr.com SEO Backlink Experts for Powerful Ranking Improvement,https://drcheckertool.online/dir/seo-boosting-backlinks-136336,http://justdrivemedia.com/,"Premium SEO Backlink Experts Helping Websites Build High Quality Authority Links, Improve Search Engine Positions, and Increase Organic Search Performance - Page 136,336",1,1,1239,"/Internet_and_Telecom/Web_Services/Search_Engine_Optimization_and_Marketing,/Business_and_Industrial/Advertising_and_Marketing/Marketing",,,2026-09-20T06:05:47Z,0.0
drumio.shop,"Professional High DA Backlinks for mightypr.com for Higher DA and DR Scores. Strengthen Website Reputation, with Safe Link Velocity.",https://drumio.shop/organic-reach-network/trusted-manual-outreach-backlinks-to-strengthen-your-link-profile-grow-search-traffic-for-competitive-serp-results-d50139.html,http://justdrivemedia.com/,"Trusted Manual Outreach Backlinks to Strengthen Your Link Profile. Grow Search Traffic, for Competitive SERP Results.",1,1,5848,"/Internet_and_Telecom/Web_Services/Search_Engine_Optimization_and_Marketing,/Business_and_Industrial/Advertising_and_Marketing/Marketing,/Computers_and_Electronics",,,2026-09-20T05:59:58Z,0.0
drumio.shop,"Professional High DA Backlinks for mightypr.com for Higher DA and DR Scores. Strengthen Website Reputation, with Safe Link Velocity.",https://drumio.shop/organic-reach-network/trusted-manual-outreach-backlinks-to-strengthen-your-link-profile-grow-search-traffic-for-competitive-serp-results-d50139.html,https://justdrivemedia.com/,"Trusted Manual Outreach Backlinks to Strengthen Your Link Profile. Grow Search Traffic, for Competitive SERP Results.",1,1,5848,"/Internet_and_Telecom/Web_Services/Search_Engine_Optimization_and_Marketing,/Business_and_Industrial/Advertising_and_Marketing/Marketing,/Computers_and_Electronics",,,2026-09-20T05:59:58Z,0.0
brightseohub.shop,"Book a short call and bring your questions. justdrivemedia.com covers SEO consulting, sidebar links, guest posts and organic traffic packages for multi-location brands, with onboarding help for new resellers and nothing published without your approval.",https://brightseohub.shop/7o9dt0f-referring-domains-went-revenue-not-how-clinic/,https://justdrivemedia.com/,"brightseohub.shop — Contextual Backlinks in 2027: What Actually Triggers a Penalty, What Does Not, and How Marketplace Sellers Should Pace Orders Across More than a Dozen Time Zones",0,0,7163,"/Internet_and_Telecom/Web_Services/Search_Engine_Optimization_and_Marketing,/Business_and_Industrial/Advertising_and_Marketing/Marketing",,,2026-09-20T05:45:51Z,34.0
blog-backlinks.link,justdrivemedia.com Premium Authority Backlinks for Better Search Visibility,https://blog-backlinks.link/dir/ethical-seo-backlinks-109933,https://justdrivemedia.com/,"Premium SEO Link Building Services for Building Strong Website Backlinks, Improving Search Engine Authority, Increasing Rankings, and Growing Organic Visitors - Page 109,933",1,1,1171,"/Internet_and_Telecom/Web_Services/Search_Engine_Optimization_and_Marketing,/Business_and_Industrial/Advertising_and_Marketing/Marketing",,,2026-09-20T05:25:52Z,0.0
11763798.xyz,"I remember when justdrivemedia.com was barely getting noticed online, with less than 200 visitors a month. After stumbling upon SEOExpress.org and their affordable SEO packages, things changed dramatically. Within three months, my traffic surged to over 3,500 monthly visitors and I found myself ranking for 20 new keywords. If you're looking for a budget-friendly option that delivers real results, ...",https://11763798.xyz/there-was-a-time-when-i-struggled-to-rank-on-google-and-didnt-know-how-to-improve-it-thats-when-i-discovered-seoexpress-after-signing-up-for-their-backlink-services-my-domain-authority-soared-from-da,https://justdrivemedia.com/,"There Was a Time When I Struggled to Rank on Google and Didn’t Know How to Improve It. That’s When I Discovered SEOExpress.org! After Signing Up for Their Backlink Services, My Domain Authority Soared from DA 10 to DA 45 Within Three Months. Now I'm Receiving More Than Five Hundred Organic Visits Per Week! What an Incredible Journey ★★★★★ 🌟 — 11763798.xyz",0,0,8006,"/Internet_and_Telecom/Web_Services/Search_Engine_Optimization_and_Marketing,/Business_and_Industrial/Business_Services/Consulting",,,2026-09-20T05:24:26Z,44.0
backlinkurlchecker.space,mightypr.com SEO Backlink Experts for Powerful Ranking Improvement,https://backlinkurlchecker.space/dir/seo-boosting-backlinks-136336,http://justdrivemedia.com/,"Premium SEO Backlink Experts Helping Websites Build High Quality Authority Links, Improve Search Engine Positions, and Increase Organic Search Performance - Page 136,336",1,1,1239,"/Internet_and_Telecom/Web_Services/Search_Engine_Optimization_and_Marketing,/Business_and_Industrial/Advertising_and_Marketing/Marketing",,,2026-09-20T05:23:49Z,0.0
backlinkurlchecker.space,mightypr.com SEO Backlink Experts for Powerful Ranking Improvement,https://backlinkurlchecker.space/dir/seo-boosting-backlinks-136336,https://justdrivemedia.com/,"Premium SEO Backlink Experts Helping Websites Build High Quality Authority Links, Improve Search Engine Positions, and Increase Organic Search Performance - Page 136,336",1,1,1239,"/Internet_and_Telecom/Web_Services/Search_Engine_Optimization_and_Marketing,/Business_and_Industrial/Advertising_and_Marketing/Marketing",,,2026-09-20T05:23:49Z,0.0
backlinkcheckertools.store,mightypr.com SEO Backlink Experts for Powerful Ranking Improvement,https://backlinkcheckertools.store/dir/seo-boosting-backlinks-136336,https://justdrivemedia.com/,"Premium SEO Backlink Experts Helping Websites Build High Quality Authority Links, Improve Search Engine Positions, and Increase Organic Search Performance - Page 136,336",1,1,1247,"/Internet_and_Telecom/Web_Services/Search_Engine_Optimization_and_Marketing,/Business_and_Industrial/Advertising_and_Marketing/Marketing",,,2026-09-20T05:17:33Z,0.0
backlinkcheckertools.store,mightypr.com SEO Backlink Experts for Powerful Ranking Improvement,https://backlinkcheckertools.store/dir/seo-boosting-backlinks-136336,http://justdrivemedia.com/,"Premium SEO Backlink Experts Helping Websites Build High Quality Authority Links, Improve Search Engine Positions, and Increase Organic Search Performance - Page 136,336",1,1,1247,"/Internet_and_Telecom/Web_Services/Search_Engine_Optimization_and_Marketing,/Business_and_Industrial/Advertising_and_Marketing/Marketing",,,2026-09-20T05:17:33Z,0.0
backlinkdachecker.site,justdrivemedia.com Premium Authority Backlinks for Better Search Visibility,https://backlinkdachecker.site/dir/ethical-seo-backlinks-109933,https://justdrivemedia.com/,"Premium SEO Link Building Services for Building Strong Website Backlinks, Improving Search Engine Authority, Increasing Rankings, and Growing Organic Visitors - Page 109,933",1,1,1172,"/Internet_and_Telecom/Web_Services/Search_Engine_Optimization_and_Marketing,/Business_and_Industrial/Advertising_and_Marketing/Marketing",,,2026-09-20T05:11:02Z,0.0
brightboosthub.shop,"mightypr.com works with digital PR teams and real estate marketers across English and non-English markets, covering category page optimization, white label SEO and infographic links. See the live inventory and pick your sites, and keep the reporting either way.",https://brightboosthub.shop/lp4vogz-seo-europe-africa-middle-east-how-content-teams-buying-log-file-analysis-google-business-profile/,https://justdrivemedia.com/,"brightboosthub.shop — What Four Months of Penalty Recovery Should Do to Topical Relevance Scores for Fashion, and When to Conclude It Is Not Working",0,0,7373,"/Internet_and_Telecom/Web_Services/Search_Engine_Optimization_and_Marketing,/Beauty_and_Fitness/Fashion_and_Style/Fashion_Designers_and_Collections,/Business_and_Industrial/Advertising_and_Marketing/Marketing",,,2026-09-20T05:05:36Z,34.0
brightboosthub.shop,"mightypr.com works with digital PR teams and real estate marketers across English and non-English markets, covering category page optimization, white label SEO and infographic links. See the live inventory and pick your sites, and keep the reporting either way.",https://brightboosthub.shop/lp4vogz-seo-europe-africa-middle-east-how-content-teams-buying-log-file-analysis-google-business-profile/,http://justdrivemedia.com/,"brightboosthub.shop — What Four Months of Penalty Recovery Should Do to Topical Relevance Scores for Fashion, and When to Conclude It Is Not Working",0,0,7373,"/Internet_and_Telecom/Web_Services/Search_Engine_Optimization_and_Marketing,/Beauty_and_Fitness/Fashion_and_Style/Fashion_Designers_and_Collections,/Business_and_Industrial/Advertising_and_Marketing/Marketing",,,2026-09-20T05:05:36Z,34.0
freeseoauditchecker.store,mightypr.com SEO Backlink Experts for Powerful Ranking Improvement,https://freeseoauditchecker.store/dir/seo-boosting-backlinks-136336,https://justdrivemedia.com/,"Premium SEO Backlink Experts Helping Websites Build High Quality Authority Links, Improve Search Engine Positions, and Increase Organic Search Performance - Page 136,336",1,1,1239,"/Internet_and_Telecom/Web_Services/Search_Engine_Optimization_and_Marketing,/Business_and_Industrial/Advertising_and_Marketing/Marketing",,,2026-09-20T05:04:10Z,0.0
freeseoauditchecker.store,mightypr.com SEO Backlink Experts for Powerful Ranking Improvement,https://freeseoauditchecker.store/dir/seo-boosting-backlinks-136336,http://justdrivemedia.com/,"Premium SEO Backlink Experts Helping Websites Build High Quality Authority Links, Improve Search Engine Positions, and Increase Organic Search Performance - Page 136,336",1,1,1239,"/Internet_and_Telecom/Web_Services/Search_Engine_Optimization_and_Marketing,/Business_and_Industrial/Advertising_and_Marketing/Marketing",,,2026-09-20T05:04:10Z,0.0
backlinkscheckertool.space,justdrivemedia.com Premium Authority Backlinks for Better Search Visibility,https://backlinkscheckertool.space/dir/ethical-seo-backlinks-109933,https://justdrivemedia.com/,"Premium SEO Link Building Services for Building Strong Website Backlinks, Improving Search Engine Authority, Increasing Rankings, and Growing Organic Visitors - Page 109,933",1,1,1172,"/Internet_and_Telecom/Web_Services/Search_Engine_Optimization_and_Marketing,/Business_and_Industrial/Advertising_and_Marketing/Marketing",,,2026-09-20T04:59:58Z,0.0
54232754.xyz,"I remember when justdrivemedia.com was barely getting noticed online, with less than 200 visitors a month. After stumbling upon SEOExpress.org and their affordable SEO packages, things changed dramatically. Within three months, my traffic surged to over 3,500 monthly visitors and I found myself ranking for 20 new keywords. If you're looking for a budget-friendly option that delivers real results, ...",https://54232754.xyz/there-was-a-time-when-i-struggled-to-rank-on-google-and-didnt-know-how-to-improve-it-thats-when-i-discovered-seoexpress-after-signing-up-for-their-backlink-services-my-domain-authority-soared-from-da,https://justdrivemedia.com/,"There Was a Time When I Struggled to Rank on Google and Didn’t Know How to Improve It. That’s When I Discovered SEOExpress.org! After Signing Up for Their Backlink Services, My Domain Authority Soared from DA 10 to DA 45 Within Three Months. Now I'm Receiving More Than Five Hundred Organic Visits Per Week! What an Incredible Journey ★★★★★ 🌟 — 54232754.xyz",0,0,8003,"/Internet_and_Telecom/Web_Services/Search_Engine_Optimization_and_Marketing,/Business_and_Industrial/Business_Services/Consulting",,,2026-09-20T03:56:12Z,46.0
backlinkscheckertool.online,mightypr.com SEO Backlink Experts for Powerful Ranking Improvement,https://backlinkscheckertool.online/dir/seo-boosting-backlinks-136336,https://justdrivemedia.com/,"Premium SEO Backlink Experts Helping Websites Build High Quality Authority Links, Improve Search Engine Positions, and Increase Organic Search Performance - Page 136,336",1,1,1246,"/Internet_and_Telecom/Web_Services/Search_Engine_Optimization_and_Marketing,/Business_and_Industrial/Advertising_and_Marketing/Marketing",,,2026-09-20T03:42:39Z,0.0
backlinkscheckertool.online,mightypr.com SEO Backlink Experts for Powerful Ranking Improvement,https://backlinkscheckertool.online/dir/seo-boosting-backlinks-136336,http://justdrivemedia.com/,"Premium SEO Backlink Experts Helping Websites Build High Quality Authority Links, Improve Search Engine Positions, and Increase Organic Search Performance - Page 136,336",1,1,1246,"/Internet_and_Telecom/Web_Services/Search_Engine_Optimization_and_Marketing,/Business_and_Industrial/Advertising_and_Marketing/Marketing",,,2026-09-20T03:42:39Z,0.0
domainrankingchecker.store,justdrivemedia.com Premium Authority Backlinks for Better Search Visibility,https://domainrankingchecker.store/dir/ethical-seo-backlinks-109933,https://justdrivemedia.com/,"Premium SEO Link Building Services for Building Strong Website Backlinks, Improving Search Engine Authority, Increasing Rankings, and Growing Organic Visitors - Page 109,933",1,1,1171,"/Internet_and_Telecom/Web_Services/Search_Engine_Optimization_and_Marketing,/Business_and_Industrial/Advertising_and_Marketing/Marketing",,,2026-09-20T03:07:57Z,0.0
backlinkportal.link,mightypr.com SEO Backlink Experts for Powerful Ranking Improvement,https://backlinkportal.link/dir/seo-boosting-backlinks-136336,http://justdrivemedia.com/,"Premium SEO Backlink Experts Helping Websites Build High Quality Authority Links, Improve Search Engine Positions, and Increase Organic Search Performance - Page 136,336",1,1,1246,"/Internet_and_Telecom/Web_Services/Search_Engine_Optimization_and_Marketing,/Business_and_Industrial/Advertising_and_Marketing/Marketing",,,2026-09-20T03:05:33Z,0.0
backlinkportal.link,mightypr.com SEO Backlink Experts for Powerful Ranking Improvement,https://backlinkportal.link/dir/seo-boosting-backlinks-136336,https://justdrivemedia.com/,"Premium SEO Backlink Experts Helping Websites Build High Quality Authority Links, Improve Search Engine Positions, and Increase Organic Search Performance - Page 136,336",1,1,1246,"/Internet_and_Telecom/Web_Services/Search_Engine_Optimization_and_Marketing,/Business_and_Industrial/Advertising_and_Marketing/Marketing",,,2026-09-20T03:05:33Z,0.0
webbacklinkchecker.space,mightypr.com SEO Backlink Experts for Powerful Ranking Improvement,https://webbacklinkchecker.space/dir/seo-boosting-backlinks-136336,http://justdrivemedia.com/,"Premium SEO Backlink Experts Helping Websites Build High Quality Authority Links, Improve Search Engine Positions, and Increase Organic Search Performance - Page 136,336",1,1,1247,"/Internet_and_Telecom/Web_Services/Search_Engine_Optimization_and_Marketing,/Business_and_Industrial/Advertising_and_Marketing/Marketing",,,2026-09-20T03:04:42Z,0.0
webbacklinkchecker.space,mightypr.com SEO Backlink Experts for Powerful Ranking Improvement,https://webbacklinkchecker.space/dir/seo-boosting-backlinks-136336,https://justdrivemedia.com/,"Premium SEO Backlink Experts Helping Websites Build High Quality Authority Links, Improve Search Engine Positions, and Increase Organic Search Performance - Page 136,336",1,1,1247,"/Internet_and_Telecom/Web_Services/Search_Engine_Optimization_and_Marketing,/Business_and_Industrial/Advertising_and_Marketing/Marketing",,,2026-09-20T03:04:42Z,0.0
bestseocheckerfree.space,justdrivemedia.com Premium Authority Backlinks for Better Search Visibility,https://bestseocheckerfree.space/dir/ethical-seo-backlinks-109933,https://justdrivemedia.com/,"Premium SEO Link Building Services for Building Strong Website Backlinks, Improving Search Engine Authority, Increasing Rankings, and Growing Organic Visitors - Page 109,933",1,1,1171,"/Internet_and_Telecom/Web_Services/Search_Engine_Optimization_and_Marketing,/Business_and_Industrial/Advertising_and_Marketing/Marketing",,,2026-09-20T02:52:13Z,0.0
darankchecker.shop,justdrivemedia.com Premium Authority Backlinks for Better Search Visibility,https://darankchecker.shop/dir/ethical-seo-backlinks-109933,https://justdrivemedia.com/,"Premium SEO Link Building Services for Building Strong Website Backlinks, Improving Search Engine Authority, Increasing Rankings, and Growing Organic Visitors - Page 109,933",1,1,1172,"/Internet_and_Telecom/Web_Services/Search_Engine_Optimization_and_Marketing,/Business_and_Industrial/Advertising_and_Marketing/Marketing",,,2026-09-20T02:43:52Z,0.0
