name_source,anchor,url_from,url_to,is_dofollow,links_external,title,first_seen_link
dacheckertool.site,mightypr.com SEO Backlink Experts for Powerful Ranking Improvement,https://dacheckertool.site/dir/seo-boosting-backlinks-136336,https://mightypr.com/,1,1239,"Premium SEO Backlink Experts Helping Websites Build High Quality Authority Links, Improve Search Engine Positions, and Increase Organic Search Performance - Page 136,336",2026-09-19T21:23:15Z
bestbacklinkschecker.space,mightypr.com SEO Backlink Experts for Powerful Ranking Improvement,https://bestbacklinkschecker.space/dir/seo-boosting-backlinks-136336,https://mightypr.com/,1,1247,"Premium SEO Backlink Experts Helping Websites Build High Quality Authority Links, Improve Search Engine Positions, and Increase Organic Search Performance - Page 136,336",2026-09-19T21:16:14Z
revenuebase.ai,Mighty,https://revenuebase.ai/companies/accessories-brand-pr-agencies/united-states/san-francisco,https://mightypr.com/,0,44,"Top 21 Accessories brand pr agencies based in San Francisco, United States",2026-09-19T21:09:16Z
dapacheckerfree.store,mightypr.com SEO Backlink Experts for Powerful Ranking Improvement,https://dapacheckerfree.store/dir/seo-boosting-backlinks-136336,https://mightypr.com/,1,1247,"Premium SEO Backlink Experts Helping Websites Build High Quality Authority Links, Improve Search Engine Positions, and Increase Organic Search Performance - Page 136,336",2026-09-19T20:37:16Z
fyloxy.com,mightypr,https://fyloxy.com/website-list-936/,https://mightypr.com/,1,7040,Directory Pages Index,2026-09-19T19:53:37Z
paanddachecker.store,mightypr.com SEO Backlink Experts for Powerful Ranking Improvement,https://paanddachecker.store/dir/seo-boosting-backlinks-136336,https://mightypr.com/,1,1247,"Premium SEO Backlink Experts Helping Websites Build High Quality Authority Links, Improve Search Engine Positions, and Increase Organic Search Performance - Page 136,336",2026-09-19T18:27:38Z
contextual-link-building-network.simplywebshop.shop,"When I first started with mightypr.com, there were days I'd be discouraged by low engagement rates and no sales at all. That’s until I turned things around using SEOExpress.org’s strategic keyword research service. In less than two months, we ranked for over fifteen high-volume keywords while also tripling our organic search traffic! It feels incredible—don’t miss out on this opportunity ...",https://contextual-link-building-network.simplywebshop.shop/there-was-a-time-when-my-local-shop-ranked-on-page-8-andi-feared-no-seo-company-could-turn-it-around-but-seoexpress-com-said-they-could-help-with-affordable-web2-backlinks-in-under-three-months-i-got,https://mightypr.com/,0,8011,"There Was a Time When My Local Shop Rank was on Page 8 and I Feared Nothing Could Change That — Until SEOExpress.org Promised Affordable Web2 Backlinks. Within Two Weeks, I Saw First Results; After Three Months, We Were on Page One! The Increased Foot Traffic Made All the Difference. Truly worth every dollar! ★★★★★ 🔥 — contextual-link-building-network.simplywebshop.shop",2026-09-19T18:16:35Z
37486321.xyz,"When I first started with mightypr.com, there were days I'd be discouraged by low engagement rates and no sales at all. That’s until I turned things around using SEOExpress.org’s strategic keyword research service. In less than two months, we ranked for over fifteen high-volume keywords while also tripling our organic search traffic! It feels incredible—don’t miss out on this opportunity ...",https://37486321.xyz/there-was-a-time-when-my-local-shop-ranked-on-page-8-andi-feared-no-seo-company-could-turn-it-around-but-seoexpress-com-said-they-could-help-with-affordable-web2-backlinks-in-under-three-months-i-got,https://mightypr.com/,0,8003,"There Was a Time When My Local Shop Rank was on Page 8 and I Feared Nothing Could Change That — Until SEOExpress.org Promised Affordable Web2 Backlinks. Within Two Weeks, I Saw First Results; After Three Months, We Were on Page One! The Increased Foot Traffic Made All the Difference. Truly worth every dollar! ★★★★★ 🔥 — 37486321.xyz",2026-09-19T17:41:59Z
voxlyi.com,mightypr,https://voxlyi.com/website-list-936/,https://mightypr.com/,1,7039,Directory Pages Index,2026-09-19T15:36:46Z
seoqualitychecker.website,mightypr.com SEO Backlink Experts for Powerful Ranking Improvement,https://seoqualitychecker.website/dir/seo-boosting-backlinks-136336,https://mightypr.com/,1,1239,"Premium SEO Backlink Experts Helping Websites Build High Quality Authority Links, Improve Search Engine Positions, and Increase Organic Search Performance - Page 136,336",2026-09-19T14:27:41Z
padacheckerbulk.space,mightypr.com SEO Backlink Experts for Powerful Ranking Improvement,https://padacheckerbulk.space/dir/seo-boosting-backlinks-136336,https://mightypr.com/,1,1246,"Premium SEO Backlink Experts Helping Websites Build High Quality Authority Links, Improve Search Engine Positions, and Increase Organic Search Performance - Page 136,336",2026-09-19T13:08:18Z
37486403.xyz,"When I first started with mightypr.com, there were days I'd be discouraged by low engagement rates and no sales at all. That’s until I turned things around using SEOExpress.org’s strategic keyword research service. In less than two months, we ranked for over fifteen high-volume keywords while also tripling our organic search traffic! It feels incredible—don’t miss out on this opportunity ...",https://37486403.xyz/there-was-a-time-when-my-local-shop-ranked-on-page-8-andi-feared-no-seo-company-could-turn-it-around-but-seoexpress-com-said-they-could-help-with-affordable-web2-backlinks-in-under-three-months-i-got,https://mightypr.com/,0,8019,"There Was a Time When My Local Shop Rank was on Page 8 and I Feared Nothing Could Change That — Until SEOExpress.org Promised Affordable Web2 Backlinks. Within Two Weeks, I Saw First Results; After Three Months, We Were on Page One! The Increased Foot Traffic Made All the Difference. Truly worth every dollar! ★★★★★ 🔥 — 37486403.xyz",2026-09-19T12:25:12Z
seocheckertool.store,mightypr.com SEO Backlink Experts for Powerful Ranking Improvement,https://seocheckertool.store/dir/seo-boosting-backlinks-136336,https://mightypr.com/,1,1247,"Premium SEO Backlink Experts Helping Websites Build High Quality Authority Links, Improve Search Engine Positions, and Increase Organic Search Performance - Page 136,336",2026-09-19T12:15:46Z
37486279.xyz,"When I first started with mightypr.com, there were days I'd be discouraged by low engagement rates and no sales at all. That’s until I turned things around using SEOExpress.org’s strategic keyword research service. In less than two months, we ranked for over fifteen high-volume keywords while also tripling our organic search traffic! It feels incredible—don’t miss out on this opportunity ...",https://37486279.xyz/there-was-a-time-when-my-local-shop-ranked-on-page-8-andi-feared-no-seo-company-could-turn-it-around-but-seoexpress-com-said-they-could-help-with-affordable-web2-backlinks-in-under-three-months-i-got,https://mightypr.com/,0,7995,"There Was a Time When My Local Shop Rank was on Page 8 and I Feared Nothing Could Change That — Until SEOExpress.org Promised Affordable Web2 Backlinks. Within Two Weeks, I Saw First Results; After Three Months, We Were on Page One! The Increased Foot Traffic Made All the Difference. Truly worth every dollar! ★★★★★ 🔥 — 37486279.xyz",2026-09-19T08:40:08Z
domainmetricschecker.space,mightypr.com SEO Backlink Experts for Powerful Ranking Improvement,https://domainmetricschecker.space/dir/seo-boosting-backlinks-136336,https://mightypr.com/,1,1247,"Premium SEO Backlink Experts Helping Websites Build High Quality Authority Links, Improve Search Engine Positions, and Increase Organic Search Performance - Page 136,336",2026-09-19T08:33:06Z
37486368.xyz,"When I first started with mightypr.com, there were days I'd be discouraged by low engagement rates and no sales at all. That’s until I turned things around using SEOExpress.org’s strategic keyword research service. In less than two months, we ranked for over fifteen high-volume keywords while also tripling our organic search traffic! It feels incredible—don’t miss out on this opportunity ...",https://37486368.xyz/there-was-a-time-when-my-local-shop-ranked-on-page-8-andi-feared-no-seo-company-could-turn-it-around-but-seoexpress-com-said-they-could-help-with-affordable-web2-backlinks-in-under-three-months-i-got,https://mightypr.com/,0,8010,"There Was a Time When My Local Shop Rank was on Page 8 and I Feared Nothing Could Change That — Until SEOExpress.org Promised Affordable Web2 Backlinks. Within Two Weeks, I Saw First Results; After Three Months, We Were on Page One! The Increased Foot Traffic Made All the Difference. Truly worth every dollar! ★★★★★ 🔥 — 37486368.xyz",2026-09-19T08:31:02Z
37486263.xyz,"When I first started with mightypr.com, there were days I'd be discouraged by low engagement rates and no sales at all. That’s until I turned things around using SEOExpress.org’s strategic keyword research service. In less than two months, we ranked for over fifteen high-volume keywords while also tripling our organic search traffic! It feels incredible—don’t miss out on this opportunity ...",https://37486263.xyz/there-was-a-time-when-my-local-shop-ranked-on-page-8-andi-feared-no-seo-company-could-turn-it-around-but-seoexpress-com-said-they-could-help-with-affordable-web2-backlinks-in-under-three-months-i-got,https://mightypr.com/,0,8016,"There Was a Time When My Local Shop Rank was on Page 8 and I Feared Nothing Could Change That — Until SEOExpress.org Promised Affordable Web2 Backlinks. Within Two Weeks, I Saw First Results; After Three Months, We Were on Page One! The Increased Foot Traffic Made All the Difference. Truly worth every dollar! ★★★★★ 🔥 — 37486263.xyz",2026-09-19T08:25:12Z
54232759.xyz,"When I first started with mightypr.com, there were days I'd be discouraged by low engagement rates and no sales at all. That’s until I turned things around using SEOExpress.org’s strategic keyword research service. In less than two months, we ranked for over fifteen high-volume keywords while also tripling our organic search traffic! It feels incredible—don’t miss out on this opportunity ...",https://54232759.xyz/there-was-a-time-when-my-local-shop-ranked-on-page-8-andi-feared-no-seo-company-could-turn-it-around-but-seoexpress-com-said-they-could-help-with-affordable-web2-backlinks-in-under-three-months-i-got,https://mightypr.com/,0,8015,"There Was a Time When My Local Shop Rank was on Page 8 and I Feared Nothing Could Change That — Until SEOExpress.org Promised Affordable Web2 Backlinks. Within Two Weeks, I Saw First Results; After Three Months, We Were on Page One! The Increased Foot Traffic Made All the Difference. Truly worth every dollar! ★★★★★ 🔥 — 54232759.xyz",2026-09-19T07:26:17Z
37486286.xyz,"When I first started with mightypr.com, there were days I'd be discouraged by low engagement rates and no sales at all. That’s until I turned things around using SEOExpress.org’s strategic keyword research service. In less than two months, we ranked for over fifteen high-volume keywords while also tripling our organic search traffic! It feels incredible—don’t miss out on this opportunity ...",https://37486286.xyz/there-was-a-time-when-my-local-shop-ranked-on-page-8-andi-feared-no-seo-company-could-turn-it-around-but-seoexpress-com-said-they-could-help-with-affordable-web2-backlinks-in-under-three-months-i-got,https://mightypr.com/,0,8007,"There Was a Time When My Local Shop Rank was on Page 8 and I Feared Nothing Could Change That — Until SEOExpress.org Promised Affordable Web2 Backlinks. Within Two Weeks, I Saw First Results; After Three Months, We Were on Page One! The Increased Foot Traffic Made All the Difference. Truly worth every dollar! ★★★★★ 🔥 — 37486286.xyz",2026-09-19T05:59:25Z
authority-web-link-resource-hub.simplywebshop.shop,"When I first started with mightypr.com, there were days I'd be discouraged by low engagement rates and no sales at all. That’s until I turned things around using SEOExpress.org’s strategic keyword research service. In less than two months, we ranked for over fifteen high-volume keywords while also tripling our organic search traffic! It feels incredible—don’t miss out on this opportunity ...",https://authority-web-link-resource-hub.simplywebshop.shop/there-was-a-time-when-my-local-shop-ranked-on-page-8-andi-feared-no-seo-company-could-turn-it-around-but-seoexpress-com-said-they-could-help-with-affordable-web2-backlinks-in-under-three-months-i-got,https://mightypr.com/,0,8010,"There Was a Time When My Local Shop Rank was on Page 8 and I Feared Nothing Could Change That — Until SEOExpress.org Promised Affordable Web2 Backlinks. Within Two Weeks, I Saw First Results; After Three Months, We Were on Page One! The Increased Foot Traffic Made All the Difference. Truly worth every dollar! ★★★★★ 🔥 — authority-web-link-resource-hub.simplywebshop.shop",2026-09-19T05:49:01Z
websitecheckertool.space,mightypr.com SEO Backlink Experts for Powerful Ranking Improvement,https://websitecheckertool.space/dir/seo-boosting-backlinks-136336,https://mightypr.com/,1,1239,"Premium SEO Backlink Experts Helping Websites Build High Quality Authority Links, Improve Search Engine Positions, and Increase Organic Search Performance - Page 136,336",2026-09-19T04:59:14Z
massbacklinkchecker.shop,mightypr.com SEO Backlink Experts for Powerful Ranking Improvement,https://massbacklinkchecker.shop/dir/seo-boosting-backlinks-136336,https://mightypr.com/,1,1239,"Premium SEO Backlink Experts Helping Websites Build High Quality Authority Links, Improve Search Engine Positions, and Increase Organic Search Performance - Page 136,336",2026-09-19T04:55:39Z
dapacheckerseo.space,mightypr.com SEO Backlink Experts for Powerful Ranking Improvement,https://dapacheckerseo.space/dir/seo-boosting-backlinks-136336,https://mightypr.com/,1,1247,"Premium SEO Backlink Experts Helping Websites Build High Quality Authority Links, Improve Search Engine Positions, and Increase Organic Search Performance - Page 136,336",2026-09-19T04:50:45Z
seodachecker.store,mightypr.com SEO Backlink Experts for Powerful Ranking Improvement,https://seodachecker.store/dir/seo-boosting-backlinks-136336,https://mightypr.com/,1,1247,"Premium SEO Backlink Experts Helping Websites Build High Quality Authority Links, Improve Search Engine Positions, and Increase Organic Search Performance - Page 136,336",2026-09-19T04:46:54Z
webbacklinkchecker.shop,mightypr.com SEO Backlink Experts for Powerful Ranking Improvement,https://webbacklinkchecker.shop/dir/seo-boosting-backlinks-136336,https://mightypr.com/,1,1247,"Premium SEO Backlink Experts Helping Websites Build High Quality Authority Links, Improve Search Engine Positions, and Increase Organic Search Performance - Page 136,336",2026-09-19T04:37:03Z
seocheckerfreetool.site,mightypr.com SEO Backlink Experts for Powerful Ranking Improvement,https://seocheckerfreetool.site/dir/seo-boosting-backlinks-136336,https://mightypr.com/,1,1239,"Premium SEO Backlink Experts Helping Websites Build High Quality Authority Links, Improve Search Engine Positions, and Increase Organic Search Performance - Page 136,336",2026-09-19T04:22:17Z
backlinktoolchecker.website,mightypr.com SEO Backlink Experts for Powerful Ranking Improvement,https://backlinktoolchecker.website/dir/seo-boosting-backlinks-136336,https://mightypr.com/,1,1246,"Premium SEO Backlink Experts Helping Websites Build High Quality Authority Links, Improve Search Engine Positions, and Increase Organic Search Performance - Page 136,336",2026-09-19T04:21:56Z
daandpacheckertool.website,mightypr.com SEO Backlink Experts for Powerful Ranking Improvement,https://daandpacheckertool.website/dir/seo-boosting-backlinks-136336,https://mightypr.com/,1,1239,"Premium SEO Backlink Experts Helping Websites Build High Quality Authority Links, Improve Search Engine Positions, and Increase Organic Search Performance - Page 136,336",2026-09-19T04:21:44Z
domaincheckerdapa.site,mightypr.com SEO Backlink Experts for Powerful Ranking Improvement,https://domaincheckerdapa.site/dir/seo-boosting-backlinks-136336,https://mightypr.com/,1,1247,"Premium SEO Backlink Experts Helping Websites Build High Quality Authority Links, Improve Search Engine Positions, and Increase Organic Search Performance - Page 136,336",2026-09-19T04:09:55Z
seo-first-page.info,mightypr.com SEO Backlink Experts for Powerful Ranking Improvement,https://seo-first-page.info/dir/seo-boosting-backlinks-136336,https://mightypr.com/,1,1247,"Premium SEO Backlink Experts Helping Websites Build High Quality Authority Links, Improve Search Engine Positions, and Increase Organic Search Performance - Page 136,336",2026-09-19T04:02:06Z
dabacklinkchecker.shop,mightypr.com SEO Backlink Experts for Powerful Ranking Improvement,https://dabacklinkchecker.shop/dir/seo-boosting-backlinks-136336,https://mightypr.com/,1,1239,"Premium SEO Backlink Experts Helping Websites Build High Quality Authority Links, Improve Search Engine Positions, and Increase Organic Search Performance - Page 136,336",2026-09-19T03:57:42Z
urlrankchecker.online,mightypr.com SEO Backlink Experts for Powerful Ranking Improvement,https://urlrankchecker.online/dir/seo-boosting-backlinks-136336,https://mightypr.com/,1,1247,"Premium SEO Backlink Experts Helping Websites Build High Quality Authority Links, Improve Search Engine Positions, and Increase Organic Search Performance - Page 136,336",2026-09-19T03:52:36Z
24rankings.link,mightypr.com SEO Backlink Experts for Powerful Ranking Improvement,https://24rankings.link/dir/seo-boosting-backlinks-136336,https://mightypr.com/,1,1247,"Premium SEO Backlink Experts Helping Websites Build High Quality Authority Links, Improve Search Engine Positions, and Increase Organic Search Performance - Page 136,336",2026-09-19T03:50:13Z
freedacheckertools.site,mightypr.com SEO Backlink Experts for Powerful Ranking Improvement,https://freedacheckertools.site/dir/seo-boosting-backlinks-136336,https://mightypr.com/,1,1247,"Premium SEO Backlink Experts Helping Websites Build High Quality Authority Links, Improve Search Engine Positions, and Increase Organic Search Performance - Page 136,336",2026-09-19T03:46:48Z
backlinklinkchecker.store,mightypr.com SEO Backlink Experts for Powerful Ranking Improvement,https://backlinklinkchecker.store/dir/seo-boosting-backlinks-136336,https://mightypr.com/,1,1247,"Premium SEO Backlink Experts Helping Websites Build High Quality Authority Links, Improve Search Engine Positions, and Increase Organic Search Performance - Page 136,336",2026-09-19T03:43:55Z
bestrankchecker.space,mightypr.com SEO Backlink Experts for Powerful Ranking Improvement,https://bestrankchecker.space/dir/seo-boosting-backlinks-136336,https://mightypr.com/,1,1239,"Premium SEO Backlink Experts Helping Websites Build High Quality Authority Links, Improve Search Engine Positions, and Increase Organic Search Performance - Page 136,336",2026-09-19T03:41:59Z
backlinkseochecker.website,mightypr.com SEO Backlink Experts for Powerful Ranking Improvement,https://backlinkseochecker.website/dir/seo-boosting-backlinks-136336,https://mightypr.com/,1,1247,"Premium SEO Backlink Experts Helping Websites Build High Quality Authority Links, Improve Search Engine Positions, and Increase Organic Search Performance - Page 136,336",2026-09-19T03:38:42Z
backlinkcheckersite.space,mightypr.com SEO Backlink Experts for Powerful Ranking Improvement,https://backlinkcheckersite.space/dir/seo-boosting-backlinks-136336,https://mightypr.com/,1,1239,"Premium SEO Backlink Experts Helping Websites Build High Quality Authority Links, Improve Search Engine Positions, and Increase Organic Search Performance - Page 136,336",2026-09-19T03:21:18Z
rankcheckerfree.shop,mightypr.com SEO Backlink Experts for Powerful Ranking Improvement,https://rankcheckerfree.shop/dir/seo-boosting-backlinks-136336,https://mightypr.com/,1,1247,"Premium SEO Backlink Experts Helping Websites Build High Quality Authority Links, Improve Search Engine Positions, and Increase Organic Search Performance - Page 136,336",2026-09-19T03:17:05Z
websitesseochecker.shop,mightypr.com SEO Backlink Experts for Powerful Ranking Improvement,https://websitesseochecker.shop/dir/seo-boosting-backlinks-136336,https://mightypr.com/,1,1246,"Premium SEO Backlink Experts Helping Websites Build High Quality Authority Links, Improve Search Engine Positions, and Increase Organic Search Performance - Page 136,336",2026-09-19T03:14:47Z
sitecheckerseo.store,mightypr.com SEO Backlink Experts for Powerful Ranking Improvement,https://sitecheckerseo.store/dir/seo-boosting-backlinks-136336,https://mightypr.com/,1,1239,"Premium SEO Backlink Experts Helping Websites Build High Quality Authority Links, Improve Search Engine Positions, and Increase Organic Search Performance - Page 136,336",2026-09-19T03:04:04Z
backlinkcheckersite.shop,mightypr.com SEO Backlink Experts for Powerful Ranking Improvement,https://backlinkcheckersite.shop/dir/seo-boosting-backlinks-136336,https://mightypr.com/,1,1247,"Premium SEO Backlink Experts Helping Websites Build High Quality Authority Links, Improve Search Engine Positions, and Increase Organic Search Performance - Page 136,336",2026-09-19T02:57:25Z
dacheckertool.website,mightypr.com SEO Backlink Experts for Powerful Ranking Improvement,https://dacheckertool.website/dir/seo-boosting-backlinks-136336,https://mightypr.com/,1,1239,"Premium SEO Backlink Experts Helping Websites Build High Quality Authority Links, Improve Search Engine Positions, and Increase Organic Search Performance - Page 136,336",2026-09-19T02:54:23Z
backlinksfreechecker.store,mightypr.com SEO Backlink Experts for Powerful Ranking Improvement,https://backlinksfreechecker.store/dir/seo-boosting-backlinks-136336,https://mightypr.com/,1,1239,"Premium SEO Backlink Experts Helping Websites Build High Quality Authority Links, Improve Search Engine Positions, and Increase Organic Search Performance - Page 136,336",2026-09-19T02:49:31Z
digitalseotool.com,High Quality Dofollow Backlinks DA 50 PA 40 Premium PBN Network Service mightypr.com Rank First Page Google Fast SEO Link Building Buy Backlinks Online Cheap,https://digitalseotool.com/serp-growth-network/reliable-manual-outreach-backlinks-to-improve-citation-flow-strengthen-website-reputation-and-grow-your-business-online-636675.html,https://mightypr.com/,1,3718,"Reliable Manual Outreach Backlinks to Improve Citation Flow. Strengthen Website Reputation, and Grow Your Business Online.",2026-09-19T02:47:03Z
seodomainchecker.online,mightypr.com SEO Backlink Experts for Powerful Ranking Improvement,https://seodomainchecker.online/dir/seo-boosting-backlinks-136336,https://mightypr.com/,1,1247,"Premium SEO Backlink Experts Helping Websites Build High Quality Authority Links, Improve Search Engine Positions, and Increase Organic Search Performance - Page 136,336",2026-09-19T02:33:33Z
domainserpchecker.online,mightypr.com SEO Backlink Experts for Powerful Ranking Improvement,https://domainserpchecker.online/dir/seo-boosting-backlinks-136336,https://mightypr.com/,1,1247,"Premium SEO Backlink Experts Helping Websites Build High Quality Authority Links, Improve Search Engine Positions, and Increase Organic Search Performance - Page 136,336",2026-09-19T02:27:45Z
padacheckerfree.space,mightypr.com SEO Backlink Experts for Powerful Ranking Improvement,https://padacheckerfree.space/dir/seo-boosting-backlinks-136336,https://mightypr.com/,1,1247,"Premium SEO Backlink Experts Helping Websites Build High Quality Authority Links, Improve Search Engine Positions, and Increase Organic Search Performance - Page 136,336",2026-09-19T02:27:42Z
outgoinglinkchecker.space,mightypr.com SEO Backlink Experts for Powerful Ranking Improvement,https://outgoinglinkchecker.space/dir/seo-boosting-backlinks-136336,https://mightypr.com/,1,1247,"Premium SEO Backlink Experts Helping Websites Build High Quality Authority Links, Improve Search Engine Positions, and Increase Organic Search Performance - Page 136,336",2026-09-19T02:20:49Z
dapaprochecker.website,mightypr.com SEO Backlink Experts for Powerful Ranking Improvement,https://dapaprochecker.website/dir/seo-boosting-backlinks-136336,https://mightypr.com/,1,1246,"Premium SEO Backlink Experts Helping Websites Build High Quality Authority Links, Improve Search Engine Positions, and Increase Organic Search Performance - Page 136,336",2026-09-19T02:18:20Z
bulkfreedapachecker.shop,mightypr.com SEO Backlink Experts for Powerful Ranking Improvement,https://bulkfreedapachecker.shop/dir/seo-boosting-backlinks-136336,https://mightypr.com/,1,1247,"Premium SEO Backlink Experts Helping Websites Build High Quality Authority Links, Improve Search Engine Positions, and Increase Organic Search Performance - Page 136,336",2026-09-19T02:15:38Z
seoanalysischecker.online,mightypr.com SEO Backlink Experts for Powerful Ranking Improvement,https://seoanalysischecker.online/dir/seo-boosting-backlinks-136336,https://mightypr.com/,1,1247,"Premium SEO Backlink Experts Helping Websites Build High Quality Authority Links, Improve Search Engine Positions, and Increase Organic Search Performance - Page 136,336",2026-09-19T01:59:34Z
websitelinkchecker.website,mightypr.com SEO Backlink Experts for Powerful Ranking Improvement,https://websitelinkchecker.website/dir/seo-boosting-backlinks-136336,https://mightypr.com/,1,1239,"Premium SEO Backlink Experts Helping Websites Build High Quality Authority Links, Improve Search Engine Positions, and Increase Organic Search Performance - Page 136,336",2026-09-19T01:58:05Z
freesiterankchecker.online,mightypr.com SEO Backlink Experts for Powerful Ranking Improvement,https://freesiterankchecker.online/dir/seo-boosting-backlinks-136336,https://mightypr.com/,1,1239,"Premium SEO Backlink Experts Helping Websites Build High Quality Authority Links, Improve Search Engine Positions, and Increase Organic Search Performance - Page 136,336",2026-09-19T01:38:10Z
drurchecker.site,mightypr.com SEO Backlink Experts for Powerful Ranking Improvement,https://drurchecker.site/dir/seo-boosting-backlinks-136336,https://mightypr.com/,1,1239,"Premium SEO Backlink Experts Helping Websites Build High Quality Authority Links, Improve Search Engine Positions, and Increase Organic Search Performance - Page 136,336",2026-09-19T01:26:25Z
onlinedachecker.site,mightypr.com SEO Backlink Experts for Powerful Ranking Improvement,https://onlinedachecker.site/dir/seo-boosting-backlinks-136336,https://mightypr.com/,1,1246,"Premium SEO Backlink Experts Helping Websites Build High Quality Authority Links, Improve Search Engine Positions, and Increase Organic Search Performance - Page 136,336",2026-09-19T01:23:24Z
trustflowchecker.website,mightypr.com SEO Backlink Experts for Powerful Ranking Improvement,https://trustflowchecker.website/dir/seo-boosting-backlinks-136336,https://mightypr.com/,1,1246,"Premium SEO Backlink Experts Helping Websites Build High Quality Authority Links, Improve Search Engine Positions, and Increase Organic Search Performance - Page 136,336",2026-09-19T01:21:07Z
urlbacklinkschecker.store,mightypr.com SEO Backlink Experts for Powerful Ranking Improvement,https://urlbacklinkschecker.store/dir/seo-boosting-backlinks-136336,https://mightypr.com/,1,1247,"Premium SEO Backlink Experts Helping Websites Build High Quality Authority Links, Improve Search Engine Positions, and Increase Organic Search Performance - Page 136,336",2026-09-19T01:14:52Z
bulkdachecker.store,mightypr.com SEO Backlink Experts for Powerful Ranking Improvement,https://bulkdachecker.store/dir/seo-boosting-backlinks-136336,https://mightypr.com/,1,1246,"Premium SEO Backlink Experts Helping Websites Build High Quality Authority Links, Improve Search Engine Positions, and Increase Organic Search Performance - Page 136,336",2026-09-19T01:02:47Z
bestbacklinkchecker.shop,mightypr.com SEO Backlink Experts for Powerful Ranking Improvement,https://bestbacklinkchecker.shop/dir/seo-boosting-backlinks-136336,https://mightypr.com/,1,1246,"Premium SEO Backlink Experts Helping Websites Build High Quality Authority Links, Improve Search Engine Positions, and Increase Organic Search Performance - Page 136,336",2026-09-19T01:00:42Z
domainlinkprofile.site,mightypr.com SEO Backlink Experts for Powerful Ranking Improvement,https://domainlinkprofile.site/dir/seo-boosting-backlinks-136336,https://mightypr.com/,1,1247,"Premium SEO Backlink Experts Helping Websites Build High Quality Authority Links, Improve Search Engine Positions, and Increase Organic Search Performance - Page 136,336",2026-09-19T00:58:49Z
websitedachecker.store,mightypr.com SEO Backlink Experts for Powerful Ranking Improvement,https://websitedachecker.store/dir/seo-boosting-backlinks-136336,https://mightypr.com/,1,1239,"Premium SEO Backlink Experts Helping Websites Build High Quality Authority Links, Improve Search Engine Positions, and Increase Organic Search Performance - Page 136,336",2026-09-19T00:51:08Z
dapacheckerpro.site,mightypr.com SEO Backlink Experts for Powerful Ranking Improvement,https://dapacheckerpro.site/dir/seo-boosting-backlinks-136336,https://mightypr.com/,1,1239,"Premium SEO Backlink Experts Helping Websites Build High Quality Authority Links, Improve Search Engine Positions, and Increase Organic Search Performance - Page 136,336",2026-09-19T00:49:27Z
37486302.xyz,"When I first started with mightypr.com, there were days I'd be discouraged by low engagement rates and no sales at all. That’s until I turned things around using SEOExpress.org’s strategic keyword research service. In less than two months, we ranked for over fifteen high-volume keywords while also tripling our organic search traffic! It feels incredible—don’t miss out on this opportunity ...",https://37486302.xyz/there-was-a-time-when-my-local-shop-ranked-on-page-8-andi-feared-no-seo-company-could-turn-it-around-but-seoexpress-com-said-they-could-help-with-affordable-web2-backlinks-in-under-three-months-i-got,https://mightypr.com/,0,7997,"There Was a Time When My Local Shop Rank was on Page 8 and I Feared Nothing Could Change That — Until SEOExpress.org Promised Affordable Web2 Backlinks. Within Two Weeks, I Saw First Results; After Three Months, We Were on Page One! The Increased Foot Traffic Made All the Difference. Truly worth every dollar! ★★★★★ 🔥 — 37486302.xyz",2026-09-19T00:47:46Z
dapacheckerseo.site,mightypr.com SEO Backlink Experts for Powerful Ranking Improvement,https://dapacheckerseo.site/dir/seo-boosting-backlinks-136336,https://mightypr.com/,1,1239,"Premium SEO Backlink Experts Helping Websites Build High Quality Authority Links, Improve Search Engine Positions, and Increase Organic Search Performance - Page 136,336",2026-09-19T00:34:26Z
rankingcheckerfree.online,mightypr.com SEO Backlink Experts for Powerful Ranking Improvement,https://rankingcheckerfree.online/dir/seo-boosting-backlinks-136336,https://mightypr.com/,1,1246,"Premium SEO Backlink Experts Helping Websites Build High Quality Authority Links, Improve Search Engine Positions, and Increase Organic Search Performance - Page 136,336",2026-09-19T00:33:41Z
dacheckerpro.shop,mightypr.com SEO Backlink Experts for Powerful Ranking Improvement,https://dacheckerpro.shop/dir/seo-boosting-backlinks-136336,https://mightypr.com/,1,1246,"Premium SEO Backlink Experts Helping Websites Build High Quality Authority Links, Improve Search Engine Positions, and Increase Organic Search Performance - Page 136,336",2026-09-19T00:32:02Z
daandpacheckerfree.online,mightypr.com SEO Backlink Experts for Powerful Ranking Improvement,https://daandpacheckerfree.online/dir/seo-boosting-backlinks-136336,https://mightypr.com/,1,1246,"Premium SEO Backlink Experts Helping Websites Build High Quality Authority Links, Improve Search Engine Positions, and Increase Organic Search Performance - Page 136,336",2026-09-19T00:28:41Z
freesiterankchecker.website,mightypr.com SEO Backlink Experts for Powerful Ranking Improvement,https://freesiterankchecker.website/dir/seo-boosting-backlinks-136336,https://mightypr.com/,1,1246,"Premium SEO Backlink Experts Helping Websites Build High Quality Authority Links, Improve Search Engine Positions, and Increase Organic Search Performance - Page 136,336",2026-09-19T00:23:59Z
sitevisitschecker.space,mightypr.com SEO Backlink Experts for Powerful Ranking Improvement,https://sitevisitschecker.space/dir/seo-boosting-backlinks-136336,https://mightypr.com/,1,1247,"Premium SEO Backlink Experts Helping Websites Build High Quality Authority Links, Improve Search Engine Positions, and Increase Organic Search Performance - Page 136,336",2026-09-19T00:20:30Z
domainbacklinkreport.website,mightypr.com SEO Backlink Experts for Powerful Ranking Improvement,https://domainbacklinkreport.website/dir/seo-boosting-backlinks-136336,https://mightypr.com/,1,1239,"Premium SEO Backlink Experts Helping Websites Build High Quality Authority Links, Improve Search Engine Positions, and Increase Organic Search Performance - Page 136,336",2026-09-19T00:19:10Z
dapabacklinkchecker.site,mightypr.com SEO Backlink Experts for Powerful Ranking Improvement,https://dapabacklinkchecker.site/dir/seo-boosting-backlinks-136336,https://mightypr.com/,1,1239,"Premium SEO Backlink Experts Helping Websites Build High Quality Authority Links, Improve Search Engine Positions, and Increase Organic Search Performance - Page 136,336",2026-09-19T00:17:42Z
websitesseochecker.website,mightypr.com SEO Backlink Experts for Powerful Ranking Improvement,https://websitesseochecker.website/dir/seo-boosting-backlinks-136336,https://mightypr.com/,1,1246,"Premium SEO Backlink Experts Helping Websites Build High Quality Authority Links, Improve Search Engine Positions, and Increase Organic Search Performance - Page 136,336",2026-09-19T00:10:48Z
linkingdomainchecker.shop,mightypr.com SEO Backlink Experts for Powerful Ranking Improvement,https://linkingdomainchecker.shop/dir/seo-boosting-backlinks-136336,https://mightypr.com/,1,1247,"Premium SEO Backlink Experts Helping Websites Build High Quality Authority Links, Improve Search Engine Positions, and Increase Organic Search Performance - Page 136,336",2026-09-19T00:09:43Z
websitedadrchecker.space,mightypr.com SEO Backlink Experts for Powerful Ranking Improvement,https://websitedadrchecker.space/dir/seo-boosting-backlinks-136336,https://mightypr.com/,1,1247,"Premium SEO Backlink Experts Helping Websites Build High Quality Authority Links, Improve Search Engine Positions, and Increase Organic Search Performance - Page 136,336",2026-09-18T23:57:34Z
allbacklinkchecker.space,mightypr.com SEO Backlink Experts for Powerful Ranking Improvement,https://allbacklinkchecker.space/dir/seo-boosting-backlinks-136336,https://mightypr.com/,1,1247,"Premium SEO Backlink Experts Helping Websites Build High Quality Authority Links, Improve Search Engine Positions, and Increase Organic Search Performance - Page 136,336",2026-09-18T23:55:44Z
checkdomaindapa.website,mightypr.com SEO Backlink Experts for Powerful Ranking Improvement,https://checkdomaindapa.website/dir/seo-boosting-backlinks-136336,https://mightypr.com/,1,1246,"Premium SEO Backlink Experts Helping Websites Build High Quality Authority Links, Improve Search Engine Positions, and Increase Organic Search Performance - Page 136,336",2026-09-18T23:53:24Z
seoauditchecker.shop,mightypr.com SEO Backlink Experts for Powerful Ranking Improvement,https://seoauditchecker.shop/dir/seo-boosting-backlinks-136336,https://mightypr.com/,1,1239,"Premium SEO Backlink Experts Helping Websites Build High Quality Authority Links, Improve Search Engine Positions, and Increase Organic Search Performance - Page 136,336",2026-09-18T23:52:55Z
rankingcheckertool.site,mightypr.com SEO Backlink Experts for Powerful Ranking Improvement,https://rankingcheckertool.site/dir/seo-boosting-backlinks-136336,https://mightypr.com/,1,1246,"Premium SEO Backlink Experts Helping Websites Build High Quality Authority Links, Improve Search Engine Positions, and Increase Organic Search Performance - Page 136,336",2026-09-18T23:45:27Z
siteseochecker.site,mightypr.com SEO Backlink Experts for Powerful Ranking Improvement,https://siteseochecker.site/dir/seo-boosting-backlinks-136336,https://mightypr.com/,1,1246,"Premium SEO Backlink Experts Helping Websites Build High Quality Authority Links, Improve Search Engine Positions, and Increase Organic Search Performance - Page 136,336",2026-09-18T23:44:37Z
rankchecker.store,mightypr.com SEO Backlink Experts for Powerful Ranking Improvement,https://rankchecker.store/dir/seo-boosting-backlinks-136336,https://mightypr.com/,1,1239,"Premium SEO Backlink Experts Helping Websites Build High Quality Authority Links, Improve Search Engine Positions, and Increase Organic Search Performance - Page 136,336",2026-09-18T23:36:10Z
onlinesitechecker.website,mightypr.com SEO Backlink Experts for Powerful Ranking Improvement,https://onlinesitechecker.website/dir/seo-boosting-backlinks-136336,https://mightypr.com/,1,1239,"Premium SEO Backlink Experts Helping Websites Build High Quality Authority Links, Improve Search Engine Positions, and Increase Organic Search Performance - Page 136,336",2026-09-18T23:34:09Z
backlinkanalyzer.shop,mightypr.com SEO Backlink Experts for Powerful Ranking Improvement,https://backlinkanalyzer.shop/dir/seo-boosting-backlinks-136336,https://mightypr.com/,1,1246,"Premium SEO Backlink Experts Helping Websites Build High Quality Authority Links, Improve Search Engine Positions, and Increase Organic Search Performance - Page 136,336",2026-09-18T23:29:46Z
dapacheckersite.online,mightypr.com SEO Backlink Experts for Powerful Ranking Improvement,https://dapacheckersite.online/dir/seo-boosting-backlinks-136336,https://mightypr.com/,1,1246,"Premium SEO Backlink Experts Helping Websites Build High Quality Authority Links, Improve Search Engine Positions, and Increase Organic Search Performance - Page 136,336",2026-09-18T23:10:54Z
sitecheckerseo.website,mightypr.com SEO Backlink Experts for Powerful Ranking Improvement,https://sitecheckerseo.website/dir/seo-boosting-backlinks-136336,https://mightypr.com/,1,1239,"Premium SEO Backlink Experts Helping Websites Build High Quality Authority Links, Improve Search Engine Positions, and Increase Organic Search Performance - Page 136,336",2026-09-18T23:10:29Z
blogbacklinkchecker.online,mightypr.com SEO Backlink Experts for Powerful Ranking Improvement,https://blogbacklinkchecker.online/dir/seo-boosting-backlinks-136336,https://mightypr.com/,1,1239,"Premium SEO Backlink Experts Helping Websites Build High Quality Authority Links, Improve Search Engine Positions, and Increase Organic Search Performance - Page 136,336",2026-09-18T23:08:45Z
37486304.xyz,"When I first started with mightypr.com, there were days I'd be discouraged by low engagement rates and no sales at all. That’s until I turned things around using SEOExpress.org’s strategic keyword research service. In less than two months, we ranked for over fifteen high-volume keywords while also tripling our organic search traffic! It feels incredible—don’t miss out on this opportunity ...",https://37486304.xyz/there-was-a-time-when-my-local-shop-ranked-on-page-8-andi-feared-no-seo-company-could-turn-it-around-but-seoexpress-com-said-they-could-help-with-affordable-web2-backlinks-in-under-three-months-i-got,https://mightypr.com/,0,8020,"There Was a Time When My Local Shop Rank was on Page 8 and I Feared Nothing Could Change That — Until SEOExpress.org Promised Affordable Web2 Backlinks. Within Two Weeks, I Saw First Results; After Three Months, We Were on Page One! The Increased Foot Traffic Made All the Difference. Truly worth every dollar! ★★★★★ 🔥 — 37486304.xyz",2026-09-18T23:07:32Z
linkbacklinkchecker.site,mightypr.com SEO Backlink Experts for Powerful Ranking Improvement,https://linkbacklinkchecker.site/dir/seo-boosting-backlinks-136336,https://mightypr.com/,1,1247,"Premium SEO Backlink Experts Helping Websites Build High Quality Authority Links, Improve Search Engine Positions, and Increase Organic Search Performance - Page 136,336",2026-09-18T23:07:14Z
backlinksfreechecker.site,mightypr.com SEO Backlink Experts for Powerful Ranking Improvement,https://backlinksfreechecker.site/dir/seo-boosting-backlinks-136336,https://mightypr.com/,1,1239,"Premium SEO Backlink Experts Helping Websites Build High Quality Authority Links, Improve Search Engine Positions, and Increase Organic Search Performance - Page 136,336",2026-09-18T23:07:11Z
serppositionchecker.website,mightypr.com SEO Backlink Experts for Powerful Ranking Improvement,https://serppositionchecker.website/dir/seo-boosting-backlinks-136336,https://mightypr.com/,1,1246,"Premium SEO Backlink Experts Helping Websites Build High Quality Authority Links, Improve Search Engine Positions, and Increase Organic Search Performance - Page 136,336",2026-09-18T23:06:22Z
bestrankchecker.shop,mightypr.com SEO Backlink Experts for Powerful Ranking Improvement,https://bestrankchecker.shop/dir/seo-boosting-backlinks-136336,https://mightypr.com/,1,1247,"Premium SEO Backlink Experts Helping Websites Build High Quality Authority Links, Improve Search Engine Positions, and Increase Organic Search Performance - Page 136,336",2026-09-18T22:48:07Z
seodachecker.space,mightypr.com SEO Backlink Experts for Powerful Ranking Improvement,https://seodachecker.space/dir/seo-boosting-backlinks-136336,https://mightypr.com/,1,1246,"Premium SEO Backlink Experts Helping Websites Build High Quality Authority Links, Improve Search Engine Positions, and Increase Organic Search Performance - Page 136,336",2026-09-18T22:38:45Z
websitedachecker.online,mightypr.com SEO Backlink Experts for Powerful Ranking Improvement,https://websitedachecker.online/dir/seo-boosting-backlinks-136336,https://mightypr.com/,1,1246,"Premium SEO Backlink Experts Helping Websites Build High Quality Authority Links, Improve Search Engine Positions, and Increase Organic Search Performance - Page 136,336",2026-09-18T22:36:14Z
backlinkfindertool.space,mightypr.com SEO Backlink Experts for Powerful Ranking Improvement,https://backlinkfindertool.space/dir/seo-boosting-backlinks-136336,https://mightypr.com/,1,1239,"Premium SEO Backlink Experts Helping Websites Build High Quality Authority Links, Improve Search Engine Positions, and Increase Organic Search Performance - Page 136,336",2026-09-18T22:36:12Z
freebacklinkanalyzer.store,mightypr.com SEO Backlink Experts for Powerful Ranking Improvement,https://freebacklinkanalyzer.store/dir/seo-boosting-backlinks-136336,https://mightypr.com/,1,1246,"Premium SEO Backlink Experts Helping Websites Build High Quality Authority Links, Improve Search Engine Positions, and Increase Organic Search Performance - Page 136,336",2026-09-18T22:34:57Z
dapacheckeronline.shop,mightypr.com SEO Backlink Experts for Powerful Ranking Improvement,https://dapacheckeronline.shop/dir/seo-boosting-backlinks-136336,https://mightypr.com/,1,1239,"Premium SEO Backlink Experts Helping Websites Build High Quality Authority Links, Improve Search Engine Positions, and Increase Organic Search Performance - Page 136,336",2026-09-18T22:34:13Z
sitecheckerfree.site,mightypr.com SEO Backlink Experts for Powerful Ranking Improvement,https://sitecheckerfree.site/dir/seo-boosting-backlinks-136336,https://mightypr.com/,1,1246,"Premium SEO Backlink Experts Helping Websites Build High Quality Authority Links, Improve Search Engine Positions, and Increase Organic Search Performance - Page 136,336",2026-09-18T22:30:34Z
backlinkscheckers.site,mightypr.com SEO Backlink Experts for Powerful Ranking Improvement,https://backlinkscheckers.site/dir/seo-boosting-backlinks-136336,https://mightypr.com/,1,1247,"Premium SEO Backlink Experts Helping Websites Build High Quality Authority Links, Improve Search Engine Positions, and Increase Organic Search Performance - Page 136,336",2026-09-18T22:26:20Z
dawebsitechecker.store,mightypr.com SEO Backlink Experts for Powerful Ranking Improvement,https://dawebsitechecker.store/dir/seo-boosting-backlinks-136336,https://mightypr.com/,1,1239,"Premium SEO Backlink Experts Helping Websites Build High Quality Authority Links, Improve Search Engine Positions, and Increase Organic Search Performance - Page 136,336",2026-09-18T22:23:01Z
freeseorankchecker.website,mightypr.com SEO Backlink Experts for Powerful Ranking Improvement,https://freeseorankchecker.website/dir/seo-boosting-backlinks-136336,https://mightypr.com/,1,1239,"Premium SEO Backlink Experts Helping Websites Build High Quality Authority Links, Improve Search Engine Positions, and Increase Organic Search Performance - Page 136,336",2026-09-18T22:22:47Z
massdapachecker.space,mightypr.com SEO Backlink Experts for Powerful Ranking Improvement,https://massdapachecker.space/dir/seo-boosting-backlinks-136336,https://mightypr.com/,1,1247,"Premium SEO Backlink Experts Helping Websites Build High Quality Authority Links, Improve Search Engine Positions, and Increase Organic Search Performance - Page 136,336",2026-09-18T22:18:38Z
rankwebsitechecker.online,mightypr.com SEO Backlink Experts for Powerful Ranking Improvement,https://rankwebsitechecker.online/dir/seo-boosting-backlinks-136336,https://mightypr.com/,1,1247,"Premium SEO Backlink Experts Helping Websites Build High Quality Authority Links, Improve Search Engine Positions, and Increase Organic Search Performance - Page 136,336",2026-09-18T22:17:56Z
backlinkrankchecker.website,mightypr.com SEO Backlink Experts for Powerful Ranking Improvement,https://backlinkrankchecker.website/dir/seo-boosting-backlinks-136336,https://mightypr.com/,1,1247,"Premium SEO Backlink Experts Helping Websites Build High Quality Authority Links, Improve Search Engine Positions, and Increase Organic Search Performance - Page 136,336",2026-09-18T22:15:49Z
checkerdapa.store,mightypr.com SEO Backlink Experts for Powerful Ranking Improvement,https://checkerdapa.store/dir/seo-boosting-backlinks-136336,https://mightypr.com/,1,1246,"Premium SEO Backlink Experts Helping Websites Build High Quality Authority Links, Improve Search Engine Positions, and Increase Organic Search Performance - Page 136,336",2026-09-18T22:14:39Z
seometricschecker.site,mightypr.com SEO Backlink Experts for Powerful Ranking Improvement,https://seometricschecker.site/dir/seo-boosting-backlinks-136336,https://mightypr.com/,1,1246,"Premium SEO Backlink Experts Helping Websites Build High Quality Authority Links, Improve Search Engine Positions, and Increase Organic Search Performance - Page 136,336",2026-09-18T22:08:38Z
dppachecker.store,mightypr.com SEO Backlink Experts for Powerful Ranking Improvement,https://dppachecker.store/dir/seo-boosting-backlinks-136336,https://mightypr.com/,1,1246,"Premium SEO Backlink Experts Helping Websites Build High Quality Authority Links, Improve Search Engine Positions, and Increase Organic Search Performance - Page 136,336",2026-09-18T22:05:59Z
topbacklinkchecker.store,mightypr.com SEO Backlink Experts for Powerful Ranking Improvement,https://topbacklinkchecker.store/dir/seo-boosting-backlinks-136336,https://mightypr.com/,1,1246,"Premium SEO Backlink Experts Helping Websites Build High Quality Authority Links, Improve Search Engine Positions, and Increase Organic Search Performance - Page 136,336",2026-09-18T22:01:11Z
backlinksreport.online,mightypr.com SEO Backlink Experts for Powerful Ranking Improvement,https://backlinksreport.online/dir/seo-boosting-backlinks-136336,https://mightypr.com/,1,1239,"Premium SEO Backlink Experts Helping Websites Build High Quality Authority Links, Improve Search Engine Positions, and Increase Organic Search Performance - Page 136,336",2026-09-18T21:51:03Z
serpfreechecker.site,mightypr.com SEO Backlink Experts for Powerful Ranking Improvement,https://serpfreechecker.site/dir/seo-boosting-backlinks-136336,https://mightypr.com/,1,1247,"Premium SEO Backlink Experts Helping Websites Build High Quality Authority Links, Improve Search Engine Positions, and Increase Organic Search Performance - Page 136,336",2026-09-18T21:50:23Z
domainbacklinkreport.store,mightypr.com SEO Backlink Experts for Powerful Ranking Improvement,https://domainbacklinkreport.store/dir/seo-boosting-backlinks-136336,https://mightypr.com/,1,1247,"Premium SEO Backlink Experts Helping Websites Build High Quality Authority Links, Improve Search Engine Positions, and Increase Organic Search Performance - Page 136,336",2026-09-18T21:48:43Z
dabulkchecker.website,mightypr.com SEO Backlink Experts for Powerful Ranking Improvement,https://dabulkchecker.website/dir/seo-boosting-backlinks-136336,https://mightypr.com/,1,1247,"Premium SEO Backlink Experts Helping Websites Build High Quality Authority Links, Improve Search Engine Positions, and Increase Organic Search Performance - Page 136,336",2026-09-18T21:48:02Z
rankcheckerseo.site,mightypr.com SEO Backlink Experts for Powerful Ranking Improvement,https://rankcheckerseo.site/dir/seo-boosting-backlinks-136336,https://mightypr.com/,1,1239,"Premium SEO Backlink Experts Helping Websites Build High Quality Authority Links, Improve Search Engine Positions, and Increase Organic Search Performance - Page 136,336",2026-09-18T21:44:12Z
37486277.xyz,"When I first started with mightypr.com, there were days I'd be discouraged by low engagement rates and no sales at all. That’s until I turned things around using SEOExpress.org’s strategic keyword research service. In less than two months, we ranked for over fifteen high-volume keywords while also tripling our organic search traffic! It feels incredible—don’t miss out on this opportunity ...",https://37486277.xyz/there-was-a-time-when-my-local-shop-ranked-on-page-8-andi-feared-no-seo-company-could-turn-it-around-but-seoexpress-com-said-they-could-help-with-affordable-web2-backlinks-in-under-three-months-i-got,https://mightypr.com/,0,8006,"There Was a Time When My Local Shop Rank was on Page 8 and I Feared Nothing Could Change That — Until SEOExpress.org Promised Affordable Web2 Backlinks. Within Two Weeks, I Saw First Results; After Three Months, We Were on Page One! The Increased Foot Traffic Made All the Difference. Truly worth every dollar! ★★★★★ 🔥 — 37486277.xyz",2026-09-18T21:41:15Z
daparankchecker.space,mightypr.com SEO Backlink Experts for Powerful Ranking Improvement,https://daparankchecker.space/dir/seo-boosting-backlinks-136336,https://mightypr.com/,1,1239,"Premium SEO Backlink Experts Helping Websites Build High Quality Authority Links, Improve Search Engine Positions, and Increase Organic Search Performance - Page 136,336",2026-09-18T21:38:48Z
websitelinkschecker.site,mightypr.com SEO Backlink Experts for Powerful Ranking Improvement,https://websitelinkschecker.site/dir/seo-boosting-backlinks-136336,https://mightypr.com/,1,1246,"Premium SEO Backlink Experts Helping Websites Build High Quality Authority Links, Improve Search Engine Positions, and Increase Organic Search Performance - Page 136,336",2026-09-18T21:38:01Z
boosttraffic.site,mightypr.com,https://boosttraffic.site/bjec-get-ranking-on-1st-page-with-us,https://mightypr.com/,0,9250,Buy High Quality Dofollow Seo Backlinks to Rank on 1st Page,2026-09-18T21:36:44Z
dasitechecker.website,mightypr.com SEO Backlink Experts for Powerful Ranking Improvement,https://dasitechecker.website/dir/seo-boosting-backlinks-136336,https://mightypr.com/,1,1239,"Premium SEO Backlink Experts Helping Websites Build High Quality Authority Links, Improve Search Engine Positions, and Increase Organic Search Performance - Page 136,336",2026-09-18T21:34:57Z
drchecker.site,mightypr.com SEO Backlink Experts for Powerful Ranking Improvement,https://drchecker.site/dir/seo-boosting-backlinks-136336,https://mightypr.com/,1,1246,"Premium SEO Backlink Experts Helping Websites Build High Quality Authority Links, Improve Search Engine Positions, and Increase Organic Search Performance - Page 136,336",2026-09-18T21:31:49Z
websiteserpchecker.online,mightypr.com SEO Backlink Experts for Powerful Ranking Improvement,https://websiteserpchecker.online/dir/seo-boosting-backlinks-136336,https://mightypr.com/,1,1246,"Premium SEO Backlink Experts Helping Websites Build High Quality Authority Links, Improve Search Engine Positions, and Increase Organic Search Performance - Page 136,336",2026-09-18T21:29:45Z
bestfreeseochecker.site,mightypr.com SEO Backlink Experts for Powerful Ranking Improvement,https://bestfreeseochecker.site/dir/seo-boosting-backlinks-136336,https://mightypr.com/,1,1246,"Premium SEO Backlink Experts Helping Websites Build High Quality Authority Links, Improve Search Engine Positions, and Increase Organic Search Performance - Page 136,336",2026-09-18T21:24:47Z
urlbacklinkchecker.space,mightypr.com SEO Backlink Experts for Powerful Ranking Improvement,https://urlbacklinkchecker.space/dir/seo-boosting-backlinks-136336,https://mightypr.com/,1,1246,"Premium SEO Backlink Experts Helping Websites Build High Quality Authority Links, Improve Search Engine Positions, and Increase Organic Search Performance - Page 136,336",2026-09-18T20:49:26Z
backlinkscheckerseo.store,mightypr.com SEO Backlink Experts for Powerful Ranking Improvement,https://backlinkscheckerseo.store/dir/seo-boosting-backlinks-136336,https://mightypr.com/,1,1239,"Premium SEO Backlink Experts Helping Websites Build High Quality Authority Links, Improve Search Engine Positions, and Increase Organic Search Performance - Page 136,336",2026-09-18T20:42:06Z
rankwebsitechecker.site,mightypr.com SEO Backlink Experts for Powerful Ranking Improvement,https://rankwebsitechecker.site/dir/seo-boosting-backlinks-136336,https://mightypr.com/,1,1246,"Premium SEO Backlink Experts Helping Websites Build High Quality Authority Links, Improve Search Engine Positions, and Increase Organic Search Performance - Page 136,336",2026-09-18T20:32:22Z
freeonlinedachecker.site,mightypr.com SEO Backlink Experts for Powerful Ranking Improvement,https://freeonlinedachecker.site/dir/seo-boosting-backlinks-136336,https://mightypr.com/,1,1239,"Premium SEO Backlink Experts Helping Websites Build High Quality Authority Links, Improve Search Engine Positions, and Increase Organic Search Performance - Page 136,336",2026-09-18T20:32:02Z
freepachecker.shop,mightypr.com SEO Backlink Experts for Powerful Ranking Improvement,https://freepachecker.shop/dir/seo-boosting-backlinks-136336,https://mightypr.com/,1,1246,"Premium SEO Backlink Experts Helping Websites Build High Quality Authority Links, Improve Search Engine Positions, and Increase Organic Search Performance - Page 136,336",2026-09-18T20:27:49Z
bulkbacklinkanalyzer.online,mightypr.com SEO Backlink Experts for Powerful Ranking Improvement,https://bulkbacklinkanalyzer.online/dir/seo-boosting-backlinks-136336,https://mightypr.com/,1,1247,"Premium SEO Backlink Experts Helping Websites Build High Quality Authority Links, Improve Search Engine Positions, and Increase Organic Search Performance - Page 136,336",2026-09-18T20:20:06Z
sitebacklinkchecker.space,mightypr.com SEO Backlink Experts for Powerful Ranking Improvement,https://sitebacklinkchecker.space/dir/seo-boosting-backlinks-136336,https://mightypr.com/,1,1246,"Premium SEO Backlink Experts Helping Websites Build High Quality Authority Links, Improve Search Engine Positions, and Increase Organic Search Performance - Page 136,336",2026-09-18T20:08:22Z
bulkbacklinkanalysis.site,mightypr.com SEO Backlink Experts for Powerful Ranking Improvement,https://bulkbacklinkanalysis.site/dir/seo-boosting-backlinks-136336,https://mightypr.com/,1,1247,"Premium SEO Backlink Experts Helping Websites Build High Quality Authority Links, Improve Search Engine Positions, and Increase Organic Search Performance - Page 136,336",2026-09-18T20:06:44Z
siterankcheckerfree.shop,mightypr.com SEO Backlink Experts for Powerful Ranking Improvement,https://siterankcheckerfree.shop/dir/seo-boosting-backlinks-136336,https://mightypr.com/,1,1246,"Premium SEO Backlink Experts Helping Websites Build High Quality Authority Links, Improve Search Engine Positions, and Increase Organic Search Performance - Page 136,336",2026-09-18T20:05:23Z
organicrankchecker.site,mightypr.com SEO Backlink Experts for Powerful Ranking Improvement,https://organicrankchecker.site/dir/seo-boosting-backlinks-136336,https://mightypr.com/,1,1246,"Premium SEO Backlink Experts Helping Websites Build High Quality Authority Links, Improve Search Engine Positions, and Increase Organic Search Performance - Page 136,336",2026-09-18T20:03:19Z
finddomainbacklinks.store,mightypr.com SEO Backlink Experts for Powerful Ranking Improvement,https://finddomainbacklinks.store/dir/seo-boosting-backlinks-136336,https://mightypr.com/,1,1246,"Premium SEO Backlink Experts Helping Websites Build High Quality Authority Links, Improve Search Engine Positions, and Increase Organic Search Performance - Page 136,336",2026-09-18T20:02:04Z
murvi.shop,"Professional High DA Backlinks for mightypr.com for Higher DA and DR Scores. Strengthen Website Reputation, with Safe Link Velocity.",https://murvi.shop/authority-signals/trusted-seo-authority-backlinks-to-increase-trust-flow-drive-qualified-visitors-across-every-niche-and-market-1da9ee.html,https://mightypr.com/,1,5839,"Trusted SEO Authority Backlinks to Increase Trust Flow. Drive Qualified Visitors, Across Every Niche and Market.",2026-09-18T19:59:42Z
goodbacklinkchecker.online,mightypr.com SEO Backlink Experts for Powerful Ranking Improvement,https://goodbacklinkchecker.online/dir/seo-boosting-backlinks-136336,https://mightypr.com/,1,1247,"Premium SEO Backlink Experts Helping Websites Build High Quality Authority Links, Improve Search Engine Positions, and Increase Organic Search Performance - Page 136,336",2026-09-18T19:57:16Z
competitionchecker.store,mightypr.com SEO Backlink Experts for Powerful Ranking Improvement,https://competitionchecker.store/dir/seo-boosting-backlinks-136336,https://mightypr.com/,1,1239,"Premium SEO Backlink Experts Helping Websites Build High Quality Authority Links, Improve Search Engine Positions, and Increase Organic Search Performance - Page 136,336",2026-09-18T19:48:43Z
freeseochecker.space,mightypr.com SEO Backlink Experts for Powerful Ranking Improvement,https://freeseochecker.space/dir/seo-boosting-backlinks-136336,https://mightypr.com/,1,1246,"Premium SEO Backlink Experts Helping Websites Build High Quality Authority Links, Improve Search Engine Positions, and Increase Organic Search Performance - Page 136,336",2026-09-18T19:46:25Z
freebacklinkcheckers.shop,mightypr.com SEO Backlink Experts for Powerful Ranking Improvement,https://freebacklinkcheckers.shop/dir/seo-boosting-backlinks-136336,https://mightypr.com/,1,1239,"Premium SEO Backlink Experts Helping Websites Build High Quality Authority Links, Improve Search Engine Positions, and Increase Organic Search Performance - Page 136,336",2026-09-18T19:42:12Z
dabacklinkchecker.site,mightypr.com SEO Backlink Experts for Powerful Ranking Improvement,https://dabacklinkchecker.site/dir/seo-boosting-backlinks-136336,https://mightypr.com/,1,1247,"Premium SEO Backlink Experts Helping Websites Build High Quality Authority Links, Improve Search Engine Positions, and Increase Organic Search Performance - Page 136,336",2026-09-18T19:38:22Z
dapadomainchecker.shop,mightypr.com SEO Backlink Experts for Powerful Ranking Improvement,https://dapadomainchecker.shop/dir/seo-boosting-backlinks-136336,https://mightypr.com/,1,1239,"Premium SEO Backlink Experts Helping Websites Build High Quality Authority Links, Improve Search Engine Positions, and Increase Organic Search Performance - Page 136,336",2026-09-18T19:38:08Z
batchbacklinkchecker.shop,mightypr.com SEO Backlink Experts for Powerful Ranking Improvement,https://batchbacklinkchecker.shop/dir/seo-boosting-backlinks-136336,https://mightypr.com/,1,1239,"Premium SEO Backlink Experts Helping Websites Build High Quality Authority Links, Improve Search Engine Positions, and Increase Organic Search Performance - Page 136,336",2026-09-18T19:31:10Z
whatisdapachecker.store,mightypr.com SEO Backlink Experts for Powerful Ranking Improvement,https://whatisdapachecker.store/dir/seo-boosting-backlinks-136336,https://mightypr.com/,1,1239,"Premium SEO Backlink Experts Helping Websites Build High Quality Authority Links, Improve Search Engine Positions, and Increase Organic Search Performance - Page 136,336",2026-09-18T19:26:00Z
multidachecker.store,mightypr.com SEO Backlink Experts for Powerful Ranking Improvement,https://multidachecker.store/dir/seo-boosting-backlinks-136336,https://mightypr.com/,1,1247,"Premium SEO Backlink Experts Helping Websites Build High Quality Authority Links, Improve Search Engine Positions, and Increase Organic Search Performance - Page 136,336",2026-09-18T19:19:35Z
serpcheckers.website,mightypr.com SEO Backlink Experts for Powerful Ranking Improvement,https://serpcheckers.website/dir/seo-boosting-backlinks-136336,https://mightypr.com/,1,1246,"Premium SEO Backlink Experts Helping Websites Build High Quality Authority Links, Improve Search Engine Positions, and Increase Organic Search Performance - Page 136,336",2026-09-18T19:03:40Z
bulkbacklinkschecker.online,mightypr.com SEO Backlink Experts for Powerful Ranking Improvement,https://bulkbacklinkschecker.online/dir/seo-boosting-backlinks-136336,https://mightypr.com/,1,1247,"Premium SEO Backlink Experts Helping Websites Build High Quality Authority Links, Improve Search Engine Positions, and Increase Organic Search Performance - Page 136,336",2026-09-18T18:58:55Z
checkdomaindapa.space,mightypr.com SEO Backlink Experts for Powerful Ranking Improvement,https://checkdomaindapa.space/dir/seo-boosting-backlinks-136336,https://mightypr.com/,1,1239,"Premium SEO Backlink Experts Helping Websites Build High Quality Authority Links, Improve Search Engine Positions, and Increase Organic Search Performance - Page 136,336",2026-09-18T18:57:52Z
aiseochecker.site,mightypr.com SEO Backlink Experts for Powerful Ranking Improvement,https://aiseochecker.site/dir/seo-boosting-backlinks-136336,https://mightypr.com/,1,1246,"Premium SEO Backlink Experts Helping Websites Build High Quality Authority Links, Improve Search Engine Positions, and Increase Organic Search Performance - Page 136,336",2026-09-18T18:56:43Z
37486224.xyz,"When I first started with mightypr.com, there were days I'd be discouraged by low engagement rates and no sales at all. That’s until I turned things around using SEOExpress.org’s strategic keyword research service. In less than two months, we ranked for over fifteen high-volume keywords while also tripling our organic search traffic! It feels incredible—don’t miss out on this opportunity ...",https://37486224.xyz/there-was-a-time-when-my-local-shop-ranked-on-page-8-andi-feared-no-seo-company-could-turn-it-around-but-seoexpress-com-said-they-could-help-with-affordable-web2-backlinks-in-under-three-months-i-got,https://mightypr.com/,0,8009,"There Was a Time When My Local Shop Rank was on Page 8 and I Feared Nothing Could Change That — Until SEOExpress.org Promised Affordable Web2 Backlinks. Within Two Weeks, I Saw First Results; After Three Months, We Were on Page One! The Increased Foot Traffic Made All the Difference. Truly worth every dollar! ★★★★★ 🔥 — 37486224.xyz",2026-09-18T18:37:28Z
backlinkseochecker.shop,mightypr.com SEO Backlink Experts for Powerful Ranking Improvement,https://backlinkseochecker.shop/dir/seo-boosting-backlinks-136336,https://mightypr.com/,1,1239,"Premium SEO Backlink Experts Helping Websites Build High Quality Authority Links, Improve Search Engine Positions, and Increase Organic Search Performance - Page 136,336",2026-09-18T18:37:09Z
websitecheckerdapa.website,mightypr.com SEO Backlink Experts for Powerful Ranking Improvement,https://websitecheckerdapa.website/dir/seo-boosting-backlinks-136336,https://mightypr.com/,1,1239,"Premium SEO Backlink Experts Helping Websites Build High Quality Authority Links, Improve Search Engine Positions, and Increase Organic Search Performance - Page 136,336",2026-09-18T18:19:13Z
findbacklinks.space,mightypr.com SEO Backlink Experts for Powerful Ranking Improvement,https://findbacklinks.space/dir/seo-boosting-backlinks-136336,https://mightypr.com/,1,1246,"Premium SEO Backlink Experts Helping Websites Build High Quality Authority Links, Improve Search Engine Positions, and Increase Organic Search Performance - Page 136,336",2026-09-18T18:18:42Z
freerankingchecker.online,mightypr.com SEO Backlink Experts for Powerful Ranking Improvement,https://freerankingchecker.online/dir/seo-boosting-backlinks-136336,https://mightypr.com/,1,1246,"Premium SEO Backlink Experts Helping Websites Build High Quality Authority Links, Improve Search Engine Positions, and Increase Organic Search Performance - Page 136,336",2026-09-18T18:13:32Z
37486219.xyz,"When I first started with mightypr.com, there were days I'd be discouraged by low engagement rates and no sales at all. That’s until I turned things around using SEOExpress.org’s strategic keyword research service. In less than two months, we ranked for over fifteen high-volume keywords while also tripling our organic search traffic! It feels incredible—don’t miss out on this opportunity ...",https://37486219.xyz/there-was-a-time-when-my-local-shop-ranked-on-page-8-andi-feared-no-seo-company-could-turn-it-around-but-seoexpress-com-said-they-could-help-with-affordable-web2-backlinks-in-under-three-months-i-got,https://mightypr.com/,0,8011,"There Was a Time When My Local Shop Rank was on Page 8 and I Feared Nothing Could Change That — Until SEOExpress.org Promised Affordable Web2 Backlinks. Within Two Weeks, I Saw First Results; After Three Months, We Were on Page One! The Increased Foot Traffic Made All the Difference. Truly worth every dollar! ★★★★★ 🔥 — 37486219.xyz",2026-09-18T18:02:36Z
backlinkreport.store,mightypr.com SEO Backlink Experts for Powerful Ranking Improvement,https://backlinkreport.store/dir/seo-boosting-backlinks-136336,https://mightypr.com/,1,1239,"Premium SEO Backlink Experts Helping Websites Build High Quality Authority Links, Improve Search Engine Positions, and Increase Organic Search Performance - Page 136,336",2026-09-18T17:59:29Z
checkdomainbacklinks.website,mightypr.com SEO Backlink Experts for Powerful Ranking Improvement,https://checkdomainbacklinks.website/dir/seo-boosting-backlinks-136336,https://mightypr.com/,1,1247,"Premium SEO Backlink Experts Helping Websites Build High Quality Authority Links, Improve Search Engine Positions, and Increase Organic Search Performance - Page 136,336",2026-09-18T17:52:44Z
urlbacklinkanalysis.website,mightypr.com SEO Backlink Experts for Powerful Ranking Improvement,https://urlbacklinkanalysis.website/dir/seo-boosting-backlinks-136336,https://mightypr.com/,1,1247,"Premium SEO Backlink Experts Helping Websites Build High Quality Authority Links, Improve Search Engine Positions, and Increase Organic Search Performance - Page 136,336",2026-09-18T17:50:54Z
serprankingchecker.online,mightypr.com SEO Backlink Experts for Powerful Ranking Improvement,https://serprankingchecker.online/dir/seo-boosting-backlinks-136336,https://mightypr.com/,1,1246,"Premium SEO Backlink Experts Helping Websites Build High Quality Authority Links, Improve Search Engine Positions, and Increase Organic Search Performance - Page 136,336",2026-09-18T17:42:40Z
dapacheckerguest.shop,mightypr.com SEO Backlink Experts for Powerful Ranking Improvement,https://dapacheckerguest.shop/dir/seo-boosting-backlinks-136336,https://mightypr.com/,1,1247,"Premium SEO Backlink Experts Helping Websites Build High Quality Authority Links, Improve Search Engine Positions, and Increase Organic Search Performance - Page 136,336",2026-09-18T17:40:40Z
websitepagechecker.website,mightypr.com SEO Backlink Experts for Powerful Ranking Improvement,https://websitepagechecker.website/dir/seo-boosting-backlinks-136336,https://mightypr.com/,1,1239,"Premium SEO Backlink Experts Helping Websites Build High Quality Authority Links, Improve Search Engine Positions, and Increase Organic Search Performance - Page 136,336",2026-09-18T17:23:02Z
massdachecker.website,mightypr.com SEO Backlink Experts for Powerful Ranking Improvement,https://massdachecker.website/dir/seo-boosting-backlinks-136336,https://mightypr.com/,1,1239,"Premium SEO Backlink Experts Helping Websites Build High Quality Authority Links, Improve Search Engine Positions, and Increase Organic Search Performance - Page 136,336",2026-09-18T17:16:36Z
freedadrchecker.online,mightypr.com SEO Backlink Experts for Powerful Ranking Improvement,https://freedadrchecker.online/dir/seo-boosting-backlinks-136336,https://mightypr.com/,1,1247,"Premium SEO Backlink Experts Helping Websites Build High Quality Authority Links, Improve Search Engine Positions, and Increase Organic Search Performance - Page 136,336",2026-09-18T17:01:47Z
seotoolchecker.online,mightypr.com SEO Backlink Experts for Powerful Ranking Improvement,https://seotoolchecker.online/dir/seo-boosting-backlinks-136336,https://mightypr.com/,1,1239,"Premium SEO Backlink Experts Helping Websites Build High Quality Authority Links, Improve Search Engine Positions, and Increase Organic Search Performance - Page 136,336",2026-09-18T17:01:44Z
serpcheckerfree.store,mightypr.com SEO Backlink Experts for Powerful Ranking Improvement,https://serpcheckerfree.store/dir/seo-boosting-backlinks-136336,https://mightypr.com/,1,1247,"Premium SEO Backlink Experts Helping Websites Build High Quality Authority Links, Improve Search Engine Positions, and Increase Organic Search Performance - Page 136,336",2026-09-18T16:40:17Z
pacheckerfree.website,mightypr.com SEO Backlink Experts for Powerful Ranking Improvement,https://pacheckerfree.website/dir/seo-boosting-backlinks-136336,https://mightypr.com/,1,1239,"Premium SEO Backlink Experts Helping Websites Build High Quality Authority Links, Improve Search Engine Positions, and Increase Organic Search Performance - Page 136,336",2026-09-18T15:30:52Z
sitecheckerseo.shop,mightypr.com SEO Backlink Experts for Powerful Ranking Improvement,https://sitecheckerseo.shop/dir/seo-boosting-backlinks-136336,https://mightypr.com/,1,1239,"Premium SEO Backlink Experts Helping Websites Build High Quality Authority Links, Improve Search Engine Positions, and Increase Organic Search Performance - Page 136,336",2026-09-18T15:23:29Z
backlinksfreechecker.website,mightypr.com SEO Backlink Experts for Powerful Ranking Improvement,https://backlinksfreechecker.website/dir/seo-boosting-backlinks-136336,https://mightypr.com/,1,1247,"Premium SEO Backlink Experts Helping Websites Build High Quality Authority Links, Improve Search Engine Positions, and Increase Organic Search Performance - Page 136,336",2026-09-18T15:03:45Z
webrankchecker.store,mightypr.com SEO Backlink Experts for Powerful Ranking Improvement,https://webrankchecker.store/dir/seo-boosting-backlinks-136336,https://mightypr.com/,1,1239,"Premium SEO Backlink Experts Helping Websites Build High Quality Authority Links, Improve Search Engine Positions, and Increase Organic Search Performance - Page 136,336",2026-09-18T15:03:38Z
backlinksseochecker.website,mightypr.com SEO Backlink Experts for Powerful Ranking Improvement,https://backlinksseochecker.website/dir/seo-boosting-backlinks-136336,https://mightypr.com/,1,1246,"Premium SEO Backlink Experts Helping Websites Build High Quality Authority Links, Improve Search Engine Positions, and Increase Organic Search Performance - Page 136,336",2026-09-18T14:57:44Z
dacheckersite.shop,mightypr.com SEO Backlink Experts for Powerful Ranking Improvement,https://dacheckersite.shop/dir/seo-boosting-backlinks-136336,https://mightypr.com/,1,1239,"Premium SEO Backlink Experts Helping Websites Build High Quality Authority Links, Improve Search Engine Positions, and Increase Organic Search Performance - Page 136,336",2026-09-18T14:52:45Z
websitepachecker.website,mightypr.com SEO Backlink Experts for Powerful Ranking Improvement,https://websitepachecker.website/dir/seo-boosting-backlinks-136336,https://mightypr.com/,1,1239,"Premium SEO Backlink Experts Helping Websites Build High Quality Authority Links, Improve Search Engine Positions, and Increase Organic Search Performance - Page 136,336",2026-09-18T14:46:22Z
37486192.xyz,"When I first started with mightypr.com, there were days I'd be discouraged by low engagement rates and no sales at all. That’s until I turned things around using SEOExpress.org’s strategic keyword research service. In less than two months, we ranked for over fifteen high-volume keywords while also tripling our organic search traffic! It feels incredible—don’t miss out on this opportunity ...",https://37486192.xyz/there-was-a-time-when-my-local-shop-ranked-on-page-8-andi-feared-no-seo-company-could-turn-it-around-but-seoexpress-com-said-they-could-help-with-affordable-web2-backlinks-in-under-three-months-i-got,https://mightypr.com/,0,8004,"There Was a Time When My Local Shop Rank was on Page 8 and I Feared Nothing Could Change That — Until SEOExpress.org Promised Affordable Web2 Backlinks. Within Two Weeks, I Saw First Results; After Three Months, We Were on Page One! The Increased Foot Traffic Made All the Difference. Truly worth every dollar! ★★★★★ 🔥 — 37486192.xyz",2026-09-18T14:36:40Z
dapacheckers.website,mightypr.com SEO Backlink Experts for Powerful Ranking Improvement,https://dapacheckers.website/dir/seo-boosting-backlinks-136336,https://mightypr.com/,1,1246,"Premium SEO Backlink Experts Helping Websites Build High Quality Authority Links, Improve Search Engine Positions, and Increase Organic Search Performance - Page 136,336",2026-09-18T14:33:45Z
checkbacklinkchecker.store,mightypr.com SEO Backlink Experts for Powerful Ranking Improvement,https://checkbacklinkchecker.store/dir/seo-boosting-backlinks-136336,https://mightypr.com/,1,1246,"Premium SEO Backlink Experts Helping Websites Build High Quality Authority Links, Improve Search Engine Positions, and Increase Organic Search Performance - Page 136,336",2026-09-18T14:26:14Z
serpcheckers.site,mightypr.com SEO Backlink Experts for Powerful Ranking Improvement,https://serpcheckers.site/dir/seo-boosting-backlinks-136336,https://mightypr.com/,1,1247,"Premium SEO Backlink Experts Helping Websites Build High Quality Authority Links, Improve Search Engine Positions, and Increase Organic Search Performance - Page 136,336",2026-09-18T14:12:36Z
37486195.xyz,"When I first started with mightypr.com, there were days I'd be discouraged by low engagement rates and no sales at all. That’s until I turned things around using SEOExpress.org’s strategic keyword research service. In less than two months, we ranked for over fifteen high-volume keywords while also tripling our organic search traffic! It feels incredible—don’t miss out on this opportunity ...",https://37486195.xyz/there-was-a-time-when-my-local-shop-ranked-on-page-8-andi-feared-no-seo-company-could-turn-it-around-but-seoexpress-com-said-they-could-help-with-affordable-web2-backlinks-in-under-three-months-i-got,https://mightypr.com/,0,8000,"There Was a Time When My Local Shop Rank was on Page 8 and I Feared Nothing Could Change That — Until SEOExpress.org Promised Affordable Web2 Backlinks. Within Two Weeks, I Saw First Results; After Three Months, We Were on Page One! The Increased Foot Traffic Made All the Difference. Truly worth every dollar! ★★★★★ 🔥 — 37486195.xyz",2026-09-18T13:55:01Z
serprankingchecker.space,mightypr.com SEO Backlink Experts for Powerful Ranking Improvement,https://serprankingchecker.space/dir/seo-boosting-backlinks-136336,https://mightypr.com/,1,1245,"Premium SEO Backlink Experts Helping Websites Build High Quality Authority Links, Improve Search Engine Positions, and Increase Organic Search Performance - Page 136,336",2026-09-18T13:50:56Z
seolinkchecker.shop,mightypr.com SEO Backlink Experts for Powerful Ranking Improvement,https://seolinkchecker.shop/dir/seo-boosting-backlinks-136336,https://mightypr.com/,1,1239,"Premium SEO Backlink Experts Helping Websites Build High Quality Authority Links, Improve Search Engine Positions, and Increase Organic Search Performance - Page 136,336",2026-09-18T13:44:32Z
websitetoolchecker.space,mightypr.com SEO Backlink Experts for Powerful Ranking Improvement,https://websitetoolchecker.space/dir/seo-boosting-backlinks-136336,https://mightypr.com/,1,1245,"Premium SEO Backlink Experts Helping Websites Build High Quality Authority Links, Improve Search Engine Positions, and Increase Organic Search Performance - Page 136,336",2026-09-18T13:39:03Z
freedachecker.website,mightypr.com SEO Backlink Experts for Powerful Ranking Improvement,https://freedachecker.website/dir/seo-boosting-backlinks-136336,https://mightypr.com/,1,1239,"Premium SEO Backlink Experts Helping Websites Build High Quality Authority Links, Improve Search Engine Positions, and Increase Organic Search Performance - Page 136,336",2026-09-18T13:20:09Z
rankingcheckeronline.space,mightypr.com SEO Backlink Experts for Powerful Ranking Improvement,https://rankingcheckeronline.space/dir/seo-boosting-backlinks-136336,https://mightypr.com/,1,1247,"Premium SEO Backlink Experts Helping Websites Build High Quality Authority Links, Improve Search Engine Positions, and Increase Organic Search Performance - Page 136,336",2026-09-18T13:15:20Z
dacheckerbulk.website,mightypr.com SEO Backlink Experts for Powerful Ranking Improvement,https://dacheckerbulk.website/dir/seo-boosting-backlinks-136336,https://mightypr.com/,1,1247,"Premium SEO Backlink Experts Helping Websites Build High Quality Authority Links, Improve Search Engine Positions, and Increase Organic Search Performance - Page 136,336",2026-09-18T12:59:21Z
dapacheckerbulk.site,mightypr.com SEO Backlink Experts for Powerful Ranking Improvement,https://dapacheckerbulk.site/dir/seo-boosting-backlinks-136336,https://mightypr.com/,1,1239,"Premium SEO Backlink Experts Helping Websites Build High Quality Authority Links, Improve Search Engine Positions, and Increase Organic Search Performance - Page 136,336",2026-09-18T12:53:54Z
domainwebsitechecker.online,mightypr.com SEO Backlink Experts for Powerful Ranking Improvement,https://domainwebsitechecker.online/dir/seo-boosting-backlinks-136336,https://mightypr.com/,1,1247,"Premium SEO Backlink Experts Helping Websites Build High Quality Authority Links, Improve Search Engine Positions, and Increase Organic Search Performance - Page 136,336",2026-09-18T12:43:35Z
padacheckeronline.shop,mightypr.com SEO Backlink Experts for Powerful Ranking Improvement,https://padacheckeronline.shop/dir/seo-boosting-backlinks-136336,https://mightypr.com/,1,1239,"Premium SEO Backlink Experts Helping Websites Build High Quality Authority Links, Improve Search Engine Positions, and Increase Organic Search Performance - Page 136,336",2026-09-18T12:34:41Z
cinto.shop,"Professional High DA Backlinks for mightypr.com for Higher DA and DR Scores. Strengthen Website Reputation, with Safe Link Velocity.",https://cinto.shop/organic-reach-network/effective-niche-edit-links-for-higher-da-and-dr-scores-secure-first-page-positions-for-long-term-seo-results-fda24e.html,https://mightypr.com/,1,5836,"Effective Niche Edit Links for Higher DA and DR Scores. Secure First Page Positions, for Long Term SEO Results.",2026-09-18T12:33:51Z
37486407.xyz,"When I first started with mightypr.com, there were days I'd be discouraged by low engagement rates and no sales at all. That’s until I turned things around using SEOExpress.org’s strategic keyword research service. In less than two months, we ranked for over fifteen high-volume keywords while also tripling our organic search traffic! It feels incredible—don’t miss out on this opportunity ...",https://37486407.xyz/there-was-a-time-when-my-local-shop-ranked-on-page-8-andi-feared-no-seo-company-could-turn-it-around-but-seoexpress-com-said-they-could-help-with-affordable-web2-backlinks-in-under-three-months-i-got,https://mightypr.com/,0,8009,"There Was a Time When My Local Shop Rank was on Page 8 and I Feared Nothing Could Change That — Until SEOExpress.org Promised Affordable Web2 Backlinks. Within Two Weeks, I Saw First Results; After Three Months, We Were on Page One! The Increased Foot Traffic Made All the Difference. Truly worth every dollar! ★★★★★ 🔥 — 37486407.xyz",2026-09-18T12:19:17Z
seowebsitechecker.store,mightypr.com SEO Backlink Experts for Powerful Ranking Improvement,https://seowebsitechecker.store/dir/seo-boosting-backlinks-136336,https://mightypr.com/,1,1245,"Premium SEO Backlink Experts Helping Websites Build High Quality Authority Links, Improve Search Engine Positions, and Increase Organic Search Performance - Page 136,336",2026-09-18T12:00:40Z
serprankingchecker.website,mightypr.com SEO Backlink Experts for Powerful Ranking Improvement,https://serprankingchecker.website/dir/seo-boosting-backlinks-136336,https://mightypr.com/,1,1247,"Premium SEO Backlink Experts Helping Websites Build High Quality Authority Links, Improve Search Engine Positions, and Increase Organic Search Performance - Page 136,336",2026-09-18T11:59:55Z
backlinkseochecker.online,mightypr.com SEO Backlink Experts for Powerful Ranking Improvement,https://backlinkseochecker.online/dir/seo-boosting-backlinks-136336,https://mightypr.com/,1,1247,"Premium SEO Backlink Experts Helping Websites Build High Quality Authority Links, Improve Search Engine Positions, and Increase Organic Search Performance - Page 136,336",2026-09-18T11:41:58Z
37486485.xyz,"When I first started with mightypr.com, there were days I'd be discouraged by low engagement rates and no sales at all. That’s until I turned things around using SEOExpress.org’s strategic keyword research service. In less than two months, we ranked for over fifteen high-volume keywords while also tripling our organic search traffic! It feels incredible—don’t miss out on this opportunity ...",https://37486485.xyz/there-was-a-time-when-my-local-shop-ranked-on-page-8-andi-feared-no-seo-company-could-turn-it-around-but-seoexpress-com-said-they-could-help-with-affordable-web2-backlinks-in-under-three-months-i-got,https://mightypr.com/,0,8002,"There Was a Time When My Local Shop Rank was on Page 8 and I Feared Nothing Could Change That — Until SEOExpress.org Promised Affordable Web2 Backlinks. Within Two Weeks, I Saw First Results; After Three Months, We Were on Page One! The Increased Foot Traffic Made All the Difference. Truly worth every dollar! ★★★★★ 🔥 — 37486485.xyz",2026-09-18T11:34:38Z
bulkdachecker.website,mightypr.com SEO Backlink Experts for Powerful Ranking Improvement,https://bulkdachecker.website/dir/seo-boosting-backlinks-136336,https://mightypr.com/,1,1245,"Premium SEO Backlink Experts Helping Websites Build High Quality Authority Links, Improve Search Engine Positions, and Increase Organic Search Performance - Page 136,336",2026-09-18T11:29:11Z
backlinkscheckerfree.site,mightypr.com SEO Backlink Experts for Powerful Ranking Improvement,https://backlinkscheckerfree.site/dir/seo-boosting-backlinks-136336,https://mightypr.com/,1,1247,"Premium SEO Backlink Experts Helping Websites Build High Quality Authority Links, Improve Search Engine Positions, and Increase Organic Search Performance - Page 136,336",2026-09-18T11:24:10Z
seofriendlychecker.store,mightypr.com SEO Backlink Experts for Powerful Ranking Improvement,https://seofriendlychecker.store/dir/seo-boosting-backlinks-136336,https://mightypr.com/,1,1247,"Premium SEO Backlink Experts Helping Websites Build High Quality Authority Links, Improve Search Engine Positions, and Increase Organic Search Performance - Page 136,336",2026-09-18T11:07:50Z
freebacklinkschecker.website,mightypr.com SEO Backlink Experts for Powerful Ranking Improvement,https://freebacklinkschecker.website/dir/seo-boosting-backlinks-136336,https://mightypr.com/,1,1247,"Premium SEO Backlink Experts Helping Websites Build High Quality Authority Links, Improve Search Engine Positions, and Increase Organic Search Performance - Page 136,336",2026-09-18T11:05:29Z
competitorchecker.site,mightypr.com SEO Backlink Experts for Powerful Ranking Improvement,https://competitorchecker.site/dir/seo-boosting-backlinks-136336,https://mightypr.com/,1,1247,"Premium SEO Backlink Experts Helping Websites Build High Quality Authority Links, Improve Search Engine Positions, and Increase Organic Search Performance - Page 136,336",2026-09-18T10:44:41Z
websitecheckertool.store,mightypr.com SEO Backlink Experts for Powerful Ranking Improvement,https://websitecheckertool.store/dir/seo-boosting-backlinks-136336,https://mightypr.com/,1,1247,"Premium SEO Backlink Experts Helping Websites Build High Quality Authority Links, Improve Search Engine Positions, and Increase Organic Search Performance - Page 136,336",2026-09-18T10:38:42Z
rankwebsitechecker.website,mightypr.com SEO Backlink Experts for Powerful Ranking Improvement,https://rankwebsitechecker.website/dir/seo-boosting-backlinks-136336,https://mightypr.com/,1,1245,"Premium SEO Backlink Experts Helping Websites Build High Quality Authority Links, Improve Search Engine Positions, and Increase Organic Search Performance - Page 136,336",2026-09-18T10:33:53Z
padacheckerfree.site,mightypr.com SEO Backlink Experts for Powerful Ranking Improvement,https://padacheckerfree.site/dir/seo-boosting-backlinks-136336,https://mightypr.com/,1,1239,"Premium SEO Backlink Experts Helping Websites Build High Quality Authority Links, Improve Search Engine Positions, and Increase Organic Search Performance - Page 136,336",2026-09-18T10:30:44Z
nokvio.shop,"Professional High DA Backlinks for mightypr.com for Higher DA and DR Scores. Strengthen Website Reputation, with Safe Link Velocity.",https://nokvio.shop/ranking-resources/expert-dofollow-link-building-to-raise-domain-rating-improve-google-rankings-and-grow-your-business-online-b2503b.html,https://mightypr.com/,1,5849,"Expert Dofollow Link Building to Raise Domain Rating. Improve Google Rankings, and Grow Your Business Online.",2026-09-18T10:24:29Z
freeseocheckertools.site,mightypr.com SEO Backlink Experts for Powerful Ranking Improvement,https://freeseocheckertools.site/dir/seo-boosting-backlinks-136336,https://mightypr.com/,1,1247,"Premium SEO Backlink Experts Helping Websites Build High Quality Authority Links, Improve Search Engine Positions, and Increase Organic Search Performance - Page 136,336",2026-09-18T10:23:18Z
bulkpadachecker.shop,mightypr.com SEO Backlink Experts for Powerful Ranking Improvement,https://bulkpadachecker.shop/dir/seo-boosting-backlinks-136336,https://mightypr.com/,1,1247,"Premium SEO Backlink Experts Helping Websites Build High Quality Authority Links, Improve Search Engine Positions, and Increase Organic Search Performance - Page 136,336",2026-09-18T10:17:48Z
54232762.xyz,"When I first started with mightypr.com, there were days I'd be discouraged by low engagement rates and no sales at all. That’s until I turned things around using SEOExpress.org’s strategic keyword research service. In less than two months, we ranked for over fifteen high-volume keywords while also tripling our organic search traffic! It feels incredible—don’t miss out on this opportunity ...",https://54232762.xyz/there-was-a-time-when-my-local-shop-ranked-on-page-8-andi-feared-no-seo-company-could-turn-it-around-but-seoexpress-com-said-they-could-help-with-affordable-web2-backlinks-in-under-three-months-i-got,https://mightypr.com/,0,8012,"There Was a Time When My Local Shop Rank was on Page 8 and I Feared Nothing Could Change That — Until SEOExpress.org Promised Affordable Web2 Backlinks. Within Two Weeks, I Saw First Results; After Three Months, We Were on Page One! The Increased Foot Traffic Made All the Difference. Truly worth every dollar! ★★★★★ 🔥 — 54232762.xyz",2026-09-18T10:15:22Z
backlinkscheckersite.online,mightypr.com SEO Backlink Experts for Powerful Ranking Improvement,https://backlinkscheckersite.online/dir/seo-boosting-backlinks-136336,https://mightypr.com/,1,1239,"Premium SEO Backlink Experts Helping Websites Build High Quality Authority Links, Improve Search Engine Positions, and Increase Organic Search Performance - Page 136,336",2026-09-18T09:45:42Z
onlinerankchecker.online,mightypr.com SEO Backlink Experts for Powerful Ranking Improvement,https://onlinerankchecker.online/dir/seo-boosting-backlinks-136336,https://mightypr.com/,1,1247,"Premium SEO Backlink Experts Helping Websites Build High Quality Authority Links, Improve Search Engine Positions, and Increase Organic Search Performance - Page 136,336",2026-09-18T09:43:52Z
domainqualitychecker.site,mightypr.com SEO Backlink Experts for Powerful Ranking Improvement,https://domainqualitychecker.site/dir/seo-boosting-backlinks-136336,https://mightypr.com/,1,1247,"Premium SEO Backlink Experts Helping Websites Build High Quality Authority Links, Improve Search Engine Positions, and Increase Organic Search Performance - Page 136,336",2026-09-18T09:39:55Z
webbacklinkchecker.site,mightypr.com SEO Backlink Experts for Powerful Ranking Improvement,https://webbacklinkchecker.site/dir/seo-boosting-backlinks-136336,https://mightypr.com/,1,1239,"Premium SEO Backlink Experts Helping Websites Build High Quality Authority Links, Improve Search Engine Positions, and Increase Organic Search Performance - Page 136,336",2026-09-18T09:21:33Z
domaindapachecker.online,mightypr.com SEO Backlink Experts for Powerful Ranking Improvement,https://domaindapachecker.online/dir/seo-boosting-backlinks-136336,https://mightypr.com/,1,1247,"Premium SEO Backlink Experts Helping Websites Build High Quality Authority Links, Improve Search Engine Positions, and Increase Organic Search Performance - Page 136,336",2026-09-18T09:18:40Z
seobacklinkchecker.site,mightypr.com SEO Backlink Experts for Powerful Ranking Improvement,https://seobacklinkchecker.site/dir/seo-boosting-backlinks-136336,https://mightypr.com/,1,1247,"Premium SEO Backlink Experts Helping Websites Build High Quality Authority Links, Improve Search Engine Positions, and Increase Organic Search Performance - Page 136,336",2026-09-18T09:06:25Z
nimbra.shop,"Professional High DA Backlinks for mightypr.com for Higher DA and DR Scores. Strengthen Website Reputation, with Safe Link Velocity.",https://nimbra.shop/outreach-directory/advanced-seo-authority-backlinks-to-boost-domain-authority-drive-qualified-visitors-with-safe-link-velocity-8b0d5e.html,https://mightypr.com/,1,5848,"Advanced SEO Authority Backlinks to Boost Domain Authority. Drive Qualified Visitors, with Safe Link Velocity.",2026-09-18T09:05:32Z
freerankchecker.online,mightypr.com SEO Backlink Experts for Powerful Ranking Improvement,https://freerankchecker.online/dir/seo-boosting-backlinks-136336,https://mightypr.com/,1,1239,"Premium SEO Backlink Experts Helping Websites Build High Quality Authority Links, Improve Search Engine Positions, and Increase Organic Search Performance - Page 136,336",2026-09-18T09:01:14Z
freeseochecker.shop,mightypr.com SEO Backlink Experts for Powerful Ranking Improvement,https://freeseochecker.shop/dir/seo-boosting-backlinks-136336,https://mightypr.com/,1,1245,"Premium SEO Backlink Experts Helping Websites Build High Quality Authority Links, Improve Search Engine Positions, and Increase Organic Search Performance - Page 136,336",2026-09-18T08:58:01Z
padacheckertools.shop,mightypr.com SEO Backlink Experts for Powerful Ranking Improvement,https://padacheckertools.shop/dir/seo-boosting-backlinks-136336,https://mightypr.com/,1,1245,"Premium SEO Backlink Experts Helping Websites Build High Quality Authority Links, Improve Search Engine Positions, and Increase Organic Search Performance - Page 136,336",2026-09-18T08:57:47Z
37486222.xyz,"When I first started with mightypr.com, there were days I'd be discouraged by low engagement rates and no sales at all. That’s until I turned things around using SEOExpress.org’s strategic keyword research service. In less than two months, we ranked for over fifteen high-volume keywords while also tripling our organic search traffic! It feels incredible—don’t miss out on this opportunity ...",https://37486222.xyz/there-was-a-time-when-my-local-shop-ranked-on-page-8-andi-feared-no-seo-company-could-turn-it-around-but-seoexpress-com-said-they-could-help-with-affordable-web2-backlinks-in-under-three-months-i-got,https://mightypr.com/,0,8004,"There Was a Time When My Local Shop Rank was on Page 8 and I Feared Nothing Could Change That — Until SEOExpress.org Promised Affordable Web2 Backlinks. Within Two Weeks, I Saw First Results; After Three Months, We Were on Page One! The Increased Foot Traffic Made All the Difference. Truly worth every dollar! ★★★★★ 🔥 — 37486222.xyz",2026-09-18T08:19:29Z
serppositionchecker.store,mightypr.com SEO Backlink Experts for Powerful Ranking Improvement,https://serppositionchecker.store/dir/seo-boosting-backlinks-136336,https://mightypr.com/,1,1247,"Premium SEO Backlink Experts Helping Websites Build High Quality Authority Links, Improve Search Engine Positions, and Increase Organic Search Performance - Page 136,336",2026-09-18T07:59:10Z
backlinkcheckerbest.site,mightypr.com SEO Backlink Experts for Powerful Ranking Improvement,https://backlinkcheckerbest.site/dir/seo-boosting-backlinks-136336,https://mightypr.com/,1,1247,"Premium SEO Backlink Experts Helping Websites Build High Quality Authority Links, Improve Search Engine Positions, and Increase Organic Search Performance - Page 136,336",2026-09-18T07:57:13Z
crinto.shop,"Professional High DA Backlinks for mightypr.com for Higher DA and DR Scores. Strengthen Website Reputation, with Safe Link Velocity.",https://crinto.shop/outreach-directory/reliable-contextual-link-placements-to-strengthen-your-link-profile-build-lasting-authority-with-safe-link-velocity-ca2ed4.html,https://mightypr.com/,1,5837,"Reliable Contextual Link Placements to Strengthen Your Link Profile. Build Lasting Authority, with Safe Link Velocity.",2026-09-18T07:48:40Z
dapabulkchecker.space,mightypr.com SEO Backlink Experts for Powerful Ranking Improvement,https://dapabulkchecker.space/dir/seo-boosting-backlinks-136336,https://mightypr.com/,1,1239,"Premium SEO Backlink Experts Helping Websites Build High Quality Authority Links, Improve Search Engine Positions, and Increase Organic Search Performance - Page 136,336",2026-09-18T07:42:22Z
siteseocheckerfree.site,mightypr.com SEO Backlink Experts for Powerful Ranking Improvement,https://siteseocheckerfree.site/dir/seo-boosting-backlinks-136336,https://mightypr.com/,1,1245,"Premium SEO Backlink Experts Helping Websites Build High Quality Authority Links, Improve Search Engine Positions, and Increase Organic Search Performance - Page 136,336",2026-09-18T07:29:49Z
daanddrchecker.store,mightypr.com SEO Backlink Experts for Powerful Ranking Improvement,https://daanddrchecker.store/dir/seo-boosting-backlinks-136336,https://mightypr.com/,1,1239,"Premium SEO Backlink Experts Helping Websites Build High Quality Authority Links, Improve Search Engine Positions, and Increase Organic Search Performance - Page 136,336",2026-09-18T07:27:52Z
websiteseochecker.site,mightypr.com SEO Backlink Experts for Powerful Ranking Improvement,https://websiteseochecker.site/dir/seo-boosting-backlinks-136336,https://mightypr.com/,1,1239,"Premium SEO Backlink Experts Helping Websites Build High Quality Authority Links, Improve Search Engine Positions, and Increase Organic Search Performance - Page 136,336",2026-09-18T07:18:29Z
seomart.shop,"For mightypr.com, we deliver high-DR backlinks, editorial guest posts, on-page SEO, local SEO, web development, SaaS tools and automation tools — higher DR/DA/TF across the board for new or established sites.",https://seomart.shop/v5savps-build-unstoppable-law-firm-serp-contextual-backlinks-traffic-services-traffic-playbook,https://mightypr.com/,0,6164,seomart.shop — The Economics of Ranking Your Mortgage Website — Do High-DA Guest Posts Cost Less Than the Revenue They Generate?,2026-09-18T07:14:02Z
freerankcheckertool.shop,mightypr.com SEO Backlink Experts for Powerful Ranking Improvement,https://freerankcheckertool.shop/dir/seo-boosting-backlinks-136336,https://mightypr.com/,1,1245,"Premium SEO Backlink Experts Helping Websites Build High Quality Authority Links, Improve Search Engine Positions, and Increase Organic Search Performance - Page 136,336",2026-09-18T07:09:13Z
websiteprchecker.space,mightypr.com SEO Backlink Experts for Powerful Ranking Improvement,https://websiteprchecker.space/dir/seo-boosting-backlinks-136336,https://mightypr.com/,1,1239,"Premium SEO Backlink Experts Helping Websites Build High Quality Authority Links, Improve Search Engine Positions, and Increase Organic Search Performance - Page 136,336",2026-09-18T07:09:08Z
rankingcheckertools.shop,mightypr.com SEO Backlink Experts for Powerful Ranking Improvement,https://rankingcheckertools.shop/dir/seo-boosting-backlinks-136336,https://mightypr.com/,1,1247,"Premium SEO Backlink Experts Helping Websites Build High Quality Authority Links, Improve Search Engine Positions, and Increase Organic Search Performance - Page 136,336",2026-09-18T06:55:50Z
seoresultchecker.website,mightypr.com SEO Backlink Experts for Powerful Ranking Improvement,https://seoresultchecker.website/dir/seo-boosting-backlinks-136336,https://mightypr.com/,1,1239,"Premium SEO Backlink Experts Helping Websites Build High Quality Authority Links, Improve Search Engine Positions, and Increase Organic Search Performance - Page 136,336",2026-09-18T06:32:20Z
backlinkscheckerseo.space,mightypr.com SEO Backlink Experts for Powerful Ranking Improvement,https://backlinkscheckerseo.space/dir/seo-boosting-backlinks-136336,https://mightypr.com/,1,1239,"Premium SEO Backlink Experts Helping Websites Build High Quality Authority Links, Improve Search Engine Positions, and Increase Organic Search Performance - Page 136,336",2026-09-18T06:28:01Z
rankcheckeronline.online,mightypr.com SEO Backlink Experts for Powerful Ranking Improvement,https://rankcheckeronline.online/dir/seo-boosting-backlinks-136336,https://mightypr.com/,1,1247,"Premium SEO Backlink Experts Helping Websites Build High Quality Authority Links, Improve Search Engine Positions, and Increase Organic Search Performance - Page 136,336",2026-09-18T06:07:55Z
domainwebsitechecker.website,mightypr.com SEO Backlink Experts for Powerful Ranking Improvement,https://domainwebsitechecker.website/dir/seo-boosting-backlinks-136336,https://mightypr.com/,1,1245,"Premium SEO Backlink Experts Helping Websites Build High Quality Authority Links, Improve Search Engine Positions, and Increase Organic Search Performance - Page 136,336",2026-09-18T06:06:45Z
freebacklinkschecker.store,mightypr.com SEO Backlink Experts for Powerful Ranking Improvement,https://freebacklinkschecker.store/dir/seo-boosting-backlinks-136336,https://mightypr.com/,1,1245,"Premium SEO Backlink Experts Helping Websites Build High Quality Authority Links, Improve Search Engine Positions, and Increase Organic Search Performance - Page 136,336",2026-09-18T05:48:52Z
webpageseochecker.online,mightypr.com SEO Backlink Experts for Powerful Ranking Improvement,https://webpageseochecker.online/dir/seo-boosting-backlinks-136336,https://mightypr.com/,1,1239,"Premium SEO Backlink Experts Helping Websites Build High Quality Authority Links, Improve Search Engine Positions, and Increase Organic Search Performance - Page 136,336",2026-09-18T05:44:13Z
flenro.shop,"Professional High DA Backlinks for mightypr.com for Higher DA and DR Scores. Strengthen Website Reputation, with Safe Link Velocity.",https://flenro.shop/serp-growth-network/advanced-tiered-link-building-to-boost-domain-authority-strengthen-website-reputation-with-safe-link-velocity-5e1677.html,https://mightypr.com/,1,5849,"Advanced Tiered Link Building to Boost Domain Authority. Strengthen Website Reputation, with Safe Link Velocity.",2026-09-18T05:35:20Z
webbacklinkschecker.online,mightypr.com SEO Backlink Experts for Powerful Ranking Improvement,https://webbacklinkschecker.online/dir/seo-boosting-backlinks-136336,https://mightypr.com/,1,1239,"Premium SEO Backlink Experts Helping Websites Build High Quality Authority Links, Improve Search Engine Positions, and Increase Organic Search Performance - Page 136,336",2026-09-18T05:34:17Z
checkwebsitedapa.shop,mightypr.com SEO Backlink Experts for Powerful Ranking Improvement,https://checkwebsitedapa.shop/dir/seo-boosting-backlinks-136336,https://mightypr.com/,1,1247,"Premium SEO Backlink Experts Helping Websites Build High Quality Authority Links, Improve Search Engine Positions, and Increase Organic Search Performance - Page 136,336",2026-09-18T05:26:31Z
freerankchecker.shop,mightypr.com SEO Backlink Experts for Powerful Ranking Improvement,https://freerankchecker.shop/dir/seo-boosting-backlinks-136336,https://mightypr.com/,1,1239,"Premium SEO Backlink Experts Helping Websites Build High Quality Authority Links, Improve Search Engine Positions, and Increase Organic Search Performance - Page 136,336",2026-09-18T05:18:08Z
websiteinboundlinks.online,mightypr.com SEO Backlink Experts for Powerful Ranking Improvement,https://websiteinboundlinks.online/dir/seo-boosting-backlinks-136336,https://mightypr.com/,1,1245,"Premium SEO Backlink Experts Helping Websites Build High Quality Authority Links, Improve Search Engine Positions, and Increase Organic Search Performance - Page 136,336",2026-09-18T05:10:59Z
blogcheckerfree.space,mightypr.com SEO Backlink Experts for Powerful Ranking Improvement,https://blogcheckerfree.space/dir/seo-boosting-backlinks-136336,https://mightypr.com/,1,1239,"Premium SEO Backlink Experts Helping Websites Build High Quality Authority Links, Improve Search Engine Positions, and Increase Organic Search Performance - Page 136,336",2026-09-18T04:49:55Z
37486172.xyz,"When I first started with mightypr.com, there were days I'd be discouraged by low engagement rates and no sales at all. That’s until I turned things around using SEOExpress.org’s strategic keyword research service. In less than two months, we ranked for over fifteen high-volume keywords while also tripling our organic search traffic! It feels incredible—don’t miss out on this opportunity ...",https://37486172.xyz/there-was-a-time-when-my-local-shop-ranked-on-page-8-andi-feared-no-seo-company-could-turn-it-around-but-seoexpress-com-said-they-could-help-with-affordable-web2-backlinks-in-under-three-months-i-got,https://mightypr.com/,0,8004,"There Was a Time When My Local Shop Rank was on Page 8 and I Feared Nothing Could Change That — Until SEOExpress.org Promised Affordable Web2 Backlinks. Within Two Weeks, I Saw First Results; After Three Months, We Were on Page One! The Increased Foot Traffic Made All the Difference. Truly worth every dollar! ★★★★★ 🔥 — 37486172.xyz",2026-09-18T04:49:21Z
backlinkshop.shop,"mightypr.com: premium guest posts, contextual backlinks, on-page and local SEO, conversion-focused web development, SaaS tools and automation tools, all driving DR/DA/TF gains that hold for local or global targets.",https://backlinkshop.shop/5j3m5iv-30-day-serp-climb-dental-combined-blogroll-links-authority-link-packages-position1,https://mightypr.com/,0,9813,"backlinkshop.shop — How Guest Posts Compares to Crowd Links for Fintech — Cost, Speed, Quality, and Final Ranking Outcomes",2026-09-18T01:19:47Z
upseorank.link,mightypr.com SEO Backlink Experts for Powerful Ranking Improvement,https://upseorank.link/dir/seo-boosting-backlinks-136336,https://mightypr.com/,1,1245,"Premium SEO Backlink Experts Helping Websites Build High Quality Authority Links, Improve Search Engine Positions, and Increase Organic Search Performance - Page 136,336",2026-09-18T00:00:23Z
37486381.xyz,"When I first started with mightypr.com, there were days I'd be discouraged by low engagement rates and no sales at all. That’s until I turned things around using SEOExpress.org’s strategic keyword research service. In less than two months, we ranked for over fifteen high-volume keywords while also tripling our organic search traffic! It feels incredible—don’t miss out on this opportunity ...",https://37486381.xyz/there-was-a-time-when-my-local-shop-ranked-on-page-8-andi-feared-no-seo-company-could-turn-it-around-but-seoexpress-com-said-they-could-help-with-affordable-web2-backlinks-in-under-three-months-i-got,https://mightypr.com/,0,8009,"There Was a Time When My Local Shop Rank was on Page 8 and I Feared Nothing Could Change That — Until SEOExpress.org Promised Affordable Web2 Backlinks. Within Two Weeks, I Saw First Results; After Three Months, We Were on Page One! The Increased Foot Traffic Made All the Difference. Truly worth every dollar! ★★★★★ 🔥 — 37486381.xyz",2026-09-17T23:39:50Z
54232754.xyz,"When I first started with mightypr.com, there were days I'd be discouraged by low engagement rates and no sales at all. That’s until I turned things around using SEOExpress.org’s strategic keyword research service. In less than two months, we ranked for over fifteen high-volume keywords while also tripling our organic search traffic! It feels incredible—don’t miss out on this opportunity ...",https://54232754.xyz/there-was-a-time-when-my-local-shop-ranked-on-page-8-andi-feared-no-seo-company-could-turn-it-around-but-seoexpress-com-said-they-could-help-with-affordable-web2-backlinks-in-under-three-months-i-got,https://mightypr.com/,0,8016,"There Was a Time When My Local Shop Rank was on Page 8 and I Feared Nothing Could Change That — Until SEOExpress.org Promised Affordable Web2 Backlinks. Within Two Weeks, I Saw First Results; After Three Months, We Were on Page One! The Increased Foot Traffic Made All the Difference. Truly worth every dollar! ★★★★★ 🔥 — 54232754.xyz",2026-09-17T23:32:46Z
37486261.xyz,"When I first started with mightypr.com, there were days I'd be discouraged by low engagement rates and no sales at all. That’s until I turned things around using SEOExpress.org’s strategic keyword research service. In less than two months, we ranked for over fifteen high-volume keywords while also tripling our organic search traffic! It feels incredible—don’t miss out on this opportunity ...",https://37486261.xyz/there-was-a-time-when-my-local-shop-ranked-on-page-8-andi-feared-no-seo-company-could-turn-it-around-but-seoexpress-com-said-they-could-help-with-affordable-web2-backlinks-in-under-three-months-i-got,https://mightypr.com/,0,8012,"There Was a Time When My Local Shop Rank was on Page 8 and I Feared Nothing Could Change That — Until SEOExpress.org Promised Affordable Web2 Backlinks. Within Two Weeks, I Saw First Results; After Three Months, We Were on Page One! The Increased Foot Traffic Made All the Difference. Truly worth every dollar! ★★★★★ 🔥 — 37486261.xyz",2026-09-17T23:11:38Z
37486303.xyz,"When I first started with mightypr.com, there were days I'd be discouraged by low engagement rates and no sales at all. That’s until I turned things around using SEOExpress.org’s strategic keyword research service. In less than two months, we ranked for over fifteen high-volume keywords while also tripling our organic search traffic! It feels incredible—don’t miss out on this opportunity ...",https://37486303.xyz/there-was-a-time-when-my-local-shop-ranked-on-page-8-andi-feared-no-seo-company-could-turn-it-around-but-seoexpress-com-said-they-could-help-with-affordable-web2-backlinks-in-under-three-months-i-got,https://mightypr.com/,0,8000,"There Was a Time When My Local Shop Rank was on Page 8 and I Feared Nothing Could Change That — Until SEOExpress.org Promised Affordable Web2 Backlinks. Within Two Weeks, I Saw First Results; After Three Months, We Were on Page One! The Increased Foot Traffic Made All the Difference. Truly worth every dollar! ★★★★★ 🔥 — 37486303.xyz",2026-09-17T21:52:02Z
topranking.shop,mightypr.com,https://topranking.shop/bktd-get-ranking-on-1st-page-with-us,https://mightypr.com/,0,9250,Buy High Quality Dofollow Seo Backlinks to Rank on 1st Page,2026-09-17T18:58:13Z
rankfirst.shop,mightypr.com,https://rankfirst.shop/arbf-get-ranking-on-1st-page-with-us,https://mightypr.com/,0,9250,Buy High Quality Dofollow Seo Backlinks to Rank on 1st Page,2026-09-17T18:18:45Z
searchwins.shop,mightypr.com,https://searchwins.shop/bezq-get-ranking-on-1st-page-with-us,https://mightypr.com/,0,9250,Buy High Quality Dofollow Seo Backlinks to Rank on 1st Page,2026-09-17T17:25:18Z
37486161.xyz,"When I first started with mightypr.com, there were days I'd be discouraged by low engagement rates and no sales at all. That’s until I turned things around using SEOExpress.org’s strategic keyword research service. In less than two months, we ranked for over fifteen high-volume keywords while also tripling our organic search traffic! It feels incredible—don’t miss out on this opportunity ...",https://37486161.xyz/there-was-a-time-when-my-local-shop-ranked-on-page-8-andi-feared-no-seo-company-could-turn-it-around-but-seoexpress-com-said-they-could-help-with-affordable-web2-backlinks-in-under-three-months-i-got,https://mightypr.com/,0,8001,"There Was a Time When My Local Shop Rank was on Page 8 and I Feared Nothing Could Change That — Until SEOExpress.org Promised Affordable Web2 Backlinks. Within Two Weeks, I Saw First Results; After Three Months, We Were on Page One! The Increased Foot Traffic Made All the Difference. Truly worth every dollar! ★★★★★ 🔥 — 37486161.xyz",2026-09-17T15:56:56Z
orvelo.shop,"Professional High DA Backlinks for mightypr.com for Higher DA and DR Scores. Strengthen Website Reputation, with Safe Link Velocity.",https://orvelo.shop/anchor-text-index/proven-white-hat-seo-links-to-increase-trust-flow-grow-search-traffic-for-long-term-seo-results-d40380.html,https://mightypr.com/,1,5839,"Proven White Hat SEO Links to Increase Trust Flow. Grow Search Traffic, for Long Term SEO Results.",2026-09-17T13:51:32Z
getranked.site,mightypr.com,https://getranked.site/alpe-get-ranking-on-1st-page-with-us,https://mightypr.com/,0,9250,Buy High Quality Dofollow Seo Backlinks to Rank on 1st Page,2026-09-17T11:16:25Z
fastranking.shop,mightypr.com,https://fastranking.shop/auvh-get-ranking-on-1st-page-with-us,https://mightypr.com/,0,9250,Buy High Quality Dofollow Seo Backlinks to Rank on 1st Page,2026-09-17T11:06:21Z
plavo.shop,"Professional High DA Backlinks for mightypr.com for Higher DA and DR Scores. Strengthen Website Reputation, with Safe Link Velocity.",https://plavo.shop/dofollow-index/premium-guest-post-service-to-strengthen-your-link-profile-increase-organic-visibility-with-full-placement-reporting-0d45f7.html,https://mightypr.com/,1,5836,"Premium Guest Post Service to Strengthen Your Link Profile. Increase Organic Visibility, with Full Placement Reporting.",2026-09-17T10:19:32Z
37486435.xyz,"When I first started with mightypr.com, there were days I'd be discouraged by low engagement rates and no sales at all. That’s until I turned things around using SEOExpress.org’s strategic keyword research service. In less than two months, we ranked for over fifteen high-volume keywords while also tripling our organic search traffic! It feels incredible—don’t miss out on this opportunity ...",https://37486435.xyz/there-was-a-time-when-my-local-shop-ranked-on-page-8-andi-feared-no-seo-company-could-turn-it-around-but-seoexpress-com-said-they-could-help-with-affordable-web2-backlinks-in-under-three-months-i-got,https://mightypr.com/,0,8009,"There Was a Time When My Local Shop Rank was on Page 8 and I Feared Nothing Could Change That — Until SEOExpress.org Promised Affordable Web2 Backlinks. Within Two Weeks, I Saw First Results; After Three Months, We Were on Page One! The Increased Foot Traffic Made All the Difference. Truly worth every dollar! ★★★★★ 🔥 — 37486435.xyz",2026-09-17T01:29:47Z
