source_url,source_title,target_url,anchor,nofollow,external_num,page_ascore,first_seen,last_seen,sitewide,image,lostlink
https://pamto.shop/niche-relevance-hub/trusted-white-hat-seo-links-to-raise-domain-rating-secure-first-page-positions-with-full-placement-reporting-4a1a3a.html,"Trusted White Hat SEO Links to Raise Domain Rating. Secure First Page Positions, with Full Placement Reporting.",https://justdrivemedia.com/,"High Quality PBN Backlinks for justdrivemedia.com to Boost Domain Authority. Outrank Your Competitors, Across Every Niche and Market.",False,5000,0,1790687865,1790687865,False,False,False
https://cmocheatsheets.com/ranking-resources/high-quality-dofollow-link-building-designed-to-improve-da-dr-and-tf-outrank-your-competitors-with-full-placement-reporting-c65d0a.html,"High Quality Dofollow Link Building Designed to Improve DA, DR and TF. Outrank Your Competitors, with Full Placement Reporting.",https://justdrivemedia.com/,High Quality Dofollow Backlinks DA 50 PA 40 Premium PBN Network Service mightypr.com Rank First Page Google Fast SEO Link Building Buy Backlinks Online Cheap,False,3000,0,1790686065,1790686065,False,False,False
https://backlinkindia.com/dir/ethical-seo-backlinks-109933,"Premium SEO Link Building Services for Building Strong Website Backlinks, Improving Search Engine Authority, Increasing Rankings, and Growing Organic Visitors - Page 109,933",https://justdrivemedia.com/,justdrivemedia.com Premium Authority Backlinks for Better Search Visibility,False,1000,0,1790683530,1790683530,False,False,False
http://backlinkfreeseo.info/dir/seo-boosting-backlinks-136336,"Premium SEO Backlink Experts Helping Websites Build High Quality Authority Links, Improve Search Engine Positions, and Increase Organic Search Performance - Page 136,336",https://justdrivemedia.com/,mightypr.com SEO Backlink Experts for Powerful Ranking Improvement,False,1000,0,1790663402,1790663402,False,False,False
https://casinooftheking.com/organic-growth-links/high-quality-niche-edit-links-to-improve-citation-flow-outrank-your-competitors-for-long-term-seo-results-523a9b.html,"High Quality Niche Edit Links to Improve Citation Flow. Outrank Your Competitors, for Long Term SEO Results.",https://justdrivemedia.com/,High Quality Dofollow Backlinks DA 50 PA 40 Premium PBN Network Service justdrivemedia.com Rank First Page Google Fast SEO Link Building Buy Backlinks Online Cheap,False,3000,0,1790663297,1790663297,False,False,False
https://fletcherrld.com/all/1915/32.html,🏆🏆Boost your Google rankings with Premium PBN & Link Building🏆🏆,https://justdrivemedia.com/,High Quality Dofollow Backlinks DA 50 PA 40 Premium PBN Network Service mightypr.com Rank First Page Google Fast SEO Link Building Buy Backlinks Online Cheap,False,3000,0,1790658104,1790658104,False,False,False
https://chordmp3.net/link-equity-archive/advanced-high-da-backlinks-for-higher-da-and-dr-scores-build-lasting-authority-for-long-term-seo-results-6bb574.html,"Advanced High DA Backlinks for Higher DA and DR Scores. Build Lasting Authority, for Long Term SEO Results.",https://justdrivemedia.com/,High Quality Dofollow Backlinks DA 50 PA 40 Premium PBN Network Service mightypr.com Rank First Page Google Fast SEO Link Building Buy Backlinks Online Cheap,False,3000,0,1790653763,1790653763,False,False,False
https://az500subadds.blogspot.com/&eid=1&p=216-2-71016b553a1fa2c9.3b14d1d7ea8d5f86,ERROR 404 - az500subadds,https://justdrivemedia.com/,justdrivemedia.com,True,13511,0,1790652049,1790652049,False,False,False
https://100ranking.com/dir/ethical-seo-backlinks-109933,"Premium SEO Link Building Services for Building Strong Website Backlinks, Improving Search Engine Authority, Increasing Rankings, and Growing Organic Visitors - Page 109,933",https://justdrivemedia.com/,justdrivemedia.com Premium Authority Backlinks for Better Search Visibility,False,1000,0,1790651702,1790651702,False,False,False
https://guestbacklink.link/dir/seo-boosting-backlinks-136336,"Premium SEO Backlink Experts Helping Websites Build High Quality Authority Links, Improve Search Engine Positions, and Increase Organic Search Performance - Page 136,336",https://justdrivemedia.com/,mightypr.com SEO Backlink Experts for Powerful Ranking Improvement,False,1000,0,1790647847,1790647847,False,False,False
https://dironu.com/website-list-1253/,Directory Pages Index,https://justdrivemedia.com/,justdrivemedia,False,5000,0,1790646504,1790646504,False,False,False
https://hotfri.com/website-list-936/,Directory Pages Index,https://justdrivemedia.com/,mightypr,False,5000,0,1790642353,1790642353,False,False,False
https://tnladyblim.blogspot.com/,tnladyblim,https://justdrivemedia.com/,justdrivemedia,True,13512,0,1790640282,1790640282,False,False,False
https://casinogamingsites.online/pbn-directory/expert-niche-edit-links-to-raise-domain-rating-strengthen-website-reputation-with-full-placement-reporting-ea2498.html,"Expert Niche Edit Links to Raise Domain Rating. Strengthen Website Reputation, with Full Placement Reporting.",https://justdrivemedia.com/,"Professional High DA Backlinks for mightypr.com for Higher DA and DR Scores. Strengthen Website Reputation, with Safe Link Velocity.",False,5000,0,1790639187,1790639187,False,False,False
https://backlinkocean.info/dir/seo-boosting-backlinks-136336,"Premium SEO Backlink Experts Helping Websites Build High Quality Authority Links, Improve Search Engine Positions, and Increase Organic Search Performance - Page 136,336",https://justdrivemedia.com/,mightypr.com SEO Backlink Experts for Powerful Ranking Improvement,False,1000,0,1790635456,1790635456,False,False,False
https://7-seo.link/dir/ethical-seo-backlinks-109933,"Premium SEO Link Building Services for Building Strong Website Backlinks, Improving Search Engine Authority, Increasing Rankings, and Growing Organic Visitors - Page 109,933",https://justdrivemedia.com/,justdrivemedia.com Premium Authority Backlinks for Better Search Visibility,False,1000,0,1790634570,1790634570,False,False,False
https://tehsmed.blogspot.com/account/login,ERROR 404 - tehsmed,https://justdrivemedia.com/,mightypr.com,True,13511,0,1790632599,1790632599,False,False,False
https://cmocheatsheets.com/link-juice-directory/proven-pbn-backlinks-to-strengthen-your-link-profile-strengthen-website-reputation-across-every-niche-and-market-cabd98.html,"Proven PBN Backlinks to Strengthen Your Link Profile. Strengthen Website Reputation, Across Every Niche and Market.",https://justdrivemedia.com/,High Quality Dofollow Backlinks DA 50 PA 40 Premium PBN Network Service justdrivemedia.com Rank First Page Google Fast SEO Link Building Buy Backlinks Online Cheap,False,3000,0,1790629152,1790629152,False,False,False
https://goldbacklinks.info/dir/seo-boosting-backlinks-136336,"Premium SEO Backlink Experts Helping Websites Build High Quality Authority Links, Improve Search Engine Positions, and Increase Organic Search Performance - Page 136,336",https://justdrivemedia.com/,mightypr.com SEO Backlink Experts for Powerful Ranking Improvement,False,1000,0,1790624780,1790624780,False,False,False
https://frukwan.blogspot.com/bonus-ilman-talletusta.html,ERROR 404 - frukwan,https://justdrivemedia.com/,mightypr.com,True,13511,0,1790622477,1790622477,False,False,False
https://corvio.shop/link-juice-directory/advanced-seo-authority-backlinks-to-boost-domain-authority-improve-google-rankings-and-grow-your-business-online-b277ff.html,"Advanced SEO Authority Backlinks to Boost Domain Authority. Improve Google Rankings, and Grow Your Business Online.",https://justdrivemedia.com/,"High Quality PBN Backlinks for justdrivemedia.com to Boost Domain Authority. Outrank Your Competitors, Across Every Niche and Market.",False,5000,0,1790620377,1790620377,False,False,False
https://primenewsartical.com/all/1915/32.html,🏆🏆Boost your Google rankings with Premium PBN & Link Building🏆🏆,https://justdrivemedia.com/,High Quality Dofollow Backlinks DA 50 PA 40 Premium PBN Network Service mightypr.com Rank First Page Google Fast SEO Link Building Buy Backlinks Online Cheap,False,3000,0,1790619021,1790619021,False,False,False
https://geobacklinks.info/dir/ethical-seo-backlinks-109933,"Premium SEO Link Building Services for Building Strong Website Backlinks, Improving Search Engine Authority, Increasing Rankings, and Growing Organic Visitors - Page 109,933",https://justdrivemedia.com/,justdrivemedia.com Premium Authority Backlinks for Better Search Visibility,False,1000,0,1790618492,1790618492,False,False,False
https://nvvegfest.blogspot.com/index.php/member/417639/,nvvegfest,https://justdrivemedia.com/,mightypr,True,50174,0,1790617329,1790617329,False,False,False
https://forbesstories.com/backlink-network/effective-white-hat-seo-links-to-improve-citation-flow-strengthen-website-reputation-with-full-placement-reporting-cc8ea4.html,"Effective White Hat SEO Links to Improve Citation Flow. Strengthen Website Reputation, with Full Placement Reporting.",https://justdrivemedia.com/,High Quality Dofollow Backlinks DA 50 PA 40 Premium PBN Network Service mightypr.com Rank First Page Google Fast SEO Link Building Buy Backlinks Online Cheap,False,3000,0,1790614986,1790614986,False,False,False
https://fashionclothingnews.com/all/1915/32.html,🏆🏆Boost your Google rankings with Premium PBN & Link Building🏆🏆,https://justdrivemedia.com/,High Quality Dofollow Backlinks DA 50 PA 40 Premium PBN Network Service mightypr.com Rank First Page Google Fast SEO Link Building Buy Backlinks Online Cheap,False,3000,0,1790610035,1790610035,False,False,False
https://nexlyp.com/website-list-1253/,Directory Pages Index,https://justdrivemedia.com/,justdrivemedia,False,5000,0,1790609270,1790609270,False,False,False
https://blogerreviewers.com/all/1915/32.html,🏆🏆Boost your Google rankings with Premium PBN & Link Building🏆🏆,https://justdrivemedia.com/,High Quality Dofollow Backlinks DA 50 PA 40 Premium PBN Network Service mightypr.com Rank First Page Google Fast SEO Link Building Buy Backlinks Online Cheap,False,3000,0,1790608182,1790608182,False,False,False
https://nvvegfest.blogspot.com/token/428/1/a3c45110-0440-4aa8-8388-15a1f75f92c0/,nvvegfest,https://justdrivemedia.com/,mightypr,True,50174,0,1790607149,1790607149,False,False,False
https://nvvegfest.blogspot.com/&t=5400,nvvegfest,https://justdrivemedia.com/,mightypr,True,50174,0,1790607111,1790607111,False,False,False
https://nvvegfest.blogspot.com/&ts=1669094166.822,nvvegfest,https://justdrivemedia.com/,mightypr,True,50174,0,1790605792,1790605792,False,False,False
https://gigbic.com/website-list-936/,Directory Pages Index,https://justdrivemedia.com/,mightypr,False,5000,0,1790605613,1790605613,False,False,False
https://dironu.com/website-list-936/,Directory Pages Index,https://justdrivemedia.com/,mightypr,False,5000,0,1790604158,1790604158,False,False,False
https://expresskitchendesigns.com/link-equity-archive/powerful-manual-outreach-backlinks-designed-to-improve-da-dr-and-tf-improve-google-rankings-with-full-placement-reporting-225853.html,"Powerful Manual Outreach Backlinks Designed to Improve DA, DR and TF. Improve Google Rankings, with Full Placement Reporting.",https://justdrivemedia.com/,High Quality Dofollow Backlinks DA 50 PA 40 Premium PBN Network Service mightypr.com Rank First Page Google Fast SEO Link Building Buy Backlinks Online Cheap,False,3000,0,1790603527,1790603527,False,False,False
https://nvvegfest.blogspot.com/%3C/a%3E,nvvegfest,https://justdrivemedia.com/,mightypr,True,50174,0,1790603501,1790603501,False,False,False
https://voxlyi.com/website-list-936/,Directory Pages Index,https://justdrivemedia.com/,mightypr,False,5000,0,1790600181,1790600181,False,False,False
https://findrp.com/website-list-936/,Directory Pages Index,https://justdrivemedia.com/,mightypr,False,5000,0,1790598635,1790598635,False,False,False
https://autobacklinkbot.com/dir/ethical-seo-backlinks-109933,"Premium SEO Link Building Services for Building Strong Website Backlinks, Improving Search Engine Authority, Increasing Rankings, and Growing Organic Visitors - Page 109,933",https://justdrivemedia.com/,justdrivemedia.com Premium Authority Backlinks for Better Search Visibility,False,1000,0,1790594940,1790594940,False,False,False
https://1seoservices.info/dir/ethical-seo-backlinks-109933,"Premium SEO Link Building Services for Building Strong Website Backlinks, Improving Search Engine Authority, Increasing Rankings, and Growing Organic Visitors - Page 109,933",https://justdrivemedia.com/,justdrivemedia.com Premium Authority Backlinks for Better Search Visibility,False,1000,0,1790593654,1790593654,False,False,False
https://voxlyi.com/website-list-1253/,Directory Pages Index,https://justdrivemedia.com/,justdrivemedia,False,5000,0,1790589425,1790589425,False,False,False
https://nexlyp.com/website-list-936/,Directory Pages Index,https://justdrivemedia.com/,mightypr,False,5000,0,1790589007,1790589007,False,False,False
https://nelpa.shop/ranking-signals-index/professional-guest-post-service-to-improve-citation-flow-outrank-your-competitors-across-every-niche-and-market-cb7b94.html,"Professional Guest Post Service to Improve Citation Flow. Outrank Your Competitors, Across Every Niche and Market.",https://justdrivemedia.com/,"Professional High DA Backlinks for mightypr.com for Higher DA and DR Scores. Strengthen Website Reputation, with Safe Link Velocity.",False,5000,0,1790584365,1790584365,False,False,False
https://chordmp3.net/organic-growth-links/expert-tiered-link-building-to-boost-domain-authority-improve-google-rankings-for-long-term-seo-results-ecca52.html,"Expert Tiered Link Building to Boost Domain Authority. Improve Google Rankings, for Long Term SEO Results.",https://justdrivemedia.com/,High Quality Dofollow Backlinks DA 50 PA 40 Premium PBN Network Service justdrivemedia.com Rank First Page Google Fast SEO Link Building Buy Backlinks Online Cheap,False,3000,0,1790584345,1790584345,False,False,False
https://rustyselectricdreams.substack.com/p/1022225_-the-sky-s-the-limit-edition-rusty-s-electric-dreams-issue-034,"⚡⚡ The ""Sky's the Limit"" Edition :: [Rusty's Electric Dreams, Issue #034] ⚡⚡",https://justdrivemedia.com/,Mighty,False,3,19,1790574184,1790574184,False,False,False
https://best-seo-domains.com/q2sub9g9-list/,"Any SEO resource - we have it. 🔥 No resellers, no middlemen, lowest price. q2sub9g9",https://justdrivemedia.com/,mightypr.com,False,19503,0,1790571601,1790571601,False,False,False
https://backlinksbazaar.info/dir/seo-boosting-backlinks-136336,"Premium SEO Backlink Experts Helping Websites Build High Quality Authority Links, Improve Search Engine Positions, and Increase Organic Search Performance - Page 136,336",https://justdrivemedia.com/,mightypr.com SEO Backlink Experts for Powerful Ranking Improvement,False,1000,0,1790568808,1790568808,False,False,False
https://wefemur.blogspot.com/holostyak-stb-2021,ERROR 404 - WeFemur,https://justdrivemedia.com/,mightypr.com,True,13511,0,1790568164,1790568164,False,False,False
https://betwinnermirror.com/search-authority-index/reliable-niche-edit-links-to-improve-citation-flow-grow-search-traffic-across-every-niche-and-market-ad3a20.html,"Reliable Niche Edit Links to Improve Citation Flow. Grow Search Traffic, Across Every Niche and Market.",https://justdrivemedia.com/,High Quality Dofollow Backlinks DA 50 PA 40 Premium PBN Network Service justdrivemedia.com Rank First Page Google Fast SEO Link Building Buy Backlinks Online Cheap,False,3000,0,1790564936,1790564936,False,False,False
https://canadapsilocybin.com/all/1915/32.html,🏆🏆Boost your Google rankings with Premium PBN & Link Building🏆🏆,https://justdrivemedia.com/,High Quality Dofollow Backlinks DA 50 PA 40 Premium PBN Network Service mightypr.com Rank First Page Google Fast SEO Link Building Buy Backlinks Online Cheap,False,3000,0,1790556254,1790556254,False,False,False
https://nokvio.shop/ranking-resources/expert-dofollow-link-building-to-raise-domain-rating-improve-google-rankings-and-grow-your-business-online-b2503b.html,"Expert Dofollow Link Building to Raise Domain Rating. Improve Google Rankings, and Grow Your Business Online.",https://justdrivemedia.com/,"Professional High DA Backlinks for mightypr.com for Higher DA and DR Scores. Strengthen Website Reputation, with Safe Link Velocity.",False,5000,0,1790552146,1790552146,False,False,False
https://ylutag.com/website-list-1253/,Directory Pages Index,https://justdrivemedia.com/,justdrivemedia,False,5000,0,1790552121,1790552121,False,False,False
https://ylutag.com/website-list-936/,Directory Pages Index,https://justdrivemedia.com/,mightypr,False,5000,0,1790550976,1790550976,False,False,False
https://sbirdllc.blogspot.com/forwarder/part2?url=%2F,ERROR 404 - sbirdllc,https://justdrivemedia.com/,mightypr,True,13512,0,1790549721,1790549721,False,False,False
https://wefemur.blogspot.com/kanye-west,ERROR 404 - WeFemur,https://justdrivemedia.com/,mightypr.com,True,13511,0,1790546308,1790546308,False,False,False
https://wefemur.blogspot.com/travel/search?FORM=THSCOP&q=wefemur.blogspot.com%2Flilso.html,ERROR 404 - WeFemur,https://justdrivemedia.com/,mightypr.com,True,13511,0,1790544969,1790544969,False,False,False
https://vasavm.blogspot.com/katy-perry/,ERROR 404 - vasavm,https://justdrivemedia.com/,mightypr,True,13512,0,1790543327,1790543327,False,False,False
https://7-seo.com/dir/ethical-seo-backlinks-109933,"Premium SEO Link Building Services for Building Strong Website Backlinks, Improving Search Engine Authority, Increasing Rankings, and Growing Organic Visitors - Page 109,933",https://justdrivemedia.com/,justdrivemedia.com Premium Authority Backlinks for Better Search Visibility,False,1000,0,1790540712,1790540712,False,False,False
https://fyloxy.com/website-list-1253/,Directory Pages Index,https://justdrivemedia.com/,justdrivemedia,False,5000,0,1790534332,1790534332,False,False,False
https://backlinksboost.link/dir/seo-boosting-backlinks-136336,"Premium SEO Backlink Experts Helping Websites Build High Quality Authority Links, Improve Search Engine Positions, and Increase Organic Search Performance - Page 136,336",https://justdrivemedia.com/,mightypr.com SEO Backlink Experts for Powerful Ranking Improvement,False,1000,0,1790532850,1790532850,False,False,False
https://matrivo.shop/citation-network/proven-guest-post-service-to-strengthen-your-link-profile-drive-qualified-visitors-and-grow-your-business-online-daea53.html,"Proven Guest Post Service to Strengthen Your Link Profile. Drive Qualified Visitors, and Grow Your Business Online.",https://justdrivemedia.com/,"Professional High DA Backlinks for mightypr.com for Higher DA and DR Scores. Strengthen Website Reputation, with Safe Link Velocity.",False,5000,0,1790527603,1790527603,False,False,False
https://bestfloridaseo.link/dir/seo-boosting-backlinks-136336,"Premium SEO Backlink Experts Helping Websites Build High Quality Authority Links, Improve Search Engine Positions, and Increase Organic Search Performance - Page 136,336",https://justdrivemedia.com/,mightypr.com SEO Backlink Experts for Powerful Ranking Improvement,False,1000,0,1790527089,1790527089,False,False,False
http://bestseosuite.com/dir/seo-boosting-backlinks-136336,"Premium SEO Backlink Experts Helping Websites Build High Quality Authority Links, Improve Search Engine Positions, and Increase Organic Search Performance - Page 136,336",https://justdrivemedia.com/,mightypr.com SEO Backlink Experts for Powerful Ranking Improvement,False,1000,0,1790526234,1790526234,False,False,False
https://olsals.blogspot.com/&target_url=,ERROR 404 - olsals,https://justdrivemedia.com/,mightypr.com,True,13511,0,1790525238,1790525238,False,False,False
https://southfwb.com/all/1915/32.html,🏆🏆Boost your Google rankings with Premium PBN & Link Building🏆🏆,https://justdrivemedia.com/,High Quality Dofollow Backlinks DA 50 PA 40 Premium PBN Network Service mightypr.com Rank First Page Google Fast SEO Link Building Buy Backlinks Online Cheap,False,3000,0,1790525002,1790525002,False,False,False
https://viewshasd.blogspot.com/&target_url=,ERROR 404 - viewshasd,https://justdrivemedia.com/,https://mightypr.com/,True,13513,0,1790524349,1790524349,False,False,False
https://coruzants.com/all/1915/32.html,🏆🏆Boost your Google rankings with Premium PBN & Link Building🏆🏆,https://justdrivemedia.com/,High Quality Dofollow Backlinks DA 50 PA 40 Premium PBN Network Service mightypr.com Rank First Page Google Fast SEO Link Building Buy Backlinks Online Cheap,False,3000,0,1790520196,1790520196,False,False,False
https://quantumquasarquint.online/indexation-directory/advanced-high-da-backlinks-to-boost-domain-authority-improve-google-rankings-for-long-term-seo-results-a13780.html,"Advanced High DA Backlinks to Boost Domain Authority. Improve Google Rankings, for Long Term SEO Results.",https://justdrivemedia.com/,"Professional High DA Backlinks for mightypr.com for Higher DA and DR Scores. Strengthen Website Reputation, with Safe Link Velocity.",False,5000,0,1790516941,1790516941,False,False,False
https://huntob.com/website-list-1253/,Directory Pages Index,https://justdrivemedia.com/,justdrivemedia,False,5000,0,1790515548,1790515548,False,False,False
https://byteshort.xyz/report/30525,👲 Domain Report 👲,https://justdrivemedia.com/,mightypr.com,True,3500,0,1790513891,1790513891,False,False,False
http://seofastranks.com/dir/ethical-seo-backlinks-109933,"Premium SEO Link Building Services for Building Strong Website Backlinks, Improving Search Engine Authority, Increasing Rankings, and Growing Organic Visitors - Page 109,933",https://justdrivemedia.com/,justdrivemedia.com Premium Authority Backlinks for Better Search Visibility,False,1000,0,1790513800,1790513800,False,False,False
https://orvelo.shop/anchor-text-index/proven-white-hat-seo-links-to-increase-trust-flow-grow-search-traffic-for-long-term-seo-results-d40380.html,"Proven White Hat SEO Links to Increase Trust Flow. Grow Search Traffic, for Long Term SEO Results.",https://justdrivemedia.com/,"Professional High DA Backlinks for mightypr.com for Higher DA and DR Scores. Strengthen Website Reputation, with Safe Link Velocity.",False,5000,0,1790513618,1790513618,False,False,False
https://murvix.shop/search-authority-index/high-quality-niche-edit-links-to-improve-citation-flow-improve-google-rankings-with-safe-link-velocity-2607af.html,"High Quality Niche Edit Links to Improve Citation Flow. Improve Google Rankings, with Safe Link Velocity.",https://justdrivemedia.com/,"High Quality PBN Backlinks for justdrivemedia.com to Boost Domain Authority. Outrank Your Competitors, Across Every Niche and Market.",False,5000,0,1790509022,1790509022,False,False,False
https://doxycycline100mg.store/ranking-resources/powerful-dofollow-link-building-to-increase-trust-flow-strengthen-website-reputation-for-long-term-seo-results-e7516b.html,"Powerful Dofollow Link Building to Increase Trust Flow. Strengthen Website Reputation, for Long Term SEO Results.",https://justdrivemedia.com/,"High Quality PBN Backlinks for justdrivemedia.com to Boost Domain Authority. Outrank Your Competitors, Across Every Niche and Market.",False,5000,0,1790508768,1790508768,False,False,False
https://dirgop.com/website-list-936/,Directory Pages Index,https://justdrivemedia.com/,mightypr,False,5000,0,1790501864,1790501864,False,False,False
https://fyloxy.com/website-list-936/,Directory Pages Index,https://justdrivemedia.com/,mightypr,False,5000,0,1790500690,1790500690,False,False,False
https://dirgop.com/website-list-1253/,Directory Pages Index,https://justdrivemedia.com/,justdrivemedia,False,5000,0,1790495386,1790495386,False,False,False
https://bigassstadiumtourmerch.store/seo-metrics-hub/reliable-pbn-backlinks-designed-to-improve-da-dr-and-tf-build-lasting-authority-and-grow-your-business-online-2af2e4.html,"Reliable PBN Backlinks Designed to Improve DA, DR and TF. Build Lasting Authority, and Grow Your Business Online.",https://justdrivemedia.com/,"Professional High DA Backlinks for mightypr.com for Higher DA and DR Scores. Strengthen Website Reputation, with Safe Link Velocity.",False,5000,0,1790495377,1790495377,False,False,False
https://onlinegamblingbonus.online/domain-authority-tools/effective-dofollow-link-building-for-higher-da-and-dr-scores-grow-search-traffic-with-safe-link-velocity-c6b6e1.html,"Effective Dofollow Link Building for Higher DA and DR Scores. Grow Search Traffic, with Safe Link Velocity.",https://justdrivemedia.com/,"High Quality PBN Backlinks for justdrivemedia.com to Boost Domain Authority. Outrank Your Competitors, Across Every Niche and Market.",False,5000,0,1790489239,1790489239,False,False,False
https://orplio.shop/niche-relevance-hub/high-quality-dofollow-link-building-designed-to-improve-da-dr-and-tf-increase-organic-visibility-and-grow-your-business-online-dfcf90.html,"High Quality Dofollow Link Building Designed to Improve DA, DR and TF. Increase Organic Visibility, and Grow Your Business Online.",https://justdrivemedia.com/,"Professional High DA Backlinks for mightypr.com for Higher DA and DR Scores. Strengthen Website Reputation, with Safe Link Velocity.",False,5000,0,1790488228,1790488228,False,False,False
https://sbirdllc.blogspot.com/component/dashboardmm/?view=manager,ERROR 404 - sbirdllc,https://justdrivemedia.com/,mightypr,True,13512,0,1790487092,1790487092,False,False,False
https://24rankings.link/dir/seo-boosting-backlinks-136336,"Premium SEO Backlink Experts Helping Websites Build High Quality Authority Links, Improve Search Engine Positions, and Increase Organic Search Performance - Page 136,336",https://justdrivemedia.com/,mightypr.com SEO Backlink Experts for Powerful Ranking Improvement,False,1000,0,1790485613,1790485613,False,False,False
https://huntob.com/website-list-936/,Directory Pages Index,https://justdrivemedia.com/,mightypr,False,5000,0,1790482266,1790482266,False,False,False
https://webbestseo.info/dir/seo-boosting-backlinks-136336,"Premium SEO Backlink Experts Helping Websites Build High Quality Authority Links, Improve Search Engine Positions, and Increase Organic Search Performance - Page 136,336",https://justdrivemedia.com/,mightypr.com SEO Backlink Experts for Powerful Ranking Improvement,False,1000,0,1790482053,1790482053,False,False,False
https://cpgclan.blogspot.com/2Ppvro1,ERROR 404 - cpgclan,https://justdrivemedia.com/,justdrivemedia.com,True,13509,0,1790478284,1790478284,False,False,False
https://cpgclan.blogspot.com/holostyak-stb-2021&from=%7B484D9DA0-1CEE-44E3-A746-8747A58C7A5A%7D,ERROR 404 - cpgclan,https://justdrivemedia.com/,justdrivemedia.com,True,13509,0,1790474619,1790474619,False,False,False
https://www.aliwinkle.com/,Ali Winkle — Strategic Advisory,https://justdrivemedia.com/blog/communications-has-an-intelligence-advantage,01 Communications as an intelligence function How communications can give organizations a much richer understanding of the environment they're operating in. Read at Just Drive Media →,False,6,0,1790471842,1790471842,False,False,False
https://www.aliwinkle.com/,Ali Winkle — Strategic Advisory,https://justdrivemedia.com/influence-architecture,03 Influence in an AI-mediated world How the systems shaping reputation and authority are changing. Explore Influence Architecture →,False,6,0,1790471842,1790471842,False,False,False
https://www.aliwinkle.com/,Ali Winkle — Strategic Advisory,https://justdrivemedia.com/,Visit Just Drive Media →,False,6,0,1790471842,1790471842,False,False,False
https://www.aliwinkle.com/,Ali Winkle — Strategic Advisory,https://justdrivemedia.com/,Just Drive Media,False,6,0,1790471842,1790471842,False,False,False
https://alkzbare.blogspot.com/34zxVq8,ERROR 404 - alkzbare,https://justdrivemedia.com/,mightypr,True,13512,0,1790467969,1790467969,False,False,False
https://seol.store/domain/domain/part/127058/lan/ar,seo domain research,https://justdrivemedia.com/,justdrivemedia.com,True,1973,0,1790467933,1790467933,False,False,False
https://mervi.shop/link-profile-hub/powerful-dofollow-link-building-designed-to-improve-da-dr-and-tf-build-lasting-authority-and-grow-your-business-online-e932fb.html,"Powerful Dofollow Link Building Designed to Improve DA, DR and TF. Build Lasting Authority, and Grow Your Business Online.",https://justdrivemedia.com/,"High Quality PBN Backlinks for justdrivemedia.com to Boost Domain Authority. Outrank Your Competitors, Across Every Niche and Market.",False,5000,0,1790467568,1790467568,False,False,False
https://cpgclan.blogspot.com/&page=2,ERROR 404 - cpgclan,https://justdrivemedia.com/,justdrivemedia.com,True,13509,0,1790466018,1790466018,False,False,False
https://alkzbare.blogspot.com/holostyak-stb-2021&from=%7B6B719863-12C3-493C-8E97-45752B9742CB%7D,ERROR 404 - alkzbare,https://justdrivemedia.com/,mightypr,True,13512,0,1790457429,1790457429,False,False,False
https://digitizeseo.info/dir/ethical-seo-backlinks-109933,"Premium SEO Link Building Services for Building Strong Website Backlinks, Improving Search Engine Authority, Increasing Rankings, and Growing Organic Visitors - Page 109,933",https://justdrivemedia.com/,justdrivemedia.com Premium Authority Backlinks for Better Search Visibility,False,1000,0,1790456988,1790456988,False,False,False
https://cindylaup.com/guest-post-network/powerful-dofollow-link-building-to-strengthen-your-link-profile-outrank-your-competitors-across-every-niche-and-market-4a9036.html,"Powerful Dofollow Link Building to Strengthen Your Link Profile. Outrank Your Competitors, Across Every Niche and Market.",https://justdrivemedia.com/,High Quality Dofollow Backlinks DA 50 PA 40 Premium PBN Network Service mightypr.com Rank First Page Google Fast SEO Link Building Buy Backlinks Online Cheap,False,3000,0,1790455463,1790455463,False,False,False
https://cpgclan.blogspot.com/manage/manage-sidebar.html,ERROR 404 - cpgclan,https://justdrivemedia.com/,justdrivemedia.com,True,13509,0,1790452567,1790452567,False,False,False
https://seo-builder.com/dir/seo-boosting-backlinks-136336,"Premium SEO Backlink Experts Helping Websites Build High Quality Authority Links, Improve Search Engine Positions, and Increase Organic Search Performance - Page 136,336",https://justdrivemedia.com/,mightypr.com SEO Backlink Experts for Powerful Ranking Improvement,False,1000,0,1790451146,1790451146,False,False,False
http://getseotips.com/dir/seo-boosting-backlinks-136336,"Premium SEO Backlink Experts Helping Websites Build High Quality Authority Links, Improve Search Engine Positions, and Increase Organic Search Performance - Page 136,336",https://justdrivemedia.com/,mightypr.com SEO Backlink Experts for Powerful Ranking Improvement,False,1000,0,1790451056,1790451056,False,False,False
https://backlinkfreeseo.link/dir/seo-boosting-backlinks-136336,"Premium SEO Backlink Experts Helping Websites Build High Quality Authority Links, Improve Search Engine Positions, and Increase Organic Search Performance - Page 136,336",https://justdrivemedia.com/,mightypr.com SEO Backlink Experts for Powerful Ranking Improvement,False,1000,0,1790449520,1790449520,False,False,False
https://100ranking.info/dir/ethical-seo-backlinks-109933,"Premium SEO Link Building Services for Building Strong Website Backlinks, Improving Search Engine Authority, Increasing Rankings, and Growing Organic Visitors - Page 109,933",https://justdrivemedia.com/,justdrivemedia.com Premium Authority Backlinks for Better Search Visibility,False,1000,0,1790444775,1790444775,False,False,False
https://missburrg.com/indexation-directory/high-quality-contextual-link-placements-to-increase-trust-flow-grow-search-traffic-for-competitive-serp-results-31a439.html,"High Quality Contextual Link Placements to Increase Trust Flow. Grow Search Traffic, for Competitive SERP Results.",https://justdrivemedia.com/,High Quality Dofollow Backlinks DA 50 PA 40 Premium PBN Network Service mightypr.com Rank First Page Google Fast SEO Link Building Buy Backlinks Online Cheap,False,3000,0,1790439228,1790439228,False,False,False
https://freesimpleseo.com/dir/ethical-seo-backlinks-109933,"Premium SEO Link Building Services for Building Strong Website Backlinks, Improving Search Engine Authority, Increasing Rankings, and Growing Organic Visitors - Page 109,933",https://justdrivemedia.com/,justdrivemedia.com Premium Authority Backlinks for Better Search Visibility,False,1000,0,1790437669,1790437669,False,False,False
https://toponlinegamblingcasinos.online/all/1563/25.html,🏆🏆Boost your Google rankings with Premium PBN & Link Building🏆🏆,https://justdrivemedia.com/,High Quality Dofollow Backlinks DA 50 PA 40 Premium PBN Network Service justdrivemedia.com Rank First Page Google Fast SEO Link Building Buy Backlinks Online Cheap,False,3000,0,1790434434,1790434434,False,False,False
https://seotoolslike.link/dir/ethical-seo-backlinks-109933,"Premium SEO Link Building Services for Building Strong Website Backlinks, Improving Search Engine Authority, Increasing Rankings, and Growing Organic Visitors - Page 109,933",https://justdrivemedia.com/,justdrivemedia.com Premium Authority Backlinks for Better Search Visibility,False,1000,0,1790429192,1790429192,False,False,False
http://www.gamerkun.com/page-5c2382785a8bac0146f2085fd1d7ce66.html,Where to buy 🚀 aged domains and backlinks 🔥 from www.gamerkun.com| 5238-2785,https://justdrivemedia.com/,mightypr.com,False,10159,0,1790428992,1790428992,False,False,False
https://takes.homes/domain/domain/part/155824,seo domain research,https://justdrivemedia.com/,mightypr.com,True,1973,0,1790421122,1790421122,False,False,False
https://sisusan88ax.shop/authority-signals/high-quality-contextual-link-placements-for-higher-da-and-dr-scores-improve-google-rankings-for-competitive-serp-results-5e7b46.html,"High Quality Contextual Link Placements for Higher DA and DR Scores. Improve Google Rankings, for Competitive SERP Results.",https://justdrivemedia.com/,"High Quality PBN Backlinks for justdrivemedia.com to Boost Domain Authority. Outrank Your Competitors, Across Every Niche and Market.",False,5000,0,1790417428,1790417428,False,False,False
https://backlinkstores.info/dir/ethical-seo-backlinks-109933,"Premium SEO Link Building Services for Building Strong Website Backlinks, Improving Search Engine Authority, Increasing Rankings, and Growing Organic Visitors - Page 109,933",https://justdrivemedia.com/,justdrivemedia.com Premium Authority Backlinks for Better Search Visibility,False,1000,0,1790415986,1790415986,False,False,False
https://yelpad.com/website-list-936/,Directory Pages Index,https://justdrivemedia.com/,mightypr,False,5000,0,1790411935,1790411935,False,False,False
https://sitewebseo.com/dir/seo-boosting-backlinks-136336,"Premium SEO Backlink Experts Helping Websites Build High Quality Authority Links, Improve Search Engine Positions, and Increase Organic Search Performance - Page 136,336",https://justdrivemedia.com/,mightypr.com SEO Backlink Experts for Powerful Ranking Improvement,False,1000,0,1790406689,1790406689,False,False,False
https://backlinkspulse.com/dir/seo-boosting-backlinks-136336,"Premium SEO Backlink Experts Helping Websites Build High Quality Authority Links, Improve Search Engine Positions, and Increase Organic Search Performance - Page 136,336",https://justdrivemedia.com/,mightypr.com SEO Backlink Experts for Powerful Ranking Improvement,False,1000,0,1790404815,1790404815,False,False,False
https://backlinkmaker.info/dir/seo-boosting-backlinks-136336,"Premium SEO Backlink Experts Helping Websites Build High Quality Authority Links, Improve Search Engine Positions, and Increase Organic Search Performance - Page 136,336",https://justdrivemedia.com/,mightypr.com SEO Backlink Experts for Powerful Ranking Improvement,False,1000,0,1790403323,1790403323,False,False,False
https://bestseocenter.info/dir/ethical-seo-backlinks-109933,"Premium SEO Link Building Services for Building Strong Website Backlinks, Improving Search Engine Authority, Increasing Rankings, and Growing Organic Visitors - Page 109,933",https://justdrivemedia.com/,justdrivemedia.com Premium Authority Backlinks for Better Search Visibility,False,1000,0,1790402918,1790402918,False,False,False
https://sidarma88gacor.shop/link-profile-hub/premium-contextual-link-placements-to-improve-citation-flow-drive-qualified-visitors-and-grow-your-business-online-76b2c9.html,"Premium Contextual Link Placements to Improve Citation Flow. Drive Qualified Visitors, and Grow Your Business Online.",https://justdrivemedia.com/,"Professional High DA Backlinks for mightypr.com for Higher DA and DR Scores. Strengthen Website Reputation, with Safe Link Velocity.",False,5000,0,1790399651,1790399651,False,False,False
https://newsbacklinks.info/dir/seo-boosting-backlinks-136336,"Premium SEO Backlink Experts Helping Websites Build High Quality Authority Links, Improve Search Engine Positions, and Increase Organic Search Performance - Page 136,336",https://justdrivemedia.com/,mightypr.com SEO Backlink Experts for Powerful Ranking Improvement,False,1000,0,1790394158,1790394158,False,False,False
https://backlinkspulse.info/dir/seo-boosting-backlinks-136336,"Premium SEO Backlink Experts Helping Websites Build High Quality Authority Links, Improve Search Engine Positions, and Increase Organic Search Performance - Page 136,336",https://justdrivemedia.com/,mightypr.com SEO Backlink Experts for Powerful Ranking Improvement,False,1000,0,1790388783,1790388783,False,False,False
https://seoinks.info/dir/ethical-seo-backlinks-109933,"Premium SEO Link Building Services for Building Strong Website Backlinks, Improving Search Engine Authority, Increasing Rankings, and Growing Organic Visitors - Page 109,933",https://justdrivemedia.com/,justdrivemedia.com Premium Authority Backlinks for Better Search Visibility,False,1000,0,1790386006,1790386006,False,False,False
https://backlinkspace.info/dir/ethical-seo-backlinks-109933,"Premium SEO Link Building Services for Building Strong Website Backlinks, Improving Search Engine Authority, Increasing Rankings, and Growing Organic Visitors - Page 109,933",https://justdrivemedia.com/,justdrivemedia.com Premium Authority Backlinks for Better Search Visibility,False,1000,0,1790384244,1790384244,False,False,False
https://alrooohi.blogspot.com/holostyak-stb-2021,ERROR 404 - alroooh,https://justdrivemedia.com/,mightypr,True,13512,0,1790374583,1790374583,False,False,False
https://clifflisting.com/all/1915/32.html,🏆🏆Boost your Google rankings with Premium PBN & Link Building🏆🏆,https://justdrivemedia.com/,High Quality Dofollow Backlinks DA 50 PA 40 Premium PBN Network Service mightypr.com Rank First Page Google Fast SEO Link Building Buy Backlinks Online Cheap,False,3000,0,1790372866,1790372866,False,False,False
https://yellii.com/website-list-936/,Directory Pages Index,https://justdrivemedia.com/,mightypr,False,5000,0,1790371362,1790371362,False,False,False
https://frukwan.blogspot.com/&output=application%2Frdf+json,ERROR 404 - frukwan,https://justdrivemedia.com/,mightypr.com,True,13511,0,1790371092,1790371092,False,False,False
https://nuxlo.shop/link-building-hub/reliable-contextual-link-placements-to-raise-domain-rating-outrank-your-competitors-with-safe-link-velocity-3869f6.html,"Reliable Contextual Link Placements to Raise Domain Rating. Outrank Your Competitors, with Safe Link Velocity.",https://justdrivemedia.com/,"High Quality PBN Backlinks for justdrivemedia.com to Boost Domain Authority. Outrank Your Competitors, Across Every Niche and Market.",False,5000,0,1790369598,1790369598,False,False,False
https://backlinksocean.com/dir/ethical-seo-backlinks-109933,"Premium SEO Link Building Services for Building Strong Website Backlinks, Improving Search Engine Authority, Increasing Rankings, and Growing Organic Visitors - Page 109,933",https://justdrivemedia.com/,justdrivemedia.com Premium Authority Backlinks for Better Search Visibility,False,1000,0,1790367554,1790367554,False,False,False
https://fioro.shop/trust-flow-directory/trusted-contextual-link-placements-to-boost-domain-authority-secure-first-page-positions-with-safe-link-velocity-90c4d0.html,"Trusted Contextual Link Placements to Boost Domain Authority. Secure First Page Positions, with Safe Link Velocity.",https://justdrivemedia.com/,"Professional High DA Backlinks for mightypr.com for Higher DA and DR Scores. Strengthen Website Reputation, with Safe Link Velocity.",False,5000,0,1790353871,1790353871,False,False,False
https://sapphirevpn.net/citation-network/premium-white-hat-seo-links-to-improve-citation-flow-strengthen-website-reputation-for-long-term-seo-results-018a56.html,"Premium White Hat SEO Links to Improve Citation Flow. Strengthen Website Reputation, for Long Term SEO Results.",https://justdrivemedia.com/,High Quality Dofollow Backlinks DA 50 PA 40 Premium PBN Network Service mightypr.com Rank First Page Google Fast SEO Link Building Buy Backlinks Online Cheap,False,3000,0,1790338849,1790338849,False,False,False
https://webrandseo.link/dir/ethical-seo-backlinks-109933,"Premium SEO Link Building Services for Building Strong Website Backlinks, Improving Search Engine Authority, Increasing Rankings, and Growing Organic Visitors - Page 109,933",https://justdrivemedia.com/,justdrivemedia.com Premium Authority Backlinks for Better Search Visibility,False,1000,0,1790336912,1790336912,False,False,False
http://www.linksnatcher.art/page-c3ccf24a9bb7c02b186ada0484b200fb.html,Where to buy 🚀 aged domains and backlinks 🔥 from www.linksnatcher.art| 3249-7021,http://justdrivemedia.com/,justdrivemedia.com,False,10158,0,1790335144,1790335144,False,False,False
https://freesimpleseo.link/dir/seo-boosting-backlinks-136336,"Premium SEO Backlink Experts Helping Websites Build High Quality Authority Links, Improve Search Engine Positions, and Increase Organic Search Performance - Page 136,336",https://justdrivemedia.com/,mightypr.com SEO Backlink Experts for Powerful Ranking Improvement,False,1000,0,1790333614,1790333614,False,False,False
https://soulvocable.com/serp-growth-network/powerful-manual-outreach-backlinks-to-strengthen-your-link-profile-grow-search-traffic-with-full-placement-reporting-1e7268.html,"Powerful Manual Outreach Backlinks to Strengthen Your Link Profile. Grow Search Traffic, with Full Placement Reporting.",https://justdrivemedia.com/,High Quality Dofollow Backlinks DA 50 PA 40 Premium PBN Network Service mightypr.com Rank First Page Google Fast SEO Link Building Buy Backlinks Online Cheap,False,3000,0,1790331827,1790331827,False,False,False
http://seofastranks.com/dir/seo-boosting-backlinks-136336,"Premium SEO Backlink Experts Helping Websites Build High Quality Authority Links, Improve Search Engine Positions, and Increase Organic Search Performance - Page 136,336",https://justdrivemedia.com/,mightypr.com SEO Backlink Experts for Powerful Ranking Improvement,False,1000,0,1790330434,1790330434,False,False,False
https://backlinkrank.info/dir/seo-boosting-backlinks-136336,"Premium SEO Backlink Experts Helping Websites Build High Quality Authority Links, Improve Search Engine Positions, and Increase Organic Search Performance - Page 136,336",https://justdrivemedia.com/,mightypr.com SEO Backlink Experts for Powerful Ranking Improvement,False,1000,0,1790327784,1790327784,False,False,False
https://backlinkspace.link/dir/ethical-seo-backlinks-109933,"Premium SEO Link Building Services for Building Strong Website Backlinks, Improving Search Engine Authority, Increasing Rankings, and Growing Organic Visitors - Page 109,933",https://justdrivemedia.com/,justdrivemedia.com Premium Authority Backlinks for Better Search Visibility,False,1000,0,1790324378,1790324378,False,False,False
https://webranksdirectory.com/website-list-936/,Directory Pages Index,https://justdrivemedia.com/,mightypr,False,5000,0,1790323711,1790323711,False,False,False
https://zomatt.com/website-list-936/,Directory Pages Index,https://justdrivemedia.com/,mightypr,False,5000,0,1790322670,1790322670,False,False,False
https://autobacklinkbot.com/dir/seo-boosting-backlinks-136336,"Premium SEO Backlink Experts Helping Websites Build High Quality Authority Links, Improve Search Engine Positions, and Increase Organic Search Performance - Page 136,336",https://justdrivemedia.com/,mightypr.com SEO Backlink Experts for Powerful Ranking Improvement,False,1000,0,1790318811,1790318811,False,False,False
https://doxycycline100mg.store/anchor-text-index/advanced-white-hat-seo-links-to-raise-domain-rating-outrank-your-competitors-with-full-placement-reporting-731f80.html,"Advanced White Hat SEO Links to Raise Domain Rating. Outrank Your Competitors, with Full Placement Reporting.",https://justdrivemedia.com/,"Professional High DA Backlinks for mightypr.com for Higher DA and DR Scores. Strengthen Website Reputation, with Safe Link Velocity.",False,5000,0,1790312227,1790312227,False,False,False
https://phanerosart.com/all/1915/32.html,🏆🏆Boost your Google rankings with Premium PBN & Link Building🏆🏆,https://justdrivemedia.com/,High Quality Dofollow Backlinks DA 50 PA 40 Premium PBN Network Service mightypr.com Rank First Page Google Fast SEO Link Building Buy Backlinks Online Cheap,False,3000,0,1790311586,1790311586,False,False,False
https://zlutag.com/website-list-936/,Directory Pages Index,https://justdrivemedia.com/,mightypr,False,5000,0,1790311181,1790311181,False,False,False
https://behigheses.blogspot.com/holostyak-stb-2021&from=%7B56329A66-9ADD-4E71-B1EA-94EF81130B36%7D,ERROR 404 - BeHigh,https://justdrivemedia.com/,justdrivemedia.com,True,13511,0,1790309274,1790309274,False,False,False
https://wecelebrities.com/all/1915/32.html,🏆🏆Boost your Google rankings with Premium PBN & Link Building🏆🏆,https://justdrivemedia.com/,High Quality Dofollow Backlinks DA 50 PA 40 Premium PBN Network Service mightypr.com Rank First Page Google Fast SEO Link Building Buy Backlinks Online Cheap,False,3000,0,1790308346,1790308346,False,False,False
https://exotichealths.com/page-authority-index/powerful-contextual-link-placements-to-increase-trust-flow-build-lasting-authority-with-full-placement-reporting-a3a86f.html,"Powerful Contextual Link Placements to Increase Trust Flow. Build Lasting Authority, with Full Placement Reporting.",https://justdrivemedia.com/,High Quality Dofollow Backlinks DA 50 PA 40 Premium PBN Network Service mightypr.com Rank First Page Google Fast SEO Link Building Buy Backlinks Online Cheap,False,3000,0,1790302940,1790302940,False,False,False
https://domraider.de.com/k2vtejlq-listing/,"Any SEO resource - we have it. 🔥 No resellers, no middlemen, lowest price. k2vtejlq",https://justdrivemedia.com/,mightypr.com,False,19003,0,1790298603,1790298603,False,False,False
https://indiabacklink.com/dir/seo-boosting-backlinks-136336,"Premium SEO Backlink Experts Helping Websites Build High Quality Authority Links, Improve Search Engine Positions, and Increase Organic Search Performance - Page 136,336",https://justdrivemedia.com/,mightypr.com SEO Backlink Experts for Powerful Ranking Improvement,False,1000,0,1790293752,1790293752,False,False,False
https://erythromycinonline.site/ranking-signals-index/powerful-pbn-backlinks-for-higher-da-and-dr-scores-strengthen-website-reputation-for-long-term-seo-results-612d06.html,"Powerful PBN Backlinks for Higher DA and DR Scores. Strengthen Website Reputation, for Long Term SEO Results.",https://justdrivemedia.com/,"Professional High DA Backlinks for mightypr.com for Higher DA and DR Scores. Strengthen Website Reputation, with Safe Link Velocity.",False,5000,0,1790289173,1790289173,False,False,False
https://getseotips.link/dir/ethical-seo-backlinks-109933,"Premium SEO Link Building Services for Building Strong Website Backlinks, Improving Search Engine Authority, Increasing Rankings, and Growing Organic Visitors - Page 109,933",https://justdrivemedia.com/,justdrivemedia.com Premium Authority Backlinks for Better Search Visibility,False,1000,0,1790288806,1790288806,False,False,False
https://dupurgeniefr.com/all/1915/32.html,🏆🏆Boost your Google rankings with Premium PBN & Link Building🏆🏆,https://justdrivemedia.com/,High Quality Dofollow Backlinks DA 50 PA 40 Premium PBN Network Service mightypr.com Rank First Page Google Fast SEO Link Building Buy Backlinks Online Cheap,False,3000,0,1790284919,1790284919,False,False,False
https://top5casino.online/link-equity-archive/premium-niche-edit-links-to-strengthen-your-link-profile-build-lasting-authority-across-every-niche-and-market-83613c.html,"Premium Niche Edit Links to Strengthen Your Link Profile. Build Lasting Authority, Across Every Niche and Market.",https://justdrivemedia.com/,"Professional High DA Backlinks for mightypr.com for Higher DA and DR Scores. Strengthen Website Reputation, with Safe Link Velocity.",False,5000,0,1790283986,1790283986,False,False,False
https://expresskitchendesigns.com/white-hat-directory/powerful-high-da-backlinks-designed-to-improve-da-dr-and-tf-build-lasting-authority-with-full-placement-reporting-067a23.html,"Powerful High DA Backlinks Designed to Improve DA, DR and TF. Build Lasting Authority, with Full Placement Reporting.",https://justdrivemedia.com/,High Quality Dofollow Backlinks DA 50 PA 40 Premium PBN Network Service justdrivemedia.com Rank First Page Google Fast SEO Link Building Buy Backlinks Online Cheap,False,3000,0,1790279938,1790279938,False,False,False
https://theforbestimes.com/citation-network/premium-manual-outreach-backlinks-for-higher-da-and-dr-scores-improve-google-rankings-with-full-placement-reporting-3dba8e.html,"Premium Manual Outreach Backlinks for Higher DA and DR Scores. Improve Google Rankings, with Full Placement Reporting.",https://justdrivemedia.com/,High Quality Dofollow Backlinks DA 50 PA 40 Premium PBN Network Service mightypr.com Rank First Page Google Fast SEO Link Building Buy Backlinks Online Cheap,False,3000,0,1790277832,1790277832,False,False,False
https://cvillico.com/all/1915/32.html,🏆🏆Boost your Google rankings with Premium PBN & Link Building🏆🏆,https://justdrivemedia.com/,High Quality Dofollow Backlinks DA 50 PA 40 Premium PBN Network Service mightypr.com Rank First Page Google Fast SEO Link Building Buy Backlinks Online Cheap,False,3000,0,1790270972,1790270972,False,False,False
https://wefemur.blogspot.com/katy-perry/,ERROR 404 - WeFemur,https://justdrivemedia.com/,mightypr.com,True,13511,0,1790267285,1790267285,False,False,False
https://kilnip.blogspot.com/maps?FORM=HDRSC4&q=kilnip.blogspot.com%2Flilso.html,ERROR 404 - kilnip,https://justdrivemedia.com/,mightypr.com,True,13511,0,1790266071,1790266071,False,False,False
https://domraider.uk.com/l2x5irus-d/,"Any SEO resource - we have it. 🔥 No resellers, no middlemen, lowest price. l2x5irus",https://justdrivemedia.com/,mightypr.com,False,17003,0,1790265798,1790265798,False,False,False
https://digitseotools.info/dir/seo-boosting-backlinks-136336,"Premium SEO Backlink Experts Helping Websites Build High Quality Authority Links, Improve Search Engine Positions, and Increase Organic Search Performance - Page 136,336",https://justdrivemedia.com/,mightypr.com SEO Backlink Experts for Powerful Ranking Improvement,False,1000,0,1790262048,1790262048,False,False,False
https://lydiaroyrealestate.com/seo-authority-links/proven-niche-edit-links-for-higher-da-and-dr-scores-outrank-your-competitors-with-safe-link-velocity-e54c32.html,"Proven Niche Edit Links for Higher DA and DR Scores. Outrank Your Competitors, with Safe Link Velocity.",https://justdrivemedia.com/,High Quality Dofollow Backlinks DA 50 PA 40 Premium PBN Network Service mightypr.com Rank First Page Google Fast SEO Link Building Buy Backlinks Online Cheap,False,3000,0,1790260505,1790260505,False,False,False
https://www.martech360.com/news/media-growth/just-drive-media-acquires-mighty-pr-expands-strategic-communications-capabilities,Just Drive Media acquires Mighty to boost communication,https://justdrivemedia.com/,Mighty PR,False,10,0,1790260301,1790260301,False,False,False
https://www.martech360.com/news/media-growth/just-drive-media-acquires-mighty-pr-expands-strategic-communications-capabilities,Just Drive Media acquires Mighty to boost communication,https://justdrivemedia.com/,Just Drive Media,False,10,0,1790260301,1790260301,False,False,False
https://pr-new.domaineye.com/c7557882537966f06076aa501fb8da4ef6c745e9/6147c0b1c0a13942ed614ddd48bf28d3bf7c2a6d,Seo.Domains - The top list of SEO domains for sale,https://justdrivemedia.com/,mightypr.com,False,2004,1,1790258313,1790258313,False,False,False
https://juaralaundry.com/backlink-network/expert-contextual-link-placements-to-improve-citation-flow-grow-search-traffic-and-grow-your-business-online-b27d4b.html,"Expert Contextual Link Placements to Improve Citation Flow. Grow Search Traffic, and Grow Your Business Online.",https://justdrivemedia.com/,High Quality Dofollow Backlinks DA 50 PA 40 Premium PBN Network Service mightypr.com Rank First Page Google Fast SEO Link Building Buy Backlinks Online Cheap,False,3000,0,1790258068,1790258068,False,False,False
https://apsoz.com/website-list-936/,Directory Pages Index,https://justdrivemedia.com/,mightypr,False,5000,0,1790252855,1790252855,False,False,False
https://backlinkportal.link/dir/ethical-seo-backlinks-109933,"Premium SEO Link Building Services for Building Strong Website Backlinks, Improving Search Engine Authority, Increasing Rankings, and Growing Organic Visitors - Page 109,933",https://justdrivemedia.com/,justdrivemedia.com Premium Authority Backlinks for Better Search Visibility,False,1000,0,1790249734,1790249734,False,False,False
https://luminko.shop/pbn-directory/high-quality-high-da-backlinks-to-raise-domain-rating-increase-organic-visibility-and-grow-your-business-online-7b758a.html,"High Quality High DA Backlinks to Raise Domain Rating. Increase Organic Visibility, and Grow Your Business Online.",https://justdrivemedia.com/,"Professional High DA Backlinks for mightypr.com for Higher DA and DR Scores. Strengthen Website Reputation, with Safe Link Velocity.",False,5000,0,1790244128,1790244128,False,False,False
https://webbestseo.info/dir/ethical-seo-backlinks-109933,"Premium SEO Link Building Services for Building Strong Website Backlinks, Improving Search Engine Authority, Increasing Rankings, and Growing Organic Visitors - Page 109,933",https://justdrivemedia.com/,justdrivemedia.com Premium Authority Backlinks for Better Search Visibility,False,1000,0,1790241668,1790241668,False,False,False
http://www.hebagh.cv/page-5c2382785a8bac0146f2085fd1d7ce66.html,Where to buy 🚀 aged domains and backlinks 🔥 from www.hebagh.cv| 5238-2785,https://justdrivemedia.com/,mightypr.com,False,10159,0,1790239766,1790239766,False,False,False
https://listog.com/website-list-1253/,Directory Pages Index,https://justdrivemedia.com/,justdrivemedia,False,5000,0,1790233454,1790233454,False,False,False
https://listog.com/website-list-936/,Directory Pages Index,https://justdrivemedia.com/,mightypr,False,5000,0,1790228162,1790228162,False,False,False
https://backlinkportal.link/dir/seo-boosting-backlinks-136336,"Premium SEO Backlink Experts Helping Websites Build High Quality Authority Links, Improve Search Engine Positions, and Increase Organic Search Performance - Page 136,336",https://justdrivemedia.com/,mightypr.com SEO Backlink Experts for Powerful Ranking Improvement,False,1000,0,1790225488,1790225488,False,False,False
http://www.backlinkon.com/page-5c2382785a8bac0146f2085fd1d7ce66.html,Where to buy 🚀 aged domains and backlinks 🔥 from www.backlinkon.com| 5238-2785,https://justdrivemedia.com/,mightypr.com,False,10159,0,1790220002,1790220002,False,False,False
https://digitizeseo.info/dir/seo-boosting-backlinks-136336,"Premium SEO Backlink Experts Helping Websites Build High Quality Authority Links, Improve Search Engine Positions, and Increase Organic Search Performance - Page 136,336",https://justdrivemedia.com/,mightypr.com SEO Backlink Experts for Powerful Ranking Improvement,False,1000,0,1790218595,1790218595,False,False,False
https://digitseotools.info/dir/ethical-seo-backlinks-109933,"Premium SEO Link Building Services for Building Strong Website Backlinks, Improving Search Engine Authority, Increasing Rankings, and Growing Organic Visitors - Page 109,933",https://justdrivemedia.com/,justdrivemedia.com Premium Authority Backlinks for Better Search Visibility,False,1000,0,1790213526,1790213526,False,False,False
https://backlinksbazaar.link/dir/seo-boosting-backlinks-136336,"Premium SEO Backlink Experts Helping Websites Build High Quality Authority Links, Improve Search Engine Positions, and Increase Organic Search Performance - Page 136,336",https://justdrivemedia.com/,mightypr.com SEO Backlink Experts for Powerful Ranking Improvement,False,1000,0,1790213144,1790213144,False,False,False
https://go4seo.link/dir/ethical-seo-backlinks-109933,"Premium SEO Link Building Services for Building Strong Website Backlinks, Improving Search Engine Authority, Increasing Rankings, and Growing Organic Visitors - Page 109,933",https://justdrivemedia.com/,justdrivemedia.com Premium Authority Backlinks for Better Search Visibility,False,1000,0,1790211804,1790211804,False,False,False
https://cgpa2percentag.com/all/1915/32.html,🏆🏆Boost your Google rankings with Premium PBN & Link Building🏆🏆,https://justdrivemedia.com/,High Quality Dofollow Backlinks DA 50 PA 40 Premium PBN Network Service mightypr.com Rank First Page Google Fast SEO Link Building Buy Backlinks Online Cheap,False,3000,0,1790202532,1790202532,False,False,False
https://toponlinegamblingcasinos.online/all/1915/32.html,🏆🏆Boost your Google rankings with Premium PBN & Link Building🏆🏆,https://justdrivemedia.com/,High Quality Dofollow Backlinks DA 50 PA 40 Premium PBN Network Service mightypr.com Rank First Page Google Fast SEO Link Building Buy Backlinks Online Cheap,False,3000,0,1790198583,1790198583,False,False,False
https://nimpa.shop/domain-rating-index/premium-guest-post-service-to-raise-domain-rating-increase-organic-visibility-across-every-niche-and-market-8a976b.html,"Premium Guest Post Service to Raise Domain Rating. Increase Organic Visibility, Across Every Niche and Market.",https://justdrivemedia.com/,"High Quality PBN Backlinks for justdrivemedia.com to Boost Domain Authority. Outrank Your Competitors, Across Every Niche and Market.",False,5000,0,1790196611,1790196611,False,False,False
https://backlinktime.com/website-list-936/,Directory Pages Index,https://justdrivemedia.com/,mightypr,False,5000,0,1790195776,1790195776,False,False,False
https://geobacklinks.info/dir/seo-boosting-backlinks-136336,"Premium SEO Backlink Experts Helping Websites Build High Quality Authority Links, Improve Search Engine Positions, and Increase Organic Search Performance - Page 136,336",https://justdrivemedia.com/,mightypr.com SEO Backlink Experts for Powerful Ranking Improvement,False,1000,0,1790195452,1790195452,False,False,False
https://piolo.shop/indexation-directory/high-quality-guest-post-service-to-increase-trust-flow-grow-search-traffic-across-every-niche-and-market-059e16.html,"High Quality Guest Post Service to Increase Trust Flow. Grow Search Traffic, Across Every Niche and Market.",https://justdrivemedia.com/,"Professional High DA Backlinks for mightypr.com for Higher DA and DR Scores. Strengthen Website Reputation, with Safe Link Velocity.",False,5000,0,1790194951,1790194951,False,False,False
https://wefemur.blogspot.com/holostyak-stb-2021&from=%7BC766F562-2881-4D74-85A6-0ECBFF7A0035%7D,ERROR 404 - WeFemur,https://justdrivemedia.com/,mightypr.com,True,13511,0,1790193875,1790193875,False,False,False
https://nvvegfest.blogspot.com/event/1/%CF%80%CE%BF%CE%B4%CF%8C%CF%83%CF%86%CE%B1%CE%B9%CF%81%CE%BF/%CE%B1%CE%B3%CE%B3%CE%BB%CE%AF%CE%B1/championship/%CE%B3%CE%BF%CF%85%CF%8C%CF%84%CF%86%CE%BF%CF%81%CE%BD%CF%84-%CE%BC%CE%AF%CE%BB%CE%B3%CE%BF%CF%85%CE%BF%CE%BB/190116937569718272,nvvegfest,https://justdrivemedia.com/,mightypr,True,50174,0,1790189882,1790189882,False,False,False
https://rankingideals.com/dir/seo-boosting-backlinks-136336,"Premium SEO Backlink Experts Helping Websites Build High Quality Authority Links, Improve Search Engine Positions, and Increase Organic Search Performance - Page 136,336",https://justdrivemedia.com/,mightypr.com SEO Backlink Experts for Powerful Ranking Improvement,False,1000,0,1790188756,1790188756,False,False,False
https://nvvegfest.blogspot.com/event/1/%CF%80%CE%BF%CE%B4%CF%8C%CF%83%CF%86%CE%B1%CE%B9%CF%81%CE%BF/%CE%B1%CE%B3%CE%B3%CE%BB%CE%AF%CE%B1/premier-league/%CF%84%CF%83%CE%AD%CE%BB%CF%83%CE%B9-%CE%BC%CF%80%CF%8C%CF%81%CE%BD%CE%BC%CE%BF%CF%85%CE%B8/186880950455554048,nvvegfest,https://justdrivemedia.com/,mightypr,True,50174,0,1790188592,1790188592,False,False,False
https://quero.party/report/30525,👲 Domain Report 👲,https://justdrivemedia.com/,mightypr.com,True,3500,0,1790186086,1790186086,False,False,False
https://nvvegfest.blogspot.com/&u=https:%2F%2Fsignup.catalinacruz.com%2Fsignup%2Fsignup.php%3Fsite=1,nvvegfest,https://justdrivemedia.com/,mightypr,True,50174,0,1790183240,1790183240,False,False,False
https://nvvegfest.blogspot.com/images/search?FORM=HDRSC2&q=nvvegfest.blogspot.com%2Flilso.html,nvvegfest,https://justdrivemedia.com/,mightypr,True,50174,0,1790182619,1790182619,False,False,False
https://vasavm.blogspot.com/holostyak-stb-2021&from=%7B2CAD7334-0CA9-4B41-B4B6-ADF01E9FD504%7D,ERROR 404 - vasavm,https://justdrivemedia.com/,mightypr,True,13512,0,1790181130,1790181130,False,False,False
http://www.backlinkstree.com/page-5c2382785a8bac0146f2085fd1d7ce66.html,Where to buy 🚀 aged domains and backlinks 🔥 from www.backlinkstree.com| 5238-2785,https://justdrivemedia.com/,mightypr.com,False,10159,0,1790174466,1790174466,False,False,False
https://bazerdaily.com/trust-flow-directory/proven-dofollow-link-building-to-boost-domain-authority-drive-qualified-visitors-for-long-term-seo-results-3e903c.html,"Proven Dofollow Link Building to Boost Domain Authority. Drive Qualified Visitors, for Long Term SEO Results.",https://justdrivemedia.com/,High Quality Dofollow Backlinks DA 50 PA 40 Premium PBN Network Service justdrivemedia.com Rank First Page Google Fast SEO Link Building Buy Backlinks Online Cheap,False,3000,0,1790174407,1790174407,False,False,False
https://murvi.shop/indexation-directory/proven-guest-post-service-to-boost-domain-authority-grow-search-traffic-with-full-placement-reporting-31c230.html,"Proven Guest Post Service to Boost Domain Authority. Grow Search Traffic, with Full Placement Reporting.",https://justdrivemedia.com/,"High Quality PBN Backlinks for justdrivemedia.com to Boost Domain Authority. Outrank Your Competitors, Across Every Niche and Market.",False,5000,0,1790173162,1790173162,False,False,False
https://aligow.com/website-list-1253/,Directory Pages Index,https://justdrivemedia.com/,justdrivemedia,False,5000,0,1790171271,1790171271,False,False,False
https://seo-revealed.club/a2bzgixr-list/,"📛 Make AI recommend your brand, product or service. | a2bzgixr",https://justdrivemedia.com/,mightypr.com,False,19003,0,1790161409,1790161409,False,False,False
https://top5casino.online/tiered-link-archive/expert-pbn-backlinks-for-higher-da-and-dr-scores-improve-google-rankings-across-every-niche-and-market-8f16a4.html,"Expert PBN Backlinks for Higher DA and DR Scores. Improve Google Rankings, Across Every Niche and Market.",https://justdrivemedia.com/,"High Quality PBN Backlinks for justdrivemedia.com to Boost Domain Authority. Outrank Your Competitors, Across Every Niche and Market.",False,5000,0,1790156102,1790156102,False,False,False
https://largeseotools.com/dir/ethical-seo-backlinks-109933,"Premium SEO Link Building Services for Building Strong Website Backlinks, Improving Search Engine Authority, Increasing Rankings, and Growing Organic Visitors - Page 109,933",https://justdrivemedia.com/,justdrivemedia.com Premium Authority Backlinks for Better Search Visibility,False,1000,0,1790149332,1790149332,False,False,False
https://fioro.shop/backlink-audit-hub/proven-tiered-link-building-to-strengthen-your-link-profile-increase-organic-visibility-and-grow-your-business-online-c5daec.html,"Proven Tiered Link Building to Strengthen Your Link Profile. Increase Organic Visibility, and Grow Your Business Online.",https://justdrivemedia.com/,"High Quality PBN Backlinks for justdrivemedia.com to Boost Domain Authority. Outrank Your Competitors, Across Every Niche and Market.",False,5000,0,1790148809,1790148809,False,False,False
https://seo-revealed.club/b1ycgmoh-list/,"📛 Make AI recommend your brand, product or service. | b1ycgmoh",https://justdrivemedia.com/,justdrivemedia.com,False,19003,0,1790148585,1790148585,False,False,False
https://go4seo.info/dir/seo-boosting-backlinks-136336,"Premium SEO Backlink Experts Helping Websites Build High Quality Authority Links, Improve Search Engine Positions, and Increase Organic Search Performance - Page 136,336",https://justdrivemedia.com/,mightypr.com SEO Backlink Experts for Powerful Ranking Improvement,False,1000,0,1790143948,1790143948,False,False,False
https://tokyopush188.online/search-visibility-network/advanced-manual-outreach-backlinks-to-raise-domain-rating-drive-qualified-visitors-and-grow-your-business-online-b71c09.html,"Advanced Manual Outreach Backlinks to Raise Domain Rating. Drive Qualified Visitors, and Grow Your Business Online.",https://justdrivemedia.com/,"Professional High DA Backlinks for mightypr.com for Higher DA and DR Scores. Strengthen Website Reputation, with Safe Link Velocity.",False,5000,0,1790133303,1790133303,False,False,False
https://rjcentinc.com/search-authority-index/powerful-white-hat-seo-links-to-increase-trust-flow-strengthen-website-reputation-with-full-placement-reporting-9af442.html,"Powerful White Hat SEO Links to Increase Trust Flow. Strengthen Website Reputation, with Full Placement Reporting.",https://justdrivemedia.com/,High Quality Dofollow Backlinks DA 50 PA 40 Premium PBN Network Service mightypr.com Rank First Page Google Fast SEO Link Building Buy Backlinks Online Cheap,False,3000,0,1790132440,1790132440,False,False,False
https://www.yellowpages.com/downtown-san-francisco-ca/night-clubs,"Best 30 Night Clubs in Downtown, San Francisco, CA with Reviews | The Real Yellow Pages®",https://justdrivemedia.com/,Website,True,35,15,1790120400,1790120400,False,False,False
https://canlisohbethatlari.online/niche-relevance-hub/trusted-guest-post-service-to-boost-domain-authority-strengthen-website-reputation-for-competitive-serp-results-060492.html,"Trusted Guest Post Service to Boost Domain Authority. Strengthen Website Reputation, for Competitive SERP Results.",https://justdrivemedia.com/,"Professional High DA Backlinks for mightypr.com for Higher DA and DR Scores. Strengthen Website Reputation, with Safe Link Velocity.",False,5000,0,1790119876,1790119876,False,False,False
http://backlinkocean.com/dir/ethical-seo-backlinks-109933,"Premium SEO Link Building Services for Building Strong Website Backlinks, Improving Search Engine Authority, Increasing Rankings, and Growing Organic Visitors - Page 109,933",https://justdrivemedia.com/,justdrivemedia.com Premium Authority Backlinks for Better Search Visibility,False,1000,0,1790109126,1790109126,False,False,False
https://bestbacklinksoftware.com/dir/ethical-seo-backlinks-109933,"Premium SEO Link Building Services for Building Strong Website Backlinks, Improving Search Engine Authority, Increasing Rankings, and Growing Organic Visitors - Page 109,933",https://justdrivemedia.com/,justdrivemedia.com Premium Authority Backlinks for Better Search Visibility,False,1000,0,1790109082,1790109082,False,False,False
https://junip.shop/organic-growth-links/advanced-seo-authority-backlinks-to-increase-trust-flow-drive-qualified-visitors-with-safe-link-velocity-4eac03.html,"Advanced SEO Authority Backlinks to Increase Trust Flow. Drive Qualified Visitors, with Safe Link Velocity.",https://justdrivemedia.com/,"High Quality PBN Backlinks for justdrivemedia.com to Boost Domain Authority. Outrank Your Competitors, Across Every Niche and Market.",False,5000,0,1790109050,1790109050,False,False,False
https://backlinkindia.com/dir/seo-boosting-backlinks-136336,"Premium SEO Backlink Experts Helping Websites Build High Quality Authority Links, Improve Search Engine Positions, and Increase Organic Search Performance - Page 136,336",https://justdrivemedia.com/,mightypr.com SEO Backlink Experts for Powerful Ranking Improvement,False,1000,0,1790106209,1790106209,False,False,False
https://erythromycinonline.site/dofollow-index/effective-white-hat-seo-links-designed-to-improve-da-dr-and-tf-increase-organic-visibility-and-grow-your-business-online-e15703.html,"Effective White Hat SEO Links Designed to Improve DA, DR and TF. Increase Organic Visibility, and Grow Your Business Online.",https://justdrivemedia.com/,"High Quality PBN Backlinks for justdrivemedia.com to Boost Domain Authority. Outrank Your Competitors, Across Every Niche and Market.",False,5000,0,1790104713,1790104713,False,False,False
https://tokyopush188.online/pbn-directory/powerful-contextual-link-placements-to-increase-trust-flow-grow-search-traffic-and-grow-your-business-online-eee246.html,"Powerful Contextual Link Placements to Increase Trust Flow. Grow Search Traffic, and Grow Your Business Online.",https://justdrivemedia.com/,"High Quality PBN Backlinks for justdrivemedia.com to Boost Domain Authority. Outrank Your Competitors, Across Every Niche and Market.",False,5000,0,1790104536,1790104536,False,False,False
https://digitizeseo.com/dir/seo-boosting-backlinks-136336,"Premium SEO Backlink Experts Helping Websites Build High Quality Authority Links, Improve Search Engine Positions, and Increase Organic Search Performance - Page 136,336",https://justdrivemedia.com/,mightypr.com SEO Backlink Experts for Powerful Ranking Improvement,False,1000,0,1790101320,1790101320,False,False,False
https://nimpa.shop/search-visibility-network/premium-contextual-link-placements-to-strengthen-your-link-profile-secure-first-page-positions-across-every-niche-and-market-243719.html,"Premium Contextual Link Placements to Strengthen Your Link Profile. Secure First Page Positions, Across Every Niche and Market.",https://justdrivemedia.com/,"Professional High DA Backlinks for mightypr.com for Higher DA and DR Scores. Strengthen Website Reputation, with Safe Link Velocity.",False,5000,0,1790096532,1790096532,False,False,False
https://profitsurgeseo.com/dir/ethical-seo-backlinks-109933,"Premium SEO Link Building Services for Building Strong Website Backlinks, Improving Search Engine Authority, Increasing Rankings, and Growing Organic Visitors - Page 109,933",https://justdrivemedia.com/,justdrivemedia.com Premium Authority Backlinks for Better Search Visibility,False,1000,0,1790088659,1790088659,False,False,False
https://mantaw.com/website-list-1253/,Directory Pages Index,https://justdrivemedia.com/,justdrivemedia,False,5000,0,1790086842,1790086842,False,False,False
https://digitalchatni.com/all/1915/32.html,🏆🏆Boost your Google rankings with Premium PBN & Link Building🏆🏆,https://justdrivemedia.com/,High Quality Dofollow Backlinks DA 50 PA 40 Premium PBN Network Service mightypr.com Rank First Page Google Fast SEO Link Building Buy Backlinks Online Cheap,False,3000,0,1790083039,1790083039,False,False,False
https://nokvio.shop/domain-authority-tools/high-quality-guest-post-service-to-increase-trust-flow-grow-search-traffic-across-every-niche-and-market-8ca26a.html,"High Quality Guest Post Service to Increase Trust Flow. Grow Search Traffic, Across Every Niche and Market.",https://justdrivemedia.com/,"High Quality PBN Backlinks for justdrivemedia.com to Boost Domain Authority. Outrank Your Competitors, Across Every Niche and Market.",False,5000,0,1790069226,1790069226,False,False,False
https://mantaw.com/website-list-936/,Directory Pages Index,https://justdrivemedia.com/,mightypr,False,5000,0,1790067448,1790067448,False,False,False
https://big-easy-seo.com/dir/ethical-seo-backlinks-109933,"Premium SEO Link Building Services for Building Strong Website Backlinks, Improving Search Engine Authority, Increasing Rankings, and Growing Organic Visitors - Page 109,933",https://justdrivemedia.com/,justdrivemedia.com Premium Authority Backlinks for Better Search Visibility,False,1000,0,1790065888,1790065888,False,False,False
https://plixmo.shop/search-authority-index/reliable-manual-outreach-backlinks-for-higher-da-and-dr-scores-outrank-your-competitors-with-full-placement-reporting-c19971.html,"Reliable Manual Outreach Backlinks for Higher DA and DR Scores. Outrank Your Competitors, with Full Placement Reporting.",https://justdrivemedia.com/,"Professional High DA Backlinks for mightypr.com for Higher DA and DR Scores. Strengthen Website Reputation, with Safe Link Velocity.",False,5000,0,1790060370,1790060370,False,False,False
https://themicrodigits.com/outreach-directory/high-quality-tiered-link-building-to-increase-trust-flow-increase-organic-visibility-for-long-term-seo-results-dbf063.html,"High Quality Tiered Link Building to Increase Trust Flow. Increase Organic Visibility, for Long Term SEO Results.",https://justdrivemedia.com/,High Quality Dofollow Backlinks DA 50 PA 40 Premium PBN Network Service mightypr.com Rank First Page Google Fast SEO Link Building Buy Backlinks Online Cheap,False,3000,0,1790056428,1790056428,False,False,False
https://backlinkrank.com/dir/ethical-seo-backlinks-109933,"Premium SEO Link Building Services for Building Strong Website Backlinks, Improving Search Engine Authority, Increasing Rankings, and Growing Organic Visitors - Page 109,933",https://justdrivemedia.com/,justdrivemedia.com Premium Authority Backlinks for Better Search Visibility,False,1000,0,1790055107,1790055107,False,False,False
https://plako.shop/page-authority-index/expert-pbn-backlinks-to-improve-citation-flow-grow-search-traffic-for-long-term-seo-results-0d2e45.html,"Expert PBN Backlinks to Improve Citation Flow. Grow Search Traffic, for Long Term SEO Results.",https://justdrivemedia.com/,"High Quality PBN Backlinks for justdrivemedia.com to Boost Domain Authority. Outrank Your Competitors, Across Every Niche and Market.",False,5000,0,1790053029,1790053029,False,False,False
https://creativeranker.info/dir/ethical-seo-backlinks-109933,"Premium SEO Link Building Services for Building Strong Website Backlinks, Improving Search Engine Authority, Increasing Rankings, and Growing Organic Visitors - Page 109,933",https://justdrivemedia.com/,justdrivemedia.com Premium Authority Backlinks for Better Search Visibility,False,1000,0,1790052596,1790052596,False,False,False
https://plazop.com/website-list-936/,Directory Pages Index,https://justdrivemedia.com/,mightypr,False,5000,0,1790047620,1790047620,False,False,False
https://rustyselectricdreams.substack.com/p/1022225_-the-sky-s-the-limit-edition-rusty-s-electric-dreams-issue-034-,"⚡⚡ The ""Sky's the Limit"" Edition :: [Rusty's Electric Dreams, Issue #034] ⚡⚡",https://justdrivemedia.com/,Mighty,False,3,19,1790046550,1790046550,False,False,False
https://100ranking.link/dir/ethical-seo-backlinks-109933,"Premium SEO Link Building Services for Building Strong Website Backlinks, Improving Search Engine Authority, Increasing Rankings, and Growing Organic Visitors - Page 109,933",https://justdrivemedia.com/,justdrivemedia.com Premium Authority Backlinks for Better Search Visibility,False,1000,0,1790045232,1790045232,False,False,False
https://vasavm.blogspot.com/rewards/dashboard,ERROR 404 - vasavm,https://justdrivemedia.com/,mightypr,True,13512,0,1790042314,1790042314,False,False,False
https://alkzbare.blogspot.com/component/dashboard/?view=manager,ERROR 404 - alkzbare,https://justdrivemedia.com/,mightypr,True,13512,0,1790035321,1790035321,False,False,False
https://mightypr.com/wp-login.php?redirect_to=https%3A%2F%2Fmightypr.com%2Fwp-admin%2F,,https://justdrivemedia.com/?redirect_to=https%3A%2F%2Fmightypr.com%2Fwp-admin%2F,,False,0,0,1790034402,1790034402,False,False,False
https://az500subadds.blogspot.com/%C2%A0,ERROR 404 - az500subadds,https://justdrivemedia.com/,justdrivemedia.com,True,13511,20,1790032633,1790032633,False,False,False
https://frukwan.blogspot.com/videos/search?FORM=HDRSC3&q=frukwan.blogspot.com%2Flilso.html,ERROR 404 - frukwan,https://justdrivemedia.com/,mightypr.com,True,13511,0,1790031166,1790031166,False,False,False
https://nvvegfest.blogspot.com/&page=4,nvvegfest,https://justdrivemedia.com/,mightypr,True,50174,0,1790027769,1790027769,False,False,False
https://kilnip.blogspot.com/www.RealEstateTechGuy.com,ERROR 404 - kilnip,https://justdrivemedia.com/,mightypr.com,True,13511,0,1790027653,1790027653,False,False,False
https://vasavm.blogspot.com/&output=application%2Frdf+xml,ERROR 404 - vasavm,https://justdrivemedia.com/,mightypr,True,13512,0,1790027282,1790027282,False,False,False
http://www.themumbai.in/page-5c2382785a8bac0146f2085fd1d7ce66.html,Where to buy 🚀 aged domains and backlinks 🔥 from www.themumbai.in| 5238-2785,https://justdrivemedia.com/,mightypr.com,False,10159,0,1790026858,1790026858,False,False,False
https://nvvegfest.blogspot.com/event/1/%CF%80%CE%BF%CE%B4%CF%8C%CF%83%CF%86%CE%B1%CE%B9%CF%81%CE%BF/%CE%B4%CE%B9%CE%B5%CE%B8%CE%BD%CE%AE/%CF%80%CE%B1%CE%B3%CE%BA%CF%8C%CF%83%CE%BC%CE%B9%CE%BF-%CE%BA%CF%8D%CF%80%CE%B5%CE%BB%CE%BB%CE%BF-2022/%CE%B3%CE%B1%CE%BB%CE%BB%CE%AF%CE%B1-%CE%BC%CE%B1%CF%81%CF%8C%CE%BA%CE%BF/189970090627747840,nvvegfest,https://justdrivemedia.com/,mightypr,True,50174,0,1790026767,1790026767,False,False,False
https://viewshasd.blogspot.com/holostyak-stb-2021,ERROR 404 - viewshasd,https://justdrivemedia.com/,https://mightypr.com/,True,13513,0,1790026058,1790026058,False,False,False
https://nvvegfest.blogspot.com/us/?url=http%3A%2F%2Fnvvegfest.blogspot.com%2F,nvvegfest,https://justdrivemedia.com/,mightypr,True,50174,0,1790025887,1790025887,False,False,False
https://goldbacklinks.com/dir/seo-boosting-backlinks-136336,"Premium SEO Backlink Experts Helping Websites Build High Quality Authority Links, Improve Search Engine Positions, and Increase Organic Search Performance - Page 136,336",https://justdrivemedia.com/,mightypr.com SEO Backlink Experts for Powerful Ranking Improvement,False,1000,0,1790024954,1790024954,False,False,False
https://alexpron.blogspot.com/results,ERROR 404 - AlexPron,https://justdrivemedia.com/,justdrivemedia.com,True,13509,0,1790024188,1790024188,False,False,False
https://frukwan.blogspot.com/&output=text%2Frdf+n3,ERROR 404 - frukwan,https://justdrivemedia.com/,mightypr.com,True,13511,0,1790022625,1790022625,False,False,False
https://nvvegfest.blogspot.com/token/428/1/2667ebd6-68d6-42ec-8b77-9dcfc6ba520f/,nvvegfest,https://justdrivemedia.com/,mightypr,True,50174,0,1790022546,1790022546,False,False,False
https://frukwan.blogspot.com/trends/,ERROR 404 - frukwan,https://justdrivemedia.com/,mightypr.com,True,13511,0,1790022097,1790022097,False,False,False
https://vasavm.blogspot.com/kanye-west,ERROR 404 - vasavm,https://justdrivemedia.com/,mightypr,True,13512,0,1790020506,1790020506,False,False,False
https://seobacklinkhome.com/dir/ethical-seo-backlinks-109933,"Premium SEO Link Building Services for Building Strong Website Backlinks, Improving Search Engine Authority, Increasing Rankings, and Growing Organic Visitors - Page 109,933",https://justdrivemedia.com/,justdrivemedia.com Premium Authority Backlinks for Better Search Visibility,False,1000,0,1790018453,1790018453,False,False,False
https://seorocketmedia.info/dir/seo-boosting-backlinks-136336,"Premium SEO Backlink Experts Helping Websites Build High Quality Authority Links, Improve Search Engine Positions, and Increase Organic Search Performance - Page 136,336",https://justdrivemedia.com/,mightypr.com SEO Backlink Experts for Powerful Ranking Improvement,False,1000,0,1790017044,1790017044,False,False,False
https://betwinnermirror.com/link-velocity-hub/trusted-pbn-backlinks-to-improve-citation-flow-drive-qualified-visitors-with-full-placement-reporting-7fbdd9.html,"Trusted PBN Backlinks to Improve Citation Flow. Drive Qualified Visitors, with Full Placement Reporting.",https://justdrivemedia.com/,High Quality Dofollow Backlinks DA 50 PA 40 Premium PBN Network Service mightypr.com Rank First Page Google Fast SEO Link Building Buy Backlinks Online Cheap,False,3000,0,1790015221,1790015221,False,False,False
https://backlinkfreeseo.info/dir/ethical-seo-backlinks-109933,"Premium SEO Link Building Services for Building Strong Website Backlinks, Improving Search Engine Authority, Increasing Rankings, and Growing Organic Visitors - Page 109,933",https://justdrivemedia.com/,justdrivemedia.com Premium Authority Backlinks for Better Search Visibility,False,1000,0,1790011900,1790011900,False,False,False
https://australia-seo.info/dir/seo-boosting-backlinks-136336,"Premium SEO Backlink Experts Helping Websites Build High Quality Authority Links, Improve Search Engine Positions, and Increase Organic Search Performance - Page 136,336",https://justdrivemedia.com/,mightypr.com SEO Backlink Experts for Powerful Ranking Improvement,False,1000,0,1790011106,1790011106,False,False,False
https://techbumppy.com/all/1915/32.html,🏆🏆Boost your Google rankings with Premium PBN & Link Building🏆🏆,https://justdrivemedia.com/,High Quality Dofollow Backlinks DA 50 PA 40 Premium PBN Network Service mightypr.com Rank First Page Google Fast SEO Link Building Buy Backlinks Online Cheap,False,3000,0,1790005197,1790005197,False,False,False
https://rjcentinc.com/search-visibility-network/advanced-tiered-link-building-to-raise-domain-rating-outrank-your-competitors-for-long-term-seo-results-b5bad6.html,"Advanced Tiered Link Building to Raise Domain Rating. Outrank Your Competitors, for Long Term SEO Results.",https://justdrivemedia.com/,High Quality Dofollow Backlinks DA 50 PA 40 Premium PBN Network Service justdrivemedia.com Rank First Page Google Fast SEO Link Building Buy Backlinks Online Cheap,False,3000,0,1789997713,1789997713,False,False,False
https://aligow.com/website-list-936/,Directory Pages Index,https://justdrivemedia.com/,mightypr,False,5000,0,1789986581,1789986581,False,False,False
https://domraider.br.com/w4mioo7o-listings/,"Any SEO resource - we have it. 🔥 No resellers, no middlemen, lowest price. w4mioo7o",https://justdrivemedia.com/,mightypr.com,False,19503,0,1789984777,1789984777,False,False,False
https://upseorank.com/dir/seo-boosting-backlinks-136336,"Premium SEO Backlink Experts Helping Websites Build High Quality Authority Links, Improve Search Engine Positions, and Increase Organic Search Performance - Page 136,336",https://justdrivemedia.com/,mightypr.com SEO Backlink Experts for Powerful Ranking Improvement,False,1000,0,1789977886,1789977886,False,False,False
https://fittyfoody.com/niche-relevance-hub/proven-niche-edit-links-to-raise-domain-rating-increase-organic-visibility-across-every-niche-and-market-9dac89.html,"Proven Niche Edit Links to Raise Domain Rating. Increase Organic Visibility, Across Every Niche and Market.",https://justdrivemedia.com/,High Quality Dofollow Backlinks DA 50 PA 40 Premium PBN Network Service mightypr.com Rank First Page Google Fast SEO Link Building Buy Backlinks Online Cheap,False,3000,0,1789973402,1789973402,False,False,False
http://www.backlinksbank.com/page-5c2382785a8bac0146f2085fd1d7ce66.html,Where to buy 🚀 aged domains and backlinks 🔥 from www.backlinksbank.com| 5238-2785,https://justdrivemedia.com/,mightypr.com,False,10159,0,1789968530,1789968530,False,False,False
https://realwinningonlinecasino.online/backlink-audit-hub/effective-white-hat-seo-links-to-raise-domain-rating-strengthen-website-reputation-with-full-placement-reporting-624888.html,"Effective White Hat SEO Links to Raise Domain Rating. Strengthen Website Reputation, with Full Placement Reporting.",https://justdrivemedia.com/,"Professional High DA Backlinks for mightypr.com for Higher DA and DR Scores. Strengthen Website Reputation, with Safe Link Velocity.",False,5000,0,1789964859,1789964859,False,False,False
https://super-seotools.info/dir/ethical-seo-backlinks-109933,"Premium SEO Link Building Services for Building Strong Website Backlinks, Improving Search Engine Authority, Increasing Rankings, and Growing Organic Visitors - Page 109,933",https://justdrivemedia.com/,justdrivemedia.com Premium Authority Backlinks for Better Search Visibility,False,1000,0,1789963739,1789963739,False,False,False
https://webseodigital.com/dir/seo-boosting-backlinks-136336,"Premium SEO Backlink Experts Helping Websites Build High Quality Authority Links, Improve Search Engine Positions, and Increase Organic Search Performance - Page 136,336",https://justdrivemedia.com/,mightypr.com SEO Backlink Experts for Powerful Ranking Improvement,False,1000,0,1789962957,1790682839,False,False,False
https://dotpim.com/website-list-1253/,Directory Pages Index,https://justdrivemedia.com/,justdrivemedia,False,5000,0,1789956700,1789956700,False,False,False
http://www.getonline.co.in/page-5c2382785a8bac0146f2085fd1d7ce66.html,Where to buy 🚀 aged domains and backlinks 🔥 from www.getonline.co.in| 5238-2785,https://justdrivemedia.com/,mightypr.com,False,10159,0,1789952355,1789952355,False,False,False
https://domraider.us.com/ri06foh1-domain/,"Any SEO resource - we have it. 🔥 No resellers, no middlemen, lowest price. ri06foh1",https://justdrivemedia.com/,mightypr.com,False,10003,0,1789951311,1789951311,False,False,False
https://masihnyata.com/all/1915/32.html,🏆🏆Boost your Google rankings with Premium PBN & Link Building🏆🏆,https://justdrivemedia.com/,High Quality Dofollow Backlinks DA 50 PA 40 Premium PBN Network Service mightypr.com Rank First Page Google Fast SEO Link Building Buy Backlinks Online Cheap,False,3000,0,1789950868,1789950868,False,False,False
https://herrascreative.com/,Ryan D. Herras | HERRAS CREATIVE,https://justdrivemedia.com/,www.mightypr.com,False,25,0,1789949251,1789949251,False,False,False
https://backlinkmaker.com/dir/seo-boosting-backlinks-136336,"Premium SEO Backlink Experts Helping Websites Build High Quality Authority Links, Improve Search Engine Positions, and Increase Organic Search Performance - Page 136,336",https://justdrivemedia.com/,mightypr.com SEO Backlink Experts for Powerful Ranking Improvement,False,1000,0,1789947009,1789947009,False,False,False
https://daechul.co.com/organic-growth-links/professional-manual-outreach-backlinks-to-improve-citation-flow-build-lasting-authority-and-grow-your-business-online-2c21b3.html,"Professional Manual Outreach Backlinks to Improve Citation Flow. Build Lasting Authority, and Grow Your Business Online.",https://justdrivemedia.com/,"Professional High DA Backlinks for mightypr.com for Higher DA and DR Scores. Strengthen Website Reputation, with Safe Link Velocity.",False,5000,0,1789944467,1789944467,False,False,False
https://canlisohbethatlari.online/link-velocity-hub/proven-contextual-link-placements-to-raise-domain-rating-outrank-your-competitors-for-competitive-serp-results-f4f073.html,"Proven Contextual Link Placements to Raise Domain Rating. Outrank Your Competitors, for Competitive SERP Results.",https://justdrivemedia.com/,"High Quality PBN Backlinks for justdrivemedia.com to Boost Domain Authority. Outrank Your Competitors, Across Every Niche and Market.",False,5000,0,1789941775,1789941775,False,False,False
https://forvi.shop/contextual-link-index/advanced-niche-edit-links-to-boost-domain-authority-improve-google-rankings-for-long-term-seo-results-06a10f.html,"Advanced Niche Edit Links to Boost Domain Authority. Improve Google Rankings, for Long Term SEO Results.",https://justdrivemedia.com/,"High Quality PBN Backlinks for justdrivemedia.com to Boost Domain Authority. Outrank Your Competitors, Across Every Niche and Market.",False,5000,0,1789939715,1789939715,False,False,False
https://gofreebacklinks.link/dir/ethical-seo-backlinks-109933,"Premium SEO Link Building Services for Building Strong Website Backlinks, Improving Search Engine Authority, Increasing Rankings, and Growing Organic Visitors - Page 109,933",https://justdrivemedia.com/,justdrivemedia.com Premium Authority Backlinks for Better Search Visibility,False,1000,0,1789939132,1789939132,False,False,False
https://nimbra.shop/seo-authority-links/proven-high-da-backlinks-to-boost-domain-authority-build-lasting-authority-for-long-term-seo-results-edf162.html,"Proven High DA Backlinks to Boost Domain Authority. Build Lasting Authority, for Long Term SEO Results.",https://justdrivemedia.com/,"High Quality PBN Backlinks for justdrivemedia.com to Boost Domain Authority. Outrank Your Competitors, Across Every Niche and Market.",False,5000,0,1789938648,1789938648,False,False,False
https://hotfri.com/website-list-1253/,Directory Pages Index,https://justdrivemedia.com/,justdrivemedia,False,5000,0,1789933166,1790655371,False,False,False
https://seobacklinkhome.info/dir/ethical-seo-backlinks-109933,"Premium SEO Link Building Services for Building Strong Website Backlinks, Improving Search Engine Authority, Increasing Rankings, and Growing Organic Visitors - Page 109,933",https://justdrivemedia.com/,justdrivemedia.com Premium Authority Backlinks for Better Search Visibility,False,1000,0,1789930485,1789930485,False,False,False
https://fletcherrld.com/all/1915/32.html,🏆🏆Boost your Google rankings with Premium PBN & Link Building🏆🏆,http://justdrivemedia.com/,High Quality Dofollow Backlinks DA 50 PA 40 Premium PBN Network Service mightypr.com Rank First Page Google Fast SEO Link Building Buy Backlinks Online Cheap,False,3000,0,1789930140,1789930140,False,False,False
https://www.websiteonlinemarketing.com/internetmarketing/united-states/california/san-francisco/mighty-pr/,Mighty PR - Internet Marketing Services,https://justdrivemedia.com/,Website,True,2,0,1789927316,1789927316,False,False,False
https://nivira.shop/link-profile-hub/proven-tiered-link-building-to-boost-domain-authority-increase-organic-visibility-with-full-placement-reporting-4ac9ea.html,"Proven Tiered Link Building to Boost Domain Authority. Increase Organic Visibility, with Full Placement Reporting.",https://justdrivemedia.com/,High Quality Dofollow Backlinks DA 50 PA 40 Premium PBN Network Service justdrivemedia.com Rank First Page Google Fast SEO Link Building Buy Backlinks Online Cheap,False,3000,0,1789919234,1789919234,False,False,False
https://s-tribe.net/indexation-directory/reliable-pbn-backlinks-designed-to-improve-da-dr-and-tf-strengthen-website-reputation-across-every-niche-and-market-891065.html,"Reliable PBN Backlinks Designed to Improve DA, DR and TF. Strengthen Website Reputation, Across Every Niche and Market.",https://justdrivemedia.com/,High Quality Dofollow Backlinks DA 50 PA 40 Premium PBN Network Service justdrivemedia.com Rank First Page Google Fast SEO Link Building Buy Backlinks Online Cheap,False,3000,0,1789918006,1789918006,False,False,False
https://vigorseo.info/dir/ethical-seo-backlinks-109933,"Premium SEO Link Building Services for Building Strong Website Backlinks, Improving Search Engine Authority, Increasing Rankings, and Growing Organic Visitors - Page 109,933",https://justdrivemedia.com/,justdrivemedia.com Premium Authority Backlinks for Better Search Visibility,False,1000,0,1789916599,1789916599,False,False,False
https://hotfri.com/website-list-936/,Directory Pages Index,http://justdrivemedia.com/,mightypr,False,5000,0,1789914405,1789914405,False,False,False
https://backlinkfreeseo.com/dir/ethical-seo-backlinks-109933,"Premium SEO Link Building Services for Building Strong Website Backlinks, Improving Search Engine Authority, Increasing Rankings, and Growing Organic Visitors - Page 109,933",https://justdrivemedia.com/,justdrivemedia.com Premium Authority Backlinks for Better Search Visibility,False,1000,0,1789914177,1789914177,False,False,False
https://backlinksboost.info/dir/ethical-seo-backlinks-109933,"Premium SEO Link Building Services for Building Strong Website Backlinks, Improving Search Engine Authority, Increasing Rankings, and Growing Organic Visitors - Page 109,933",https://justdrivemedia.com/,justdrivemedia.com Premium Authority Backlinks for Better Search Visibility,False,1000,0,1789908114,1789908114,False,False,False
https://marketsseo.com/dir/ethical-seo-backlinks-109933,"Premium SEO Link Building Services for Building Strong Website Backlinks, Improving Search Engine Authority, Increasing Rankings, and Growing Organic Visitors - Page 109,933",https://justdrivemedia.com/,justdrivemedia.com Premium Authority Backlinks for Better Search Visibility,False,1000,0,1789906116,1789906116,False,False,False
https://cralto.shop/link-equity-archive/trusted-white-hat-seo-links-to-increase-trust-flow-outrank-your-competitors-for-competitive-serp-results-4d4881.html,"Trusted White Hat SEO Links to Increase Trust Flow. Outrank Your Competitors, for Competitive SERP Results.",http://justdrivemedia.com/,"Professional High DA Backlinks for mightypr.com for Higher DA and DR Scores. Strengthen Website Reputation, with Safe Link Velocity.",False,5000,0,1789905496,1789905496,False,False,False
https://forbesstories.com/backlink-network/effective-white-hat-seo-links-to-improve-citation-flow-strengthen-website-reputation-with-full-placement-reporting-cc8ea4.html,"Effective White Hat SEO Links to Improve Citation Flow. Strengthen Website Reputation, with Full Placement Reporting.",http://justdrivemedia.com/,High Quality Dofollow Backlinks DA 50 PA 40 Premium PBN Network Service mightypr.com Rank First Page Google Fast SEO Link Building Buy Backlinks Online Cheap,False,3000,0,1789898145,1789898145,False,False,False
https://breachviews.com/anchor-text-index/high-quality-manual-outreach-backlinks-designed-to-improve-da-dr-and-tf-strengthen-website-reputation-with-safe-link-velocity-6e040e.html,"High Quality Manual Outreach Backlinks Designed to Improve DA, DR and TF. Strengthen Website Reputation, with Safe Link Velocity.",https://justdrivemedia.com/,High Quality Dofollow Backlinks DA 50 PA 40 Premium PBN Network Service justdrivemedia.com Rank First Page Google Fast SEO Link Building Buy Backlinks Online Cheap,False,3000,0,1789894046,1789894046,False,False,False
https://gigbic.com/website-list-1253/,Directory Pages Index,https://justdrivemedia.com/,justdrivemedia,False,5000,0,1789884604,1790613232,False,False,False
https://publishbacklink.com/dir/ethical-seo-backlinks-109933,"Premium SEO Link Building Services for Building Strong Website Backlinks, Improving Search Engine Authority, Increasing Rankings, and Growing Organic Visitors - Page 109,933",https://justdrivemedia.com/,justdrivemedia.com Premium Authority Backlinks for Better Search Visibility,False,1000,0,1789878671,1789878671,False,False,False
https://gigbic.com/website-list-936/,Directory Pages Index,http://justdrivemedia.com/,mightypr,False,5000,0,1789876207,1789876207,False,False,False
https://raterun.net/directory/marketing-business/san-francisco-ca/mighty-pr/,"Mighty PR - PR Specialist in San Francisco, CA | RateRun Directory",https://justdrivemedia.com/,Visit Website,False,4,0,1789874460,1790615992,False,False,False
https://findrp.com/website-list-1253/,Directory Pages Index,https://justdrivemedia.com/,justdrivemedia,False,5000,0,1789866226,1790595426,False,False,False
https://findrp.com/website-list-936/,Directory Pages Index,http://justdrivemedia.com/,mightypr,False,5000,0,1789865329,1789865329,False,False,False
https://bestonlinecasinogamescanada.online/seo-metrics-hub/reliable-guest-post-service-to-strengthen-your-link-profile-build-lasting-authority-with-safe-link-velocity-d4a8cb.html,"Reliable Guest Post Service to Strengthen Your Link Profile. Build Lasting Authority, with Safe Link Velocity.",http://justdrivemedia.com/,"Professional High DA Backlinks for mightypr.com for Higher DA and DR Scores. Strengthen Website Reputation, with Safe Link Velocity.",False,5000,0,1789863619,1789863619,False,False,False
https://kkinsider.com/all/1563/25.html,🏆🏆Boost your Google rankings with Premium PBN & Link Building🏆🏆,https://justdrivemedia.com/,High Quality Dofollow Backlinks DA 50 PA 40 Premium PBN Network Service justdrivemedia.com Rank First Page Google Fast SEO Link Building Buy Backlinks Online Cheap,False,3000,0,1789858520,1789858520,False,False,False
https://goldbacklinks.com/dir/ethical-seo-backlinks-109933,"Premium SEO Link Building Services for Building Strong Website Backlinks, Improving Search Engine Authority, Increasing Rankings, and Growing Organic Visitors - Page 109,933",https://justdrivemedia.com/,justdrivemedia.com Premium Authority Backlinks for Better Search Visibility,False,1000,0,1789855440,1789855440,False,False,False
https://websiterankone.com/dir/ethical-seo-backlinks-109933,"Premium SEO Link Building Services for Building Strong Website Backlinks, Improving Search Engine Authority, Increasing Rankings, and Growing Organic Visitors - Page 109,933",https://justdrivemedia.com/,justdrivemedia.com Premium Authority Backlinks for Better Search Visibility,False,1000,0,1789855292,1789855292,False,False,False
https://flenro.shop/serp-growth-network/advanced-tiered-link-building-to-boost-domain-authority-strengthen-website-reputation-with-safe-link-velocity-5e1677.html,"Advanced Tiered Link Building to Boost Domain Authority. Strengthen Website Reputation, with Safe Link Velocity.",http://justdrivemedia.com/,"Professional High DA Backlinks for mightypr.com for Higher DA and DR Scores. Strengthen Website Reputation, with Safe Link Velocity.",False,5000,0,1789850477,1789850477,False,False,False
https://oppalerts.com/AI-Search-Visibility/influencer-marketing-platforms-for-brands/content-queries-guides-best-practices/,"Influencer Marketing Platforms for Brands, Research: Guides, Best Practices for AI Search Visibility & Ranking Factors | OppAlerts.com",https://justdrivemedia.com/blog/the-unique-challenges-and-opportunities-of-b2b-influencer-marketing,https://justdrivemedia.com/blog/the-unique-challenges-and-opportunities-of-b2b-influencer-marketing,True,9108,0,1789850430,1789850430,False,False,False
https://oppalerts.com/AI-Search-Visibility/influencer-marketing-platforms-for-brands/content-queries-guides-best-practices/,"Influencer Marketing Platforms for Brands, Research: Guides, Best Practices for AI Search Visibility & Ranking Factors | OppAlerts.com",https://justdrivemedia.com/blog/the-unique-challenges-and-opportunities-of-b2b-influencer-marketing,The Unique Challenges And Opportunities Of B2B ...,True,9108,0,1789850430,1789850430,False,False,False
https://bestfloridaseo.link/dir/ethical-seo-backlinks-109933,"Premium SEO Link Building Services for Building Strong Website Backlinks, Improving Search Engine Authority, Increasing Rankings, and Growing Organic Visitors - Page 109,933",https://justdrivemedia.com/,justdrivemedia.com Premium Authority Backlinks for Better Search Visibility,False,1000,0,1789846347,1790626649,False,False,False
http://stormbacklink.com/dir/ethical-seo-backlinks-109933,"Premium SEO Link Building Services for Building Strong Website Backlinks, Improving Search Engine Authority, Increasing Rankings, and Growing Organic Visitors - Page 109,933",https://justdrivemedia.com/,justdrivemedia.com Premium Authority Backlinks for Better Search Visibility,False,1000,0,1789844845,1790682029,False,False,False
https://casinoonlinecrazytime.online/search-visibility-network/professional-dofollow-link-building-to-increase-trust-flow-grow-search-traffic-and-grow-your-business-online-a6986c.html,"Professional Dofollow Link Building to Increase Trust Flow. Grow Search Traffic, and Grow Your Business Online.",http://justdrivemedia.com/,"Professional High DA Backlinks for mightypr.com for Higher DA and DR Scores. Strengthen Website Reputation, with Safe Link Velocity.",False,5000,0,1789843047,1789843047,False,False,False
https://creativeranker.link/dir/ethical-seo-backlinks-109933,"Premium SEO Link Building Services for Building Strong Website Backlinks, Improving Search Engine Authority, Increasing Rankings, and Growing Organic Visitors - Page 109,933",https://justdrivemedia.com/,justdrivemedia.com Premium Authority Backlinks for Better Search Visibility,False,1000,0,1789842902,1790625030,False,False,False
https://100ranking.info/dir/seo-boosting-backlinks-136336,"Premium SEO Backlink Experts Helping Websites Build High Quality Authority Links, Improve Search Engine Positions, and Increase Organic Search Performance - Page 136,336",http://justdrivemedia.com/,mightypr.com SEO Backlink Experts for Powerful Ranking Improvement,False,1000,0,1789841161,1789841161,False,False,False
https://thedocmag.com/all/1563/25.html,🏆🏆Boost your Google rankings with Premium PBN & Link Building🏆🏆,https://justdrivemedia.com/,High Quality Dofollow Backlinks DA 50 PA 40 Premium PBN Network Service justdrivemedia.com Rank First Page Google Fast SEO Link Building Buy Backlinks Online Cheap,False,3000,0,1789839360,1789839360,False,False,False
https://orplio.shop/link-profile-hub/powerful-dofollow-link-building-to-improve-citation-flow-strengthen-website-reputation-with-full-placement-reporting-8d0404.html,"Powerful Dofollow Link Building to Improve Citation Flow. Strengthen Website Reputation, with Full Placement Reporting.",https://justdrivemedia.com/,"High Quality PBN Backlinks for justdrivemedia.com to Boost Domain Authority. Outrank Your Competitors, Across Every Niche and Market.",False,5000,0,1789839291,1790661943,False,False,False
https://realwinningonlinecasino.online/backlink-network/proven-niche-edit-links-to-raise-domain-rating-outrank-your-competitors-with-full-placement-reporting-8ea749.html,"Proven Niche Edit Links to Raise Domain Rating. Outrank Your Competitors, with Full Placement Reporting.",https://justdrivemedia.com/,"High Quality PBN Backlinks for justdrivemedia.com to Boost Domain Authority. Outrank Your Competitors, Across Every Niche and Market.",False,5000,0,1789833789,1789833789,False,False,False
https://expresskitchendesigns.com/link-equity-archive/powerful-manual-outreach-backlinks-designed-to-improve-da-dr-and-tf-improve-google-rankings-with-full-placement-reporting-225853.html,"Powerful Manual Outreach Backlinks Designed to Improve DA, DR and TF. Improve Google Rankings, with Full Placement Reporting.",http://justdrivemedia.com/,High Quality Dofollow Backlinks DA 50 PA 40 Premium PBN Network Service mightypr.com Rank First Page Google Fast SEO Link Building Buy Backlinks Online Cheap,False,3000,0,1789824064,1789824064,False,False,False
https://nimbra.shop/outreach-directory/advanced-seo-authority-backlinks-to-boost-domain-authority-drive-qualified-visitors-with-safe-link-velocity-8b0d5e.html,"Advanced SEO Authority Backlinks to Boost Domain Authority. Drive Qualified Visitors, with Safe Link Velocity.",http://justdrivemedia.com/,"Professional High DA Backlinks for mightypr.com for Higher DA and DR Scores. Strengthen Website Reputation, with Safe Link Velocity.",False,5000,0,1789817779,1789817779,False,False,False
https://canadapsilocybin.com/all/1563/25.html,🏆🏆Boost your Google rankings with Premium PBN & Link Building🏆🏆,https://justdrivemedia.com/,High Quality Dofollow Backlinks DA 50 PA 40 Premium PBN Network Service justdrivemedia.com Rank First Page Google Fast SEO Link Building Buy Backlinks Online Cheap,False,3000,0,1789811468,1789811468,False,False,False
https://ninko.shop/search-authority-index/premium-seo-authority-backlinks-to-raise-domain-rating-grow-search-traffic-across-every-niche-and-market-ee7f56.html,"Premium SEO Authority Backlinks to Raise Domain Rating. Grow Search Traffic, Across Every Niche and Market.",https://justdrivemedia.com/,"High Quality PBN Backlinks for justdrivemedia.com to Boost Domain Authority. Outrank Your Competitors, Across Every Niche and Market.",False,5000,0,1789795679,1789795679,False,False,False
https://goldbacklinks.info/dir/seo-boosting-backlinks-136336,"Premium SEO Backlink Experts Helping Websites Build High Quality Authority Links, Improve Search Engine Positions, and Increase Organic Search Performance - Page 136,336",http://justdrivemedia.com/,mightypr.com SEO Backlink Experts for Powerful Ranking Improvement,False,1000,0,1789791093,1789791093,False,False,False
https://murvix.shop/referring-domains/powerful-tiered-link-building-to-strengthen-your-link-profile-grow-search-traffic-across-every-niche-and-market-f8e6ca.html,"Powerful Tiered Link Building to Strengthen Your Link Profile. Grow Search Traffic, Across Every Niche and Market.",http://justdrivemedia.com/,"Professional High DA Backlinks for mightypr.com for Higher DA and DR Scores. Strengthen Website Reputation, with Safe Link Velocity.",False,5000,0,1789783880,1789783880,False,False,False
https://youseotools.com/dir/ethical-seo-backlinks-109933,"Premium SEO Link Building Services for Building Strong Website Backlinks, Improving Search Engine Authority, Increasing Rankings, and Growing Organic Visitors - Page 109,933",https://justdrivemedia.com/,justdrivemedia.com Premium Authority Backlinks for Better Search Visibility,False,1000,0,1789781165,1789781165,False,False,False
https://lizcphoto.com/client-list,Liz Caruana PhotographyToronto Fashion photographer,https://justdrivemedia.com/,Mightypr,False,90,0,1789765339,1789765339,False,False,False
https://quotesblom.com/all/1563/25.html,🏆🏆Boost your Google rankings with Premium PBN & Link Building🏆🏆,https://justdrivemedia.com/,High Quality Dofollow Backlinks DA 50 PA 40 Premium PBN Network Service justdrivemedia.com Rank First Page Google Fast SEO Link Building Buy Backlinks Online Cheap,False,3000,0,1789765273,1789765273,False,False,False
https://nelpa.shop/seo-authority-links/advanced-contextual-link-placements-to-strengthen-your-link-profile-strengthen-website-reputation-with-full-placement-reporting-3ea80a.html,"Advanced Contextual Link Placements to Strengthen Your Link Profile. Strengthen Website Reputation, with Full Placement Reporting.",https://justdrivemedia.com/,"High Quality PBN Backlinks for justdrivemedia.com to Boost Domain Authority. Outrank Your Competitors, Across Every Niche and Market.",False,5000,0,1789762993,1789762993,False,False,False
https://go4seo.info/dir/ethical-seo-backlinks-109933,"Premium SEO Link Building Services for Building Strong Website Backlinks, Improving Search Engine Authority, Increasing Rankings, and Growing Organic Visitors - Page 109,933",https://justdrivemedia.com/,justdrivemedia.com Premium Authority Backlinks for Better Search Visibility,False,1000,0,1789757905,1790578236,False,False,False
https://homesforsaleoldgreenwichct.com/all/1915/32.html,🏆🏆Boost your Google rankings with Premium PBN & Link Building🏆🏆,http://justdrivemedia.com/,High Quality Dofollow Backlinks DA 50 PA 40 Premium PBN Network Service mightypr.com Rank First Page Google Fast SEO Link Building Buy Backlinks Online Cheap,False,3000,0,1789756015,1789756015,False,False,False
https://backlinksboost.link/dir/seo-boosting-backlinks-136336,"Premium SEO Backlink Experts Helping Websites Build High Quality Authority Links, Improve Search Engine Positions, and Increase Organic Search Performance - Page 136,336",http://justdrivemedia.com/,mightypr.com SEO Backlink Experts for Powerful Ranking Improvement,False,1000,0,1789755656,1789755656,False,False,False
https://bestirishcasinoonline.online/link-building-hub/trusted-seo-authority-backlinks-to-increase-trust-flow-grow-search-traffic-with-full-placement-reporting-c5d3cc.html,"Trusted SEO Authority Backlinks to Increase Trust Flow. Grow Search Traffic, with Full Placement Reporting.",https://justdrivemedia.com/,"High Quality PBN Backlinks for justdrivemedia.com to Boost Domain Authority. Outrank Your Competitors, Across Every Niche and Market.",False,5000,0,1789750401,1789750401,False,False,False
https://www.inc.com/inc-leadership-forum/28-ways-leaders-future-proof-a-business/91399792,28 Ways Leaders Future-Proof a Business,https://www.justdrivemedia.com/,Just Drive Media,False,53,0,1789745428,1789745428,False,False,False
https://wecelebrities.com/all/1563/25.html,🏆🏆Boost your Google rankings with Premium PBN & Link Building🏆🏆,https://justdrivemedia.com/,High Quality Dofollow Backlinks DA 50 PA 40 Premium PBN Network Service justdrivemedia.com Rank First Page Google Fast SEO Link Building Buy Backlinks Online Cheap,False,3000,0,1789742184,1789742184,False,False,False
https://bestirishcasinoonline.online/seo-authority-links/effective-tiered-link-building-to-raise-domain-rating-drive-qualified-visitors-for-long-term-seo-results-57a816.html,"Effective Tiered Link Building to Raise Domain Rating. Drive Qualified Visitors, for Long Term SEO Results.",http://justdrivemedia.com/,"Professional High DA Backlinks for mightypr.com for Higher DA and DR Scores. Strengthen Website Reputation, with Safe Link Velocity.",False,5000,0,1789727404,1789727404,False,False,False
https://localagencylist.com/agency/mighty-pr-san-francisco/,Mighty PR — Reviews & Profile | Local Agency List,https://justdrivemedia.com/,mightypr.com,False,1,0,1789726772,1789726772,False,False,False
https://on-demand-seo-backlinks.com/website-list-936/,Directory Pages Index,http://justdrivemedia.com/,mightypr,False,5000,0,1789725288,1789725288,False,False,False
http://www.lawyerinjeddah.com/all/796/24.html,🏆🏆Boost your Google rankings with Premium PBN & Link Building🏆🏆,http://justdrivemedia.com/,High Quality Dofollow Backlinks DA 50 PA 40 Premium PBN Network Service mightypr.com Rank First Page Google Fast SEO Link Building Buy Backlinks Online Cheap,False,3000,0,1789719600,1789719600,False,False,False
https://atozbacklinks.com/asdccfseo/,Directory Pages Index,http://justdrivemedia.com/,mightypr.com,True,9999,0,1789717377,1789717377,False,False,False
https://allbaclinks.com/asdccfseo/,Directory Pages Index,http://justdrivemedia.com/,mightypr.com,True,9999,0,1789713076,1789713076,False,False,False
https://allbaclinks.com/bgreveseo/,Directory Pages Index,http://justdrivemedia.com/,mightypr.com,True,9999,0,1789709354,1789709354,False,False,False
https://trafficboosterlinkseo.com/breyedseo/,Directory Pages Index,https://justdrivemedia.com/,http://www.mightypr.com,True,9999,0,1789706946,1789706946,False,False,False
https://nvvegfest.blogspot.com/&ts=1745676652.085,nvvegfest,http://justdrivemedia.com/,mightypr,True,50174,0,1789705308,1789705308,False,False,False
https://nvvegfest.blogspot.com/about-us/why-us.html,nvvegfest,http://justdrivemedia.com/,mightypr,True,50174,0,1789701997,1789701997,False,False,False
https://bestonlinecasinomexico.online/contextual-link-index/trusted-pbn-backlinks-to-improve-citation-flow-improve-google-rankings-with-full-placement-reporting-006e31.html,"Trusted PBN Backlinks to Improve Citation Flow. Improve Google Rankings, with Full Placement Reporting.",https://justdrivemedia.com/,"High Quality PBN Backlinks for justdrivemedia.com to Boost Domain Authority. Outrank Your Competitors, Across Every Niche and Market.",False,5000,0,1789701852,1790589275,False,False,False
https://buytopqualitybacklinks.com/breyedseo/,Directory Pages Index,https://justdrivemedia.com/,http://www.mightypr.com,True,9999,0,1789694405,1789694405,False,False,False
https://bestrankbacklinks.com/breyedseo/,Directory Pages Index,https://justdrivemedia.com/,http://www.mightypr.com,True,9999,0,1789683786,1789683786,False,False,False
https://mightypr.com/investor-relations,,http://justdrivemedia.com/,,False,0,0,1789683313,1790403298,False,False,False
https://yelpad.com/website-list-936/,Directory Pages Index,http://justdrivemedia.com/,mightypr,False,5000,0,1789680149,1789680149,False,False,False
https://casinoonlinecrazytime.online/domain-rating-index/professional-seo-authority-backlinks-to-boost-domain-authority-drive-qualified-visitors-for-competitive-serp-results-2061b8.html,"Professional SEO Authority Backlinks to Boost Domain Authority. Drive Qualified Visitors, for Competitive SERP Results.",https://justdrivemedia.com/,"High Quality PBN Backlinks for justdrivemedia.com to Boost Domain Authority. Outrank Your Competitors, Across Every Niche and Market.",False,5000,0,1789675691,1789675691,False,False,False
https://nvvegfest.blogspot.com/tournament-location/%CF%80%CE%BF%CE%B4%CF%8C%CF%83%CF%86%CE%B1%CE%B9%CF%81%CE%BF/1/%CE%B1%CE%B3%CE%B3%CE%BB%CE%AF%CE%B1/77/isthmian-league-premier/178965732304932864,nvvegfest,http://justdrivemedia.com/,mightypr,True,50174,0,1789675526,1789675526,False,False,False
http://wants.cfd/domain/domain/part/155824,seo domain research,http://justdrivemedia.com/,mightypr.com,True,1973,0,1789674734,1789674734,False,False,False
https://backlinkspulse.com/dir/seo-boosting-backlinks-136336,"Premium SEO Backlink Experts Helping Websites Build High Quality Authority Links, Improve Search Engine Positions, and Increase Organic Search Performance - Page 136,336",http://justdrivemedia.com/,mightypr.com SEO Backlink Experts for Powerful Ranking Improvement,False,1000,0,1789673793,1789673793,False,False,False
https://plendo.shop/guest-post-network/proven-contextual-link-placements-to-improve-citation-flow-drive-qualified-visitors-across-every-niche-and-market-85b9af.html,"Proven Contextual Link Placements to Improve Citation Flow. Drive Qualified Visitors, Across Every Niche and Market.",https://justdrivemedia.com/,"High Quality PBN Backlinks for justdrivemedia.com to Boost Domain Authority. Outrank Your Competitors, Across Every Niche and Market.",False,5000,0,1789673004,1790561549,False,False,False
https://webrankingsolutionbacklinks.com/breyedseo/,Directory Pages Index,https://justdrivemedia.com/,http://www.mightypr.com,True,9999,0,1789672522,1789672522,False,False,False
https://buytopqualitybacklinks.com/bgreveseo/,Directory Pages Index,http://justdrivemedia.com/,mightypr.com,True,9999,0,1789671955,1789671955,False,False,False
https://viralbacklinks.com/breyedseo/,Directory Pages Index,https://justdrivemedia.com/,http://www.mightypr.com,True,9999,0,1789669584,1789669584,False,False,False
https://allbaclinks.com/breyedseo/,Directory Pages Index,https://justdrivemedia.com/,http://www.mightypr.com,True,9999,0,1789668154,1789668154,False,False,False
https://domraider.de.com/k4x25uqj-listing/,"Any SEO resource - we have it. 🔥 No resellers, no middlemen, lowest price. k4x25uqj",https://justdrivemedia.com/,justdrivemedia.com,False,19003,0,1789665388,1790401174,False,False,False
https://theforbestimes.com/organic-growth-links/premium-seo-authority-backlinks-for-higher-da-and-dr-scores-build-lasting-authority-with-full-placement-reporting-63e3c6.html,"Premium SEO Authority Backlinks for Higher DA and DR Scores. Build Lasting Authority, with Full Placement Reporting.",https://justdrivemedia.com/,High Quality Dofollow Backlinks DA 50 PA 40 Premium PBN Network Service justdrivemedia.com Rank First Page Google Fast SEO Link Building Buy Backlinks Online Cheap,False,3000,0,1789660972,1789660972,False,False,False
https://yelpad.com/website-list-1253/,Directory Pages Index,https://justdrivemedia.com/,justdrivemedia,False,5000,0,1789659471,1790379579,False,False,False
https://yellii.com/website-list-1253/,Directory Pages Index,https://justdrivemedia.com/,justdrivemedia,False,5000,0,1789658947,1790379359,False,False,False
https://bestseobacklinkforsite.com/breyedseo/,Directory Pages Index,https://justdrivemedia.com/,http://www.mightypr.com,True,9999,0,1789654800,1789654800,False,False,False
https://buyrankbacklinks.com/breyedseo/,Directory Pages Index,https://justdrivemedia.com/,http://www.mightypr.com,True,9999,0,1789650557,1789650557,False,False,False
https://yellii.com/website-list-936/,Directory Pages Index,http://justdrivemedia.com/,mightypr,False,5000,0,1789636810,1789636810,False,False,False
https://clicktobuybacklinks.com/breyedseo/,Directory Pages Index,https://justdrivemedia.com/,http://www.mightypr.com,True,9999,0,1789635966,1789635966,False,False,False
https://ultimate-seo-packet.com/website-list-936/,Directory Pages Index,http://justdrivemedia.com/,mightypr,False,5000,0,1789634409,1789634409,False,False,False
https://ufabettererm4.com/all/1563/25.html,🏆🏆Boost your Google rankings with Premium PBN & Link Building🏆🏆,https://justdrivemedia.com/,High Quality Dofollow Backlinks DA 50 PA 40 Premium PBN Network Service justdrivemedia.com Rank First Page Google Fast SEO Link Building Buy Backlinks Online Cheap,False,3000,0,1789633140,1789633140,False,False,False
https://seobacklinkhub.link/dir/ethical-seo-backlinks-109933,"Premium SEO Link Building Services for Building Strong Website Backlinks, Improving Search Engine Authority, Increasing Rankings, and Growing Organic Visitors - Page 109,933",https://justdrivemedia.com/,justdrivemedia.com Premium Authority Backlinks for Better Search Visibility,False,1000,0,1789629448,1789629448,False,False,False
https://newblogerseo.com/outreach-directory/reliable-high-da-backlinks-to-strengthen-your-link-profile-build-lasting-authority-with-safe-link-velocity-c79b79.html,"Reliable High DA Backlinks to Strengthen Your Link Profile. Build Lasting Authority, with Safe Link Velocity.",http://justdrivemedia.com/,High Quality Dofollow Backlinks DA 50 PA 40 Premium PBN Network Service mightypr.com Rank First Page Google Fast SEO Link Building Buy Backlinks Online Cheap,False,3000,0,1789624257,1789624257,False,False,False
https://superbqualitybacklinks.com/breyedseo/,Directory Pages Index,https://justdrivemedia.com/,http://www.mightypr.com,True,9999,0,1789623931,1789623931,False,False,False
https://seobacklinkhome.info/dir/seo-boosting-backlinks-136336,"Premium SEO Backlink Experts Helping Websites Build High Quality Authority Links, Improve Search Engine Positions, and Increase Organic Search Performance - Page 136,336",http://justdrivemedia.com/,mightypr.com SEO Backlink Experts for Powerful Ranking Improvement,False,1000,0,1789617708,1789617708,False,False,False
https://increasewebtrafficwithlinks.com/breyedseo/,Directory Pages Index,https://justdrivemedia.com/,http://www.mightypr.com,True,9999,0,1789613965,1789613965,False,False,False
https://crsconference.wordpress.com/,,http://justdrivemedia.com/,Ali Croft from JustDriveMedia,False,38,0,1789613246,1789613246,False,False,False
https://99backlinksbuy.com/breyedseo/,Directory Pages Index,https://justdrivemedia.com/,http://www.mightypr.com,True,9999,0,1789610062,1789610062,False,False,False
https://chordmp3.net/link-equity-archive/advanced-high-da-backlinks-for-higher-da-and-dr-scores-build-lasting-authority-for-long-term-seo-results-6bb574.html,"Advanced High DA Backlinks for Higher DA and DR Scores. Build Lasting Authority, for Long Term SEO Results.",http://justdrivemedia.com/,High Quality Dofollow Backlinks DA 50 PA 40 Premium PBN Network Service mightypr.com Rank First Page Google Fast SEO Link Building Buy Backlinks Online Cheap,False,3000,0,1789607552,1789607552,False,False,False
https://mylisthero.com/crawl-index-network/effective-contextual-link-placements-to-raise-domain-rating-outrank-your-competitors-for-long-term-seo-results-3079ec.html,"Effective Contextual Link Placements to Raise Domain Rating. Outrank Your Competitors, for Long Term SEO Results.",http://justdrivemedia.com/,High Quality Dofollow Backlinks DA 50 PA 40 Premium PBN Network Service mightypr.com Rank First Page Google Fast SEO Link Building Buy Backlinks Online Cheap,False,3000,0,1789600103,1789600103,False,False,False
https://worldtopbacklinks.com/breyedseo/,Directory Pages Index,https://justdrivemedia.com/,http://www.mightypr.com,True,9999,0,1789599124,1789599124,False,False,False
https://casinooftheking.com/link-equity-archive/high-quality-white-hat-seo-links-to-increase-trust-flow-strengthen-website-reputation-across-every-niche-and-market-e09226.html,"High Quality White Hat SEO Links to Increase Trust Flow. Strengthen Website Reputation, Across Every Niche and Market.",http://justdrivemedia.com/,High Quality Dofollow Backlinks DA 50 PA 40 Premium PBN Network Service mightypr.com Rank First Page Google Fast SEO Link Building Buy Backlinks Online Cheap,False,3000,0,1789598090,1789598090,False,False,False
https://www.getavo.ai/blog/defining-ai-visibility,Defining AI Visibility: How Brands Are Discovered in Today’s Search Landscape | AVO,https://justdrivemedia.com/blog/geo-brands-stay-visible-in-ai-first-search,https://justdrivemedia.com/blog/geo-brands-stay-visible-in-ai-first-search,False,14,0,1789598026,1790324884,False,False,False
https://www.getavo.ai/blog/defining-ai-visibility,Defining AI Visibility: How Brands Are Discovered in Today’s Search Landscape | AVO,https://justdrivemedia.com/blog/geo-brands-stay-visible-in-ai-first-search,JustDriveMedia,False,14,0,1789598026,1790324884,False,False,False
https://zomatt.com/website-list-936/,Directory Pages Index,http://justdrivemedia.com/,mightypr,False,5000,0,1789594365,1789594365,False,False,False
https://zomatt.com/website-list-1253/,Directory Pages Index,https://justdrivemedia.com/,justdrivemedia,False,5000,0,1789591663,1790319483,False,False,False
https://creativeposts.top/stats/9664,✅ Website Stats 📊,https://justdrivemedia.com/,justdrivemedia.com,True,3500,0,1789588829,1789588829,False,False,False
https://domraider.de.com/k2vtejlq-listing/,"Any SEO resource - we have it. 🔥 No resellers, no middlemen, lowest price. k2vtejlq",http://justdrivemedia.com/,mightypr.com,False,19003,0,1789581803,1789581803,False,False,False
https://zlutag.com/website-list-936/,Directory Pages Index,http://justdrivemedia.com/,mightypr,False,5000,0,1789577233,1789577233,False,False,False
https://zlutag.com/website-list-1253/,Directory Pages Index,https://justdrivemedia.com/,justdrivemedia,False,5000,0,1789574804,1790305981,False,False,False
https://wowqualitybacklinks.com/breyedseo/,Directory Pages Index,https://justdrivemedia.com/,http://www.mightypr.com,True,9999,0,1789572961,1789572961,False,False,False
https://indiabacklink.com/dir/seo-boosting-backlinks-136336,"Premium SEO Backlink Experts Helping Websites Build High Quality Authority Links, Improve Search Engine Positions, and Increase Organic Search Performance - Page 136,336",http://justdrivemedia.com/,mightypr.com SEO Backlink Experts for Powerful Ranking Improvement,False,1000,0,1789572179,1789572179,False,False,False
https://onlinegamblingbonus.online/white-hat-directory/professional-tiered-link-building-to-strengthen-your-link-profile-improve-google-rankings-with-full-placement-reporting-455ebf.html,"Professional Tiered Link Building to Strengthen Your Link Profile. Improve Google Rankings, with Full Placement Reporting.",http://justdrivemedia.com/,"Professional High DA Backlinks for mightypr.com for Higher DA and DR Scores. Strengthen Website Reputation, with Safe Link Velocity.",False,5000,0,1789567521,1789567521,False,False,False
https://cindylaup.com/dofollow-index/powerful-contextual-link-placements-for-higher-da-and-dr-scores-strengthen-website-reputation-across-every-niche-and-market-bce3fd.html,"Powerful Contextual Link Placements for Higher DA and DR Scores. Strengthen Website Reputation, Across Every Niche and Market.",https://justdrivemedia.com/,High Quality Dofollow Backlinks DA 50 PA 40 Premium PBN Network Service justdrivemedia.com Rank First Page Google Fast SEO Link Building Buy Backlinks Online Cheap,False,3000,0,1789565227,1789565227,False,False,False
https://erythromycinonline.site/ranking-signals-index/powerful-pbn-backlinks-for-higher-da-and-dr-scores-strengthen-website-reputation-for-long-term-seo-results-612d06.html,"Powerful PBN Backlinks for Higher DA and DR Scores. Strengthen Website Reputation, for Long Term SEO Results.",http://justdrivemedia.com/,"Professional High DA Backlinks for mightypr.com for Higher DA and DR Scores. Strengthen Website Reputation, with Safe Link Velocity.",False,5000,0,1789560369,1789560369,False,False,False
https://graphiq.ai/dossier/mighty-E-OvH0zBkMEuvCsz62u4wgA,Mighty Headquarters & Office Locations | GraphIQ,http://justdrivemedia.com/,mightypr.com ↗,False,4,0,1789542712,1789542712,False,False,False
https://domraider.uk.com/l2x5irus-d/,"Any SEO resource - we have it. 🔥 No resellers, no middlemen, lowest price. l2x5irus",http://justdrivemedia.com/,mightypr.com,False,17003,0,1789539206,1789539206,False,False,False
http://www.backlinkhouse.com/page-5c2382785a8bac0146f2085fd1d7ce66.html,Where to buy 🚀 aged domains and backlinks 🔥 from www.backlinkhouse.com| 5238-2785,https://justdrivemedia.com/,mightypr.com,False,10159,0,1789528479,1789528479,False,False,False
https://analyticshaven.top/stats/9664,✅ Website Stats 📊,https://justdrivemedia.com/,justdrivemedia.com,True,3500,0,1789523216,1789523216,False,False,False
https://nvvegfest.blogspot.com/event/1/%CF%80%CE%BF%CE%B4%CF%8C%CF%83%CF%86%CE%B1%CE%B9%CF%81%CE%BF/%CE%B1%CE%B3%CE%B3%CE%BB%CE%AF%CE%B1/league-one/%CE%BC%CF%80%CF%8C%CE%BB%CF%84%CE%BF%CE%BD-%CE%BC%CF%80%CF%81%CE%AF%CF%83%CF%84%CE%BF%CE%BB-%CF%81%CF%8C%CE%B2%CE%B5%CF%81%CF%82/187890840519102464,nvvegfest,http://justdrivemedia.com/,mightypr,True,50174,0,1789522245,1789522245,False,False,False
https://fashionclothingnews.com/all/1563/25.html,🏆🏆Boost your Google rankings with Premium PBN & Link Building🏆🏆,https://justdrivemedia.com/,High Quality Dofollow Backlinks DA 50 PA 40 Premium PBN Network Service justdrivemedia.com Rank First Page Google Fast SEO Link Building Buy Backlinks Online Cheap,False,3000,0,1789522001,1789522001,False,False,False
https://nvvegfest.blogspot.com/event/1/%CF%80%CE%BF%CE%B4%CF%8C%CF%83%CF%86%CE%B1%CE%B9%CF%81%CE%BF/%CE%B5%CE%BB%CE%BB%CE%AC%CE%B4%CE%B1/%CE%BA%CF%8D%CF%80%CE%B5%CE%BB%CE%BB%CE%BF/%CE%BF%CE%BB%CF%85%CE%BC%CF%80%CE%B9%CE%B1%CE%BA%CF%8C%CF%82-%CE%B1%CF%84%CF%81%CF%8C%CE%BC%CE%B7%CF%84%CE%BF%CF%82/187581469502263296,nvvegfest,http://justdrivemedia.com/,mightypr,True,50174,0,1789519612,1789519612,False,False,False
https://nvvegfest.blogspot.com/tournament-location/%CF%80%CE%BF%CE%B4%CF%8C%CF%83%CF%86%CE%B1%CE%B9%CF%81%CE%BF/1/%CE%B1%CE%B3%CE%B3%CE%BB%CE%AF%CE%B1/77/premier-league-2022-2023/172350176981209088,nvvegfest,http://justdrivemedia.com/,mightypr,True,50174,0,1789518675,1789518675,False,False,False
https://breachviews.com/backlink-network/effective-white-hat-seo-links-to-strengthen-your-link-profile-outrank-your-competitors-and-grow-your-business-online-046580.html,"Effective White Hat SEO Links to Strengthen Your Link Profile. Outrank Your Competitors, and Grow Your Business Online.",http://justdrivemedia.com/,High Quality Dofollow Backlinks DA 50 PA 40 Premium PBN Network Service mightypr.com Rank First Page Google Fast SEO Link Building Buy Backlinks Online Cheap,False,3000,0,1789514082,1789514082,False,False,False
http://www.tyres.pro/page-5c2382785a8bac0146f2085fd1d7ce66.html,Where to buy 🚀 aged domains and backlinks 🔥 from www.tyres.pro| 5238-2785,https://justdrivemedia.com/,mightypr.com,False,10159,0,1789512879,1789512879,False,False,False
https://newblogerseo.com/search-authority-index/proven-tiered-link-building-to-improve-citation-flow-improve-google-rankings-with-safe-link-velocity-64d75c.html,"Proven Tiered Link Building to Improve Citation Flow. Improve Google Rankings, with Safe Link Velocity.",https://justdrivemedia.com/,High Quality Dofollow Backlinks DA 50 PA 40 Premium PBN Network Service justdrivemedia.com Rank First Page Google Fast SEO Link Building Buy Backlinks Online Cheap,False,3000,0,1789501495,1790379306,False,False,False
https://themicrodigits.com/outreach-directory/proven-seo-authority-backlinks-to-strengthen-your-link-profile-secure-first-page-positions-with-full-placement-reporting-92d7da.html,"Proven SEO Authority Backlinks to Strengthen Your Link Profile. Secure First Page Positions, with Full Placement Reporting.",https://justdrivemedia.com/,High Quality Dofollow Backlinks DA 50 PA 40 Premium PBN Network Service justdrivemedia.com Rank First Page Google Fast SEO Link Building Buy Backlinks Online Cheap,False,3000,0,1789500840,1789500840,False,False,False
https://booastrankingwithbacklinks.com/breyedseo/,Directory Pages Index,https://justdrivemedia.com/,http://www.mightypr.com,True,9999,0,1789498857,1789498857,False,False,False
http://mightypr.com/,,https://justdrivemedia.com/,,False,0,29,1789498736,1789498736,False,False,False
https://techbumppy.com/all/1563/25.html,🏆🏆Boost your Google rankings with Premium PBN & Link Building🏆🏆,https://justdrivemedia.com/,High Quality Dofollow Backlinks DA 50 PA 40 Premium PBN Network Service justdrivemedia.com Rank First Page Google Fast SEO Link Building Buy Backlinks Online Cheap,False,3000,0,1789497446,1789497446,False,False,False
https://atozbacklinks.com/breyedseo/,Directory Pages Index,https://justdrivemedia.com/,http://www.mightypr.com,True,9999,0,1789493906,1789493906,False,False,False
https://quickseolinks.com/breyedseo/,Directory Pages Index,https://justdrivemedia.com/,http://www.mightypr.com,True,9999,0,1789493003,1789493003,False,False,False
https://plrdownloadshub.com/all/1915/32.html,🏆🏆Boost your Google rankings with Premium PBN & Link Building🏆🏆,http://justdrivemedia.com/,High Quality Dofollow Backlinks DA 50 PA 40 Premium PBN Network Service mightypr.com Rank First Page Google Fast SEO Link Building Buy Backlinks Online Cheap,False,3000,0,1789486962,1789486962,False,False,False
https://diversifiedseo.com/dir/ethical-seo-backlinks-109933,"Premium SEO Link Building Services for Building Strong Website Backlinks, Improving Search Engine Authority, Increasing Rankings, and Growing Organic Visitors - Page 109,933",https://justdrivemedia.com/,justdrivemedia.com Premium Authority Backlinks for Better Search Visibility,False,1000,0,1789485142,1790618772,False,False,False
http://www.hebagh.cv/page-c3ccf24a9bb7c02b186ada0484b200fb.html,Where to buy 🚀 aged domains and backlinks 🔥 from www.hebagh.cv| 3249-7021,http://justdrivemedia.com/,justdrivemedia.com,False,10158,0,1789481144,1789481144,False,False,False
https://cgpa2percentag.com/all/1915/32.html,🏆🏆Boost your Google rankings with Premium PBN & Link Building🏆🏆,http://justdrivemedia.com/,High Quality Dofollow Backlinks DA 50 PA 40 Premium PBN Network Service mightypr.com Rank First Page Google Fast SEO Link Building Buy Backlinks Online Cheap,False,3000,0,1789480666,1789480666,False,False,False
https://atozbacklinks.com/glidieseo/,Directory Pages Index,http://justdrivemedia.com/,mightypr,True,9999,0,1789479783,1789479783,False,False,False
https://sbirdllc.blogspot.com/32fMUEH,ERROR 404 - sbirdllc,http://justdrivemedia.com/,mightypr,True,13512,0,1789473996,1789473996,False,False,False
https://cpgclan.blogspot.com/&output=text%2Fhtml,ERROR 404 - cpgclan,https://justdrivemedia.com/,justdrivemedia.com,True,13509,0,1789472520,1789472520,False,False,False
https://backlinktime.com/website-list-936/,Directory Pages Index,http://justdrivemedia.com/,mightypr,False,5000,0,1789472355,1789472355,False,False,False
https://welinkbacklinks.com/breyedseo/,Directory Pages Index,https://justdrivemedia.com/,http://www.mightypr.com,True,9999,0,1789472053,1789472053,False,False,False
https://topratedbacklinks.com/breyedseo/,Directory Pages Index,https://justdrivemedia.com/,http://www.mightypr.com,True,9999,0,1789468269,1789468269,False,False,False
https://viewshasd.blogspot.com/&page=6,ERROR 404 - viewshasd,http://justdrivemedia.com/,https://mightypr.com/,True,13513,0,1789462201,1789462201,False,False,False
https://sidarma88gacor.shop/domain-rating-index/reliable-high-da-backlinks-to-improve-citation-flow-build-lasting-authority-across-every-niche-and-market-da6c3c.html,"Reliable High DA Backlinks to Improve Citation Flow. Build Lasting Authority, Across Every Niche and Market.",https://justdrivemedia.com/,"High Quality PBN Backlinks for justdrivemedia.com to Boost Domain Authority. Outrank Your Competitors, Across Every Niche and Market.",False,5000,0,1789458420,1790396942,False,False,False
https://sbirdllc.blogspot.com/Keep%20up%20the%20great%20work%20recruiting.%20,ERROR 404 - sbirdllc,http://justdrivemedia.com/,mightypr,True,13512,0,1789457572,1789457572,False,False,False
https://nvvegfest.blogspot.com/&ts=1720520765.301,nvvegfest,http://justdrivemedia.com/,mightypr,True,50174,0,1789457104,1789457104,False,False,False
https://alkzbare.blogspot.com/&page=2,ERROR 404 - alkzbare,http://justdrivemedia.com/,mightypr,True,13512,0,1789452333,1789452333,False,False,False
https://alrooohi.blogspot.com/Recommend%20Your%20Favorite%20New%20Product%20or%20Service,ERROR 404 - alroooh,http://justdrivemedia.com/,mightypr,True,13512,0,1789449837,1789449837,False,False,False
https://webbacklinkskbuy.com/breyedseo/,Directory Pages Index,https://justdrivemedia.com/,http://www.mightypr.com,True,9999,0,1789449315,1789449315,False,False,False
https://sbirdllc.blogspot.com/&output=application%2Frdf+json,ERROR 404 - sbirdllc,http://justdrivemedia.com/,mightypr,True,13512,0,1789448282,1789448282,False,False,False
https://backlinkportal.link/dir/seo-boosting-backlinks-136336,"Premium SEO Backlink Experts Helping Websites Build High Quality Authority Links, Improve Search Engine Positions, and Increase Organic Search Performance - Page 136,336",http://justdrivemedia.com/,mightypr.com SEO Backlink Experts for Powerful Ranking Improvement,False,1000,0,1789447961,1789447961,False,False,False
https://sbirdllc.blogspot.com/www.RecruitingPipeline.com,ERROR 404 - sbirdllc,http://justdrivemedia.com/,mightypr,True,13512,0,1789446581,1789446581,False,False,False
https://souwika.blogspot.com/helpForKoha.htm,ERROR 404 - souwika souwika,http://justdrivemedia.com/,mightypr,True,13512,0,1789446320,1789446320,False,False,False
https://nvvegfest.blogspot.com/&uid,nvvegfest,http://justdrivemedia.com/,mightypr,True,50174,0,1789446042,1789446042,False,False,False
https://souwika.blogspot.com/forwarder/part2?url=%2F,ERROR 404 - souwika souwika,http://justdrivemedia.com/,mightypr,True,13512,0,1789445923,1789445923,False,False,False
https://kilnip.blogspot.com/2023/04/,April 2023 - kilnip,http://justdrivemedia.com/,mightypr.com,True,13511,0,1789445245,1789445245,False,False,False
https://top5casino.online/link-equity-archive/premium-niche-edit-links-to-strengthen-your-link-profile-build-lasting-authority-across-every-niche-and-market-83613c.html,"Premium Niche Edit Links to Strengthen Your Link Profile. Build Lasting Authority, Across Every Niche and Market.",http://justdrivemedia.com/,"Professional High DA Backlinks for mightypr.com for Higher DA and DR Scores. Strengthen Website Reputation, with Safe Link Velocity.",False,5000,0,1789430901,1789430901,False,False,False
https://bestrankbacklinks.com/bgreveseo/,Directory Pages Index,http://justdrivemedia.com/,mightypr.com,True,9999,0,1789425270,1789425270,False,False,False
https://nvvegfest.blogspot.com/videos/search?FORM=HDRSC3&q=nvvegfest.blogspot.com%2Flilso.html,nvvegfest,http://justdrivemedia.com/,mightypr,True,50174,0,1789424607,1789424607,False,False,False
https://alrooohi.blogspot.com/&page=4,ERROR 404 - alroooh,http://justdrivemedia.com/,mightypr,True,13512,0,1789423256,1789423256,False,False,False
https://rarebacklinks.com/breyedseo/,Directory Pages Index,https://justdrivemedia.com/,http://www.mightypr.com,True,9999,0,1789422464,1789422464,False,False,False
https://sidarma88gacor.shop/link-profile-hub/premium-contextual-link-placements-to-improve-citation-flow-drive-qualified-visitors-and-grow-your-business-online-76b2c9.html,"Premium Contextual Link Placements to Improve Citation Flow. Drive Qualified Visitors, and Grow Your Business Online.",http://justdrivemedia.com/,"Professional High DA Backlinks for mightypr.com for Higher DA and DR Scores. Strengthen Website Reputation, with Safe Link Velocity.",False,5000,0,1789412853,1789412853,False,False,False
https://backlinkgenerator.org/dir/ethical-seo-backlinks-109933,"Premium SEO Link Building Services for Building Strong Website Backlinks, Improving Search Engine Authority, Increasing Rankings, and Growing Organic Visitors - Page 109,933",https://justdrivemedia.com/,justdrivemedia.com Premium Authority Backlinks for Better Search Visibility,False,1000,0,1789411544,1790511926,False,False,False
https://www.newwebsiteslist.com/page/155824/,Top Domains – Page 155824 – newwebsiteslist.com,http://justdrivemedia.com/,mightypr.com,False,1000,0,1789411373,1789411373,False,False,False
https://sitewebseo.com/dir/seo-boosting-backlinks-136336,"Premium SEO Backlink Experts Helping Websites Build High Quality Authority Links, Improve Search Engine Positions, and Increase Organic Search Performance - Page 136,336",http://justdrivemedia.com/,mightypr.com SEO Backlink Experts for Powerful Ranking Improvement,False,1000,0,1789410760,1789410760,False,False,False
https://friendlybacklinksbuy.com/breyedseo/,Directory Pages Index,https://justdrivemedia.com/,http://www.mightypr.com,True,9999,0,1789409713,1789409713,False,False,False
https://bestseobacklinkforsite.com/asdccfseo/,Directory Pages Index,http://justdrivemedia.com/,mightypr.com,True,9999,0,1789405146,1789405146,False,False,False
https://bestbacklinksoftware.com/dir/seo-boosting-backlinks-136336,"Premium SEO Backlink Experts Helping Websites Build High Quality Authority Links, Improve Search Engine Positions, and Increase Organic Search Performance - Page 136,336",http://justdrivemedia.com/,mightypr.com SEO Backlink Experts for Powerful Ranking Improvement,False,1000,0,1789404429,1789404429,False,False,False
https://digitalchatni.com/all/1563/25.html,🏆🏆Boost your Google rankings with Premium PBN & Link Building🏆🏆,https://justdrivemedia.com/,High Quality Dofollow Backlinks DA 50 PA 40 Premium PBN Network Service justdrivemedia.com Rank First Page Google Fast SEO Link Building Buy Backlinks Online Cheap,False,3000,0,1789395804,1789395804,False,False,False
https://pulsenoc.blogspot.com/URL%20HERE,ERROR 404 - pulsenoc,https://justdrivemedia.com/,justdrivemedia.com,True,13509,0,1789395263,1789395263,False,False,False
https://thedocmag.com/all/1915/32.html,🏆🏆Boost your Google rankings with Premium PBN & Link Building🏆🏆,http://justdrivemedia.com/,High Quality Dofollow Backlinks DA 50 PA 40 Premium PBN Network Service mightypr.com Rank First Page Google Fast SEO Link Building Buy Backlinks Online Cheap,False,3000,0,1789392272,1789392272,False,False,False
https://domraider.uk.net/zwhu44ag-domains/,"Any SEO resource - we have it. 🔥 No resellers, no middlemen, lowest price. zwhu44ag",http://justdrivemedia.com/,mightypr.com,False,16003,0,1789379088,1789379088,False,False,False
https://mymarketpost.com/all/1915/32.html,🏆🏆Boost your Google rankings with Premium PBN & Link Building🏆🏆,http://justdrivemedia.com/,High Quality Dofollow Backlinks DA 50 PA 40 Premium PBN Network Service mightypr.com Rank First Page Google Fast SEO Link Building Buy Backlinks Online Cheap,False,3000,0,1789377453,1789377453,False,False,False
https://fastlifesite.com/all/1915/32.html,🏆🏆Boost your Google rankings with Premium PBN & Link Building🏆🏆,http://justdrivemedia.com/,High Quality Dofollow Backlinks DA 50 PA 40 Premium PBN Network Service mightypr.com Rank First Page Google Fast SEO Link Building Buy Backlinks Online Cheap,False,3000,0,1789367837,1789367837,False,False,False
https://dupurgeniefr.com/all/1563/25.html,🏆🏆Boost your Google rankings with Premium PBN & Link Building🏆🏆,https://justdrivemedia.com/,High Quality Dofollow Backlinks DA 50 PA 40 Premium PBN Network Service justdrivemedia.com Rank First Page Google Fast SEO Link Building Buy Backlinks Online Cheap,False,3000,0,1789353848,1789353848,False,False,False
https://amalanandas.blogspot.com/store,ERROR 404 - AmalAnanda,https://justdrivemedia.com/,justdrivemedia.com,True,13511,0,1789349255,1789349255,False,False,False
https://sahammurah.com/all/1915/32.html,🏆🏆Boost your Google rankings with Premium PBN & Link Building🏆🏆,http://justdrivemedia.com/,High Quality Dofollow Backlinks DA 50 PA 40 Premium PBN Network Service mightypr.com Rank First Page Google Fast SEO Link Building Buy Backlinks Online Cheap,False,3000,0,1789336508,1789336508,False,False,False
https://royaldb.us.com/all/1915/32.html,🏆🏆Boost your Google rankings with Premium PBN & Link Building🏆🏆,http://justdrivemedia.com/,High Quality Dofollow Backlinks DA 50 PA 40 Premium PBN Network Service mightypr.com Rank First Page Google Fast SEO Link Building Buy Backlinks Online Cheap,False,3000,0,1789335985,1789335985,False,False,False
https://australia-seo.info/dir/seo-boosting-backlinks-136336,"Premium SEO Backlink Experts Helping Websites Build High Quality Authority Links, Improve Search Engine Positions, and Increase Organic Search Performance - Page 136,336",http://justdrivemedia.com/,mightypr.com SEO Backlink Experts for Powerful Ranking Improvement,False,1000,0,1789292491,1789292491,False,False,False
https://domraider.us.com/d242olh7-domain/,"Any SEO resource - we have it. 🔥 No resellers, no middlemen, lowest price. d242olh7",https://justdrivemedia.com/,justdrivemedia.com,False,10003,0,1789292167,1790066872,False,False,False
https://royaldb.us.com/all/1563/25.html,🏆🏆Boost your Google rankings with Premium PBN & Link Building🏆🏆,https://justdrivemedia.com/,High Quality Dofollow Backlinks DA 50 PA 40 Premium PBN Network Service justdrivemedia.com Rank First Page Google Fast SEO Link Building Buy Backlinks Online Cheap,False,3000,0,1789290546,1789290546,False,False,False
https://kkinsider.com/all/1915/32.html,🏆🏆Boost your Google rankings with Premium PBN & Link Building🏆🏆,http://justdrivemedia.com/,High Quality Dofollow Backlinks DA 50 PA 40 Premium PBN Network Service mightypr.com Rank First Page Google Fast SEO Link Building Buy Backlinks Online Cheap,False,3000,0,1789284347,1789284347,False,False,False
https://aloysionunes.com/all/1915/32.html,🏆🏆Boost your Google rankings with Premium PBN & Link Building🏆🏆,http://justdrivemedia.com/,High Quality Dofollow Backlinks DA 50 PA 40 Premium PBN Network Service mightypr.com Rank First Page Google Fast SEO Link Building Buy Backlinks Online Cheap,False,3000,0,1789282870,1789282870,False,False,False
https://ufabettererm4.com/all/1915/32.html,🏆🏆Boost your Google rankings with Premium PBN & Link Building🏆🏆,http://justdrivemedia.com/,High Quality Dofollow Backlinks DA 50 PA 40 Premium PBN Network Service mightypr.com Rank First Page Google Fast SEO Link Building Buy Backlinks Online Cheap,False,3000,0,1789279082,1789279082,False,False,False
https://ggmap.co.com/all/1563/25.html,🏆🏆Boost your Google rankings with Premium PBN & Link Building🏆🏆,https://justdrivemedia.com/,High Quality Dofollow Backlinks DA 50 PA 40 Premium PBN Network Service justdrivemedia.com Rank First Page Google Fast SEO Link Building Buy Backlinks Online Cheap,False,3000,0,1789269348,1789269348,False,False,False
https://domraider.uk.net/n3elsk9m-domains/,"Any SEO resource - we have it. 🔥 No resellers, no middlemen, lowest price. n3elsk9m",https://justdrivemedia.com/,justdrivemedia.com,False,16003,0,1789261816,1789988219,False,False,False
https://casinopopular.online/pbn-directory/reliable-niche-edit-links-to-strengthen-your-link-profile-secure-first-page-positions-and-grow-your-business-online-7208af.html,"Reliable Niche Edit Links to Strengthen Your Link Profile. Secure First Page Positions, and Grow Your Business Online.",https://justdrivemedia.com/,"High Quality PBN Backlinks for justdrivemedia.com to Boost Domain Authority. Outrank Your Competitors, Across Every Niche and Market.",False,5000,0,1789253380,1790034609,False,False,False
https://bestonlinecasinogamescanada.online/seo-authority-links/powerful-manual-outreach-backlinks-to-improve-citation-flow-drive-qualified-visitors-across-every-niche-and-market-79b15a.html,"Powerful Manual Outreach Backlinks to Improve Citation Flow. Drive Qualified Visitors, Across Every Niche and Market.",https://justdrivemedia.com/,"High Quality PBN Backlinks for justdrivemedia.com to Boost Domain Authority. Outrank Your Competitors, Across Every Niche and Market.",False,5000,0,1789197052,1790078617,False,False,False
https://betulcrime.com/all/1915/32.html,🏆🏆Boost your Google rankings with Premium PBN & Link Building🏆🏆,http://justdrivemedia.com/,High Quality Dofollow Backlinks DA 50 PA 40 Premium PBN Network Service mightypr.com Rank First Page Google Fast SEO Link Building Buy Backlinks Online Cheap,False,3000,0,1789190613,1789190613,False,False,False
https://domraider.br.com/w4mioo7o-listings/,"Any SEO resource - we have it. 🔥 No resellers, no middlemen, lowest price. w4mioo7o",http://justdrivemedia.com/,mightypr.com,False,19503,0,1789189536,1789189536,False,False,False
https://domraider.us.com/ri06foh1-domain/,"Any SEO resource - we have it. 🔥 No resellers, no middlemen, lowest price. ri06foh1",http://justdrivemedia.com/,mightypr.com,False,10003,0,1789184836,1789184836,False,False,False
https://marinasone.com/all/1915/32.html,🏆🏆Boost your Google rankings with Premium PBN & Link Building🏆🏆,http://justdrivemedia.com/,High Quality Dofollow Backlinks DA 50 PA 40 Premium PBN Network Service mightypr.com Rank First Page Google Fast SEO Link Building Buy Backlinks Online Cheap,False,3000,0,1789181430,1789181430,False,False,False
https://domraider.uk.com/d2umgh9m-d/,"Any SEO resource - we have it. 🔥 No resellers, no middlemen, lowest price. d2umgh9m",https://justdrivemedia.com/,justdrivemedia.com,False,17003,0,1789178503,1790640974,False,False,False
https://quotesblom.com/all/1915/32.html,🏆🏆Boost your Google rankings with Premium PBN & Link Building🏆🏆,http://justdrivemedia.com/,High Quality Dofollow Backlinks DA 50 PA 40 Premium PBN Network Service mightypr.com Rank First Page Google Fast SEO Link Building Buy Backlinks Online Cheap,False,3000,0,1789175981,1789175981,False,False,False
https://justdrivemedia.vercel.app/blog/beyond-geo-how-communications-shapes-what-ai-knows-about-your-brand,Beyond GEO: How Communications Shapes What AI Knows About Yo...,https://justdrivemedia.com/blog/influence-architecture-how-modern-brands-are-actually-built,Influence Architecture,False,6,0,1789169831,1790580150,False,False,False
https://juaralaundry.com/backlink-network/expert-contextual-link-placements-to-improve-citation-flow-grow-search-traffic-and-grow-your-business-online-b27d4b.html,"Expert Contextual Link Placements to Improve Citation Flow. Grow Search Traffic, and Grow Your Business Online.",http://justdrivemedia.com/,High Quality Dofollow Backlinks DA 50 PA 40 Premium PBN Network Service mightypr.com Rank First Page Google Fast SEO Link Building Buy Backlinks Online Cheap,False,3000,0,1789169043,1789169043,False,False,False
https://best-seo-domains.com/o184smpr-list/,"Any SEO resource - we have it. 🔥 No resellers, no middlemen, lowest price. o184smpr",https://justdrivemedia.com/,justdrivemedia.com,False,19503,0,1789164387,1790619801,False,False,False
https://juaralaundry.com/domain-authority-tools/powerful-guest-post-service-for-higher-da-and-dr-scores-drive-qualified-visitors-with-safe-link-velocity-f98ae7.html,"Powerful Guest Post Service for Higher DA and DR Scores. Drive Qualified Visitors, with Safe Link Velocity.",https://justdrivemedia.com/,High Quality Dofollow Backlinks DA 50 PA 40 Premium PBN Network Service justdrivemedia.com Rank First Page Google Fast SEO Link Building Buy Backlinks Online Cheap,False,3000,0,1789157177,1790291026,False,False,False
https://az500subadds.blogspot.com/www.RealEstateTechGuy.com,ERROR 404 - az500subadds,https://justdrivemedia.com/,justdrivemedia.com,True,13511,0,1789156608,1789156608,False,False,False
https://domraider.br.com/l4uq64q8-listings/,"Any SEO resource - we have it. 🔥 No resellers, no middlemen, lowest price. l4uq64q8",https://justdrivemedia.com/,justdrivemedia.com,False,19503,0,1789151425,1790670414,False,False,False
https://marinasone.com/all/1563/25.html,🏆🏆Boost your Google rankings with Premium PBN & Link Building🏆🏆,https://justdrivemedia.com/,High Quality Dofollow Backlinks DA 50 PA 40 Premium PBN Network Service justdrivemedia.com Rank First Page Google Fast SEO Link Building Buy Backlinks Online Cheap,False,3000,0,1789146837,1789146837,False,False,False
https://domraider.gb.net/q3tufobh-li/,"Any SEO resource - we have it. 🔥 No resellers, no middlemen, lowest price. q3tufobh",http://justdrivemedia.com/,mightypr.com,False,18003,0,1789137762,1789137762,False,False,False
https://ggmap.co.com/all/1915/32.html,🏆🏆Boost your Google rankings with Premium PBN & Link Building🏆🏆,http://justdrivemedia.com/,High Quality Dofollow Backlinks DA 50 PA 40 Premium PBN Network Service mightypr.com Rank First Page Google Fast SEO Link Building Buy Backlinks Online Cheap,False,3000,0,1789128906,1789128906,False,False,False
https://best-seo-domains.com/q2sub9g9-list/,"Any SEO resource - we have it. 🔥 No resellers, no middlemen, lowest price. q2sub9g9",http://justdrivemedia.com/,mightypr.com,False,19503,0,1789104375,1789834850,False,False,False
https://primenewsartical.com/all/1915/32.html,🏆🏆Boost your Google rankings with Premium PBN & Link Building🏆🏆,http://justdrivemedia.com/,High Quality Dofollow Backlinks DA 50 PA 40 Premium PBN Network Service mightypr.com Rank First Page Google Fast SEO Link Building Buy Backlinks Online Cheap,False,3000,0,1789103165,1789103165,False,False,False
https://onvaxs.com/all/1915/32.html,🏆🏆Boost your Google rankings with Premium PBN & Link Building🏆🏆,http://justdrivemedia.com/,High Quality Dofollow Backlinks DA 50 PA 40 Premium PBN Network Service mightypr.com Rank First Page Google Fast SEO Link Building Buy Backlinks Online Cheap,False,3000,0,1789103082,1789103082,False,False,False
https://www.mightypr.com/,,https://justdrivemedia.com/,,False,0,0,1789102866,1789102866,False,False,False
https://masihnyata.com/all/1563/25.html,🏆🏆Boost your Google rankings with Premium PBN & Link Building🏆🏆,https://justdrivemedia.com/,High Quality Dofollow Backlinks DA 50 PA 40 Premium PBN Network Service justdrivemedia.com Rank First Page Google Fast SEO Link Building Buy Backlinks Online Cheap,False,3000,0,1789101808,1789101808,False,False,False
https://daechul.co.com/all/1915/32.html,🏆🏆Boost your Google rankings with Premium PBN & Link Building🏆🏆,http://justdrivemedia.com/,High Quality Dofollow Backlinks DA 50 PA 40 Premium PBN Network Service mightypr.com Rank First Page Google Fast SEO Link Building Buy Backlinks Online Cheap,False,3000,0,1789100828,1789100828,False,False,False
https://www.pocketgamer.biz/industry/mighty-pr/,Mighty PR - Company Profile | PocketGamer.biz,https://justdrivemedia.com/,www.mightypr.com/,False,1,9,1789095057,1789095057,False,False,False
http://knows.sbs/domain/domain/part/155824,seo domain research,http://justdrivemedia.com/,mightypr.com,True,1973,1,1789093713,1789093713,False,False,False
https://mediaboooster.com/all/1915/32.html,,http://justdrivemedia.com/,High Quality Dofollow Backlinks DA 50 PA 40 Premium PBN Network Service mightypr.com Rank First Page Google Fast SEO Link Building Buy Backlinks Online Cheap,False,2999,0,1789090611,1789090611,False,False,False
https://domraider.eu.com/vhz6hixk-listi/,"Any SEO resource - we have it. 🔥 No resellers, no middlemen, lowest price. vhz6hixk",http://justdrivemedia.com/,mightypr.com,False,18503,0,1789086508,1789086508,False,False,False
https://seol.store/domain/domain/part/155824,seo domain research,http://justdrivemedia.com/,mightypr.com,True,1973,0,1789086487,1789856212,False,False,False
https://sahammurah.com/all/1563/25.html,🏆🏆Boost your Google rankings with Premium PBN & Link Building🏆🏆,https://justdrivemedia.com/,High Quality Dofollow Backlinks DA 50 PA 40 Premium PBN Network Service justdrivemedia.com Rank First Page Google Fast SEO Link Building Buy Backlinks Online Cheap,False,3000,0,1789078288,1789078288,False,False,False
https://coruzants.com/all/1915/32.html,🏆🏆Boost your Google rankings with Premium PBN & Link Building🏆🏆,http://justdrivemedia.com/,High Quality Dofollow Backlinks DA 50 PA 40 Premium PBN Network Service mightypr.com Rank First Page Google Fast SEO Link Building Buy Backlinks Online Cheap,False,3000,0,1789060925,1789060925,False,False,False
https://southfwb.com/all/1915/32.html,🏆🏆Boost your Google rankings with Premium PBN & Link Building🏆🏆,http://justdrivemedia.com/,High Quality Dofollow Backlinks DA 50 PA 40 Premium PBN Network Service mightypr.com Rank First Page Google Fast SEO Link Building Buy Backlinks Online Cheap,False,3000,0,1789038567,1789038567,False,False,False
https://archive-hu.com/all/1915/32.html,🏆🏆Boost your Google rankings with Premium PBN & Link Building🏆🏆,http://justdrivemedia.com/,High Quality Dofollow Backlinks DA 50 PA 40 Premium PBN Network Service mightypr.com Rank First Page Google Fast SEO Link Building Buy Backlinks Online Cheap,False,3000,0,1788975507,1788975507,False,False,False
https://ganjapreneur.com/business/mighty-pr/,Mighty PR - Ganjapreneur,https://justdrivemedia.com/,Website,False,11,8,1788964103,1789015388,False,False,False
https://ganjapreneur.com/business/mighty-pr/,Mighty PR - Ganjapreneur,https://justdrivemedia.com/,Visit Website,False,11,8,1788964103,1789015388,False,False,False
https://fashionclothingnews.com/all/1915/32.html,🏆🏆Boost your Google rankings with Premium PBN & Link Building🏆🏆,http://justdrivemedia.com/,High Quality Dofollow Backlinks DA 50 PA 40 Premium PBN Network Service mightypr.com Rank First Page Google Fast SEO Link Building Buy Backlinks Online Cheap,False,3000,0,1788953366,1788953366,False,False,False
https://blogerreviewers.com/all/1915/32.html,🏆🏆Boost your Google rankings with Premium PBN & Link Building🏆🏆,http://justdrivemedia.com/,High Quality Dofollow Backlinks DA 50 PA 40 Premium PBN Network Service mightypr.com Rank First Page Google Fast SEO Link Building Buy Backlinks Online Cheap,False,3000,0,1788952927,1788952927,False,False,False
https://cpgclan.blogspot.com/rewards/dashboard,ERROR 404 - cpgclan,https://justdrivemedia.com/,justdrivemedia.com,True,13509,0,1788947881,1788947881,False,False,False
https://mightypr.com/terms-of-service/,,https://justdrivemedia.com/,,False,0,0,1788908436,1790685876,False,False,False
https://aloysionunes.com/all/1563/25.html,🏆🏆Boost your Google rankings with Premium PBN & Link Building🏆🏆,https://justdrivemedia.com/,High Quality Dofollow Backlinks DA 50 PA 40 Premium PBN Network Service justdrivemedia.com Rank First Page Google Fast SEO Link Building Buy Backlinks Online Cheap,False,3000,0,1788879904,1790334450,False,False,False
https://www.getavo.ai/blog/defining-ai-visibility,Defining AI Visibility: How Brands Are Discovered in Today’s Search Landscape | AVO,https://justdrivemedia.com/blog/geo-brands-stay-visible-in-ai-first-search,justdrivemedia.com,False,9,0,1788878259,1788878259,False,False,False
https://fastlifesite.com/all/1563/25.html,🏆🏆Boost your Google rankings with Premium PBN & Link Building🏆🏆,https://justdrivemedia.com/,High Quality Dofollow Backlinks DA 50 PA 40 Premium PBN Network Service justdrivemedia.com Rank First Page Google Fast SEO Link Building Buy Backlinks Online Cheap,False,3000,0,1788863089,1790473289,False,False,False
https://wecelebrities.com/all/1915/32.html,🏆🏆Boost your Google rankings with Premium PBN & Link Building🏆🏆,http://justdrivemedia.com/,High Quality Dofollow Backlinks DA 50 PA 40 Premium PBN Network Service mightypr.com Rank First Page Google Fast SEO Link Building Buy Backlinks Online Cheap,False,3000,0,1788854682,1788854682,False,False,False
https://www.getavo.ai/id/blog/defining-ai-visibility,Mendefinisikan Visibilitas AI: Cara Merek Ditemukan dalam Pencarian Saat Ini | AVO,https://justdrivemedia.com/blog/geo-brands-stay-visible-in-ai-first-search,justdrivemedia.com,False,8,0,1788850537,1790469754,False,False,False
https://bestnz-poker-casinoslot.com/all/1563/25.html,🏆🏆Boost your Google rankings with Premium PBN & Link Building🏆🏆,https://justdrivemedia.com/,High Quality Dofollow Backlinks DA 50 PA 40 Premium PBN Network Service justdrivemedia.com Rank First Page Google Fast SEO Link Building Buy Backlinks Online Cheap,False,3000,0,1788828929,1790490340,False,False,False
https://webranksdirectory.com/website-list-936/,Directory Pages Index,http://justdrivemedia.com/,mightypr,False,5000,0,1788816458,1789592231,False,False,False
https://webranksdirectory.com/website-list-1253/,Directory Pages Index,https://justdrivemedia.com/,justdrivemedia,False,5000,0,1788809151,1790323922,False,False,False
https://online.pr/agency/mighty-united-states,Mighty | San Francisco — PR Agency — Online PR,https://justdrivemedia.com/,website,False,12,0,1788796013,1788960626,False,False,False
https://online.pr/agency/mighty-united-states,Mighty | San Francisco — PR Agency — Online PR,https://justdrivemedia.com/,Website,False,12,0,1788796013,1788960626,False,False,False
https://online.pr/agency/mighty-united-states,Mighty | San Francisco — PR Agency — Online PR,https://justdrivemedia.com/,Visit website,False,12,0,1788796013,1788960626,False,False,False
https://mediaboooster.com/all/1563/25.html,,https://justdrivemedia.com/,High Quality Dofollow Backlinks DA 50 PA 40 Premium PBN Network Service justdrivemedia.com Rank First Page Google Fast SEO Link Building Buy Backlinks Online Cheap,False,2999,0,1788783760,1790435944,False,False,False
https://cvillico.com/all/1563/25.html,🏆🏆Boost your Google rankings with Premium PBN & Link Building🏆🏆,https://justdrivemedia.com/,High Quality Dofollow Backlinks DA 50 PA 40 Premium PBN Network Service justdrivemedia.com Rank First Page Google Fast SEO Link Building Buy Backlinks Online Cheap,False,3000,0,1788778772,1790437812,False,False,False
https://seol.store/domain/domain/part/155824/lan/ar,seo domain research,http://justdrivemedia.com/,mightypr.com,True,1973,0,1788761829,1788761829,False,False,False
https://themicrodigits.com/outreach-directory/high-quality-tiered-link-building-to-increase-trust-flow-increase-organic-visibility-for-long-term-seo-results-dbf063.html,"High Quality Tiered Link Building to Increase Trust Flow. Increase Organic Visibility, for Long Term SEO Results.",http://justdrivemedia.com/,High Quality Dofollow Backlinks DA 50 PA 40 Premium PBN Network Service mightypr.com Rank First Page Google Fast SEO Link Building Buy Backlinks Online Cheap,False,3000,0,1788760799,1788760799,False,False,False
https://primenewsartical.com/all/1563/25.html,🏆🏆Boost your Google rankings with Premium PBN & Link Building🏆🏆,https://justdrivemedia.com/,High Quality Dofollow Backlinks DA 50 PA 40 Premium PBN Network Service justdrivemedia.com Rank First Page Google Fast SEO Link Building Buy Backlinks Online Cheap,False,3000,0,1788757266,1790207033,False,False,False
https://daechul.co.com/all/1563/25.html,🏆🏆Boost your Google rankings with Premium PBN & Link Building🏆🏆,https://justdrivemedia.com/,High Quality Dofollow Backlinks DA 50 PA 40 Premium PBN Network Service justdrivemedia.com Rank First Page Google Fast SEO Link Building Buy Backlinks Online Cheap,False,3000,0,1788739422,1788739422,False,False,False
https://sites.jake.eu/share/30525,❤️ URL Shared ❤️,http://justdrivemedia.com/,mightypr.com,True,3500,0,1788712709,1788712709,False,False,False
https://clifflisting.com/all/1563/25.html,🏆🏆Boost your Google rankings with Premium PBN & Link Building🏆🏆,https://justdrivemedia.com/,High Quality Dofollow Backlinks DA 50 PA 40 Premium PBN Network Service justdrivemedia.com Rank First Page Google Fast SEO Link Building Buy Backlinks Online Cheap,False,3000,0,1788712369,1790373236,False,False,False
https://clifflisting.com/all/1915/32.html,🏆🏆Boost your Google rankings with Premium PBN & Link Building🏆🏆,http://justdrivemedia.com/,High Quality Dofollow Backlinks DA 50 PA 40 Premium PBN Network Service mightypr.com Rank First Page Google Fast SEO Link Building Buy Backlinks Online Cheap,False,3000,0,1788688199,1788688199,False,False,False
https://www.thevirtualreport.biz/company/6149/mighty-pr/,Mighty PR | Company Profile | The Virtual Report.biz | TVRbiz,https://justdrivemedia.com/,http://www.mightypr.com/,False,31,2,1788682271,1788682271,False,False,False
https://phanerosart.com/all/1915/32.html,🏆🏆Boost your Google rankings with Premium PBN & Link Building🏆🏆,http://justdrivemedia.com/,High Quality Dofollow Backlinks DA 50 PA 40 Premium PBN Network Service mightypr.com Rank First Page Google Fast SEO Link Building Buy Backlinks Online Cheap,False,3000,0,1788675117,1788675117,False,False,False
https://olsals.blogspot.com/holostyak-stb-2021&from=%7B35F17854-52E7-4D8C-B288-EE49AA078DE3%7D,ERROR 404 - olsals,http://justdrivemedia.com/,mightypr.com,True,13511,0,1788661649,1788661649,False,False,False
https://alrooohi.blogspot.com/&page=7,ERROR 404 - alroooh,http://justdrivemedia.com/,mightypr,True,13512,0,1788656795,1788656795,False,False,False
https://takes.sbs/domain/domain/part/155824,seo domain research,http://justdrivemedia.com/,mightypr.com,True,1973,0,1788652742,1788652742,False,False,False
https://alrooohi.blogspot.com/us/?url=https%3A%2F%2Falrooohi.blogspot.com%2F,ERROR 404 - alroooh,http://justdrivemedia.com/,mightypr,True,13512,0,1788651023,1788651023,False,False,False
https://alrooohi.blogspot.com/uudet-nettikasinot-syksy-2020.html,ERROR 404 - alroooh,http://justdrivemedia.com/,mightypr,True,13512,0,1788650915,1788650915,False,False,False
https://kilnip.blogspot.com/&page=5,ERROR 404 - kilnip,http://justdrivemedia.com/,mightypr.com,True,13511,0,1788650321,1788650321,False,False,False
https://kilnip.blogspot.com/&output=text%2Frdf+n3,ERROR 404 - kilnip,http://justdrivemedia.com/,mightypr.com,True,13511,0,1788649813,1788649813,False,False,False
https://pulsenoc.blogspot.com/holostyak-stb-2021&from=%7B3F68BDA4-2262-4A72-9836-A430EE7ACC12%7D,ERROR 404 - pulsenoc,https://justdrivemedia.com/,justdrivemedia.com,True,13509,0,1788649372,1788649372,False,False,False
https://realdanlyons.com/blog/2011/09/28/kindle-fire-and-the-tricky-business-of-chasing-scoops/,"Kindle Fire, and the tricky business of chasing scoops - Real Dan Lyons",https://justdrivemedia.com/,Candace,True,20,1,1788647266,1788647266,False,False,False
http://www.youtoo.in/page-c3ccf24a9bb7c02b186ada0484b200fb.html,Where to buy 🚀 aged domains and backlinks 🔥 from www.youtoo.in| 3249-7021,http://justdrivemedia.com/,justdrivemedia.com,False,10158,0,1788637872,1790091124,False,False,False
https://mymarketpost.com/all/1563/25.html,🏆🏆Boost your Google rankings with Premium PBN & Link Building🏆🏆,https://justdrivemedia.com/,High Quality Dofollow Backlinks DA 50 PA 40 Premium PBN Network Service justdrivemedia.com Rank First Page Google Fast SEO Link Building Buy Backlinks Online Cheap,False,3000,0,1788636158,1790305554,False,False,False
https://plumeriamarketing.com/all/796/24.html,🏆🏆Boost your Google rankings with Premium PBN & Link Building🏆🏆,http://justdrivemedia.com/,High Quality Dofollow Backlinks DA 50 PA 40 Premium PBN Network Service mightypr.com Rank First Page Google Fast SEO Link Building Buy Backlinks Online Cheap,False,3000,0,1788619124,1789339289,False,False,False
https://cvillico.com/all/1915/32.html,🏆🏆Boost your Google rankings with Premium PBN & Link Building🏆🏆,http://justdrivemedia.com/,High Quality Dofollow Backlinks DA 50 PA 40 Premium PBN Network Service mightypr.com Rank First Page Google Fast SEO Link Building Buy Backlinks Online Cheap,False,3000,0,1788615617,1788615617,False,False,False
https://plrdownloadshub.com/all/1563/25.html,🏆🏆Boost your Google rankings with Premium PBN & Link Building🏆🏆,https://justdrivemedia.com/,High Quality Dofollow Backlinks DA 50 PA 40 Premium PBN Network Service justdrivemedia.com Rank First Page Google Fast SEO Link Building Buy Backlinks Online Cheap,False,3000,0,1788614751,1790048186,False,False,False
https://ggmap.us.com/all/1915/32.html,🏆🏆Boost your Google rankings with Premium PBN & Link Building🏆🏆,http://justdrivemedia.com/,High Quality Dofollow Backlinks DA 50 PA 40 Premium PBN Network Service mightypr.com Rank First Page Google Fast SEO Link Building Buy Backlinks Online Cheap,False,3000,0,1788613529,1788613529,False,False,False
https://techbumppy.com/all/1915/32.html,🏆🏆Boost your Google rankings with Premium PBN & Link Building🏆🏆,http://justdrivemedia.com/,High Quality Dofollow Backlinks DA 50 PA 40 Premium PBN Network Service mightypr.com Rank First Page Google Fast SEO Link Building Buy Backlinks Online Cheap,False,3000,0,1788566505,1788566505,False,False,False
http://www.tyres.pro/page-5c2382785a8bac0146f2085fd1d7ce66.html,Where to buy 🚀 aged domains and backlinks 🔥 from www.tyres.pro| 5238-2785,http://justdrivemedia.com/,mightypr.com,False,10159,0,1788531056,1788531056,False,False,False
https://domraider.it.com/k2p0leup-lis/,"Any SEO resource - we have it. 🔥 No resellers, no middlemen, lowest price. k2p0leup",http://justdrivemedia.com/,mightypr.com,False,17503,0,1788523728,1789605838,False,False,False
https://www.inc.com/inc-leadership-forum/29-small-cultural-rituals-with-big-impact/91399751,29 Small Cultural Rituals With Big Impact,https://www.justdrivemedia.com/,Just Drive Media,False,52,14,1788520950,1789900926,False,False,False
https://dupurgeniefr.com/all/1915/32.html,🏆🏆Boost your Google rankings with Premium PBN & Link Building🏆🏆,http://justdrivemedia.com/,High Quality Dofollow Backlinks DA 50 PA 40 Premium PBN Network Service mightypr.com Rank First Page Google Fast SEO Link Building Buy Backlinks Online Cheap,False,3000,0,1788514515,1788514515,False,False,False
https://smartstimer.com/all/1915/32.html,🏆🏆Boost your Google rankings with Premium PBN & Link Building🏆🏆,http://justdrivemedia.com/,High Quality Dofollow Backlinks DA 50 PA 40 Premium PBN Network Service mightypr.com Rank First Page Google Fast SEO Link Building Buy Backlinks Online Cheap,False,3000,0,1788508142,1788508142,False,False,False
https://lawyerinjeddah.com/all/796/24.html,🏆🏆Boost your Google rankings with Premium PBN & Link Building🏆🏆,http://justdrivemedia.com/,High Quality Dofollow Backlinks DA 50 PA 40 Premium PBN Network Service mightypr.com Rank First Page Google Fast SEO Link Building Buy Backlinks Online Cheap,False,3000,0,1788336727,1788336727,False,False,False
https://blogerreviewers.com/all/1563/25.html,🏆🏆Boost your Google rankings with Premium PBN & Link Building🏆🏆,https://justdrivemedia.com/,High Quality Dofollow Backlinks DA 50 PA 40 Premium PBN Network Service justdrivemedia.com Rank First Page Google Fast SEO Link Building Buy Backlinks Online Cheap,False,3000,0,1788332619,1789981458,False,False,False
https://hotonlinegaming.com/all/1563/25.html,🏆🏆Boost your Google rankings with Premium PBN & Link Building🏆🏆,https://justdrivemedia.com/,High Quality Dofollow Backlinks DA 50 PA 40 Premium PBN Network Service justdrivemedia.com Rank First Page Google Fast SEO Link Building Buy Backlinks Online Cheap,False,3000,0,1788318968,1790045262,False,False,False
https://vasavm.blogspot.com/&eid=1&p=216-2-71016b553a1fa2c9.3b14d1d7ea8d5f86,ERROR 404 - vasavm,http://justdrivemedia.com/,mightypr,True,13512,0,1788308416,1788308416,False,False,False
https://betulcrime.com/all/1563/25.html,🏆🏆Boost your Google rankings with Premium PBN & Link Building🏆🏆,https://justdrivemedia.com/,High Quality Dofollow Backlinks DA 50 PA 40 Premium PBN Network Service justdrivemedia.com Rank First Page Google Fast SEO Link Building Buy Backlinks Online Cheap,False,3000,0,1788298720,1789723871,False,False,False
https://kilnip.blogspot.com/store,ERROR 404 - kilnip,http://justdrivemedia.com/,mightypr.com,True,13511,0,1788283757,1788283757,False,False,False
https://olsals.blogspot.com/&page=4,ERROR 404 - olsals,http://justdrivemedia.com/,mightypr.com,True,13511,0,1788280801,1788280801,False,False,False
https://tehsmed.blogspot.com/&output=application%2Frdf+json,ERROR 404 - tehsmed,http://justdrivemedia.com/,mightypr.com,True,13511,0,1788278636,1788278636,False,False,False
http://libyanatravel.com/all/796/24.html,🏆🏆Boost your Google rankings with Premium PBN & Link Building🏆🏆,http://justdrivemedia.com/,High Quality Dofollow Backlinks DA 50 PA 40 Premium PBN Network Service mightypr.com Rank First Page Google Fast SEO Link Building Buy Backlinks Online Cheap,False,3000,0,1788277687,1789410638,False,False,False
https://olsals.blogspot.com/us/?url=https%3A%2F%2Folsals.blogspot.com%2F,ERROR 404 - olsals,http://justdrivemedia.com/,mightypr.com,True,13511,0,1788275844,1788275844,False,False,False
https://hotonlinegaming.com/all/1915/32.html,🏆🏆Boost your Google rankings with Premium PBN & Link Building🏆🏆,http://justdrivemedia.com/,High Quality Dofollow Backlinks DA 50 PA 40 Premium PBN Network Service mightypr.com Rank First Page Google Fast SEO Link Building Buy Backlinks Online Cheap,False,3000,0,1788272347,1789915299,False,False,False
https://amalanandas.blogspot.com/&page=3,ERROR 404 - AmalAnanda,https://justdrivemedia.com/,justdrivemedia.com,True,13511,0,1788271315,1788271315,False,False,False
https://www.ready.pro/stats/30525,✅ Website Stats 📊,http://justdrivemedia.com/,mightypr.com,True,3500,0,1788264566,1788264566,False,False,False
https://luma.com/51f9un86,Warm Water AI Salon/BBQ · Luma,http://justdrivemedia.com/,MightyPR.com,True,11,0,1788258481,1788258481,False,False,False
https://masihnyata.com/all/1915/32.html,🏆🏆Boost your Google rankings with Premium PBN & Link Building🏆🏆,http://justdrivemedia.com/,High Quality Dofollow Backlinks DA 50 PA 40 Premium PBN Network Service mightypr.com Rank First Page Google Fast SEO Link Building Buy Backlinks Online Cheap,False,3000,0,1788248887,1788248887,False,False,False
https://souwika.blogspot.com/trends/,ERROR 404 - souwika souwika,http://justdrivemedia.com/,mightypr,True,13512,0,1788237507,1788237507,False,False,False
https://tehsmed.blogspot.com/&output=text%2Frdf+n3,ERROR 404 - tehsmed,http://justdrivemedia.com/,mightypr.com,True,13511,0,1788223125,1788223125,False,False,False
https://plazop.com/website-list-1253/,Directory Pages Index,https://justdrivemedia.com/,justdrivemedia,False,5000,0,1788223078,1790084993,False,False,False
https://plazop.com/website-list-936/,Directory Pages Index,http://justdrivemedia.com/,mightypr,False,5000,0,1788220352,1788946119,False,False,False
https://bestnz-poker-casinoslot.com/all/1915/32.html,🏆🏆Boost your Google rankings with Premium PBN & Link Building🏆🏆,http://justdrivemedia.com/,High Quality Dofollow Backlinks DA 50 PA 40 Premium PBN Network Service mightypr.com Rank First Page Google Fast SEO Link Building Buy Backlinks Online Cheap,False,3000,0,1788220052,1789659217,False,False,False
https://missburrg.com/all/796/24.html,🏆🏆Boost your Google rankings with Premium PBN & Link Building🏆🏆,http://justdrivemedia.com/,High Quality Dofollow Backlinks DA 50 PA 40 Premium PBN Network Service mightypr.com Rank First Page Google Fast SEO Link Building Buy Backlinks Online Cheap,False,3000,0,1788195449,1788195449,False,False,False
https://nivira.shop/all/747/6.html,🏆🏆Boost your Google rankings with Premium PBN & Link Building🏆🏆,https://justdrivemedia.com/,High Quality Dofollow Backlinks DA 50 PA 40 Premium PBN Network Service justdrivemedia.com Rank First Page Google Fast SEO Link Building Buy Backlinks Online Cheap,False,3000,0,1788190994,1788190994,False,False,False
https://coruzants.com/all/1563/25.html,🏆🏆Boost your Google rankings with Premium PBN & Link Building🏆🏆,https://justdrivemedia.com/,High Quality Dofollow Backlinks DA 50 PA 40 Premium PBN Network Service justdrivemedia.com Rank First Page Google Fast SEO Link Building Buy Backlinks Online Cheap,False,3000,0,1788185414,1789555343,False,False,False
https://phanerosart.com/all/1563/25.html,🏆🏆Boost your Google rankings with Premium PBN & Link Building🏆🏆,https://justdrivemedia.com/,High Quality Dofollow Backlinks DA 50 PA 40 Premium PBN Network Service justdrivemedia.com Rank First Page Google Fast SEO Link Building Buy Backlinks Online Cheap,False,3000,0,1788142386,1789582643,False,False,False
https://takes.sbs/domain/domain/part/155824/quote.aspx?o=abs&stockid=13675%2C38407,seo domain research,https://justdrivemedia.com/,mightypr.com,True,1973,5,1788141914,1788141914,False,False,False
https://way2check.cv/page-5c2382785a8bac0146f2085fd1d7ce66.html,Where to buy 🚀 aged domains and backlinks 🔥 from all-aged-domains | 5238-2785,https://justdrivemedia.com/,mightypr.com,False,10160,0,1788124544,1788124544,False,False,False
https://olsals.blogspot.com/news/search?FORM=HDRSC6&q=olsals.blogspot.com%2Flilso.html,ERROR 404 - olsals,https://justdrivemedia.com/,mightypr.com,True,13511,0,1788117370,1788117370,False,False,False
https://pulsenoc.blogspot.com/images/search?FORM=HDRSC2&q=pulsenoc.blogspot.com,ERROR 404 - pulsenoc,https://justdrivemedia.com/,justdrivemedia.com,True,13509,0,1788112124,1788112124,False,False,False
https://mail.wallpapers.pro/02e71cd8c499bb1000853a8a16993609-l/,Where to buy 🚀 aged domains and backlinks 🔥 | 0271-8499,https://justdrivemedia.com/,mightypr.com,False,9002,0,1788100838,1788100838,False,False,False
https://www.pcgamesinsider.biz/company/6149/mighty-pr/,Mighty PR | Company Profile | PC Games Insider,https://justdrivemedia.com/,http://www.mightypr.com/,False,36,6,1788100200,1788979247,False,False,False
https://archive-hu.com/all/1563/25.html,🏆🏆Boost your Google rankings with Premium PBN & Link Building🏆🏆,https://justdrivemedia.com/,High Quality Dofollow Backlinks DA 50 PA 40 Premium PBN Network Service justdrivemedia.com Rank First Page Google Fast SEO Link Building Buy Backlinks Online Cheap,False,3000,0,1788097214,1789323708,False,False,False
https://no.search.yahoo.com/mobile/s?b=246&ei=UTF-8&pz=7&q=Iris%2BLaw&xargs=0,Iris+Law - søkeresultater fra Yahoo,https://justdrivemedia.com/blog/5-steps-to-running-a-smooth-ama-on-social-media,justdrivemedia.com › blog › 5-steps-to-running-a-smooth-ama-on-social-media 5 Steps To Running A Smooth AMA On Social Media,False,10,22,1788094024,1788094024,False,False,False
https://bye.fyi/report/30525,👲 Domain Report 👲,https://justdrivemedia.com/,mightypr.com,True,3500,0,1788081498,1788081498,False,False,False
https://plumeriamarketing.com/all/444/20.html,🏆🏆Boost your Google rankings with Premium PBN & Link Building🏆🏆,https://justdrivemedia.com/,High Quality Dofollow Backlinks DA 50 PA 40 Premium PBN Network Service justdrivemedia.com Rank First Page Google Fast SEO Link Building Buy Backlinks Online Cheap,False,3000,0,1788077209,1790621846,False,False,False
https://www.thevirtualreport.biz/asia/company/6149/mighty-pr/,Mighty PR | Company Profile | The Virtual Report.biz | TVRbiz,https://justdrivemedia.com/,http://www.mightypr.com/,False,31,2,1788075553,1788075553,False,False,False
https://www.takes.sbs/domain/domain/part/155824,seo domain research,https://justdrivemedia.com/,mightypr.com,True,1973,0,1788064160,1788064160,False,False,False
https://tehsmed.blogspot.com/images/search?FORM=KCHIMM&cbn=KnowledgeCard&q=html&thid=OSK.HEROR41ocHR5EQfXb458V-qgvm-oq_agITm9vDEo8QhHFvA,ERROR 404 - tehsmed,https://justdrivemedia.com/,mightypr.com,True,13511,0,1788063601,1788063601,False,False,False
https://sbirdllc.blogspot.com/&output=text%2Fcsv,ERROR 404 - sbirdllc,https://justdrivemedia.com/,mightypr,True,13512,0,1788057894,1788057894,False,False,False
https://archive-hu.com/all/1915/32.html,🏆🏆Boost your Google rankings with Premium PBN & Link Building🏆🏆,https://justdrivemedia.com/,High Quality Dofollow Backlinks DA 50 PA 40 Premium PBN Network Service mightypr.com Rank First Page Google Fast SEO Link Building Buy Backlinks Online Cheap,False,3000,0,1788047743,1790638938,False,False,False
https://homesforsaleoldgreenwichct.com/all/1563/25.html,🏆🏆Boost your Google rankings with Premium PBN & Link Building🏆🏆,https://justdrivemedia.com/,High Quality Dofollow Backlinks DA 50 PA 40 Premium PBN Network Service justdrivemedia.com Rank First Page Google Fast SEO Link Building Buy Backlinks Online Cheap,False,3000,0,1788047019,1790383746,False,False,False
https://nvvegfest.blogspot.com/&ts=1751004710.824,nvvegfest,https://justdrivemedia.com/,mightypr,True,50174,0,1788045462,1788045462,False,False,False
https://mylisthero.com/all/1563/25.html,🏆🏆Boost your Google rankings with Premium PBN & Link Building🏆🏆,https://justdrivemedia.com/,High Quality Dofollow Backlinks DA 50 PA 40 Premium PBN Network Service justdrivemedia.com Rank First Page Google Fast SEO Link Building Buy Backlinks Online Cheap,False,3000,0,1788044939,1788044939,False,False,False
https://mail.indians.cc/page-5c2382785a8bac0146f2085fd1d7ce66.html,Where to buy 🚀 aged domains and backlinks 🔥 from mail.indians.cc | 5238-2785,https://justdrivemedia.com/,mightypr.com,False,10160,0,1788042908,1788042908,False,False,False
https://mail.domain.com.lc/page-5c2382785a8bac0146f2085fd1d7ce66.html,Where to buy 🚀 aged domains and backlinks 🔥 from mail.domain.com.lc | 5238-2785,https://justdrivemedia.com/,mightypr.com,False,10159,0,1788032256,1788032256,False,False,False
https://alrooohi.blogspot.com/login,ERROR 404 - alroooh,https://justdrivemedia.com/,mightypr,True,13512,0,1788027381,1788027381,False,False,False
https://ufabettererm4.com/all/1915/32.html,🏆🏆Boost your Google rankings with Premium PBN & Link Building🏆🏆,https://justdrivemedia.com/,High Quality Dofollow Backlinks DA 50 PA 40 Premium PBN Network Service mightypr.com Rank First Page Google Fast SEO Link Building Buy Backlinks Online Cheap,False,3000,0,1788011253,1788011253,False,False,False
https://onvaxs.com/all/1563/25.html,🏆🏆Boost your Google rankings with Premium PBN & Link Building🏆🏆,https://justdrivemedia.com/,High Quality Dofollow Backlinks DA 50 PA 40 Premium PBN Network Service justdrivemedia.com Rank First Page Google Fast SEO Link Building Buy Backlinks Online Cheap,False,3000,0,1787999879,1789089578,False,False,False
https://souwika.blogspot.com/404.html,ERROR 404 - souwika souwika,https://justdrivemedia.com/,mightypr,True,13512,0,1787999163,1790068014,False,False,False
https://alrooohi.blogspot.com/2023/04/,April 2023 - alroooh,https://justdrivemedia.com/,mightypr,True,13512,0,1787998535,1787998535,False,False,False
https://www.getwebsiteworth.com/02e71cd8c499bb1000853a8a16993609-l/,Where to buy 🚀 aged domains and backlinks 🔥 | 0271-8499,https://justdrivemedia.com/,mightypr.com,False,9003,0,1787994946,1787994946,False,False,False
https://plrdownloadshub.com/all/1915/32.html,🏆🏆Boost your Google rankings with Premium PBN & Link Building🏆🏆,https://justdrivemedia.com/,High Quality Dofollow Backlinks DA 50 PA 40 Premium PBN Network Service mightypr.com Rank First Page Google Fast SEO Link Building Buy Backlinks Online Cheap,False,3000,0,1787994871,1787994871,False,False,False
https://allwebsitesdirectory.com/page-5c2382785a8bac0146f2085fd1d7ce66.html,Where to buy 🚀 aged domains and backlinks 🔥 from allwebsitesdirectory.com | 5238-2785,https://justdrivemedia.com/,mightypr.com,False,10159,0,1787993738,1787993738,False,False,False
https://alrooohi.blogspot.com/images/search?FORM=KCHIMM&cbn=KnowledgeCard&q=html&thid=OSK.HEROR41ocHR5EQfXb458V-qgvm-oq_agITm9vDEo8QhHFvA,ERROR 404 - alroooh,https://justdrivemedia.com/,mightypr,True,13512,0,1787988927,1787988927,False,False,False
https://smartstimer.com/all/1563/25.html,🏆🏆Boost your Google rankings with Premium PBN & Link Building🏆🏆,https://justdrivemedia.com/,High Quality Dofollow Backlinks DA 50 PA 40 Premium PBN Network Service justdrivemedia.com Rank First Page Google Fast SEO Link Building Buy Backlinks Online Cheap,False,3000,0,1787986655,1790632189,False,False,False
https://pulsenoc.blogspot.com/&idc=3361&idv=4229&track=241523~&agspb=wm,ERROR 404 - pulsenoc,https://justdrivemedia.com/,justdrivemedia.com,True,13509,0,1787985028,1787985028,False,False,False
https://tehsmed.blogspot.com/tr-TR,ERROR 404 - tehsmed,https://justdrivemedia.com/,mightypr.com,True,13511,0,1787982334,1787982334,False,False,False
https://wefemur.blogspot.com/ugryum_reka_2021,ERROR 404 - WeFemur,https://justdrivemedia.com/,mightypr.com,True,13511,0,1787969240,1787969240,False,False,False
https://olsals.blogspot.com/&output=text%2Fhtml,ERROR 404 - olsals,https://justdrivemedia.com/,mightypr.com,True,13511,0,1787963515,1787963515,False,False,False
https://royaldb.us.com/all/1915/32.html,🏆🏆Boost your Google rankings with Premium PBN & Link Building🏆🏆,https://justdrivemedia.com/,High Quality Dofollow Backlinks DA 50 PA 40 Premium PBN Network Service mightypr.com Rank First Page Google Fast SEO Link Building Buy Backlinks Online Cheap,False,3000,0,1787961812,1787961812,False,False,False
https://southfwb.com/all/1563/25.html,🏆🏆Boost your Google rankings with Premium PBN & Link Building🏆🏆,https://justdrivemedia.com/,High Quality Dofollow Backlinks DA 50 PA 40 Premium PBN Network Service justdrivemedia.com Rank First Page Google Fast SEO Link Building Buy Backlinks Online Cheap,False,3000,0,1787954069,1789388931,False,False,False
https://alexpron.blogspot.com/account/login,ERROR 404 - AlexPron,https://justdrivemedia.com/,justdrivemedia.com,True,13509,0,1787943082,1787943082,False,False,False
https://cpgclan.blogspot.com/Keep%20up%20the%20great%20work%20recruiting.%20,ERROR 404 - cpgclan,https://justdrivemedia.com/,justdrivemedia.com,True,13509,0,1787935238,1787935238,False,False,False
https://mymarketpost.com/all/1915/32.html,🏆🏆Boost your Google rankings with Premium PBN & Link Building🏆🏆,https://justdrivemedia.com/,High Quality Dofollow Backlinks DA 50 PA 40 Premium PBN Network Service mightypr.com Rank First Page Google Fast SEO Link Building Buy Backlinks Online Cheap,False,3000,0,1787932808,1787932808,False,False,False
https://wefemur.blogspot.com/&target_url=,ERROR 404 - WeFemur,https://justdrivemedia.com/,mightypr.com,True,13511,0,1787930177,1787930177,False,False,False
https://www.indexaward.com/02e71cd8c499bb1000853a8a16993609-l/,Where to buy 🚀 aged domains and backlinks 🔥 | 0271-8499,https://justdrivemedia.com/,mightypr.com,False,9003,0,1787923293,1787923293,False,False,False
https://blinks.sbs/domain/domain/part/155824,seo domain research,https://justdrivemedia.com/,mightypr.com,True,1973,0,1787914706,1787914706,False,False,False
http://factmags.com/iaijzseo/makeitadubble-best-seo-service/,Directory Pages Index,https://justdrivemedia.com/,http://www.mightypr.com,True,8548,0,1787912656,1787912656,False,False,False
https://quero.party/report/9664,👲 Domain Report 👲,https://justdrivemedia.com/,justdrivemedia.com,True,3500,0,1787908639,1787908639,False,False,False
https://plumeriamarketing.com/all/796/24.html,🏆🏆Boost your Google rankings with Premium PBN & Link Building🏆🏆,https://justdrivemedia.com/,High Quality Dofollow Backlinks DA 50 PA 40 Premium PBN Network Service mightypr.com Rank First Page Google Fast SEO Link Building Buy Backlinks Online Cheap,False,3000,0,1787898207,1790381853,False,False,False
https://www.yellowpages.com/san-francisco-ca/night-clubs,"Best 30 Night Clubs in San Francisco, CA with Reviews | The Real Yellow Pages®",http://justdrivemedia.com/,Website,True,34,15,1787895724,1787895724,False,False,False
https://ggmap.us.com/all/1563/25.html,🏆🏆Boost your Google rankings with Premium PBN & Link Building🏆🏆,https://justdrivemedia.com/,High Quality Dofollow Backlinks DA 50 PA 40 Premium PBN Network Service justdrivemedia.com Rank First Page Google Fast SEO Link Building Buy Backlinks Online Cheap,False,3000,0,1787889938,1789015151,False,False,False
https://rjcentinc.com/all/1915/32.html,🏆🏆Boost your Google rankings with Premium PBN & Link Building🏆🏆,https://justdrivemedia.com/,High Quality Dofollow Backlinks DA 50 PA 40 Premium PBN Network Service mightypr.com Rank First Page Google Fast SEO Link Building Buy Backlinks Online Cheap,False,3000,0,1787885756,1787885756,False,False,False
https://soulvocable.com/all/1915/32.html,🏆🏆Boost your Google rankings with Premium PBN & Link Building🏆🏆,https://justdrivemedia.com/,High Quality Dofollow Backlinks DA 50 PA 40 Premium PBN Network Service mightypr.com Rank First Page Google Fast SEO Link Building Buy Backlinks Online Cheap,False,3000,0,1787881534,1787881534,False,False,False
https://wiza.co/d/mighty-pr/7831/rebecca-fuller,Rebecca Fuller - Partner at Mighty Pr - Wiza,https://justdrivemedia.com/,mightypr.com,False,6,10,1787849821,1787849821,False,False,False
https://factmags.com/iaijzseo/makeitadubble-best-seo-service/,Directory Pages Index,https://justdrivemedia.com/,http://www.mightypr.com,True,8548,0,1787825126,1787825126,False,False,False
https://betulcrime.com/all/1915/32.html,🏆🏆Boost your Google rankings with Premium PBN & Link Building🏆🏆,https://justdrivemedia.com/,High Quality Dofollow Backlinks DA 50 PA 40 Premium PBN Network Service mightypr.com Rank First Page Google Fast SEO Link Building Buy Backlinks Online Cheap,False,3000,0,1787803359,1787803359,False,False,False
https://www.bestwebstats.com/page-5c2382785a8bac0146f2085fd1d7ce66.html,Where to buy 🚀 aged domains and backlinks 🔥 from www.bestwebstats.com | 5238-2785,https://justdrivemedia.com/,mightypr.com,False,10159,0,1787799540,1787799540,False,False,False
https://vasavm.blogspot.com/%C2%A0,ERROR 404 - vasavm,https://justdrivemedia.com/,mightypr,True,13512,0,1787798725,1787798725,False,False,False
https://www.domainanalysis.org/page-5c2382785a8bac0146f2085fd1d7ce66.html,Where to buy 🚀 aged domains and backlinks 🔥 from www.domainanalysis.org | 5238-2785,https://justdrivemedia.com/,mightypr.com,False,10159,0,1787798605,1787798605,False,False,False
https://firstguestpost.com/all/1915/32.html,🏆🏆Boost your Google rankings with Premium PBN & Link Building🏆🏆,https://justdrivemedia.com/,High Quality Dofollow Backlinks DA 50 PA 40 Premium PBN Network Service mightypr.com Rank First Page Google Fast SEO Link Building Buy Backlinks Online Cheap,False,3000,0,1787793173,1787793173,False,False,False
https://breachviews.com/all/1915/32.html,🏆🏆Boost your Google rankings with Premium PBN & Link Building🏆🏆,https://justdrivemedia.com/,High Quality Dofollow Backlinks DA 50 PA 40 Premium PBN Network Service mightypr.com Rank First Page Google Fast SEO Link Building Buy Backlinks Online Cheap,False,3000,0,1787786897,1787786897,False,False,False
https://smartstimer.com/all/1915/32.html,🏆🏆Boost your Google rankings with Premium PBN & Link Building🏆🏆,https://justdrivemedia.com/,High Quality Dofollow Backlinks DA 50 PA 40 Premium PBN Network Service mightypr.com Rank First Page Google Fast SEO Link Building Buy Backlinks Online Cheap,False,3000,0,1787785414,1789952572,False,False,False
https://amalanandas.blogspot.com/2Ppvro1,ERROR 404 - AmalAnanda,https://justdrivemedia.com/,justdrivemedia.com,True,13511,0,1787782603,1787782603,False,False,False
https://kilnip.blogspot.com/holostyak-stb-2021&from=%7B56657DFD-DEA3-47AF-A5EC-15C496F9360B%7D,ERROR 404 - kilnip,https://justdrivemedia.com/,mightypr.com,True,13511,0,1787781443,1787781443,False,False,False
https://mylisthero.com/all/1915/32.html,🏆🏆Boost your Google rankings with Premium PBN & Link Building🏆🏆,https://justdrivemedia.com/,High Quality Dofollow Backlinks DA 50 PA 40 Premium PBN Network Service mightypr.com Rank First Page Google Fast SEO Link Building Buy Backlinks Online Cheap,False,3000,0,1787774476,1787774476,False,False,False
https://www.goooogla.com/best-for-ranking-baankyseo/siebiaseo/,Directory Pages Index,https://justdrivemedia.com/,mightypr,True,9999,0,1787772802,1787772802,False,False,False
http://www.mightypr.com/,,https://justdrivemedia.com/,,False,0,42,1787772099,1787772099,False,False,False
https://behigheses.blogspot.com/bp/verify?FORM=000061,ERROR 404 - BeHigh,https://justdrivemedia.com/,justdrivemedia.com,True,13511,0,1787760563,1787760563,False,False,False
https://behigheses.blogspot.com/Recommend%20Your%20Favorite%20New%20Product%20or%20Service,ERROR 404 - BeHigh,https://justdrivemedia.com/,justdrivemedia.com,True,13511,0,1787759229,1787759229,False,False,False
https://betwinnermirror.com/all/1915/32.html,🏆🏆Boost your Google rankings with Premium PBN & Link Building🏆🏆,https://justdrivemedia.com/,High Quality Dofollow Backlinks DA 50 PA 40 Premium PBN Network Service mightypr.com Rank First Page Google Fast SEO Link Building Buy Backlinks Online Cheap,False,3000,0,1787757947,1787757947,False,False,False
https://alkzbare.blogspot.com/%C2%A0,ERROR 404 - alkzbare,https://justdrivemedia.com/,mightypr,True,13512,0,1787739291,1787739291,False,False,False
https://me.sh/profile/elizabeth-hoang,Elizabeth Hoang - LinkedIn,http://justdrivemedia.com/,1,False,4,9,1787735711,1787735711,False,False,False
https://alkzbare.blogspot.com/&output=application%2Fld+json,ERROR 404 - alkzbare,https://justdrivemedia.com/,mightypr,True,13512,0,1787732500,1787732500,False,False,False
https://tehsmed.blogspot.com/3dE0rLy,ERROR 404 - tehsmed,https://justdrivemedia.com/,mightypr.com,True,13511,0,1787714668,1787714668,False,False,False
https://tehsmed.blogspot.com/34zxVq8,ERROR 404 - tehsmed,https://justdrivemedia.com/,mightypr.com,True,13511,0,1787711584,1787711584,False,False,False
https://wants.cfd/domain/domain/part/155824,seo domain research,https://justdrivemedia.com/,mightypr.com,True,1973,0,1787708799,1790403093,False,False,False
https://indians.cc/page-5c2382785a8bac0146f2085fd1d7ce66.html,Where to buy 🚀 aged domains and backlinks 🔥 from indians.cc | 5238-2785,https://justdrivemedia.com/,mightypr.com,False,10160,0,1787699945,1787699945,False,False,False
https://urls-shortener.eu/share/30524,❤️ URL Shared ❤️,https://justdrivemedia.com/,mightypr.com,True,3500,0,1787687760,1787687760,False,False,False
https://kilnip.blogspot.com/404.html,ERROR 404 - kilnip,https://justdrivemedia.com/,mightypr.com,True,13511,0,1787648418,1787648418,False,False,False
https://cmocheatsheets.com/all/1563/25.html,🏆🏆Boost your Google rankings with Premium PBN & Link Building🏆🏆,https://justdrivemedia.com/,High Quality Dofollow Backlinks DA 50 PA 40 Premium PBN Network Service justdrivemedia.com Rank First Page Google Fast SEO Link Building Buy Backlinks Online Cheap,False,3000,0,1787645822,1787645822,False,False,False
https://vasavm.blogspot.com/2023/04/,April 2023 - vasavm,https://justdrivemedia.com/,mightypr,True,13512,0,1787643226,1787643226,False,False,False
https://nvvegfest.blogspot.com/&nmCat=,nvvegfest,https://justdrivemedia.com/,mightypr,True,50174,0,1787637658,1787637658,False,False,False
https://pulsenoc.blogspot.com/&target_url=,ERROR 404 - pulsenoc,https://justdrivemedia.com/,justdrivemedia.com,True,13509,0,1787634702,1787634702,False,False,False
https://pulsenoc.blogspot.com/results,ERROR 404 - pulsenoc,https://justdrivemedia.com/,justdrivemedia.com,True,13509,0,1787634183,1787634183,False,False,False
https://frukwan.blogspot.com/Recommend%20Your%20Favorite%20New%20Product%20or%20Service,ERROR 404 - frukwan,https://justdrivemedia.com/,mightypr.com,True,13511,0,1787633548,1787633548,False,False,False
https://pulsenoc.blogspot.com/&output=application%2Frdf+xml,ERROR 404 - pulsenoc,https://justdrivemedia.com/,justdrivemedia.com,True,13509,0,1787633320,1787633320,False,False,False
https://nvvegfest.blogspot.com/token/428/1/e9084f33-0787-412d-bc28-8b4cda8bb74d/,nvvegfest,https://justdrivemedia.com/,mightypr,True,50174,0,1787633296,1787633296,False,False,False
https://olsals.blogspot.com/2023/04/,April 2023 - olsals,https://justdrivemedia.com/,mightypr.com,True,13511,0,1787633066,1787633066,False,False,False
https://pulsenoc.blogspot.com/3dE0rLy,ERROR 404 - pulsenoc,https://justdrivemedia.com/,justdrivemedia.com,True,13509,0,1787632145,1787632145,False,False,False
https://gladeflowers.com/all/1563/25.html,🏆🏆Boost your Google rankings with Premium PBN & Link Building🏆🏆,https://justdrivemedia.com/,High Quality Dofollow Backlinks DA 50 PA 40 Premium PBN Network Service justdrivemedia.com Rank First Page Google Fast SEO Link Building Buy Backlinks Online Cheap,False,3000,0,1787629591,1787629591,False,False,False
https://www.pagesearch.net/02e71cd8c499bb1000853a8a16993609-l/,Where to buy 🚀 aged domains and backlinks 🔥 | 0271-8499,https://justdrivemedia.com/,mightypr.com,False,9003,0,1787610598,1787610598,False,False,False
https://bobbasquadlimd.blogspot.com/,bobbasquadlim,https://justdrivemedia.com/,mightypr,True,13513,0,1787600882,1790032619,False,False,False
https://buy-backlinks-ranking-power.com/website-list-936/,Directory Pages Index,https://justdrivemedia.com/,mightypr,False,5000,0,1787580705,1787580705,False,False,False
https://www.way2check.cv/page-5c2382785a8bac0146f2085fd1d7ce66.html,Where to buy 🚀 aged domains and backlinks 🔥 from all-aged-domains | 5238-2785,https://justdrivemedia.com/,mightypr.com,False,10160,0,1787579019,1790066329,False,False,False
https://buy-backlinks-ranking-power.com/website-list-1253/,Directory Pages Index,https://justdrivemedia.com/,justdrivemedia,False,5000,0,1787575862,1787575862,False,False,False
http://50173581.blogspot.com/2014/,50173581 Joe Mander Level 3 TV and Film: 2014,http://www.justdrivemedia.com/wp-content/uploads/interview.jpg,,False,48,0,1787492178,1787492178,False,True,False
https://knows.sbs/domain/domain/part/155824,seo domain research,https://justdrivemedia.com/,mightypr.com,True,1973,0,1787483864,1787747913,False,False,False
http://missburrg.com/all/444/20.html,🏆🏆Boost your Google rankings with Premium PBN & Link Building🏆🏆,https://justdrivemedia.com/,High Quality Dofollow Backlinks DA 50 PA 40 Premium PBN Network Service justdrivemedia.com Rank First Page Google Fast SEO Link Building Buy Backlinks Online Cheap,False,3000,0,1787476240,1787476240,False,False,False
https://frukwan.blogspot.com/404.html,ERROR 404 - frukwan,https://justdrivemedia.com/,mightypr.com,True,13511,0,1787474765,1787474765,False,False,False
https://www.toppragencies.com/profile/mighty-pr/competitors-and-alternatives,Mighty PR: View comparisons of major competitors for Mighty PR - topseos,http://justdrivemedia.com/,mightypr.com,True,12,1,1787470707,1787470707,False,False,False
https://justdrivemedia.vercel.app/blog/the-real-ai-opportunity-for-communications-teams,The Real AI Opportunity for Communications Teams | Just Driv...,https://justdrivemedia.com/analytics,analytics became foundational to how we work,False,13,0,1787449994,1789936484,False,False,False
http://factmags.com/oylouaiseo/Hokkaido-Carers-best-seo-service/,Directory Pages Index,https://justdrivemedia.com/,mightypr.com,True,10026,0,1787443507,1787443507,False,False,False
https://wefemur.blogspot.com/videos/search?FORM=HDRSC3&q=wefemur.blogspot.com%2Flilso.html,ERROR 404 - WeFemur,https://justdrivemedia.com/,mightypr.com,True,13511,0,1787435051,1787435051,False,False,False
https://alrooohi.blogspot.com/2023/04/w.html,w - alroooh,https://justdrivemedia.com/,mightypr,True,13522,0,1787434030,1787434030,False,False,False
https://sbirdllc.blogspot.com/3aqbN3t,ERROR 404 - sbirdllc,https://justdrivemedia.com/,mightypr,True,13512,0,1787429305,1787429305,False,False,False
https://nvvegfest.blogspot.com/tournament-location/%CF%80%CE%BF%CE%B4%CF%8C%CF%83%CF%86%CE%B1%CE%B9%CF%81%CE%BF/1/%CE%B4%CE%B9%CE%B5%CE%B8%CE%BD%CE%AE/240/%CF%80%CE%B1%CE%B3%CE%BA%CF%8C%CF%83%CE%BC%CE%B9%CE%BF-%CE%BA%CF%8D%CF%80%CE%B5%CE%BB%CE%BB%CE%BF-2022-%CF%8C%CE%BC%CE%B9%CE%BB%CE%BF%CF%82-%CE%B5/167295715233550336,nvvegfest,https://justdrivemedia.com/,mightypr,True,50174,0,1787429262,1787429262,False,False,False
https://nvvegfest.blogspot.com/store,nvvegfest,https://justdrivemedia.com/,mightypr,True,50174,0,1787427461,1787427461,False,False,False
http://www.seol.store/domain/domain/part/155824,seo domain research,https://justdrivemedia.com/,mightypr.com,True,1973,0,1787415403,1787415403,False,False,False
http://onlineshoppingidea.com/all/796/24.html,🏆🏆Boost your Google rankings with Premium PBN & Link Building🏆🏆,https://justdrivemedia.com/,High Quality Dofollow Backlinks DA 50 PA 40 Premium PBN Network Service mightypr.com Rank First Page Google Fast SEO Link Building Buy Backlinks Online Cheap,False,3000,0,1787399038,1787399038,False,False,False
https://worldtopbacklinks.com/bgreveseo/,Directory Pages Index,https://justdrivemedia.com/,mightypr.com,True,9999,0,1787387493,1787387493,False,False,False
http://missburrg.com/all/796/24.html,🏆🏆Boost your Google rankings with Premium PBN & Link Building🏆🏆,https://justdrivemedia.com/,High Quality Dofollow Backlinks DA 50 PA 40 Premium PBN Network Service mightypr.com Rank First Page Google Fast SEO Link Building Buy Backlinks Online Cheap,False,3000,0,1787386698,1787386698,False,False,False
http://www.thirty.co.in/page-5c2382785a8bac0146f2085fd1d7ce66.html,Where to buy 🚀 aged domains and backlinks 🔥 from www.thirty.co.in| 5238-2785,http://justdrivemedia.com/,mightypr.com,False,10159,0,1787348167,1787348167,False,False,False
https://www.domainsc.com/page-5c2382785a8bac0146f2085fd1d7ce66.html,Where to buy 🚀 aged domains and backlinks 🔥 from www.domainsc.com | 5238-2785,https://justdrivemedia.com/,mightypr.com,False,10159,0,1787318334,1787318334,False,False,False
http://onlineshoppingidea.com/all/444/20.html,🏆🏆Boost your Google rankings with Premium PBN & Link Building🏆🏆,https://justdrivemedia.com/,High Quality Dofollow Backlinks DA 50 PA 40 Premium PBN Network Service justdrivemedia.com Rank First Page Google Fast SEO Link Building Buy Backlinks Online Cheap,False,3000,0,1787291369,1788177719,False,False,False
https://vasavm.blogspot.com/login_error,ERROR 404 - vasavm,https://justdrivemedia.com/,mightypr,True,13512,0,1787279800,1787279800,False,False,False
https://kilnip.blogspot.com/news/search?FORM=HDRSC6&q=kilnip.blogspot.com%2Flilso.html,ERROR 404 - kilnip,https://justdrivemedia.com/,mightypr.com,True,13511,0,1787247535,1787247535,False,False,False
https://alrooohi.blogspot.com/ugryum_reka_2021,ERROR 404 - alroooh,https://justdrivemedia.com/,mightypr,True,13512,0,1787246506,1787246506,False,False,False
https://nvvegfest.blogspot.com/manage/manage-sidebar.html,nvvegfest,https://justdrivemedia.com/,mightypr,True,50174,0,1787245880,1787245880,False,False,False
https://wefemur.blogspot.com/us/?url=https%3A%2F%2Fwefemur.blogspot.com%2F,ERROR 404 - WeFemur,https://justdrivemedia.com/,mightypr.com,True,13511,0,1787243464,1787243464,False,False,False
https://alrooohi.blogspot.com/&page=6,ERROR 404 - alroooh,https://justdrivemedia.com/,mightypr,True,13512,0,1787242034,1787242034,False,False,False
https://verticalresponse.com/blog/product-launch-plan/,Maximize a Product Launch with This Plan | VR Marketing Blog,https://justdrivemedia.com/,Mighty PR,False,17,9,1787241726,1790012964,False,False,False
https://alexpron.blogspot.com/&page=3,ERROR 404 - AlexPron,https://justdrivemedia.com/,justdrivemedia.com,True,13509,0,1787239831,1787239831,False,False,False
https://alrooohi.blogspot.com/3aqbN3t,ERROR 404 - alroooh,https://justdrivemedia.com/,mightypr,True,13512,0,1787239178,1787239178,False,False,False
https://olsals.blogspot.com/ugryum_reka_2021,ERROR 404 - olsals,https://justdrivemedia.com/,mightypr.com,True,13511,0,1787236764,1787236764,False,False,False
https://behigheses.blogspot.com/forwarder/part2?url=%2F,ERROR 404 - BeHigh,https://justdrivemedia.com/,justdrivemedia.com,True,13511,0,1787235961,1787235961,False,False,False
https://olsals.blogspot.com/2023/04/k.html,k - olsals,https://justdrivemedia.com/,mightypr.com,True,13521,0,1787235097,1787235097,False,False,False
https://nvvegfest.blogspot.com/C2A0,nvvegfest,https://justdrivemedia.com/,mightypr,True,50174,0,1787234850,1787234850,False,False,False
https://nvvegfest.blogspot.com/login,nvvegfest,https://justdrivemedia.com/,mightypr,True,50174,0,1787228255,1787723313,False,False,False
https://ycm.info/02e71cd8c499bb1000853a8a16993609-l/,Where to buy 🚀 aged domains and backlinks 🔥 | 0271-8499,https://justdrivemedia.com/,mightypr.com,False,9003,0,1787211755,1787211755,False,False,False
https://blogsphere.top/stats/9664,✅ Website Stats 📊,https://justdrivemedia.com/,justdrivemedia.com,True,3500,0,1787209716,1787209716,False,False,False
https://optimizeflow.top/stats/9664,✅ Website Stats 📊,https://justdrivemedia.com/,justdrivemedia.com,True,3500,0,1787205610,1787205610,False,False,False
https://www.crunchbase.com/organization/mighty-pr,Mighty PR - Crunchbase Company Profile & Funding,http://justdrivemedia.com/,mightypr.com/about/,True,14,16,1787199456,1787199456,False,False,False
http://www.factmags.com/eusdxseo/1004StoneOak-best-seo-service/,Directory Pages Index,https://justdrivemedia.com/,https://mightypr.com/,True,8730,0,1787188965,1787188965,False,False,False
http://seol.store/domain/domain/part/127058,seo domain research,https://justdrivemedia.com/,justdrivemedia.com,True,1973,0,1787182194,1787182194,False,False,False
https://az500subadds.blogspot.com/&output=text%2Fhtml,ERROR 404 - az500subadds,https://justdrivemedia.com/,justdrivemedia.com,True,13511,0,1787175910,1787175910,False,False,False
https://topratedbacklinks.com/glidieseo/,Directory Pages Index,https://justdrivemedia.com/,mightypr,True,9999,0,1787171231,1787171231,False,False,False
https://superbqualitybacklinks.com/asdccfseo/,Directory Pages Index,https://justdrivemedia.com/,mightypr.com,True,9999,0,1787163326,1787163326,False,False,False
http://seodomains.website/domain/domain/part/155824,seo domain research,https://justdrivemedia.com/,mightypr.com,True,1973,0,1787159919,1787159919,False,False,False
https://topratedbacklinks.com/asdccfseo/,Directory Pages Index,https://justdrivemedia.com/,mightypr.com,True,9999,0,1787159666,1787159666,False,False,False
https://www.linksnatcher.com/page-5c2382785a8bac0146f2085fd1d7ce66.html,Where to buy 🚀 aged domains and backlinks 🔥 from www.linksnatcher.com | 5238-2785,https://justdrivemedia.com/,mightypr.com,False,10160,0,1787152884,1787152884,False,False,False
https://allbaclinks.com/glidieseo/,Directory Pages Index,https://justdrivemedia.com/,mightypr,True,9999,0,1787152262,1787865975,False,False,False
https://buyrankbacklinks.com/glidieseo/,Directory Pages Index,https://justdrivemedia.com/,mightypr,True,9999,0,1787147282,1787860595,False,False,False
https://buyseolinks.site/bellator-mma-a-premier-stage-for-mixed-martial-arts/,Bellator MMA: A Premier Stage for Mixed Martial Arts – buyseolinks.site,https://justdrivemedia.com/,mightypr.com,True,2505,0,1787146465,1787146465,False,False,False
https://buytopqualitybacklinks.com/glidieseo/,Directory Pages Index,https://justdrivemedia.com/,mightypr,True,9999,0,1787144789,1787861825,False,False,False
https://viewshasd.blogspot.com/login_error,ERROR 404 - viewshasd,https://justdrivemedia.com/,https://mightypr.com/,True,13513,0,1787144506,1787144506,False,False,False
https://www.factmags.com/eusdxseo/1004StoneOak-best-seo-service/,Directory Pages Index,https://justdrivemedia.com/,https://mightypr.com/,True,8730,0,1787140803,1787140803,False,False,False
https://www.factmags.com/oylouaiseo/Hokkaido-Carers-best-seo-service/,Directory Pages Index,https://justdrivemedia.com/,mightypr.com,True,10026,0,1787139823,1787139823,False,False,False
https://web-ranking-gain-fast.com/website-list-936/,Directory Pages Index,https://justdrivemedia.com/,mightypr,False,5000,0,1787139703,1787846927,False,False,False
https://friendlybacklinksbuy.com/asdccfseo/,Directory Pages Index,https://justdrivemedia.com/,mightypr.com,True,9999,0,1787137126,1787847030,False,False,False
https://buyrankbacklinks.com/asdccfseo/,Directory Pages Index,https://justdrivemedia.com/,mightypr.com,True,9999,0,1787135326,1787851915,False,False,False
https://friendlybacklinksbuy.com/glidieseo/,Directory Pages Index,https://justdrivemedia.com/,mightypr,True,9999,0,1787132268,1787838301,False,False,False
https://seo-expert-service.com/website-list-936/,Directory Pages Index,https://justdrivemedia.com/,mightypr,False,5000,0,1787128313,1787829071,False,False,False
https://buyrankbacklinks.com/bgreveseo/,Directory Pages Index,https://justdrivemedia.com/,mightypr.com,True,9999,0,1787127959,1787834739,False,False,False
https://nvvegfest.blogspot.com/%20,nvvegfest,https://justdrivemedia.com/,mightypr,True,50174,0,1787115424,1787115424,False,False,False
https://alkzbare.blogspot.com/component/newsmgr/?view=intro,ERROR 404 - alkzbare,https://justdrivemedia.com/,mightypr,True,13512,0,1787110641,1787110641,False,False,False
https://pulsenoc.blogspot.com/blogger.g,ERROR 404 - pulsenoc,https://justdrivemedia.com/,justdrivemedia.com,True,13509,0,1787110296,1787110296,False,False,False
https://buyseolinks.site/tourmaline-the-gem-of-many-colors-and-mystical-energy/,Tourmaline: The Gem of Many Colors and Mystical Energy – buyseolinks.site,https://justdrivemedia.com/,mightypr.com,True,2505,0,1787110217,1787110217,False,False,False
https://nvvegfest.blogspot.com/bradford-while-water-heater-parts.php,nvvegfest,https://justdrivemedia.com/,mightypr,True,50174,0,1787106868,1787106868,False,False,False
https://olsals.blogspot.com/&output=application%2Frdf+json,ERROR 404 - olsals,https://justdrivemedia.com/,mightypr.com,True,13511,0,1787104223,1787104223,False,False,False
https://olsals.blogspot.com/travel/search?FORM=HTSCOP&q=olsals.blogspot.com%2Flilso.html,ERROR 404 - olsals,https://justdrivemedia.com/,mightypr.com,True,13511,0,1787103727,1787103727,False,False,False
https://pulsenoc.blogspot.com/detail/1,ERROR 404 - pulsenoc,https://justdrivemedia.com/,justdrivemedia.com,True,13509,0,1787103159,1787103159,False,False,False
https://worldtopbacklinks.com/asdccfseo/,Directory Pages Index,https://justdrivemedia.com/,mightypr.com,True,9999,0,1787103048,1787814224,False,False,False
https://pulsenoc.blogspot.com/news/search?FORM=HDRSC6&q=pulsenoc.blogspot.com%2F,ERROR 404 - pulsenoc,https://justdrivemedia.com/,justdrivemedia.com,True,13509,0,1787100780,1787100780,False,False,False
https://nvvegfest.blogspot.com/&ts=1672206675.825,nvvegfest,https://justdrivemedia.com/,mightypr,True,50174,0,1787100166,1787100166,False,False,False
https://nvvegfest.blogspot.com/holostyak-stb-2021,nvvegfest,https://justdrivemedia.com/,mightypr,True,50174,0,1787099239,1790557453,False,False,False
https://trafficboosterlinkseo.com/asdccfseo/,Directory Pages Index,https://justdrivemedia.com/,mightypr.com,True,9999,0,1787083028,1787083028,False,False,False
https://trafficboosterlinkseo.com/glidieseo/,Directory Pages Index,https://justdrivemedia.com/,mightypr,True,9999,0,1787080820,1787080820,False,False,False
https://worldtopbacklinks.com/glidieseo/,Directory Pages Index,https://justdrivemedia.com/,mightypr,True,9999,0,1787078809,1787793009,False,False,False
https://olsals.blogspot.com/component/dashboard/?view=manager,ERROR 404 - olsals,https://justdrivemedia.com/,mightypr.com,True,13511,0,1787077821,1787077821,False,False,False
https://nvvegfest.blogspot.com/site_transfer.php?code=fAHMLkouhKbfgoI67F4e6uPxgZtPsruJIFgDQK5PYOtB3OwCWH&country&path&url=https%3A%2F%2Fnvvegfest.blogspot.com,nvvegfest,https://justdrivemedia.com/,mightypr,True,50174,0,1787069584,1787069584,False,False,False
https://trafficboosterlinkseo.com/bgreveseo/,Directory Pages Index,https://justdrivemedia.com/,mightypr.com,True,9999,0,1787064124,1787064124,False,False,False
https://buyseolinks.site/vumoo-the-digital-era-of-online-entertainment/,Vumoo – The Digital Era of Online Entertainment – buyseolinks.site,https://justdrivemedia.com/,mightypr,True,2505,0,1787063730,1787063730,False,False,False
https://instantseogrowth.com/website-list-936/,Directory Pages Index,https://justdrivemedia.com/,mightypr,False,5000,0,1787060983,1787780082,False,False,False
https://nvvegfest.blogspot.com/&ts=1743934402.935,nvvegfest,https://justdrivemedia.com/,mightypr,True,50174,0,1787057589,1787057589,False,False,False
https://webrankingsolutionbacklinks.com/bgreveseo/,Directory Pages Index,https://justdrivemedia.com/,mightypr.com,True,9999,0,1787056316,1787774224,False,False,False
https://nvvegfest.blogspot.com/&output=application%2Fatom+xml,nvvegfest,https://justdrivemedia.com/,mightypr,True,50174,0,1787054903,1787054903,False,False,False
https://nvvegfest.blogspot.com/event/1/%CF%80%CE%BF%CE%B4%CF%8C%CF%83%CF%86%CE%B1%CE%B9%CF%81%CE%BF/%CE%B1%CE%B3%CE%B3%CE%BB%CE%AF%CE%B1/premier-league/%CE%BB%CE%AD%CF%83%CF%84%CE%B5%CF%81-%CE%BD%CE%B9%CE%BF%CF%8D%CE%BA%CE%B1%CF%83%CF%84%CE%BB/186880950921121792,nvvegfest,https://justdrivemedia.com/,mightypr,True,50174,0,1787051743,1787051743,False,False,False
https://seol.store/domain/domain/part/127058,seo domain research,https://justdrivemedia.com/,justdrivemedia.com,True,1973,0,1787036600,1790553271,False,False,False
https://web-ranking-boosters.com/website-list-936/,Directory Pages Index,https://justdrivemedia.com/,mightypr,False,5000,0,1787035158,1787736591,False,False,False
https://domraider.it.com/k2p0leup-lis/,"Any SEO resource - we have it. 🔥 No resellers, no middlemen, lowest price. k2p0leup",https://justdrivemedia.com/,mightypr.com,False,17503,0,1787029403,1787797539,False,False,False
https://webrankingsolutionbacklinks.com/glidieseo/,Directory Pages Index,https://justdrivemedia.com/,mightypr,True,9999,0,1787023291,1787740133,False,False,False
https://webrankingsolutionbacklinks.com/asdccfseo/,Directory Pages Index,https://justdrivemedia.com/,mightypr.com,True,9999,0,1787020500,1787733706,False,False,False
https://frukwan.blogspot.com/&page=2,ERROR 404 - frukwan,https://justdrivemedia.com/,mightypr.com,True,13511,0,1787016735,1787016735,False,False,False
https://alrooohi.blogspot.com/bonus-ilman-talletusta.html,ERROR 404 - alroooh,https://justdrivemedia.com/,mightypr,True,13512,0,1787015488,1787015488,False,False,False
https://souwika.blogspot.com/images/search?FORM=HDRSC2&q=souwika.blogspot.com%2F,ERROR 404 - souwika souwika,https://justdrivemedia.com/,mightypr,True,13512,0,1787013979,1787013979,False,False,False
https://welinkbacklinks.com/glidieseo/,Directory Pages Index,https://justdrivemedia.com/,mightypr,True,9999,0,1787013226,1787748699,False,False,False
https://souwika.blogspot.com/katy-perry/,ERROR 404 - souwika souwika,https://justdrivemedia.com/,mightypr,True,13512,0,1787012594,1787012594,False,False,False
https://linksnatcher.com/page-5c2382785a8bac0146f2085fd1d7ce66.html,Where to buy 🚀 aged domains and backlinks 🔥 from linksnatcher.com | 5238-2785,https://justdrivemedia.com/,mightypr.com,False,10159,0,1787012435,1787012435,False,False,False
https://tunca.org/02e71cd8c499bb1000853a8a16993609-l/,Where to buy 🚀 aged domains and backlinks 🔥 | 0271-8499,https://justdrivemedia.com/,mightypr.com,False,9003,0,1787011150,1790537373,False,False,False
https://tehsmed.blogspot.com/login_error,ERROR 404 - tehsmed,https://justdrivemedia.com/,mightypr.com,True,13511,0,1787010910,1787010910,False,False,False
https://tehsmed.blogspot.com/&output=text%2Fhtml,ERROR 404 - tehsmed,https://justdrivemedia.com/,mightypr.com,True,13511,0,1787008375,1787008375,False,False,False
https://souwika.blogspot.com/tr-TR,ERROR 404 - souwika souwika,https://justdrivemedia.com/,mightypr,True,13512,0,1787006397,1787006397,False,False,False
https://alrooohi.blogspot.com/results,ERROR 404 - alroooh,https://justdrivemedia.com/,mightypr,True,13512,0,1787006049,1787006049,False,False,False
https://nvvegfest.blogspot.com/event/1/%CF%80%CE%BF%CE%B4%CF%8C%CF%83%CF%86%CE%B1%CE%B9%CF%81%CE%BF/%CE%B4%CE%B9%CE%B5%CE%B8%CE%BD%CE%AE/%CF%80%CE%B1%CE%B3%CE%BA%CF%8C%CF%83%CE%BC%CE%B9%CE%BF-%CE%BA%CF%8D%CF%80%CE%B5%CE%BB%CE%BB%CE%BF-2022-%CF%8C%CE%BC%CE%B9%CE%BB%CE%BF%CF%82-%CE%B5/%CE%B9%CE%B1%CF%80%CF%89%CE%BD%CE%AF%CE%B1-%CE%B9%CF%83%CF%80%CE%B1%CE%BD%CE%AF%CE%B1/175903658944286720,nvvegfest,https://justdrivemedia.com/,mightypr,True,50174,0,1787003842,1787003842,False,False,False
https://welinkbacklinks.com/asdccfseo/,Directory Pages Index,https://justdrivemedia.com/,mightypr.com,True,9999,0,1787001778,1787713448,False,False,False
https://nvvegfest.blogspot.com/tr-TR,nvvegfest,https://justdrivemedia.com/,mightypr,True,50174,0,1787001296,1787001296,False,False,False
https://nvvegfest.blogspot.com/tournament-location/%CF%80%CE%BF%CE%B4%CF%8C%CF%83%CF%86%CE%B1%CE%B9%CF%81%CE%BF/1/%CF%84%CE%BF%CF%85%CF%81%CE%BA%CE%AF%CE%B1/221/super-lig-2022-2023/175788422471929856,nvvegfest,https://justdrivemedia.com/,mightypr,True,50174,0,1787000751,1787000751,False,False,False
https://nvvegfest.blogspot.com/site_transfer.php?code=kDhsvLIOvXpLrkqbtjPf5cL8zX9ujsgxZjQi99NwFrNxFVUBJz&country&path&url=http%3A%2F%2Fnvvegfest.blogspot.com,nvvegfest,https://justdrivemedia.com/,mightypr,True,50174,0,1786999481,1786999481,False,False,False
https://nvvegfest.blogspot.com/index.php,nvvegfest,https://justdrivemedia.com/,mightypr,True,50174,0,1786998859,1786998859,False,False,False
https://amalanandas.blogspot.com/&output=application%2Fatom+xml,ERROR 404 - AmalAnanda,https://justdrivemedia.com/,justdrivemedia.com,True,13511,0,1786998766,1786998766,False,False,False
https://amalanandas.blogspot.com/&output=application%2Fodata+json,ERROR 404 - AmalAnanda,https://justdrivemedia.com/,justdrivemedia.com,True,13511,0,1786998667,1786998667,False,False,False
https://nvvegfest.blogspot.com/sport/%CF%84%CE%AD%CE%BD%CE%B9%CF%82/3/%CF%8C%CE%BB%CE%B1/0/category,nvvegfest,https://justdrivemedia.com/,mightypr,True,50174,0,1786997902,1786997902,False,False,False
https://welinkbacklinks.com/bgreveseo/,Directory Pages Index,https://justdrivemedia.com/,mightypr.com,True,9999,0,1786996320,1787704708,False,False,False
https://rarebacklinks.com/asdccfseo/,Directory Pages Index,https://justdrivemedia.com/,mightypr.com,True,9999,0,1786994678,1787711783,False,False,False
https://viralbacklinks.com/asdccfseo/,Directory Pages Index,https://justdrivemedia.com/,mightypr.com,True,9999,0,1786993480,1787728223,False,False,False
https://booastrankingwithbacklinks.com/glidieseo/,Directory Pages Index,https://justdrivemedia.com/,mightypr,True,9999,0,1786986335,1787700766,False,False,False
https://kilnip.blogspot.com/component/newsmgr/?view=intro,ERROR 404 - kilnip,https://justdrivemedia.com/,mightypr.com,True,13511,0,1786984934,1786984934,False,False,False
https://nvvegfest.blogspot.com/home,nvvegfest,https://justdrivemedia.com/,mightypr,True,50174,0,1786982219,1786982219,False,False,False
https://nvvegfest.blogspot.com/sport/%CF%80%CE%BF%CE%B4%CF%8C%CF%83%CF%86%CE%B1%CE%B9%CF%81%CE%BF/1/%CF%8C%CE%BB%CE%B1/0/location,nvvegfest,https://justdrivemedia.com/,mightypr,True,50174,0,1786982113,1786982113,False,False,False
https://domraider.it.com/d21gngw6-lis/,"Any SEO resource - we have it. 🔥 No resellers, no middlemen, lowest price. d21gngw6",https://justdrivemedia.com/,justdrivemedia.com,False,17503,0,1786973795,1789446434,False,False,False
https://mightypr.com/locations.kml,,https://justdrivemedia.com/,,False,0,0,1786967660,1790174908,False,False,False
https://ultimate-backlink-solution.com/website-list-936/,Directory Pages Index,https://justdrivemedia.com/,mightypr,False,5000,0,1786964378,1787667884,False,False,False
https://viralbacklinks.com/glidieseo/,Directory Pages Index,https://justdrivemedia.com/,mightypr,True,9999,0,1786963310,1787678949,False,False,False
https://rarebacklinks.com/glidieseo/,Directory Pages Index,https://justdrivemedia.com/,mightypr,True,9999,0,1786960823,1787665917,False,False,False
https://alkzbare.blogspot.com/katy-perry/,ERROR 404 - alkzbare,https://justdrivemedia.com/,mightypr,True,13512,0,1786957757,1786957757,False,False,False
https://booastrankingwithbacklinks.com/asdccfseo/,Directory Pages Index,https://justdrivemedia.com/,mightypr.com,True,9999,0,1786956995,1787668107,False,False,False
https://webbacklinkskbuy.com/bgreveseo/,Directory Pages Index,https://justdrivemedia.com/,mightypr.com,True,9999,0,1786955486,1787668898,False,False,False
https://urgent-seo-ranking-help.com/website-list-936/,Directory Pages Index,https://justdrivemedia.com/,mightypr,False,5000,0,1786951028,1787659737,False,False,False
https://alkzbare.blogspot.com/kanye-west,ERROR 404 - alkzbare,https://justdrivemedia.com/,mightypr,True,13512,0,1786942872,1786942872,False,False,False
https://quickseolinks.com/glidieseo/,Directory Pages Index,https://justdrivemedia.com/,mightypr,True,9999,0,1786939931,1787650516,False,False,False
https://www.pudhe.com/page-5c2382785a8bac0146f2085fd1d7ce66.html,Where to buy 🚀 aged domains and backlinks 🔥 from www.pudhe.com | 5238-2785,https://justdrivemedia.com/,mightypr.com,False,10159,0,1786939310,1786939310,False,False,False
https://viralbacklinks.com/bgreveseo/,Directory Pages Index,https://justdrivemedia.com/,mightypr.com,True,9999,0,1786938833,1787642284,False,False,False
https://wowqualitybacklinks.com/glidieseo/,Directory Pages Index,https://justdrivemedia.com/,mightypr,True,9999,0,1786937462,1787651717,False,False,False
http://factmags.com/qcjrqseo/envieirkbatty-best-seo-service/,Directory Pages Index,https://justdrivemedia.com/,mightypr.com,True,10434,0,1786934202,1786934202,False,False,False
https://wowqualitybacklinks.com/asdccfseo/,Directory Pages Index,https://justdrivemedia.com/,mightypr.com,True,9999,0,1786929986,1787629259,False,False,False
https://increasewebtrafficwithlinks.com/glidieseo/,Directory Pages Index,https://justdrivemedia.com/,mightypr,True,9999,0,1786920357,1787620722,False,False,False
https://lawyerinjeddah.com/all/444/20.html,🏆🏆Boost your Google rankings with Premium PBN & Link Building🏆🏆,https://justdrivemedia.com/,High Quality Dofollow Backlinks DA 50 PA 40 Premium PBN Network Service justdrivemedia.com Rank First Page Google Fast SEO Link Building Buy Backlinks Online Cheap,False,3000,0,1786920260,1788352011,False,False,False
https://quickseolinks.com/asdccfseo/,Directory Pages Index,https://justdrivemedia.com/,mightypr.com,True,9999,0,1786919545,1787633895,False,False,False
https://sites.jake.eu/share/30525,❤️ URL Shared ❤️,https://justdrivemedia.com/,mightypr.com,True,3500,0,1786918852,1790317873,False,False,False
https://www.domains.com.bz/page/155824/,Top Domains – Page 155824 – domains.com.bz,https://justdrivemedia.com/,mightypr.com,False,1000,0,1786918770,1786918770,False,False,False
https://increasewebtrafficwithlinks.com/bgreveseo/,Directory Pages Index,https://justdrivemedia.com/,mightypr.com,True,9999,0,1786915242,1787628054,False,False,False
https://nvvegfest.blogspot.com/login_error,nvvegfest,https://justdrivemedia.com/,mightypr,True,50174,0,1786914451,1790505874,False,False,False
https://booastrankingwithbacklinks.com/bgreveseo/,Directory Pages Index,https://justdrivemedia.com/,mightypr.com,True,9999,0,1786913175,1786913175,False,False,False
https://increasewebtrafficwithlinks.com/asdccfseo/,Directory Pages Index,https://justdrivemedia.com/,mightypr.com,True,9999,0,1786912025,1787628618,False,False,False
https://99backlinksbuy.com/glidieseo/,Directory Pages Index,https://justdrivemedia.com/,mightypr,True,9999,0,1786894821,1787620539,False,False,False
https://clicktobuybacklinks.com/glidieseo/,Directory Pages Index,https://justdrivemedia.com/,mightypr,True,9999,0,1786891074,1786891074,False,False,False
https://atozbacklinks.com/bgreveseo/,Directory Pages Index,https://justdrivemedia.com/,mightypr.com,True,9999,0,1786890190,1786890190,False,False,False
https://rarebacklinks.com/bgreveseo/,Directory Pages Index,https://justdrivemedia.com/,mightypr.com,True,9999,0,1786884722,1786884722,False,False,False
https://lawyerinjeddah.com/all/796/24.html,🏆🏆Boost your Google rankings with Premium PBN & Link Building🏆🏆,https://justdrivemedia.com/,High Quality Dofollow Backlinks DA 50 PA 40 Premium PBN Network Service mightypr.com Rank First Page Google Fast SEO Link Building Buy Backlinks Online Cheap,False,3000,0,1786883432,1790159318,False,False,False
https://startupill.com/101-best-public-relations-pr-startups-in-san-francisco-of-2021/,101 Best Public Relations (PR) Startups in San Francisco of 2021 - Startup Pill,http://justdrivemedia.com/,Website,False,443,1,1786882669,1788619517,False,False,False
https://99backlinksbuy.com/bgreveseo/,Directory Pages Index,https://justdrivemedia.com/,mightypr.com,True,9999,0,1786881160,1787584732,False,False,False
https://blinks.sbs/domain/domain/part/127058,seo domain research,https://justdrivemedia.com/,justdrivemedia.com,True,1973,0,1786879108,1788444772,False,False,False
https://99backlinksbuy.com/asdccfseo/,Directory Pages Index,https://justdrivemedia.com/,mightypr.com,True,9999,0,1786875636,1787581090,False,False,False
https://buytopqualitybacklinks.com/asdccfseo/,Directory Pages Index,https://justdrivemedia.com/,mightypr.com,True,9999,0,1786859620,1786859620,False,False,False
https://bestseobacklinkforsite.com/bgreveseo/,Directory Pages Index,https://justdrivemedia.com/,mightypr.com,True,9999,0,1786849200,1786849200,False,False,False
https://superbqualitybacklinks.com/glidieseo/,Directory Pages Index,https://justdrivemedia.com/,mightypr,True,9999,0,1786848814,1786848814,False,False,False
https://wallpapers.pro/02e71cd8c499bb1000853a8a16993609-l/,Where to buy 🚀 aged domains and backlinks 🔥 | 0271-8499,https://justdrivemedia.com/,mightypr.com,False,9002,0,1786847306,1786847306,False,False,False
https://clicktobuybacklinks.com/asdccfseo/,Directory Pages Index,https://justdrivemedia.com/,mightypr.com,True,9999,0,1786843987,1786843987,False,False,False
https://global-ranks.pages.dev/50/BJobXfFCcI,WEB DIRECTORY,https://justdrivemedia.com/,mightypr.com,True,10003,0,1786841641,1787180170,False,False,False
http://libyanatravel.com/all/796/24.html,🏆🏆Boost your Google rankings with Premium PBN & Link Building🏆🏆,https://justdrivemedia.com/,High Quality Dofollow Backlinks DA 50 PA 40 Premium PBN Network Service mightypr.com Rank First Page Google Fast SEO Link Building Buy Backlinks Online Cheap,False,3000,0,1786838687,1787554774,False,False,False
https://quickseolinks.com/bgreveseo/,Directory Pages Index,https://justdrivemedia.com/,mightypr.com,True,9999,0,1786828555,1786828555,False,False,False
https://bobbasquadlimd.blogspot.com/2023/05/q.html,q - bobbasquadlim,https://justdrivemedia.com/,mightypr,True,13634,0,1786817876,1790427180,False,False,False
https://bestrankbacklinks.com/asdccfseo/,Directory Pages Index,https://justdrivemedia.com/,mightypr.com,True,9999,0,1786808540,1786808540,False,False,False
https://alkzbare.blogspot.com/404.html,ERROR 404 - alkzbare,https://justdrivemedia.com/,mightypr,True,13512,0,1786805313,1786805313,False,False,False
https://trustd2c.com/justdrivemedia.com,Justdrivemedia Reviews & Trust Score | TrustD2C,https://justdrivemedia.com/,language Visit Site open_in_new,False,1,0,1786794009,1786794009,False,False,False
https://libyanatravel.com/all/796/24.html,🏆🏆Boost your Google rankings with Premium PBN & Link Building🏆🏆,https://justdrivemedia.com/,High Quality Dofollow Backlinks DA 50 PA 40 Premium PBN Network Service mightypr.com Rank First Page Google Fast SEO Link Building Buy Backlinks Online Cheap,False,3000,0,1786781726,1790011462,False,False,False
https://get-top-rankings.com/website-list-936/,Directory Pages Index,https://justdrivemedia.com/,mightypr,False,5000,0,1786778367,1787481769,False,False,False
https://alrooohi.blogspot.com/&fid=277&tracker=,ERROR 404 - alroooh,https://justdrivemedia.com/,mightypr,True,13512,0,1786773326,1786773326,False,False,False
https://www.wants.cfd/domain/domain/part/155824,seo domain research,https://justdrivemedia.com/,mightypr.com,True,1973,0,1786768533,1789969936,False,False,False
https://ultimate-seo-packet.com/website-list-936/,Directory Pages Index,https://justdrivemedia.com/,mightypr,False,5000,0,1786767342,1787477358,False,False,False
https://buyfairbacklinks.com/bgreveseo/,Directory Pages Index,https://justdrivemedia.com/,mightypr.com,True,9999,0,1786758844,1786758844,False,False,False
https://alrooohi.blogspot.com/images/search?FORM=HDRSC3&q=alrooohi.blogspot.com%2Flilso.html,ERROR 404 - alroooh,https://justdrivemedia.com/,mightypr,True,13512,0,1786755026,1786755026,False,False,False
https://bestseobacklinkforsite.com/breyedseo/,Directory Pages Index,http://justdrivemedia.com/,http://www.mightypr.com,True,9999,0,1786754500,1787473230,False,False,False
http://www.factmags.com/qcjrqseo/envieirkbatty-best-seo-service/,Directory Pages Index,https://justdrivemedia.com/,mightypr.com,True,10434,0,1786752054,1786752054,False,False,False
https://bestrankbacklinks.com/glidieseo/,Directory Pages Index,https://justdrivemedia.com/,mightypr,True,9999,0,1786746148,1786746148,False,False,False
https://bestseobacklinkforsite.com/bpbeatseo/,Directory Pages Index,https://www.justdrivemedia.com/,http://www.justdrivemedia.com,True,9999,0,1786745193,1789630253,False,False,False
https://tehsmed.blogspot.com/404.html,ERROR 404 - tehsmed,https://justdrivemedia.com/,mightypr.com,True,13511,0,1786741538,1790450520,False,False,False
https://friendlybacklinksbuy.com/bgreveseo/,Directory Pages Index,https://justdrivemedia.com/,mightypr.com,True,9999,0,1786739639,1786739639,False,False,False
https://bestsitesbacklinks.com/bgreveseo/,Directory Pages Index,https://justdrivemedia.com/,mightypr.com,True,9999,0,1786737736,1786737736,False,False,False
https://webbacklinkskbuy.com/glidieseo/,Directory Pages Index,https://justdrivemedia.com/,mightypr,True,9999,0,1786726791,1786726791,False,False,False
https://analyticshaven.top/stats/9665,✅ Website Stats 📊,https://justdrivemedia.com/,justdrivemedia.com,True,3500,0,1786726216,1786726216,False,False,False
https://eliteseobacklinks.com/bgreveseo/,Directory Pages Index,https://justdrivemedia.com/,mightypr.com,True,9999,0,1786713537,1787426136,False,False,False
https://wowqualitybacklinks.com/bgreveseo/,Directory Pages Index,https://justdrivemedia.com/,mightypr.com,True,9999,0,1786712708,1786712708,False,False,False
https://webbacklinkskbuy.com/asdccfseo/,Directory Pages Index,https://justdrivemedia.com/,mightypr.com,True,9999,0,1786710368,1786710368,False,False,False
https://sbirdllc.blogspot.com/login,ERROR 404 - sbirdllc,https://justdrivemedia.com/,mightypr,True,13512,0,1786704453,1786704453,False,False,False
https://domraider.eu.com/z2nvu170-listi/,"Any SEO resource - we have it. 🔥 No resellers, no middlemen, lowest price. z2nvu170",https://justdrivemedia.com/,justdrivemedia.com,False,18503,0,1786700078,1790678661,False,False,False
http://www.theface.in/page-5c2382785a8bac0146f2085fd1d7ce66.html,Where to buy 🚀 aged domains and backlinks 🔥 from www.theface.in| 5238-2785,http://justdrivemedia.com/,mightypr.com,False,10159,0,1786692276,1789327268,False,False,False
https://alrooohi.blogspot.com/images/search?FORM=KCFIMM&q=HTML%2Bcannot%2Bconstruct%2Ba%2Bwebsite,ERROR 404 - alroooh,https://justdrivemedia.com/,mightypr,True,13512,0,1786678801,1786678801,False,False,False
http://seol.store/domain/domain/part/155824,seo domain research,https://justdrivemedia.com/,mightypr.com,True,1973,0,1786663855,1786663855,False,False,False
https://wefemur.blogspot.com/&output=text%2Frdf+n3,ERROR 404 - WeFemur,https://justdrivemedia.com/,mightypr.com,True,13511,0,1786647622,1786647622,False,False,False
https://wefemur.blogspot.com/holostyak-stb-2021&from=%7BA287C81C-284B-4589-B312-D9016BAE4E89%7D,ERROR 404 - WeFemur,https://justdrivemedia.com/,mightypr.com,True,13511,0,1786645635,1786645635,False,False,False
http://lawyerinjeddah.com/all/444/20.html,🏆🏆Boost your Google rankings with Premium PBN & Link Building🏆🏆,https://justdrivemedia.com/,High Quality Dofollow Backlinks DA 50 PA 40 Premium PBN Network Service justdrivemedia.com Rank First Page Google Fast SEO Link Building Buy Backlinks Online Cheap,False,3000,0,1786634843,1789774948,False,False,False
https://www.wonvision.com/02e71cd8c499bb1000853a8a16993609-l/,Where to buy 🚀 aged domains and backlinks 🔥 | 0271-8499,https://justdrivemedia.com/,mightypr.com,False,9003,0,1786622457,1790122563,False,False,False
https://friendlybacklinksbuy.com/bpbeatseo/,Directory Pages Index,https://www.justdrivemedia.com/,http://www.justdrivemedia.com,True,9999,0,1786619428,1789495517,False,False,False
https://atozbacklinks.com/artheiseo/,Directory Pages Index,https://justdrivemedia.com/,justdrivemedia.com,True,9999,0,1786613195,1787315056,False,False,False
https://domraider.eu.com/vhz6hixk-listi/,"Any SEO resource - we have it. 🔥 No resellers, no middlemen, lowest price. vhz6hixk",https://justdrivemedia.com/,mightypr.com,False,18503,0,1786610666,1790478448,False,False,False
https://atozbacklinks.com/breyedseo/,Directory Pages Index,http://justdrivemedia.com/,http://www.mightypr.com,True,9999,0,1786608595,1787322728,False,False,False
https://nvvegfest.blogspot.com/404.html,nvvegfest,https://justdrivemedia.com/,mightypr,True,50174,0,1786608501,1790243970,False,False,False
https://ultimate-seo-packet.com/website-list-1253/,Directory Pages Index,https://justdrivemedia.com/,justdrivemedia,False,5000,0,1786607820,1789425829,False,False,False
https://atozbacklinks.com/betfmmseo/,Directory Pages Index,https://justdrivemedia.com/,justdrivemedia.com,True,9997,0,1786605292,1787311863,False,False,False
https://www.7x7.com/office-envy-mighty-pr-san-francisco-2561542075.html,Office Envy: A Bold Design for a Mighty Women-Owned PR Firm in SoMa - 7x7 Bay Area,https://justdrivemedia.com/,mightypr.com,False,14,10,1786602817,1790136955,False,False,False
https://www.7x7.com/office-envy-mighty-pr-san-francisco-2561542075.html,Office Envy: A Bold Design for a Mighty Women-Owned PR Firm in SoMa - 7x7 Bay Area,https://justdrivemedia.com/,Mighty,False,14,10,1786602817,1790136955,False,False,False
https://atozbacklinks.com/glidieseo/,Directory Pages Index,https://justdrivemedia.com/,mightypr,True,9999,0,1786600699,1787314023,False,False,False
https://atozbacklinks.com/bpbeatseo/,Directory Pages Index,https://www.justdrivemedia.com/,http://www.justdrivemedia.com,True,9999,0,1786599741,1789432541,False,False,False
https://knows.monster/domain/domain/part/155824,seo domain research,https://justdrivemedia.com/,mightypr.com,True,1973,0,1786594784,1786594784,False,False,False
https://friendlybacklinksbuy.com/breyedseo/,Directory Pages Index,http://justdrivemedia.com/,http://www.mightypr.com,True,9999,0,1786591159,1787288556,False,False,False
https://bestseobacklinkforsite.com/asdccfseo/,Directory Pages Index,https://justdrivemedia.com/,mightypr.com,True,9999,0,1786586446,1787283774,False,False,False
https://atozbacklinks.com/buydmxseo/,Directory Pages Index,https://justdrivemedia.com/,justdrivemedia.com,True,9999,0,1786583517,1789456271,False,False,False
https://atozbacklinks.com/asdccfseo/,Directory Pages Index,https://justdrivemedia.com/,mightypr.com,True,9999,0,1786582785,1787296155,False,False,False
https://bestseobacklinkforsite.com/artheiseo/,Directory Pages Index,https://justdrivemedia.com/,justdrivemedia.com,True,9999,0,1786582422,1789724517,False,False,False
https://frukwan.blogspot.com/&output=application%2Frdf+xml,ERROR 404 - frukwan,https://justdrivemedia.com/,mightypr.com,True,13511,0,1786569150,1786569150,False,False,False
https://kilnip.blogspot.com/3aqbN3t,ERROR 404 - kilnip,https://justdrivemedia.com/,mightypr.com,True,13511,0,1786565240,1786565240,False,False,False
https://bestseobacklinkforsite.com/glidieseo/,Directory Pages Index,https://justdrivemedia.com/,mightypr,True,9999,0,1786559668,1787985422,False,False,False
https://tehsmed.blogspot.com/Recommend%20Your%20Favorite%20New%20Product%20or%20Service,ERROR 404 - tehsmed,https://justdrivemedia.com/,mightypr.com,True,13511,0,1786558241,1786558241,False,False,False
https://az500subadds.blogspot.com/&output=application%2Frdf+xml,ERROR 404 - az500subadds,https://justdrivemedia.com/,justdrivemedia.com,True,13511,0,1786555334,1786555334,False,False,False
https://bestseobacklinkforsite.com/betfmmseo/,Directory Pages Index,https://justdrivemedia.com/,justdrivemedia.com,True,9997,0,1786554069,1789456483,False,False,False
https://topratedbacklinks.com/breyedseo/,Directory Pages Index,http://justdrivemedia.com/,http://www.mightypr.com,True,9999,0,1786552898,1787286281,False,False,False
https://best-value-seo-service.com/website-list-1253/,Directory Pages Index,https://justdrivemedia.com/,justdrivemedia,False,5000,0,1786550949,1789436758,False,False,False
https://bestseobacklinkforsite.com/buydmxseo/,Directory Pages Index,https://justdrivemedia.com/,justdrivemedia.com,True,9999,0,1786545919,1787958791,False,False,False
https://topratedbacklinks.com/bgreveseo/,Directory Pages Index,https://justdrivemedia.com/,mightypr.com,True,9999,0,1786540924,1787980683,False,False,False
https://m98ufa.com/all/796/24.html,🏆🏆Boost your Google rankings with Premium PBN & Link Building🏆🏆,https://justdrivemedia.com/,High Quality Dofollow Backlinks DA 50 PA 40 Premium PBN Network Service mightypr.com Rank First Page Google Fast SEO Link Building Buy Backlinks Online Cheap,False,3000,0,1786535666,1787962650,False,False,False
https://best-value-seo-service.com/website-list-936/,Directory Pages Index,https://justdrivemedia.com/,mightypr,False,5000,0,1786535270,1787972714,False,False,False
https://domraider.gb.net/o1he2rnk-li/,"Any SEO resource - we have it. 🔥 No resellers, no middlemen, lowest price. o1he2rnk",https://justdrivemedia.com/,justdrivemedia.com,False,18003,0,1786534649,1789828499,False,False,False
https://domraider.gb.net/q3tufobh-li/,"Any SEO resource - we have it. 🔥 No resellers, no middlemen, lowest price. q3tufobh",https://justdrivemedia.com/,mightypr.com,False,18003,0,1786531641,1790543511,False,False,False
https://souwika.blogspot.com/login_error,ERROR 404 - souwika souwika,https://justdrivemedia.com/,mightypr,True,13512,0,1786530283,1790046423,False,False,False
https://on-demand-seo-backlinks.com/website-list-936/,Directory Pages Index,https://justdrivemedia.com/,mightypr,False,5000,0,1786522222,1787937989,False,False,False
https://bestrankbacklinks.com/bgreveseo/,Directory Pages Index,https://justdrivemedia.com/,mightypr.com,True,9999,0,1786517451,1787278264,False,False,False
https://topratedbacklinks.com/bpbeatseo/,Directory Pages Index,https://www.justdrivemedia.com/,http://www.justdrivemedia.com,True,9999,0,1786516980,1789734895,False,False,False
https://bestrankbacklinks.com/bpbeatseo/,Directory Pages Index,https://www.justdrivemedia.com/,http://www.justdrivemedia.com,True,9999,0,1786515883,1787941436,False,False,False
https://buyfairbacklinks.com/glidieseo/,Directory Pages Index,https://justdrivemedia.com/,mightypr,True,9999,0,1786514220,1787222097,False,False,False
https://bestsitesbacklinks.com/buydmxseo/,Directory Pages Index,https://justdrivemedia.com/,justdrivemedia.com,True,9999,0,1786513835,1789684358,False,False,False
https://bestsitesbacklinks.com/asdccfseo/,Directory Pages Index,https://justdrivemedia.com/,mightypr.com,True,9999,0,1786508489,1787934027,False,False,False
https://bestsitesbacklinks.com/betfmmseo/,Directory Pages Index,https://justdrivemedia.com/,justdrivemedia.com,True,9997,0,1786507535,1789708629,False,False,False
https://all-aged-domains.com/page-5c2382785a8bac0146f2085fd1d7ce66.html,Where to buy 🚀 aged domains and backlinks 🔥 from all-aged-domains | 5238-2785,https://justdrivemedia.com/,mightypr.com,False,10158,0,1786504711,1789983066,False,False,False
https://on-demand-seo-backlinks.com/website-list-1253/,Directory Pages Index,https://justdrivemedia.com/,justdrivemedia,False,5000,0,1786503423,1789720147,False,False,False
https://bestsitesbacklinks.com/glidieseo/,Directory Pages Index,https://justdrivemedia.com/,mightypr,True,9999,0,1786501845,1787937362,False,False,False
https://wiza.co/d/mighty-pr/7831,"Mighty Pr - Employees, Contact info, Overview - Wiza",https://justdrivemedia.com/,mightypr.com,False,9,9,1786496877,1786496877,False,False,False
https://wiza.co/d/mighty-pr/7831,"Mighty Pr - Employees, Contact info, Overview - Wiza",https://justdrivemedia.com/,Go to website,False,9,9,1786496877,1786496877,False,False,False
https://www.lizcaruana.com/blog/2018/3/24/mightypr-working-with-a-pr-firm-from-a-toronto-corporate-headshot-and-event-photographer,Toronto Corporate Headshot And Event Photographer - MightyPR: Working with a PR firm from a top Toronto Corporate Headshot And Event Photographer,https://justdrivemedia.com/,Mighty,False,9,0,1786496744,1786496744,False,False,False
https://bestsitesbacklinks.com/bpbeatseo/,Directory Pages Index,https://www.justdrivemedia.com/,http://www.justdrivemedia.com,True,9999,0,1786494801,1789712712,False,False,False
https://bestrankbacklinks.com/hotonnseo/,Directory Pages Index,https://justdrivemedia.com/,justdrivemedia,True,9999,0,1786494509,1789706694,False,False,False
https://bestsitesbacklinks.com/breyedseo/,Directory Pages Index,http://justdrivemedia.com/,http://www.mightypr.com,True,9999,0,1786493659,1787923618,False,False,False
https://www.newwebsiteslist.com/page/155824/,Top Domains – Page 155824 – newwebsiteslist.com,https://justdrivemedia.com/,mightypr.com,False,1000,0,1786492466,1787712984,False,False,False
https://behigheses.blogspot.com/images/search?FORM=HDRSC2&q=behigheses.blogspot.com%2Flilso.html,ERROR 404 - BeHigh,https://justdrivemedia.com/,justdrivemedia.com,True,13511,0,1786490547,1786490547,False,False,False
https://bestsitesbacklinks.com/artheiseo/,Directory Pages Index,https://justdrivemedia.com/,justdrivemedia.com,True,9999,0,1786488945,1789701149,False,False,False
https://webrankingsolutionbacklinks.com/bpbeatseo/,Directory Pages Index,https://www.justdrivemedia.com/,http://www.justdrivemedia.com,True,9999,0,1786488664,1789734134,False,False,False
https://kilnip.blogspot.com/component/dashboardmm/?view=manager,ERROR 404 - kilnip,https://justdrivemedia.com/,mightypr.com,True,13511,0,1786487984,1786487984,False,False,False
https://kilnip.blogspot.com/travel/search?FORM=FBSCOP&q=kilnip.blogspot.com%2Flilso.html,ERROR 404 - kilnip,https://justdrivemedia.com/,mightypr.com,True,13511,0,1786487646,1786487646,False,False,False
http://www.lawyerinjeddah.com/all/444/20.html,🏆🏆Boost your Google rankings with Premium PBN & Link Building🏆🏆,https://justdrivemedia.com/,High Quality Dofollow Backlinks DA 50 PA 40 Premium PBN Network Service justdrivemedia.com Rank First Page Google Fast SEO Link Building Buy Backlinks Online Cheap,False,3000,0,1786484482,1789733072,False,False,False
https://urgent-seo-ranking-help.com/website-list-1253/,Directory Pages Index,https://justdrivemedia.com/,justdrivemedia,False,5000,0,1786483624,1789706985,False,False,False
https://bestrankbacklinks.com/breyedseo/,Directory Pages Index,http://justdrivemedia.com/,http://www.mightypr.com,True,9999,0,1786481218,1787896148,False,False,False
https://webrankingsolutionbacklinks.com/breyedseo/,Directory Pages Index,http://justdrivemedia.com/,http://www.mightypr.com,True,9999,0,1786478913,1787888813,False,False,False
https://buyfairbacklinks.com/asdccfseo/,Directory Pages Index,https://justdrivemedia.com/,mightypr.com,True,9999,0,1786477506,1787187016,False,False,False
https://buytopqualitybacklinks.com/bpbeatseo/,Directory Pages Index,https://www.justdrivemedia.com/,http://www.justdrivemedia.com,True,9999,0,1786473828,1789675750,False,False,False
https://buytopqualitybacklinks.com/buydmxseo/,Directory Pages Index,https://justdrivemedia.com/,justdrivemedia.com,True,9999,0,1786472213,1789674124,False,False,False
https://buytopqualitybacklinks.com/bgreveseo/,Directory Pages Index,https://justdrivemedia.com/,mightypr.com,True,9999,0,1786468837,1787881785,False,False,False
https://allbaclinks.com/asdccfseo/,Directory Pages Index,https://justdrivemedia.com/,mightypr.com,True,9999,0,1786467975,1787920417,False,False,False
https://clicktobuybacklinks.com/bgreveseo/,Directory Pages Index,https://justdrivemedia.com/,mightypr.com,True,9999,0,1786466821,1787182664,False,False,False
https://gonzalocollarte.com/2026/05/14/working-the-pr-side-notes-from-a-marketers-seat/,Working the PR side: notes from a marketer’s seat – Gonzalo Collarte,https://justdrivemedia.com/,Mighty PR,False,25,0,1786463653,1790573603,False,False,False
https://allbaclinks.com/bgreveseo/,Directory Pages Index,https://justdrivemedia.com/,mightypr.com,True,9999,0,1786463047,1787897313,False,False,False
https://buyrankbacklinks.com/betfmmseo/,Directory Pages Index,https://justdrivemedia.com/,justdrivemedia.com,True,9997,0,1786460306,1789650495,False,False,False
http://www.lawyerinjeddah.com/all/796/24.html,🏆🏆Boost your Google rankings with Premium PBN & Link Building🏆🏆,https://justdrivemedia.com/,High Quality Dofollow Backlinks DA 50 PA 40 Premium PBN Network Service mightypr.com Rank First Page Google Fast SEO Link Building Buy Backlinks Online Cheap,False,3000,0,1786458917,1787950586,False,False,False
https://buyrankbacklinks.com/artheiseo/,Directory Pages Index,https://justdrivemedia.com/,justdrivemedia.com,True,9999,0,1786454507,1789644586,False,False,False
https://friendlybacklinksbuy.com/betfmmseo/,Directory Pages Index,https://justdrivemedia.com/,justdrivemedia.com,True,9997,0,1786454038,1789627491,False,False,False
https://web-ranking-gain-fast.com/website-list-1253/,Directory Pages Index,https://justdrivemedia.com/,justdrivemedia,False,5000,0,1786452745,1789677735,False,False,False
https://nvvegfest.blogspot.com/&zid=7,nvvegfest,https://justdrivemedia.com/,mightypr,True,50174,0,1786451358,1789955060,False,False,False
https://buyrankbacklinks.com/bpbeatseo/,Directory Pages Index,https://www.justdrivemedia.com/,http://www.justdrivemedia.com,True,9999,0,1786450168,1789646621,False,False,False
https://superbqualitybacklinks.com/bgreveseo/,Directory Pages Index,https://justdrivemedia.com/,mightypr.com,True,9999,0,1786449770,1787180566,False,False,False
https://eliteseobacklinks.com/glidieseo/,Directory Pages Index,https://justdrivemedia.com/,mightypr,True,9999,0,1786449710,1786449710,False,False,False
https://seo-expert-service.com/website-list-1253/,Directory Pages Index,https://justdrivemedia.com/,justdrivemedia,False,5000,0,1786448272,1789694835,False,False,False
https://buyrankbacklinks.com/buydmxseo/,Directory Pages Index,https://justdrivemedia.com/,justdrivemedia.com,True,9999,0,1786447712,1789664128,False,False,False
https://top-seo-service-high-rated.com/website-list-936/,Directory Pages Index,https://justdrivemedia.com/,mightypr,False,5000,0,1786447141,1787156409,False,False,False
https://alphawtrss.blogspot.com/component/dashboard/?view=manager,ERROR 404 - alphawtr,https://justdrivemedia.com/,justdrivemedia.com,True,13511,0,1786445945,1786445945,False,False,False
https://buytopqualitybacklinks.com/breyedseo/,Directory Pages Index,http://justdrivemedia.com/,http://www.mightypr.com,True,9999,0,1786445033,1787898084,False,False,False
https://friendlybacklinksbuy.com/artheiseo/,Directory Pages Index,https://justdrivemedia.com/,justdrivemedia.com,True,9999,0,1786443748,1789689400,False,False,False
https://allbaclinks.com/glidieseo/,Directory Pages Index,http://justdrivemedia.com/,mightypr,True,9999,0,1786441719,1789666767,False,False,False
https://allbaclinks.com/bpbeatseo/,Directory Pages Index,https://www.justdrivemedia.com/,http://www.justdrivemedia.com,True,9999,0,1786441597,1789685058,False,False,False
https://buyrankbacklinks.com/glidieseo/,Directory Pages Index,http://justdrivemedia.com/,mightypr,True,9999,0,1786438213,1789661329,False,False,False
https://web-ranking-gain-fast.com/website-list-936/,Directory Pages Index,http://justdrivemedia.com/,mightypr,False,5000,0,1786433850,1789629436,False,False,False
https://allbaclinks.com/breyedseo/,Directory Pages Index,http://justdrivemedia.com/,http://www.mightypr.com,True,9999,0,1786433669,1787863187,False,False,False
https://seo-expert-service.com/website-list-936/,Directory Pages Index,http://justdrivemedia.com/,mightypr,False,5000,0,1786433568,1789599135,False,False,False
https://buytopqualitybacklinks.com/artheiseo/,Directory Pages Index,https://justdrivemedia.com/,justdrivemedia.com,True,9999,0,1786430303,1789671064,False,False,False
https://buyrankbacklinks.com/breyedseo/,Directory Pages Index,http://justdrivemedia.com/,http://www.mightypr.com,True,9999,0,1786429463,1787850064,False,False,False
https://buytopqualitybacklinks.com/glidieseo/,Directory Pages Index,http://justdrivemedia.com/,mightypr,True,9999,0,1786429265,1789670257,False,False,False
https://friendlybacklinksbuy.com/glidieseo/,Directory Pages Index,http://justdrivemedia.com/,mightypr,True,9999,0,1786428714,1789617771,False,False,False
https://friendlybacklinksbuy.com/asdccfseo/,Directory Pages Index,http://justdrivemedia.com/,mightypr.com,True,9999,0,1786427943,1789643656,False,False,False
https://buyrankbacklinks.com/asdccfseo/,Directory Pages Index,http://justdrivemedia.com/,mightypr.com,True,9999,0,1786421722,1789661585,False,False,False
https://buyrankbacklinks.com/bgreveseo/,Directory Pages Index,http://justdrivemedia.com/,mightypr.com,True,9999,0,1786421091,1789617031,False,False,False
https://viralbacklinks.com/breyedseo/,Directory Pages Index,http://justdrivemedia.com/,http://www.mightypr.com,True,9999,0,1786419837,1787855812,False,False,False
https://friendlybacklinksbuy.com/buydmxseo/,Directory Pages Index,https://justdrivemedia.com/,justdrivemedia.com,True,9999,0,1786414669,1789622131,False,False,False
https://viralbacklinks.com/bpbeatseo/,Directory Pages Index,https://www.justdrivemedia.com/,http://www.justdrivemedia.com,True,9999,0,1786413917,1789661792,False,False,False
https://wowqualitybacklinks.com/bpbeatseo/,Directory Pages Index,https://www.justdrivemedia.com/,http://www.justdrivemedia.com,True,9999,0,1786403177,1789618244,False,False,False
https://wowqualitybacklinks.com/breyedseo/,Directory Pages Index,http://justdrivemedia.com/,http://www.mightypr.com,True,9999,0,1786400081,1787800342,False,False,False
https://worldtopbacklinks.com/asdccfseo/,Directory Pages Index,http://justdrivemedia.com/,mightypr.com,True,9999,0,1786392029,1789613440,False,False,False
https://nvvegfest.blogspot.com/internet-radio,nvvegfest,http://justdrivemedia.com/,mightypr,True,50174,0,1786386904,1786386904,False,False,False
https://nvvegfest.blogspot.com/event/1/%CF%80%CE%BF%CE%B4%CF%8C%CF%83%CF%86%CE%B1%CE%B9%CF%81%CE%BF/%CE%B1%CE%B3%CE%B3%CE%BB%CE%AF%CE%B1/premier-league/%CE%AC%CF%83%CF%84%CE%BF%CE%BD-%CE%B2%CE%AF%CE%BB%CE%B1-%CE%BB%CE%AF%CE%B2%CE%B5%CF%81%CF%80%CE%BF%CF%85%CE%BB/186880950715600896,nvvegfest,http://justdrivemedia.com/,mightypr,True,50174,0,1786386901,1786386901,False,False,False
https://nvvegfest.blogspot.com/impressum.html,nvvegfest,http://justdrivemedia.com/,mightypr,True,50174,0,1786385698,1786385698,False,False,False
https://increasewebtrafficwithlinks.com/breyedseo/,Directory Pages Index,http://justdrivemedia.com/,http://www.mightypr.com,True,9999,0,1786379568,1787811296,False,False,False
https://worldtopbacklinks.com/betfmmseo/,Directory Pages Index,https://justdrivemedia.com/,justdrivemedia.com,True,9997,0,1786378055,1789607548,False,False,False
https://worldtopbacklinks.com/buydmxseo/,Directory Pages Index,https://justdrivemedia.com/,justdrivemedia.com,True,9999,0,1786377462,1789568735,False,False,False
https://99backlinksbuy.com/breyedseo/,Directory Pages Index,http://justdrivemedia.com/,http://www.mightypr.com,True,9999,0,1786375461,1787805799,False,False,False
https://increasewebtrafficwithlinks.com/bpbeatseo/,Directory Pages Index,https://www.justdrivemedia.com/,http://www.justdrivemedia.com,True,9999,0,1786371874,1789562040,False,False,False
https://worldtopbacklinks.com/bpbeatseo/,Directory Pages Index,https://www.justdrivemedia.com/,http://www.justdrivemedia.com,True,9999,0,1786369830,1789619259,False,False,False
https://worldtopbacklinks.com/glidieseo/,Directory Pages Index,http://justdrivemedia.com/,mightypr,True,9999,0,1786366111,1789591517,False,False,False
https://instantseogrowth.com/website-list-1253/,Directory Pages Index,https://justdrivemedia.com/,justdrivemedia,False,5000,0,1786359780,1789584413,False,False,False
https://worldtopbacklinks.com/breyedseo/,Directory Pages Index,http://justdrivemedia.com/,http://www.mightypr.com,True,9999,0,1786358001,1787792510,False,False,False
https://web-ranking-boosters.com/website-list-1253/,Directory Pages Index,https://justdrivemedia.com/,justdrivemedia,False,5000,0,1786355168,1789604025,False,False,False
https://worldtopbacklinks.com/artheiseo/,Directory Pages Index,https://justdrivemedia.com/,justdrivemedia.com,True,9999,0,1786345735,1789546380,False,False,False
https://instantseogrowth.com/website-list-936/,Directory Pages Index,http://justdrivemedia.com/,mightypr,False,5000,0,1786344185,1786344185,False,False,False
https://99backlinksbuy.com/bpbeatseo/,Directory Pages Index,https://www.justdrivemedia.com/,http://www.justdrivemedia.com,True,9999,0,1786340507,1789555712,False,False,False
https://webrankingsolutionbacklinks.com/bgreveseo/,Directory Pages Index,http://justdrivemedia.com/,mightypr.com,True,9999,0,1786339498,1789583246,False,False,False
https://web-ranking-boosters.com/website-list-936/,Directory Pages Index,http://justdrivemedia.com/,mightypr,False,5000,0,1786338431,1789510401,False,False,False
https://welinkbacklinks.com/hotonnseo/,Directory Pages Index,https://justdrivemedia.com/,justdrivemedia,True,9999,0,1786326549,1789606943,False,False,False
https://webrankingsolutionbacklinks.com/artheiseo/,Directory Pages Index,https://justdrivemedia.com/,justdrivemedia.com,True,9999,0,1786325863,1789535926,False,False,False
https://webrankingsolutionbacklinks.com/buydmxseo/,Directory Pages Index,https://justdrivemedia.com/,justdrivemedia.com,True,9999,0,1786325721,1789573039,False,False,False
https://webrankingsolutionbacklinks.com/asdccfseo/,Directory Pages Index,http://justdrivemedia.com/,mightypr.com,True,9999,0,1786308405,1789537724,False,False,False
https://webrankingsolutionbacklinks.com/glidieseo/,Directory Pages Index,http://justdrivemedia.com/,mightypr,True,9999,0,1786306503,1789554728,False,False,False
https://pulsenoc.blogspot.com/holostyak-stb-2021&from=%7B74B0F5AB-5352-4996-898E-C29310747B83%7D,ERROR 404 - pulsenoc,https://justdrivemedia.com/,justdrivemedia.com,True,13509,0,1786302056,1786302056,False,False,False
https://webrankingsolutionbacklinks.com/betfmmseo/,Directory Pages Index,https://justdrivemedia.com/,justdrivemedia.com,True,9997,0,1786299326,1789468981,False,False,False
https://nvvegfest.blogspot.com/account/login,nvvegfest,http://justdrivemedia.com/,mightypr,True,50174,0,1786298415,1786298415,False,False,False
https://welinkbacklinks.com/bpbeatseo/,Directory Pages Index,https://www.justdrivemedia.com/,http://www.justdrivemedia.com,True,9999,0,1786296498,1789484267,False,False,False
https://buytopqualitybacklinks.com/hotonnseo/,Directory Pages Index,https://justdrivemedia.com/,justdrivemedia,True,9999,0,1786294748,1789538553,False,False,False
https://welinkbacklinks.com/asdccfseo/,Directory Pages Index,http://justdrivemedia.com/,mightypr.com,True,9999,0,1786291371,1789513378,False,False,False
https://welinkbacklinks.com/bgreveseo/,Directory Pages Index,http://justdrivemedia.com/,mightypr.com,True,9999,0,1786286440,1789500274,False,False,False
https://booastrankingwithbacklinks.com/buydmxseo/,Directory Pages Index,https://justdrivemedia.com/,justdrivemedia.com,True,9999,0,1786284302,1789491466,False,False,False
https://booastrankingwithbacklinks.com/hotonnseo/,Directory Pages Index,https://justdrivemedia.com/,justdrivemedia,True,9999,0,1786282736,1789481115,False,False,False
https://welinkbacklinks.com/glidieseo/,Directory Pages Index,http://justdrivemedia.com/,mightypr,True,9999,0,1786282314,1789490658,False,False,False
https://webbacklinkskbuy.com/hotonnseo/,Directory Pages Index,https://justdrivemedia.com/,justdrivemedia,True,9999,0,1786281798,1789493529,False,False,False
https://welinkbacklinks.com/breyedseo/,Directory Pages Index,http://justdrivemedia.com/,http://www.mightypr.com,True,9999,0,1786280050,1787710959,False,False,False
https://booastrankingwithbacklinks.com/bpbeatseo/,Directory Pages Index,https://www.justdrivemedia.com/,http://www.justdrivemedia.com,True,9999,0,1786279145,1789472028,False,False,False
https://webbacklinkskbuy.com/bpbeatseo/,Directory Pages Index,https://www.justdrivemedia.com/,http://www.justdrivemedia.com,True,9999,0,1786278651,1789521185,False,False,False
https://rarebacklinks.com/artheiseo/,Directory Pages Index,https://justdrivemedia.com/,justdrivemedia.com,True,9999,0,1786277706,1789494826,False,False,False
https://rarebacklinks.com/asdccfseo/,Directory Pages Index,http://justdrivemedia.com/,mightypr.com,True,9999,0,1786277270,1789525089,False,False,False
https://allbaclinks.com/hotonnseo/,Directory Pages Index,https://justdrivemedia.com/,justdrivemedia,True,9999,0,1786272169,1789492132,False,False,False
https://booastrankingwithbacklinks.com/glidieseo/,Directory Pages Index,http://justdrivemedia.com/,mightypr,True,9999,0,1786271676,1789510847,False,False,False
https://booastrankingwithbacklinks.com/artheiseo/,Directory Pages Index,https://justdrivemedia.com/,justdrivemedia.com,True,9999,0,1786269799,1789494981,False,False,False
https://viralbacklinks.com/betfmmseo/,Directory Pages Index,https://justdrivemedia.com/,justdrivemedia.com,True,9997,0,1786268346,1789509534,False,False,False
https://rarebacklinks.com/buydmxseo/,Directory Pages Index,https://justdrivemedia.com/,justdrivemedia.com,True,9999,0,1786266318,1789510875,False,False,False
https://webbacklinkskbuy.com/betfmmseo/,Directory Pages Index,https://justdrivemedia.com/,justdrivemedia.com,True,9997,0,1786263354,1789501249,False,False,False
https://viralbacklinks.com/asdccfseo/,Directory Pages Index,http://justdrivemedia.com/,mightypr.com,True,9999,0,1786262599,1789469882,False,False,False
https://ultimate-backlink-solution.com/website-list-1253/,Directory Pages Index,https://justdrivemedia.com/,justdrivemedia,False,5000,0,1786260832,1789447113,False,False,False
https://rarebacklinks.com/bpbeatseo/,Directory Pages Index,https://www.justdrivemedia.com/,http://www.justdrivemedia.com,True,9999,0,1786260581,1789453538,False,False,False
https://ultimate-backlink-solution.com/website-list-936/,Directory Pages Index,http://justdrivemedia.com/,mightypr,False,5000,0,1786259274,1789451465,False,False,False
https://atozbacklinks.com/hotonnseo/,Directory Pages Index,https://justdrivemedia.com/,justdrivemedia,True,9999,0,1786257833,1789492393,False,False,False
https://webbacklinkskbuy.com/breyedseo/,Directory Pages Index,http://justdrivemedia.com/,http://www.mightypr.com,True,9999,0,1786256295,1787668504,False,False,False
https://quickseolinks.com/buydmxseo/,Directory Pages Index,https://justdrivemedia.com/,justdrivemedia.com,True,9999,0,1786255836,1789486196,False,False,False
https://booastrankingwithbacklinks.com/breyedseo/,Directory Pages Index,http://justdrivemedia.com/,http://www.mightypr.com,True,9999,0,1786254454,1787705386,False,False,False
https://mightypr.com/locations.kml,,http://justdrivemedia.com/,,False,0,0,1786254152,1788770684,False,False,True
https://rarebacklinks.com/glidieseo/,Directory Pages Index,http://justdrivemedia.com/,mightypr,True,9999,0,1786253351,1789446620,False,False,False
https://wowqualitybacklinks.com/hotonnseo/,Directory Pages Index,https://justdrivemedia.com/,justdrivemedia,True,9999,0,1786253087,1789451010,False,False,False
https://booastrankingwithbacklinks.com/betfmmseo/,Directory Pages Index,https://justdrivemedia.com/,justdrivemedia.com,True,9997,0,1786250385,1789467744,False,False,False
https://quickseolinks.com/breyedseo/,Directory Pages Index,http://justdrivemedia.com/,http://www.mightypr.com,True,9999,0,1786249194,1787680463,False,False,False
https://viralbacklinks.com/glidieseo/,Directory Pages Index,http://justdrivemedia.com/,mightypr,True,9999,0,1786246008,1789487490,False,False,False
https://booastrankingwithbacklinks.com/asdccfseo/,Directory Pages Index,http://justdrivemedia.com/,mightypr.com,True,9999,0,1786243296,1789469202,False,False,False
https://webbacklinkskbuy.com/bgreveseo/,Directory Pages Index,http://justdrivemedia.com/,mightypr.com,True,9999,0,1786239512,1789475332,False,False,False
https://rarebacklinks.com/betfmmseo/,Directory Pages Index,https://justdrivemedia.com/,justdrivemedia.com,True,9997,0,1786237887,1789476027,False,False,False
https://viralbacklinks.com/artheiseo/,Directory Pages Index,https://justdrivemedia.com/,justdrivemedia.com,True,9999,0,1786237878,1789477066,False,False,False
https://wowqualitybacklinks.com/asdccfseo/,Directory Pages Index,http://justdrivemedia.com/,mightypr.com,True,9999,0,1786234529,1789395882,False,False,False
https://viralbacklinks.com/bgreveseo/,Directory Pages Index,http://justdrivemedia.com/,mightypr.com,True,9999,0,1786232701,1789420122,False,False,False
https://increasewebtrafficwithlinks.com/artheiseo/,Directory Pages Index,https://justdrivemedia.com/,justdrivemedia.com,True,9999,0,1786230528,1789476591,False,False,False
https://rarebacklinks.com/breyedseo/,Directory Pages Index,http://justdrivemedia.com/,http://www.mightypr.com,True,9999,0,1786229749,1787640437,False,False,False
