Referring Domain / URL,Target URL,Anchor Text,Action Recommendation,Primary Risk Factor,Confidence Score,Backlinks,Linking Pages,Unique Anchors,Top Anchor Share,Remediation Priority,Follow (Equity) Links,Exact-Match Anchor %,Branded/URL Anchor %,Median Page AScore,Max Page AScore,Avg External Links,Nofollow %,Sponsored,Topically Relevant,Distinct Targets,Lost %,First Seen,Last Seen,Rationale
eurekster.com,https://www.performancelab.com/blogs/multi/best-multivitamin-for-men (+22 more),https://www.performancelab.com/blogs/multi/best-multivitamin-for-men (+47 more),DISAVOW,Exact-Match Anchor Abuse (Syndicated Placement),High,240,70,48,12%,P1 - Follow links at volume,240,35%,56%,0,0,174,0%,no,no,23,0%,1713144340,1786629989,35% exact-match commercial anchors across 70 low-authority content pages (median AS 0) with only 48 distinct anchors.
appsupports.co,https://www.performancelab.com/,Upgrade Yourself!,DISAVOW,Client Decision (Disavow) - Auto-Generated App Listing,High,177,177,1,100%,P3 - Nofollow only (no equity passed),0,0%,0%,0,0,11,100%,no,no,1,5%,1755931360,1787303600,"Client instruction, 2026-08-25. No link-level sample exists for this domain (910 backlinks, none in the 50k export), so the audit had it as unverified rather than condemned. Authority 5, first seen 2025-08-23, Cloudflare-fronted auto-generated app-listing site."
cloudaicrypto.com,https://www.performancelab.com/products/mind-lab-pro?a_aid=CloudAICrypto&a_bid=trump-just-sent-crypto-to-the-moon (+51 more),MindLabPro (+23 more),DISAVOW,Client Decision (Disavow) - Off-Niche High-Volume Placement,High,154,40,24,47%,P1 - Follow links at volume,114,0%,47%,0,0,28,26%,no,no,52,0%,1736079994,1787627949,"Client instruction, 2026-08-25. No link-level sample exists (154 backlinks, none in the 50k export). Authority 2, first seen 2025-01-05, Cloudflare-fronted. A crypto/AI-themed domain carrying volume into a supplement brand with no topical basis."
kimssaulikesd.blogspot.com,https://www.performancelab.com/blogs/wellness,https://testolabpro.com/,DISAVOW,Free-Host Blog Serving a Link Dump,High,51,51,1,100%,P3 - Nofollow only (no equity passed),0,0%,100%,0,0,13513,100%,no,no,1,100%,1773422762,1774102574,"Averages 13,513 outbound links per page on a free blog host — a scraped or compromised template, not a publisher."
baskidunyasi.net,https://www.performancelab.com/blogs/sleep/can-you-overdose-on-melatonin?srsltid=AfmBOoovyBdj3KQuXeen6kKsquYLy68bFlcoWc17b_CbDNDVIp5rZBy7 (+25 more),TG @LINKS_DEALER | EFFECTIVE SEO LINKS FOR WWW.PERFORMANCELAB.COM,DISAVOW,Hacked Site / Injected Link-Vendor Spam,High,45,14,1,100%,P3 - Nofollow only (no equity passed),0,0%,100%,0,0,3012,100%,no,no,26,0%,,,"Anchor carries a link-vendor advertisement — the placement is an intrusion on a compromised host, not an editorial link."
blogdosaga.com,https://www.performancelab.com/?a_aid=68990cbe508aa&a_bid=a2ad38c1 (+1 more),more info (+10 more),DISAVOW,Throwaway Auto-Generated Host,High,34,18,11,15%,P1 - Follow links at volume,34,0%,0%,0,2,4,0%,no,yes,2,0%,1760764369,1787496311,Randomly generated account subdomain — disposable link-vendor infrastructure.
blogsvirals.com,https://www.performancelab.com/?a_aid=68990cbe508aa&a_bid=a2ad38c1 (+1 more),check here (+12 more),DISAVOW,Throwaway Auto-Generated Host,High,29,18,13,21%,P1 - Follow links at volume,29,3%,0%,0,2,4,0%,no,yes,2,0%,1765878124,1787622541,Randomly generated account subdomain — disposable link-vendor infrastructure.
retiredbrains.com,https://www.performancelab.com/blogs/joint-support/best-joint-supplements,choose the best joint supplement,DISAVOW,Exact-Match Anchor Abuse (Sitewide Injection),High,28,28,1,100%,P1 - Follow links at volume,28,100%,0%,4,4,71,0%,no,yes,1,0%,2024-08-22,2026-08-16,Single non-branded anchor 'choose the best joint supplement' repeated across 25 content pages (archive and pagination URLs excluded) — paid sitewide insertion signature.
educationalimpactblog.com,https://www.performancelab.com/?a_aid=68990cbe508aa&a_bid=a2ad38c1 (+1 more),check here (+8 more),DISAVOW,Throwaway Auto-Generated Host,High,26,15,9,31%,P1 - Follow links at volume,26,0%,0%,0,2,2,0%,no,yes,2,0%,1767126473,1785638218,Randomly generated account subdomain — disposable link-vendor infrastructure.
instantelhydraulics.com,https://www.performancelab.com/blogs/nutrition/inositol-for-men (+7 more),🍪 TELEGRAM @SALESOVEN | ACCESS TO HACKED SITES FOR SEO | HTTPS://T.ME/SALESOVEN 🔥,DISAVOW,Hacked Site / Injected Link-Vendor Spam,High,25,20,1,100%,P3 - Nofollow only (no equity passed),0,0%,0%,0,0,26149,100%,no,no,8,0%,1772066597,1773736867,"Anchor carries a link-vendor advertisement — the placement is an intrusion on a compromised host, not an editorial link."
bluecantera.com,https://www.performancelab.com/ (+1 more),JOIN OUR TELEGRAM https://t.me/s/darksidelinks,DISAVOW,Hacked Site / Injected Link-Vendor Spam,High,25,17,1,100%,P3 - Nofollow only (no equity passed),0,0%,0%,0,0,22429,100%,no,no,2,0%,1772836882,1777922505,"Anchor carries a link-vendor advertisement — the placement is an intrusion on a compromised host, not an editorial link."
anchor-blog.com,https://www.performancelab.com/?a_aid=68990cbe508aa&a_bid=a2ad38c1 (+1 more),click here (+8 more),DISAVOW,Throwaway Auto-Generated Host,High,24,15,9,21%,"P2 - Follow links, low volume",24,0%,0%,0,3,4,0%,no,yes,2,0%,1756121431,1787490938,Randomly generated account subdomain — disposable link-vendor infrastructure.
bluxeblog.com,https://www.performancelab.com/?a_aid=68990cbe508aa&a_bid=a2ad38c1 (+1 more),daily multivitamin (+9 more),DISAVOW,Throwaway Auto-Generated Host,High,24,13,10,17%,"P2 - Follow links, low volume",24,0%,0%,0,0,2,0%,no,yes,2,0%,1765500448,1787479075,Randomly generated account subdomain — disposable link-vendor infrastructure.
onesmablog.com,https://www.performancelab.com/?a_aid=68990cbe508aa&a_bid=a2ad38c1 (+2 more),more info (+14 more),DISAVOW,Vendor Blog Network (Spun-Content PBN),High,22,22,15,18%,"P2 - Follow links, low volume",22,0%,0%,3,3,2,0%,no,yes,3,0%,1756050654,1787486335,Free-blog-host domain used exclusively by link vendors; 22 link(s) on throwaway auto-generated accounts.
pointblog.net,https://www.performancelab.com/?a_aid=68990cbe508aa&a_bid=a2ad38c1 (+1 more),check here (+10 more),DISAVOW,Vendor Blog Network (Spun-Content PBN),High,21,21,11,19%,"P2 - Follow links, low volume",21,0%,0%,3,4,2,0%,no,yes,2,0%,1756144108,2026-08-19,Free-blog-host domain used exclusively by link vendors; 21 link(s) on throwaway auto-generated accounts.
full-design.com,https://www.performancelab.com/?a_aid=68990cbe508aa&a_bid=a2ad38c1 (+3 more),website (+10 more),DISAVOW,Vendor Blog Network (Spun-Content PBN),High,20,20,11,25%,"P2 - Follow links, low volume",20,0%,0%,3,5,2,0%,no,yes,4,0%,1756061497,2026-08-07,Free-blog-host domain used exclusively by link vendors; 20 link(s) on throwaway auto-generated accounts.
pages10.com,https://www.performancelab.com/?a_aid=68990cbe508aa&a_bid=a2ad38c1 (+1 more),click here (+10 more),DISAVOW,Throwaway Auto-Generated Host,High,19,19,11,26%,"P2 - Follow links, low volume",19,5%,0%,0,1,2,0%,no,yes,2,0%,1756101721,1787612924,Randomly generated account subdomain — disposable link-vendor infrastructure.
bloggazza.com,https://www.performancelab.com/?a_aid=68990cbe508aa&a_bid=a2ad38c1 (+1 more),click here (+9 more),DISAVOW,Vendor Blog Network (Spun-Content PBN),High,18,18,10,28%,"P2 - Follow links, low volume",18,6%,0%,8,9,4,0%,no,yes,2,0%,2025-08-24,2026-08-21,Free-blog-host domain used exclusively by link vendors; 18 link(s) on throwaway auto-generated accounts.
activosblog.com,https://www.performancelab.com/?a_aid=68990cbe508aa&a_bid=a2ad38c1 (+1 more),website (+12 more),DISAVOW,Vendor Blog Network (Spun-Content PBN),High,18,18,13,17%,"P2 - Follow links, low volume",18,11%,0%,5,7,4,0%,no,yes,2,0%,2025-09-01,2026-08-18,Free-blog-host domain used exclusively by link vendors; 18 link(s) on throwaway auto-generated accounts.
activoblog.com,https://www.performancelab.com/?a_aid=68990cbe508aa&a_bid=a2ad38c1 (+1 more),website (+9 more),DISAVOW,Vendor Blog Network (Spun-Content PBN),High,18,18,10,28%,"P2 - Follow links, low volume",18,0%,0%,4,6,4,0%,no,yes,2,6%,1756037127,2026-07-14,Free-blog-host domain used exclusively by link vendors; 18 link(s) on throwaway auto-generated accounts.
diowebhost.com,https://www.performancelab.com/?a_aid=68990cbe508aa&a_bid=a2ad38c1 (+1 more),here (+8 more),DISAVOW,Vendor Blog Network (Spun-Content PBN),High,18,18,9,22%,"P2 - Follow links, low volume",18,6%,0%,4,5,2,0%,no,yes,2,0%,1756102106,2026-08-21,Free-blog-host domain used exclusively by link vendors; 18 link(s) on throwaway auto-generated accounts.
livebloggs.com,https://www.performancelab.com/?a_aid=68990cbe508aa&a_bid=a2ad38c1 (+1 more),more info (+7 more),DISAVOW,Vendor Blog Network (Spun-Content PBN),High,18,18,8,28%,"P2 - Follow links, low volume",18,0%,0%,0,5,4,0%,no,yes,2,0%,1756047578,2026-08-15,Free-blog-host domain used exclusively by link vendors; 18 link(s) on throwaway auto-generated accounts.
ampblogs.com,https://www.performancelab.com/?a_aid=68990cbe508aa&a_bid=a2ad38c1 (+1 more),website (+9 more),DISAVOW,Vendor Blog Network (Spun-Content PBN),High,18,18,10,28%,"P2 - Follow links, low volume",18,6%,0%,1,4,2,0%,no,yes,2,0%,1755966904,2026-08-08,Free-blog-host domain used exclusively by link vendors; 18 link(s) on throwaway auto-generated accounts.
idblogz.com,https://www.performancelab.com/?a_aid=68990cbe508aa&a_bid=a2ad38c1 (+1 more),get more info (+9 more),DISAVOW,Vendor Blog Network (Spun-Content PBN),High,18,18,10,22%,"P2 - Follow links, low volume",18,11%,0%,0,4,4,0%,no,yes,2,0%,1760812676,2026-08-16,Free-blog-host domain used exclusively by link vendors; 18 link(s) on throwaway auto-generated accounts.
worldblogged.com,https://www.performancelab.com/?a_aid=68990cbe508aa&a_bid=a2ad38c1 (+1 more),check here (+9 more),DISAVOW,Vendor Blog Network (Spun-Content PBN),High,18,18,10,17%,"P2 - Follow links, low volume",18,6%,0%,3,4,4,0%,no,yes,2,0%,1759782870,2026-08-10,Free-blog-host domain used exclusively by link vendors; 18 link(s) on throwaway auto-generated accounts.
fitnell.com,https://www.performancelab.com/?a_aid=68990cbe508aa&a_bid=a2ad38c1 (+1 more),more info (+10 more),DISAVOW,Vendor Blog Network (Spun-Content PBN),High,18,18,11,22%,"P2 - Follow links, low volume",18,0%,0%,0,4,2,0%,no,yes,2,0%,1755996829,2026-08-19,Free-blog-host domain used exclusively by link vendors; 18 link(s) on throwaway auto-generated accounts.
newsbloger.com,https://www.performancelab.com/?a_aid=68990cbe508aa&a_bid=a2ad38c1 (+1 more),check here (+9 more),DISAVOW,Throwaway Auto-Generated Host,High,18,18,10,22%,"P2 - Follow links, low volume",18,17%,0%,0,2,4,0%,no,yes,2,0%,1755998186,1787514853,Randomly generated account subdomain — disposable link-vendor infrastructure.
bloggadores.com,https://www.performancelab.com/?a_aid=68990cbe508aa&a_bid=a2ad38c1 (+1 more),here (+12 more),DISAVOW,Throwaway Auto-Generated Host,High,18,18,13,17%,"P2 - Follow links, low volume",18,0%,0%,2,3,4,0%,no,yes,2,0%,1756001295,1787520662,Randomly generated account subdomain — disposable link-vendor infrastructure.
ampedpages.com,https://www.performancelab.com/?a_aid=68990cbe508aa&a_bid=a2ad38c1 (+1 more),click here (+12 more),DISAVOW,Vendor Blog Network (Spun-Content PBN),High,18,18,13,17%,"P2 - Follow links, low volume",18,6%,0%,2,3,2,0%,no,yes,2,0%,1756030372,1787584372,Free-blog-host domain used exclusively by link vendors; 18 link(s) on throwaway auto-generated accounts.
thenerdsblog.com,https://www.performancelab.com/?a_aid=68990cbe508aa&a_bid=a2ad38c1 (+1 more),website (+13 more),DISAVOW,Throwaway Auto-Generated Host,High,18,18,14,11%,"P2 - Follow links, low volume",18,6%,0%,0,1,4,0%,no,yes,2,0%,1756130488,1787609945,Randomly generated account subdomain — disposable link-vendor infrastructure.
tinyblogging.com,https://www.performancelab.com/?a_aid=68990cbe508aa&a_bid=a2ad38c1 (+1 more),here (+10 more),DISAVOW,Vendor Blog Network (Spun-Content PBN),High,18,18,11,17%,"P2 - Follow links, low volume",18,0%,0%,1,1,2,0%,no,yes,2,0%,1756150746,1787263589,Free-blog-host domain used exclusively by link vendors; 18 link(s) on throwaway auto-generated accounts.
creacionblog.com,https://www.performancelab.com/?a_aid=68990cbe508aa&a_bid=a2ad38c1 (+1 more),get more info (+9 more),DISAVOW,Throwaway Auto-Generated Host,High,18,18,10,17%,"P2 - Follow links, low volume",18,6%,0%,1,3,4,0%,no,yes,2,0%,1758212617,1787568924,Randomly generated account subdomain — disposable link-vendor infrastructure.
blogocial.com,https://www.performancelab.com/?a_aid=68990cbe508aa&a_bid=a2ad38c1 (+1 more),read more (+8 more),DISAVOW,Throwaway Auto-Generated Host,High,18,18,9,22%,"P2 - Follow links, low volume",18,6%,0%,3,3,2,0%,no,yes,2,0%,1758248105,1787589719,Randomly generated account subdomain — disposable link-vendor infrastructure.
snack-blog.com,https://www.performancelab.com/?a_aid=68990cbe508aa&a_bid=a2ad38c1 (+1 more),here (+7 more),DISAVOW,Throwaway Auto-Generated Host,High,18,18,8,22%,"P2 - Follow links, low volume",18,0%,0%,0,1,4,0%,no,yes,2,0%,1759913935,1787621320,Randomly generated account subdomain — disposable link-vendor infrastructure.
blogproducer.com,https://www.performancelab.com/?a_aid=68990cbe508aa&a_bid=a2ad38c1 (+1 more),check here (+9 more),DISAVOW,Throwaway Auto-Generated Host,High,18,18,10,22%,"P2 - Follow links, low volume",18,6%,0%,0,0,4,0%,no,yes,2,0%,1760104587,1787539205,Randomly generated account subdomain — disposable link-vendor infrastructure.
blogolenta.com,https://www.performancelab.com/?a_aid=68990cbe508aa&a_bid=a2ad38c1 (+1 more),read more (+8 more),DISAVOW,Throwaway Auto-Generated Host,High,18,18,9,22%,"P2 - Follow links, low volume",18,0%,0%,0,1,4,0%,no,yes,2,0%,1760111640,1787494259,Randomly generated account subdomain — disposable link-vendor infrastructure.
bloguetechno.com,https://www.performancelab.com/?a_aid=68990cbe508aa&a_bid=a2ad38c1 (+1 more),get more info (+10 more),DISAVOW,Throwaway Auto-Generated Host,High,18,18,11,33%,"P2 - Follow links, low volume",18,0%,0%,1,3,2,0%,no,yes,2,0%,1760226444,1787614077,Randomly generated account subdomain — disposable link-vendor infrastructure.
blogoscience.com,https://www.performancelab.com/?a_aid=68990cbe508aa&a_bid=a2ad38c1 (+1 more),check here (+7 more),DISAVOW,Throwaway Auto-Generated Host,High,18,18,8,22%,"P2 - Follow links, low volume",18,0%,0%,0,0,4,0%,no,yes,2,0%,1760525716,1787380983,Randomly generated account subdomain — disposable link-vendor infrastructure.
blogdemls.com,https://www.performancelab.com/?a_aid=68990cbe508aa&a_bid=a2ad38c1 (+1 more),website (+13 more),DISAVOW,Throwaway Auto-Generated Host,High,18,18,14,11%,"P2 - Follow links, low volume",18,6%,0%,0,0,4,0%,no,yes,2,0%,1760642905,1787483603,Randomly generated account subdomain — disposable link-vendor infrastructure.
digitollblog.com,https://www.performancelab.com/?a_aid=68990cbe508aa&a_bid=a2ad38c1 (+1 more),check here (+8 more),DISAVOW,Throwaway Auto-Generated Host,High,18,18,9,22%,"P2 - Follow links, low volume",18,0%,0%,0,0,4,0%,no,yes,2,0%,1760746081,1787480577,Randomly generated account subdomain — disposable link-vendor infrastructure.
mybloglicious.com,https://www.performancelab.com/?a_aid=68990cbe508aa&a_bid=a2ad38c1 (+1 more),here (+7 more),DISAVOW,Vendor Blog Network (Spun-Content PBN),High,18,18,8,22%,"P2 - Follow links, low volume",18,0%,0%,1,3,2,0%,no,yes,2,0%,1760831924,1776746639,Free-blog-host domain used exclusively by link vendors; 18 link(s) on throwaway auto-generated accounts.
blog-eye.com,https://www.performancelab.com/?a_aid=68990cbe508aa&a_bid=a2ad38c1 (+1 more),more info (+12 more),DISAVOW,Throwaway Auto-Generated Host,High,18,18,13,22%,"P2 - Follow links, low volume",18,6%,0%,0,2,4,0%,no,yes,2,0%,1761291134,1787512126,Randomly generated account subdomain — disposable link-vendor infrastructure.
bloggin-ads.com,https://www.performancelab.com/?a_aid=68990cbe508aa&a_bid=a2ad38c1 (+1 more),here (+13 more),DISAVOW,Throwaway Auto-Generated Host,High,18,18,14,11%,"P2 - Follow links, low volume",18,6%,0%,0,2,2,0%,no,yes,2,0%,1761565686,1785820823,Randomly generated account subdomain — disposable link-vendor infrastructure.
popup-blog.com,https://www.performancelab.com/?a_aid=68990cbe508aa&a_bid=a2ad38c1 (+1 more),more info (+11 more),DISAVOW,Throwaway Auto-Generated Host,High,18,18,12,22%,"P2 - Follow links, low volume",18,6%,0%,0,1,4,0%,no,yes,2,0%,1761627479,1787502633,Randomly generated account subdomain — disposable link-vendor infrastructure.
blogsidea.com,https://www.performancelab.com/?a_aid=68990cbe508aa&a_bid=a2ad38c1 (+1 more),check here (+12 more),DISAVOW,Vendor Blog Network (Spun-Content PBN),High,18,18,13,11%,"P2 - Follow links, low volume",18,0%,0%,1,2,4,0%,no,yes,2,0%,1762094164,1787496593,Free-blog-host domain used exclusively by link vendors; 18 link(s) on throwaway auto-generated accounts.
develop-blog.com,https://www.performancelab.com/?a_aid=68990cbe508aa&a_bid=a2ad38c1 (+1 more),website (+7 more),DISAVOW,Throwaway Auto-Generated Host,High,18,18,8,22%,"P2 - Follow links, low volume",18,0%,0%,0,1,4,0%,no,yes,2,0%,1762157625,1787599669,Randomly generated account subdomain — disposable link-vendor infrastructure.
nhdtlogs.com,https://www.performancelab.com/blogs/nutrition/taking-pre-workout-with-a-testosterone-booster?srsltid=AfmBOorZwL-I5qIa8ZE9Jz3ETKSjLmBWagQF5F54ApTMqXVSs2oh1scC (+8 more),TG @LINKS_DEALER | EFFECTIVE SEO LINKS FOR WWW.PERFORMANCELAB.COM,DISAVOW,Hacked Site / Injected Link-Vendor Spam,High,18,10,1,100%,P3 - Nofollow only (no equity passed),0,0%,100%,0,0,17149,100%,no,no,9,0%,,,"Anchor carries a link-vendor advertisement — the placement is an intrusion on a compromised host, not an editorial link."
spintheblog.com,https://www.performancelab.com/?a_aid=68990cbe508aa&a_bid=a2ad38c1 (+1 more),click here (+9 more),DISAVOW,Throwaway Auto-Generated Host,High,17,17,10,24%,"P2 - Follow links, low volume",17,0%,0%,0,0,4,0%,no,yes,2,0%,1756096707,1787257170,Randomly generated account subdomain — disposable link-vendor infrastructure.
blogolize.com,https://www.performancelab.com/?a_aid=68990cbe508aa&a_bid=a2ad38c1 (+1 more),check here (+8 more),DISAVOW,Vendor Blog Network (Spun-Content PBN),High,17,17,9,24%,"P2 - Follow links, low volume",17,6%,0%,2,4,2,0%,no,yes,2,0%,1756162521,1787595834,Free-blog-host domain used exclusively by link vendors; 17 link(s) on throwaway auto-generated accounts.
madmouseblog.com,https://www.performancelab.com/?a_aid=68990cbe508aa&a_bid=a2ad38c1 (+1 more),read more (+8 more),DISAVOW,Throwaway Auto-Generated Host,High,17,17,9,29%,"P2 - Follow links, low volume",17,0%,0%,1,3,4,0%,no,yes,2,0%,1756162624,1787620988,Randomly generated account subdomain — disposable link-vendor infrastructure.
blazingblog.com,https://www.performancelab.com/?a_aid=68990cbe508aa&a_bid=a2ad38c1 (+1 more),website (+9 more),DISAVOW,Throwaway Auto-Generated Host,High,17,17,10,18%,"P2 - Follow links, low volume",17,0%,0%,0,1,4,0%,no,yes,2,0%,1756216176,1786515663,Randomly generated account subdomain — disposable link-vendor infrastructure.
blogsuperapp.com,https://www.performancelab.com/?a_aid=68990cbe508aa&a_bid=a2ad38c1 (+1 more),click here (+8 more),DISAVOW,Throwaway Auto-Generated Host,High,17,17,9,18%,"P2 - Follow links, low volume",17,0%,0%,0,0,4,0%,no,yes,2,0%,1756232580,1787513659,Randomly generated account subdomain — disposable link-vendor infrastructure.
bloggactivo.com,https://www.performancelab.com/?a_aid=68990cbe508aa&a_bid=a2ad38c1 (+1 more),read more (+12 more),DISAVOW,Throwaway Auto-Generated Host,High,17,17,13,18%,"P2 - Follow links, low volume",17,18%,0%,1,3,4,0%,no,yes,2,0%,1759593701,1787494456,Randomly generated account subdomain — disposable link-vendor infrastructure.
blogrenanda.com,https://www.performancelab.com/?a_aid=68990cbe508aa&a_bid=a2ad38c1 (+1 more),click here (+8 more),DISAVOW,Vendor Blog Network (Spun-Content PBN),High,17,17,9,24%,"P2 - Follow links, low volume",17,0%,0%,0,2,4,0%,no,yes,2,0%,1759769829,1787490434,Free-blog-host domain used exclusively by link vendors; 17 link(s) on throwaway auto-generated accounts.
blogunok.com,https://www.performancelab.com/?a_aid=68990cbe508aa&a_bid=a2ad38c1 (+1 more),website (+8 more),DISAVOW,Throwaway Auto-Generated Host,High,17,17,9,35%,"P2 - Follow links, low volume",17,6%,0%,0,1,4,0%,no,yes,2,0%,1759775969,1787572436,Randomly generated account subdomain — disposable link-vendor infrastructure.
blogsmine.com,https://www.performancelab.com/?a_aid=68990cbe508aa&a_bid=a2ad38c1 (+1 more),read more (+9 more),DISAVOW,Throwaway Auto-Generated Host,High,17,17,10,18%,"P2 - Follow links, low volume",17,6%,0%,0,1,4,0%,no,yes,2,0%,1759789785,1787514439,Randomly generated account subdomain — disposable link-vendor infrastructure.
blogitright.com,https://www.performancelab.com/?a_aid=68990cbe508aa&a_bid=a2ad38c1 (+1 more),get more info (+9 more),DISAVOW,Throwaway Auto-Generated Host,High,17,17,10,18%,"P2 - Follow links, low volume",17,0%,0%,0,3,4,0%,no,yes,2,0%,1759830390,1787236398,Randomly generated account subdomain — disposable link-vendor infrastructure.
newbigblog.com,https://www.performancelab.com/?a_aid=68990cbe508aa&a_bid=a2ad38c1 (+1 more),here (+11 more),DISAVOW,Throwaway Auto-Generated Host,High,17,17,12,18%,"P2 - Follow links, low volume",17,6%,0%,0,0,4,0%,no,yes,2,0%,1760053760,1787171057,Randomly generated account subdomain — disposable link-vendor infrastructure.
fare-blog.com,https://www.performancelab.com/?a_aid=68990cbe508aa&a_bid=a2ad38c1 (+1 more),get more info (+8 more),DISAVOW,Throwaway Auto-Generated Host,High,17,17,9,24%,"P2 - Follow links, low volume",17,0%,0%,0,0,4,0%,no,yes,2,0%,1762301562,1786002184,Randomly generated account subdomain — disposable link-vendor infrastructure.
booksreadr.org,https://performancelab.com/ (+4 more),nutropic.com (+3 more),DISAVOW,Link Farm / Outbound-Link Bloat,High,17,8,4,35%,"P2 - Follow links, low volume",17,0%,24%,0,0,10158,0%,no,no,5,0%,1765430168,1779359582,Average 10158 external links per source page across machine-generated URLs (100% of linking pages).
blog-gold.com,https://www.performancelab.com/?a_aid=68990cbe508aa&a_bid=a2ad38c1 (+1 more),get more info (+9 more),DISAVOW,Vendor Blog Network (Spun-Content PBN),High,16,16,10,19%,"P2 - Follow links, low volume",16,0%,0%,3,7,4,0%,no,yes,2,0%,1763928206,2026-07-11,Free-blog-host domain used exclusively by link vendors; 16 link(s) on throwaway auto-generated accounts.
blogprodesign.com,https://www.performancelab.com/?a_aid=68990cbe508aa&a_bid=a2ad38c1 (+1 more),check here (+10 more),DISAVOW,Vendor Blog Network (Spun-Content PBN),High,16,16,11,19%,"P2 - Follow links, low volume",16,12%,0%,1,5,2,0%,no,yes,2,0%,1762170424,2026-07-12,Free-blog-host domain used exclusively by link vendors; 16 link(s) on throwaway auto-generated accounts.
biohackstars.com,https://www.performancelab.com/products/mind-lab-pro (+1 more),Check Price & Availability (+3 more),DISAVOW,Sitewide Link Injection (Templated Anchor),High,16,15,4,81%,"P2 - Follow links, low volume",3,0%,6%,0,0,7,81%,no,yes,2,0%,1748557679,1781973143,Single non-branded anchor 'Check Price & Availability' repeated across 15 content pages (archive and pagination URLs excluded) — paid sitewide insertion signature.
blogpostie.com,https://www.performancelab.com/?a_aid=68990cbe508aa&a_bid=a2ad38c1 (+1 more),more info (+9 more),DISAVOW,Throwaway Auto-Generated Host,High,16,16,10,25%,"P2 - Follow links, low volume",16,0%,0%,0,2,2,0%,no,yes,2,0%,1759895674,1785889254,Randomly generated account subdomain — disposable link-vendor infrastructure.
theobloggers.com,https://www.performancelab.com/?a_aid=68990cbe508aa&a_bid=a2ad38c1 (+1 more),here (+8 more),DISAVOW,Vendor Blog Network (Spun-Content PBN),High,16,16,9,19%,"P2 - Follow links, low volume",16,6%,0%,0,1,4,0%,no,yes,2,0%,1759935474,1787518801,Free-blog-host domain used exclusively by link vendors; 16 link(s) on throwaway auto-generated accounts.
myparisblog.com,https://www.performancelab.com/?a_aid=68990cbe508aa&a_bid=a2ad38c1 (+1 more),read more (+8 more),DISAVOW,Vendor Blog Network (Spun-Content PBN),High,16,16,9,19%,"P2 - Follow links, low volume",16,0%,0%,0,2,4,0%,no,yes,2,0%,1760476650,1787535858,Free-blog-host domain used exclusively by link vendors; 16 link(s) on throwaway auto-generated accounts.
bloggerswise.com,https://www.performancelab.com/?a_aid=68990cbe508aa&a_bid=a2ad38c1 (+1 more),check here (+8 more),DISAVOW,Vendor Blog Network (Spun-Content PBN),High,16,16,9,25%,"P2 - Follow links, low volume",16,0%,0%,0,1,4,0%,no,yes,2,0%,1761324412,1787507266,Free-blog-host domain used exclusively by link vendors; 16 link(s) on throwaway auto-generated accounts.
wssblogs.com,https://www.performancelab.com/?a_aid=68990cbe508aa&a_bid=a2ad38c1 (+1 more),website (+7 more),DISAVOW,Throwaway Auto-Generated Host,High,16,16,8,31%,"P2 - Follow links, low volume",16,0%,0%,0,0,4,0%,no,yes,2,0%,1762112814,1787625165,Randomly generated account subdomain — disposable link-vendor infrastructure.
blogrelation.com,https://www.performancelab.com/?a_aid=68990cbe508aa&a_bid=a2ad38c1 (+1 more),read more (+8 more),DISAVOW,Vendor Blog Network (Spun-Content PBN),High,16,16,9,25%,"P2 - Follow links, low volume",16,0%,0%,0,0,4,0%,no,yes,2,0%,1763455086,1787035881,Free-blog-host domain used exclusively by link vendors; 16 link(s) on throwaway auto-generated accounts.
ssnblog.com,https://www.performancelab.com/?a_aid=68990cbe508aa&a_bid=a2ad38c1 (+1 more),website (+11 more),DISAVOW,Throwaway Auto-Generated Host,High,16,16,12,19%,"P2 - Follow links, low volume",16,6%,0%,1,1,4,0%,no,yes,2,0%,,,Randomly generated account subdomain — disposable link-vendor infrastructure.
ttblogs.com,https://www.performancelab.com/?a_aid=68990cbe508aa&a_bid=a2ad38c1 (+1 more),here (+8 more),DISAVOW,Throwaway Auto-Generated Host,High,15,15,9,27%,"P2 - Follow links, low volume",15,0%,0%,0,0,4,0%,no,yes,2,0%,1756082300,1787475191,Randomly generated account subdomain — disposable link-vendor infrastructure.
blogginaway.com,https://www.performancelab.com/?a_aid=68990cbe508aa&a_bid=a2ad38c1 (+1 more),check here (+9 more),DISAVOW,Throwaway Auto-Generated Host,High,15,15,10,13%,"P2 - Follow links, low volume",15,0%,0%,0,4,4,0%,no,yes,2,0%,1760039947,1787443053,Randomly generated account subdomain — disposable link-vendor infrastructure.
iyublog.com,https://www.performancelab.com/?a_aid=68990cbe508aa&a_bid=a2ad38c1 (+1 more),website (+5 more),DISAVOW,Throwaway Auto-Generated Host,High,15,10,6,33%,"P2 - Follow links, low volume",15,0%,0%,0,1,4,0%,no,yes,2,0%,1760737453,1787500111,Randomly generated account subdomain — disposable link-vendor infrastructure.
dailyblogzz.com,https://www.performancelab.com/?a_aid=68990cbe508aa&a_bid=a2ad38c1 (+1 more),nootropics review (+11 more),DISAVOW,Vendor Blog Network (Spun-Content PBN),High,14,14,12,14%,"P2 - Follow links, low volume",14,0%,0%,2,6,4,0%,no,yes,2,0%,1762104238,2026-08-20,Free-blog-host domain used exclusively by link vendors; 14 link(s) on throwaway auto-generated accounts.
pudhe.com,https://performancelab.com/ (+4 more),nutropic.com (+3 more),DISAVOW,Link Farm / Outbound-Link Bloat,High,14,8,4,43%,"P2 - Follow links, low volume",14,0%,21%,0,0,10159,0%,no,no,5,0%,1767706214,1786892500,Average 10159 external links per source page across machine-generated URLs (100% of linking pages).
thekatyblog.com,https://www.performancelab.com/?a_aid=68990cbe508aa&a_bid=a2ad38c1 (+1 more),get more info (+8 more),DISAVOW,Throwaway Auto-Generated Host,High,14,14,9,21%,"P2 - Follow links, low volume",14,0%,0%,0,1,4,0%,no,yes,2,0%,,,Randomly generated account subdomain — disposable link-vendor infrastructure.
arparquets.it,https://www.performancelab.com/blogs/sleep/can-you-overdose-on-melatonin?srsltid=AfmBOoovyBdj3KQuXeen6kKsquYLy68bFlcoWc17b_CbDNDVIp5rZBy7 (+13 more),TG @LINKS_DEALER | EFFECTIVE SEO LINKS FOR WWW.PERFORMANCELAB.COM,DISAVOW,Hacked Site / Injected Link-Vendor Spam,High,14,5,1,100%,P3 - Nofollow only (no equity passed),0,0%,100%,0,0,3001,100%,no,no,14,0%,,,"Anchor carries a link-vendor advertisement — the placement is an intrusion on a compromised host, not an editorial link."
liberty-blog.com,https://www.performancelab.com/?a_aid=68990cbe508aa&a_bid=a2ad38c1 (+1 more),read more (+9 more),DISAVOW,Vendor Blog Network (Spun-Content PBN),High,13,13,10,23%,"P2 - Follow links, low volume",13,0%,0%,0,4,4,0%,no,yes,2,0%,1756068967,2026-08-16,Free-blog-host domain used exclusively by link vendors; 13 link(s) on throwaway auto-generated accounts.
articlesblogger.com,https://www.performancelab.com/?a_aid=68990cbe508aa&a_bid=a2ad38c1 (+1 more),read more (+7 more),DISAVOW,Vendor Blog Network (Spun-Content PBN),High,13,13,8,23%,"P2 - Follow links, low volume",13,0%,0%,0,4,2,0%,no,yes,2,0%,1764833061,1785837883,Free-blog-host domain used exclusively by link vendors; 13 link(s) on throwaway auto-generated accounts.
ready.pro,https://www.performancelab.com/ (+4 more),nutropic.com (+3 more),DISAVOW,Link Farm / Outbound-Link Bloat,High,12,8,4,33%,P3 - Nofollow only (no equity passed),0,0%,17%,0,0,3500,100%,no,no,5,0%,1770108027,1787277299,Average 3500 external links per source page across machine-generated URLs (100% of linking pages).
newsblogsports.site,https://dev-www.performancelab.com/ (+11 more),Best Pinterest Tool SiteToSocial.com to Grow Your Website Traffic Fully Automated,DISAVOW,Sitewide Link Injection (Templated Anchor),High,12,9,1,100%,"P2 - Follow links, low volume",12,0%,0%,0,0,3004,0%,no,yes,12,0%,,,Single non-branded anchor 'Best Pinterest Tool SiteToSocial.com to Grow Your Website Traffic Fully Automated' repeated across 9 content pages (archive and pagination URLs excluded) — paid sitewide insertion signature.
fagfrogs1.blogspot.com,https://www.performancelab.com/blogs/wellness,testolabpro.com,DISAVOW,Free-Host Blog Serving a Link Dump,High,11,11,1,100%,P3 - Nofollow only (no equity passed),0,0%,0%,0,34,13512,100%,no,no,1,73%,1772702158,2026-08-21,"Averages 13,512 outbound links per page on a free blog host — a scraped or compromised template, not a publisher."
dgbloggers.com,https://www.performancelab.com/?a_aid=68990cbe508aa&a_bid=a2ad38c1 (+1 more),website (+8 more),DISAVOW,Throwaway Auto-Generated Host,High,11,11,9,18%,"P2 - Follow links, low volume",11,0%,0%,0,3,4,0%,no,yes,2,0%,1764981308,1787626559,Randomly generated account subdomain — disposable link-vendor infrastructure.
ivasdesign.com,https://www.performancelab.com/?a_aid=68990cbe508aa&a_bid=a2ad38c1 (+1 more),get more info (+7 more),DISAVOW,Throwaway Auto-Generated Host,High,11,11,8,18%,"P2 - Follow links, low volume",11,0%,0%,0,1,2,0%,no,yes,2,0%,,,Randomly generated account subdomain — disposable link-vendor infrastructure.
bloatatt.blogspot.com,https://www.performancelab.com/blogs/wellness,testolabpro.com,DISAVOW,Free-Host Blog Serving a Link Dump,High,10,10,1,100%,P3 - Nofollow only (no equity passed),0,0%,0%,0,34,13512,100%,no,no,1,90%,1772508911,2026-08-22,"Averages 13,512 outbound links per page on a free blog host — a scraped or compromised template, not a publisher."
blogdigy.com,https://www.performancelab.com/?a_aid=68990cbe508aa&a_bid=a2ad38c1 (+1 more),more info (+5 more),DISAVOW,Vendor Blog Network (Spun-Content PBN),High,10,10,6,30%,"P2 - Follow links, low volume",10,10%,0%,1,3,2,0%,no,yes,2,0%,1759304897,1786915504,Free-blog-host domain used exclusively by link vendors; 10 link(s) on throwaway auto-generated accounts.
rimmablog.com,https://www.performancelab.com/?a_aid=68990cbe508aa&a_bid=a2ad38c1 (+1 more),check here (+7 more),DISAVOW,Throwaway Auto-Generated Host,High,10,10,8,20%,"P2 - Follow links, low volume",10,0%,0%,0,0,4,0%,no,yes,2,0%,1764556401,1787503615,Randomly generated account subdomain — disposable link-vendor infrastructure.
blogars.com,https://www.performancelab.com/?a_aid=68990cbe508aa&a_bid=a2ad38c1 (+1 more),check here (+6 more),DISAVOW,Throwaway Auto-Generated Host,High,10,10,7,40%,"P2 - Follow links, low volume",10,0%,0%,0,3,4,0%,no,yes,2,0%,1765516491,1787377772,Randomly generated account subdomain — disposable link-vendor infrastructure.
aboutyoublog.com,https://www.performancelab.com/?a_aid=68990cbe508aa&a_bid=a2ad38c1 (+1 more),read more (+8 more),DISAVOW,Throwaway Auto-Generated Host,High,10,10,9,20%,"P2 - Follow links, low volume",10,0%,0%,0,3,4,0%,no,yes,2,0%,1765573765,1785299956,Randomly generated account subdomain — disposable link-vendor infrastructure.
blogdomago.com,https://www.performancelab.com/?a_aid=68990cbe508aa&a_bid=a2ad38c1 (+1 more),check here (+7 more),DISAVOW,Throwaway Auto-Generated Host,High,10,10,8,30%,"P2 - Follow links, low volume",10,0%,0%,0,0,4,0%,no,yes,2,0%,1766065293,1787395431,Randomly generated account subdomain — disposable link-vendor infrastructure.
thezenweb.com,https://www.performancelab.com/?a_aid=68990cbe508aa&a_bid=a2ad38c1 (+1 more),more info (+4 more),DISAVOW,Vendor Blog Network (Spun-Content PBN),High,10,10,5,60%,"P2 - Follow links, low volume",10,0%,0%,1,1,2,0%,no,yes,2,0%,1766942460,1786621994,Free-blog-host domain used exclusively by link vendors; 10 link(s) on throwaway auto-generated accounts.
wonvision.com,https://www.performancelab.com/collections/all-products (+4 more),nutropic.com (+3 more),DISAVOW,Link Farm / Outbound-Link Bloat,High,10,8,4,40%,"P2 - Follow links, low volume",10,0%,20%,0,0,9002,0%,no,no,5,0%,1767558013,1787537603,Average 9002 external links per source page across machine-generated URLs (100% of linking pages).
uaewebdirectory.info,https://www.performancelab.com/ (+4 more),nutropic.com (+4 more),DISAVOW,Link Farm / Outbound-Link Bloat,High,10,7,5,30%,"P2 - Follow links, low volume",10,0%,40%,0,0,10158,0%,no,no,5,0%,1770473346,1784818873,Average 10158 external links per source page across machine-generated URLs (100% of linking pages).
cctvss1004.com,https://www.performancelab.com/blogs/fitness/metabolic-types-tips-to-max-out-your-physique,class=,DISAVOW,Throwaway Auto-Generated Host,High,9,9,1,100%,P3 - Nofollow only (no equity passed),0,0%,0%,0,0,11,100%,no,no,1,0%,1751067060,1779805553,Randomly generated account subdomain — disposable link-vendor infrastructure.
bloguerosa.com,https://www.performancelab.com/?a_aid=68990cbe508aa&a_bid=a2ad38c1 (+1 more),here (+6 more),DISAVOW,Throwaway Auto-Generated Host,High,9,9,7,22%,"P2 - Follow links, low volume",9,0%,0%,0,2,4,0%,no,yes,2,0%,1756027521,1773039371,Randomly generated account subdomain — disposable link-vendor infrastructure.
pagesearch.net,https://www.performancelab.com/collections/all-products (+4 more),nutropic.com (+3 more),DISAVOW,Link Farm / Outbound-Link Bloat,High,9,7,4,44%,"P2 - Follow links, low volume",9,0%,11%,0,0,9002,0%,no,no,5,0%,1767045082,1787293875,Average 9002 external links per source page across machine-generated URLs (100% of linking pages).
blog2news.com,https://www.performancelab.com/?a_aid=68990cbe508aa&a_bid=a2ad38c1 (+1 more),get more info (+7 more),DISAVOW,Throwaway Auto-Generated Host,High,9,9,8,22%,"P2 - Follow links, low volume",9,0%,0%,0,0,4,0%,no,yes,2,0%,1767072936,1786976769,Randomly generated account subdomain — disposable link-vendor infrastructure.
thirty.co.in,https://www.performancelab.com/ (+4 more),dtcx.com (+4 more),DISAVOW,Link Farm / Outbound-Link Bloat,High,9,8,5,33%,"P2 - Follow links, low volume",9,0%,22%,0,0,10158,0%,no,no,5,0%,1770485944,1787027787,Average 10158 external links per source page across machine-generated URLs (100% of linking pages).
emegabiza.blogspot.com,https://www.performancelab.com/blogs/wellness,testolabpro.com,DISAVOW,Free-Host Blog Serving a Link Dump,High,8,8,1,100%,P3 - Nofollow only (no equity passed),0,0%,0%,0,34,13512,100%,no,no,1,75%,1772481701,2026-08-21,"Averages 13,512 outbound links per page on a free blog host — a scraped or compromised template, not a publisher."
cytopore.blogspot.com,https://www.performancelab.com/blogs/wellness,testolabpro.com,DISAVOW,Free-Host Blog Serving a Link Dump,High,8,8,1,100%,P3 - Nofollow only (no equity passed),0,0%,0%,0,31,13512,100%,no,no,1,62%,1772665863,2026-08-22,"Averages 13,512 outbound links per page on a free blog host — a scraped or compromised template, not a publisher."
lasantanera.com,https://www.performancelab.com/blogs/nutrition/taking-pre-workout-with-a-testosterone-booster?srsltid=AfmBOorJ-W3OdhX5c83g1BefimSTRNMs0_-zeHWKmvMBn1Tn-qDpgwVK (+3 more),TG @LINKS_DEALER | EFFECTIVE SEO LINKS FOR WWW.PERFORMANCELAB.COM (+1 more),DISAVOW,Hacked Site / Injected Link-Vendor Spam,High,8,8,2,75%,P3 - Nofollow only (no equity passed),0,0%,75%,0,0,3092,100%,no,no,4,0%,1764070068,1779854531,"Anchor carries a link-vendor advertisement — the placement is an intrusion on a compromised host, not an editorial link."
simplygaurav.com,https://www.performancelab.com/blogs/nutrition/inositol-for-men?srsltid=AfmBOoo0JXySU0kKx7wt1yWUn9LPxzBJNdN5CtiVUtVDmDaDF4BC8kxW (+3 more),TG @LINKS_DEALER | EFFECTIVE SEO LINKS FOR WWW.PERFORMANCELAB.COM (+1 more),DISAVOW,Hacked Site / Injected Link-Vendor Spam,High,8,8,2,75%,P3 - Nofollow only (no equity passed),0,0%,75%,0,0,3019,100%,no,no,4,0%,1765070894,1782336438,"Anchor carries a link-vendor advertisement — the placement is an intrusion on a compromised host, not an editorial link."
theideasblog.com,https://www.performancelab.com/?a_aid=68990cbe508aa&a_bid=a2ad38c1 (+1 more),read more (+4 more),DISAVOW,Throwaway Auto-Generated Host,High,8,8,5,38%,"P2 - Follow links, low volume",8,0%,0%,0,0,4,0%,no,yes,2,0%,1767055910,1787470665,Randomly generated account subdomain — disposable link-vendor infrastructure.
ycm.info,https://www.performancelab.com/ (+4 more),nutropic.com (+3 more),DISAVOW,Link Farm / Outbound-Link Bloat,High,8,7,4,38%,"P2 - Follow links, low volume",8,0%,12%,0,0,9002,0%,no,no,5,0%,1767425185,1787366903,Average 9002 external links per source page across machine-generated URLs (100% of linking pages).
linksnatcher.com,https://performancelab.com/ (+4 more),nutropic.com (+3 more),DISAVOW,Link Farm / Outbound-Link Bloat,High,8,7,4,25%,"P2 - Follow links, low volume",8,0%,25%,0,0,10159,0%,no,no,5,0%,1768247986,1787324496,Average 10159 external links per source page across machine-generated URLs (100% of linking pages).
way2check.art,https://www.performancelab.com/ (+3 more),nutropic.com (+4 more),DISAVOW,Link Farm / Outbound-Link Bloat,High,8,7,5,25%,"P2 - Follow links, low volume",8,0%,25%,0,0,10158,0%,no,no,4,0%,1770503546,1780763483,Average 10158 external links per source page across machine-generated URLs (100% of linking pages).
charteredstudies.in,https://www.performancelab.com/blogs/wellness/do-testosterone-boosters-work?srsltid=AfmBOoqckQrC-yzsnFSlde5SVksy-xPd7Dn6YJEFJ83DhhrwqFV6FnL4 (+7 more),🍪 TELEGRAM @SALESOVEN | ACCESS TO HACKED SITES FOR SEO | HTTPS://T.ME/SALESOVEN 🔥,DISAVOW,Hacked Site / Injected Link-Vendor Spam,High,8,7,1,100%,P3 - Nofollow only (no equity passed),0,0%,0%,0,0,3003,100%,no,no,8,0%,1771799699,1779881066,"Anchor carries a link-vendor advertisement — the placement is an intrusion on a compromised host, not an editorial link."
septicsol.net,https://www.performancelab.com/blogs/nutrition/taking-pre-workout-with-a-testosterone-booster?srsltid=AfmBOop3ylNxw12mmEZCB_WuNk_ZUV7spDLLotGuIvvbUBmCVINnh43I (+7 more),🍪 TELEGRAM @SALESOVEN | ACCESS TO HACKED SITES FOR SEO | HTTPS://T.ME/SALESOVEN 🔥,DISAVOW,Hacked Site / Injected Link-Vendor Spam,High,8,7,1,100%,P3 - Nofollow only (no equity passed),0,0%,0%,0,0,3004,100%,no,no,8,0%,1771910449,1787008757,"Anchor carries a link-vendor advertisement — the placement is an intrusion on a compromised host, not an editorial link."
mainpg88.com,https://www.performancelab.com/blogs/wellness/are-testosterone-boosters-safe?srsltid=AfmBOoqbIxc_ipqUteJPFtDqMsxQF0Ksgr9Y08kS18EGmHEQ8O8SQwJv (+7 more),🍪 TELEGRAM @SALESOVEN | ACCESS TO HACKED SITES FOR SEO | HTTPS://T.ME/SALESOVEN 🔥,DISAVOW,Hacked Site / Injected Link-Vendor Spam,High,8,7,1,100%,P3 - Nofollow only (no equity passed),0,0%,0%,0,0,3002,100%,no,no,8,0%,1771975045,1776745734,"Anchor carries a link-vendor advertisement — the placement is an intrusion on a compromised host, not an editorial link."
daadvn.blogspot.com,https://www.performancelab.com/blogs/wellness,testolabpro.com,DISAVOW,Free-Host Blog Serving a Link Dump,High,7,7,1,100%,P3 - Nofollow only (no equity passed),0,0%,0%,0,34,13512,100%,no,no,1,57%,1773018572,2026-08-22,"Averages 13,512 outbound links per page on a free blog host — a scraped or compromised template, not a publisher."
tblogz.com,https://www.performancelab.com/?a_aid=68990cbe508aa&a_bid=a2ad38c1 (+1 more),check here (+4 more),DISAVOW,Throwaway Auto-Generated Host,High,7,7,5,29%,"P2 - Follow links, low volume",7,0%,0%,1,1,2,0%,no,yes,2,0%,1758304997,1787630160,Randomly generated account subdomain — disposable link-vendor infrastructure.
blogzet.com,https://www.performancelab.com/?a_aid=68990cbe508aa&a_bid=a2ad38c1 (+1 more),here (+4 more),DISAVOW,Vendor Blog Network (Spun-Content PBN),High,7,7,5,29%,"P2 - Follow links, low volume",7,0%,0%,0,1,2,0%,no,yes,2,0%,1759331770,1787480502,Free-blog-host domain used exclusively by link vendors; 7 link(s) on throwaway auto-generated accounts.
isblog.net,https://www.performancelab.com/?a_aid=68990cbe508aa&a_bid=a2ad38c1 (+1 more),get more info (+4 more),DISAVOW,Vendor Blog Network (Spun-Content PBN),High,7,7,5,43%,"P2 - Follow links, low volume",7,0%,0%,0,3,2,0%,no,yes,2,0%,1760635783,1787530376,Free-blog-host domain used exclusively by link vendors; 7 link(s) on throwaway auto-generated accounts.
suomiblog.com,https://www.performancelab.com/?a_aid=68990cbe508aa&a_bid=a2ad38c1 (+1 more),immune support supplements (+5 more),DISAVOW,Vendor Blog Network (Spun-Content PBN),High,7,7,6,29%,"P2 - Follow links, low volume",7,0%,0%,0,2,2,0%,no,yes,2,0%,1762286826,1786668531,Free-blog-host domain used exclusively by link vendors; 7 link(s) on throwaway auto-generated accounts.
optimisedwebsites.com,https://www.performancelab.com/blogs/wellness (+4 more),nutropic.com (+3 more),DISAVOW,Link Farm / Outbound-Link Bloat,High,7,6,4,29%,"P2 - Follow links, low volume",7,0%,14%,0,0,9001,0%,no,no,5,0%,1767734125,1770759131,Average 9001 external links per source page across machine-generated URLs (100% of linking pages).
alljobs.info,https://www.performancelab.com/ (+4 more),nutropic.com (+3 more),DISAVOW,Link Farm / Outbound-Link Bloat,High,7,6,4,43%,"P2 - Follow links, low volume",7,0%,14%,0,0,9002,0%,no,no,5,0%,1768451201,1787457642,Average 9002 external links per source page across machine-generated URLs (100% of linking pages).
domainanalysis.org,https://www.performancelab.com/ (+3 more),nutropic.com (+2 more),DISAVOW,Link Farm / Outbound-Link Bloat,High,7,6,3,43%,"P2 - Follow links, low volume",7,0%,0%,0,0,10159,0%,no,no,4,0%,1769443781,1787182008,Average 10159 external links per source page across machine-generated URLs (100% of linking pages).
hebagh.cv,https://www.performancelab.com/ (+2 more),performancelab.com (+3 more),DISAVOW,Link Farm / Outbound-Link Bloat,High,7,5,4,29%,"P2 - Follow links, low volume",7,0%,57%,0,0,10157,0%,no,no,3,0%,1770418500,1781897008,Average 10157 external links per source page across machine-generated URLs (100% of linking pages).
yesdomains.space,https://www.performancelab.com/ (+2 more),performancelab.com (+3 more),DISAVOW,Link Farm / Outbound-Link Bloat,High,7,5,4,29%,"P2 - Follow links, low volume",7,0%,57%,0,0,10158,0%,no,no,3,0%,1770435147,1777541494,Average 10158 external links per source page across machine-generated URLs (100% of linking pages).
queries.co.in,https://www.performancelab.com/blogs/wellness (+4 more),testolabpro.com (+3 more),DISAVOW,Link Farm / Outbound-Link Bloat,High,7,6,4,43%,"P2 - Follow links, low volume",7,0%,29%,0,0,10158,0%,no,no,5,0%,1770470189,1777401640,Average 10158 external links per source page across machine-generated URLs (100% of linking pages).
topleveldomains.space,https://www.performancelab.com/blogs/wellness (+4 more),testolabpro.com (+3 more),DISAVOW,Link Farm / Outbound-Link Bloat,High,7,6,4,43%,"P2 - Follow links, low volume",7,0%,29%,0,0,10158,0%,no,no,5,0%,1770524402,1777542004,Average 10158 external links per source page across machine-generated URLs (100% of linking pages).
dryamroka.com,https://www.performancelab.com/blogs/nutrition/taking-pre-workout-with-a-testosterone-booster?srsltid=AfmBOoo3ve1-ArFrDWwqHceT5BCyoLb82TUB2TpyHTGw1gAHgjXVbfau (+6 more),🍪 TELEGRAM @SALESOVEN | ACCESS TO HACKED SITES FOR SEO | HTTPS://T.ME/SALESOVEN 🔥,DISAVOW,Hacked Site / Injected Link-Vendor Spam,High,7,6,1,100%,P3 - Nofollow only (no equity passed),0,0%,0%,0,0,3006,100%,no,no,7,0%,1771806123,1775806704,"Anchor carries a link-vendor advertisement — the placement is an intrusion on a compromised host, not an editorial link."
botrond.com,https://www.performancelab.com/blogs/wellness/are-testosterone-boosters-safe?srsltid=AfmBOoqbIxc_ipqUteJPFtDqMsxQF0Ksgr9Y08kS18EGmHEQ8O8SQwJv (+6 more),🍪 TELEGRAM @SALESOVEN | ACCESS TO HACKED SITES FOR SEO | HTTPS://T.ME/SALESOVEN 🔥,DISAVOW,Hacked Site / Injected Link-Vendor Spam,High,7,6,1,100%,P3 - Nofollow only (no equity passed),0,0%,0%,0,0,3004,100%,no,no,7,0%,1772141451,1787497439,"Anchor carries a link-vendor advertisement — the placement is an intrusion on a compromised host, not an editorial link."
irantbs.com,https://www.performancelab.com/blogs/nutrition/taking-pre-workout-with-a-testosterone-booster?srsltid=AfmBOop3ylNxw12mmEZCB_WuNk_ZUV7spDLLotGuIvvbUBmCVINnh43I (+6 more),🍪 TELEGRAM @SALESOVEN | ACCESS TO HACKED SITES FOR SEO | HTTPS://T.ME/SALESOVEN 🔥,DISAVOW,Hacked Site / Injected Link-Vendor Spam,High,7,6,1,100%,P3 - Nofollow only (no equity passed),0,0%,0%,0,0,3012,100%,no,no,7,0%,1772215725,1778013234,"Anchor carries a link-vendor advertisement — the placement is an intrusion on a compromised host, not an editorial link."
bestwebstats.com,https://www.performancelab.com/collections/nutropic (+4 more),nutropic.com (+3 more),DISAVOW,Link Farm / Outbound-Link Bloat,High,7,6,4,43%,"P2 - Follow links, low volume",7,0%,14%,0,0,10159,0%,no,no,5,0%,1772379642,1787414516,Average 10159 external links per source page across machine-generated URLs (100% of linking pages).
diyprinting.shop,https://www.performancelab.com/blogs/nutrition/taking-pre-workout-with-a-testosterone-booster?srsltid=AfmBOop3ylNxw12mmEZCB_WuNk_ZUV7spDLLotGuIvvbUBmCVINnh43I (+6 more),🍪 TELEGRAM @SALESOVEN | ACCESS TO HACKED SITES FOR SEO | HTTPS://T.ME/SALESOVEN 🔥,DISAVOW,Hacked Site / Injected Link-Vendor Spam,High,7,6,1,100%,P3 - Nofollow only (no equity passed),0,0%,0%,0,0,3004,100%,no,no,7,0%,1772424327,1778523022,"Anchor carries a link-vendor advertisement — the placement is an intrusion on a compromised host, not an editorial link."
idealnet.com.hk,https://www.performancelab.com/blogs/nutrition/inositol-for-men (+6 more),🍪 TELEGRAM @SALESOVEN | ACCESS TO HACKED SITES FOR SEO | HTTPS://T.ME/SALESOVEN 🔥,DISAVOW,Hacked Site / Injected Link-Vendor Spam,High,7,6,1,100%,P3 - Nofollow only (no equity passed),0,0%,0%,0,0,3003,100%,no,no,7,0%,1773601536,1786736722,"Anchor carries a link-vendor advertisement — the placement is an intrusion on a compromised host, not an editorial link."
ggpartnersconsortium.com,https://www.performancelab.com/blogs/nutrition/inositol-for-men (+6 more),🍪 TELEGRAM @SALESOVEN | ACCESS TO HACKED SITES FOR SEO | HTTPS://T.ME/SALESOVEN 🔥,DISAVOW,Hacked Site / Injected Link-Vendor Spam,High,7,6,1,100%,P3 - Nofollow only (no equity passed),0,0%,0%,0,0,3002,100%,no,no,7,0%,1773709775,1782790763,"Anchor carries a link-vendor advertisement — the placement is an intrusion on a compromised host, not an editorial link."
byteshort.xyz,https://www.performancelab.com/ (+3 more),dtcx.com (+3 more),DISAVOW,Link Farm / Outbound-Link Bloat,High,7,7,4,29%,P3 - Nofollow only (no equity passed),0,0%,29%,0,0,3500,100%,no,no,4,0%,,,Average 3500 external links per source page across machine-generated URLs (100% of linking pages).
amoblog.com,https://www.performancelab.com/?a_aid=68990cbe508aa&a_bid=a2ad38c1 (+1 more),check here (+3 more),DISAVOW,Vendor Blog Network (Spun-Content PBN),High,6,6,4,33%,"P2 - Follow links, low volume",6,0%,0%,0,4,2,0%,no,yes,2,0%,1758055014,2026-08-21,Free-blog-host domain used exclusively by link vendors; 6 link(s) on throwaway auto-generated accounts.
seo-anomaly-linkbuilding.website,https://www.performancelab.com/blogs/multi/best-multivitamin-for-men?srsltid=AfmBOooDP9AuF1BAIUWjUgYY2kejTSAMxlbDuRmzh-lopZyW4zHLkTPU (+5 more),"TELEGRAM @SEO_ANOMALY - SEO BACKLINKS, BLACK-LINKS, TRAFFIC BOOST, LINK INDEXING",DISAVOW,Hacked Site / Injected Link-Vendor Spam,High,6,5,1,100%,P3 - Nofollow only (no equity passed),0,0%,0%,0,0,2999,100%,no,no,6,0%,1754970894,1785709153,"Anchor carries a link-vendor advertisement — the placement is an intrusion on a compromised host, not an editorial link."
seo-anomaly-anchor.website,https://www.performancelab.com/blogs/multi/best-multivitamin-for-men?srsltid=AfmBOooDP9AuF1BAIUWjUgYY2kejTSAMxlbDuRmzh-lopZyW4zHLkTPU (+5 more),"TELEGRAM @SEO_ANOMALY - SEO BACKLINKS, BLACK-LINKS, TRAFFIC BOOST, LINK INDEXING",DISAVOW,Hacked Site / Injected Link-Vendor Spam,High,6,5,1,100%,P3 - Nofollow only (no equity passed),0,0%,0%,0,0,2999,100%,no,no,6,0%,1754976681,1785725524,"Anchor carries a link-vendor advertisement — the placement is an intrusion on a compromised host, not an editorial link."
seo-anomaly-hreflang.website,https://www.performancelab.com/blogs/multi/best-multivitamin-for-men?srsltid=AfmBOooDP9AuF1BAIUWjUgYY2kejTSAMxlbDuRmzh-lopZyW4zHLkTPU (+5 more),"TELEGRAM @SEO_ANOMALY - SEO BACKLINKS, BLACK-LINKS, TRAFFIC BOOST, LINK INDEXING",DISAVOW,Hacked Site / Injected Link-Vendor Spam,High,6,5,1,100%,P3 - Nofollow only (no equity passed),0,0%,0%,0,0,3001,100%,no,no,6,0%,1754985369,1785807331,"Anchor carries a link-vendor advertisement — the placement is an intrusion on a compromised host, not an editorial link."
seo-anomaly-teacher.site,https://www.performancelab.com/blogs/nutrition/taking-pre-workout-with-a-testosterone-booster?srsltid=AfmBOoqxeUMMEIQDzgc_GLokf-TBa4HKFrrC2q2HrmxJIW96pfzqr7R0 (+5 more),"TELEGRAM @SEO_ANOMALY - SEO BACKLINKS, BLACK-LINKS, TRAFFIC BOOST, LINK INDEXING",DISAVOW,Hacked Site / Injected Link-Vendor Spam,High,6,5,1,100%,P3 - Nofollow only (no equity passed),0,0%,0%,0,0,2999,100%,no,no,6,0%,1754992632,1785630059,"Anchor carries a link-vendor advertisement — the placement is an intrusion on a compromised host, not an editorial link."
seo-anomaly-snippet.space,https://www.performancelab.com/blogs/nutrition/taking-pre-workout-with-a-testosterone-booster?srsltid=AfmBOoqxeUMMEIQDzgc_GLokf-TBa4HKFrrC2q2HrmxJIW96pfzqr7R0 (+5 more),"TELEGRAM @SEO_ANOMALY - SEO BACKLINKS, BLACK-LINKS, TRAFFIC BOOST, LINK INDEXING",DISAVOW,Hacked Site / Injected Link-Vendor Spam,High,6,5,1,100%,P3 - Nofollow only (no equity passed),0,0%,0%,0,0,2999,100%,no,no,6,0%,1754996415,1785819515,"Anchor carries a link-vendor advertisement — the placement is an intrusion on a compromised host, not an editorial link."
seo-anomaly-keydensity.online,https://www.performancelab.com/blogs/multi/best-multivitamin-for-men?srsltid=AfmBOooDP9AuF1BAIUWjUgYY2kejTSAMxlbDuRmzh-lopZyW4zHLkTPU (+5 more),"TELEGRAM @SEO_ANOMALY - SEO BACKLINKS, BLACK-LINKS, TRAFFIC BOOST, LINK INDEXING",DISAVOW,Hacked Site / Injected Link-Vendor Spam,High,6,5,1,100%,P3 - Nofollow only (no equity passed),0,0%,0%,0,0,3002,100%,no,no,6,0%,1754998132,1785702891,"Anchor carries a link-vendor advertisement — the placement is an intrusion on a compromised host, not an editorial link."
seo-anomaly-rock.site,https://www.performancelab.com/blogs/nutrition/taking-pre-workout-with-a-testosterone-booster?srsltid=AfmBOoqxeUMMEIQDzgc_GLokf-TBa4HKFrrC2q2HrmxJIW96pfzqr7R0 (+5 more),"TELEGRAM @SEO_ANOMALY - SEO BACKLINKS, BLACK-LINKS, TRAFFIC BOOST, LINK INDEXING",DISAVOW,Hacked Site / Injected Link-Vendor Spam,High,6,5,1,100%,P3 - Nofollow only (no equity passed),0,0%,0%,0,0,2999,100%,no,no,6,0%,1754998675,1785662740,"Anchor carries a link-vendor advertisement — the placement is an intrusion on a compromised host, not an editorial link."
seo-anomaly-black.space,https://www.performancelab.com/blogs/multi/best-multivitamin-for-men?srsltid=AfmBOooDP9AuF1BAIUWjUgYY2kejTSAMxlbDuRmzh-lopZyW4zHLkTPU (+5 more),"TELEGRAM @SEO_ANOMALY - SEO BACKLINKS, BLACK-LINKS, TRAFFIC BOOST, LINK INDEXING",DISAVOW,Hacked Site / Injected Link-Vendor Spam,High,6,5,1,100%,P3 - Nofollow only (no equity passed),0,0%,0%,0,0,2999,100%,no,no,6,0%,1755000039,1785864002,"Anchor carries a link-vendor advertisement — the placement is an intrusion on a compromised host, not an editorial link."
seo-anomaly-engagement.online,https://www.performancelab.com/blogs/multi/best-multivitamin-for-men?srsltid=AfmBOooDP9AuF1BAIUWjUgYY2kejTSAMxlbDuRmzh-lopZyW4zHLkTPU (+5 more),"TELEGRAM @SEO_ANOMALY - SEO BACKLINKS, BLACK-LINKS, TRAFFIC BOOST, LINK INDEXING",DISAVOW,Hacked Site / Injected Link-Vendor Spam,High,6,5,1,100%,P3 - Nofollow only (no equity passed),0,0%,0%,0,0,2999,100%,no,no,6,0%,1755006365,1785839531,"Anchor carries a link-vendor advertisement — the placement is an intrusion on a compromised host, not an editorial link."
seo-anomaly-crawling.online,https://www.performancelab.com/blogs/multi/best-multivitamin-for-men?srsltid=AfmBOooDP9AuF1BAIUWjUgYY2kejTSAMxlbDuRmzh-lopZyW4zHLkTPU (+5 more),"TELEGRAM @SEO_ANOMALY - SEO BACKLINKS, BLACK-LINKS, TRAFFIC BOOST, LINK INDEXING",DISAVOW,Hacked Site / Injected Link-Vendor Spam,High,6,5,1,100%,P3 - Nofollow only (no equity passed),0,0%,0%,0,0,3000,100%,no,no,6,0%,1755006985,1785789894,"Anchor carries a link-vendor advertisement — the placement is an intrusion on a compromised host, not an editorial link."
seo-anomaly-canonical.space,https://www.performancelab.com/blogs/multi/best-multivitamin-for-men?srsltid=AfmBOooDP9AuF1BAIUWjUgYY2kejTSAMxlbDuRmzh-lopZyW4zHLkTPU (+5 more),"TELEGRAM @SEO_ANOMALY - SEO BACKLINKS, BLACK-LINKS, TRAFFIC BOOST, LINK INDEXING",DISAVOW,Hacked Site / Injected Link-Vendor Spam,High,6,5,1,100%,P3 - Nofollow only (no equity passed),0,0%,0%,0,0,3000,100%,no,no,6,0%,1755018730,1785782544,"Anchor carries a link-vendor advertisement — the placement is an intrusion on a compromised host, not an editorial link."
seo-anomaly-snippet.website,https://www.performancelab.com/blogs/multi/best-multivitamin-for-men?srsltid=AfmBOooDP9AuF1BAIUWjUgYY2kejTSAMxlbDuRmzh-lopZyW4zHLkTPU (+5 more),"TELEGRAM @SEO_ANOMALY - SEO BACKLINKS, BLACK-LINKS, TRAFFIC BOOST, LINK INDEXING",DISAVOW,Hacked Site / Injected Link-Vendor Spam,High,6,5,1,100%,P3 - Nofollow only (no equity passed),0,0%,0%,0,0,3000,100%,no,no,6,0%,1755021068,1785833201,"Anchor carries a link-vendor advertisement — the placement is an intrusion on a compromised host, not an editorial link."
seo-anomaly-crawlbudget.website,https://www.performancelab.com/blogs/nutrition/taking-pre-workout-with-a-testosterone-booster?srsltid=AfmBOoqxeUMMEIQDzgc_GLokf-TBa4HKFrrC2q2HrmxJIW96pfzqr7R0 (+5 more),"TELEGRAM @SEO_ANOMALY - SEO BACKLINKS, BLACK-LINKS, TRAFFIC BOOST, LINK INDEXING",DISAVOW,Hacked Site / Injected Link-Vendor Spam,High,6,5,1,100%,P3 - Nofollow only (no equity passed),0,0%,0%,0,0,2999,100%,no,no,6,0%,1755023948,1785880978,"Anchor carries a link-vendor advertisement — the placement is an intrusion on a compromised host, not an editorial link."
seo-anomaly-organic.space,https://www.performancelab.com/blogs/multi/best-multivitamin-for-men?srsltid=AfmBOooDP9AuF1BAIUWjUgYY2kejTSAMxlbDuRmzh-lopZyW4zHLkTPU (+5 more),"TELEGRAM @SEO_ANOMALY - SEO BACKLINKS, BLACK-LINKS, TRAFFIC BOOST, LINK INDEXING",DISAVOW,Hacked Site / Injected Link-Vendor Spam,High,6,5,1,100%,P3 - Nofollow only (no equity passed),0,0%,0%,0,0,3000,100%,no,yes,6,0%,1755024698,1785732449,"Anchor carries a link-vendor advertisement — the placement is an intrusion on a compromised host, not an editorial link."
seo-anomaly-authority.website,https://www.performancelab.com/blogs/multi/best-multivitamin-for-men?srsltid=AfmBOooDP9AuF1BAIUWjUgYY2kejTSAMxlbDuRmzh-lopZyW4zHLkTPU (+5 more),"TELEGRAM @SEO_ANOMALY - SEO BACKLINKS, BLACK-LINKS, TRAFFIC BOOST, LINK INDEXING",DISAVOW,Hacked Site / Injected Link-Vendor Spam,High,6,5,1,100%,P3 - Nofollow only (no equity passed),0,0%,0%,0,0,3000,100%,no,no,6,0%,1755026900,1785796647,"Anchor carries a link-vendor advertisement — the placement is an intrusion on a compromised host, not an editorial link."
seo-anomaly-conversion.space,https://www.performancelab.com/blogs/multi/best-multivitamin-for-men?srsltid=AfmBOooDP9AuF1BAIUWjUgYY2kejTSAMxlbDuRmzh-lopZyW4zHLkTPU (+5 more),"TELEGRAM @SEO_ANOMALY - SEO BACKLINKS, BLACK-LINKS, TRAFFIC BOOST, LINK INDEXING",DISAVOW,Hacked Site / Injected Link-Vendor Spam,High,6,5,1,100%,P3 - Nofollow only (no equity passed),0,0%,0%,0,0,3000,100%,no,no,6,0%,1755027646,1785808055,"Anchor carries a link-vendor advertisement — the placement is an intrusion on a compromised host, not an editorial link."
seo-anomaly-domain.space,https://www.performancelab.com/blogs/multi/best-multivitamin-for-men?srsltid=AfmBOooDP9AuF1BAIUWjUgYY2kejTSAMxlbDuRmzh-lopZyW4zHLkTPU (+5 more),"TELEGRAM @SEO_ANOMALY - SEO BACKLINKS, BLACK-LINKS, TRAFFIC BOOST, LINK INDEXING",DISAVOW,Hacked Site / Injected Link-Vendor Spam,High,6,5,1,100%,P3 - Nofollow only (no equity passed),0,0%,0%,0,0,2999,100%,no,no,6,0%,1755033437,1785898093,"Anchor carries a link-vendor advertisement — the placement is an intrusion on a compromised host, not an editorial link."
seo-anomaly-crawling.space,https://www.performancelab.com/blogs/multi/best-multivitamin-for-men?srsltid=AfmBOooDP9AuF1BAIUWjUgYY2kejTSAMxlbDuRmzh-lopZyW4zHLkTPU (+5 more),"TELEGRAM @SEO_ANOMALY - SEO BACKLINKS, BLACK-LINKS, TRAFFIC BOOST, LINK INDEXING",DISAVOW,Hacked Site / Injected Link-Vendor Spam,High,6,5,1,100%,P3 - Nofollow only (no equity passed),0,0%,0%,0,0,3000,100%,no,no,6,0%,1755036976,1785849516,"Anchor carries a link-vendor advertisement — the placement is an intrusion on a compromised host, not an editorial link."
seo-anomaly-seoaudit.space,https://www.performancelab.com/blogs/nutrition/taking-pre-workout-with-a-testosterone-booster?srsltid=AfmBOoqxeUMMEIQDzgc_GLokf-TBa4HKFrrC2q2HrmxJIW96pfzqr7R0 (+5 more),"TELEGRAM @SEO_ANOMALY - SEO BACKLINKS, BLACK-LINKS, TRAFFIC BOOST, LINK INDEXING",DISAVOW,Hacked Site / Injected Link-Vendor Spam,High,6,5,1,100%,P3 - Nofollow only (no equity passed),0,0%,0%,0,0,3001,100%,no,no,6,0%,1755042803,1785853803,"Anchor carries a link-vendor advertisement — the placement is an intrusion on a compromised host, not an editorial link."
seo-anomaly-metadata.online,https://www.performancelab.com/blogs/multi/best-multivitamin-for-men?srsltid=AfmBOooDP9AuF1BAIUWjUgYY2kejTSAMxlbDuRmzh-lopZyW4zHLkTPU (+5 more),"TELEGRAM @SEO_ANOMALY - SEO BACKLINKS, BLACK-LINKS, TRAFFIC BOOST, LINK INDEXING",DISAVOW,Hacked Site / Injected Link-Vendor Spam,High,6,5,1,100%,P3 - Nofollow only (no equity passed),0,0%,0%,0,0,3001,100%,no,no,6,0%,1755049121,1785694868,"Anchor carries a link-vendor advertisement — the placement is an intrusion on a compromised host, not an editorial link."
seo-anomaly-anchor.site,https://www.performancelab.com/blogs/nutrition/taking-pre-workout-with-a-testosterone-booster?srsltid=AfmBOoqxeUMMEIQDzgc_GLokf-TBa4HKFrrC2q2HrmxJIW96pfzqr7R0 (+5 more),"TELEGRAM @SEO_ANOMALY - SEO BACKLINKS, BLACK-LINKS, TRAFFIC BOOST, LINK INDEXING",DISAVOW,Hacked Site / Injected Link-Vendor Spam,High,6,5,1,100%,P3 - Nofollow only (no equity passed),0,0%,0%,0,0,2999,100%,no,no,6,0%,1755049263,1785721599,"Anchor carries a link-vendor advertisement — the placement is an intrusion on a compromised host, not an editorial link."
seo-anomaly-hreflang.space,https://www.performancelab.com/blogs/nutrition/taking-pre-workout-with-a-testosterone-booster?srsltid=AfmBOoqxeUMMEIQDzgc_GLokf-TBa4HKFrrC2q2HrmxJIW96pfzqr7R0 (+5 more),"TELEGRAM @SEO_ANOMALY - SEO BACKLINKS, BLACK-LINKS, TRAFFIC BOOST, LINK INDEXING",DISAVOW,Hacked Site / Injected Link-Vendor Spam,High,6,5,1,100%,P3 - Nofollow only (no equity passed),0,0%,0%,0,0,2999,100%,no,no,6,0%,1755053174,1785873157,"Anchor carries a link-vendor advertisement — the placement is an intrusion on a compromised host, not an editorial link."
seo-anomaly-linkbuilding.online,https://www.performancelab.com/blogs/multi/best-multivitamin-for-men?srsltid=AfmBOooDP9AuF1BAIUWjUgYY2kejTSAMxlbDuRmzh-lopZyW4zHLkTPU (+5 more),"TELEGRAM @SEO_ANOMALY - SEO BACKLINKS, BLACK-LINKS, TRAFFIC BOOST, LINK INDEXING",DISAVOW,Hacked Site / Injected Link-Vendor Spam,High,6,5,1,100%,P3 - Nofollow only (no equity passed),0,0%,0%,0,0,2999,100%,no,no,6,0%,1755056109,1785743762,"Anchor carries a link-vendor advertisement — the placement is an intrusion on a compromised host, not an editorial link."
seo-anomaly-black.website,https://www.performancelab.com/blogs/multi/best-multivitamin-for-men?srsltid=AfmBOooDP9AuF1BAIUWjUgYY2kejTSAMxlbDuRmzh-lopZyW4zHLkTPU (+5 more),"TELEGRAM @SEO_ANOMALY - SEO BACKLINKS, BLACK-LINKS, TRAFFIC BOOST, LINK INDEXING",DISAVOW,Hacked Site / Injected Link-Vendor Spam,High,6,5,1,100%,P3 - Nofollow only (no equity passed),0,0%,0%,0,0,3000,100%,no,no,6,0%,1755056289,1785620678,"Anchor carries a link-vendor advertisement — the placement is an intrusion on a compromised host, not an editorial link."
seo-anomaly-crawlbudget.space,https://www.performancelab.com/blogs/nutrition/taking-pre-workout-with-a-testosterone-booster?srsltid=AfmBOoqxeUMMEIQDzgc_GLokf-TBa4HKFrrC2q2HrmxJIW96pfzqr7R0 (+5 more),"TELEGRAM @SEO_ANOMALY - SEO BACKLINKS, BLACK-LINKS, TRAFFIC BOOST, LINK INDEXING",DISAVOW,Hacked Site / Injected Link-Vendor Spam,High,6,5,1,100%,P3 - Nofollow only (no equity passed),0,0%,0%,0,0,2999,100%,no,no,6,0%,1755058152,1785879625,"Anchor carries a link-vendor advertisement — the placement is an intrusion on a compromised host, not an editorial link."
seo-anomaly-seoaudit.site,https://www.performancelab.com/blogs/multi/best-multivitamin-for-men?srsltid=AfmBOooDP9AuF1BAIUWjUgYY2kejTSAMxlbDuRmzh-lopZyW4zHLkTPU (+5 more),"TELEGRAM @SEO_ANOMALY - SEO BACKLINKS, BLACK-LINKS, TRAFFIC BOOST, LINK INDEXING",DISAVOW,Hacked Site / Injected Link-Vendor Spam,High,6,5,1,100%,P3 - Nofollow only (no equity passed),0,0%,0%,0,0,2999,100%,no,no,6,0%,1755060217,1785879156,"Anchor carries a link-vendor advertisement — the placement is an intrusion on a compromised host, not an editorial link."
seo-anomaly-seoaudit.online,https://www.performancelab.com/blogs/nutrition/taking-pre-workout-with-a-testosterone-booster?srsltid=AfmBOoqxeUMMEIQDzgc_GLokf-TBa4HKFrrC2q2HrmxJIW96pfzqr7R0 (+5 more),"TELEGRAM @SEO_ANOMALY - SEO BACKLINKS, BLACK-LINKS, TRAFFIC BOOST, LINK INDEXING",DISAVOW,Hacked Site / Injected Link-Vendor Spam,High,6,5,1,100%,P3 - Nofollow only (no equity passed),0,0%,0%,0,0,3000,100%,no,no,6,0%,1755060883,1785848882,"Anchor carries a link-vendor advertisement — the placement is an intrusion on a compromised host, not an editorial link."
seo-anomaly-anchor.space,https://www.performancelab.com/blogs/multi/best-multivitamin-for-men?srsltid=AfmBOooDP9AuF1BAIUWjUgYY2kejTSAMxlbDuRmzh-lopZyW4zHLkTPU (+5 more),"TELEGRAM @SEO_ANOMALY - SEO BACKLINKS, BLACK-LINKS, TRAFFIC BOOST, LINK INDEXING",DISAVOW,Hacked Site / Injected Link-Vendor Spam,High,6,5,1,100%,P3 - Nofollow only (no equity passed),0,0%,0%,0,0,2999,100%,no,no,6,0%,1755065811,1785712641,"Anchor carries a link-vendor advertisement — the placement is an intrusion on a compromised host, not an editorial link."
seo-anomaly-bounce.space,https://www.performancelab.com/blogs/multi/best-multivitamin-for-men?srsltid=AfmBOooDP9AuF1BAIUWjUgYY2kejTSAMxlbDuRmzh-lopZyW4zHLkTPU (+5 more),"TELEGRAM @SEO_ANOMALY - SEO BACKLINKS, BLACK-LINKS, TRAFFIC BOOST, LINK INDEXING",DISAVOW,Hacked Site / Injected Link-Vendor Spam,High,6,5,1,100%,P3 - Nofollow only (no equity passed),0,0%,0%,0,0,2999,100%,no,no,6,0%,1755066698,1785851154,"Anchor carries a link-vendor advertisement — the placement is an intrusion on a compromised host, not an editorial link."
seo-anomaly-domain.online,https://www.performancelab.com/blogs/nutrition/taking-pre-workout-with-a-testosterone-booster?srsltid=AfmBOoqxeUMMEIQDzgc_GLokf-TBa4HKFrrC2q2HrmxJIW96pfzqr7R0 (+5 more),"TELEGRAM @SEO_ANOMALY - SEO BACKLINKS, BLACK-LINKS, TRAFFIC BOOST, LINK INDEXING",DISAVOW,Hacked Site / Injected Link-Vendor Spam,High,6,5,1,100%,P3 - Nofollow only (no equity passed),0,0%,0%,0,0,2999,100%,no,no,6,0%,1755066924,1785723286,"Anchor carries a link-vendor advertisement — the placement is an intrusion on a compromised host, not an editorial link."
seo-anomaly-serp.website,https://www.performancelab.com/blogs/multi/best-multivitamin-for-men?srsltid=AfmBOooDP9AuF1BAIUWjUgYY2kejTSAMxlbDuRmzh-lopZyW4zHLkTPU (+5 more),"TELEGRAM @SEO_ANOMALY - SEO BACKLINKS, BLACK-LINKS, TRAFFIC BOOST, LINK INDEXING",DISAVOW,Hacked Site / Injected Link-Vendor Spam,High,6,5,1,100%,P3 - Nofollow only (no equity passed),0,0%,0%,0,0,2999,100%,no,no,6,0%,1755069228,1785860696,"Anchor carries a link-vendor advertisement — the placement is an intrusion on a compromised host, not an editorial link."
seo-anomaly-authority.space,https://www.performancelab.com/blogs/multi/best-multivitamin-for-men?srsltid=AfmBOooDP9AuF1BAIUWjUgYY2kejTSAMxlbDuRmzh-lopZyW4zHLkTPU (+5 more),"TELEGRAM @SEO_ANOMALY - SEO BACKLINKS, BLACK-LINKS, TRAFFIC BOOST, LINK INDEXING",DISAVOW,Hacked Site / Injected Link-Vendor Spam,High,6,5,1,100%,P3 - Nofollow only (no equity passed),0,0%,0%,0,0,2999,100%,no,no,6,0%,1755076166,1785748395,"Anchor carries a link-vendor advertisement — the placement is an intrusion on a compromised host, not an editorial link."
seo-anomaly-linkbuilding.space,https://www.performancelab.com/blogs/multi/best-multivitamin-for-men?srsltid=AfmBOooDP9AuF1BAIUWjUgYY2kejTSAMxlbDuRmzh-lopZyW4zHLkTPU (+5 more),"TELEGRAM @SEO_ANOMALY - SEO BACKLINKS, BLACK-LINKS, TRAFFIC BOOST, LINK INDEXING",DISAVOW,Hacked Site / Injected Link-Vendor Spam,High,6,5,1,100%,P3 - Nofollow only (no equity passed),0,0%,0%,0,0,2999,100%,no,no,6,0%,1755078556,1785890373,"Anchor carries a link-vendor advertisement — the placement is an intrusion on a compromised host, not an editorial link."
seo-anomaly-conversion.online,https://www.performancelab.com/blogs/multi/best-multivitamin-for-men?srsltid=AfmBOooDP9AuF1BAIUWjUgYY2kejTSAMxlbDuRmzh-lopZyW4zHLkTPU (+5 more),"TELEGRAM @SEO_ANOMALY - SEO BACKLINKS, BLACK-LINKS, TRAFFIC BOOST, LINK INDEXING",DISAVOW,Hacked Site / Injected Link-Vendor Spam,High,6,5,1,100%,P3 - Nofollow only (no equity passed),0,0%,0%,0,0,3000,100%,no,no,6,0%,1755079346,1785711369,"Anchor carries a link-vendor advertisement — the placement is an intrusion on a compromised host, not an editorial link."
seo-anomaly-dofollow.space,https://www.performancelab.com/blogs/multi/best-multivitamin-for-men?srsltid=AfmBOooDP9AuF1BAIUWjUgYY2kejTSAMxlbDuRmzh-lopZyW4zHLkTPU (+5 more),"TELEGRAM @SEO_ANOMALY - SEO BACKLINKS, BLACK-LINKS, TRAFFIC BOOST, LINK INDEXING",DISAVOW,Hacked Site / Injected Link-Vendor Spam,High,6,5,1,100%,P3 - Nofollow only (no equity passed),0,0%,0%,0,0,3000,100%,no,no,6,0%,1755082181,1785839736,"Anchor carries a link-vendor advertisement — the placement is an intrusion on a compromised host, not an editorial link."
seo-anomaly-seoaudit.website,https://www.performancelab.com/blogs/nutrition/taking-pre-workout-with-a-testosterone-booster?srsltid=AfmBOoqxeUMMEIQDzgc_GLokf-TBa4HKFrrC2q2HrmxJIW96pfzqr7R0 (+5 more),"TELEGRAM @SEO_ANOMALY - SEO BACKLINKS, BLACK-LINKS, TRAFFIC BOOST, LINK INDEXING",DISAVOW,Hacked Site / Injected Link-Vendor Spam,High,6,5,1,100%,P3 - Nofollow only (no equity passed),0,0%,0%,0,0,3000,100%,no,no,6,0%,1755083111,1785870861,"Anchor carries a link-vendor advertisement — the placement is an intrusion on a compromised host, not an editorial link."
seo-anomaly-sitemap.website,https://www.performancelab.com/blogs/multi/best-multivitamin-for-men?srsltid=AfmBOooDP9AuF1BAIUWjUgYY2kejTSAMxlbDuRmzh-lopZyW4zHLkTPU (+5 more),"TELEGRAM @SEO_ANOMALY - SEO BACKLINKS, BLACK-LINKS, TRAFFIC BOOST, LINK INDEXING",DISAVOW,Hacked Site / Injected Link-Vendor Spam,High,6,5,1,100%,P3 - Nofollow only (no equity passed),0,0%,0%,0,0,2999,100%,no,no,6,0%,1755084728,1785884840,"Anchor carries a link-vendor advertisement — the placement is an intrusion on a compromised host, not an editorial link."
seo-anomaly-ctr.website,https://www.performancelab.com/blogs/multi/best-multivitamin-for-men?srsltid=AfmBOooDP9AuF1BAIUWjUgYY2kejTSAMxlbDuRmzh-lopZyW4zHLkTPU (+5 more),"TELEGRAM @SEO_ANOMALY - SEO BACKLINKS, BLACK-LINKS, TRAFFIC BOOST, LINK INDEXING",DISAVOW,Hacked Site / Injected Link-Vendor Spam,High,6,5,1,100%,P3 - Nofollow only (no equity passed),0,0%,0%,0,0,2999,100%,no,no,6,0%,1755085187,1785875397,"Anchor carries a link-vendor advertisement — the placement is an intrusion on a compromised host, not an editorial link."
seo-anomaly-backlink.site,https://www.performancelab.com/blogs/multi/best-multivitamin-for-men?srsltid=AfmBOooDP9AuF1BAIUWjUgYY2kejTSAMxlbDuRmzh-lopZyW4zHLkTPU (+5 more),"TELEGRAM @SEO_ANOMALY - SEO BACKLINKS, BLACK-LINKS, TRAFFIC BOOST, LINK INDEXING",DISAVOW,Hacked Site / Injected Link-Vendor Spam,High,6,5,1,100%,P3 - Nofollow only (no equity passed),0,0%,0%,0,0,3002,100%,no,no,6,0%,1755086468,1785698927,"Anchor carries a link-vendor advertisement — the placement is an intrusion on a compromised host, not an editorial link."
seo-anomaly-engagement.site,https://www.performancelab.com/blogs/multi/best-multivitamin-for-men?srsltid=AfmBOooDP9AuF1BAIUWjUgYY2kejTSAMxlbDuRmzh-lopZyW4zHLkTPU (+5 more),"TELEGRAM @SEO_ANOMALY - SEO BACKLINKS, BLACK-LINKS, TRAFFIC BOOST, LINK INDEXING",DISAVOW,Hacked Site / Injected Link-Vendor Spam,High,6,5,1,100%,P3 - Nofollow only (no equity passed),0,0%,0%,0,0,2999,100%,no,no,6,0%,1755086626,1785897227,"Anchor carries a link-vendor advertisement — the placement is an intrusion on a compromised host, not an editorial link."
seo-anomaly-ctr.online,https://www.performancelab.com/blogs/multi/best-multivitamin-for-men?srsltid=AfmBOooDP9AuF1BAIUWjUgYY2kejTSAMxlbDuRmzh-lopZyW4zHLkTPU (+5 more),"TELEGRAM @SEO_ANOMALY - SEO BACKLINKS, BLACK-LINKS, TRAFFIC BOOST, LINK INDEXING",DISAVOW,Hacked Site / Injected Link-Vendor Spam,High,6,5,1,100%,P3 - Nofollow only (no equity passed),0,0%,0%,0,0,3000,100%,no,no,6,0%,1755090163,1785840206,"Anchor carries a link-vendor advertisement — the placement is an intrusion on a compromised host, not an editorial link."
seo-anomaly-serp.online,https://www.performancelab.com/blogs/multi/best-multivitamin-for-men?srsltid=AfmBOooDP9AuF1BAIUWjUgYY2kejTSAMxlbDuRmzh-lopZyW4zHLkTPU (+5 more),"TELEGRAM @SEO_ANOMALY - SEO BACKLINKS, BLACK-LINKS, TRAFFIC BOOST, LINK INDEXING",DISAVOW,Hacked Site / Injected Link-Vendor Spam,High,6,5,1,100%,P3 - Nofollow only (no equity passed),0,0%,0%,0,0,3001,100%,no,no,6,0%,1755094767,1785836463,"Anchor carries a link-vendor advertisement — the placement is an intrusion on a compromised host, not an editorial link."
seo-anomaly-domain.site,https://www.performancelab.com/blogs/nutrition/taking-pre-workout-with-a-testosterone-booster?srsltid=AfmBOoqxeUMMEIQDzgc_GLokf-TBa4HKFrrC2q2HrmxJIW96pfzqr7R0 (+5 more),"TELEGRAM @SEO_ANOMALY - SEO BACKLINKS, BLACK-LINKS, TRAFFIC BOOST, LINK INDEXING",DISAVOW,Hacked Site / Injected Link-Vendor Spam,High,6,5,1,100%,P3 - Nofollow only (no equity passed),0,0%,0%,0,0,3002,100%,no,no,6,0%,1755096969,1785825707,"Anchor carries a link-vendor advertisement — the placement is an intrusion on a compromised host, not an editorial link."
seo-anomaly-dofollow.website,https://www.performancelab.com/blogs/multi/best-multivitamin-for-men?srsltid=AfmBOooDP9AuF1BAIUWjUgYY2kejTSAMxlbDuRmzh-lopZyW4zHLkTPU (+5 more),"TELEGRAM @SEO_ANOMALY - SEO BACKLINKS, BLACK-LINKS, TRAFFIC BOOST, LINK INDEXING",DISAVOW,Hacked Site / Injected Link-Vendor Spam,High,6,5,1,100%,P3 - Nofollow only (no equity passed),0,0%,0%,0,0,2999,100%,no,no,6,0%,1755102119,1785891236,"Anchor carries a link-vendor advertisement — the placement is an intrusion on a compromised host, not an editorial link."
seo-anomaly-hreflang.online,https://www.performancelab.com/blogs/nutrition/taking-pre-workout-with-a-testosterone-booster?srsltid=AfmBOoqxeUMMEIQDzgc_GLokf-TBa4HKFrrC2q2HrmxJIW96pfzqr7R0 (+5 more),"TELEGRAM @SEO_ANOMALY - SEO BACKLINKS, BLACK-LINKS, TRAFFIC BOOST, LINK INDEXING",DISAVOW,Hacked Site / Injected Link-Vendor Spam,High,6,5,1,100%,P3 - Nofollow only (no equity passed),0,0%,0%,0,0,3000,100%,no,no,6,0%,1755102138,1785814838,"Anchor carries a link-vendor advertisement — the placement is an intrusion on a compromised host, not an editorial link."
seo-anomaly-engagement.website,https://www.performancelab.com/blogs/nutrition/taking-pre-workout-with-a-testosterone-booster?srsltid=AfmBOoqxeUMMEIQDzgc_GLokf-TBa4HKFrrC2q2HrmxJIW96pfzqr7R0 (+5 more),"TELEGRAM @SEO_ANOMALY - SEO BACKLINKS, BLACK-LINKS, TRAFFIC BOOST, LINK INDEXING",DISAVOW,Hacked Site / Injected Link-Vendor Spam,High,6,5,1,100%,P3 - Nofollow only (no equity passed),0,0%,0%,0,0,2999,100%,no,no,6,0%,1755104230,1785758389,"Anchor carries a link-vendor advertisement — the placement is an intrusion on a compromised host, not an editorial link."
seo-anomaly-keydensity.site,https://www.performancelab.com/blogs/multi/best-multivitamin-for-men?srsltid=AfmBOooDP9AuF1BAIUWjUgYY2kejTSAMxlbDuRmzh-lopZyW4zHLkTPU (+5 more),"TELEGRAM @SEO_ANOMALY - SEO BACKLINKS, BLACK-LINKS, TRAFFIC BOOST, LINK INDEXING",DISAVOW,Hacked Site / Injected Link-Vendor Spam,High,6,5,1,100%,P3 - Nofollow only (no equity passed),0,0%,0%,0,0,2999,100%,no,no,6,0%,1755104904,1785752899,"Anchor carries a link-vendor advertisement — the placement is an intrusion on a compromised host, not an editorial link."
seo-anomaly-crawlbudget.site,https://www.performancelab.com/blogs/multi/best-multivitamin-for-men?srsltid=AfmBOooDP9AuF1BAIUWjUgYY2kejTSAMxlbDuRmzh-lopZyW4zHLkTPU (+5 more),"TELEGRAM @SEO_ANOMALY - SEO BACKLINKS, BLACK-LINKS, TRAFFIC BOOST, LINK INDEXING",DISAVOW,Hacked Site / Injected Link-Vendor Spam,High,6,5,1,100%,P3 - Nofollow only (no equity passed),0,0%,0%,0,0,3001,100%,no,no,6,0%,1755105399,1785602700,"Anchor carries a link-vendor advertisement — the placement is an intrusion on a compromised host, not an editorial link."
seo-anomaly-organic.website,https://www.performancelab.com/blogs/multi/best-multivitamin-for-men?srsltid=AfmBOooDP9AuF1BAIUWjUgYY2kejTSAMxlbDuRmzh-lopZyW4zHLkTPU (+5 more),"TELEGRAM @SEO_ANOMALY - SEO BACKLINKS, BLACK-LINKS, TRAFFIC BOOST, LINK INDEXING",DISAVOW,Hacked Site / Injected Link-Vendor Spam,High,6,5,1,100%,P3 - Nofollow only (no equity passed),0,0%,0%,0,0,3001,100%,no,yes,6,0%,1755108146,1785685539,"Anchor carries a link-vendor advertisement — the placement is an intrusion on a compromised host, not an editorial link."
seo-anomaly-ctr.site,https://www.performancelab.com/blogs/nutrition/taking-pre-workout-with-a-testosterone-booster?srsltid=AfmBOoqxeUMMEIQDzgc_GLokf-TBa4HKFrrC2q2HrmxJIW96pfzqr7R0 (+5 more),"TELEGRAM @SEO_ANOMALY - SEO BACKLINKS, BLACK-LINKS, TRAFFIC BOOST, LINK INDEXING",DISAVOW,Hacked Site / Injected Link-Vendor Spam,High,6,5,1,100%,P3 - Nofollow only (no equity passed),0,0%,0%,0,0,2999,100%,no,no,6,0%,1755108707,1785909363,"Anchor carries a link-vendor advertisement — the placement is an intrusion on a compromised host, not an editorial link."
seo-anomaly-linkbuilding.site,https://www.performancelab.com/blogs/multi/best-multivitamin-for-men?srsltid=AfmBOooDP9AuF1BAIUWjUgYY2kejTSAMxlbDuRmzh-lopZyW4zHLkTPU (+5 more),"TELEGRAM @SEO_ANOMALY - SEO BACKLINKS, BLACK-LINKS, TRAFFIC BOOST, LINK INDEXING",DISAVOW,Hacked Site / Injected Link-Vendor Spam,High,6,5,1,100%,P3 - Nofollow only (no equity passed),0,0%,0%,0,0,3000,100%,no,no,6,0%,1755110985,1785754979,"Anchor carries a link-vendor advertisement — the placement is an intrusion on a compromised host, not an editorial link."
seo-anomaly-backlink.online,https://www.performancelab.com/blogs/multi/best-multivitamin-for-men?srsltid=AfmBOooDP9AuF1BAIUWjUgYY2kejTSAMxlbDuRmzh-lopZyW4zHLkTPU (+5 more),"TELEGRAM @SEO_ANOMALY - SEO BACKLINKS, BLACK-LINKS, TRAFFIC BOOST, LINK INDEXING",DISAVOW,Hacked Site / Injected Link-Vendor Spam,High,6,5,1,100%,P3 - Nofollow only (no equity passed),0,0%,0%,0,0,2999,100%,no,no,6,0%,1755117996,1785900598,"Anchor carries a link-vendor advertisement — the placement is an intrusion on a compromised host, not an editorial link."
seo-anomaly-metadata.space,https://www.performancelab.com/blogs/multi/best-multivitamin-for-men?srsltid=AfmBOooDP9AuF1BAIUWjUgYY2kejTSAMxlbDuRmzh-lopZyW4zHLkTPU (+5 more),"TELEGRAM @SEO_ANOMALY - SEO BACKLINKS, BLACK-LINKS, TRAFFIC BOOST, LINK INDEXING",DISAVOW,Hacked Site / Injected Link-Vendor Spam,High,6,5,1,100%,P3 - Nofollow only (no equity passed),0,0%,0%,0,0,2999,100%,no,no,6,0%,1755119329,1785606151,"Anchor carries a link-vendor advertisement — the placement is an intrusion on a compromised host, not an editorial link."
seo-anomaly-alttext.online,https://www.performancelab.com/blogs/nutrition/taking-pre-workout-with-a-testosterone-booster?srsltid=AfmBOoqxeUMMEIQDzgc_GLokf-TBa4HKFrrC2q2HrmxJIW96pfzqr7R0 (+5 more),"TELEGRAM @SEO_ANOMALY - SEO BACKLINKS, BLACK-LINKS, TRAFFIC BOOST, LINK INDEXING",DISAVOW,Hacked Site / Injected Link-Vendor Spam,High,6,5,1,100%,P3 - Nofollow only (no equity passed),0,0%,0%,0,0,2999,100%,no,no,6,0%,1755120005,1785767963,"Anchor carries a link-vendor advertisement — the placement is an intrusion on a compromised host, not an editorial link."
seo-anomaly-black.online,https://www.performancelab.com/blogs/multi/best-multivitamin-for-men?srsltid=AfmBOooDP9AuF1BAIUWjUgYY2kejTSAMxlbDuRmzh-lopZyW4zHLkTPU (+5 more),"TELEGRAM @SEO_ANOMALY - SEO BACKLINKS, BLACK-LINKS, TRAFFIC BOOST, LINK INDEXING",DISAVOW,Hacked Site / Injected Link-Vendor Spam,High,6,5,1,100%,P3 - Nofollow only (no equity passed),0,0%,0%,0,0,3001,100%,no,no,6,0%,1755121559,1785679831,"Anchor carries a link-vendor advertisement — the placement is an intrusion on a compromised host, not an editorial link."
seo-anomaly-index.online,https://www.performancelab.com/blogs/multi/best-multivitamin-for-men?srsltid=AfmBOooDP9AuF1BAIUWjUgYY2kejTSAMxlbDuRmzh-lopZyW4zHLkTPU (+5 more),"TELEGRAM @SEO_ANOMALY - SEO BACKLINKS, BLACK-LINKS, TRAFFIC BOOST, LINK INDEXING",DISAVOW,Hacked Site / Injected Link-Vendor Spam,High,6,5,1,100%,P3 - Nofollow only (no equity passed),0,0%,0%,0,0,3001,100%,no,no,6,0%,1755123133,1785632466,"Anchor carries a link-vendor advertisement — the placement is an intrusion on a compromised host, not an editorial link."
seo-anomaly-serp.site,https://www.performancelab.com/blogs/nutrition/taking-pre-workout-with-a-testosterone-booster?srsltid=AfmBOoqxeUMMEIQDzgc_GLokf-TBa4HKFrrC2q2HrmxJIW96pfzqr7R0 (+5 more),"TELEGRAM @SEO_ANOMALY - SEO BACKLINKS, BLACK-LINKS, TRAFFIC BOOST, LINK INDEXING",DISAVOW,Hacked Site / Injected Link-Vendor Spam,High,6,5,1,100%,P3 - Nofollow only (no equity passed),0,0%,0%,0,0,2999,100%,no,no,6,0%,1755126373,1785909280,"Anchor carries a link-vendor advertisement — the placement is an intrusion on a compromised host, not an editorial link."
seo-anomaly-snippet.site,https://www.performancelab.com/blogs/nutrition/taking-pre-workout-with-a-testosterone-booster?srsltid=AfmBOoqxeUMMEIQDzgc_GLokf-TBa4HKFrrC2q2HrmxJIW96pfzqr7R0 (+5 more),"TELEGRAM @SEO_ANOMALY - SEO BACKLINKS, BLACK-LINKS, TRAFFIC BOOST, LINK INDEXING",DISAVOW,Hacked Site / Injected Link-Vendor Spam,High,6,5,1,100%,P3 - Nofollow only (no equity passed),0,0%,0%,0,0,2999,100%,no,no,6,0%,1755127594,1785815525,"Anchor carries a link-vendor advertisement — the placement is an intrusion on a compromised host, not an editorial link."
seo-anomaly-keydensity.website,https://www.performancelab.com/blogs/nutrition/taking-pre-workout-with-a-testosterone-booster?srsltid=AfmBOoqxeUMMEIQDzgc_GLokf-TBa4HKFrrC2q2HrmxJIW96pfzqr7R0 (+5 more),"TELEGRAM @SEO_ANOMALY - SEO BACKLINKS, BLACK-LINKS, TRAFFIC BOOST, LINK INDEXING",DISAVOW,Hacked Site / Injected Link-Vendor Spam,High,6,5,1,100%,P3 - Nofollow only (no equity passed),0,0%,0%,0,0,3001,100%,no,no,6,0%,1755129021,1785746418,"Anchor carries a link-vendor advertisement — the placement is an intrusion on a compromised host, not an editorial link."
seo-anomaly-indexing.website,https://www.performancelab.com/blogs/nutrition/taking-pre-workout-with-a-testosterone-booster?srsltid=AfmBOoqxeUMMEIQDzgc_GLokf-TBa4HKFrrC2q2HrmxJIW96pfzqr7R0 (+5 more),"TELEGRAM @SEO_ANOMALY - SEO BACKLINKS, BLACK-LINKS, TRAFFIC BOOST, LINK INDEXING",DISAVOW,Hacked Site / Injected Link-Vendor Spam,High,6,5,1,100%,P3 - Nofollow only (no equity passed),0,0%,0%,0,0,3000,100%,no,no,6,0%,1755130902,1785877870,"Anchor carries a link-vendor advertisement — the placement is an intrusion on a compromised host, not an editorial link."
seo-anomaly-sitemap.space,https://www.performancelab.com/blogs/multi/best-multivitamin-for-men?srsltid=AfmBOooDP9AuF1BAIUWjUgYY2kejTSAMxlbDuRmzh-lopZyW4zHLkTPU (+5 more),"TELEGRAM @SEO_ANOMALY - SEO BACKLINKS, BLACK-LINKS, TRAFFIC BOOST, LINK INDEXING",DISAVOW,Hacked Site / Injected Link-Vendor Spam,High,6,5,1,100%,P3 - Nofollow only (no equity passed),0,0%,0%,0,0,2999,100%,no,no,6,0%,1755132611,1785723559,"Anchor carries a link-vendor advertisement — the placement is an intrusion on a compromised host, not an editorial link."
seo-anomaly-sitemap.online,https://www.performancelab.com/blogs/multi/best-multivitamin-for-men?srsltid=AfmBOooDP9AuF1BAIUWjUgYY2kejTSAMxlbDuRmzh-lopZyW4zHLkTPU (+5 more),"TELEGRAM @SEO_ANOMALY - SEO BACKLINKS, BLACK-LINKS, TRAFFIC BOOST, LINK INDEXING",DISAVOW,Hacked Site / Injected Link-Vendor Spam,High,6,5,1,100%,P3 - Nofollow only (no equity passed),0,0%,0%,0,0,2999,100%,no,no,6,0%,1755137948,1785900985,"Anchor carries a link-vendor advertisement — the placement is an intrusion on a compromised host, not an editorial link."
seo-anomaly-indexing.site,https://www.performancelab.com/blogs/multi/best-multivitamin-for-men?srsltid=AfmBOooDP9AuF1BAIUWjUgYY2kejTSAMxlbDuRmzh-lopZyW4zHLkTPU (+5 more),"TELEGRAM @SEO_ANOMALY - SEO BACKLINKS, BLACK-LINKS, TRAFFIC BOOST, LINK INDEXING",DISAVOW,Hacked Site / Injected Link-Vendor Spam,High,6,5,1,100%,P3 - Nofollow only (no equity passed),0,0%,0%,0,0,3000,100%,no,no,6,0%,1755142916,1785902154,"Anchor carries a link-vendor advertisement — the placement is an intrusion on a compromised host, not an editorial link."
seo-anomaly-crawling.site,https://www.performancelab.com/blogs/nutrition/taking-pre-workout-with-a-testosterone-booster?srsltid=AfmBOoqxeUMMEIQDzgc_GLokf-TBa4HKFrrC2q2HrmxJIW96pfzqr7R0 (+5 more),"TELEGRAM @SEO_ANOMALY - SEO BACKLINKS, BLACK-LINKS, TRAFFIC BOOST, LINK INDEXING",DISAVOW,Hacked Site / Injected Link-Vendor Spam,High,6,5,1,100%,P3 - Nofollow only (no equity passed),0,0%,0%,0,0,3000,100%,no,no,6,0%,1755144041,1785757470,"Anchor carries a link-vendor advertisement — the placement is an intrusion on a compromised host, not an editorial link."
seo-anomaly-bounce.site,https://www.performancelab.com/blogs/multi/best-multivitamin-for-men?srsltid=AfmBOooDP9AuF1BAIUWjUgYY2kejTSAMxlbDuRmzh-lopZyW4zHLkTPU (+5 more),"TELEGRAM @SEO_ANOMALY - SEO BACKLINKS, BLACK-LINKS, TRAFFIC BOOST, LINK INDEXING",DISAVOW,Hacked Site / Injected Link-Vendor Spam,High,6,5,1,100%,P3 - Nofollow only (no equity passed),0,0%,0%,0,0,3000,100%,no,no,6,0%,1755152615,1785808356,"Anchor carries a link-vendor advertisement — the placement is an intrusion on a compromised host, not an editorial link."
seo-anomaly-authority.site,https://www.performancelab.com/blogs/multi/best-multivitamin-for-men?srsltid=AfmBOooDP9AuF1BAIUWjUgYY2kejTSAMxlbDuRmzh-lopZyW4zHLkTPU (+5 more),"TELEGRAM @SEO_ANOMALY - SEO BACKLINKS, BLACK-LINKS, TRAFFIC BOOST, LINK INDEXING",DISAVOW,Hacked Site / Injected Link-Vendor Spam,High,6,5,1,100%,P3 - Nofollow only (no equity passed),0,0%,0%,0,0,2999,100%,no,no,6,0%,1755153626,1785705963,"Anchor carries a link-vendor advertisement — the placement is an intrusion on a compromised host, not an editorial link."
seo-anomaly-metadata.website,https://www.performancelab.com/blogs/multi/best-multivitamin-for-men?srsltid=AfmBOooDP9AuF1BAIUWjUgYY2kejTSAMxlbDuRmzh-lopZyW4zHLkTPU (+5 more),"TELEGRAM @SEO_ANOMALY - SEO BACKLINKS, BLACK-LINKS, TRAFFIC BOOST, LINK INDEXING",DISAVOW,Hacked Site / Injected Link-Vendor Spam,High,6,5,1,100%,P3 - Nofollow only (no equity passed),0,0%,0%,0,0,2999,100%,no,no,6,0%,1755154357,1785689180,"Anchor carries a link-vendor advertisement — the placement is an intrusion on a compromised host, not an editorial link."
seo-anomaly-alttext.website,https://www.performancelab.com/blogs/multi/best-multivitamin-for-men?srsltid=AfmBOooDP9AuF1BAIUWjUgYY2kejTSAMxlbDuRmzh-lopZyW4zHLkTPU (+5 more),"TELEGRAM @SEO_ANOMALY - SEO BACKLINKS, BLACK-LINKS, TRAFFIC BOOST, LINK INDEXING",DISAVOW,Hacked Site / Injected Link-Vendor Spam,High,6,5,1,100%,P3 - Nofollow only (no equity passed),0,0%,0%,0,0,3000,100%,no,no,6,0%,1755159639,1785642853,"Anchor carries a link-vendor advertisement — the placement is an intrusion on a compromised host, not an editorial link."
seo-anomaly-alttext.space,https://www.performancelab.com/blogs/nutrition/taking-pre-workout-with-a-testosterone-booster?srsltid=AfmBOoqxeUMMEIQDzgc_GLokf-TBa4HKFrrC2q2HrmxJIW96pfzqr7R0 (+5 more),"TELEGRAM @SEO_ANOMALY - SEO BACKLINKS, BLACK-LINKS, TRAFFIC BOOST, LINK INDEXING",DISAVOW,Hacked Site / Injected Link-Vendor Spam,High,6,5,1,100%,P3 - Nofollow only (no equity passed),0,0%,0%,0,0,2999,100%,no,no,6,0%,1755160466,1785711161,"Anchor carries a link-vendor advertisement — the placement is an intrusion on a compromised host, not an editorial link."
seo-anomaly-snippet.online,https://www.performancelab.com/blogs/multi/best-multivitamin-for-men?srsltid=AfmBOooDP9AuF1BAIUWjUgYY2kejTSAMxlbDuRmzh-lopZyW4zHLkTPU (+5 more),"TELEGRAM @SEO_ANOMALY - SEO BACKLINKS, BLACK-LINKS, TRAFFIC BOOST, LINK INDEXING",DISAVOW,Hacked Site / Injected Link-Vendor Spam,High,6,5,1,100%,P3 - Nofollow only (no equity passed),0,0%,0%,0,0,3000,100%,no,no,6,0%,1755161112,1785738203,"Anchor carries a link-vendor advertisement — the placement is an intrusion on a compromised host, not an editorial link."
seo-anomaly-backlink.space,https://www.performancelab.com/blogs/multi/best-multivitamin-for-men?srsltid=AfmBOooDP9AuF1BAIUWjUgYY2kejTSAMxlbDuRmzh-lopZyW4zHLkTPU (+5 more),"TELEGRAM @SEO_ANOMALY - SEO BACKLINKS, BLACK-LINKS, TRAFFIC BOOST, LINK INDEXING",DISAVOW,Hacked Site / Injected Link-Vendor Spam,High,6,5,1,100%,P3 - Nofollow only (no equity passed),0,0%,0%,0,0,2999,100%,no,no,6,0%,1755162319,1785874185,"Anchor carries a link-vendor advertisement — the placement is an intrusion on a compromised host, not an editorial link."
seo-anomaly-crawling.website,https://www.performancelab.com/blogs/multi/best-multivitamin-for-men?srsltid=AfmBOooDP9AuF1BAIUWjUgYY2kejTSAMxlbDuRmzh-lopZyW4zHLkTPU (+5 more),"TELEGRAM @SEO_ANOMALY - SEO BACKLINKS, BLACK-LINKS, TRAFFIC BOOST, LINK INDEXING",DISAVOW,Hacked Site / Injected Link-Vendor Spam,High,6,5,1,100%,P3 - Nofollow only (no equity passed),0,0%,0%,0,0,3001,100%,no,no,6,0%,1755165946,1785836239,"Anchor carries a link-vendor advertisement — the placement is an intrusion on a compromised host, not an editorial link."
seo-anomaly-indexing.space,https://www.performancelab.com/blogs/multi/best-multivitamin-for-men?srsltid=AfmBOooDP9AuF1BAIUWjUgYY2kejTSAMxlbDuRmzh-lopZyW4zHLkTPU (+5 more),"TELEGRAM @SEO_ANOMALY - SEO BACKLINKS, BLACK-LINKS, TRAFFIC BOOST, LINK INDEXING",DISAVOW,Hacked Site / Injected Link-Vendor Spam,High,6,5,1,100%,P3 - Nofollow only (no equity passed),0,0%,0%,0,0,3002,100%,no,no,6,0%,1755173703,1785373988,"Anchor carries a link-vendor advertisement — the placement is an intrusion on a compromised host, not an editorial link."
seo-anomaly-authority.online,https://www.performancelab.com/blogs/nutrition/taking-pre-workout-with-a-testosterone-booster?srsltid=AfmBOoqxeUMMEIQDzgc_GLokf-TBa4HKFrrC2q2HrmxJIW96pfzqr7R0 (+5 more),"TELEGRAM @SEO_ANOMALY - SEO BACKLINKS, BLACK-LINKS, TRAFFIC BOOST, LINK INDEXING",DISAVOW,Hacked Site / Injected Link-Vendor Spam,High,6,5,1,100%,P3 - Nofollow only (no equity passed),0,0%,0%,0,0,2999,100%,no,no,6,0%,1755174466,1785852806,"Anchor carries a link-vendor advertisement — the placement is an intrusion on a compromised host, not an editorial link."
seo-anomaly-black.site,https://www.performancelab.com/blogs/nutrition/taking-pre-workout-with-a-testosterone-booster?srsltid=AfmBOoqxeUMMEIQDzgc_GLokf-TBa4HKFrrC2q2HrmxJIW96pfzqr7R0 (+5 more),"TELEGRAM @SEO_ANOMALY - SEO BACKLINKS, BLACK-LINKS, TRAFFIC BOOST, LINK INDEXING",DISAVOW,Hacked Site / Injected Link-Vendor Spam,High,6,5,1,100%,P3 - Nofollow only (no equity passed),0,0%,0%,0,0,3000,100%,no,no,6,0%,1755176342,1785735325,"Anchor carries a link-vendor advertisement — the placement is an intrusion on a compromised host, not an editorial link."
seo-anomaly-index.website,https://www.performancelab.com/blogs/multi/best-multivitamin-for-men?srsltid=AfmBOooDP9AuF1BAIUWjUgYY2kejTSAMxlbDuRmzh-lopZyW4zHLkTPU (+5 more),"TELEGRAM @SEO_ANOMALY - SEO BACKLINKS, BLACK-LINKS, TRAFFIC BOOST, LINK INDEXING",DISAVOW,Hacked Site / Injected Link-Vendor Spam,High,6,5,1,100%,P3 - Nofollow only (no equity passed),0,0%,0%,0,0,2999,100%,no,no,6,0%,1755180735,1785719032,"Anchor carries a link-vendor advertisement — the placement is an intrusion on a compromised host, not an editorial link."
seo-anomaly-conversion.website,https://www.performancelab.com/blogs/multi/best-multivitamin-for-men?srsltid=AfmBOooDP9AuF1BAIUWjUgYY2kejTSAMxlbDuRmzh-lopZyW4zHLkTPU (+5 more),"TELEGRAM @SEO_ANOMALY - SEO BACKLINKS, BLACK-LINKS, TRAFFIC BOOST, LINK INDEXING",DISAVOW,Hacked Site / Injected Link-Vendor Spam,High,6,5,1,100%,P3 - Nofollow only (no equity passed),0,0%,0%,0,0,2999,100%,no,no,6,0%,1755187246,1785704607,"Anchor carries a link-vendor advertisement — the placement is an intrusion on a compromised host, not an editorial link."
seo-anomaly-canonical.online,https://www.performancelab.com/blogs/nutrition/taking-pre-workout-with-a-testosterone-booster?srsltid=AfmBOoqxeUMMEIQDzgc_GLokf-TBa4HKFrrC2q2HrmxJIW96pfzqr7R0 (+5 more),"TELEGRAM @SEO_ANOMALY - SEO BACKLINKS, BLACK-LINKS, TRAFFIC BOOST, LINK INDEXING",DISAVOW,Hacked Site / Injected Link-Vendor Spam,High,6,5,1,100%,P3 - Nofollow only (no equity passed),0,0%,0%,0,0,3000,100%,no,no,6,0%,1755189413,1785742631,"Anchor carries a link-vendor advertisement — the placement is an intrusion on a compromised host, not an editorial link."
seo-anomaly-alttext.site,https://www.performancelab.com/blogs/multi/best-multivitamin-for-men?srsltid=AfmBOooDP9AuF1BAIUWjUgYY2kejTSAMxlbDuRmzh-lopZyW4zHLkTPU (+5 more),"TELEGRAM @SEO_ANOMALY - SEO BACKLINKS, BLACK-LINKS, TRAFFIC BOOST, LINK INDEXING",DISAVOW,Hacked Site / Injected Link-Vendor Spam,High,6,5,1,100%,P3 - Nofollow only (no equity passed),0,0%,0%,0,0,3000,100%,no,no,6,0%,1755197764,1785603368,"Anchor carries a link-vendor advertisement — the placement is an intrusion on a compromised host, not an editorial link."
seo-anomaly-organic.online,https://www.performancelab.com/blogs/nutrition/taking-pre-workout-with-a-testosterone-booster?srsltid=AfmBOoqxeUMMEIQDzgc_GLokf-TBa4HKFrrC2q2HrmxJIW96pfzqr7R0 (+5 more),"TELEGRAM @SEO_ANOMALY - SEO BACKLINKS, BLACK-LINKS, TRAFFIC BOOST, LINK INDEXING",DISAVOW,Hacked Site / Injected Link-Vendor Spam,High,6,5,1,100%,P3 - Nofollow only (no equity passed),0,0%,0%,0,0,2999,100%,no,yes,6,0%,1755198371,1785874500,"Anchor carries a link-vendor advertisement — the placement is an intrusion on a compromised host, not an editorial link."
seo-anomaly-keydensity.space,https://www.performancelab.com/blogs/nutrition/taking-pre-workout-with-a-testosterone-booster?srsltid=AfmBOoqxeUMMEIQDzgc_GLokf-TBa4HKFrrC2q2HrmxJIW96pfzqr7R0 (+5 more),"TELEGRAM @SEO_ANOMALY - SEO BACKLINKS, BLACK-LINKS, TRAFFIC BOOST, LINK INDEXING",DISAVOW,Hacked Site / Injected Link-Vendor Spam,High,6,5,1,100%,P3 - Nofollow only (no equity passed),0,0%,0%,0,0,3002,100%,no,no,6,0%,1755200707,1785812897,"Anchor carries a link-vendor advertisement — the placement is an intrusion on a compromised host, not an editorial link."
seo-anomaly-metadata.site,https://www.performancelab.com/blogs/nutrition/taking-pre-workout-with-a-testosterone-booster?srsltid=AfmBOoqxeUMMEIQDzgc_GLokf-TBa4HKFrrC2q2HrmxJIW96pfzqr7R0 (+5 more),"TELEGRAM @SEO_ANOMALY - SEO BACKLINKS, BLACK-LINKS, TRAFFIC BOOST, LINK INDEXING",DISAVOW,Hacked Site / Injected Link-Vendor Spam,High,6,5,1,100%,P3 - Nofollow only (no equity passed),0,0%,0%,0,0,3000,100%,no,no,6,0%,1755203930,1785630639,"Anchor carries a link-vendor advertisement — the placement is an intrusion on a compromised host, not an editorial link."
seo-anomaly-crawlbudget.online,https://www.performancelab.com/blogs/nutrition/taking-pre-workout-with-a-testosterone-booster?srsltid=AfmBOormn3_VJfJha9JoSCgtNxC-enCrGY7OLKs3YeUlNhOCxmFPxPfX (+5 more),"TELEGRAM @SEO_ANOMALY - SEO BACKLINKS, BLACK-LINKS, TRAFFIC BOOST, LINK INDEXING",DISAVOW,Hacked Site / Injected Link-Vendor Spam,High,6,5,1,100%,P3 - Nofollow only (no equity passed),0,0%,0%,0,0,3000,100%,no,no,6,0%,1755208556,1785685809,"Anchor carries a link-vendor advertisement — the placement is an intrusion on a compromised host, not an editorial link."
seo-anomaly-organic.site,https://www.performancelab.com/blogs/nutrition/taking-pre-workout-with-a-testosterone-booster?srsltid=AfmBOoqxeUMMEIQDzgc_GLokf-TBa4HKFrrC2q2HrmxJIW96pfzqr7R0 (+5 more),"TELEGRAM @SEO_ANOMALY - SEO BACKLINKS, BLACK-LINKS, TRAFFIC BOOST, LINK INDEXING",DISAVOW,Hacked Site / Injected Link-Vendor Spam,High,6,5,1,100%,P3 - Nofollow only (no equity passed),0,0%,0%,0,0,2999,100%,no,yes,6,0%,1755211495,1785827706,"Anchor carries a link-vendor advertisement — the placement is an intrusion on a compromised host, not an editorial link."
seo-anomaly-bounce.website,https://www.performancelab.com/blogs/nutrition/taking-pre-workout-with-a-testosterone-booster?srsltid=AfmBOoqxeUMMEIQDzgc_GLokf-TBa4HKFrrC2q2HrmxJIW96pfzqr7R0 (+5 more),"TELEGRAM @SEO_ANOMALY - SEO BACKLINKS, BLACK-LINKS, TRAFFIC BOOST, LINK INDEXING",DISAVOW,Hacked Site / Injected Link-Vendor Spam,High,6,5,1,100%,P3 - Nofollow only (no equity passed),0,0%,0%,0,0,3000,100%,no,no,6,0%,1755219931,1785792844,"Anchor carries a link-vendor advertisement — the placement is an intrusion on a compromised host, not an editorial link."
seo-anomaly-indexing.online,https://www.performancelab.com/blogs/nutrition/taking-pre-workout-with-a-testosterone-booster?srsltid=AfmBOoqxeUMMEIQDzgc_GLokf-TBa4HKFrrC2q2HrmxJIW96pfzqr7R0 (+5 more),"TELEGRAM @SEO_ANOMALY - SEO BACKLINKS, BLACK-LINKS, TRAFFIC BOOST, LINK INDEXING",DISAVOW,Hacked Site / Injected Link-Vendor Spam,High,6,5,1,100%,P3 - Nofollow only (no equity passed),0,0%,0%,0,0,2999,100%,no,no,6,0%,1755222255,1785904344,"Anchor carries a link-vendor advertisement — the placement is an intrusion on a compromised host, not an editorial link."
seo-anomaly-conversion.site,https://www.performancelab.com/blogs/nutrition/taking-pre-workout-with-a-testosterone-booster?srsltid=AfmBOoqxeUMMEIQDzgc_GLokf-TBa4HKFrrC2q2HrmxJIW96pfzqr7R0 (+5 more),"TELEGRAM @SEO_ANOMALY - SEO BACKLINKS, BLACK-LINKS, TRAFFIC BOOST, LINK INDEXING",DISAVOW,Hacked Site / Injected Link-Vendor Spam,High,6,5,1,100%,P3 - Nofollow only (no equity passed),0,0%,0%,0,0,3001,100%,no,no,6,0%,1755225111,1785681056,"Anchor carries a link-vendor advertisement — the placement is an intrusion on a compromised host, not an editorial link."
seo-anomaly-domain.website,https://www.performancelab.com/blogs/multi/best-multivitamin-for-men?srsltid=AfmBOooDP9AuF1BAIUWjUgYY2kejTSAMxlbDuRmzh-lopZyW4zHLkTPU (+5 more),"TELEGRAM @SEO_ANOMALY - SEO BACKLINKS, BLACK-LINKS, TRAFFIC BOOST, LINK INDEXING",DISAVOW,Hacked Site / Injected Link-Vendor Spam,High,6,5,1,100%,P3 - Nofollow only (no equity passed),0,0%,0%,0,0,3000,100%,no,no,6,0%,1755237176,1785795688,"Anchor carries a link-vendor advertisement — the placement is an intrusion on a compromised host, not an editorial link."
seo-anomaly-dofollow.online,https://www.performancelab.com/blogs/nutrition/taking-pre-workout-with-a-testosterone-booster?srsltid=AfmBOoqxeUMMEIQDzgc_GLokf-TBa4HKFrrC2q2HrmxJIW96pfzqr7R0 (+5 more),"TELEGRAM @SEO_ANOMALY - SEO BACKLINKS, BLACK-LINKS, TRAFFIC BOOST, LINK INDEXING",DISAVOW,Hacked Site / Injected Link-Vendor Spam,High,6,5,1,100%,P3 - Nofollow only (no equity passed),0,0%,0%,0,0,3000,100%,no,no,6,0%,1755243658,1785673638,"Anchor carries a link-vendor advertisement — the placement is an intrusion on a compromised host, not an editorial link."
seo-anomaly-canonical.site,https://www.performancelab.com/blogs/multi/best-multivitamin-for-men?srsltid=AfmBOooDP9AuF1BAIUWjUgYY2kejTSAMxlbDuRmzh-lopZyW4zHLkTPU (+5 more),"TELEGRAM @SEO_ANOMALY - SEO BACKLINKS, BLACK-LINKS, TRAFFIC BOOST, LINK INDEXING",DISAVOW,Hacked Site / Injected Link-Vendor Spam,High,6,5,1,100%,P3 - Nofollow only (no equity passed),0,0%,0%,0,0,3001,100%,no,no,6,0%,1755245017,1785831183,"Anchor carries a link-vendor advertisement — the placement is an intrusion on a compromised host, not an editorial link."
seo-anomaly-index.space,https://www.performancelab.com/blogs/nutrition/taking-pre-workout-with-a-testosterone-booster?srsltid=AfmBOoqxeUMMEIQDzgc_GLokf-TBa4HKFrrC2q2HrmxJIW96pfzqr7R0 (+5 more),"TELEGRAM @SEO_ANOMALY - SEO BACKLINKS, BLACK-LINKS, TRAFFIC BOOST, LINK INDEXING",DISAVOW,Hacked Site / Injected Link-Vendor Spam,High,6,5,1,100%,P3 - Nofollow only (no equity passed),0,0%,0%,0,0,3000,100%,no,no,6,0%,1755251141,1785715938,"Anchor carries a link-vendor advertisement — the placement is an intrusion on a compromised host, not an editorial link."
seo-anomaly-engagement.space,https://www.performancelab.com/blogs/nutrition/taking-pre-workout-with-a-testosterone-booster?srsltid=AfmBOoqxeUMMEIQDzgc_GLokf-TBa4HKFrrC2q2HrmxJIW96pfzqr7R0 (+5 more),"TELEGRAM @SEO_ANOMALY - SEO BACKLINKS, BLACK-LINKS, TRAFFIC BOOST, LINK INDEXING",DISAVOW,Hacked Site / Injected Link-Vendor Spam,High,6,5,1,100%,P3 - Nofollow only (no equity passed),0,0%,0%,0,0,2999,100%,no,no,6,0%,1755259575,1785821304,"Anchor carries a link-vendor advertisement — the placement is an intrusion on a compromised host, not an editorial link."
seo-anomaly-anchor.online,https://www.performancelab.com/blogs/multi/best-multivitamin-for-men?srsltid=AfmBOooDP9AuF1BAIUWjUgYY2kejTSAMxlbDuRmzh-lopZyW4zHLkTPU (+5 more),"TELEGRAM @SEO_ANOMALY - SEO BACKLINKS, BLACK-LINKS, TRAFFIC BOOST, LINK INDEXING",DISAVOW,Hacked Site / Injected Link-Vendor Spam,High,6,5,1,100%,P3 - Nofollow only (no equity passed),0,0%,0%,0,0,3000,100%,no,no,6,0%,1755264628,1785908016,"Anchor carries a link-vendor advertisement — the placement is an intrusion on a compromised host, not an editorial link."
seo-anomaly-backlink.website,https://www.performancelab.com/blogs/nutrition/taking-pre-workout-with-a-testosterone-booster?srsltid=AfmBOormn3_VJfJha9JoSCgtNxC-enCrGY7OLKs3YeUlNhOCxmFPxPfX (+5 more),"TELEGRAM @SEO_ANOMALY - SEO BACKLINKS, BLACK-LINKS, TRAFFIC BOOST, LINK INDEXING",DISAVOW,Hacked Site / Injected Link-Vendor Spam,High,6,5,1,100%,P3 - Nofollow only (no equity passed),0,0%,0%,0,0,3000,100%,no,no,6,0%,1755273132,1785772468,"Anchor carries a link-vendor advertisement — the placement is an intrusion on a compromised host, not an editorial link."
seo-anomaly-master.site,https://www.performancelab.com/blogs/multi/best-multivitamin-for-men?srsltid=AfmBOooDP9AuF1BAIUWjUgYY2kejTSAMxlbDuRmzh-lopZyW4zHLkTPU (+5 more),"TELEGRAM @SEO_ANOMALY - SEO BACKLINKS, BLACK-LINKS, TRAFFIC BOOST, LINK INDEXING",DISAVOW,Hacked Site / Injected Link-Vendor Spam,High,6,5,1,100%,P3 - Nofollow only (no equity passed),0,0%,0%,0,0,3001,100%,no,no,6,0%,1755307038,1785899717,"Anchor carries a link-vendor advertisement — the placement is an intrusion on a compromised host, not an editorial link."
seo-anomaly-ctr.space,https://www.performancelab.com/blogs/multi/best-multivitamin-for-men?srsltid=AfmBOooDP9AuF1BAIUWjUgYY2kejTSAMxlbDuRmzh-lopZyW4zHLkTPU (+5 more),"TELEGRAM @SEO_ANOMALY - SEO BACKLINKS, BLACK-LINKS, TRAFFIC BOOST, LINK INDEXING",DISAVOW,Hacked Site / Injected Link-Vendor Spam,High,6,5,1,100%,P3 - Nofollow only (no equity passed),0,0%,0%,0,0,2999,100%,no,no,6,0%,1755307749,1785895787,"Anchor carries a link-vendor advertisement — the placement is an intrusion on a compromised host, not an editorial link."
seo-anomaly-canonical.website,https://www.performancelab.com/blogs/nutrition/taking-pre-workout-with-a-testosterone-booster?srsltid=AfmBOoqxeUMMEIQDzgc_GLokf-TBa4HKFrrC2q2HrmxJIW96pfzqr7R0 (+5 more),"TELEGRAM @SEO_ANOMALY - SEO BACKLINKS, BLACK-LINKS, TRAFFIC BOOST, LINK INDEXING",DISAVOW,Hacked Site / Injected Link-Vendor Spam,High,6,5,1,100%,P3 - Nofollow only (no equity passed),0,0%,0%,0,0,2999,100%,no,no,6,0%,1755361341,1785833478,"Anchor carries a link-vendor advertisement — the placement is an intrusion on a compromised host, not an editorial link."
olivare.com.ar,https://www.performancelab.com/ (+5 more),TG @LINKS_DEALER | EFFECTIVE SEO LINKS FOR WWW.PERFORMANCELAB.COM (+2 more),DISAVOW,Hacked Site / Injected Link-Vendor Spam,High,6,6,3,50%,P3 - Nofollow only (no equity passed),0,0%,50%,0,1,2170,100%,no,no,6,0%,1755639704,1775829654,"Anchor carries a link-vendor advertisement — the placement is an intrusion on a compromised host, not an editorial link."
mybjjblog.com,https://www.performancelab.com/?a_aid=68990cbe508aa&a_bid=a2ad38c1 (+1 more),get more info (+3 more),DISAVOW,Vendor Blog Network (Spun-Content PBN),High,6,6,4,50%,"P2 - Follow links, low volume",6,0%,0%,0,1,2,0%,no,yes,2,0%,1759870884,1787499545,Free-blog-host domain used exclusively by link vendors; 6 link(s) on throwaway auto-generated accounts.
izrablog.com,https://www.performancelab.com/collections/all-products (+1 more),click here (+4 more),DISAVOW,Vendor Blog Network (Spun-Content PBN),High,6,6,5,33%,"P2 - Follow links, low volume",6,0%,0%,0,0,4,0%,no,yes,2,0%,1764879276,1786856901,Free-blog-host domain used exclusively by link vendors; 6 link(s) on throwaway auto-generated accounts.
alwaha.ly,https://www.performancelab.com/blogs/nutrition/inositol-for-men?srsltid=AfmBOoo0JXySU0kKx7wt1yWUn9LPxzBJNdN5CtiVUtVDmDaDF4BC8kxW (+2 more),TG @LINKS_DEALER | EFFECTIVE SEO LINKS FOR WWW.PERFORMANCELAB.COM,DISAVOW,Hacked Site / Injected Link-Vendor Spam,High,6,6,1,100%,P3 - Nofollow only (no equity passed),0,0%,100%,0,0,3010,100%,no,no,3,0%,1765908160,1781109001,"Anchor carries a link-vendor advertisement — the placement is an intrusion on a compromised host, not an editorial link."
acelb.co,https://www.performancelab.com/blogs/nutrition/inositol-for-men?srsltid=AfmBOoq2MZr0V3D343YVq9XD2Zu1NP1czTLKuLv5ng5UnuqmgFTGje_x (+3 more),TG @LINKS_DEALER | EFFECTIVE SEO LINKS FOR WWW.PERFORMANCELAB.COM (+1 more),DISAVOW,Hacked Site / Injected Link-Vendor Spam,High,6,6,2,83%,P3 - Nofollow only (no equity passed),0,0%,83%,0,0,3003,100%,no,no,4,0%,1767154700,1783325935,"Anchor carries a link-vendor advertisement — the placement is an intrusion on a compromised host, not an editorial link."
luwebs.com,https://www.performancelab.com/?a_aid=68990cbe508aa&a_bid=a2ad38c1,read more (+4 more),DISAVOW,Throwaway Auto-Generated Host,High,6,6,5,33%,"P2 - Follow links, low volume",6,0%,0%,0,1,4,0%,no,yes,1,0%,1767202018,1787596811,Randomly generated account subdomain — disposable link-vendor infrastructure.
dcoutesnjacob.com,https://www.performancelab.com/blogs/nutrition/inositol-for-men?srsltid=AfmBOoo0JXySU0kKx7wt1yWUn9LPxzBJNdN5CtiVUtVDmDaDF4BC8kxW (+5 more),TG @LINKS_DEALER | EFFECTIVE SEO LINKS FOR WWW.PERFORMANCELAB.COM (+2 more),DISAVOW,Hacked Site / Injected Link-Vendor Spam,High,6,6,3,50%,P3 - Nofollow only (no equity passed),0,0%,50%,0,0,3002,100%,no,no,6,0%,1767326850,1779895915,"Anchor carries a link-vendor advertisement — the placement is an intrusion on a compromised host, not an editorial link."
designertoblog.com,https://www.performancelab.com/?a_aid=68990cbe508aa&a_bid=a2ad38c1 (+1 more),here (+4 more),DISAVOW,Vendor Blog Network (Spun-Content PBN),High,6,6,5,33%,"P2 - Follow links, low volume",6,0%,0%,0,0,2,0%,no,yes,2,0%,1769455730,1785398107,Free-blog-host domain used exclusively by link vendors; 6 link(s) on throwaway auto-generated accounts.
blogpayz.com,https://www.performancelab.com/?a_aid=68990cbe508aa&a_bid=a2ad38c1 (+1 more),more info (+4 more),DISAVOW,Vendor Blog Network (Spun-Content PBN),High,6,6,5,33%,"P2 - Follow links, low volume",6,0%,0%,0,1,4,0%,no,yes,2,0%,1769604608,1787109315,Free-blog-host domain used exclusively by link vendors; 6 link(s) on throwaway auto-generated accounts.
getonline.co.in,https://www.performancelab.com/ (+3 more),nutropic.com (+3 more),DISAVOW,Link Farm / Outbound-Link Bloat,High,6,5,4,33%,"P2 - Follow links, low volume",6,0%,33%,0,0,10158,0%,no,no,4,0%,1770535906,1786302911,Average 10158 external links per source page across machine-generated URLs (100% of linking pages).
cidadetoda.com.br,https://www.performancelab.com/blogs/wellness/are-testosterone-boosters-safe?srsltid=AfmBOoqbIxc_ipqUteJPFtDqMsxQF0Ksgr9Y08kS18EGmHEQ8O8SQwJv (+5 more),🍪 TELEGRAM @SALESOVEN | ACCESS TO HACKED SITES FOR SEO | HTTPS://T.ME/SALESOVEN 🔥,DISAVOW,Hacked Site / Injected Link-Vendor Spam,High,6,5,1,100%,P3 - Nofollow only (no equity passed),0,0%,0%,0,0,3008,100%,no,no,6,0%,1771747206,1787307465,"Anchor carries a link-vendor advertisement — the placement is an intrusion on a compromised host, not an editorial link."
filmhouse.co.il,https://www.performancelab.com/blogs/nutrition/taking-pre-workout-with-a-testosterone-booster?srsltid=AfmBOoo3ve1-ArFrDWwqHceT5BCyoLb82TUB2TpyHTGw1gAHgjXVbfau (+5 more),🍪 TELEGRAM @SALESOVEN | ACCESS TO HACKED SITES FOR SEO | HTTPS://T.ME/SALESOVEN 🔥,DISAVOW,Hacked Site / Injected Link-Vendor Spam,High,6,5,1,100%,P3 - Nofollow only (no equity passed),0,0%,0%,0,0,3008,100%,no,no,6,0%,1771949894,1777686849,"Anchor carries a link-vendor advertisement — the placement is an intrusion on a compromised host, not an editorial link."
thetarotalk.com,https://www.performancelab.com/ (+1 more),JOIN OUR TELEGRAM https://t.me/s/darksidelinks,DISAVOW,Hacked Site / Injected Link-Vendor Spam,High,6,6,1,100%,P3 - Nofollow only (no equity passed),0,0%,0%,0,0,29986,100%,no,no,2,0%,,,"Anchor carries a link-vendor advertisement — the placement is an intrusion on a compromised host, not an editorial link."
blog4youth.com,https://www.performancelab.com/?a_aid=68990cbe508aa&a_bid=a2ad38c1 (+1 more),website (+3 more),DISAVOW,Vendor Blog Network (Spun-Content PBN),High,5,5,4,40%,"P2 - Follow links, low volume",5,0%,0%,1,16,2,0%,no,yes,2,0%,1769888927,2026-02-25,Free-blog-host domain used exclusively by link vendors; 5 link(s) on throwaway auto-generated accounts.
all-aged-domains.com,https://www.performancelab.com/collections/all-products (+4 more),nutropic.com (+3 more),DISAVOW,Link Farm / Outbound-Link Bloat,High,5,4,4,40%,"P2 - Follow links, low volume",5,0%,20%,0,0,10158,0%,no,no,5,0%,1738155951,1787349979,Average 10158 external links per source page across machine-generated URLs (100% of linking pages).
sergechel.info,https://www.performancelab.com/collections/all-products (+4 more),nutropic.com (+3 more),DISAVOW,Link Farm / Outbound-Link Bloat,High,5,4,4,40%,"P2 - Follow links, low volume",5,0%,20%,0,0,10500,0%,no,no,5,0%,1738431985,1787391132,Average 10500 external links per source page across machine-generated URLs (100% of linking pages).
jobsapp.info,https://www.performancelab.com/collections/all-products (+4 more),nutropic.com (+3 more),DISAVOW,Link Farm / Outbound-Link Bloat,High,5,4,4,40%,"P2 - Follow links, low volume",5,0%,20%,0,0,9000,0%,no,no,5,0%,1738579593,1787111985,Average 9000 external links per source page across machine-generated URLs (100% of linking pages).
seo-anomaly-bounce.online,https://www.performancelab.com/blogs/multi/best-multivitamin-for-men?srsltid=AfmBOooDP9AuF1BAIUWjUgYY2kejTSAMxlbDuRmzh-lopZyW4zHLkTPU (+4 more),"TELEGRAM @SEO_ANOMALY - SEO BACKLINKS, BLACK-LINKS, TRAFFIC BOOST, LINK INDEXING",DISAVOW,Hacked Site / Injected Link-Vendor Spam,High,5,5,1,100%,P3 - Nofollow only (no equity passed),0,0%,0%,0,0,2999,100%,no,no,5,0%,1755146252,1785797766,"Anchor carries a link-vendor advertisement — the placement is an intrusion on a compromised host, not an editorial link."
seo-anomaly-serp.space,https://www.performancelab.com/blogs/nutrition/taking-pre-workout-with-a-testosterone-booster?srsltid=AfmBOoqxeUMMEIQDzgc_GLokf-TBa4HKFrrC2q2HrmxJIW96pfzqr7R0 (+4 more),"TELEGRAM @SEO_ANOMALY - SEO BACKLINKS, BLACK-LINKS, TRAFFIC BOOST, LINK INDEXING",DISAVOW,Hacked Site / Injected Link-Vendor Spam,High,5,5,1,100%,P3 - Nofollow only (no equity passed),0,0%,0%,0,0,2999,100%,no,no,5,0%,1755220540,1785747601,"Anchor carries a link-vendor advertisement — the placement is an intrusion on a compromised host, not an editorial link."
seo-anomaly-dofollow.site,https://www.performancelab.com/blogs/multi/best-multivitamin-for-men?srsltid=AfmBOooDP9AuF1BAIUWjUgYY2kejTSAMxlbDuRmzh-lopZyW4zHLkTPU (+4 more),"TELEGRAM @SEO_ANOMALY - SEO BACKLINKS, BLACK-LINKS, TRAFFIC BOOST, LINK INDEXING",DISAVOW,Hacked Site / Injected Link-Vendor Spam,High,5,5,1,100%,P3 - Nofollow only (no equity passed),0,0%,0%,0,0,2998,100%,no,no,5,0%,1755242858,1785718488,"Anchor carries a link-vendor advertisement — the placement is an intrusion on a compromised host, not an editorial link."
alltdesign.com,https://www.performancelab.com/?a_aid=68990cbe508aa&a_bid=a2ad38c1 (+1 more),website (+4 more),DISAVOW,Throwaway Auto-Generated Host,High,5,5,5,20%,"P2 - Follow links, low volume",5,0%,0%,1,3,2,0%,no,yes,2,0%,1757615968,1787520667,Randomly generated account subdomain — disposable link-vendor infrastructure.
canariblogs.com,https://www.performancelab.com/?a_aid=68990cbe508aa&a_bid=a2ad38c1 (+1 more),here (+2 more),DISAVOW,Vendor Blog Network (Spun-Content PBN),High,5,5,3,60%,"P2 - Follow links, low volume",5,0%,0%,1,3,2,0%,no,yes,2,0%,1760623258,1787609079,Free-blog-host domain used exclusively by link vendors; 5 link(s) on throwaway auto-generated accounts.
shotblogs.com,https://www.performancelab.com/?a_aid=68990cbe508aa&a_bid=a2ad38c1,here (+4 more),DISAVOW,Vendor Blog Network (Spun-Content PBN),High,5,5,5,20%,"P2 - Follow links, low volume",5,0%,0%,0,0,2,0%,no,yes,1,0%,1762299412,1787508014,Free-blog-host domain used exclusively by link vendors; 5 link(s) on throwaway auto-generated accounts.
tribunablog.com,https://www.performancelab.com/?a_aid=68990cbe508aa&a_bid=a2ad38c1 (+1 more),Nutropic vs Alpha Brain (+4 more),DISAVOW,Vendor Blog Network (Spun-Content PBN),High,5,5,5,20%,"P2 - Follow links, low volume",5,0%,0%,1,2,2,0%,no,yes,2,0%,1763335249,1786702882,Free-blog-host domain used exclusively by link vendors; 5 link(s) on throwaway auto-generated accounts.
blogminds.com,https://www.performancelab.com/?a_aid=68990cbe508aa&a_bid=a2ad38c1 (+1 more),daily multivitamin (+4 more),DISAVOW,Vendor Blog Network (Spun-Content PBN),High,5,5,5,20%,"P2 - Follow links, low volume",5,0%,0%,3,3,2,0%,no,yes,2,0%,1764449205,1787249616,Free-blog-host domain used exclusively by link vendors; 5 link(s) on throwaway auto-generated accounts.
5913231.cc,https://www.performancelab.com/collections/all-products (+4 more),nutropic.com (+3 more),DISAVOW,Link Farm / Outbound-Link Bloat,High,5,4,4,40%,"P2 - Follow links, low volume",5,0%,20%,0,0,10159,0%,no,no,5,0%,1766808886,1772289510,Average 10159 external links per source page across machine-generated URLs (100% of linking pages).
indians.cc,https://www.performancelab.com/collections/nutropic (+4 more),nutropic.com (+3 more),DISAVOW,Link Farm / Outbound-Link Bloat,High,5,4,4,40%,"P2 - Follow links, low volume",5,0%,20%,0,0,10160,0%,no,no,5,0%,1768438719,1786574192,Average 10160 external links per source page across machine-generated URLs (100% of linking pages).
preparation.co.in,https://www.performancelab.com/ (+3 more),dtcx.com (+4 more),DISAVOW,Link Farm / Outbound-Link Bloat,High,5,4,5,20%,"P2 - Follow links, low volume",5,0%,40%,0,0,10158,0%,no,no,4,0%,1770591446,1771799067,Average 10158 external links per source page across machine-generated URLs (100% of linking pages).
websitescrawl.art,https://www.performancelab.com/ (+3 more),dtcx.com (+2 more),DISAVOW,Link Farm / Outbound-Link Bloat,High,5,5,3,40%,"P2 - Follow links, low volume",5,0%,0%,0,0,10158,0%,no,no,4,0%,1770634693,1787023328,Average 10158 external links per source page across machine-generated URLs (100% of linking pages).
domainwork.space,https://www.performancelab.com/ (+2 more),dtcx.com (+2 more),DISAVOW,Link Farm / Outbound-Link Bloat,High,5,5,3,40%,"P2 - Follow links, low volume",5,0%,0%,0,0,10158,0%,no,no,3,0%,1770637659,1777541713,Average 10158 external links per source page across machine-generated URLs (100% of linking pages).
alltopleveldomains.space,https://www.performancelab.com/collections/nutropic (+3 more),nutropic.com (+2 more),DISAVOW,Link Farm / Outbound-Link Bloat,High,5,3,3,60%,"P2 - Follow links, low volume",5,0%,40%,0,0,10159,0%,no,no,4,0%,1770691241,1777437135,Average 10159 external links per source page across machine-generated URLs (100% of linking pages).
taxies.biz,https://www.performancelab.com/blogs/wellness (+2 more),testolabpro.com (+2 more),DISAVOW,Link Farm / Outbound-Link Bloat,High,5,5,3,40%,"P2 - Follow links, low volume",5,0%,0%,0,0,10158,0%,no,no,3,0%,1770819695,1785902094,Average 10158 external links per source page across machine-generated URLs (100% of linking pages).
prashikshan.in,https://www.performancelab.com/collections/nutropic (+4 more),nutropic.com (+3 more),DISAVOW,Link Farm / Outbound-Link Bloat,High,5,4,4,40%,"P2 - Follow links, low volume",5,0%,40%,0,0,10157,0%,no,no,5,0%,1771005658,1786299872,Average 10157 external links per source page across machine-generated URLs (100% of linking pages).
mp3fresh.net,https://www.performancelab.com/blogs/wellness (+3 more),testolabpro.com (+3 more),DISAVOW,Link Farm / Outbound-Link Bloat,High,5,4,4,40%,"P2 - Follow links, low volume",5,0%,40%,0,0,10157,0%,no,no,4,0%,1771105564,1787492974,Average 10157 external links per source page across machine-generated URLs (100% of linking pages).
dgsac.com.pe,https://www.performancelab.com/blogs/wellness/do-testosterone-boosters-work?srsltid=AfmBOoqckQrC-yzsnFSlde5SVksy-xPd7Dn6YJEFJ83DhhrwqFV6FnL4 (+4 more),🍪 TELEGRAM @SALESOVEN | ACCESS TO HACKED SITES FOR SEO | HTTPS://T.ME/SALESOVEN 🔥,DISAVOW,Hacked Site / Injected Link-Vendor Spam,High,5,4,1,100%,P3 - Nofollow only (no equity passed),0,0%,0%,0,0,3010,100%,no,no,5,0%,1772138550,1776366894,"Anchor carries a link-vendor advertisement — the placement is an intrusion on a compromised host, not an editorial link."
domain.com.lc,https://www.performancelab.com/blogs/wellness (+3 more),testolabpro.com (+2 more),DISAVOW,Link Farm / Outbound-Link Bloat,High,5,4,3,40%,"P2 - Follow links, low volume",5,0%,0%,0,0,10159,0%,no,no,4,0%,1772177975,1787191517,Average 10159 external links per source page across machine-generated URLs (100% of linking pages).
ecommercebenchmarking.com,https://www.performancelab.com/collections/all-products (+3 more),nutropic.com (+3 more),DISAVOW,Link Farm / Outbound-Link Bloat,High,5,5,4,40%,"P2 - Follow links, low volume",5,0%,20%,0,0,10159,0%,no,no,4,0%,1773528139,1774112624,Average 10159 external links per source page across machine-generated URLs (100% of linking pages).
dsspkjk.blogspot.com,https://performancelab.com/,performancelab.com,DISAVOW,Free-Host Blog Serving a Link Dump,High,4,4,1,100%,P3 - Nofollow only (no equity passed),0,0%,100%,0,34,13513,100%,no,no,1,75%,1773909053,2026-08-22,"Averages 13,513 outbound links per page on a free blog host — a scraped or compromised template, not a publisher."
uba.ar,https://www.performancelab.com/blogs/fitness/female-muscle-growth?srsltid=AfmBOoq4GgQwMzAoqeJOHasb6zEizDTMSasQjEDAp48SkoqYZmHkPQYE (+3 more),TG @LINKS_DEALER | EFFECTIVE SEO LINKS FOR WWW.PERFORMANCELAB.COM (+1 more),DISAVOW,Hacked Site / Injected Link-Vendor Spam,High,4,4,2,75%,P3 - Nofollow only (no equity passed),0,0%,75%,16,16,3008,100%,no,no,4,0%,2025-12-30,2026-06-07,"Anchor carries a link-vendor advertisement — the placement is an intrusion on a compromised host, not an editorial link."
wwwhollywoodk.blogspot.com,https://www.performancelab.com/collections/nutropic (+1 more),nutropic.com,DISAVOW,Free-Host Blog Serving a Link Dump,High,4,3,1,100%,P3 - Nofollow only (no equity passed),0,0%,0%,8,16,13511,100%,no,no,2,50%,1772631941,2026-08-19,"Averages 13,511 outbound links per page on a free blog host — a scraped or compromised template, not a publisher."
cecar.edu.co,https://www.performancelab.com/blogs/nutrition/taking-pre-workout-with-a-testosterone-booster?srsltid=AfmBOorLVvf0Q3UI19jfLkL_LV32fkA4JAzEL6W8owZqxTnj3C0t0CQa (+3 more),TG @LINKS_DEALER | EFFECTIVE SEO LINKS FOR WWW.PERFORMANCELAB.COM (+1 more),DISAVOW,Hacked Site / Injected Link-Vendor Spam,High,4,4,2,75%,P3 - Nofollow only (no equity passed),0,0%,75%,8,8,3562,100%,no,no,4,0%,2025-12-08,2026-08-03,"Anchor carries a link-vendor advertisement — the placement is an intrusion on a compromised host, not an editorial link."
blogkoo.com,https://www.performancelab.com/?a_aid=68990cbe508aa&a_bid=a2ad38c1,more info (+2 more),DISAVOW,Vendor Blog Network (Spun-Content PBN),High,4,4,3,50%,"P2 - Follow links, low volume",4,0%,0%,2,4,2,0%,no,yes,1,0%,1760648786,2026-08-07,Free-blog-host domain used exclusively by link vendors; 4 link(s) on throwaway auto-generated accounts.
sante.gov.mg,https://www.performancelab.com/blogs/nutrition/inositol-for-men?srsltid=AfmBOoo0JXySU0kKx7wt1yWUn9LPxzBJNdN5CtiVUtVDmDaDF4BC8kxW (+3 more),TG @LINKS_DEALER | EFFECTIVE SEO LINKS FOR WWW.PERFORMANCELAB.COM (+1 more),DISAVOW,Hacked Site / Injected Link-Vendor Spam,High,4,4,2,75%,P3 - Nofollow only (no equity passed),0,0%,75%,4,4,3002,100%,no,no,4,0%,1764804869,2026-06-06,"Anchor carries a link-vendor advertisement — the placement is an intrusion on a compromised host, not an editorial link."
blogadvize.com,https://www.performancelab.com/?a_aid=68990cbe508aa&a_bid=a2ad38c1 (+1 more),immune support supplements (+3 more),DISAVOW,Vendor Blog Network (Spun-Content PBN),High,4,4,4,25%,"P2 - Follow links, low volume",4,0%,0%,0.5,4,4,0%,no,yes,2,0%,1772854493,2026-08-12,Free-blog-host domain used exclusively by link vendors; 4 link(s) on throwaway auto-generated accounts.
azzablog.com,https://www.performancelab.com/collections/all-products (+1 more),here (+3 more),DISAVOW,Throwaway Auto-Generated Host,High,4,4,4,25%,"P2 - Follow links, low volume",4,0%,0%,0.5,2,2,0%,no,yes,2,0%,1757251777,1770943737,Randomly generated account subdomain — disposable link-vendor infrastructure.
total-blog.com,https://www.performancelab.com/?a_aid=68990cbe508aa&a_bid=a2ad38c1 (+1 more),Nutropic ingredients and benefits (+3 more),DISAVOW,Throwaway Auto-Generated Host,High,4,4,4,25%,"P2 - Follow links, low volume",4,0%,0%,0,0,2,0%,no,yes,2,0%,1760946469,1786632826,Randomly generated account subdomain — disposable link-vendor infrastructure.
uzblog.net,https://www.performancelab.com/?a_aid=68990cbe508aa&a_bid=a2ad38c1 (+1 more),click here (+2 more),DISAVOW,Throwaway Auto-Generated Host,High,4,4,3,50%,"P2 - Follow links, low volume",4,0%,0%,1,2,2,0%,no,yes,2,0%,1761229202,1787180246,Randomly generated account subdomain — disposable link-vendor infrastructure.
tusblogos.com,https://www.performancelab.com/?a_aid=68990cbe508aa&a_bid=a2ad38c1,premium supplements (+3 more),DISAVOW,Throwaway Auto-Generated Host,High,4,4,4,25%,"P2 - Follow links, low volume",4,0%,0%,1,1,4,0%,no,yes,1,0%,1763892861,1787586589,Randomly generated account subdomain — disposable link-vendor infrastructure.
glifeblog.com,https://www.performancelab.com/?a_aid=68990cbe508aa&a_bid=a2ad38c1,get more info (+2 more),DISAVOW,Throwaway Auto-Generated Host,High,4,4,3,50%,"P2 - Follow links, low volume",4,0%,0%,0,0,4,0%,no,yes,1,0%,1764023799,1785359247,Randomly generated account subdomain — disposable link-vendor infrastructure.
digitalatto.io,https://www.performancelab.com/blogs/nutrition/taking-pre-workout-with-a-testosterone-booster?srsltid=AfmBOorJ-W3OdhX5c83g1BefimSTRNMs0_-zeHWKmvMBn1Tn-qDpgwVK (+3 more),TG @LINKS_DEALER | EFFECTIVE SEO LINKS FOR WWW.PERFORMANCELAB.COM (+1 more),DISAVOW,Hacked Site / Injected Link-Vendor Spam,High,4,4,2,75%,P3 - Nofollow only (no equity passed),0,0%,75%,0,1,3011,100%,no,no,4,0%,1764026003,1775044115,"Anchor carries a link-vendor advertisement — the placement is an intrusion on a compromised host, not an editorial link."
ambien-blog.com,https://www.performancelab.com/?a_aid=68990cbe508aa&a_bid=a2ad38c1,more info (+2 more),DISAVOW,Throwaway Auto-Generated Host,High,4,4,3,50%,"P2 - Follow links, low volume",4,0%,0%,0,0,4,0%,no,yes,1,0%,1764063892,1787298283,Randomly generated account subdomain — disposable link-vendor infrastructure.
win-blog.com,https://www.performancelab.com/?a_aid=68990cbe508aa&a_bid=a2ad38c1,here (+2 more),DISAVOW,Vendor Blog Network (Spun-Content PBN),High,4,4,3,50%,"P2 - Follow links, low volume",4,0%,0%,0,0,4,0%,no,yes,1,0%,1764065931,1787512961,Free-blog-host domain used exclusively by link vendors; 4 link(s) on throwaway auto-generated accounts.
presale-vancouver.ca,https://www.performancelab.com/blogs/nutrition/taking-pre-workout-with-a-testosterone-booster?srsltid=AfmBOorJ-W3OdhX5c83g1BefimSTRNMs0_-zeHWKmvMBn1Tn-qDpgwVK (+3 more),TG @LINKS_DEALER | EFFECTIVE SEO LINKS FOR WWW.PERFORMANCELAB.COM (+1 more),DISAVOW,Hacked Site / Injected Link-Vendor Spam,High,4,4,2,75%,P3 - Nofollow only (no equity passed),0,0%,75%,0,0,3004,100%,no,no,4,0%,1764266020,1787343036,"Anchor carries a link-vendor advertisement — the placement is an intrusion on a compromised host, not an editorial link."
estate-blog.com,https://www.performancelab.com/?a_aid=68990cbe508aa&a_bid=a2ad38c1,read more (+3 more),DISAVOW,Throwaway Auto-Generated Host,High,4,4,4,25%,"P2 - Follow links, low volume",4,0%,0%,0,0,4,0%,no,yes,1,0%,1764412197,1786674510,Randomly generated account subdomain — disposable link-vendor infrastructure.
violationfunding.com,https://www.performancelab.com/blogs/nutrition/inositol-for-men?srsltid=AfmBOoq2MZr0V3D343YVq9XD2Zu1NP1czTLKuLv5ng5UnuqmgFTGje_x (+3 more),TG @LINKS_DEALER | EFFECTIVE SEO LINKS FOR WWW.PERFORMANCELAB.COM (+1 more),DISAVOW,Hacked Site / Injected Link-Vendor Spam,High,4,4,2,75%,"P2 - Follow links, low volume",4,0%,75%,0,0,3001,0%,no,no,4,0%,1764481894,1786465940,"Anchor carries a link-vendor advertisement — the placement is an intrusion on a compromised host, not an editorial link."
fusioncreations.co.uk,https://www.performancelab.com/blogs/nutrition/inositol-for-men?srsltid=AfmBOoo0JXySU0kKx7wt1yWUn9LPxzBJNdN5CtiVUtVDmDaDF4BC8kxW (+2 more),TG @LINKS_DEALER | EFFECTIVE SEO LINKS FOR WWW.PERFORMANCELAB.COM,DISAVOW,Hacked Site / Injected Link-Vendor Spam,High,4,4,1,100%,P3 - Nofollow only (no equity passed),0,0%,100%,0,0,3003,100%,no,no,3,0%,1764535238,1783081385,"Anchor carries a link-vendor advertisement — the placement is an intrusion on a compromised host, not an editorial link."
icylv5.azurewebsites.net,https://www.performancelab.com/blogs/nutrition/inositol-for-men?srsltid=AfmBOoq2MZr0V3D343YVq9XD2Zu1NP1czTLKuLv5ng5UnuqmgFTGje_x (+3 more),TG @LINKS_DEALER | EFFECTIVE SEO LINKS FOR WWW.PERFORMANCELAB.COM (+1 more),DISAVOW,Hacked Site / Injected Link-Vendor Spam,High,4,4,2,75%,P3 - Nofollow only (no equity passed),0,0%,75%,0,0,3018,100%,no,no,4,0%,1765908127,1785790687,"Anchor carries a link-vendor advertisement — the placement is an intrusion on a compromised host, not an editorial link."
lakefrontmarine.ca,https://www.performancelab.com/blogs/nutrition/inositol-for-men?srsltid=AfmBOoo0JXySU0kKx7wt1yWUn9LPxzBJNdN5CtiVUtVDmDaDF4BC8kxW (+3 more),TG @LINKS_DEALER | EFFECTIVE SEO LINKS FOR WWW.PERFORMANCELAB.COM (+1 more),DISAVOW,Hacked Site / Injected Link-Vendor Spam,High,4,4,2,75%,P3 - Nofollow only (no equity passed),0,0%,75%,2.5,3,3004,100%,no,no,4,0%,1766167907,1787170062,"Anchor carries a link-vendor advertisement — the placement is an intrusion on a compromised host, not an editorial link."
stablegeeksstaffing.com,https://www.performancelab.com/blogs/nutrition/taking-pre-workout-with-a-testosterone-booster?srsltid=AfmBOorJ-W3OdhX5c83g1BefimSTRNMs0_-zeHWKmvMBn1Tn-qDpgwVK (+3 more),TG @LINKS_DEALER | EFFECTIVE SEO LINKS FOR WWW.PERFORMANCELAB.COM (+1 more),DISAVOW,Hacked Site / Injected Link-Vendor Spam,High,4,4,2,75%,P3 - Nofollow only (no equity passed),0,0%,75%,0,0,3001,100%,no,no,4,0%,1767110674,1786914152,"Anchor carries a link-vendor advertisement — the placement is an intrusion on a compromised host, not an editorial link."
websitesea.com,https://www.performancelab.com/blogs/wellness (+3 more),testolabpro.com (+3 more),DISAVOW,Link Farm / Outbound-Link Bloat,High,4,4,4,25%,"P2 - Follow links, low volume",4,0%,25%,0,0,9001,0%,no,no,4,0%,1767170076,1777209533,Average 9001 external links per source page across machine-generated URLs (100% of linking pages).
allwebsitesdirectory.com,https://performancelab.com/ (+3 more),performancelab.com (+3 more),DISAVOW,Link Farm / Outbound-Link Bloat,High,4,4,4,25%,"P2 - Follow links, low volume",4,0%,25%,0,0,10158,0%,no,no,4,0%,1767857304,1787045471,Average 10158 external links per source page across machine-generated URLs (100% of linking pages).
samikshaharmony.com,https://www.performancelab.com/blogs/nutrition/taking-pre-workout-with-a-testosterone-booster?srsltid=AfmBOorLVvf0Q3UI19jfLkL_LV32fkA4JAzEL6W8owZqxTnj3C0t0CQa (+3 more),TG @LINKS_DEALER | EFFECTIVE SEO LINKS FOR WWW.PERFORMANCELAB.COM (+1 more),DISAVOW,Hacked Site / Injected Link-Vendor Spam,High,4,4,2,75%,P3 - Nofollow only (no equity passed),0,0%,75%,0,0,3010,100%,no,no,4,0%,1768764774,1784562647,"Anchor carries a link-vendor advertisement — the placement is an intrusion on a compromised host, not an editorial link."
blog5star.com,https://www.performancelab.com/?a_aid=68990cbe508aa&a_bid=a2ad38c1 (+1 more),check here (+2 more),DISAVOW,Throwaway Auto-Generated Host,High,4,4,3,50%,"P2 - Follow links, low volume",4,0%,0%,0,1,4,0%,no,yes,2,0%,1769083264,1786821877,Randomly generated account subdomain — disposable link-vendor infrastructure.
911auto.it,https://www.performancelab.com/blogs/nutrition/inositol-for-men?srsltid=AfmBOoo0JXySU0kKx7wt1yWUn9LPxzBJNdN5CtiVUtVDmDaDF4BC8kxW (+3 more),TG @LINKS_DEALER | EFFECTIVE SEO LINKS FOR WWW.PERFORMANCELAB.COM (+1 more),DISAVOW,Hacked Site / Injected Link-Vendor Spam,High,4,4,2,75%,P3 - Nofollow only (no equity passed),0,0%,75%,1,1,3007,100%,no,no,4,0%,1769166453,1787531057,"Anchor carries a link-vendor advertisement — the placement is an intrusion on a compromised host, not an editorial link."
blogofchange.com,https://www.performancelab.com/?a_aid=68990cbe508aa&a_bid=a2ad38c1,get more info (+3 more),DISAVOW,Throwaway Auto-Generated Host,High,4,4,4,25%,"P2 - Follow links, low volume",4,0%,0%,0,1,4,0%,no,yes,1,0%,1770520503,1787486452,Randomly generated account subdomain — disposable link-vendor infrastructure.
webworthchecker.cv,https://www.performancelab.com/blogs/wellness (+2 more),testolabpro.com (+2 more),DISAVOW,Link Farm / Outbound-Link Bloat,High,4,3,3,50%,"P2 - Follow links, low volume",4,0%,50%,0,0,10157,0%,no,no,3,0%,1770531266,1787524379,Average 10157 external links per source page across machine-generated URLs (100% of linking pages).
linksnatcher.art,https://www.performancelab.com/ (+1 more),dtcx.com (+1 more),DISAVOW,Link Farm / Outbound-Link Bloat,High,4,4,2,75%,"P2 - Follow links, low volume",4,0%,0%,0,0,10158,0%,no,no,2,0%,1770741232,1786655080,Average 10158 external links per source page across machine-generated URLs (100% of linking pages).
homefinance.co.in,https://www.performancelab.com/ (+2 more),performancelab.com (+3 more),DISAVOW,Link Farm / Outbound-Link Bloat,High,4,3,4,25%,"P2 - Follow links, low volume",4,0%,50%,0,0,10158,0%,no,no,3,0%,1770853261,1787406730,Average 10158 external links per source page across machine-generated URLs (100% of linking pages).
verybigblog.com,https://www.performancelab.com/?a_aid=68990cbe508aa&a_bid=a2ad38c1 (+1 more),read more (+3 more),DISAVOW,Throwaway Auto-Generated Host,High,4,4,4,25%,"P2 - Follow links, low volume",4,0%,0%,0,1,4,0%,no,yes,2,0%,1771469143,1787472424,Randomly generated account subdomain — disposable link-vendor infrastructure.
analyticshaven.top,https://www.performancelab.com/blogs/wellness (+2 more),testolabpro.com (+2 more),DISAVOW,Link Farm / Outbound-Link Bloat,High,4,4,3,50%,P3 - Nofollow only (no equity passed),0,0%,25%,0,0,3500,100%,no,no,3,0%,1771759883,1784611420,Average 3500 external links per source page across machine-generated URLs (100% of linking pages).
lukang-audio.com,https://www.performancelab.com/blogs/nutrition/taking-pre-workout-with-a-testosterone-booster?srsltid=AfmBOoo3ve1-ArFrDWwqHceT5BCyoLb82TUB2TpyHTGw1gAHgjXVbfau (+3 more),🍪 TELEGRAM @SALESOVEN | ACCESS TO HACKED SITES FOR SEO | HTTPS://T.ME/SALESOVEN 🔥,DISAVOW,Hacked Site / Injected Link-Vendor Spam,High,4,4,1,100%,P3 - Nofollow only (no equity passed),0,0%,0%,0,1,3002,100%,no,no,4,0%,1771842665,1776656555,"Anchor carries a link-vendor advertisement — the placement is an intrusion on a compromised host, not an editorial link."
websitescrawl.com,https://www.performancelab.com/collections/nutropic (+3 more),nutropic.com (+3 more),DISAVOW,Link Farm / Outbound-Link Bloat,High,4,4,4,25%,P3 - Nofollow only (no equity passed),0,0%,25%,0,0,1000,100%,no,no,4,0%,1771858247,1779517465,Average 1000 external links per source page across 4 machine-generated linking page(s).
hormigoneracavalsa.com.ar,https://www.performancelab.com/blogs/wellness/do-testosterone-boosters-work?srsltid=AfmBOoqckQrC-yzsnFSlde5SVksy-xPd7Dn6YJEFJ83DhhrwqFV6FnL4 (+3 more),🍪 TELEGRAM @SALESOVEN | ACCESS TO HACKED SITES FOR SEO | HTTPS://T.ME/SALESOVEN 🔥,DISAVOW,Hacked Site / Injected Link-Vendor Spam,High,4,3,1,100%,P3 - Nofollow only (no equity passed),0,0%,0%,0,0,3004,100%,no,no,4,0%,1772294546,1780539033,"Anchor carries a link-vendor advertisement — the placement is an intrusion on a compromised host, not an editorial link."
blog5.net,https://www.performancelab.com/?a_aid=68990cbe508aa&a_bid=a2ad38c1 (+1 more),energy supplements (+3 more),DISAVOW,Throwaway Auto-Generated Host,High,4,4,4,25%,"P2 - Follow links, low volume",4,0%,0%,0,0,2,0%,no,yes,2,0%,1772522821,1786671032,Randomly generated account subdomain — disposable link-vendor infrastructure.
joyrney.com,https://www.performancelab.com/blogs/nutrition/vitamin-a-for-men (+2 more),🍪 TELEGRAM @SALESOVEN | ACCESS TO HACKED SITES FOR SEO | HTTPS://T.ME/SALESOVEN 🔥,DISAVOW,Hacked Site / Injected Link-Vendor Spam,High,4,4,1,100%,P3 - Nofollow only (no equity passed),0,0%,0%,0,0,16187,100%,no,no,3,0%,1773235665,1777937670,"Anchor carries a link-vendor advertisement — the placement is an intrusion on a compromised host, not an editorial link."
screenshots.wiki,https://performancelab.com/ (+2 more),nutropic.com (+1 more),DISAVOW,Link Farm / Outbound-Link Bloat,High,4,3,2,50%,P3 - Nofollow only (no equity passed),0,0%,50%,0,0,3500,100%,no,no,3,0%,,,Average 3500 external links per source page across machine-generated URLs (100% of linking pages).
bligblogging.com,https://www.performancelab.com/?a_aid=68990cbe508aa&a_bid=a2ad38c1,check here (+2 more),DISAVOW,Vendor Blog Network (Spun-Content PBN),High,3,3,3,33%,"P2 - Follow links, low volume",3,0%,0%,15,20,4,0%,no,yes,1,0%,2026-08-14,2026-08-22,Free-blog-host domain used exclusively by link vendors; 3 link(s) on throwaway auto-generated accounts.
global-ranks.pages.dev,https://performancelab.com/ (+2 more),performancelab.com (+2 more),DISAVOW,Free-Host Blog Serving a Link Dump,High,3,3,3,33%,P3 - Nofollow only (no equity passed),0,0%,67%,0,0,10003,100%,no,no,3,0%,1742619675,1784146925,"Averages 10,003 outbound links per page on a free blog host — a scraped or compromised template, not a publisher."
algolinkers.com,https://www.performancelab.com/collections/all-products (+2 more),nutropic.com (+1 more),DISAVOW,Link Farm / Outbound-Link Bloat,High,3,2,2,67%,P3 - Nofollow only (no equity passed),0,0%,33%,0,0,1000,100%,no,no,3,0%,1749838346,1783595623,Average 1000 external links per source page across 2 machine-generated linking page(s).
mybuzzblog.com,https://www.performancelab.com/?a_aid=68990cbe508aa&a_bid=a2ad38c1,daily multivitamin (+1 more),DISAVOW,Vendor Blog Network (Spun-Content PBN),High,3,3,2,67%,"P2 - Follow links, low volume",3,0%,0%,0,0,4,0%,no,yes,1,0%,1762880812,1785594808,Free-blog-host domain used exclusively by link vendors; 3 link(s) on throwaway auto-generated accounts.
blogacep.com,https://www.performancelab.com/?a_aid=68990cbe508aa&a_bid=a2ad38c1,website (+2 more),DISAVOW,Throwaway Auto-Generated Host,High,3,3,3,33%,"P2 - Follow links, low volume",3,0%,0%,0,0,4,0%,no,yes,1,0%,1764502241,1786012893,Randomly generated account subdomain — disposable link-vendor infrastructure.
technewsmail.com,https://www.performancelab.com/blogs/nutrition/taking-pre-workout-with-a-testosterone-booster?srsltid=AfmBOorJ-W3OdhX5c83g1BefimSTRNMs0_-zeHWKmvMBn1Tn-qDpgwVK (+2 more),TG @LINKS_DEALER | EFFECTIVE SEO LINKS FOR WWW.PERFORMANCELAB.COM (+1 more),DISAVOW,Hacked Site / Injected Link-Vendor Spam,High,3,3,2,67%,P3 - Nofollow only (no equity passed),0,0%,67%,0,0,3001,100%,no,no,3,0%,1764502865,1777851039,"Anchor carries a link-vendor advertisement — the placement is an intrusion on a compromised host, not an editorial link."
bloggerbags.com,https://www.performancelab.com/?a_aid=68990cbe508aa&a_bid=a2ad38c1,here (+2 more),DISAVOW,Vendor Blog Network (Spun-Content PBN),High,3,3,3,33%,"P2 - Follow links, low volume",3,0%,0%,0,0,4,0%,no,yes,1,0%,1764527713,1787513547,Free-blog-host domain used exclusively by link vendors; 3 link(s) on throwaway auto-generated accounts.
docarnettefoundation.org,https://www.performancelab.com/blogs/nutrition/taking-pre-workout-with-a-testosterone-booster?srsltid=AfmBOorJ-W3OdhX5c83g1BefimSTRNMs0_-zeHWKmvMBn1Tn-qDpgwVK (+2 more),TG @LINKS_DEALER | EFFECTIVE SEO LINKS FOR WWW.PERFORMANCELAB.COM,DISAVOW,Hacked Site / Injected Link-Vendor Spam,High,3,3,1,100%,P3 - Nofollow only (no equity passed),0,0%,100%,0,0,3004,100%,no,no,3,0%,1764620679,1773736625,"Anchor carries a link-vendor advertisement — the placement is an intrusion on a compromised host, not an editorial link."
qualitypoint.com.do,https://www.performancelab.com/blogs/nutrition/inositol-for-men?srsltid=AfmBOoo0JXySU0kKx7wt1yWUn9LPxzBJNdN5CtiVUtVDmDaDF4BC8kxW (+2 more),TG @LINKS_DEALER | EFFECTIVE SEO LINKS FOR WWW.PERFORMANCELAB.COM,DISAVOW,Hacked Site / Injected Link-Vendor Spam,High,3,3,1,100%,P3 - Nofollow only (no equity passed),0,0%,100%,0,0,3009,100%,no,no,3,0%,1764843899,1780240626,"Anchor carries a link-vendor advertisement — the placement is an intrusion on a compromised host, not an editorial link."
proplayersports.com,https://www.performancelab.com/blogs/nutrition/inositol-for-men?srsltid=AfmBOoo0JXySU0kKx7wt1yWUn9LPxzBJNdN5CtiVUtVDmDaDF4BC8kxW (+2 more),TG @LINKS_DEALER | EFFECTIVE SEO LINKS FOR WWW.PERFORMANCELAB.COM,DISAVOW,Hacked Site / Injected Link-Vendor Spam,High,3,3,1,100%,P3 - Nofollow only (no equity passed),0,0%,100%,0,0,3031,100%,no,yes,3,33%,1764923249,1785119820,"Anchor carries a link-vendor advertisement — the placement is an intrusion on a compromised host, not an editorial link."
vilagrad.com,https://www.performancelab.com/blogs/nutrition/inositol-for-men?srsltid=AfmBOoq2MZr0V3D343YVq9XD2Zu1NP1czTLKuLv5ng5UnuqmgFTGje_x (+2 more),TG @LINKS_DEALER | EFFECTIVE SEO LINKS FOR WWW.PERFORMANCELAB.COM,DISAVOW,Hacked Site / Injected Link-Vendor Spam,High,3,3,1,100%,P3 - Nofollow only (no equity passed),0,0%,100%,1,2,3005,100%,no,no,3,0%,1765194679,1783700054,"Anchor carries a link-vendor advertisement — the placement is an intrusion on a compromised host, not an editorial link."
smartparentresources.org,https://www.performancelab.com/blogs/nutrition/inositol-for-men?srsltid=AfmBOoq2MZr0V3D343YVq9XD2Zu1NP1czTLKuLv5ng5UnuqmgFTGje_x (+2 more),TG @LINKS_DEALER | EFFECTIVE SEO LINKS FOR WWW.PERFORMANCELAB.COM (+1 more),DISAVOW,Hacked Site / Injected Link-Vendor Spam,High,3,3,2,67%,P3 - Nofollow only (no equity passed),0,0%,67%,0,0,3005,100%,no,no,3,0%,1765203349,1771142469,"Anchor carries a link-vendor advertisement — the placement is an intrusion on a compromised host, not an editorial link."
modernatucasa.com,https://www.performancelab.com/blogs/nutrition/taking-pre-workout-with-a-testosterone-booster?srsltid=AfmBOorJ-W3OdhX5c83g1BefimSTRNMs0_-zeHWKmvMBn1Tn-qDpgwVK (+2 more),TG @LINKS_DEALER | EFFECTIVE SEO LINKS FOR WWW.PERFORMANCELAB.COM,DISAVOW,Hacked Site / Injected Link-Vendor Spam,High,3,3,1,100%,P3 - Nofollow only (no equity passed),0,0%,100%,0,0,3001,100%,no,no,3,0%,1767258205,1783704336,"Anchor carries a link-vendor advertisement — the placement is an intrusion on a compromised host, not an editorial link."
equipetrol.com.ec,https://www.performancelab.com/blogs/fitness/female-muscle-growth?srsltid=AfmBOoq4GgQwMzAoqeJOHasb6zEizDTMSasQjEDAp48SkoqYZmHkPQYE,"@SEO_CARTEL IN TELEGRAM - SEO BACKLINKS, BULK LINK POSTING, BOOST SEO RANKING",DISAVOW,Hacked Site / Injected Link-Vendor Spam,High,3,3,1,100%,P3 - Nofollow only (no equity passed),0,0%,0%,0,0,27540,100%,no,no,1,0%,1768280721,1783182019,"Anchor carries a link-vendor advertisement — the placement is an intrusion on a compromised host, not an editorial link."
quero.party,https://performancelab.com/ (+2 more),performancelab.com (+2 more),DISAVOW,Link Farm / Outbound-Link Bloat,High,3,3,3,33%,P3 - Nofollow only (no equity passed),0,0%,33%,0,0,3500,100%,no,no,3,0%,1769742867,1783902857,Average 3500 external links per source page across machine-generated URLs (100% of linking pages).
sk-its.ru,https://mis.performancelab.com/assets/images/ieh0de/index.php?topic1304 (+2 more),upjkh (+2 more),DISAVOW,Hacked Site / Injected Link-Vendor Spam,High,3,3,3,33%,"P2 - Follow links, low volume",3,0%,0%,0,0,10,0%,no,no,3,0%,1770151478,1770180196,"Anchor carries a link-vendor advertisement — the placement is an intrusion on a compromised host, not an editorial link."
corrector.in,https://www.performancelab.com/blogs/wellness (+1 more),testolabpro.com (+1 more),DISAVOW,Link Farm / Outbound-Link Bloat,High,3,3,2,67%,"P2 - Follow links, low volume",3,0%,0%,0,0,10158,0%,no,no,2,0%,1770417104,1773428490,Average 10158 external links per source page across machine-generated URLs (100% of linking pages).
carplz.com,https://www.performancelab.com/ (+1 more),performancelabs.com (+2 more),DISAVOW,Link Farm / Outbound-Link Bloat,High,3,2,3,33%,"P2 - Follow links, low volume",3,0%,67%,0,0,10158,0%,no,no,2,0%,1770781968,1784274614,Average 10158 external links per source page across machine-generated URLs (100% of linking pages).
youtoo.in,https://www.performancelab.com/ (+1 more),performancelab.com (+2 more),DISAVOW,Link Farm / Outbound-Link Bloat,High,3,2,3,33%,"P2 - Follow links, low volume",3,0%,67%,0,0,10158,0%,no,no,2,0%,1770924073,1784975158,Average 10158 external links per source page across machine-generated URLs (100% of linking pages).
procycling.org,https://www.performancelab.com/ (+1 more),dtcx.com (+2 more),DISAVOW,Link Farm / Outbound-Link Bloat,High,3,2,3,33%,"P2 - Follow links, low volume",3,0%,67%,0,0,10158,0%,no,yes,2,0%,1771328517,1785844397,Average 10158 external links per source page across machine-generated URLs (100% of linking pages).
bye.fyi,https://www.performancelab.com/collections/nutropic (+2 more),nutropic.com (+2 more),DISAVOW,Link Farm / Outbound-Link Bloat,High,3,3,3,33%,P3 - Nofollow only (no equity passed),0,0%,33%,0,0,3500,100%,no,no,3,0%,1771903465,1784142227,Average 3500 external links per source page across machine-generated URLs (100% of linking pages).
tyre.pro,https://www.performancelab.com/blogs/wellness (+2 more),testolabpro.com (+2 more),DISAVOW,Link Farm / Outbound-Link Bloat,High,3,2,3,33%,"P2 - Follow links, low volume",3,0%,67%,0,0,10157,0%,no,no,3,0%,1771918059,1786901677,Average 10157 external links per source page across machine-generated URLs (100% of linking pages).
automaned.com,https://www.performancelab.com/blogs/wellness/are-testosterone-boosters-safe?srsltid=AfmBOoqbIxc_ipqUteJPFtDqMsxQF0Ksgr9Y08kS18EGmHEQ8O8SQwJv (+2 more),🍪 TELEGRAM @SALESOVEN | ACCESS TO HACKED SITES FOR SEO | HTTPS://T.ME/SALESOVEN 🔥,DISAVOW,Hacked Site / Injected Link-Vendor Spam,High,3,3,1,100%,P3 - Nofollow only (no equity passed),0,0%,0%,0,0,3006,100%,no,no,3,0%,1771926548,1779218091,"Anchor carries a link-vendor advertisement — the placement is an intrusion on a compromised host, not an editorial link."
bnksp.org,https://www.performancelab.com/blogs/nutrition/vitamin-a-for-men (+2 more),🍪 TELEGRAM @SALESOVEN | ACCESS TO HACKED SITES FOR SEO | HTTPS://T.ME/SALESOVEN 🔥,DISAVOW,Hacked Site / Injected Link-Vendor Spam,High,3,2,1,100%,P3 - Nofollow only (no equity passed),0,0%,0%,0,0,24164,100%,no,no,3,0%,1772030287,1772131341,"Anchor carries a link-vendor advertisement — the placement is an intrusion on a compromised host, not an editorial link."
imagingtrade.com.np,https://www.performancelab.com/blogs/wellness/do-testosterone-boosters-work?srsltid=AfmBOoqckQrC-yzsnFSlde5SVksy-xPd7Dn6YJEFJ83DhhrwqFV6FnL4 (+2 more),🍪 TELEGRAM @SALESOVEN | ACCESS TO HACKED SITES FOR SEO | HTTPS://T.ME/SALESOVEN 🔥,DISAVOW,Hacked Site / Injected Link-Vendor Spam,High,3,2,1,100%,P3 - Nofollow only (no equity passed),0,0%,0%,0,0,3009,100%,no,yes,3,0%,1772146267,1772152744,"Anchor carries a link-vendor advertisement — the placement is an intrusion on a compromised host, not an editorial link."
vivaesthetique.com,https://www.performancelab.com/blogs/nutrition/taking-pre-workout-with-a-testosterone-booster?srsltid=AfmBOoo3ve1-ArFrDWwqHceT5BCyoLb82TUB2TpyHTGw1gAHgjXVbfau (+2 more),🍪 TELEGRAM @SALESOVEN | ACCESS TO HACKED SITES FOR SEO | HTTPS://T.ME/SALESOVEN 🔥,DISAVOW,Hacked Site / Injected Link-Vendor Spam,High,3,3,1,100%,P3 - Nofollow only (no equity passed),0,0%,0%,0,0,3006,100%,no,no,3,0%,1772658923,1786845480,"Anchor carries a link-vendor advertisement — the placement is an intrusion on a compromised host, not an editorial link."
nanochem.com.vn,https://www.performancelab.com/blogs/wellness/do-testosterone-boosters-work?srsltid=AfmBOoqckQrC-yzsnFSlde5SVksy-xPd7Dn6YJEFJ83DhhrwqFV6FnL4 (+2 more),🍪 TELEGRAM @SALESOVEN | ACCESS TO HACKED SITES FOR SEO | HTTPS://T.ME/SALESOVEN 🔥,DISAVOW,Hacked Site / Injected Link-Vendor Spam,High,3,2,1,100%,P3 - Nofollow only (no equity passed),0,0%,0%,0,0,3002,100%,no,no,3,0%,1772711565,1781874523,"Anchor carries a link-vendor advertisement — the placement is an intrusion on a compromised host, not an editorial link."
targetblogs.com,https://www.performancelab.com/?a_aid=68990cbe508aa&a_bid=a2ad38c1 (+1 more),check here (+1 more),DISAVOW,Throwaway Auto-Generated Host,High,3,3,2,67%,"P2 - Follow links, low volume",3,0%,0%,0,0,4,0%,no,yes,2,0%,1773225331,1787532048,Randomly generated account subdomain — disposable link-vendor infrastructure.
olimposs.com,https://www.performancelab.com/blogs/fitness/female-muscle-growth?srsltid=AfmBOoqeIsAvs0V9Ft9AmUddPHop-zVnDSFczBicd569bVlP5l-6Mr1Z (+2 more),🍪 TELEGRAM @SALESOVEN | ACCESS TO HACKED SITES FOR SEO | HTTPS://T.ME/SALESOVEN 🔥,DISAVOW,Hacked Site / Injected Link-Vendor Spam,High,3,3,1,100%,P3 - Nofollow only (no equity passed),0,0%,0%,0,0,3005,100%,no,no,3,0%,1773664627,1776859313,"Anchor carries a link-vendor advertisement — the placement is an intrusion on a compromised host, not an editorial link."
a1housingservicesltd.co.uk,https://www.performancelab.com/blogs/nutrition/taking-pre-workout-with-a-testosterone-booster?srsltid=AfmBOorZwL-I5qIa8ZE9Jz3ETKSjLmBWagQF5F54ApTMqXVSs2oh1scC,TG @LINKS_DEALER | EFFECTIVE SEO LINKS FOR WWW.PERFORMANCELAB.COM,DISAVOW,Hacked Site / Injected Link-Vendor Spam,High,3,3,1,100%,P3 - Nofollow only (no equity passed),0,0%,100%,0,0,27808,100%,no,no,1,0%,,,"Anchor carries a link-vendor advertisement — the placement is an intrusion on a compromised host, not an editorial link."
pkbtembnm.blogspot.com,https://www.performancelab.com/collections/nutropic (+1 more),nutropic.com,DISAVOW,Free-Host Blog Serving a Link Dump,High,2,1,1,100%,P3 - Nofollow only (no equity passed),0,0%,0%,43,43,14509,100%,no,no,2,0%,2026-01-20,2026-03-13,"Averages 14,509 outbound links per page on a free blog host — a scraped or compromised template, not a publisher."
worldofgamingk.blogspot.com,https://www.performancelab.com/collections/nutropic (+1 more),nutropic.com,DISAVOW,Free-Host Blog Serving a Link Dump,High,2,1,1,100%,P3 - Nofollow only (no equity passed),0,0%,0%,16,16,13511,100%,no,no,2,0%,2026-03-04,2026-08-21,"Averages 13,511 outbound links per page on a free blog host — a scraped or compromised template, not a publisher."
webbys.pages.dev,https://performancelab.com/ (+1 more),performancelab.com (+1 more),DISAVOW,Free-Host Blog Serving a Link Dump,High,2,2,2,50%,P3 - Nofollow only (no equity passed),0,0%,100%,0,0,10002,100%,no,no,2,0%,1738747073,1787120230,"Averages 10,002 outbound links per page on a free blog host — a scraped or compromised template, not a publisher."
global-rank.pages.dev,https://performancelab.com/,performancelab.com,DISAVOW,Free-Host Blog Serving a Link Dump,High,2,2,1,100%,P3 - Nofollow only (no equity passed),0,0%,100%,0,0,9986,100%,no,no,1,0%,1743010002,1778963451,"Averages 9,986 outbound links per page on a free blog host — a scraped or compromised template, not a publisher."
toparticlesdirectory.com,https://performancelab.com/,performancelab,DISAVOW,Directory / Link-Scheme Spam Footprint,High,2,2,1,100%,"P2 - Follow links, low volume",2,0%,100%,0,0,1516,0%,no,no,1,0%,1745104709,1787624790,Domain name matches a link-scheme or paid-directory pattern.
lifesblog.com,http://performancelab.com/,performancelab.com,DISAVOW,Link Farm / Bare-Domain Listing,High,2,2,1,100%,P3 - Nofollow only (no equity passed),0,0%,100%,0,0,1000,100%,no,no,1,0%,1746656589,1786102674,"Average 1000 outbound links per page with bare-domain anchors on machine-generated URLs — a directory listing, not a citation."
phinin.com,http://performancelab.com/,performancelab.com,DISAVOW,Link Farm / Bare-Domain Listing,High,2,2,1,100%,P3 - Nofollow only (no equity passed),0,0%,100%,0,0,1000,100%,no,no,1,0%,1748242380,1786072940,"Average 1000 outbound links per page with bare-domain anchors on machine-generated URLs — a directory listing, not a citation."
flamingos.pages.dev,https://www.performancelab.com/ (+1 more),dtcx.com (+1 more),DISAVOW,Free-Host Blog Serving a Link Dump,High,2,2,2,50%,P3 - Nofollow only (no equity passed),0,0%,50%,0,0,10003,100%,no,no,2,0%,1750636574,1786799030,"Averages 10,003 outbound links per page on a free blog host — a scraped or compromised template, not a publisher."
sisgroup.lk,https://www.performancelab.com/ (+1 more),OUR TELEGRAM CHANEL https://t.me/s/quarterlinks25,DISAVOW,Hacked Site / Injected Link-Vendor Spam,High,2,2,1,100%,P3 - Nofollow only (no equity passed),0,0%,0%,0,0,506,100%,no,no,2,0%,1752389893,1774059262,"Anchor carries a link-vendor advertisement — the placement is an intrusion on a compromised host, not an editorial link."
qilins.pages.dev,https://performancelab.com/,performancelab.com,DISAVOW,Free-Host Blog Serving a Link Dump,High,2,2,1,100%,P3 - Nofollow only (no equity passed),0,0%,100%,0,0,9986,100%,no,no,1,0%,1753474303,1780121939,"Averages 9,986 outbound links per page on a free blog host — a scraped or compromised template, not a publisher."
bestweddingdirectory.com,http://performancelab.com/,performancelab.com,DISAVOW,Link Farm / Bare-Domain Listing,High,2,2,1,100%,P3 - Nofollow only (no equity passed),0,0%,100%,0,0,1000,100%,no,no,1,0%,1754125469,1780163386,"Average 1000 outbound links per page with bare-domain anchors on machine-generated URLs — a directory listing, not a citation."
rankvanceseo.info,https://www.performancelab.com/collections/all-products (+1 more),nutropic.com,DISAVOW,Link Farm / Outbound-Link Bloat,High,2,1,1,100%,"P2 - Follow links, low volume",2,0%,0%,0,0,2001,0%,no,no,2,0%,1757118785,1773661879,Average 2001 external links per source page across machine-generated URLs (100% of linking pages).
newdirectory.org,http://performancelab.com/,performancelab.com,DISAVOW,Link Farm / Bare-Domain Listing,High,2,2,1,100%,P3 - Nofollow only (no equity passed),0,0%,100%,0,0,1000,100%,no,no,1,0%,1758739832,1777337882,"Average 1000 outbound links per page with bare-domain anchors on machine-generated URLs — a directory listing, not a citation."
australianwebdirectory.info,http://performancelab.com/ (+1 more),performancelab.com (+1 more),DISAVOW,Link Farm / Outbound-Link Bloat,High,2,1,2,50%,P3 - Nofollow only (no equity passed),0,0%,50%,0,0,2100,100%,no,no,2,0%,1760227997,1786970000,Average 2100 external links per source page across machine-generated URLs (100% of linking pages).
listrecord.com,http://performancelab.com/,performancelab.com,DISAVOW,Link Farm / Bare-Domain Listing,High,2,2,1,100%,P3 - Nofollow only (no equity passed),0,0%,100%,0,0,1000,100%,no,no,1,0%,1760444500,1772070010,"Average 1000 outbound links per page with bare-domain anchors on machine-generated URLs — a directory listing, not a citation."
everythingonline.in,http://performancelab.com/,performancelab.com,DISAVOW,Link Farm / Bare-Domain Listing,High,2,2,1,100%,P3 - Nofollow only (no equity passed),0,0%,100%,0,0,1000,100%,no,no,1,0%,1760939240,1779201540,"Average 1000 outbound links per page with bare-domain anchors on machine-generated URLs — a directory listing, not a citation."
blogdon.net,https://www.performancelab.com/?a_aid=68990cbe508aa&a_bid=a2ad38c1,read more (+1 more),DISAVOW,Throwaway Auto-Generated Host,High,2,2,2,50%,"P2 - Follow links, low volume",2,0%,0%,0,0,2,0%,no,yes,1,0%,1762423979,1787545610,Randomly generated account subdomain — disposable link-vendor infrastructure.
bizlinkdirectory.com,https://www.performancelab.com/?a_aid=68990cbe508aa&a_bid=a2ad38c1,https://www.performancelab.com/?a_aid=68990cbe508aa&a_bid=a2ad38c1,DISAVOW,Directory / Link-Scheme Spam Footprint,High,2,2,1,100%,"P2 - Follow links, low volume",2,0%,100%,0,0,2,0%,no,yes,1,0%,1762992082,1787299224,Domain name matches a link-scheme or paid-directory pattern.
seozdirectory.com,https://www.performancelab.com/?a_aid=68990cbe508aa&a_bid=a2ad38c1,https://www.performancelab.com/?a_aid=68990cbe508aa&a_bid=a2ad38c1,DISAVOW,Directory / Link-Scheme Spam Footprint,High,2,2,1,100%,"P2 - Follow links, low volume",2,0%,100%,0,0,2,0%,no,yes,1,0%,1763050282,1784872716,Domain name matches a link-scheme or paid-directory pattern.
rbexcellentairportservicesinc.ca,https://www.performancelab.com/blogs/nutrition/taking-pre-workout-with-a-testosterone-booster?srsltid=AfmBOorJ-W3OdhX5c83g1BefimSTRNMs0_-zeHWKmvMBn1Tn-qDpgwVK (+1 more),TG @LINKS_DEALER | EFFECTIVE SEO LINKS FOR WWW.PERFORMANCELAB.COM,DISAVOW,Hacked Site / Injected Link-Vendor Spam,High,2,2,1,100%,P3 - Nofollow only (no equity passed),0,0%,100%,0,0,3002,100%,no,no,2,0%,1763964172,1787257199,"Anchor carries a link-vendor advertisement — the placement is an intrusion on a compromised host, not an editorial link."
directory4websites.com,http://performancelab.com/,performancelab.com,DISAVOW,Link Farm / Bare-Domain Listing,High,2,2,1,100%,P3 - Nofollow only (no equity passed),0,0%,100%,0,0,1000,100%,no,no,1,0%,1764136171,1772307348,"Average 1000 outbound links per page with bare-domain anchors on machine-generated URLs — a directory listing, not a citation."
iseodirectory.com,https://www.performancelab.com/?a_aid=68990cbe508aa&a_bid=a2ad38c1,https://www.performancelab.com/?a_aid=68990cbe508aa&a_bid=a2ad38c1,DISAVOW,Directory / Link-Scheme Spam Footprint,High,2,2,1,100%,"P2 - Follow links, low volume",2,0%,100%,0,0,2,0%,no,yes,1,0%,1764196350,1783122113,Domain name matches a link-scheme or paid-directory pattern.
weblogco.com,https://www.performancelab.com/?a_aid=68990cbe508aa&a_bid=a2ad38c1,multivitamin for women (+1 more),DISAVOW,Throwaway Auto-Generated Host,High,2,2,2,50%,"P2 - Follow links, low volume",2,0%,0%,0,0,4,0%,no,yes,1,0%,1764878681,1785028143,Randomly generated account subdomain — disposable link-vendor infrastructure.
zerowastemaldives.com,https://www.performancelab.com/blogs/nutrition/inositol-for-men?srsltid=AfmBOoo0JXySU0kKx7wt1yWUn9LPxzBJNdN5CtiVUtVDmDaDF4BC8kxW (+1 more),TG @LINKS_DEALER | EFFECTIVE SEO LINKS FOR WWW.PERFORMANCELAB.COM,DISAVOW,Hacked Site / Injected Link-Vendor Spam,High,2,2,1,100%,P3 - Nofollow only (no equity passed),0,0%,100%,2,2,3004,100%,no,no,2,0%,1764884278,1778746454,"Anchor carries a link-vendor advertisement — the placement is an intrusion on a compromised host, not an editorial link."
bloggosite.com,https://www.performancelab.com/?a_aid=68990cbe508aa&a_bid=a2ad38c1,more info (+1 more),DISAVOW,Vendor Blog Network (Spun-Content PBN),High,2,2,2,50%,"P2 - Follow links, low volume",2,0%,0%,0,0,4,0%,no,yes,1,0%,1764951573,1787510639,Free-blog-host domain used exclusively by link vendors; 2 link(s) on throwaway auto-generated accounts.
linkdirectory724.com,https://www.performancelab.com/?a_aid=68990cbe508aa&a_bid=a2ad38c1,https://www.performancelab.com/?a_aid=68990cbe508aa&a_bid=a2ad38c1,DISAVOW,Directory / Link-Scheme Spam Footprint,High,2,2,1,100%,"P2 - Follow links, low volume",2,0%,100%,0,0,2,0%,no,yes,1,0%,1765391186,1782178908,Domain name matches a link-scheme or paid-directory pattern.
smartcabsnorwich.co.uk,https://www.performancelab.com/blogs/nutrition/inositol-for-men?srsltid=AfmBOoq2MZr0V3D343YVq9XD2Zu1NP1czTLKuLv5ng5UnuqmgFTGje_x (+1 more),TG @LINKS_DEALER | EFFECTIVE SEO LINKS FOR WWW.PERFORMANCELAB.COM,DISAVOW,Hacked Site / Injected Link-Vendor Spam,High,2,2,1,100%,P3 - Nofollow only (no equity passed),0,0%,100%,0,0,3006,100%,no,no,2,0%,1765882803,1784900918,"Anchor carries a link-vendor advertisement — the placement is an intrusion on a compromised host, not an editorial link."
golinkdirectory.com,https://www.performancelab.com/?a_aid=68990cbe508aa&a_bid=a2ad38c1,https://www.performancelab.com/?a_aid=68990cbe508aa&a_bid=a2ad38c1,DISAVOW,Directory / Link-Scheme Spam Footprint,High,2,2,1,100%,"P2 - Follow links, low volume",2,0%,100%,0,0,2,0%,no,yes,1,0%,1766260850,1785263453,Domain name matches a link-scheme or paid-directory pattern.
osadazbojecka.pl,https://www.performancelab.com/blogs/nutrition/inositol-for-men?srsltid=AfmBOoq2MZr0V3D343YVq9XD2Zu1NP1czTLKuLv5ng5UnuqmgFTGje_x (+1 more),TG @LINKS_DEALER | EFFECTIVE SEO LINKS FOR WWW.PERFORMANCELAB.COM,DISAVOW,Hacked Site / Injected Link-Vendor Spam,High,2,2,1,100%,P3 - Nofollow only (no equity passed),0,0%,100%,2,2,3012,100%,no,no,2,0%,1766851837,1782459814,"Anchor carries a link-vendor advertisement — the placement is an intrusion on a compromised host, not an editorial link."
portlandlandscapepros.com,https://www.performancelab.com/blogs/nutrition/taking-pre-workout-with-a-testosterone-booster?srsltid=AfmBOorJ-W3OdhX5c83g1BefimSTRNMs0_-zeHWKmvMBn1Tn-qDpgwVK (+1 more),TG @LINKS_DEALER | EFFECTIVE SEO LINKS FOR WWW.PERFORMANCELAB.COM,DISAVOW,Hacked Site / Injected Link-Vendor Spam,High,2,2,1,100%,P3 - Nofollow only (no equity passed),0,0%,100%,0,0,3003,100%,no,no,2,0%,1767215269,1780918987,"Anchor carries a link-vendor advertisement — the placement is an intrusion on a compromised host, not an editorial link."
slapshady.com,https://www.performancelab.com/ (+1 more),OUR TELEGRAM CHANEL https://t.me/s/quarterlinks25,DISAVOW,Hacked Site / Injected Link-Vendor Spam,High,2,2,1,100%,P3 - Nofollow only (no equity passed),0,0%,0%,0,0,504,100%,no,no,2,0%,1768059344,1787572081,"Anchor carries a link-vendor advertisement — the placement is an intrusion on a compromised host, not an editorial link."
domaineye.com,http://performancelab.com/ (+1 more),performancelab.com (+1 more),DISAVOW,Link Farm / Outbound-Link Bloat,High,2,2,2,50%,"P2 - Follow links, low volume",2,0%,100%,1,1,2004,0%,no,no,2,0%,1768654046,1786755809,Average 2004 external links per source page across machine-generated URLs (100% of linking pages).
dailymusings.top,https://performancelab.com/ (+1 more),performancelab.com (+1 more),DISAVOW,Link Farm / Outbound-Link Bloat,High,2,2,2,50%,P3 - Nofollow only (no equity passed),0,0%,50%,0,0,3500,100%,no,no,2,0%,1770669368,1772835926,Average 3500 external links per source page across machine-generated URLs (100% of linking pages).
spottedcow.media,https://www.performancelab.com/blogs/wellness (+1 more),OUR TELEGRAM CHANEL https://t.me/s/quarterlinks25,DISAVOW,Hacked Site / Injected Link-Vendor Spam,High,2,2,1,100%,P3 - Nofollow only (no equity passed),0,0%,0%,0,0,502,100%,no,no,2,0%,1770837905,1781922907,"Anchor carries a link-vendor advertisement — the placement is an intrusion on a compromised host, not an editorial link."
blogsphere.top,https://performancelab.com/ (+1 more),performancelab.com (+1 more),DISAVOW,Link Farm / Outbound-Link Bloat,High,2,2,2,50%,P3 - Nofollow only (no equity passed),0,0%,50%,0,0,3500,100%,no,no,2,0%,1770990835,1772560396,Average 3500 external links per source page across machine-generated URLs (100% of linking pages).
kanma-marketing.com,https://www.performancelab.com/blogs/nutrition/taking-pre-workout-with-a-testosterone-booster?srsltid=AfmBOorLVvf0Q3UI19jfLkL_LV32fkA4JAzEL6W8owZqxTnj3C0t0CQa,"@SEO_CARTEL IN TELEGRAM – SEO BACKLINKS, BULK LINK POSTING, BOOST SEO RANKING",DISAVOW,Hacked Site / Injected Link-Vendor Spam,High,2,2,1,100%,P3 - Nofollow only (no equity passed),0,0%,0%,0,0,3003,100%,no,no,1,0%,1771463203,1777585714,"Anchor carries a link-vendor advertisement — the placement is an intrusion on a compromised host, not an editorial link."
findinfo.in,https://www.performancelab.com/ (+1 more),dtcx.com (+1 more),DISAVOW,Link Farm / Outbound-Link Bloat,High,2,2,2,50%,"P2 - Follow links, low volume",2,0%,0%,0,0,10158,0%,no,no,2,0%,1771771811,1786995977,Average 10158 external links per source page across machine-generated URLs (100% of linking pages).
lebazzar-demadous.site,https://www.performancelab.com/blogs/wellness/are-testosterone-boosters-safe?srsltid=AfmBOoqbIxc_ipqUteJPFtDqMsxQF0Ksgr9Y08kS18EGmHEQ8O8SQwJv (+1 more),🍪 TELEGRAM @SALESOVEN | ACCESS TO HACKED SITES FOR SEO | HTTPS://T.ME/SALESOVEN 🔥,DISAVOW,Hacked Site / Injected Link-Vendor Spam,High,2,2,1,100%,P3 - Nofollow only (no equity passed),0,0%,0%,0,0,3007,100%,no,no,2,0%,1772112663,1780245893,"Anchor carries a link-vendor advertisement — the placement is an intrusion on a compromised host, not an editorial link."
metamagic.top,https://www.performancelab.com/collections/nutropic (+1 more),nutropic.com (+1 more),DISAVOW,Link Farm / Outbound-Link Bloat,High,2,2,2,50%,P3 - Nofollow only (no equity passed),0,0%,0%,0,0,3500,100%,no,no,2,0%,1772113710,1772221993,Average 3500 external links per source page across machine-generated URLs (100% of linking pages).
sportsbikeparts.pk,https://www.performancelab.com/blogs/wellness (+1 more),JOIN OUR TELEGRAM https://t.me/s/darksidelinks,DISAVOW,Hacked Site / Injected Link-Vendor Spam,High,2,2,1,100%,P3 - Nofollow only (no equity passed),0,0%,0%,0,0,3003,100%,no,yes,2,0%,1772115057,1772610596,"Anchor carries a link-vendor advertisement — the placement is an intrusion on a compromised host, not an editorial link."
batizens.vn,https://www.performancelab.com/blogs/nutrition/taking-pre-workout-with-a-testosterone-booster?srsltid=AfmBOoo3ve1-ArFrDWwqHceT5BCyoLb82TUB2TpyHTGw1gAHgjXVbfau,🍪 TELEGRAM @SALESOVEN | ACCESS TO HACKED SITES FOR SEO | HTTPS://T.ME/SALESOVEN 🔥,DISAVOW,Hacked Site / Injected Link-Vendor Spam,High,2,2,1,100%,P3 - Nofollow only (no equity passed),0,0%,0%,0,0,3008,100%,no,no,1,0%,1772131311,1777762175,"Anchor carries a link-vendor advertisement — the placement is an intrusion on a compromised host, not an editorial link."
capetownthing.co.za,https://www.performancelab.com/ (+1 more),JOIN OUR TELEGRAM https://t.me/s/darksidelinks,DISAVOW,Hacked Site / Injected Link-Vendor Spam,High,2,2,1,100%,P3 - Nofollow only (no equity passed),0,0%,0%,0,0,3008,100%,no,no,2,0%,1772184652,1776364035,"Anchor carries a link-vendor advertisement — the placement is an intrusion on a compromised host, not an editorial link."
farratgesdolcet.com,https://www.performancelab.com/blogs/nutrition/taking-pre-workout-with-a-testosterone-booster?srsltid=AfmBOoo3ve1-ArFrDWwqHceT5BCyoLb82TUB2TpyHTGw1gAHgjXVbfau (+1 more),🍪 TELEGRAM @SALESOVEN | ACCESS TO HACKED SITES FOR SEO | HTTPS://T.ME/SALESOVEN 🔥,DISAVOW,Hacked Site / Injected Link-Vendor Spam,High,2,2,1,100%,P3 - Nofollow only (no equity passed),0,0%,0%,0,0,3006,100%,no,no,2,0%,1772238699,1777896496,"Anchor carries a link-vendor advertisement — the placement is an intrusion on a compromised host, not an editorial link."
anakarolinapsicologa.com,https://www.performancelab.com/blogs/nutrition/vitamin-a-for-men (+1 more),🍪 TELEGRAM @SALESOVEN | ACCESS TO HACKED SITES FOR SEO | HTTPS://T.ME/SALESOVEN 🔥,DISAVOW,Hacked Site / Injected Link-Vendor Spam,High,2,2,1,100%,P3 - Nofollow only (no equity passed),0,0%,0%,0,0,3003,100%,no,no,2,0%,1772272160,1777420397,"Anchor carries a link-vendor advertisement — the placement is an intrusion on a compromised host, not an editorial link."
harian24.com,https://www.performancelab.com/blogs/wellness (+1 more),JOIN OUR TELEGRAM https://t.me/s/darksidelinks,DISAVOW,Hacked Site / Injected Link-Vendor Spam,High,2,2,1,100%,P3 - Nofollow only (no equity passed),0,0%,0%,0,0,3004,100%,no,no,2,0%,1772518901,1772746186,"Anchor carries a link-vendor advertisement — the placement is an intrusion on a compromised host, not an editorial link."
revan-me.com,https://www.performancelab.com/ (+1 more),JOIN OUR TELEGRAM https://t.me/s/darksidelinks,DISAVOW,Hacked Site / Injected Link-Vendor Spam,High,2,2,1,100%,P3 - Nofollow only (no equity passed),0,0%,0%,0,0,3002,100%,no,no,2,0%,1772638459,1785187697,"Anchor carries a link-vendor advertisement — the placement is an intrusion on a compromised host, not an editorial link."
adirectorysubmit.com,https://www.performancelab.com/?a_aid=68990cbe508aa&a_bid=a2ad38c1,https://www.performancelab.com/?a_aid=68990cbe508aa&a_bid=a2ad38c1,DISAVOW,Directory / Link-Scheme Spam Footprint,High,2,2,1,100%,"P2 - Follow links, low volume",2,0%,100%,0,0,2,0%,no,yes,1,0%,1772678703,1783507396,Domain name matches a link-scheme or paid-directory pattern.
arlinkdirectory.com,https://www.performancelab.com/?a_aid=68990cbe508aa&a_bid=a2ad38c1,https://www.performancelab.com/?a_aid=68990cbe508aa&a_bid=a2ad38c1,DISAVOW,Directory / Link-Scheme Spam Footprint,High,2,2,1,100%,"P2 - Follow links, low volume",2,0%,100%,0,0,2,0%,no,yes,1,0%,1772781236,1783900974,Domain name matches a link-scheme or paid-directory pattern.
directorylinks2u.com,https://www.performancelab.com/?a_aid=68990cbe508aa&a_bid=a2ad38c1,https://www.performancelab.com/?a_aid=68990cbe508aa&a_bid=a2ad38c1,DISAVOW,Directory / Link-Scheme Spam Footprint,High,2,2,1,100%,"P2 - Follow links, low volume",2,0%,100%,0,0,2,0%,no,yes,1,0%,1772853767,1783802317,Domain name matches a link-scheme or paid-directory pattern.
ezylinkdirectory.com,https://www.performancelab.com/?a_aid=68990cbe508aa&a_bid=a2ad38c1,https://www.performancelab.com/?a_aid=68990cbe508aa&a_bid=a2ad38c1,DISAVOW,Directory / Link-Scheme Spam Footprint,High,2,2,1,100%,"P2 - Follow links, low volume",2,0%,100%,0,0,2,0%,no,yes,1,0%,1772867892,1784774895,Domain name matches a link-scheme or paid-directory pattern.
1stlinkdirectory.com,https://www.performancelab.com/?a_aid=68990cbe508aa&a_bid=a2ad38c1,https://www.performancelab.com/?a_aid=68990cbe508aa&a_bid=a2ad38c1,DISAVOW,Directory / Link-Scheme Spam Footprint,High,2,2,1,100%,"P2 - Follow links, low volume",2,0%,100%,0,0,2,0%,no,yes,1,0%,1772941578,1783724256,Domain name matches a link-scheme or paid-directory pattern.
seodirectoryseek.com,https://www.performancelab.com/?a_aid=68990cbe508aa&a_bid=a2ad38c1,https://www.performancelab.com/?a_aid=68990cbe508aa&a_bid=a2ad38c1,DISAVOW,Directory / Link-Scheme Spam Footprint,High,2,2,1,100%,"P2 - Follow links, low volume",2,0%,100%,0,0,2,0%,no,yes,1,0%,1773119340,1784455864,Domain name matches a link-scheme or paid-directory pattern.
linkdirectorynet.com,https://www.performancelab.com/?a_aid=68990cbe508aa&a_bid=a2ad38c1,https://www.performancelab.com/?a_aid=68990cbe508aa&a_bid=a2ad38c1,DISAVOW,Directory / Link-Scheme Spam Footprint,High,2,2,1,100%,"P2 - Follow links, low volume",2,0%,100%,0,0,2,0%,no,yes,1,0%,1773150920,1783761038,Domain name matches a link-scheme or paid-directory pattern.
solizer.org,https://www.performancelab.com/blogs/nutrition/taking-pre-workout-with-a-testosterone-booster?srsltid=AfmBOop3ylNxw12mmEZCB_WuNk_ZUV7spDLLotGuIvvbUBmCVINnh43I (+1 more),🍪 TELEGRAM @SALESOVEN | ACCESS TO HACKED SITES FOR SEO | HTTPS://T.ME/SALESOVEN 🔥,DISAVOW,Hacked Site / Injected Link-Vendor Spam,High,2,2,1,100%,P3 - Nofollow only (no equity passed),0,0%,0%,0,0,3002,100%,no,no,2,0%,1773249649,1778439189,"Anchor carries a link-vendor advertisement — the placement is an intrusion on a compromised host, not an editorial link."
nuekin.com,https://www.performancelab.com/blogs/nutrition/inositol-for-men (+1 more),🍪 TELEGRAM @SALESOVEN | ACCESS TO HACKED SITES FOR SEO | HTTPS://T.ME/SALESOVEN 🔥,DISAVOW,Hacked Site / Injected Link-Vendor Spam,High,2,2,1,100%,P3 - Nofollow only (no equity passed),0,0%,0%,0,0,3010,100%,no,no,2,0%,1773561528,1787037970,"Anchor carries a link-vendor advertisement — the placement is an intrusion on a compromised host, not an editorial link."
chuihanghin.com,https://www.performancelab.com/blogs/nutrition/inositol-for-men (+1 more),🍪 TELEGRAM @SALESOVEN | ACCESS TO HACKED SITES FOR SEO | HTTPS://T.ME/SALESOVEN 🔥,DISAVOW,Hacked Site / Injected Link-Vendor Spam,High,2,2,1,100%,P3 - Nofollow only (no equity passed),0,0%,0%,0,0,3006,100%,no,no,2,0%,1773699513,1776575927,"Anchor carries a link-vendor advertisement — the placement is an intrusion on a compromised host, not an editorial link."
southfwb.com,https://www.performancelab.com/,High Quality Dofollow Backlinks DA 50 PA 40 Premium PBN Network Service dtcx.com Rank First Page Google Fast SEO Link Building Buy Backlinks Online Cheap,DISAVOW,Hacked Site / Injected Link-Vendor Spam,High,2,2,1,100%,"P2 - Follow links, low volume",2,0%,0%,0,0,3000,0%,no,no,1,0%,,,"Anchor carries a link-vendor advertisement — the placement is an intrusion on a compromised host, not an editorial link."
chordmp3.net,https://www.performancelab.com/,High Quality Dofollow Backlinks DA 50 PA 40 Premium PBN Network Service dtcx.com Rank First Page Google Fast SEO Link Building Buy Backlinks Online Cheap,DISAVOW,Hacked Site / Injected Link-Vendor Spam,High,2,2,1,100%,"P2 - Follow links, low volume",2,0%,0%,0,0,3000,0%,no,no,1,0%,,,"Anchor carries a link-vendor advertisement — the placement is an intrusion on a compromised host, not an editorial link."
fletcherrld.com,https://www.performancelab.com/,High Quality Dofollow Backlinks DA 50 PA 40 Premium PBN Network Service dtcx.com Rank First Page Google Fast SEO Link Building Buy Backlinks Online Cheap,DISAVOW,Hacked Site / Injected Link-Vendor Spam,High,2,2,1,100%,"P2 - Follow links, low volume",2,0%,0%,0,0,3000,0%,no,no,1,0%,,,"Anchor carries a link-vendor advertisement — the placement is an intrusion on a compromised host, not an editorial link."
hwnerds.com,https://www.performancelab.com/ (+1 more),JOIN OUR TELEGRAM https://t.me/s/darksidelinks,DISAVOW,Hacked Site / Injected Link-Vendor Spam,High,2,2,1,100%,P3 - Nofollow only (no equity passed),0,0%,0%,0,0,3022,100%,no,no,2,0%,,,"Anchor carries a link-vendor advertisement — the placement is an intrusion on a compromised host, not an editorial link."
seomuda.id,https://www.performancelab.com/blogs/wellness (+1 more),OUR TELEGRAM CHANEL https://t.me/s/quarterlinks25,DISAVOW,Hacked Site / Injected Link-Vendor Spam,High,2,2,1,100%,P3 - Nofollow only (no equity passed),0,0%,0%,0,0,530,100%,no,no,2,0%,,,"Anchor carries a link-vendor advertisement — the placement is an intrusion on a compromised host, not an editorial link."
us-us--reduburn.com,https://www.performancelab.com/blogs/energy/black-pepper-extract-benefits-and-side-effects,Black Pepper Extract,DISAVOW,Synthetic Affiliate Doorway Domain,High,1,1,1,100%,"P2 - Follow links, low volume",1,0%,0%,52,52,7,0%,no,no,1,0%,2026-03-13,2026-06-20,Geo-prefixed / doubled-hyphen domain pattern characteristic of throwaway affiliate offer pages for unrelated products.
us-en-aqua-sculpt.com,https://www.performancelab.com/blogs/energy/black-pepper-extract-benefits-and-side-effects,Black Pepper Extract,DISAVOW,Synthetic Affiliate Doorway Domain,High,1,1,1,100%,"P2 - Follow links, low volume",1,0%,0%,51,51,8,0%,no,yes,1,0%,2025-08-14,2026-07-14,Geo-prefixed / doubled-hyphen domain pattern characteristic of throwaway affiliate offer pages for unrelated products.
lreeswcqcxz.blogspot.com,https://www.performancelab.com/blogs/wellness,testolabpro.com,DISAVOW,Free-Host Blog Serving a Link Dump,High,1,1,1,100%,P3 - Nofollow only (no equity passed),0,0%,0%,42,42,14510,100%,no,no,1,0%,2026-02-01,2026-03-12,"Averages 14,510 outbound links per page on a free blog host — a scraped or compromised template, not a publisher."
keshpakcxz.blogspot.com,https://performancelab.com/,performancelab.com,DISAVOW,Free-Host Blog Serving a Link Dump,High,1,1,1,100%,P3 - Nofollow only (no equity passed),0,0%,100%,42,42,14510,100%,no,no,1,0%,2026-01-25,2026-03-12,"Averages 14,510 outbound links per page on a free blog host — a scraped or compromised template, not a publisher."
us-en--prozenith.com,https://www.performancelab.com/blogs/energy/black-pepper-extract-benefits-and-side-effects,Black Pepper Extract,DISAVOW,Synthetic Affiliate Doorway Domain,High,1,1,1,100%,"P2 - Follow links, low volume",1,0%,0%,31,31,13,0%,no,no,1,0%,2026-01-22,2026-08-06,Geo-prefixed / doubled-hyphen domain pattern characteristic of throwaway affiliate offer pages for unrelated products.
tkzblog.com,https://www.performancelab.com/?a_aid=68990cbe508aa&a_bid=a2ad38c1,click here,DISAVOW,Vendor Blog Network (Spun-Content PBN),High,1,1,1,100%,"P2 - Follow links, low volume",1,0%,0%,29,29,4,0%,no,yes,1,0%,2026-08-14,2026-08-14,Free-blog-host domain used exclusively by link vendors; 1 link(s) on throwaway auto-generated accounts.
washingtonsblog.com,http://performancelab.com/,http://performancelab.com,DISAVOW,Link Farm / Outbound-Link Bloat,High,1,1,1,100%,"P2 - Follow links, low volume",1,0%,100%,18,18,7284,0%,no,no,1,0%,2026-02-23,2026-04-28,Average 7284 external links per source page across machine-generated URLs (100% of linking pages).
en-purdentix-us.com,https://www.performancelab.com/blogs/multi/vitamin-c-with-d3,vitamins C and D,DISAVOW,Synthetic Affiliate Doorway Domain,High,1,1,1,100%,"P2 - Follow links, low volume",1,0%,0%,15,15,2,0%,no,yes,1,100%,2025-04-25,2026-04-30,Geo-prefixed / doubled-hyphen domain pattern characteristic of throwaway affiliate offer pages for unrelated products.
mpeblog.com,https://www.performancelab.com/?a_aid=68990cbe508aa&a_bid=a2ad38c1,click here,DISAVOW,Vendor Blog Network (Spun-Content PBN),High,1,1,1,100%,"P2 - Follow links, low volume",1,0%,0%,15,15,2,0%,no,yes,1,0%,2026-07-11,2026-07-11,Free-blog-host domain used exclusively by link vendors; 1 link(s) on throwaway auto-generated accounts.
getblogs.net,https://www.performancelab.com/?a_aid=68990cbe508aa&a_bid=a2ad38c1,fish oil supplements,DISAVOW,Vendor Blog Network (Spun-Content PBN),High,1,1,1,100%,"P2 - Follow links, low volume",1,0%,0%,15,15,2,0%,no,yes,1,0%,2026-08-01,2026-08-01,Free-blog-host domain used exclusively by link vendors; 1 link(s) on throwaway auto-generated accounts.
en-en-prozenith.us,https://www.performancelab.com/blogs/energy/black-pepper-extract-benefits-and-side-effects,Black Pepper Extract,DISAVOW,Synthetic Affiliate Doorway Domain,High,1,1,1,100%,"P2 - Follow links, low volume",1,0%,0%,14,14,13,0%,no,no,1,0%,2026-01-09,2026-08-21,Geo-prefixed / doubled-hyphen domain pattern characteristic of throwaway affiliate offer pages for unrelated products.
sharebyblog.com,https://www.performancelab.com/?a_aid=68990cbe508aa&a_bid=a2ad38c1,click here,DISAVOW,Vendor Blog Network (Spun-Content PBN),High,1,1,1,100%,"P2 - Follow links, low volume",1,0%,0%,5,5,4,0%,no,yes,1,0%,2025-10-16,2026-07-02,Free-blog-host domain used exclusively by link vendors; 1 link(s) on throwaway auto-generated accounts.
july.co.in,http://performancelab.com/,performancelab.com,DISAVOW,Link Farm / Bare-Domain Listing,High,1,1,1,100%,P3 - Nofollow only (no equity passed),0,0%,100%,0,0,1000,100%,no,no,1,0%,1725229344,1787528791,"Average 1000 outbound links per page with bare-domain anchors on machine-generated URLs — a directory listing, not a citation."
centralc.pages.dev,https://www.performancelab.com/collections/all-products,nutropic.com,DISAVOW,Free-Host Blog Serving a Link Dump,High,1,1,1,100%,P3 - Nofollow only (no equity passed),0,0%,0%,0,0,10003,100%,no,no,1,0%,1738039538,1784962241,"Averages 10,003 outbound links per page on a free blog host — a scraped or compromised template, not a publisher."
feelfree.in,http://performancelab.com/,performancelab.com,DISAVOW,Link Farm / Bare-Domain Listing,High,1,1,1,100%,P3 - Nofollow only (no equity passed),0,0%,100%,0,0,981,100%,no,no,1,0%,1738128351,1785364833,"Average 981 outbound links per page with bare-domain anchors on machine-generated URLs — a directory listing, not a citation."
seodirectorysite.com,https://performancelab.com/,performancelab,DISAVOW,Directory / Link-Scheme Spam Footprint,High,1,1,1,100%,"P2 - Follow links, low volume",1,0%,100%,0,0,3134,0%,no,no,1,0%,1738514040,1784897720,Domain name matches a link-scheme or paid-directory pattern.
hebagh.com,http://performancelab.com/,performancelab.com,DISAVOW,Link Farm / Bare-Domain Listing,High,1,1,1,100%,P3 - Nofollow only (no equity passed),0,0%,100%,0,0,1000,100%,no,no,1,0%,1738525470,1782221033,"Average 1000 outbound links per page with bare-domain anchors on machine-generated URLs — a directory listing, not a citation."
surekha.co.in,http://performancelab.com/,performancelab.com,DISAVOW,Link Farm / Bare-Domain Listing,High,1,1,1,100%,P3 - Nofollow only (no equity passed),0,0%,100%,0,0,981,100%,no,no,1,0%,1738532439,1787305719,"Average 981 outbound links per page with bare-domain anchors on machine-generated URLs — a directory listing, not a citation."
linkwebdirectory.com,http://performancelab.com/,performancelab.com,DISAVOW,Directory / Link-Scheme Spam Footprint,High,1,1,1,100%,P3 - Nofollow only (no equity passed),0,0%,100%,0,0,1000,100%,no,no,1,0%,1738624088,1774582275,Domain name matches a link-scheme or paid-directory pattern.
allreviews.in,http://performancelab.com/,performancelab.com,DISAVOW,Link Farm / Bare-Domain Listing,High,1,1,1,100%,P3 - Nofollow only (no equity passed),0,0%,100%,0,0,1000,100%,no,no,1,0%,1738946608,1785956559,"Average 1000 outbound links per page with bare-domain anchors on machine-generated URLs — a directory listing, not a citation."
mydomaininfo.com,http://performancelab.com/,performancelab.com,DISAVOW,Link Farm / Bare-Domain Listing,High,1,1,1,100%,P3 - Nofollow only (no equity passed),0,0%,100%,0,0,983,100%,no,no,1,0%,1739012997,1777208463,"Average 983 outbound links per page with bare-domain anchors on machine-generated URLs — a directory listing, not a citation."
domainsdirectory.org,http://performancelab.com/,performancelab.com,DISAVOW,Link Farm / Bare-Domain Listing,High,1,1,1,100%,P3 - Nofollow only (no equity passed),0,0%,100%,0,0,981,100%,no,no,1,0%,1739031682,1786811939,"Average 981 outbound links per page with bare-domain anchors on machine-generated URLs — a directory listing, not a citation."
backlink.business,http://performancelab.com/,performancelab.com,DISAVOW,Link Farm / Bare-Domain Listing,High,1,1,1,100%,P3 - Nofollow only (no equity passed),0,0%,100%,0,0,1000,100%,no,no,1,0%,1739172482,1786657847,"Average 1000 outbound links per page with bare-domain anchors on machine-generated URLs — a directory listing, not a citation."
backlink.solutions,http://performancelab.com/,performancelab.com,DISAVOW,Link Farm / Bare-Domain Listing,High,1,1,1,100%,P3 - Nofollow only (no equity passed),0,0%,100%,0,0,1000,100%,no,no,1,0%,1739957782,1787306918,"Average 1000 outbound links per page with bare-domain anchors on machine-generated URLs — a directory listing, not a citation."
janhit.in,http://performancelab.com/,performancelab.com,DISAVOW,Link Farm / Bare-Domain Listing,High,1,1,1,100%,P3 - Nofollow only (no equity passed),0,0%,100%,0,0,981,100%,no,no,1,0%,1740260434,1783184181,"Average 981 outbound links per page with bare-domain anchors on machine-generated URLs — a directory listing, not a citation."
saintsebastianelitecollege.com,http://www.performancelab.com/cdn/shop/articles/Best_Fat_Burner_for_Belly_Fat.jpg,Belly fat burner without discount exercise,DISAVOW,Hacked Site / Injected Link-Vendor Spam,High,1,1,1,100%,"P2 - Follow links, low volume",1,0%,0%,0,0,10,0%,no,no,1,0%,1742145585,1772763480,"Anchor carries a link-vendor advertisement — the placement is an intrusion on a compromised host, not an editorial link."
muchmore.in,http://performancelab.com/,performancelab.com,DISAVOW,Link Farm / Bare-Domain Listing,High,1,1,1,100%,P3 - Nofollow only (no equity passed),0,0%,100%,0,0,1000,100%,no,no,1,0%,1742411330,1786659380,"Average 1000 outbound links per page with bare-domain anchors on machine-generated URLs — a directory listing, not a citation."
love.net.in,http://performancelab.com/,performancelab.com,DISAVOW,Link Farm / Bare-Domain Listing,High,1,1,1,100%,P3 - Nofollow only (no equity passed),0,0%,100%,0,0,1000,100%,no,no,1,0%,1742573101,1772732409,"Average 1000 outbound links per page with bare-domain anchors on machine-generated URLs — a directory listing, not a citation."
sitescrawl.com,http://performancelab.com/,performancelab.com,DISAVOW,Link Farm / Bare-Domain Listing,High,1,1,1,100%,P3 - Nofollow only (no equity passed),0,0%,100%,0,0,1000,100%,no,no,1,0%,1742604378,1786116707,"Average 1000 outbound links per page with bare-domain anchors on machine-generated URLs — a directory listing, not a citation."
touristpoints.in,http://performancelab.com/,performancelab.com,DISAVOW,Link Farm / Bare-Domain Listing,High,1,1,1,100%,P3 - Nofollow only (no equity passed),0,0%,100%,0,0,1000,100%,no,no,1,0%,1743575992,1786971432,"Average 1000 outbound links per page with bare-domain anchors on machine-generated URLs — a directory listing, not a citation."
packages.pw,http://performancelab.com/,performancelab.com,DISAVOW,Link Farm / Bare-Domain Listing,High,1,1,1,100%,P3 - Nofollow only (no equity passed),0,0%,100%,0,0,1000,100%,no,no,1,0%,1743729925,1786795664,"Average 1000 outbound links per page with bare-domain anchors on machine-generated URLs — a directory listing, not a citation."
mandakini.co.in,http://performancelab.com/,performancelab.com,DISAVOW,Link Farm / Bare-Domain Listing,High,1,1,1,100%,P3 - Nofollow only (no equity passed),0,0%,100%,0,0,983,100%,no,no,1,0%,1743818913,1786632694,"Average 983 outbound links per page with bare-domain anchors on machine-generated URLs — a directory listing, not a citation."
cricketinfo.co.in,http://performancelab.com/,performancelab.com,DISAVOW,Link Farm / Bare-Domain Listing,High,1,1,1,100%,P3 - Nofollow only (no equity passed),0,0%,100%,0,0,981,100%,no,no,1,0%,1744043514,1783694510,"Average 981 outbound links per page with bare-domain anchors on machine-generated URLs — a directory listing, not a citation."
income.net.in,http://performancelab.com/,performancelab.com,DISAVOW,Link Farm / Bare-Domain Listing,High,1,1,1,100%,P3 - Nofollow only (no equity passed),0,0%,100%,0,0,1000,100%,no,no,1,0%,1744516191,1776867753,"Average 1000 outbound links per page with bare-domain anchors on machine-generated URLs — a directory listing, not a citation."
exampledirectory.com,http://performancelab.com/,performancelab.com,DISAVOW,Link Farm / Bare-Domain Listing,High,1,1,1,100%,P3 - Nofollow only (no equity passed),0,0%,100%,0,0,1000,100%,no,no,1,0%,1744620668,1772069602,"Average 1000 outbound links per page with bare-domain anchors on machine-generated URLs — a directory listing, not a citation."
brizbot.com,http://www.performancelab.com/cdn/shop/articles/bigstock-fresh-natural-juice-h.jpg,Best juice shop for fever,DISAVOW,Hacked Site / Injected Link-Vendor Spam,High,1,1,1,100%,"P2 - Follow links, low volume",1,0%,0%,0,0,16,0%,no,no,1,0%,1744738675,1775780559,"Anchor carries a link-vendor advertisement — the placement is an intrusion on a compromised host, not an editorial link."
livebacklinks.com,http://performancelab.com/,performancelab.com,DISAVOW,Link Farm / Bare-Domain Listing,High,1,1,1,100%,P3 - Nofollow only (no equity passed),0,0%,100%,0,0,981,100%,no,no,1,0%,1744760286,1781441331,"Average 981 outbound links per page with bare-domain anchors on machine-generated URLs — a directory listing, not a citation."
wondomain.com,http://performancelab.com/,performancelab.com,DISAVOW,Link Farm / Bare-Domain Listing,High,1,1,1,100%,P3 - Nofollow only (no equity passed),0,0%,100%,0,0,1000,100%,no,no,1,0%,1744792447,1784895761,"Average 1000 outbound links per page with bare-domain anchors on machine-generated URLs — a directory listing, not a citation."
webdesignerdirectory.in,http://performancelab.com/,performancelab.com,DISAVOW,Link Farm / Bare-Domain Listing,High,1,1,1,100%,P3 - Nofollow only (no equity passed),0,0%,100%,0,0,1000,100%,no,no,1,0%,1745278137,1785227510,"Average 1000 outbound links per page with bare-domain anchors on machine-generated URLs — a directory listing, not a citation."
bestadultdirectory.com,http://performancelab.com/,performancelab.com,DISAVOW,Link Farm / Bare-Domain Listing,High,1,1,1,100%,P3 - Nofollow only (no equity passed),0,0%,100%,0,0,1000,100%,no,no,1,0%,1746509066,1781374273,"Average 1000 outbound links per page with bare-domain anchors on machine-generated URLs — a directory listing, not a citation."
cricketlive.co.in,http://performancelab.com/,performancelab.com,DISAVOW,Link Farm / Bare-Domain Listing,High,1,1,1,100%,P3 - Nofollow only (no equity passed),0,0%,100%,0,0,981,100%,no,no,1,0%,1746701306,1787165104,"Average 981 outbound links per page with bare-domain anchors on machine-generated URLs — a directory listing, not a citation."
websitesreports.com,http://performancelab.com/,performancelab.com,DISAVOW,Link Farm / Bare-Domain Listing,High,1,1,1,100%,P3 - Nofollow only (no equity passed),0,0%,100%,0,0,981,100%,no,no,1,0%,1747678321,1785107128,"Average 981 outbound links per page with bare-domain anchors on machine-generated URLs — a directory listing, not a citation."
searchalldomains.com,http://performancelab.com/,performancelab.com,DISAVOW,Link Farm / Bare-Domain Listing,High,1,1,1,100%,P3 - Nofollow only (no equity passed),0,0%,100%,0,0,1000,100%,no,no,1,0%,1747723598,1776210743,"Average 1000 outbound links per page with bare-domain anchors on machine-generated URLs — a directory listing, not a citation."
linkscrawl.com,http://performancelab.com/,performancelab.com,DISAVOW,Link Farm / Bare-Domain Listing,High,1,1,1,100%,P3 - Nofollow only (no equity passed),0,0%,100%,0,0,1000,100%,no,no,1,0%,1747780503,1787009647,"Average 1000 outbound links per page with bare-domain anchors on machine-generated URLs — a directory listing, not a citation."
foodbus.in,http://performancelab.com/,performancelab.com,DISAVOW,Link Farm / Bare-Domain Listing,High,1,1,1,100%,P3 - Nofollow only (no equity passed),0,0%,100%,0,0,981,100%,no,no,1,0%,1747795170,1786103287,"Average 981 outbound links per page with bare-domain anchors on machine-generated URLs — a directory listing, not a citation."
toplist.co.in,http://performancelab.com/,performancelab.com,DISAVOW,Link Farm / Bare-Domain Listing,High,1,1,1,100%,P3 - Nofollow only (no equity passed),0,0%,100%,0,0,1000,100%,no,no,1,0%,1747949067,1772263044,"Average 1000 outbound links per page with bare-domain anchors on machine-generated URLs — a directory listing, not a citation."
globallinkdirectory.com,http://performancelab.com/,performancelab.com,DISAVOW,Directory / Link-Scheme Spam Footprint,High,1,1,1,100%,P3 - Nofollow only (no equity passed),0,0%,100%,0,0,981,100%,no,no,1,0%,1748160898,1773473539,Domain name matches a link-scheme or paid-directory pattern.
topdirectory.in,http://performancelab.com/,performancelab.com,DISAVOW,Link Farm / Bare-Domain Listing,High,1,1,1,100%,P3 - Nofollow only (no equity passed),0,0%,100%,0,0,1000,100%,no,no,1,0%,1748208137,1785585967,"Average 1000 outbound links per page with bare-domain anchors on machine-generated URLs — a directory listing, not a citation."
arabicwebdirectory.com,http://performancelab.com/,performancelab.com,DISAVOW,Link Farm / Bare-Domain Listing,High,1,1,1,100%,P3 - Nofollow only (no equity passed),0,0%,100%,0,0,1000,100%,no,no,1,0%,1748414748,1786827684,"Average 1000 outbound links per page with bare-domain anchors on machine-generated URLs — a directory listing, not a citation."
backlink.asia,http://performancelab.com/,performancelab.com,DISAVOW,Link Farm / Bare-Domain Listing,High,1,1,1,100%,P3 - Nofollow only (no equity passed),0,0%,100%,0,0,1000,100%,no,no,1,0%,1748539358,1787509690,"Average 1000 outbound links per page with bare-domain anchors on machine-generated URLs — a directory listing, not a citation."
porras.ch,http://www.performancelab.com/cdn/shop/articles/bigstock-fresh-natural-juice-h.jpg,Immune Boosting Juices Top 8 Juice Recipes for Immunity,DISAVOW,Hacked Site / Injected Link-Vendor Spam,High,1,1,1,100%,"P2 - Follow links, low volume",1,0%,0%,0,0,9,0%,no,no,1,0%,1748649047,1777982600,"Anchor carries a link-vendor advertisement — the placement is an intrusion on a compromised host, not an editorial link."
showdirectory.in,http://performancelab.com/,performancelab.com,DISAVOW,Link Farm / Bare-Domain Listing,High,1,1,1,100%,P3 - Nofollow only (no equity passed),0,0%,100%,0,0,1000,100%,no,no,1,0%,1748743643,1786478991,"Average 1000 outbound links per page with bare-domain anchors on machine-generated URLs — a directory listing, not a citation."
domainnameshub.com,http://performancelab.com/,performancelab.com,DISAVOW,Link Farm / Bare-Domain Listing,High,1,1,1,100%,P3 - Nofollow only (no equity passed),0,0%,100%,0,0,1000,100%,no,no,1,0%,1749103510,1776214478,"Average 1000 outbound links per page with bare-domain anchors on machine-generated URLs — a directory listing, not a citation."
daisye.pages.dev,https://performancelab.com/,performancelab.com,DISAVOW,Free-Host Blog Serving a Link Dump,High,1,1,1,100%,P3 - Nofollow only (no equity passed),0,0%,100%,0,0,10003,100%,no,no,1,0%,1749108873,1770163624,"Averages 10,003 outbound links per page on a free blog host — a scraped or compromised template, not a publisher."
mohini.pw,http://performancelab.com/,performancelab.com,DISAVOW,Link Farm / Bare-Domain Listing,High,1,1,1,100%,P3 - Nofollow only (no equity passed),0,0%,100%,0,0,1000,100%,no,no,1,0%,1749803069,1779714184,"Average 1000 outbound links per page with bare-domain anchors on machine-generated URLs — a directory listing, not a citation."
searchhotels.in,http://performancelab.com/,performancelab.com,DISAVOW,Link Farm / Bare-Domain Listing,High,1,1,1,100%,P3 - Nofollow only (no equity passed),0,0%,100%,0,0,1000,100%,no,no,1,0%,1749839879,1782990370,"Average 1000 outbound links per page with bare-domain anchors on machine-generated URLs — a directory listing, not a citation."
achievedomains.com,http://performancelab.com/,performancelab.com,DISAVOW,Link Farm / Bare-Domain Listing,High,1,1,1,100%,P3 - Nofollow only (no equity passed),0,0%,100%,0,0,981,100%,no,no,1,0%,1749925930,1785768595,"Average 981 outbound links per page with bare-domain anchors on machine-generated URLs — a directory listing, not a citation."
one.net.in,http://performancelab.com/,performancelab.com,DISAVOW,Link Farm / Bare-Domain Listing,High,1,1,1,100%,P3 - Nofollow only (no equity passed),0,0%,100%,0,0,983,100%,no,no,1,0%,1750098199,1777162586,"Average 983 outbound links per page with bare-domain anchors on machine-generated URLs — a directory listing, not a citation."
urldirectory.net,http://performancelab.com/,performancelab.com,DISAVOW,Link Farm / Bare-Domain Listing,High,1,1,1,100%,P3 - Nofollow only (no equity passed),0,0%,100%,0,0,1000,100%,no,no,1,0%,1750104635,1784232397,"Average 1000 outbound links per page with bare-domain anchors on machine-generated URLs — a directory listing, not a citation."
new.net.in,http://performancelab.com/,performancelab.com,DISAVOW,Link Farm / Bare-Domain Listing,High,1,1,1,100%,P3 - Nofollow only (no equity passed),0,0%,100%,0,0,1000,100%,no,no,1,0%,1750145669,1777315304,"Average 1000 outbound links per page with bare-domain anchors on machine-generated URLs — a directory listing, not a citation."
easydirectory.in,http://performancelab.com/,performancelab.com,DISAVOW,Link Farm / Bare-Domain Listing,High,1,1,1,100%,P3 - Nofollow only (no equity passed),0,0%,100%,0,0,981,100%,no,no,1,0%,1750610169,1785488502,"Average 981 outbound links per page with bare-domain anchors on machine-generated URLs — a directory listing, not a citation."
blogdir.net,http://performancelab.com/,performancelab.com,DISAVOW,Link Farm / Bare-Domain Listing,High,1,1,1,100%,P3 - Nofollow only (no equity passed),0,0%,100%,0,0,1000,100%,no,no,1,0%,1750877873,1783515378,"Average 1000 outbound links per page with bare-domain anchors on machine-generated URLs — a directory listing, not a citation."
livewebsites.net,http://performancelab.com/,performancelab.com,DISAVOW,Link Farm / Bare-Domain Listing,High,1,1,1,100%,P3 - Nofollow only (no equity passed),0,0%,100%,0,0,1000,100%,no,no,1,0%,1750878324,1787168006,"Average 1000 outbound links per page with bare-domain anchors on machine-generated URLs — a directory listing, not a citation."
directoryoflink.com,https://performancelab.com/,performancelab,DISAVOW,Directory / Link-Scheme Spam Footprint,High,1,1,1,100%,"P2 - Follow links, low volume",1,0%,100%,0,0,2895,0%,no,no,1,0%,1751152554,1786322296,Domain name matches a link-scheme or paid-directory pattern.
topdir.net,http://performancelab.com/,performancelab.com,DISAVOW,Link Farm / Bare-Domain Listing,High,1,1,1,100%,P3 - Nofollow only (no equity passed),0,0%,100%,0,0,1000,100%,no,no,1,0%,1751167344,1785893316,"Average 1000 outbound links per page with bare-domain anchors on machine-generated URLs — a directory listing, not a citation."
csir-sari.org,http://www.performancelab.com/cdn/shop/articles/Webp.net-resizeimage_5.jpg,How Long Does It Take for Beetroot Juice to Work Performance Lab,DISAVOW,Hacked Site / Injected Link-Vendor Spam,High,1,1,1,100%,"P2 - Follow links, low volume",1,0%,100%,2,2,9,0%,no,no,1,0%,1751362354,1771029649,"Anchor carries a link-vendor advertisement — the placement is an intrusion on a compromised host, not an editorial link."
region.co.in,http://performancelab.com/,performancelab.com,DISAVOW,Link Farm / Bare-Domain Listing,High,1,1,1,100%,P3 - Nofollow only (no equity passed),0,0%,100%,0,0,981,100%,no,no,1,0%,1751393158,1786686014,"Average 981 outbound links per page with bare-domain anchors on machine-generated URLs — a directory listing, not a citation."
linkdonation.com,http://performancelab.com/,performancelab.com,DISAVOW,Link Farm / Bare-Domain Listing,High,1,1,1,100%,P3 - Nofollow only (no equity passed),0,0%,100%,0,0,1000,100%,no,no,1,0%,1751427603,1786573357,"Average 1000 outbound links per page with bare-domain anchors on machine-generated URLs — a directory listing, not a citation."
freeworlddirectory.com,http://performancelab.com/,performancelab.com,DISAVOW,Link Farm / Bare-Domain Listing,High,1,1,1,100%,P3 - Nofollow only (no equity passed),0,0%,100%,0,0,1000,100%,no,no,1,0%,1751582110,1781127637,"Average 1000 outbound links per page with bare-domain anchors on machine-generated URLs — a directory listing, not a citation."
addondirectory.com,http://performancelab.com/,performancelab.com,DISAVOW,Link Farm / Bare-Domain Listing,High,1,1,1,100%,P3 - Nofollow only (no equity passed),0,0%,100%,0,0,998,100%,no,no,1,0%,1751823689,1781386924,"Average 998 outbound links per page with bare-domain anchors on machine-generated URLs — a directory listing, not a citation."
domainsquiz.com,http://performancelab.com/,performancelab.com,DISAVOW,Link Farm / Bare-Domain Listing,High,1,1,1,100%,P3 - Nofollow only (no equity passed),0,0%,100%,0,0,1000,100%,no,no,1,0%,1751839946,1776696862,"Average 1000 outbound links per page with bare-domain anchors on machine-generated URLs — a directory listing, not a citation."
domainnamesbook.com,http://performancelab.com/,performancelab.com,DISAVOW,Link Farm / Bare-Domain Listing,High,1,1,1,100%,P3 - Nofollow only (no equity passed),0,0%,100%,0,0,1000,100%,no,no,1,0%,1752514100,1775088826,"Average 1000 outbound links per page with bare-domain anchors on machine-generated URLs — a directory listing, not a citation."
onemilliondomains.com,http://performancelab.com/,performancelab.com,DISAVOW,Link Farm / Bare-Domain Listing,High,1,1,1,100%,P3 - Nofollow only (no equity passed),0,0%,100%,0,0,1000,100%,no,no,1,0%,1753128939,1780776954,"Average 1000 outbound links per page with bare-domain anchors on machine-generated URLs — a directory listing, not a citation."
addurl.pro,http://performancelab.com/,performancelab.com,DISAVOW,Link Farm / Bare-Domain Listing,High,1,1,1,100%,P3 - Nofollow only (no equity passed),0,0%,100%,0,0,1000,100%,no,no,1,0%,1753778024,1770265501,"Average 1000 outbound links per page with bare-domain anchors on machine-generated URLs — a directory listing, not a citation."
politicsofsport.com,http://www.performancelab.com/cdn/shop/articles/bigstock-fresh-natural-juice-h.jpg,Best juice for immune system top,DISAVOW,Hacked Site / Injected Link-Vendor Spam,High,1,1,1,100%,"P2 - Follow links, low volume",1,0%,0%,0,0,10,0%,no,yes,1,0%,1754323944,1770617916,"Anchor carries a link-vendor advertisement — the placement is an intrusion on a compromised host, not an editorial link."
linkodirectory.com,https://performancelab.com/,performancelab,DISAVOW,Directory / Link-Scheme Spam Footprint,High,1,1,1,100%,"P2 - Follow links, low volume",1,0%,100%,0,0,3139,0%,no,no,1,0%,1754835094,1781420915,Domain name matches a link-scheme or paid-directory pattern.
wayseodirectory.com,https://performancelab.com/,performancelab,DISAVOW,Directory / Link-Scheme Spam Footprint,High,1,1,1,100%,"P2 - Follow links, low volume",1,0%,100%,0,0,3134,0%,no,no,1,0%,1755072627,1780124834,Domain name matches a link-scheme or paid-directory pattern.
packersandmoversbook.com,http://performancelab.com/,performancelab.com,DISAVOW,Link Farm / Bare-Domain Listing,High,1,1,1,100%,P3 - Nofollow only (no equity passed),0,0%,100%,0,0,1000,100%,no,no,1,0%,1756048875,1776348800,"Average 1000 outbound links per page with bare-domain anchors on machine-generated URLs — a directory listing, not a citation."
servicio-online.net,http://www.performancelab.com/cdn/shop/files/product-omega-3-main-1.webp?v=1693997741,Best omega 3 hotsell supplement for dogs,DISAVOW,Hacked Site / Injected Link-Vendor Spam,High,1,1,1,100%,"P2 - Follow links, low volume",1,100%,0%,0,0,10,0%,no,no,1,0%,1756102340,1779249227,"Anchor carries a link-vendor advertisement — the placement is an intrusion on a compromised host, not an editorial link."
anjana.co.in,http://performancelab.com/,performancelab.com,DISAVOW,Link Farm / Bare-Domain Listing,High,1,1,1,100%,P3 - Nofollow only (no equity passed),0,0%,100%,0,0,1000,100%,no,no,1,0%,1756241080,1776364968,"Average 1000 outbound links per page with bare-domain anchors on machine-generated URLs — a directory listing, not a citation."
changingfaceshousing.com,http://www.performancelab.com/cdn/shop/articles/Webp.net-resizeimage_-_2022-04-20T115426.819.jpg,Crunching sound in cheap knee,DISAVOW,Hacked Site / Injected Link-Vendor Spam,High,1,1,1,100%,"P2 - Follow links, low volume",1,0%,0%,0,0,10,0%,no,no,1,0%,1756462192,1774140016,"Anchor carries a link-vendor advertisement — the placement is an intrusion on a compromised host, not an editorial link."
websitefinder.org,http://performancelab.com/,performancelab.com,DISAVOW,Link Farm / Bare-Domain Listing,High,1,1,1,100%,P3 - Nofollow only (no equity passed),0,0%,100%,0,0,983,100%,no,no,1,0%,1756741550,1785061839,"Average 983 outbound links per page with bare-domain anchors on machine-generated URLs — a directory listing, not a citation."
elbloglibre.com,https://www.performancelab.com/collections/all-products,more info,DISAVOW,Vendor Blog Network (Spun-Content PBN),High,1,1,1,100%,"P2 - Follow links, low volume",1,0%,0%,0,0,2,0%,no,yes,1,0%,1756956852,1770639318,Free-blog-host domain used exclusively by link vendors; 1 link(s) on throwaway auto-generated accounts.
rankvanceauthority.info,https://www.performancelab.com/collections/all-products,nutropic.com,DISAVOW,Link Farm / Outbound-Link Bloat,High,1,1,1,100%,"P2 - Follow links, low volume",1,0%,0%,0,0,2008,0%,no,no,1,0%,1757043408,1783070188,Average 2008 external links per source page across machine-generated URLs (100% of linking pages).
thelateblog.com,https://www.performancelab.com/collections/all-products,more info,DISAVOW,Throwaway Auto-Generated Host,High,1,1,1,100%,"P2 - Follow links, low volume",1,0%,0%,0,0,4,0%,no,yes,1,0%,1758206555,1785867602,Randomly generated account subdomain — disposable link-vendor infrastructure.
pro-one-trans.com,http://www.performancelab.com/cdn/shop/articles/bigstock-fresh-natural-juice-h.jpg,Best juice for immune system new arrivals,DISAVOW,Hacked Site / Injected Link-Vendor Spam,High,1,1,1,100%,"P2 - Follow links, low volume",1,0%,0%,0,0,6,0%,no,no,1,0%,1758408835,1771696864,"Anchor carries a link-vendor advertisement — the placement is an intrusion on a compromised host, not an editorial link."
backlinks.cyou,http://performancelab.com/,performancelab.com,DISAVOW,Link Farm / Bare-Domain Listing,High,1,1,1,100%,P3 - Nofollow only (no equity passed),0,0%,100%,0,0,1000,100%,no,no,1,0%,1758612147,1781097927,"Average 1000 outbound links per page with bare-domain anchors on machine-generated URLs — a directory listing, not a citation."
thejeera.com,http://www.performancelab.com/cdn/shop/articles/Webp.net-resizeimage_5.jpg,How Long Does It Take for Beetroot Juice to Work Performance Lab,DISAVOW,Hacked Site / Injected Link-Vendor Spam,High,1,1,1,100%,"P2 - Follow links, low volume",1,0%,100%,0,0,9,0%,no,no,1,0%,1758951475,1778163061,"Anchor carries a link-vendor advertisement — the placement is an intrusion on a compromised host, not an editorial link."
topdoma.in,http://performancelab.com/,performancelab.com,DISAVOW,Link Farm / Bare-Domain Listing,High,1,1,1,100%,P3 - Nofollow only (no equity passed),0,0%,100%,0,0,1000,100%,no,no,1,0%,1759123981,1779390988,"Average 1000 outbound links per page with bare-domain anchors on machine-generated URLs — a directory listing, not a citation."
jvnps.com,http://www.performancelab.com/cdn/shop/articles/Best_Fat_Burner_for_Belly_Fat.jpg,Belly fat deals burner without exercise,DISAVOW,Hacked Site / Injected Link-Vendor Spam,High,1,1,1,100%,"P2 - Follow links, low volume",1,0%,0%,0,0,10,0%,no,no,1,0%,1759374099,1772457756,"Anchor carries a link-vendor advertisement — the placement is an intrusion on a compromised host, not an editorial link."
slpharma.com.br,http://www.performancelab.com/cdn/shop/articles/bigstock-fresh-natural-juice-h.jpg,Best juice for new arrivals fever,DISAVOW,Hacked Site / Injected Link-Vendor Spam,High,1,1,1,100%,"P2 - Follow links, low volume",1,0%,0%,0,0,10,0%,no,yes,1,0%,1759694494,1774289794,"Anchor carries a link-vendor advertisement — the placement is an intrusion on a compromised host, not an editorial link."
prolinksdirectory.com,https://performancelab.com/,performancelab,DISAVOW,Directory / Link-Scheme Spam Footprint,High,1,1,1,100%,"P2 - Follow links, low volume",1,0%,100%,0,0,3134,0%,no,no,1,0%,1760005040,1781682299,Domain name matches a link-scheme or paid-directory pattern.
backlinks.click,http://performancelab.com/,performancelab.com,DISAVOW,Link Farm / Bare-Domain Listing,High,1,1,1,100%,P3 - Nofollow only (no equity passed),0,0%,100%,0,0,1000,100%,no,no,1,0%,1760199332,1785980736,"Average 1000 outbound links per page with bare-domain anchors on machine-generated URLs — a directory listing, not a citation."
topdirectory.co.in,http://performancelab.com/,performancelab.com,DISAVOW,Link Farm / Bare-Domain Listing,High,1,1,1,100%,P3 - Nofollow only (no equity passed),0,0%,100%,0,0,1000,100%,no,no,1,0%,1760436023,1787194943,"Average 1000 outbound links per page with bare-domain anchors on machine-generated URLs — a directory listing, not a citation."
addurl.pw,http://performancelab.com/,performancelab.com,DISAVOW,Link Farm / Bare-Domain Listing,High,1,1,1,100%,P3 - Nofollow only (no equity passed),0,0%,100%,0,0,1000,100%,no,no,1,0%,1760707160,1785586802,"Average 1000 outbound links per page with bare-domain anchors on machine-generated URLs — a directory listing, not a citation."
resonancelabjo.com,https://www.performancelab.com/,OUR TELEGRAM CHANEL https://t.me/s/quarterlinks25,DISAVOW,Hacked Site / Injected Link-Vendor Spam,High,1,1,1,100%,P3 - Nofollow only (no equity passed),0,0%,0%,0,0,503,100%,no,no,1,0%,1760819572,1773108757,"Anchor carries a link-vendor advertisement — the placement is an intrusion on a compromised host, not an editorial link."
proseolinksdirectory.com,https://performancelab.com/,performancelab,DISAVOW,Directory / Link-Scheme Spam Footprint,High,1,1,1,100%,"P2 - Follow links, low volume",1,0%,100%,0,0,3139,0%,no,no,1,0%,1761216719,1781436485,Domain name matches a link-scheme or paid-directory pattern.
ketaki.co.in,http://performancelab.com/,performancelab.com,DISAVOW,Link Farm / Bare-Domain Listing,High,1,1,1,100%,P3 - Nofollow only (no equity passed),0,0%,100%,0,0,981,100%,no,no,1,0%,1761463838,1786103773,"Average 981 outbound links per page with bare-domain anchors on machine-generated URLs — a directory listing, not a citation."
shubhangi.co.in,http://performancelab.com/,performancelab.com,DISAVOW,Link Farm / Bare-Domain Listing,High,1,1,1,100%,P3 - Nofollow only (no equity passed),0,0%,100%,0,0,1000,100%,no,no,1,0%,1761560332,1787365827,"Average 1000 outbound links per page with bare-domain anchors on machine-generated URLs — a directory listing, not a citation."
zhygg.com,http://performancelab.com/,performancelab.com,DISAVOW,Link Farm / Bare-Domain Listing,High,1,1,1,100%,P3 - Nofollow only (no equity passed),0,0%,100%,0,0,958,100%,no,no,1,0%,1761611237,1786968311,"Average 958 outbound links per page with bare-domain anchors on machine-generated URLs — a directory listing, not a citation."
globalseodirectory.com,https://performancelab.com/,performancelab,DISAVOW,Directory / Link-Scheme Spam Footprint,High,1,1,1,100%,"P2 - Follow links, low volume",1,0%,100%,0,0,3134,0%,no,no,1,0%,1761669780,1780979338,Domain name matches a link-scheme or paid-directory pattern.
techpark.org,http://performancelab.com/,performancelab.com,DISAVOW,Link Farm / Bare-Domain Listing,High,1,1,1,100%,P3 - Nofollow only (no equity passed),0,0%,100%,0,0,1000,100%,no,no,1,0%,1761736460,1787393633,"Average 1000 outbound links per page with bare-domain anchors on machine-generated URLs — a directory listing, not a citation."
ziblogs.com,https://www.performancelab.com/?a_aid=68990cbe508aa&a_bid=a2ad38c1,immune support supplements,DISAVOW,Throwaway Auto-Generated Host,High,1,1,1,100%,"P2 - Follow links, low volume",1,0%,0%,0,0,2,0%,no,yes,1,0%,1761777866,1770930432,Randomly generated account subdomain — disposable link-vendor infrastructure.
aadarsh.in,http://performancelab.com/,performancelab.com,DISAVOW,Link Farm / Bare-Domain Listing,High,1,1,1,100%,P3 - Nofollow only (no equity passed),0,0%,100%,0,0,1000,100%,no,no,1,0%,1761835722,1787504608,"Average 1000 outbound links per page with bare-domain anchors on machine-generated URLs — a directory listing, not a citation."
allwebsites.net,http://performancelab.com/,performancelab.com,DISAVOW,Link Farm / Bare-Domain Listing,High,1,1,1,100%,P3 - Nofollow only (no equity passed),0,0%,100%,0,0,999,100%,no,no,1,0%,1761983893,1786638297,"Average 999 outbound links per page with bare-domain anchors on machine-generated URLs — a directory listing, not a citation."
backlink.work,http://performancelab.com/,performancelab.com,DISAVOW,Link Farm / Bare-Domain Listing,High,1,1,1,100%,P3 - Nofollow only (no equity passed),0,0%,100%,0,0,1000,100%,no,no,1,0%,1761987012,1787130901,"Average 1000 outbound links per page with bare-domain anchors on machine-generated URLs — a directory listing, not a citation."
whenregistered.com,http://performancelab.com/,performancelab.com,DISAVOW,Link Farm / Bare-Domain Listing,High,1,1,1,100%,P3 - Nofollow only (no equity passed),0,0%,100%,0,0,1000,100%,no,no,1,0%,1761990142,1786109436,"Average 1000 outbound links per page with bare-domain anchors on machine-generated URLs — a directory listing, not a citation."
kajol.pw,http://performancelab.com/,performancelab.com,DISAVOW,Link Farm / Bare-Domain Listing,High,1,1,1,100%,P3 - Nofollow only (no equity passed),0,0%,100%,0,0,1000,100%,no,no,1,0%,1762242837,1779714460,"Average 1000 outbound links per page with bare-domain anchors on machine-generated URLs — a directory listing, not a citation."
couriertrackk.com,http://www.performancelab.com/cdn/shop/articles/bigstock-fresh-natural-juice-h.jpg,Best juice on sale for immune system,DISAVOW,Hacked Site / Injected Link-Vendor Spam,High,1,1,1,100%,"P2 - Follow links, low volume",1,0%,0%,0,0,10,0%,no,no,1,0%,1762383995,1774291591,"Anchor carries a link-vendor advertisement — the placement is an intrusion on a compromised host, not an editorial link."
example3.com,https://performancelab.com/,(empty/image),DISAVOW,Link Farm / Outbound-Link Bloat,High,1,1,1,100%,P3 - Nofollow only (no equity passed),0,0%,0%,0,0,1917,100%,no,no,1,0%,1762443419,1775520070,Average 1917 external links per source page across machine-generated URLs (100% of linking pages).
listmydomain.com,http://performancelab.com/,performancelab.com,DISAVOW,Link Farm / Bare-Domain Listing,High,1,1,1,100%,P3 - Nofollow only (no equity passed),0,0%,100%,0,0,1000,100%,no,no,1,0%,1762510915,1777662474,"Average 1000 outbound links per page with bare-domain anchors on machine-generated URLs — a directory listing, not a citation."
backlinks.directory,http://performancelab.com/,performancelab.com,DISAVOW,Link Farm / Bare-Domain Listing,High,1,1,1,100%,P3 - Nofollow only (no equity passed),0,0%,100%,0,0,1000,100%,no,no,1,0%,1762543034,1787144921,"Average 1000 outbound links per page with bare-domain anchors on machine-generated URLs — a directory listing, not a citation."
hansika.co.in,http://performancelab.com/,performancelab.com,DISAVOW,Link Farm / Bare-Domain Listing,High,1,1,1,100%,P3 - Nofollow only (no equity passed),0,0%,100%,0,0,981,100%,no,no,1,0%,1762549909,1786491391,"Average 981 outbound links per page with bare-domain anchors on machine-generated URLs — a directory listing, not a citation."
entiredomains.space,http://performancelab.com/,performancelab.com,DISAVOW,Link Farm / Bare-Domain Listing,High,1,1,1,100%,P3 - Nofollow only (no equity passed),0,0%,100%,0,0,1000,100%,no,no,1,0%,1762750002,1777704102,"Average 1000 outbound links per page with bare-domain anchors on machine-generated URLs — a directory listing, not a citation."
agendacover.com,https://performancelab.com/,performancelab.com,DISAVOW,Link Farm / Outbound-Link Bloat,High,1,1,1,100%,"P2 - Follow links, low volume",1,0%,100%,3,3,17116,0%,no,no,1,0%,1762805247,1787375771,Average 17116 external links per source page across machine-generated URLs (100% of linking pages).
onlinefestival.in,http://performancelab.com/,performancelab.com,DISAVOW,Link Farm / Bare-Domain Listing,High,1,1,1,100%,P3 - Nofollow only (no equity passed),0,0%,100%,0,0,1000,100%,no,no,1,0%,1762842452,1784468914,"Average 1000 outbound links per page with bare-domain anchors on machine-generated URLs — a directory listing, not a citation."
information.net.in,http://performancelab.com/,performancelab.com,DISAVOW,Link Farm / Bare-Domain Listing,High,1,1,1,100%,P3 - Nofollow only (no equity passed),0,0%,100%,0,0,1000,100%,no,no,1,0%,1763067240,1778725790,"Average 1000 outbound links per page with bare-domain anchors on machine-generated URLs — a directory listing, not a citation."
dotignite.com,http://www.performancelab.com/cdn/shop/files/product-omega-3-main-1.webp?v=1693997741,Best canine store omega 3 supplement,DISAVOW,Hacked Site / Injected Link-Vendor Spam,High,1,1,1,100%,"P2 - Follow links, low volume",1,100%,0%,0,0,10,0%,no,no,1,100%,1763160686,1771505373,"Anchor carries a link-vendor advertisement — the placement is an intrusion on a compromised host, not an editorial link."
packersandmoversdirectory.com,http://performancelab.com/,performancelab.com,DISAVOW,Link Farm / Bare-Domain Listing,High,1,1,1,100%,P3 - Nofollow only (no equity passed),0,0%,100%,0,0,1000,100%,no,no,1,0%,1763508038,1786465356,"Average 1000 outbound links per page with bare-domain anchors on machine-generated URLs — a directory listing, not a citation."
publicdirectory.in,http://performancelab.com/,performancelab.com,DISAVOW,Link Farm / Bare-Domain Listing,High,1,1,1,100%,P3 - Nofollow only (no equity passed),0,0%,100%,0,0,1000,100%,no,no,1,0%,1764398918,1784713708,"Average 1000 outbound links per page with bare-domain anchors on machine-generated URLs — a directory listing, not a citation."
atomizelink.icu,https://www.performancelab.com/collections/all-products,nutropic.com,DISAVOW,Link Farm / Outbound-Link Bloat,High,1,1,1,100%,P3 - Nofollow only (no equity passed),0,0%,0%,0,0,3500,100%,no,no,1,0%,1764709866,1785224502,Average 3500 external links per source page across machine-generated URLs (100% of linking pages).
pratibha.pw,http://performancelab.com/,performancelab.com,DISAVOW,Link Farm / Bare-Domain Listing,High,1,1,1,100%,P3 - Nofollow only (no equity passed),0,0%,100%,0,0,981,100%,no,no,1,0%,1764862954,1779714212,"Average 981 outbound links per page with bare-domain anchors on machine-generated URLs — a directory listing, not a citation."
msimasters.com,https://www.performancelab.com/blogs/nutrition/inositol-for-men?srsltid=AfmBOoq2MZr0V3D343YVq9XD2Zu1NP1czTLKuLv5ng5UnuqmgFTGje_x,TG @LINKS_DEALER | EFFECTIVE SEO LINKS FOR WWW.PERFORMANCELAB.COM,DISAVOW,Hacked Site / Injected Link-Vendor Spam,High,1,1,1,100%,P3 - Nofollow only (no equity passed),0,0%,100%,0,0,3003,100%,no,no,1,0%,1766291745,1772032620,"Anchor carries a link-vendor advertisement — the placement is an intrusion on a compromised host, not an editorial link."
gynoblog.com,https://www.performancelab.com/?a_aid=68990cbe508aa&a_bid=a2ad38c1,more info,DISAVOW,Throwaway Auto-Generated Host,High,1,1,1,100%,"P2 - Follow links, low volume",1,0%,0%,0,0,4,0%,no,yes,1,0%,1766421135,1784511145,Randomly generated account subdomain — disposable link-vendor infrastructure.
sitescooponline.com,https://www.performancelab.com/collections/all-products,nutropic.com,DISAVOW,Link Farm / Outbound-Link Bloat,High,1,1,1,100%,"P2 - Follow links, low volume",1,0%,0%,0,0,9002,0%,no,no,1,0%,1766799074,1770911409,Average 9002 external links per source page across machine-generated URLs (100% of linking pages).
luxehub.com,https://www.performancelab.com/blogs/nutrition/inositol-for-men?srsltid=AfmBOoo0JXySU0kKx7wt1yWUn9LPxzBJNdN5CtiVUtVDmDaDF4BC8kxW,TG @LINKS_DEALER | EFFECTIVE SEO LINKS FOR WWW.PERFORMANCELAB.COM,DISAVOW,Hacked Site / Injected Link-Vendor Spam,High,1,1,1,100%,P3 - Nofollow only (no equity passed),0,0%,100%,0,0,3035,100%,no,no,1,0%,1767241115,1773621456,"Anchor carries a link-vendor advertisement — the placement is an intrusion on a compromised host, not an editorial link."
backlinks.sbs,http://performancelab.com/,performancelab.com,DISAVOW,Link Farm / Bare-Domain Listing,High,1,1,1,100%,P3 - Nofollow only (no equity passed),0,0%,100%,0,0,1000,100%,no,no,1,0%,1767377386,1784128597,"Average 1000 outbound links per page with bare-domain anchors on machine-generated URLs — a directory listing, not a citation."
generalknowledge.net.in,http://performancelab.com/,performancelab.com,DISAVOW,Link Farm / Bare-Domain Listing,High,1,1,1,100%,P3 - Nofollow only (no equity passed),0,0%,100%,0,0,1000,100%,no,no,1,0%,1767825187,1787222046,"Average 1000 outbound links per page with bare-domain anchors on machine-generated URLs — a directory listing, not a citation."
genuinewebdirectory.com,http://performancelab.com/,performancelab.com,DISAVOW,Link Farm / Bare-Domain Listing,High,1,1,1,100%,P3 - Nofollow only (no equity passed),0,0%,100%,0,0,1000,100%,no,no,1,0%,1767871217,1787326136,"Average 1000 outbound links per page with bare-domain anchors on machine-generated URLs — a directory listing, not a citation."
besafe.in,http://performancelab.com/,performancelab.com,DISAVOW,Link Farm / Bare-Domain Listing,High,1,1,1,100%,P3 - Nofollow only (no equity passed),0,0%,100%,0,0,1000,100%,no,no,1,0%,1768121770,1786855661,"Average 1000 outbound links per page with bare-domain anchors on machine-generated URLs — a directory listing, not a citation."
blogspothub.com,https://www.performancelab.com/?a_aid=68990cbe508aa&a_bid=a2ad38c1,read more,DISAVOW,Vendor Blog Network (Spun-Content PBN),High,1,1,1,100%,"P2 - Follow links, low volume",1,0%,0%,0,0,4,0%,no,yes,1,0%,1768137660,1786157234,Free-blog-host domain used exclusively by link vendors; 1 link(s) on throwaway auto-generated accounts.
topbilliondirectory.com,https://performancelab.com/,performancelab,DISAVOW,Link Farm / Bare-Domain Listing,High,1,1,1,100%,"P2 - Follow links, low volume",1,0%,100%,0,0,976,0%,no,no,1,0%,1768198541,1783449880,"Average 976 outbound links per page with bare-domain anchors on machine-generated URLs — a directory listing, not a citation."
parentingvista.com,https://performancelab.com/,https://performancelab.com,DISAVOW,Link Farm / Outbound-Link Bloat,High,1,1,1,100%,"P2 - Follow links, low volume",1,0%,100%,0,0,28329,0%,no,no,1,0%,1768355157,1785963685,Average 28329 external links per source page across machine-generated URLs (100% of linking pages).
summary.co.in,http://performancelab.com/,performancelab.com,DISAVOW,Link Farm / Bare-Domain Listing,High,1,1,1,100%,P3 - Nofollow only (no equity passed),0,0%,100%,0,0,1000,100%,no,yes,1,0%,1768441437,1785624436,"Average 1000 outbound links per page with bare-domain anchors on machine-generated URLs — a directory listing, not a citation."
alpana.co.in,http://performancelab.com/,performancelab.com,DISAVOW,Link Farm / Bare-Domain Listing,High,1,1,1,100%,P3 - Nofollow only (no equity passed),0,0%,100%,0,0,1000,100%,no,no,1,0%,1768443695,1784883706,"Average 1000 outbound links per page with bare-domain anchors on machine-generated URLs — a directory listing, not a citation."
advertiseyourdomain.com,http://performancelab.com/,performancelab.com,DISAVOW,Link Farm / Bare-Domain Listing,High,1,1,1,100%,P3 - Nofollow only (no equity passed),0,0%,100%,0,0,1000,100%,no,no,1,0%,1768576696,1774084506,"Average 1000 outbound links per page with bare-domain anchors on machine-generated URLs — a directory listing, not a citation."
academia.edu.gt,https://www.performancelab.com/blogs/fitness/female-muscle-growth?srsltid=AfmBOoq4GgQwMzAoqeJOHasb6zEizDTMSasQjEDAp48SkoqYZmHkPQYE,"@SEO_CARTEL IN TELEGRAM – SEO BACKLINKS, BULK LINK POSTING, BOOST SEO RANKING",DISAVOW,Hacked Site / Injected Link-Vendor Spam,High,1,1,1,100%,P3 - Nofollow only (no equity passed),0,0%,0%,0,0,30006,100%,no,no,1,0%,1768611368,1785812404,"Anchor carries a link-vendor advertisement — the placement is an intrusion on a compromised host, not an editorial link."
newfilms.in,http://performancelab.com/,performancelab.com,DISAVOW,Link Farm / Bare-Domain Listing,High,1,1,1,100%,P3 - Nofollow only (no equity passed),0,0%,100%,0,0,1000,100%,no,no,1,0%,1768761062,1786484753,"Average 1000 outbound links per page with bare-domain anchors on machine-generated URLs — a directory listing, not a citation."
w3bdirectory.com,http://performancelab.com/,performancelab.com,DISAVOW,Link Farm / Bare-Domain Listing,High,1,1,1,100%,P3 - Nofollow only (no equity passed),0,0%,100%,0,0,1000,100%,no,no,1,0%,1768764010,1776130085,"Average 1000 outbound links per page with bare-domain anchors on machine-generated URLs — a directory listing, not a citation."
onemanarmy.in,http://performancelab.com/,performancelab.com,DISAVOW,Link Farm / Bare-Domain Listing,High,1,1,1,100%,P3 - Nofollow only (no equity passed),0,0%,100%,0,0,981,100%,no,no,1,0%,1768950014,1779016048,"Average 981 outbound links per page with bare-domain anchors on machine-generated URLs — a directory listing, not a citation."
toplinksdirectory.com,https://performancelab.com/,performancelab,DISAVOW,Directory / Link-Scheme Spam Footprint,High,1,1,1,100%,"P2 - Follow links, low volume",1,0%,100%,0,0,3134,0%,no,no,1,0%,1769119456,1786364829,Domain name matches a link-scheme or paid-directory pattern.
한국사이버신학대학교.kr,https://www.performancelab.com/blogs/nutrition/taking-pre-workout-with-a-testosterone-booster?srsltid=AfmBOorJ-W3OdhX5c83g1BefimSTRNMs0_-zeHWKmvMBn1Tn-qDpgwVK,TG @LINKS_DEALER | EFFECTIVE SEO LINKS FOR WWW.PERFORMANCELAB.COM,DISAVOW,Hacked Site / Injected Link-Vendor Spam,High,1,1,1,100%,P3 - Nofollow only (no equity passed),0,0%,100%,0,0,3001,100%,no,no,1,0%,1769182424,1773694092,"Anchor carries a link-vendor advertisement — the placement is an intrusion on a compromised host, not an editorial link."
sushila.co.in,http://performancelab.com/,performancelab.com,DISAVOW,Link Farm / Bare-Domain Listing,High,1,1,1,100%,P3 - Nofollow only (no equity passed),0,0%,100%,0,0,981,100%,no,no,1,0%,1769223617,1787551588,"Average 981 outbound links per page with bare-domain anchors on machine-generated URLs — a directory listing, not a citation."
uswebdirectory.com,http://performancelab.com/,performancelab.com,DISAVOW,Link Farm / Bare-Domain Listing,High,1,1,1,100%,P3 - Nofollow only (no equity passed),0,0%,100%,0,0,983,100%,no,no,1,0%,1769853908,1786992191,"Average 983 outbound links per page with bare-domain anchors on machine-generated URLs — a directory listing, not a citation."
domains.foundation,http://performancelab.com/,performancelab.com,DISAVOW,Link Farm / Bare-Domain Listing,High,1,1,1,100%,P3 - Nofollow only (no equity passed),0,0%,100%,0,0,1000,100%,no,no,1,0%,1769890134,1786133831,"Average 1000 outbound links per page with bare-domain anchors on machine-generated URLs — a directory listing, not a citation."
webseodirectory.com,https://performancelab.com/,performancelab,DISAVOW,Directory / Link-Scheme Spam Footprint,High,1,1,1,100%,"P2 - Follow links, low volume",1,0%,100%,0,0,3134,0%,no,no,1,0%,1770001008,1780650976,Domain name matches a link-scheme or paid-directory pattern.
nologostudio.ru,https://mis.performancelab.com/assets/images/ieh0de/index.php?topic6416,wlces,DISAVOW,Hacked Site / Injected Link-Vendor Spam,High,1,1,1,100%,"P2 - Follow links, low volume",1,0%,0%,0,0,10,0%,no,no,1,0%,1770111702,1770111702,"Anchor carries a link-vendor advertisement — the placement is an intrusion on a compromised host, not an editorial link."
moscowtimes.top,https://www.performancelab.com/search?q=%F0%9F%91%89%F0%9F%8F%BC%20acc6.top%20%F0%9F%91%88%F0%9F%8F%BC%20%D0%BF%D0%BE%D0%BB%D1%83%D1%87%D0%B8%D1%82%D1%8C%20Lovoo%20%D1%83%D1%87%D0%B5%D1%82%D0%BD%D1%83%D1%8E%20%D0%B7%D0%B0%D0%BF%D0%B8%D1%81%D1%8C,👉🏼 acc6.top 👈🏼 получить Lovoo учетную запись,DISAVOW,Hacked Site / Injected Link-Vendor Spam,High,1,1,1,100%,"P2 - Follow links, low volume",1,0%,0%,0,0,22,0%,no,no,1,0%,1770129725,1772465444,"Anchor carries a link-vendor advertisement — the placement is an intrusion on a compromised host, not an editorial link."
blueinblue.com,https://www.performancelab.com/collections/all-products,nutropic.com,DISAVOW,Link Farm / Outbound-Link Bloat,High,1,1,1,100%,P3 - Nofollow only (no equity passed),0,0%,0%,0,0,3500,100%,no,no,1,0%,1770203341,1770203341,Average 3500 external links per source page across machine-generated URLs (100% of linking pages).
webrankindia.com,https://www.performancelab.com/,dtcx.com,DISAVOW,Link Farm / Outbound-Link Bloat,High,1,1,1,100%,"P2 - Follow links, low volume",1,0%,0%,0,0,10159,0%,no,no,1,0%,1770381715,1774890302,Average 10159 external links per source page across machine-generated URLs (100% of linking pages).
seohubdirectory.com,https://performancelab.com/,performancelab,DISAVOW,Directory / Link-Scheme Spam Footprint,High,1,1,1,100%,"P2 - Follow links, low volume",1,0%,100%,0,0,3139,0%,no,no,1,0%,1770382087,1781736465,Domain name matches a link-scheme or paid-directory pattern.
officialwebsites.in,http://performancelab.com/,performancelab.com,DISAVOW,Link Farm / Bare-Domain Listing,High,1,1,1,100%,P3 - Nofollow only (no equity passed),0,0%,100%,0,0,1000,100%,no,no,1,0%,1770388242,1785974632,"Average 1000 outbound links per page with bare-domain anchors on machine-generated URLs — a directory listing, not a citation."
campingtours.in,http://performancelab.com/,performancelab.com,DISAVOW,Link Farm / Bare-Domain Listing,High,1,1,1,100%,P3 - Nofollow only (no equity passed),0,0%,100%,0,0,1000,100%,no,no,1,0%,1770487381,1774704568,"Average 1000 outbound links per page with bare-domain anchors on machine-generated URLs — a directory listing, not a citation."
nettools.guru,https://www.performancelab.com/blogs/wellness,testolabpro.com,DISAVOW,Link Farm / Outbound-Link Bloat,High,1,1,1,100%,"P2 - Follow links, low volume",1,0%,0%,0,0,9002,0%,no,no,1,0%,1770623830,1770623830,Average 9002 external links per source page across machine-generated URLs (100% of linking pages).
csponarlikex.blogspot.com,https://www.performancelab.com/blogs/wellness,https://testolabpro.com/,DISAVOW,Free-Host Blog Serving a Link Dump,High,1,1,1,100%,P3 - Nofollow only (no equity passed),0,0%,100%,0,0,14511,100%,no,no,1,0%,1770809362,1770809362,"Averages 14,511 outbound links per page on a free blog host — a scraped or compromised template, not a publisher."
million.pro,http://performancelab.com/,performancelab.com,DISAVOW,Link Farm / Bare-Domain Listing,High,1,1,1,100%,P3 - Nofollow only (no equity passed),0,0%,100%,0,0,1000,100%,no,no,1,0%,1770857576,1787334292,"Average 1000 outbound links per page with bare-domain anchors on machine-generated URLs — a directory listing, not a citation."
qhtycw.com,https://www.performancelab.com/blogs/wellness,testolabpro.com,DISAVOW,Link Farm / Outbound-Link Bloat,High,1,1,1,100%,"P2 - Follow links, low volume",1,0%,0%,0,0,9002,0%,no,no,1,0%,1770913382,1770913382,Average 9002 external links per source page across machine-generated URLs (100% of linking pages).
idblogmaker.com,https://www.performancelab.com/?a_aid=68990cbe508aa&a_bid=a2ad38c1,multivitamin for women,DISAVOW,Throwaway Auto-Generated Host,High,1,1,1,100%,"P2 - Follow links, low volume",1,0%,0%,0,0,4,0%,no,yes,1,0%,1771170780,1785006054,Randomly generated account subdomain — disposable link-vendor infrastructure.
ind.in,http://performancelab.com/,performancelab.com,DISAVOW,Link Farm / Bare-Domain Listing,High,1,1,1,100%,P3 - Nofollow only (no equity passed),0,0%,100%,0,0,1000,100%,no,no,1,0%,1771767013,1787215886,"Average 1000 outbound links per page with bare-domain anchors on machine-generated URLs — a directory listing, not a citation."
entuev.com,https://www.performancelab.com/blogs/nutrition/vitamin-a-for-men,🍪 TELEGRAM @SALESOVEN | ACCESS TO HACKED SITES FOR SEO | HTTPS://T.ME/SALESOVEN 🔥,DISAVOW,Hacked Site / Injected Link-Vendor Spam,High,1,1,1,100%,P3 - Nofollow only (no equity passed),0,0%,0%,0,0,3003,100%,no,no,1,0%,1772045581,1785668111,"Anchor carries a link-vendor advertisement — the placement is an intrusion on a compromised host, not an editorial link."
avareno.ca,https://www.performancelab.com/blogs/nutrition/vitamin-a-for-men,🍪 TELEGRAM @SALESOVEN | ACCESS TO HACKED SITES FOR SEO | HTTPS://T.ME/SALESOVEN 🔥,DISAVOW,Hacked Site / Injected Link-Vendor Spam,High,1,1,1,100%,P3 - Nofollow only (no equity passed),0,0%,0%,0,0,15002,100%,no,no,1,0%,1772092683,1779622175,"Anchor carries a link-vendor advertisement — the placement is an intrusion on a compromised host, not an editorial link."
constitute.net,http://performancelab.com/,performancelab.com,DISAVOW,Link Farm / Bare-Domain Listing,High,1,1,1,100%,P3 - Nofollow only (no equity passed),0,0%,100%,0,0,1000,100%,no,no,1,0%,1772119600,1786749092,"Average 1000 outbound links per page with bare-domain anchors on machine-generated URLs — a directory listing, not a citation."
blogunteer.com,https://www.performancelab.com/?a_aid=68990cbe508aa&a_bid=a2ad38c1,energy supplements,DISAVOW,Vendor Blog Network (Spun-Content PBN),High,1,1,1,100%,"P2 - Follow links, low volume",1,0%,0%,0,0,4,0%,no,yes,1,0%,1772192456,1783475433,Free-blog-host domain used exclusively by link vendors; 1 link(s) on throwaway auto-generated accounts.
seodirectory4u.com,https://www.performancelab.com/?a_aid=68990cbe508aa&a_bid=a2ad38c1,https://www.performancelab.com/?a_aid=68990cbe508aa&a_bid=a2ad38c1,DISAVOW,Directory / Link-Scheme Spam Footprint,High,1,1,1,100%,"P2 - Follow links, low volume",1,0%,100%,0,0,2,0%,no,yes,1,0%,1772375765,1783197668,Domain name matches a link-scheme or paid-directory pattern.
directorylinkservice.com,https://www.performancelab.com/,dtcx.com,DISAVOW,Directory / Link-Scheme Spam Footprint,High,1,1,1,100%,P3 - Nofollow only (no equity passed),0,0%,0%,0,0,1006,100%,no,no,1,0%,1772685092,1780197362,Domain name matches a link-scheme or paid-directory pattern.
simedia.co.th,https://www.performancelab.com/blogs/nutrition/taking-pre-workout-with-a-testosterone-booster?srsltid=AfmBOoo3ve1-ArFrDWwqHceT5BCyoLb82TUB2TpyHTGw1gAHgjXVbfau,🍪 TELEGRAM @SALESOVEN | ACCESS TO HACKED SITES FOR SEO | HTTPS://T.ME/SALESOVEN 🔥,DISAVOW,Hacked Site / Injected Link-Vendor Spam,High,1,1,1,100%,P3 - Nofollow only (no equity passed),0,0%,0%,0,0,3003,100%,no,no,1,0%,1772779555,1784921236,"Anchor carries a link-vendor advertisement — the placement is an intrusion on a compromised host, not an editorial link."
jomtien-realty.com,https://www.performancelab.com/,JOIN OUR TELEGRAM https://t.me/s/darksidelinks,DISAVOW,Hacked Site / Injected Link-Vendor Spam,High,1,1,1,100%,P3 - Nofollow only (no equity passed),0,0%,0%,0,0,3003,100%,no,no,1,0%,1772880986,1772880986,"Anchor carries a link-vendor advertisement — the placement is an intrusion on a compromised host, not an editorial link."
creativeposts.top,https://www.performancelab.com/blogs/wellness,testolabpro.com,DISAVOW,Link Farm / Outbound-Link Bloat,High,1,1,1,100%,P3 - Nofollow only (no equity passed),0,0%,0%,0,0,3500,100%,no,no,1,0%,1772968585,1772968585,Average 3500 external links per source page across machine-generated URLs (100% of linking pages).
linkdirectory101.com,https://www.performancelab.com/?a_aid=68990cbe508aa&a_bid=a2ad38c1,https://www.performancelab.com/?a_aid=68990cbe508aa&a_bid=a2ad38c1,DISAVOW,Directory / Link-Scheme Spam Footprint,High,1,1,1,100%,"P2 - Follow links, low volume",1,0%,100%,0,0,2,0%,no,yes,1,0%,1773215682,1783964003,Domain name matches a link-scheme or paid-directory pattern.
optimizeflow.top,https://www.performancelab.com/collections/all-products,nutropic.com,DISAVOW,Link Farm / Outbound-Link Bloat,High,1,1,1,100%,P3 - Nofollow only (no equity passed),0,0%,0%,0,0,3500,100%,no,no,1,0%,1773376323,1773376323,Average 3500 external links per source page across machine-generated URLs (100% of linking pages).
aaniver.com,https://www.performancelab.com/blogs/fitness/female-muscle-growth?srsltid=AfmBOoqeIsAvs0V9Ft9AmUddPHop-zVnDSFczBicd569bVlP5l-6Mr1Z,🍪 TELEGRAM @SALESOVEN | ACCESS TO HACKED SITES FOR SEO | HTTPS://T.ME/SALESOVEN 🔥,DISAVOW,Hacked Site / Injected Link-Vendor Spam,High,1,1,1,100%,P3 - Nofollow only (no equity passed),0,0%,0%,0,0,3009,100%,no,no,1,0%,1773576462,1776402521,"Anchor carries a link-vendor advertisement — the placement is an intrusion on a compromised host, not an editorial link."
alazharcilacap.sch.id,https://www.performancelab.com/,JOIN OUR TELEGRAM https://t.me/s/darksidelinks,DISAVOW,Hacked Site / Injected Link-Vendor Spam,High,1,1,1,100%,P3 - Nofollow only (no equity passed),0,0%,0%,0,0,3004,100%,no,no,1,0%,1773579756,1775640796,"Anchor carries a link-vendor advertisement — the placement is an intrusion on a compromised host, not an editorial link."
wmsonlines.blogspot.com,https://www.performancelab.com/collections/all-products,nutropic.com,DISAVOW,Free-Host Blog Serving a Link Dump,High,1,1,1,100%,P3 - Nofollow only (no equity passed),0,0%,0%,0,0,13511,100%,no,no,1,0%,1773749440,1787067402,"Averages 13,511 outbound links per page on a free blog host — a scraped or compromised template, not a publisher."
top-websites-directory.pages.dev,https://performancelab.com/,performancelab.com,DISAVOW,Free-Host Blog Serving a Link Dump,High,1,1,1,100%,P3 - Nofollow only (no equity passed),0,0%,100%,0,0,10003,100%,no,no,1,0%,1773823673,1776916188,"Averages 10,003 outbound links per page on a free blog host — a scraped or compromised template, not a publisher."
arteza.fr,https://www.performancelab.com/blogs/wellness,JOIN OUR TELEGRAM https://t.me/s/darksidelinks,DISAVOW,Hacked Site / Injected Link-Vendor Spam,High,1,1,1,100%,P3 - Nofollow only (no equity passed),0,0%,0%,0,0,3002,100%,no,no,1,0%,1773828588,1774556547,"Anchor carries a link-vendor advertisement — the placement is an intrusion on a compromised host, not an editorial link."
drjack.world,https://performancelab.com/,performancelab.com,DISAVOW,Link Farm / Outbound-Link Bloat,High,1,1,1,100%,P3 - Nofollow only (no equity passed),0,0%,100%,0,0,3500,100%,no,no,1,0%,1773956888,1784200885,Average 3500 external links per source page across machine-generated URLs (100% of linking pages).
ateliereleaurorei.ro,https://www.performancelab.com/,JOIN OUR TELEGRAM https://t.me/s/darksidelinks,DISAVOW,Hacked Site / Injected Link-Vendor Spam,High,1,1,1,100%,P3 - Nofollow only (no equity passed),0,0%,0%,0,0,3005,100%,no,no,1,0%,1773995433,1776841921,"Anchor carries a link-vendor advertisement — the placement is an intrusion on a compromised host, not an editorial link."
berlin-immobilien-verkaufen.de,https://www.performancelab.com/blogs/wellness,JOIN OUR TELEGRAM https://t.me/s/darksidelinks,DISAVOW,Hacked Site / Injected Link-Vendor Spam,High,1,1,1,100%,P3 - Nofollow only (no equity passed),0,0%,0%,0,0,3006,100%,no,no,1,0%,,,"Anchor carries a link-vendor advertisement — the placement is an intrusion on a compromised host, not an editorial link."
9363.in,http://performancelab.com/,performancelab.com,DISAVOW,Link Farm / Bare-Domain Listing,High,1,1,1,100%,P3 - Nofollow only (no equity passed),0,0%,100%,0,0,1000,100%,no,no,1,0%,,,"Average 1000 outbound links per page with bare-domain anchors on machine-generated URLs — a directory listing, not a citation."
unlimited.pw,http://performancelab.com/,performancelab.com,DISAVOW,Link Farm / Bare-Domain Listing,High,1,1,1,100%,P3 - Nofollow only (no equity passed),0,0%,100%,0,0,1000,100%,no,no,1,0%,,,"Average 1000 outbound links per page with bare-domain anchors on machine-generated URLs — a directory listing, not a citation."
ranktracker.com,https://www.performancelab.com/,performancelab.com (+17 more),REVIEW_MANUALLY,"Off-Topic Source, Branded Anchor Profile",Low,57,28,18,49%,-,57,0%,98%,9,10,31,0%,no,no,1,0%,2025-11-01,2026-08-22,"No topical overlap, but 98% of anchors are brand/URL mentions. Retain unless manual review shows a paid placement."
narcolepsylifeacademy.com,https://www.performancelab.com/products/b-complex (+12 more),Learn more (+13 more),REVIEW_MANUALLY,Low-Authority / Off-Topic Single Placement,Low,26,1,14,50%,-,26,0%,50%,0,0,78,0%,no,no,13,0%,1744695500,1786847993,"Off-topic and low authority, but too little volume to classify with confidence. Manual eyeball recommended."
read.org.in,https://performancelab.com/ (+4 more),nutropic.com (+3 more),REVIEW_MANUALLY,Affiliate Gateway w/ Link-Farm Traits,Medium,23,11,4,39%,-,23,0%,26%,0,0,10158,0%,no,no,5,0%,1767313657,1783038093,Matches affiliate infrastructure but shows OBL bloat; verify the redirect resolves to a live partner offer.
armfighter.com,https://www.performancelab.com/?a_aid=63b5d972ac416&a_bid=a2ad38c1 (+4 more),(empty/image) (+7 more),REVIEW_MANUALLY,Irrelevant Niche Spam (No Topical Overlap) [below disavow confidence bar],Medium,22,4,8,23%,-,22,0%,14%,3,3,16,0%,no,no,5,0%,1723602224,1787397665,No semantic overlap with health/performance across 4 linking pages; median AS 3. Confidence is not High; routed to manual review rather than disavowed.
prnewslink.net,https://uk.performancelab.com/ (+3 more),Link (+5 more),REVIEW_MANUALLY,"Off-Topic Source, Branded Anchor Profile",Low,22,8,6,27%,-,0,0%,64%,4,4,11,100%,no,no,4,0%,1739039775,1787144536,"No topical overlap, but 64% of anchors are brand/URL mentions. Retain unless manual review shows a paid placement."
musicareview.com,https://www.performancelab.com/,Buy Now!,REVIEW_MANUALLY,Irrelevant Niche Spam (No Topical Overlap) [below disavow confidence bar],Medium,21,21,1,100%,-,0,0%,0%,0,0,22,100%,no,no,1,0%,1684638889,1777955513,No semantic overlap with health/performance across 21 linking pages; median AS 0. Confidence is not High; routed to manual review rather than disavowed.
way2check.cv,https://www.performancelab.com/ (+4 more),nutropic.com (+3 more),REVIEW_MANUALLY,Affiliate Gateway w/ Link-Farm Traits,Medium,21,11,4,38%,-,21,0%,24%,0,0,10159,0%,no,no,5,0%,1768639124,1787257424,Matches affiliate infrastructure but shows OBL bloat; verify the redirect resolves to a live partner offer.
eastphoenixau.com,https://www.performancelab.com/blogs/stim/coffee-vs-caffeine-pills (+4 more),Coffee vs Caffeine Pills - Performance Lab® (+4 more),REVIEW_MANUALLY,"Off-Topic Source, Branded Anchor Profile",Low,20,9,5,50%,-,0,20%,50%,0,0,48,100%,no,no,5,0%,1738822344,1786691359,"No topical overlap, but 50% of anchors are brand/URL mentions. Retain unless manual review shows a paid placement."
wants.cfd,https://www.performancelab.com/ (+4 more),dtcx.com (+3 more),REVIEW_MANUALLY,"High-OBL Page, Human-Authored URL",Low,20,14,4,45%,-,0,0%,20%,0,0,2817,100%,no,no,5,0%,1765321611,1785754487,"Pages average 2817 outbound links, but the linking URLs are not machine-generated (20% brand/URL anchors). Read the page before acting — a reference list, a personal links page and a link dump all look like this in aggregate."
27.be,https://www.performancelab.com/,.com,REVIEW_MANUALLY,"High-OBL Page, Human-Authored URL",Low,19,19,1,100%,-,19,0%,0%,0,0,232,0%,no,no,1,0%,,,"Pages average 232 outbound links, but the linking URLs are not machine-generated (0% brand/URL anchors). Read the page before acting — a reference list, a personal links page and a link dump all look like this in aggregate."
duckduckgo.github.io,http://performancelab.com/ (+1 more),performancelab.com (+1 more),REVIEW_MANUALLY,"High-OBL Page, Human-Authored URL",Low,18,9,2,50%,-,18,0%,100%,0,0,17624,0%,no,no,2,0%,1721228780,1782549325,"Pages average 17624 outbound links, but the linking URLs are not machine-generated (100% brand/URL anchors). Read the page before acting — a reference list, a personal links page and a link dump all look like this in aggregate."
meghanbell.com,https://www.performancelab.com/blogs/omega-3/omega-3-with-vitamin-d,involved in,REVIEW_MANUALLY,"High-OBL Page, Human-Authored URL",Low,18,18,1,100%,-,18,0%,0%,0,2,247,0%,no,no,1,0%,1726876193,1784521030,"Pages average 247 outbound links, but the linking URLs are not machine-generated (0% brand/URL anchors). Read the page before acting — a reference list, a personal links page and a link dump all look like this in aggregate."
theaffiliateslist.com,https://www.performancelab.com/ (+1 more),Laboratorio de rendimiento (+17 more),REVIEW_MANUALLY,"Off-Topic Source, Branded Anchor Profile",Low,18,9,18,6%,-,0,0%,50%,0,0,48,100%,no,no,2,0%,1738007401,1787444885,"No topical overlap, but 50% of anchors are brand/URL mentions. Retain unless manual review shows a paid placement."
cro.media,https://eu.performancelab.com/?ref=cro.media (+1 more),eu.performancelab.com (+1 more),REVIEW_MANUALLY,"High-OBL Page, Human-Authored URL",Low,16,16,2,50%,-,0,0%,100%,4,5,716,100%,no,no,2,0%,1766300551,2026-07-30,"Pages average 716 outbound links, but the linking URLs are not machine-generated (100% brand/URL anchors). Read the page before acting — a reference list, a personal links page and a link dump all look like this in aggregate."
geriatricacademy.com,https://www.performancelab.com/?a_aid=62177f4de2bda&a_bid=a2ad38c1 (+7 more),PerformanceLab (+8 more),REVIEW_MANUALLY,"Off-Topic Source, Branded Anchor Profile",Low,15,9,9,27%,-,15,0%,47%,1,8,12,0%,no,no,8,13%,1739604700,2026-06-06,"No topical overlap, but 47% of anchors are brand/URL mentions. Retain unless manual review shows a paid placement."
globalecommerce.org,https://www.performancelab.com/collections/all-products (+4 more),nutropic.com (+3 more),REVIEW_MANUALLY,Affiliate Gateway w/ Link-Farm Traits,Medium,15,12,4,40%,-,15,0%,20%,0,0,10159,0%,no,no,5,0%,1765582216,1787328644,Matches affiliate infrastructure but shows OBL bloat; verify the redirect resolves to a live partner offer.
aspiration.marketing,https://www.performancelab.com/,science-led nutritional supplements (+13 more),REVIEW_MANUALLY,"Off-Topic Source, Branded Anchor Profile",Low,14,7,14,7%,-,14,0%,50%,6,6,31,0%,no,no,1,0%,2026-06-26,2026-08-20,"No topical overlap, but 50% of anchors are brand/URL mentions. Retain unless manual review shows a paid placement."
getwebsiteworth.com,https://www.performancelab.com/ (+4 more),nutropic.com (+3 more),REVIEW_MANUALLY,Affiliate Gateway w/ Link-Farm Traits,Medium,14,11,4,43%,-,14,0%,14%,0,0,9002,0%,no,no,5,0%,1765233139,1787619024,Matches affiliate infrastructure but shows OBL bloat; verify the redirect resolves to a live partner offer.
reneebovet.co,https://www.performancelab.com/products/pl-immune?a_aid=6244b1a0655e9&a_bid=a2ad38c1 (+9 more),(empty/image) (+7 more),REVIEW_MANUALLY,Low-Authority / Off-Topic Single Placement,Low,14,1,8,50%,-,14,0%,0%,0,0,34,0%,no,no,10,0%,,,"Off-topic and low authority, but too little volume to classify with confidence. Manual eyeball recommended."
wallpapers.pro,https://www.performancelab.com/ (+4 more),nutropic.com (+3 more),REVIEW_MANUALLY,Affiliate Gateway w/ Link-Farm Traits,Medium,13,11,4,31%,-,13,0%,23%,0,0,9001,0%,no,no,5,0%,1766857103,1787580887,Matches affiliate infrastructure but shows OBL bloat; verify the redirect resolves to a live partner offer.
scentses4d.wordpress.com,https://www.performancelab.com/blogs/multi/how-long-do-vitamins-stay-in-your-system,https://www.performancelab.com/blogs/multi/how-long-do-vitamins-stay-in-your-system,REVIEW_MANUALLY,"High-OBL Page, Human-Authored URL",Low,12,10,1,100%,-,4,0%,100%,0,0,1792,67%,no,yes,1,0%,1748538790,1786934110,"Pages average 1792 outbound links, but the linking URLs are not machine-generated (100% brand/URL anchors). Read the page before acting — a reference list, a personal links page and a link dump all look like this in aggregate."
955x.com,http://global.performancelab.com/,performancelab.com,REVIEW_MANUALLY,"Off-Topic Source, Branded Anchor Profile",Low,12,12,1,100%,-,0,0%,100%,0,0,11,100%,no,no,1,42%,1752037862,1782637880,"No topical overlap, but 100% of anchors are brand/URL mentions. Retain unless manual review shows a paid placement."
tunca.org,https://performancelab.com/ (+4 more),nutropic.com (+3 more),REVIEW_MANUALLY,Affiliate Gateway w/ Link-Farm Traits,Medium,12,10,4,33%,-,12,0%,25%,0,0,9002,0%,no,no,5,0%,1768936845,1787404499,Matches affiliate infrastructure but shows OBL bloat; verify the redirect resolves to a live partner offer.
websiterace.com,https://www.performancelab.com/collections/all-products (+4 more),nutropic.com (+3 more),REVIEW_MANUALLY,Affiliate Gateway w/ Link-Farm Traits,Medium,10,9,4,40%,-,10,0%,20%,0,0,9002,0%,no,no,5,0%,1767015563,1787526758,Matches affiliate infrastructure but shows OBL bloat; verify the redirect resolves to a live partner offer.
musweb.org,https://www.performancelab.com/blogs/wellness (+4 more),nutropic.com (+3 more),REVIEW_MANUALLY,Affiliate Gateway w/ Link-Farm Traits,Medium,10,9,4,30%,-,10,0%,20%,0,0,10159,0%,no,no,5,0%,1768238112,1773528911,Matches affiliate infrastructure but shows OBL bloat; verify the redirect resolves to a live partner offer.
egyptiandirectory.com,https://www.performancelab.com/blogs/wellness (+4 more),nutropic.com (+3 more),REVIEW_MANUALLY,Affiliate Gateway w/ Link-Farm Traits,Medium,10,8,4,40%,-,10,0%,20%,0,0,10159,0%,no,no,5,0%,1768968355,1781876478,Matches affiliate infrastructure but shows OBL bloat; verify the redirect resolves to a live partner offer.
australianwebdirectory.shop,https://www.performancelab.com/collections/nutropic (+4 more),nutropic.com (+3 more),REVIEW_MANUALLY,Affiliate Gateway w/ Link-Farm Traits,Medium,10,9,4,40%,-,10,0%,20%,0,0,10159,0%,no,no,5,0%,1770931912,1773571113,Matches affiliate infrastructure but shows OBL bloat; verify the redirect resolves to a live partner offer.
altgng.com,https://www.performancelab.com/blogs/nutrition/inositol-for-men,https://www. performancelab.com/blogs/nutrition/inositol-f or-men,REVIEW_MANUALLY,"Off-Topic Source, Branded Anchor Profile",Low,10,10,1,100%,-,10,0%,100%,0,0,13,0%,no,no,1,0%,,,"No topical overlap, but 100% of anchors are brand/URL mentions. Retain unless manual review shows a paid placement."
takes.sbs,https://www.performancelab.com/ (+4 more),dtcx.com (+3 more),REVIEW_MANUALLY,"High-OBL Page, Human-Authored URL",Low,9,8,4,44%,-,0,0%,11%,0,6,2314,100%,no,no,5,0%,1765350825,2026-07-08,"Pages average 2314 outbound links, but the linking URLs are not machine-generated (11% brand/URL anchors). Read the page before acting — a reference list, a personal links page and a link dump all look like this in aggregate."
stamic.it,https://www.performancelab.com/collections/all-products,(empty/image) (+8 more),REVIEW_MANUALLY,Low-Authority / Off-Topic Single Placement,Low,9,1,9,11%,-,2,0%,0%,0,0,14,78%,no,no,1,0%,1725248854,1787433882,"Off-topic and low authority, but too little volume to classify with confidence. Manual eyeball recommended."
aferg.co,https://global.performancelab.com/products/nutrigenesis-multi-men (+5 more),(empty/image),REVIEW_MANUALLY,Irrelevant Niche Spam (No Topical Overlap) [below disavow confidence bar],Medium,8,7,1,100%,-,8,0%,0%,0,2,0,0%,no,no,6,0%,1728702910,1787571965,No semantic overlap with health/performance across 7 linking pages; median AS 0. Confidence is not High; routed to manual review rather than disavowed.
2x9.co,https://performancelab.com/ (+4 more),nutropic.com (+3 more),REVIEW_MANUALLY,Affiliate Gateway w/ Link-Farm Traits,Medium,8,7,4,38%,-,8,0%,25%,0,0,10159,0%,no,no,5,0%,1765020826,1781279221,Matches affiliate infrastructure but shows OBL bloat; verify the redirect resolves to a live partner offer.
morerss.com,https://www.performancelab.com/,Performance Lab (+1 more),REVIEW_MANUALLY,"Off-Topic Source, Branded Anchor Profile",Low,8,4,2,50%,-,8,0%,100%,0,0,105,0%,no,no,1,0%,1769212144,1772763899,"No topical overlap, but 100% of anchors are brand/URL mentions. Retain unless manual review shows a paid placement."
metabengsci.com,https://www.performancelab.com/blogs/energy/energy-pills?srsltid=AfmBOorJ1LO_NmtDs6Hj3nT0sIE1pnDIJ3HxWXYD8pOCIu7cQ7I4oasz,[74] (+1 more),REVIEW_MANUALLY,"High-OBL Page, Human-Authored URL",Low,8,4,2,50%,-,8,0%,50%,0,0,264,0%,no,yes,1,0%,,,"Pages average 264 outbound links, but the linking URLs are not machine-generated (50% brand/URL anchors). Read the page before acting — a reference list, a personal links page and a link dump all look like this in aggregate."
dtcx.com,https://www.performancelab.com/ (+2 more),(empty/image) (+2 more),REVIEW_MANUALLY,Irrelevant Niche Spam (No Topical Overlap) [below disavow confidence bar],Medium,7,5,3,57%,-,7,0%,14%,0,0,1,0%,no,no,3,0%,1725511332,1787507522,No semantic overlap with health/performance across 5 linking pages; median AS 0. Confidence is not High; routed to manual review rather than disavowed.
knowyourbrain2.weebly.com,https://www.performancelab.com/products/sleep (+2 more),Performance Lab® Sleep (+2 more),REVIEW_MANUALLY,"High-OBL Page, Human-Authored URL",Low,7,6,3,43%,-,0,0%,100%,0,0,219,100%,no,yes,3,0%,1739933030,1785104599,"Pages average 219 outbound links, but the linking URLs are not machine-generated (100% brand/URL anchors). Read the page before acting — a reference list, a personal links page and a link dump all look like this in aggregate."
suppleroo.com,https://www.performancelab.com/,www.performancelab.com,REVIEW_MANUALLY,"Off-Topic Source, Branded Anchor Profile",Low,7,7,1,100%,-,0,0%,100%,0,0,2,100%,no,no,1,57%,1760359535,1783776611,"No topical overlap, but 100% of anchors are brand/URL mentions. Retain unless manual review shows a paid placement."
runningwebsites.net,https://performancelab.com/ (+3 more),performancelab.com (+3 more),REVIEW_MANUALLY,Affiliate Gateway w/ Link-Farm Traits,Medium,7,7,4,43%,-,7,0%,43%,0,0,9002,0%,no,yes,4,0%,1768030807,1771244163,Matches affiliate infrastructure but shows OBL bloat; verify the redirect resolves to a live partner offer.
factmags.com,https://www.performancelab.com/blogs/wellness (+3 more),https://testolabpro.com/ (+2 more),REVIEW_MANUALLY,"High-OBL Page, Human-Authored URL",Low,7,7,3,43%,-,0,0%,100%,0,0,8884,100%,no,no,4,0%,1771520448,1787464432,"Pages average 8884 outbound links, but the linking URLs are not machine-generated (100% brand/URL anchors). Read the page before acting — a reference list, a personal links page and a link dump all look like this in aggregate."
abc-directory.com,https://www.performancelab.com/,http://www.performancelabs.com/,REVIEW_MANUALLY,"Off-Topic Source, Branded Anchor Profile",Low,6,6,1,100%,-,0,0%,100%,0,0,16,100%,no,no,1,0%,1734035438,1787108809,"No topical overlap, but 100% of anchors are brand/URL mentions. Retain unless manual review shows a paid placement."
salaosot.com,https://www.performancelab.com/blogs/vision/bilberry-extract-benefits-for-eyes-health-and-optimal-dosage,https://www.performancelab.com/blogs/vision/bilberry-extract-benefits-for-eyes-health-and-optimal-dosage,REVIEW_MANUALLY,"Off-Topic Source, Branded Anchor Profile",Low,6,6,1,100%,-,6,0%,100%,3,4,27,0%,no,no,1,0%,1742060223,1786732114,"No topical overlap, but 100% of anchors are brand/URL mentions. Retain unless manual review shows a paid placement."
drugs-forum.org,https://www.performancelab.com/blogs/sleep/tart-cherry-juice-vs-capsules (+4 more),Read more (+1 more),REVIEW_MANUALLY,Irrelevant Niche Spam (No Topical Overlap) [below disavow confidence bar],Medium,6,6,2,83%,-,6,0%,0%,0,0,1,0%,no,no,5,0%,1748332038,1774267798,No semantic overlap with health/performance across 6 linking pages; median AS 0. Confidence is not High; routed to manual review rather than disavowed.
geni.us,https://www.performancelab.com/products/nutrigenesis-multi-men (+4 more),(empty/image),REVIEW_MANUALLY,Irrelevant Niche Spam (No Topical Overlap) [below disavow confidence bar],Medium,6,5,1,100%,-,6,0%,0%,0,0,0,0%,no,no,5,0%,1753295057,1787522562,No semantic overlap with health/performance across 5 linking pages; median AS 0. Confidence is not High; routed to manual review rather than disavowed.
caffeine-alternatives.com,https://www.performancelab.com/products/b-complex?a_aid=648aeb87e86fc&a_cid=f4c3e754 (+4 more),Learn More (+3 more),REVIEW_MANUALLY,Low-Authority / Off-Topic Single Placement,Low,6,1,4,50%,-,3,0%,50%,0,0,7,50%,no,no,5,0%,1756363518,1784107095,"Off-topic and low authority, but too little volume to classify with confidence. Manual eyeball recommended."
blacksonwhites.com,https://www.performancelab.com/ (+2 more),dtcx.com (+2 more),REVIEW_MANUALLY,Affiliate Gateway w/ Link-Farm Traits,Medium,6,6,3,33%,-,6,0%,33%,0,0,9001,0%,no,no,3,0%,1767839392,1771206674,Matches affiliate infrastructure but shows OBL bloat; verify the redirect resolves to a live partner offer.
gutandbody.com,https://www.performancelab.com/products/prebiotic,Check Price →,REVIEW_MANUALLY,Elevated OBL on Low-Authority Pages,Low,6,6,1,100%,-,0,0%,0%,0,0,82,100%,no,yes,1,0%,1771443038,1783490350,Average 82 outbound links on low-authority pages; check for guest-post-network traits.
onlyboosts.social,https://www.performancelab.com/breedlove (+4 more),https://www.performancelab.com/breedlove (+4 more),REVIEW_MANUALLY,"Off-Topic Source, Branded Anchor Profile",Low,6,6,5,33%,-,6,0%,100%,0,0,28,0%,no,no,5,0%,,,"No topical overlap, but 100% of anchors are brand/URL mentions. Retain unless manual review shows a paid placement."
knows.sbs,https://www.performancelab.com/ (+3 more),dtcx.com (+2 more),REVIEW_MANUALLY,"High-OBL Page, Human-Authored URL",Low,5,4,3,40%,-,0,0%,20%,0,6,2587,100%,no,no,4,0%,1766115623,2026-06-17,"Pages average 2587 outbound links, but the linking URLs are not machine-generated (20% brand/URL anchors). Read the page before acting — a reference list, a personal links page and a link dump all look like this in aggregate."
developmentmi.com,https://performancelab.com/ (+1 more),performancelab (+1 more),REVIEW_MANUALLY,"High-OBL Page, Human-Authored URL",Low,5,5,2,80%,-,5,0%,80%,0,0,2255,0%,no,no,2,0%,1704104627,1784171378,"Pages average 2255 outbound links, but the linking URLs are not machine-generated (80% brand/URL anchors). Read the page before acting — a reference list, a personal links page and a link dump all look like this in aggregate."
biohacking.reviews,https://www.performancelab.com/collections/nutropic (+4 more),BUY (+2 more),REVIEW_MANUALLY,Elevated OBL on Low-Authority Pages,Low,5,4,3,60%,-,0,0%,0%,0,0,122,100%,no,yes,5,0%,1705786733,1787550513,Average 122 outbound links on low-authority pages; check for guest-post-network traits.
manufacturerusa.com,https://www.performancelab.com/,"Performance Labs, Inc.",REVIEW_MANUALLY,"Off-Topic Source, Branded Anchor Profile",Low,5,5,1,100%,-,5,0%,100%,0,0,12,0%,no,no,1,0%,1737743076,1776264195,"No topical overlap, but 100% of anchors are brand/URL mentions. Retain unless manual review shows a paid placement."
pr.report,https://www.performancelab.com/products/sleep (+1 more),(empty/image),REVIEW_MANUALLY,Irrelevant Niche Spam (No Topical Overlap) [below disavow confidence bar],Medium,5,5,1,100%,-,5,0%,0%,3,4,0,0%,no,no,2,0%,1740954913,1785497340,No semantic overlap with health/performance across 5 linking pages; median AS 3. Confidence is not High; routed to manual review rather than disavowed.
thecloudherald.com,https://www.performancelab.com/collections/all-products (+4 more),visit nutropic.com for latest info (+3 more),REVIEW_MANUALLY,"High-OBL Page, Human-Authored URL",Low,5,4,4,40%,-,0,0%,20%,0,0,10000,100%,no,no,5,0%,1741479002,1786956656,"Pages average 10000 outbound links, but the linking URLs are not machine-generated (20% brand/URL anchors). Read the page before acting — a reference list, a personal links page and a link dump all look like this in aggregate."
webranksite.com,https://performancelab.com/ (+1 more),performancelab (+1 more),REVIEW_MANUALLY,"High-OBL Page, Human-Authored URL",Low,5,5,2,80%,-,5,0%,80%,0,0,2703,0%,no,no,2,0%,1742184393,1787433158,"Pages average 2703 outbound links, but the linking URLs are not machine-generated (80% brand/URL anchors). Read the page before acting — a reference list, a personal links page and a link dump all look like this in aggregate."
losmejoressuplementos.es,https://eu.performancelab.com/collections/sport-range/products/pre?a_aid=54aab6ff77992&a_bid=a2ad38c1&chan=bs2019 (+4 more),Comprar ahora,REVIEW_MANUALLY,Irrelevant Niche Spam (No Topical Overlap) [below disavow confidence bar],Medium,5,3,1,100%,-,5,0%,0%,0,0,7,0%,no,no,5,0%,1744113662,1786368420,No semantic overlap with health/performance across 3 linking pages; median AS 0. Confidence is not High; routed to manual review rather than disavowed.
businessvocal.com,https://www.performancelab.com/collections/all-products (+4 more),visit nutropic.com for latest info (+3 more),REVIEW_MANUALLY,"High-OBL Page, Human-Authored URL",Low,5,4,4,40%,-,0,0%,20%,0,0,10000,100%,no,no,5,0%,1746125651,1774932325,"Pages average 10000 outbound links, but the linking URLs are not machine-generated (20% brand/URL anchors). Read the page before acting — a reference list, a personal links page and a link dump all look like this in aggregate."
orthofoodie.app,https://www.performancelab.com/blogs/omega-3/omega-3-and-coq10-together,https://www.performancelab.com/blogs/omega-3/omega-3-and-coq10-together,REVIEW_MANUALLY,"Off-Topic Source, Branded Anchor Profile",Low,5,5,1,100%,-,0,0%,100%,2,2,7,100%,no,no,1,0%,1748461629,1786930009,"No topical overlap, but 100% of anchors are brand/URL mentions. Retain unless manual review shows a paid placement."
starcourts.com,https://performancelab.com/ (+1 more),performancelab (+1 more),REVIEW_MANUALLY,"High-OBL Page, Human-Authored URL",Low,5,5,2,80%,-,5,0%,80%,0,0,2255,0%,no,no,2,20%,1749734685,1785670222,"Pages average 2255 outbound links, but the linking URLs are not machine-generated (80% brand/URL anchors). Read the page before acting — a reference list, a personal links page and a link dump all look like this in aggregate."
farmaciacanfora.com,https://www.performancelab.com/blogs/joint-support/glucosamine-vs-turmeric (+3 more),Performance Lab (+1 more),REVIEW_MANUALLY,"Off-Topic Source, Branded Anchor Profile",Low,5,4,2,80%,-,0,0%,100%,0,0,6,100%,no,no,4,0%,1759968644,1787575956,"No topical overlap, but 100% of anchors are brand/URL mentions. Retain unless manual review shows a paid placement."
simplewebdirectory.com,https://www.performancelab.com/blogs/wellness (+3 more),testolabpro.com (+3 more),REVIEW_MANUALLY,Affiliate Gateway w/ Link-Farm Traits,Medium,5,5,4,40%,-,5,0%,20%,0,0,9001,0%,no,no,4,0%,1767251639,1770686373,Matches affiliate infrastructure but shows OBL bloat; verify the redirect resolves to a live partner offer.
vuink.com,https://www.performancelab.com/blogs/caffeine-2/how-long-to-reset-caffeine-tolerance (+2 more),How Long to Reset Caffeine Tolerance: A Complete Guide | Performance Lab® (+3 more),REVIEW_MANUALLY,"Off-Topic Source, Branded Anchor Profile",Low,5,4,4,40%,-,5,0%,80%,0,0,21,0%,no,no,3,0%,1767946085,1785421748,"No topical overlap, but 80% of anchors are brand/URL mentions. Retain unless manual review shows a paid placement."
rugbynewsbeast.com,https://mis.performancelab.com/assets/images/ieh0de/index.php?z7967=busted-mugshots-chattanooga (+4 more),nt (+4 more),REVIEW_MANUALLY,"High-OBL Page, Human-Authored URL",Low,5,1,5,20%,-,5,0%,0%,0,0,1501,0%,no,yes,5,0%,1769975521,1769975521,"Pages average 1501 outbound links, but the linking URLs are not machine-generated (0% brand/URL anchors). Read the page before acting — a reference list, a personal links page and a link dump all look like this in aggregate."
decoupage-paper.com,https://www.performancelab.com/,Source,REVIEW_MANUALLY,Elevated OBL on Low-Authority Pages,Low,5,5,1,100%,-,0,0%,0%,0,0,91,100%,no,yes,1,0%,,,Average 91 outbound links on low-authority pages; check for guest-post-network traits.
heatworld.com,https://uk.performancelab.com/products/mind (+1 more),View offer (+2 more),REVIEW_MANUALLY,Unclassified - Insufficient Signal,Low,4,2,3,50%,-,4,0%,50%,12,13,75,0%,yes,no,2,0%,2025-02-04,2026-08-21,Does not match any spam pattern but relevance is unproven.
goodpods.com,https://www.performancelab.com/,https://www.performancelab.com/,REVIEW_MANUALLY,"Off-Topic Source, Branded Anchor Profile",Low,4,4,1,100%,-,4,0%,100%,4.5,9,10,0%,no,no,1,0%,1770450391,2026-05-26,"No topical overlap, but 100% of anchors are brand/URL mentions. Retain unless manual review shows a paid placement."
herway.net,https://www.performancelab.com/blogs/caffeine-2/the-caffeine-trap?srsltid=AfmBOoqHyB9g3WLkEydXbz19LqjeRBnZfIvquXkOU7EFXLv3d41ya0R9,© Performance Lab,REVIEW_MANUALLY,"Off-Topic Source, Branded Anchor Profile",Low,4,4,1,100%,-,4,0%,100%,8,8,16,0%,no,no,1,0%,2025-10-26,2026-08-21,"No topical overlap, but 100% of anchors are brand/URL mentions. Retain unless manual review shows a paid placement."
freestufftimes.com,https://www.performancelab.com/,http://www.performancelabs.com/pli-vip/pli-vip.html (+1 more),REVIEW_MANUALLY,Coupon / Deals Aggregator - Retain by Default,Medium,4,4,2,75%,-,4,0%,75%,4.5,5,71,0%,no,no,1,25%,1762477695,2026-08-11,Coupon and deals aggregators are protected architecture; confirm the offer resolves before considering any action.
kiladeals.com,https://www.performancelab.com/products/energy?a_aid=6645db9432cfa&a_cid=f4c3e754 (+3 more),click here (+2 more),REVIEW_MANUALLY,Coupon / Deals Aggregator - Retain by Default,Medium,4,4,3,50%,-,2,0%,50%,0,0,5,50%,no,yes,4,0%,1728671779,1786233927,Coupon and deals aggregators are protected architecture; confirm the offer resolves before considering any action.
roidless.com,https://www.performancelab.com/products/nutrigenesis-multi-men (+1 more),Check Price (+2 more),REVIEW_MANUALLY,Elevated OBL on Low-Authority Pages,Low,4,2,3,50%,-,0,0%,50%,0,0,90,100%,no,yes,2,0%,1729461270,1781010883,Average 90 outbound links on low-authority pages; check for guest-post-network traits.
humanperformancehub.co.uk,https://www.performancelab.com/blogs/omega-3/how-much-omega-3-per-day-for-athletes,Improves physical performance,REVIEW_MANUALLY,Elevated OBL on Low-Authority Pages,Low,4,4,1,100%,-,4,0%,0%,2,2,90,0%,no,yes,1,0%,1729468886,1786715552,Average 90 outbound links on low-authority pages; check for guest-post-network traits.
happybodyformula.com,https://www.performancelab.com/collections/sport-range/products/post?a_aid=5c5c7de62fe75&amp%3Ba_bid=3f352049,Performance Lab Post Workout Performance Lab Post Workout (+1 more),REVIEW_MANUALLY,Elevated OBL on Low-Authority Pages,Low,4,2,2,50%,-,0,0%,50%,0,0,108,100%,no,yes,1,0%,1732574682,1786198344,Average 108 outbound links on low-authority pages; check for guest-post-network traits.
producthubspot.com,https://www.performancelab.com/products/sleep (+1 more),Check Price (+3 more),REVIEW_MANUALLY,Elevated OBL on Low-Authority Pages,Low,4,2,4,25%,-,0,0%,75%,0,0,102,100%,no,yes,2,0%,1738002003,1775489282,Average 102 outbound links on low-authority pages; check for guest-post-network traits.
naturalhealthwriter.com,https://www.performancelab.com/blogs/prebiotic/best-probiotic-for-constipation (+1 more),Best Probiotic for Constipation (+1 more),REVIEW_MANUALLY,Elevated Exact-Match Anchor Ratio,Medium,4,3,2,75%,-,4,75%,0%,0,0,16,0%,no,yes,2,0%,1738491182,1787365009,75% exact-match commercial anchors; verify placements are editorial rather than purchased.
kingranks.com,https://performancelab.com/,performancelab,REVIEW_MANUALLY,"High-OBL Page, Human-Authored URL",Low,4,4,1,100%,-,4,0%,100%,0,0,2448,0%,no,no,1,0%,1743196472,1787580590,"Pages average 2448 outbound links, but the linking URLs are not machine-generated (100% brand/URL anchors). Read the page before acting — a reference list, a personal links page and a link dump all look like this in aggregate."
jsr-productions.com,https://www.performancelab.com/blogs/fitness/10-benefits-of-lifting-weights-and-strength-training,[Source],REVIEW_MANUALLY,Irrelevant Niche Spam (No Topical Overlap) [below disavow confidence bar],Medium,4,4,1,100%,-,4,0%,0%,0,0,21,0%,no,no,1,0%,1747743326,1787335379,No semantic overlap with health/performance across 4 linking pages; median AS 0. Confidence is not High; routed to manual review rather than disavowed.
heavenarticle.com,https://performancelab.com/,performancelab,REVIEW_MANUALLY,"High-OBL Page, Human-Authored URL",Low,4,4,1,100%,-,4,0%,100%,0,0,2450,0%,no,no,1,0%,1748390629,1773888748,"Pages average 2450 outbound links, but the linking URLs are not machine-generated (100% brand/URL anchors). Read the page before acting — a reference list, a personal links page and a link dump all look like this in aggregate."
fi38.com,https://www.performancelab.com/products/nutrigenesis-multi-men,BUY NOW (+1 more),REVIEW_MANUALLY,Low-Authority / Off-Topic Single Placement,Low,4,2,2,50%,-,4,0%,50%,0,0,30,0%,no,no,1,0%,1748865100,1770193667,"Off-topic and low authority, but too little volume to classify with confidence. Manual eyeball recommended."
nordicislandsar.com,https://www.performancelab.com/products/fat-burner,Ознакомьтесь с программой Performance Lab SPORT Fat Burner здесь! (+3 more),REVIEW_MANUALLY,"Off-Topic Source, Branded Anchor Profile",Low,4,4,4,25%,-,4,0%,50%,0,0,32,0%,no,no,1,0%,1756211591,1779874294,"No topical overlap, but 50% of anchors are brand/URL mentions. Retain unless manual review shows a paid placement."
systemsbridge.ca,https://www.performancelab.com/blogs/fitness/metabolic-types-tips-to-max-out-your-physique,performancelab.com,REVIEW_MANUALLY,"Off-Topic Source, Branded Anchor Profile",Low,4,4,1,100%,-,0,0%,100%,0,0,11,100%,no,no,1,0%,1763053494,1784693111,"No topical overlap, but 100% of anchors are brand/URL mentions. Retain unless manual review shows a paid placement."
skylinkseo.site,https://www.performancelab.com/collections/nutropic (+3 more),nutropic.com (+2 more),REVIEW_MANUALLY,"High-OBL Page, Human-Authored URL",Low,4,3,3,50%,-,0,0%,25%,0,0,2504,100%,no,no,4,0%,1763212114,1784579110,"Pages average 2504 outbound links, but the linking URLs are not machine-generated (25% brand/URL anchors). Read the page before acting — a reference list, a personal links page and a link dump all look like this in aggregate."
knows.monster,https://www.performancelab.com/blogs/wellness (+2 more),testolabpro.com (+2 more),REVIEW_MANUALLY,"High-OBL Page, Human-Authored URL",Low,4,4,3,50%,-,0,0%,25%,0,0,1973,100%,no,no,3,0%,1766479435,1786905206,"Pages average 1973 outbound links, but the linking URLs are not machine-generated (25% brand/URL anchors). Read the page before acting — a reference list, a personal links page and a link dump all look like this in aggregate."
seodomains.website,https://www.performancelab.com/collections/all-products (+3 more),nutropic.com (+2 more),REVIEW_MANUALLY,"High-OBL Page, Human-Authored URL",Low,4,3,3,50%,-,0,0%,0%,0,0,2740,100%,no,no,4,0%,1767303044,1787279468,"Pages average 2740 outbound links, but the linking URLs are not machine-generated (0% brand/URL anchors). Read the page before acting — a reference list, a personal links page and a link dump all look like this in aggregate."
freemyip.com,https://www.performancelab.com/collections/nutropic (+3 more),nutropic.com (+2 more),REVIEW_MANUALLY,"High-OBL Page, Human-Authored URL",Low,4,3,3,50%,-,0,0%,25%,0,0,3500,100%,no,no,4,0%,1769649149,1786386622,"Pages average 3500 outbound links, but the linking URLs are not machine-generated (25% brand/URL anchors). Read the page before acting — a reference list, a personal links page and a link dump all look like this in aggregate."
gcorp.cc,https://www.performancelab.com/blogs/nutrition/vitamin-c-bodybuilding-benefits?srsltid=AfmBOoo64hhvuC1aleRh6CYn4of-T6v0Up7YyJpAHndomY19nofnofo6B,آزمایشگاه عملکرد,REVIEW_MANUALLY,Irrelevant Niche Spam (No Topical Overlap) [below disavow confidence bar],Medium,4,4,1,100%,-,4,0%,0%,0,0,16,0%,no,no,1,0%,1771619212,1776267594,No semantic overlap with health/performance across 4 linking pages; median AS 0. Confidence is not High; routed to manual review rather than disavowed.
anchorurl.cloud,https://www.performancelab.com/ (+2 more),dtcx.com (+2 more),REVIEW_MANUALLY,"High-OBL Page, Human-Authored URL",Low,4,4,3,50%,-,0,0%,25%,0,0,3500,100%,no,no,3,0%,,,"Pages average 3500 outbound links, but the linking URLs are not machine-generated (25% brand/URL anchors). Read the page before acting — a reference list, a personal links page and a link dump all look like this in aggregate."
dapago.net,https://www.performancelab.com/ (+1 more),Source,REVIEW_MANUALLY,Elevated OBL on Low-Authority Pages,Low,4,4,1,100%,-,0,0%,0%,0,0,86,100%,no,yes,2,0%,,,Average 86 outbound links on low-authority pages; check for guest-post-network traits.
eu.com,https://www.performancelab.com/blogs/wellness (+3 more),testolabpro.com (+3 more),REVIEW_MANUALLY,"High-OBL Page, Human-Authored URL",Low,4,4,4,25%,-,4,0%,25%,0,0,18503,0%,no,no,4,0%,,,"Pages average 18503 outbound links, but the linking URLs are not machine-generated (25% brand/URL anchors). Read the page before acting — a reference list, a personal links page and a link dump all look like this in aggregate."
gb.net,https://performancelab.com/ (+3 more),performancelab.com (+3 more),REVIEW_MANUALLY,"High-OBL Page, Human-Authored URL",Low,4,4,4,25%,-,4,0%,25%,0,0,18003,0%,no,no,4,0%,,,"Pages average 18003 outbound links, but the linking URLs are not machine-generated (25% brand/URL anchors). Read the page before acting — a reference list, a personal links page and a link dump all look like this in aggregate."
it.com,https://performancelab.com/ (+3 more),performancelab.com (+3 more),REVIEW_MANUALLY,"High-OBL Page, Human-Authored URL",Low,4,4,4,25%,-,4,0%,25%,0,0,17503,0%,no,no,4,0%,,,"Pages average 17503 outbound links, but the linking URLs are not machine-generated (25% brand/URL anchors). Read the page before acting — a reference list, a personal links page and a link dump all look like this in aggregate."
weathersaverpro.substack.com,https://www.performancelab.com/,https://rebrand.ly/e44888 (+2 more),REVIEW_MANUALLY,Unclassified - Insufficient Signal,Low,3,2,3,33%,-,3,0%,67%,19,19,6,0%,no,no,1,0%,2026-06-07,2026-08-20,Does not match any spam pattern but relevance is unproven.
pluska.sk,https://www.performancelab.com/blogs/fat-loss/foods-with-high-thermic-effect,Štúdia,REVIEW_MANUALLY,Unclassified - Insufficient Signal,Low,3,3,1,100%,-,3,0%,0%,14,14,21,0%,no,no,1,0%,2025-10-23,2026-08-21,Does not match any spam pattern but relevance is unproven.
ocnjdaily.com,https://www.performancelab.com/products/mind-lab-pro (+1 more),Performance Lab Mind (+1 more),REVIEW_MANUALLY,"Off-Topic Source, Branded Anchor Profile",Low,3,3,2,67%,-,3,0%,100%,8,12,41,0%,no,no,2,33%,2025-07-28,2026-07-31,"No topical overlap, but 100% of anchors are brand/URL mentions. Retain unless manual review shows a paid placement."
nootopia.com,https://www.performancelab.com/blogs/stim/caffeine-anhydrous/,"[32] Lab, Performance. “Caffeine Anhydrous: Benefits, Weight Loss and Side Effects.” Performance Lab®, https://www.performancelab.com/blogs/stim/caffeine-anhydrous/.",REVIEW_MANUALLY,"Off-Topic Source, Branded Anchor Profile",Low,3,3,1,100%,-,3,0%,100%,3,10,42,0%,no,no,1,0%,1769671790,2026-08-03,"No topical overlap, but 100% of anchors are brand/URL mentions. Retain unless manual review shows a paid placement."
leoweekly.com,https://www.performancelab.com/products/magnesium,Performance Lab Magnesium (+2 more),REVIEW_MANUALLY,Unclassified - Insufficient Signal,Low,3,1,3,33%,-,3,0%,67%,9,9,22,0%,no,no,1,0%,2025-09-08,2026-07-30,Does not match any spam pattern but relevance is unproven.
buildd.co,https://www.performancelab.com/ (+1 more),Performance Lab (+2 more),REVIEW_MANUALLY,Unclassified - Insufficient Signal,Low,3,1,3,33%,-,1,0%,67%,8,8,33,67%,no,no,2,0%,2026-06-09,2026-08-15,Does not match any spam pattern but relevance is unproven.
thephagroup.com,https://www.performancelab.com/collections/all-products (+2 more),Nu:tropic (+1 more),REVIEW_MANUALLY,Unclassified - Insufficient Signal,Low,3,1,2,67%,-,3,0%,33%,7,7,8,0%,no,no,3,0%,2024-09-06,2026-08-10,Does not match any spam pattern but relevance is unproven.
assurances.gov.gh,https://www.performancelab.com/cdn/shop/articles/DumbbellRearDeltFly_1.jpg?v=1716371615 (+2 more),"Dumbbell Rear Delt Fly Form, Benefits, and Alternatives Performance Lab® (+2 more)",REVIEW_MANUALLY,"Off-Topic Source, Branded Anchor Profile",Low,3,3,3,33%,-,3,0%,67%,2,4,11,0%,no,no,3,33%,1749582379,2026-05-24,"No topical overlap, but 67% of anchors are brand/URL mentions. Retain unless manual review shows a paid placement."
smolecule.com,https://www.performancelab.com/blogs/energy/r-lipoic-acid-vs-alpha-lipoic-acid?srsltid=AfmBOoqBtnlTCVajBogiZVV534sROskchkcNdeY57jBDgC2iWEcFJX-b (+1 more),1 (+2 more),REVIEW_MANUALLY,"High-OBL Page, Human-Authored URL",Low,3,2,3,33%,-,3,0%,33%,3,4,212,0%,no,no,2,0%,1772081887,2026-08-10,"Pages average 212 outbound links, but the linking URLs are not machine-generated (33% brand/URL anchors). Read the page before acting — a reference list, a personal links page and a link dump all look like this in aggregate."
academicsongs.com,https://www.performancelab.com/ (+1 more),Buy performance lab From Official Website (+1 more),REVIEW_MANUALLY,Elevated Exact-Match Anchor Ratio,Medium,3,3,2,67%,-,3,33%,67%,0,0,3,0%,no,yes,2,33%,1671407986,1770260789,33% exact-match commercial anchors; verify placements are editorial rather than purchased.
grapheffect.com,https://www.performancelab.com/blogs/wellness (+1 more),Save 10% OFF (+2 more),REVIEW_MANUALLY,Low-Authority / Off-Topic Single Placement,Low,3,2,3,33%,-,1,0%,0%,0,0,3,67%,no,no,2,0%,1696364352,1781546601,"Off-topic and low authority, but too little volume to classify with confidence. Manual eyeball recommended."
top-dealshub.com,https://www.performancelab.com/products/sleep (+1 more),Check Price (+2 more),REVIEW_MANUALLY,Coupon / Deals Aggregator - Retain by Default,Medium,3,2,3,33%,-,0,0%,67%,0,0,95,100%,no,yes,2,0%,1697433610,1781817671,Coupon and deals aggregators are protected architecture; confirm the offer resolves before considering any action.
worldworthliving.com,https://www.performancelab.com/products/nutrigenesis-multi-women?a_aid=5ec76995e8186&a_bid=a2ad38c1,Best Vegan Multivitamin for Women: Performance Lab Women’s Multivitamin (+2 more),REVIEW_MANUALLY,Elevated OBL on Low-Authority Pages,Low,3,1,3,33%,-,0,0%,67%,0,0,129,100%,no,yes,1,100%,1742231375,1777140228,Average 129 outbound links on low-authority pages; check for guest-post-network traits.
pirdu.com,https://performancelab.com/,performancelab,REVIEW_MANUALLY,"High-OBL Page, Human-Authored URL",Low,3,3,1,100%,-,3,0%,100%,0,0,2812,0%,no,no,1,0%,1742471788,1787475966,"Pages average 2812 outbound links, but the linking URLs are not machine-generated (100% brand/URL anchors). Read the page before acting — a reference list, a personal links page and a link dump all look like this in aggregate."
zencastr.com,https://global.performancelab.com/?ranEAID=%2FFM1FTG8%2AF0&ranMID=50113&ranSiteID=_FM1FTG8.F0-vvUCrt2P5EX5fVHTSRzBnA (+2 more),Performance Lab (+1 more),REVIEW_MANUALLY,"Off-Topic Source, Branded Anchor Profile",Low,3,3,2,67%,-,0,0%,100%,0,0,13,100%,no,no,3,0%,1747846109,1783665444,"No topical overlap, but 100% of anchors are brand/URL mentions. Retain unless manual review shows a paid placement."
whoacceptsamex.co.uk,https://performancelab.com/,performancelab.com (+1 more),REVIEW_MANUALLY,"High-OBL Page, Human-Authored URL",Low,3,2,2,67%,-,2,0%,100%,1,1,4842,33%,no,yes,1,0%,1749261557,1786417027,"Pages average 4842 outbound links, but the linking URLs are not machine-generated (100% brand/URL anchors). Read the page before acting — a reference list, a personal links page and a link dump all look like this in aggregate."
leebell.co.uk,https://www.performancelab.com/blogs/fitness/the-dangers-of-overtraining (+2 more),The Dangers of Overtraining (+2 more),REVIEW_MANUALLY,Low-Authority / Off-Topic Single Placement,Low,3,1,3,33%,-,3,0%,0%,0,0,13,0%,no,no,3,0%,1749682279,1787041679,"Off-topic and low authority, but too little volume to classify with confidence. Manual eyeball recommended."
iaswww.com,https://www.performancelab.com/,"Performance Labs, Inc.",REVIEW_MANUALLY,"High-OBL Page, Human-Authored URL",Low,3,3,1,100%,-,0,0%,100%,0,0,207,100%,no,yes,1,0%,1750419965,1786715736,"Pages average 207 outbound links, but the linking URLs are not machine-generated (100% brand/URL anchors). Read the page before acting — a reference list, a personal links page and a link dump all look like this in aggregate."
fitnessdealnews.com,https://www.performancelab.com/blogs/stim/caffeine-anhydrous (+1 more),Caffeine (+2 more),REVIEW_MANUALLY,Coupon / Deals Aggregator - Retain by Default,Medium,3,3,3,33%,-,3,0%,0%,1,2,14,0%,no,yes,2,0%,1750960548,1776739003,Coupon and deals aggregators are protected architecture; confirm the offer resolves before considering any action.
luftsi.info,https://global.performancelab.com/products/sleep,Click For Best Price (+2 more),REVIEW_MANUALLY,Low-Authority / Off-Topic Single Placement,Low,3,1,3,33%,-,0,0%,67%,0,0,50,100%,no,no,1,0%,1752897505,1779611871,"Off-topic and low authority, but too little volume to classify with confidence. Manual eyeball recommended."
french-styles.com,https://www.performancelab.com/blogs/nutrition/does-magnesium-cause-frequent-urination,Does Magnesium Cause Frequent Urination? - Performance Lab,REVIEW_MANUALLY,"Off-Topic Source, Branded Anchor Profile",Low,3,3,1,100%,-,3,0%,100%,0,0,11,0%,no,no,1,0%,1760431226,1781993983,"No topical overlap, but 100% of anchors are brand/URL mentions. Retain unless manual review shows a paid placement."
omegahealthsystems.com,https://www.performancelab.com/products/nutrigenesis-multi-women?a_aid=5ec76995e8186&a_bid=a2ad38c1,Bottle of Performance Lab women's vitamin. (+2 more),REVIEW_MANUALLY,Elevated OBL on Low-Authority Pages,Low,3,1,3,33%,-,0,0%,33%,0,0,130,100%,no,yes,1,0%,1761800100,1786680391,Average 130 outbound links on low-authority pages; check for guest-post-network traits.
whatisglutathione.net,https://www.performancelab.com/blogs/immune/best-glutathione-supplement (+1 more),Best Glutathione Supplement for Immune Support (+2 more),REVIEW_MANUALLY,Low-Authority / Off-Topic Single Placement,Low,3,2,3,33%,-,0,67%,0%,0,0,23,100%,no,no,2,0%,1762728087,1787512746,"Off-topic and low authority, but too little volume to classify with confidence. Manual eyeball recommended."
goodflip.in,https://www.performancelab.com/blogs/fitness/alternating-between-running-and-walking,center (+2 more),REVIEW_MANUALLY,Low-Authority / Off-Topic Single Placement,Low,3,1,3,33%,-,3,0%,0%,0,0,31,0%,no,no,1,0%,1764168644,1787567579,"Off-topic and low authority, but too little volume to classify with confidence. Manual eyeball recommended."
caftrading.com,https://www.performancelab.com/blogs/caffeine-2/caffeine-vs-caffeine-anhydrous,( Performance Lab®,REVIEW_MANUALLY,"Off-Topic Source, Branded Anchor Profile",Low,3,3,1,100%,-,3,0%,100%,0,0,11,0%,no,no,1,0%,1767129308,1787295771,"No topical overlap, but 100% of anchors are brand/URL mentions. Retain unless manual review shows a paid placement."
sohoinchina.com,https://www.performancelab.com/blogs/joint-support/msm-benefits-for-joint-health?srsltid=AfmBOop5CwGxjigTek33O-3Va4560XEcd-wa7t4wytJyVKZq0k0nUWEW,MSM for Joint Health: Benefits & Best Supplements (+2 more),REVIEW_MANUALLY,Low-Authority / Off-Topic Single Placement,Low,3,1,3,33%,-,0,33%,33%,0,0,22,100%,no,no,1,0%,1767726947,1786994979,"Off-topic and low authority, but too little volume to classify with confidence. Manual eyeball recommended."
takes.homes,https://www.performancelab.com/blogs/wellness (+1 more),testolabpro.com (+1 more),REVIEW_MANUALLY,"High-OBL Page, Human-Authored URL",Low,3,3,2,67%,-,0,0%,0%,0,0,4018,100%,no,no,2,0%,1768033844,1781880494,"Pages average 4018 outbound links, but the linking URLs are not machine-generated (0% brand/URL anchors). Read the page before acting — a reference list, a personal links page and a link dump all look like this in aggregate."
ecortelyou.github.io,https://www.performancelab.com/blogs/fitness/do-runners-need-protein,https://www.performancelab.com/blogs/fitness/do-runners-need-protein (+2 more),REVIEW_MANUALLY,Low-Authority / Off-Topic Single Placement,Low,3,2,3,33%,-,3,0%,33%,0,0,10,0%,no,no,1,0%,1768712620,1787429098,"Off-topic and low authority, but too little volume to classify with confidence. Manual eyeball recommended."
jake.eu,https://www.performancelab.com/ (+2 more),dtcx.com (+2 more),REVIEW_MANUALLY,"High-OBL Page, Human-Authored URL",Low,3,3,3,33%,-,0,0%,33%,0,0,3500,100%,no,no,3,0%,1770521597,1786538928,"Pages average 3500 outbound links, but the linking URLs are not machine-generated (33% brand/URL anchors). Read the page before acting — a reference list, a personal links page and a link dump all look like this in aggregate."
pureminerals.uk,https://www.performancelab.com/blogs/joint-support/msm-benefits-for-joint-health?srsltid=AfmBOopYBuOWfyZ1vu0EbhWYz1xrzaTlGX7NBgHY9alhtDtEPTNrN_uG,MSM provides proactive support (+2 more),REVIEW_MANUALLY,Low-Authority / Off-Topic Single Placement,Low,3,1,3,33%,-,3,0%,0%,0,0,5,0%,no,no,1,0%,1772887245,1782015445,"Off-topic and low authority, but too little volume to classify with confidence. Manual eyeball recommended."
lunoo.com,https://www.performancelab.com/,Visit,REVIEW_MANUALLY,Low-Authority / Off-Topic Single Placement,Low,3,3,1,100%,-,3,0%,0%,0,0,13,0%,no,no,1,100%,1773731341,1780024062,"Off-topic and low authority, but too little volume to classify with confidence. Manual eyeball recommended."
hlhw.fun,https://www.performancelab.com/collections/all-products (+2 more),Click here...,REVIEW_MANUALLY,Irrelevant Niche Spam (No Topical Overlap) [below disavow confidence bar],Medium,3,3,1,100%,-,3,0%,0%,0,0,1,0%,no,no,3,0%,,,No semantic overlap with health/performance across 3 linking pages; median AS 0. Confidence is not High; routed to manual review rather than disavowed.
fatburnerranked.com,https://www.performancelab.com/products/sport-fat-burner?aff=alpharxaff,See Pricing → (+2 more),REVIEW_MANUALLY,Low-Authority / Off-Topic Single Placement,Low,3,1,3,33%,-,0,0%,33%,0,0,10,100%,no,no,1,0%,,,"Off-topic and low authority, but too little volume to classify with confidence. Manual eyeball recommended."
shortenurls.eu,https://www.performancelab.com/collections/nutropic (+2 more),nutropic.com (+2 more),REVIEW_MANUALLY,"High-OBL Page, Human-Authored URL",Low,3,3,3,33%,-,0,0%,33%,0,0,3500,100%,no,no,3,0%,,,"Pages average 3500 outbound links, but the linking URLs are not machine-generated (33% brand/URL anchors). Read the page before acting — a reference list, a personal links page and a link dump all look like this in aggregate."
en-java-burn.com,https://www.performancelab.com/blogs/nutrition/l-theanine-for-weight-loss,L-Theanine,REVIEW_MANUALLY,Unclassified - Insufficient Signal,Low,2,2,1,100%,-,2,0%,0%,14,20,7,0%,no,no,1,0%,2026-03-11,2026-08-20,Does not match any spam pattern but relevance is unproven.
handwiki.org,https://www.performancelab.com/blogs/sleep/sleep-performance-benefits-montmorency-tart-cherry,"""The Sleep & Performance Benefits of Montmorency Tart Cherry"" (+1 more)",REVIEW_MANUALLY,Unclassified - Insufficient Signal,Low,2,1,2,50%,-,0,0%,0%,12,12,20,100%,no,no,1,0%,1767651590,2026-06-03,Does not match any spam pattern but relevance is unproven.
celiac.com,https://www.performancelab.com/blogs/prebiotic/inulin-vs-psyllium-which-is-better-for-gut-health,Inulin vs Psyllium: Which Is Better for Gut Health?,REVIEW_MANUALLY,Low-Authority / Off-Topic Single Placement,Low,2,2,1,100%,-,0,0%,0%,5,10,26,100%,no,no,1,50%,1737791223,2026-04-09,"Off-topic and low authority, but too little volume to classify with confidence. Manual eyeball recommended."
codeless.io,https://eu.performancelab.com/pages/ultramodern-nutrition (+1 more),Source (+1 more),REVIEW_MANUALLY,Unclassified - Insufficient Signal,Low,2,1,2,50%,-,2,0%,50%,9,9,32,0%,no,no,2,0%,2026-02-13,2026-08-21,Does not match any spam pattern but relevance is unproven.
wealthysinglemommy.com,https://www.performancelab.com/blogs/pre-workout/creatine-nitrate-vs-creatine-monohydrate,creatine nitrate compared to monohydrate,REVIEW_MANUALLY,Unclassified - Insufficient Signal,Low,2,2,1,100%,-,2,0%,0%,7.5,8,5,0%,no,no,1,0%,2026-02-02,2026-08-06,Does not match any spam pattern but relevance is unproven.
milled.com,http://performancelab.com/ (+1 more),Free 2023 Sanrio Calendar (+1 more),REVIEW_MANUALLY,Unclassified - Insufficient Signal,Low,2,2,2,50%,-,0,0%,0%,6.5,7,36,100%,no,no,2,0%,2025-05-09,2026-08-22,Does not match any spam pattern but relevance is unproven.
userp.io,http://performancelab.com/ (+1 more),Source (+1 more),REVIEW_MANUALLY,Unclassified - Insufficient Signal,Low,2,1,2,50%,-,2,0%,50%,7,7,25,0%,no,no,2,0%,2026-02-03,2026-08-06,Does not match any spam pattern but relevance is unproven.
paperblog.fr,https://www.performancelab.com/collections/all-products (+1 more),Nu Tropic,REVIEW_MANUALLY,Unclassified - Insufficient Signal,Low,2,1,1,100%,-,0,0%,0%,6.5,7,8,100%,no,no,2,50%,2024-11-12,2026-07-12,Does not match any spam pattern but relevance is unproven.
noobpreneur.com,https://performancelab.com/products/whole-food-multi,wholefood multivitamin,REVIEW_MANUALLY,Low-Authority / Off-Topic Single Placement,Low,2,2,1,100%,-,2,0%,0%,5,6,14,0%,no,no,1,0%,2025-02-04,2026-08-03,"Off-topic and low authority, but too little volume to classify with confidence. Manual eyeball recommended."
unicornplatform.com,https://www.performancelab.com/,performancelab.com (+1 more),REVIEW_MANUALLY,Unclassified - Insufficient Signal,Low,2,1,2,50%,-,2,0%,50%,6,6,29,0%,no,no,1,0%,2025-12-11,2026-08-03,Does not match any spam pattern but relevance is unproven.
postunreel.com,http://performancelab.com/ (+1 more),performancelab.com (+1 more),REVIEW_MANUALLY,Unclassified - Insufficient Signal,Low,2,1,2,50%,-,1,0%,50%,6,6,13,50%,no,no,2,0%,2026-07-05,2026-08-04,Does not match any spam pattern but relevance is unproven.
buildersociety.com,https://www.performancelab.com/collections/core-range/products/sleep (+1 more),this (+1 more),REVIEW_MANUALLY,Low-Authority / Off-Topic Single Placement,Low,2,1,2,50%,-,0,0%,0%,4,4,27,100%,no,no,2,0%,2025-11-02,2026-08-13,"Off-topic and low authority, but too little volume to classify with confidence. Manual eyeball recommended."
zenlong.co,"https://www.performancelab.com/blogs/multi/vitamin-b6-for-sleep#:~:text=Vitamin%20B6%20is%20an%20essential,linked%20to%20insomnia%20and%20depression.","Vitamin B6 for Sleep: Benefits, Dosage, and Its Role In Improving Your Sleep Cycle",REVIEW_MANUALLY,Low-Authority / Off-Topic Single Placement,Low,2,2,1,100%,-,2,0%,0%,0,0,30,0%,no,no,1,0%,1714122543,1786178769,"Off-topic and low authority, but too little volume to classify with confidence. Manual eyeball recommended."
foodnourish.net,https://www.performancelab.com/blogs/caffeine-2/caffeine-anhydrous (+1 more),[4] (+1 more),REVIEW_MANUALLY,Low-Authority / Off-Topic Single Placement,Low,2,2,2,50%,-,2,0%,0%,2,3,27,0%,no,no,2,50%,1716190663,1783452596,"Off-topic and low authority, but too little volume to classify with confidence. Manual eyeball recommended."
couponstroller.com,https://global.performancelab.com/pages/nutrigenesis (+1 more),https://global.performancelab.com/pages/nutrigenesis (+1 more),REVIEW_MANUALLY,Coupon / Deals Aggregator - Retain by Default,Medium,2,2,2,50%,-,0,0%,100%,3,3,5,100%,no,yes,2,0%,1721328080,1782052876,Coupon and deals aggregators are protected architecture; confirm the offer resolves before considering any action.
drumbass.news,https://www.performancelab.com/collections/all-products (+1 more),Nu Tropic,REVIEW_MANUALLY,Low-Authority / Off-Topic Single Placement,Low,2,1,1,100%,-,2,0%,0%,0,0,9,0%,no,no,2,0%,1725381032,1787167962,"Off-topic and low authority, but too little volume to classify with confidence. Manual eyeball recommended."
webscountry.com,https://performancelab.com/,performancelab,REVIEW_MANUALLY,"High-OBL Page, Human-Authored URL",Low,2,2,1,100%,-,2,0%,100%,0,0,1726,0%,no,no,1,0%,1737891715,1779256593,"Pages average 1726 outbound links, but the linking URLs are not machine-generated (100% brand/URL anchors). Read the page before acting — a reference list, a personal links page and a link dump all look like this in aggregate."
wherecanifind.org,https://www.performancelab.com/,Performance Labs,REVIEW_MANUALLY,"High-OBL Page, Human-Authored URL",Low,2,2,1,100%,-,2,0%,100%,0,0,2463,0%,no,no,1,0%,1737938139,1787035522,"Pages average 2463 outbound links, but the linking URLs are not machine-generated (100% brand/URL anchors). Read the page before acting — a reference list, a personal links page and a link dump all look like this in aggregate."
almrsal.com,https://www.performancelab.com/blogs/nutrition/how-long-does-it-take-for-vitamin-b12-to-work#how-long-before-vitamin-b12-works (+1 more),How Long Does It Take For Vitamin B12 To Work? (+1 more),REVIEW_MANUALLY,Low-Authority / Off-Topic Single Placement,Low,2,2,2,50%,-,0,0%,0%,0,0,7,100%,no,no,2,50%,1742141115,1783423693,"Off-topic and low authority, but too little volume to classify with confidence. Manual eyeball recommended."
wayranks.com,https://performancelab.com/,https://performancelab.com (+1 more),REVIEW_MANUALLY,"High-OBL Page, Human-Authored URL",Low,2,2,2,50%,-,2,0%,100%,0,0,2592,0%,no,no,1,0%,1746048469,1787568473,"Pages average 2592 outbound links, but the linking URLs are not machine-generated (100% brand/URL anchors). Read the page before acting — a reference list, a personal links page and a link dump all look like this in aggregate."
icanb2c.com,https://www.performancelab.com/collections/all?sort_by=best-selling (+1 more),Click Here (+1 more),REVIEW_MANUALLY,Low-Authority / Off-Topic Single Placement,Low,2,1,2,50%,-,2,0%,50%,0,0,47,0%,no,no,2,0%,1746813438,1787198025,"Off-topic and low authority, but too little volume to classify with confidence. Manual eyeball recommended."
ranksdirectory.com,https://performancelab.com/,performancelab,REVIEW_MANUALLY,"High-OBL Page, Human-Authored URL",Low,2,2,1,100%,-,2,0%,100%,0,0,1853,0%,no,no,1,0%,1749673021,1787625528,"Pages average 1853 outbound links, but the linking URLs are not machine-generated (100% brand/URL anchors). Read the page before acting — a reference list, a personal links page and a link dump all look like this in aggregate."
dealrated.com,http://performancelab.com/,Visit Website (+1 more),REVIEW_MANUALLY,Coupon / Deals Aggregator - Retain by Default,Medium,2,1,2,50%,-,0,0%,50%,0,0,4,100%,no,yes,1,0%,1749718776,1785785949,Coupon and deals aggregators are protected architecture; confirm the offer resolves before considering any action.
couponifier.com,https://performancelab.com/,PLAB10 (+1 more),REVIEW_MANUALLY,Coupon / Deals Aggregator - Retain by Default,Medium,2,1,2,50%,-,1,0%,50%,2,2,106,50%,no,yes,1,0%,1752451942,1785444155,Coupon and deals aggregators are protected architecture; confirm the offer resolves before considering any action.
nannytomommy.com,https://www.performancelab.com/blogs/fat-loss/foods-with-high-thermic-effect,thermic effect,REVIEW_MANUALLY,Low-Authority / Off-Topic Single Placement,Low,2,2,1,100%,-,2,0%,0%,2,2,15,0%,no,no,1,0%,1755452855,1785543869,"Off-topic and low authority, but too little volume to classify with confidence. Manual eyeball recommended."
australianwebdirectory.com,http://performancelab.com/ (+1 more),performancelab.com (+1 more),REVIEW_MANUALLY,Link Farm / Outbound-Link Bloat [below disavow confidence bar],Medium,2,2,2,50%,-,0,0%,50%,0,0,1000,100%,no,no,2,0%,1756222930,1776701836,Average 1000 external links per source page across 2 machine-generated linking page(s). Confidence is not High; routed to manual review rather than disavowed.
sq-kj.net,https://www.performancelab.com/products/pre-lab-pro (+1 more),Click here...,REVIEW_MANUALLY,Low-Authority / Off-Topic Single Placement,Low,2,1,1,100%,-,2,0%,0%,0,0,1,0%,no,no,2,50%,1757441694,1781412493,"Off-topic and low authority, but too little volume to classify with confidence. Manual eyeball recommended."
concejomunicipaldechinu.gov.co,https://www.performancelab.com/cdn/shop/articles/male-cramp-or-injury.jpg?v=1590583593 (+1 more),Muscle Cramps: Symptoms Causes Diagnosis and Treatments Performance (+1 more),REVIEW_MANUALLY,Low-Authority / Off-Topic Single Placement,Low,2,2,2,50%,-,2,0%,0%,0,0,35,0%,no,no,2,0%,1757555121,1775400856,"Off-topic and low authority, but too little volume to classify with confidence. Manual eyeball recommended."
coffeenerd.blog,https://www.performancelab.com/blogs/mct/mct-oil-in-coffee (+1 more),effective topical treatment (+1 more),REVIEW_MANUALLY,Low-Authority / Off-Topic Single Placement,Low,2,2,2,50%,-,2,0%,0%,0,0,6,0%,no,no,2,0%,1758399487,1782960565,"Off-topic and low authority, but too little volume to classify with confidence. Manual eyeball recommended."
newszed.com,https://www.performancelab.com/blogs/news/immune-boosting-juices-top-8-juice-recipes-for-immunity?srsltid=AfmBOorlv65z7IUSEwQy5CuiMaNvKL20beFevDW7Gbv2XQiD4jrTZhDF,[11] (+1 more),REVIEW_MANUALLY,Low-Authority / Off-Topic Single Placement,Low,2,1,2,50%,-,2,0%,50%,0,0,62,0%,no,no,1,0%,1758524838,1780157029,"Off-topic and low authority, but too little volume to classify with confidence. Manual eyeball recommended."
revaliew.com,https://www.performancelab.com/blogs/wellness,Visit Website,REVIEW_MANUALLY,Low-Authority / Off-Topic Single Placement,Low,2,2,1,100%,-,0,0%,0%,0,0,9,100%,no,no,1,0%,1759197397,1777194512,"Off-topic and low authority, but too little volume to classify with confidence. Manual eyeball recommended."
lemdro.id,https://www.performancelab.com/blogs/multi/how-many-calories-break-a-fast,It depends,REVIEW_MANUALLY,Low-Authority / Off-Topic Single Placement,Low,2,2,1,100%,-,1,0%,0%,0,0,32,50%,no,no,1,0%,1761375010,1787395659,"Off-topic and low authority, but too little volume to classify with confidence. Manual eyeball recommended."
wrightimages.com,https://www.performancelab.com/,Performance Labs,REVIEW_MANUALLY,"High-OBL Page, Human-Authored URL",Low,2,2,1,100%,-,2,0%,100%,0,0,4357,0%,no,no,1,0%,1761413461,1785961623,"Pages average 4357 outbound links, but the linking URLs are not machine-generated (100% brand/URL anchors). Read the page before acting — a reference list, a personal links page and a link dump all look like this in aggregate."
xandrolab.com,https://www.performancelab.com/blogs/sleep/magnesium-and-melatonin-interaction,jet lag,REVIEW_MANUALLY,Low-Authority / Off-Topic Single Placement,Low,2,2,1,100%,-,2,0%,0%,4,4,26,0%,no,no,1,0%,1762052958,1787358010,"Off-topic and low authority, but too little volume to classify with confidence. Manual eyeball recommended."
smatdeals.com,https://www.performancelab.com/ (+1 more),Open Site,REVIEW_MANUALLY,Coupon / Deals Aggregator - Retain by Default,Medium,2,2,1,100%,-,2,0%,0%,0,0,5,0%,no,yes,2,0%,1762275164,1778932458,Coupon and deals aggregators are protected architecture; confirm the offer resolves before considering any action.
mahtateb.com,https://www.performancelab.com/blogs/multi/do-iron-pills-make-you-gain-weight,هِم و غیرهِم (+1 more),REVIEW_MANUALLY,Low-Authority / Off-Topic Single Placement,Low,2,1,2,50%,-,2,0%,0%,2,2,22,0%,no,no,1,0%,1762369645,1785831990,"Off-topic and low authority, but too little volume to classify with confidence. Manual eyeball recommended."
blinks.monster,https://www.performancelab.com/ (+1 more),dtcx.com (+1 more),REVIEW_MANUALLY,"High-OBL Page, Human-Authored URL",Low,2,2,2,50%,-,0,0%,0%,0,0,1973,100%,no,no,2,0%,1765240622,1785034490,"Pages average 1973 outbound links, but the linking URLs are not machine-generated (0% brand/URL anchors). Read the page before acting — a reference list, a personal links page and a link dump all look like this in aggregate."
jsrproductions.com,https://www.performancelab.com/blogs/fitness/10-benefits-of-lifting-weights-and-strength-training,[Source],REVIEW_MANUALLY,Low-Authority / Off-Topic Single Placement,Low,2,2,1,100%,-,2,0%,0%,0,0,21,0%,no,no,1,0%,1766038817,1787596865,"Off-topic and low authority, but too little volume to classify with confidence. Manual eyeball recommended."
nomoz.org,https://www.performancelab.com/,Open in a new window (+1 more),REVIEW_MANUALLY,"High-OBL Page, Human-Authored URL",Low,2,1,2,50%,-,2,0%,50%,0,0,468,0%,no,yes,1,0%,1767624893,1772541772,"Pages average 468 outbound links, but the linking URLs are not machine-generated (50% brand/URL anchors). Read the page before acting — a reference list, a personal links page and a link dump all look like this in aggregate."
da19fmuserguide.com,http://performancelab.com/ (+1 more),Source (+1 more),REVIEW_MANUALLY,Low-Authority / Off-Topic Single Placement,Low,2,1,2,50%,-,2,0%,50%,0,0,24,0%,no,no,2,0%,1769544659,1787455127,"Off-topic and low authority, but too little volume to classify with confidence. Manual eyeball recommended."
seol.store,https://www.performancelab.com/ (+1 more),dtcx.com (+1 more),REVIEW_MANUALLY,"High-OBL Page, Human-Authored URL",Low,2,2,2,50%,-,0,0%,50%,0,0,1972,100%,no,no,2,0%,1769822822,1787385432,"Pages average 1972 outbound links, but the linking URLs are not machine-generated (50% brand/URL anchors). Read the page before acting — a reference list, a personal links page and a link dump all look like this in aggregate."
articlement.com,https://performancelab.com/,performancelab,REVIEW_MANUALLY,"High-OBL Page, Human-Authored URL",Low,2,2,1,100%,-,2,0%,100%,0,0,1724,0%,no,no,1,0%,1769919458,1787552970,"Pages average 1724 outbound links, but the linking URLs are not machine-generated (100% brand/URL anchors). Read the page before acting — a reference list, a personal links page and a link dump all look like this in aggregate."
lamze.co,https://mis.performancelab.com/assets/images/ieh0de/index.php?topic7635 (+1 more),oefoy (+1 more),REVIEW_MANUALLY,Low-Authority / Off-Topic Single Placement,Low,2,2,2,50%,-,2,0%,0%,0,0,10,0%,no,no,2,0%,1770003435,1772240519,"Off-topic and low authority, but too little volume to classify with confidence. Manual eyeball recommended."
richlandswcd.net,https://mis.performancelab.com/assets/images/ieh0de/index.php?topic2176 (+1 more),8nb7hv (+1 more),REVIEW_MANUALLY,Low-Authority / Off-Topic Single Placement,Low,2,1,2,50%,-,2,0%,0%,0,0,10,0%,no,no,2,0%,1770055202,1770055202,"Off-topic and low authority, but too little volume to classify with confidence. Manual eyeball recommended."
tomorrow.services,https://mis.performancelab.com/assets/images/ieh0de/index.php?topic6725 (+1 more),oxqk6 (+1 more),REVIEW_MANUALLY,Low-Authority / Off-Topic Single Placement,Low,2,2,2,50%,-,2,0%,0%,0,0,10,0%,no,no,2,0%,1770108543,1770125962,"Off-topic and low authority, but too little volume to classify with confidence. Manual eyeball recommended."
muzcle.com,https://www.performancelab.com/blogs/fitness/bcaa-vs-creatine,3 (+1 more),REVIEW_MANUALLY,Low-Authority / Off-Topic Single Placement,Low,2,1,2,50%,-,0,0%,50%,0,0,43,100%,no,no,1,0%,1770109701,1785936451,"Off-topic and low authority, but too little volume to classify with confidence. Manual eyeball recommended."
interworks.com,https://mis.performancelab.com/assets/images/ieh0de/index.php?topic2178 (+1 more),xqji (+1 more),REVIEW_MANUALLY,Low-Authority / Off-Topic Single Placement,Low,2,2,2,50%,-,2,0%,0%,0,0,10,0%,no,no,2,0%,1770213735,1770218004,"Off-topic and low authority, but too little volume to classify with confidence. Manual eyeball recommended."
highsidelabs.co,https://mis.performancelab.com/assets/images/ieh0de/index.php?topic3488 (+1 more),bv1c (+1 more),REVIEW_MANUALLY,Low-Authority / Off-Topic Single Placement,Low,2,1,2,50%,-,2,0%,0%,0,0,10,0%,no,no,2,0%,1770218103,1779351112,"Off-topic and low authority, but too little volume to classify with confidence. Manual eyeball recommended."
1stcallglasscare.com,https://www.performancelab.com/ (+1 more),dtcx.com (+1 more),REVIEW_MANUALLY,"High-OBL Page, Human-Authored URL",Low,2,2,2,50%,-,2,0%,50%,0,0,2001,0%,no,yes,2,0%,1770410397,1784823968,"Pages average 2001 outbound links, but the linking URLs are not machine-generated (50% brand/URL anchors). Read the page before acting — a reference list, a personal links page and a link dump all look like this in aggregate."
modafinil-buy.com,https://www.performancelab.com/products/mind (+1 more),[10] (+1 more),REVIEW_MANUALLY,Low-Authority / Off-Topic Single Placement,Low,2,1,2,50%,-,2,0%,0%,0,0,19,0%,no,no,2,0%,1770482917,1787022046,"Off-topic and low authority, but too little volume to classify with confidence. Manual eyeball recommended."
narwhal.city,https://www.performancelab.com/blogs/multi/how-many-calories-break-a-fast,It depends,REVIEW_MANUALLY,Low-Authority / Off-Topic Single Placement,Low,2,2,1,100%,-,2,0%,0%,0,0,24,0%,no,no,1,0%,1770584706,1784376750,"Off-topic and low authority, but too little volume to classify with confidence. Manual eyeball recommended."
wpfixall.com,https://www.performancelab.com/,Efficiency Lab (+1 more),REVIEW_MANUALLY,Low-Authority / Off-Topic Single Placement,Low,2,1,2,50%,-,2,0%,50%,0,0,20,0%,no,no,1,0%,1770645384,1784172233,"Off-topic and low authority, but too little volume to classify with confidence. Manual eyeball recommended."
promosreview.com,https://www.performancelab.com/,Here (+1 more),REVIEW_MANUALLY,Coupon / Deals Aggregator - Retain by Default,Medium,2,1,2,50%,-,2,0%,50%,0,0,2,0%,no,yes,1,0%,1771212347,1786953768,Coupon and deals aggregators are protected architecture; confirm the offer resolves before considering any action.
blinks.sbs,https://www.performancelab.com/,dtcx.com,REVIEW_MANUALLY,"High-OBL Page, Human-Authored URL",Low,2,2,1,100%,-,0,0%,0%,0,0,1973,100%,no,no,1,0%,1772001674,1786823393,"Pages average 1973 outbound links, but the linking URLs are not machine-generated (0% brand/URL anchors). Read the page before acting — a reference list, a personal links page and a link dump all look like this in aggregate."
gaidot.net,https://www.performancelab.com/blogs/nutrition/carbohydrate-insulin-hypothesis-why-its-wrong,Carbohydrate-Insulin Hypothesis: Why It's Wrong (+1 more),REVIEW_MANUALLY,Low-Authority / Off-Topic Single Placement,Low,2,1,2,50%,-,2,0%,50%,0,0,80,0%,no,no,1,0%,1772053535,1774411109,"Off-topic and low authority, but too little volume to classify with confidence. Manual eyeball recommended."
ihiwg.org,https://www.performancelab.com/products/pre?a_aid=5d3efa06f1393&a_bid=a2ad38c1&data1 (+1 more),Click here...,REVIEW_MANUALLY,Low-Authority / Off-Topic Single Placement,Low,2,1,1,100%,-,2,0%,0%,0,0,1,0%,no,no,2,0%,1772432038,1780829709,"Off-topic and low authority, but too little volume to classify with confidence. Manual eyeball recommended."
feddit.dk,https://www.performancelab.com/blogs/multi/how-many-calories-break-a-fast,It depends,REVIEW_MANUALLY,Low-Authority / Off-Topic Single Placement,Low,2,2,1,100%,-,2,0%,0%,0,0,31,0%,no,no,1,0%,1772461502,1785552671,"Off-topic and low authority, but too little volume to classify with confidence. Manual eyeball recommended."
tntcode.com,https://www.performancelab.com/,(empty/image),REVIEW_MANUALLY,"High-OBL Page, Human-Authored URL",Low,2,2,1,100%,-,0,0%,0%,0,0,14451,100%,no,no,1,0%,1772653908,1785715251,"Pages average 14451 outbound links, but the linking URLs are not machine-generated (0% brand/URL anchors). Read the page before acting — a reference list, a personal links page and a link dump all look like this in aggregate."
unid.edu.pe,https://www.performancelab.com/blogs/caffeine-2/caffeine-cycling (+1 more),peak blood concentration within 1 to 1.5 hours (+1 more),REVIEW_MANUALLY,Low-Authority / Off-Topic Single Placement,Low,2,2,2,50%,-,0,0%,0%,0.5,1,18,100%,no,no,2,0%,1773065044,1774517946,"Off-topic and low authority, but too little volume to classify with confidence. Manual eyeball recommended."
hmscicomms.com,https://www.performancelab.com/blogs/prebiotic/how-to-heal-your-gut,(empty/image) (+1 more),REVIEW_MANUALLY,Low-Authority / Off-Topic Single Placement,Low,2,1,2,50%,-,2,0%,0%,0,0,11,0%,no,no,1,0%,1773523573,1775253562,"Off-topic and low authority, but too little volume to classify with confidence. Manual eyeball recommended."
namepromo.online,https://uk.performancelab.com/products/nutrigenesis-multi-women,"UK Approved(Esquire,Red,HB,GH,Country Living,Prima) Nutrigenesis Multi for Women (4 month supply) (+1 more)",REVIEW_MANUALLY,Coupon / Deals Aggregator - Retain by Default,Medium,2,1,2,50%,-,0,0%,100%,0,0,33,100%,no,yes,1,100%,,,Coupon and deals aggregators are protected architecture; confirm the offer resolves before considering any action.
wikipedia.org,https://www.performancelab.com/blogs/sleep/sleep-performance-benefits-montmorency-tart-cherry,"""The Sleep & Performance Benefits of Montmorency Tart Cherry""",REVIEW_MANUALLY,Unclassified - Insufficient Signal,Low,1,1,1,100%,-,0,0%,0%,63,63,25,100%,no,no,1,0%,2026-04-12,2026-04-12,Does not match any spam pattern but relevance is unproven.
en-aquesculpt.com,https://www.performancelab.com/blogs/caffeine-2/caffeine-anhydrous,Caffeine anhydrous,REVIEW_MANUALLY,Unclassified - Insufficient Signal,Low,1,1,1,100%,-,1,0%,0%,52,52,7,0%,no,no,1,100%,2025-06-08,2026-02-23,Does not match any spam pattern but relevance is unproven.
gogosister.com,"https://www.performancelab.com/blogs/vision/vitamin-c-and-dry-eyes#:~:text=As%20research%20suggests%20inflammation%20and,the%20development%20of%20eye%20diseases.",5,REVIEW_MANUALLY,Unclassified - Insufficient Signal,Low,1,1,1,100%,-,1,0%,0%,18,18,12,0%,no,no,1,0%,2025-05-20,2026-08-19,Does not match any spam pattern but relevance is unproven.
moneysavingexpert.com,https://www.performancelab.com/,I want stinky breath,REVIEW_MANUALLY,Coupon / Deals Aggregator - Retain by Default,Medium,1,1,1,100%,-,0,0%,0%,17,17,7,100%,no,no,1,0%,2025-12-21,2026-07-25,Coupon and deals aggregators are protected architecture; confirm the offer resolves before considering any action.
receitasnestle.com.br,https://www.performancelab.com/blogs/fitness/lifting-on-an-empty-stomach,Lifting on an Empty Stomach: Is It Safe to Lift Heavy While Fasted?,REVIEW_MANUALLY,Unclassified - Insufficient Signal,Low,1,1,1,100%,-,1,0%,0%,15,15,16,0%,no,no,1,0%,2025-06-21,2026-08-15,Does not match any spam pattern but relevance is unproven.
wikiwand.com,https://www.performancelab.com/blogs/sleep/sleep-performance-benefits-montmorency-tart-cherry,"""The Sleep & Performance Benefits of Montmorency Tart Cherry""",REVIEW_MANUALLY,Unclassified - Insufficient Signal,Low,1,1,1,100%,-,1,0%,0%,15,15,17,0%,no,no,1,0%,2026-08-10,2026-08-10,Does not match any spam pattern but relevance is unproven.
trendencias.com,https://www.performancelab.com/blogs/fitness/transform-muscle-strength-and-size-with-the-3-7-method,combina tensión mecánica,REVIEW_MANUALLY,Unclassified - Insufficient Signal,Low,1,1,1,100%,-,1,0%,0%,14,14,59,0%,no,no,1,0%,2026-01-23,2026-08-16,Does not match any spam pattern but relevance is unproven.
programgeeks.net,http://performancelab.com/,http://performancelab.com,REVIEW_MANUALLY,"High-OBL Page, Human-Authored URL",Low,1,1,1,100%,-,1,0%,100%,12,12,700,0%,no,no,1,0%,2025-05-19,2026-08-04,"Pages average 700 outbound links, but the linking URLs are not machine-generated (100% brand/URL anchors). Read the page before acting — a reference list, a personal links page and a link dump all look like this in aggregate."
lenso.ai,https://www.performancelab.com/,premium nutritional supplements,REVIEW_MANUALLY,Unclassified - Insufficient Signal,Low,1,1,1,100%,-,1,0%,0%,12,12,14,0%,no,no,1,0%,2026-01-01,2026-08-19,Does not match any spam pattern but relevance is unproven.
lemmy.world,https://www.performancelab.com/blogs/multi/how-many-calories-break-a-fast,It depends,REVIEW_MANUALLY,Unclassified - Insufficient Signal,Low,1,1,1,100%,-,0,0%,0%,10,10,27,100%,no,no,1,0%,2025-10-26,2026-07-18,Does not match any spam pattern but relevance is unproven.
bearaby.com,https://www.performancelab.com/blogs/sleep/magnesium-and-melatonin-interaction,together,REVIEW_MANUALLY,Unclassified - Insufficient Signal,Low,1,1,1,100%,-,1,0%,0%,10,10,10,0%,no,no,1,0%,2026-04-29,2026-04-29,Does not match any spam pattern but relevance is unproven.
cm-alliance.com,https://www.performancelab.com/products/pre-lab-pro,Pre Lab Pro,REVIEW_MANUALLY,Unclassified - Insufficient Signal,Low,1,1,1,100%,-,1,0%,0%,9,9,22,0%,no,no,1,0%,2026-05-25,2026-08-19,Does not match any spam pattern but relevance is unproven.
lgbtqandall.com,https://www.performancelab.com/blogs/omega-3/best-omega-3-supplement,list of omega 3 supplements,REVIEW_MANUALLY,Unclassified - Insufficient Signal,Low,1,1,1,100%,-,1,0%,0%,8,8,20,0%,no,no,1,0%,2026-02-02,2026-08-20,Does not match any spam pattern but relevance is unproven.
pharmacydiscount.gr,https://www.performancelab.com/blogs/immune/best-time-of-day-to-take-selenium,https://www.performancelab.com/blogs/immune/best-time-of-day-to-take-selenium,REVIEW_MANUALLY,Coupon / Deals Aggregator - Retain by Default,Medium,1,1,1,100%,-,1,0%,100%,8,8,16,0%,no,yes,1,0%,2025-06-10,2026-08-04,Coupon and deals aggregators are protected architecture; confirm the offer resolves before considering any action.
hometownstation.com,https://www.performancelab.com/blogs/joint-support/best-joint-supplements,choosing the best joint supplements,REVIEW_MANUALLY,Unclassified - Insufficient Signal,Low,1,1,1,100%,-,1,100%,0%,8,8,29,0%,no,no,1,0%,2026-01-20,2026-08-07,Does not match any spam pattern but relevance is unproven.
sibtel55.ru,https://mis.performancelab.com/assets/images/ieh0de/index.php?topic2969,6svtb,REVIEW_MANUALLY,Unclassified - Insufficient Signal,Low,1,1,1,100%,-,1,0%,0%,8,8,10,0%,no,no,1,100%,2026-02-04,2026-02-20,Does not match any spam pattern but relevance is unproven.
idealmagazine.co.uk,https://www.performancelab.com/blogs/sleep/lemon-balm-side-effects,lemon balm side effects,REVIEW_MANUALLY,Coupon / Deals Aggregator - Retain by Default,Medium,1,1,1,100%,-,1,0%,0%,8,8,20,0%,no,yes,1,0%,2026-01-20,2026-08-16,Coupon and deals aggregators are protected architecture; confirm the offer resolves before considering any action.
fluther.com,https://www.performancelab.com/blogs/multi/do-vitamins-have-calories,https://www.performancelab.com/blogs/multi/do-vitamins-have-calories,REVIEW_MANUALLY,"High-OBL Page, Human-Authored URL",Low,1,1,1,100%,-,0,0%,100%,8,8,212,100%,no,no,1,0%,2025-10-30,2026-08-13,"Pages average 212 outbound links, but the linking URLs are not machine-generated (100% brand/URL anchors). Read the page before acting — a reference list, a personal links page and a link dump all look like this in aggregate."
therebelchick.com,https://www.performancelab.com/blogs/sleep/magnesium-and-melatonin-interaction,magnesium and melatonin,REVIEW_MANUALLY,Unclassified - Insufficient Signal,Low,1,1,1,100%,-,0,0%,0%,8,8,13,100%,no,no,1,0%,2025-12-22,2026-08-19,Does not match any spam pattern but relevance is unproven.
smartreach.io,https://www.performancelab.com/,clean-label supplement brand,REVIEW_MANUALLY,Unclassified - Insufficient Signal,Low,1,1,1,100%,-,1,0%,0%,7,7,10,0%,no,no,1,0%,2025-12-08,2026-05-06,Does not match any spam pattern but relevance is unproven.
brandvm.com,https://www.performancelab.com/,sells nutritional supplements,REVIEW_MANUALLY,Unclassified - Insufficient Signal,Low,1,1,1,100%,-,1,0%,0%,7,7,23,0%,no,no,1,0%,2026-03-05,2026-08-01,Does not match any spam pattern but relevance is unproven.
highlatitudestyle.com,https://www.performancelab.com/blogs/sleep/lemon-balm-side-effects,side-effects of lemon balm,REVIEW_MANUALLY,Unclassified - Insufficient Signal,Low,1,1,1,100%,-,1,0%,0%,7,7,22,0%,no,no,1,100%,2026-02-03,2026-07-09,Does not match any spam pattern but relevance is unproven.
atlaspainspecialists.com,https://www.performancelab.com/blogs/caffeine-2/can-caffeine-cause-dizziness,click here,REVIEW_MANUALLY,Unclassified - Insufficient Signal,Low,1,1,1,100%,-,1,0%,0%,7,7,24,0%,no,no,1,0%,2026-02-17,2026-08-19,Does not match any spam pattern but relevance is unproven.
theclintoncourier.net,https://www.performancelab.com/blogs/nutrition/does-creatine-make-you-bloated,learn more about creatine bloating,REVIEW_MANUALLY,Unclassified - Insufficient Signal,Low,1,1,1,100%,-,1,0%,0%,7,7,27,0%,no,no,1,0%,2025-06-17,2026-08-13,Does not match any spam pattern but relevance is unproven.
funnelytics.io,https://www.performancelab.com/products/pre-lab-pro,Pre Lab Pro,REVIEW_MANUALLY,Unclassified - Insufficient Signal,Low,1,1,1,100%,-,1,0%,0%,7,7,18,0%,no,no,1,0%,2026-06-01,2026-08-06,Does not match any spam pattern but relevance is unproven.
carnosyn.com,"https://www.performancelab.com/blogs/nutrition/beta-alanine-before-bed#:~:text=It%20is%20not%20normally%20recommended,%2Dterm%20performance%2Denhancing%20benefits",not recommended before bed,REVIEW_MANUALLY,Unclassified - Insufficient Signal,Low,1,1,1,100%,-,1,0%,0%,7,7,13,0%,no,no,1,0%,2026-08-18,2026-08-18,Does not match any spam pattern but relevance is unproven.
drprem.com,https://www.performancelab.com/blogs/joint-support/best-joint-supplements,supplements for joints and ligaments,REVIEW_MANUALLY,Unclassified - Insufficient Signal,Low,1,1,1,100%,-,1,0%,0%,7,7,3,0%,no,no,1,0%,2024-12-28,2026-06-26,Does not match any spam pattern but relevance is unproven.
outfrontmagazine.com,https://www.performancelab.com/blogs/sleep/lemon-balm-side-effects,lemon balm interactions and side effects,REVIEW_MANUALLY,Unclassified - Insufficient Signal,Low,1,1,1,100%,-,1,0%,0%,6,6,16,0%,no,no,1,0%,2026-04-09,2026-08-03,Does not match any spam pattern but relevance is unproven.
sdf.org,https://www.performancelab.com/blogs/multi/how-many-calories-break-a-fast,It depends,REVIEW_MANUALLY,Unclassified - Insufficient Signal,Low,1,1,1,100%,-,1,0%,0%,6,6,55,0%,no,no,1,0%,2025-12-14,2026-06-11,Does not match any spam pattern but relevance is unproven.
sunnysweetdays.com,https://www.performancelab.com/collections/vitamins-minerals,trace minerals,REVIEW_MANUALLY,Unclassified - Insufficient Signal,Low,1,1,1,100%,-,1,0%,0%,6,6,33,0%,no,no,1,100%,2025-06-13,2026-06-14,Does not match any spam pattern but relevance is unproven.
cafesmyway.com,https://www.performancelab.com/blogs/pre-workout/are-creatine-and-caffeine-dangerous-together,ver fuente,REVIEW_MANUALLY,Unclassified - Insufficient Signal,Low,1,1,1,100%,-,1,0%,0%,6,6,13,0%,no,no,1,0%,2026-02-06,2026-07-19,Does not match any spam pattern but relevance is unproven.
majarra.com,https://www.performancelab.com/blogs/nutrition/vitamin-d-for-burnout,يوصف الإرهاق,REVIEW_MANUALLY,Unclassified - Insufficient Signal,Low,1,1,1,100%,-,1,0%,0%,6,6,14,0%,no,no,1,0%,2026-04-02,2026-08-21,Does not match any spam pattern but relevance is unproven.
womenonbusiness.com,https://www.performancelab.com/blogs/prebiotic/when-to-take-prebiotics,when to take prebiotics,REVIEW_MANUALLY,Unclassified - Insufficient Signal,Low,1,1,1,100%,-,1,0%,0%,6,6,7,0%,no,no,1,0%,2026-01-11,2026-05-27,Does not match any spam pattern but relevance is unproven.
mothersalwaysright.com,https://www.performancelab.com/blogs/sleep/magnesium-and-melatonin-interaction,combine magnesium and melatonin for sleep,REVIEW_MANUALLY,Unclassified - Insufficient Signal,Low,1,1,1,100%,-,1,0%,0%,6,6,5,0%,no,no,1,0%,2026-03-12,2026-08-06,Does not match any spam pattern but relevance is unproven.
shinesheets.com,https://www.performancelab.com/blogs/multi/multivitamin-vs-individual-vitamins,a multivitamin or individual vitamins,REVIEW_MANUALLY,Low-Authority / Off-Topic Single Placement,Low,1,1,1,100%,-,1,0%,0%,5,5,17,0%,no,no,1,0%,2025-10-26,2026-07-10,"Off-topic and low authority, but too little volume to classify with confidence. Manual eyeball recommended."
greenerideal.com,https://www.performancelab.com/collections/vitamins-minerals,effect of natural vitamins,REVIEW_MANUALLY,Coupon / Deals Aggregator - Retain by Default,Medium,1,1,1,100%,-,1,0%,0%,5,5,15,0%,no,yes,1,0%,2025-06-23,2026-08-03,Coupon and deals aggregators are protected architecture; confirm the offer resolves before considering any action.
anabolicsteroidforums.com,https://www.performancelab.com/blogs/immune/glutathione-and-vitamin-c,Glutathione and Vitamin C: Why You Should Take Them Together,REVIEW_MANUALLY,Low-Authority / Off-Topic Single Placement,Low,1,1,1,100%,-,0,0%,0%,5,5,8,100%,no,no,1,0%,2025-06-12,2026-08-12,"Off-topic and low authority, but too little volume to classify with confidence. Manual eyeball recommended."
meltingforest.com,https://www.performancelab.com/blogs/news/lions-mane-taste,benefits,REVIEW_MANUALLY,Low-Authority / Off-Topic Single Placement,Low,1,1,1,100%,-,1,0%,0%,4,4,9,0%,no,no,1,0%,2026-02-04,2026-06-17,"Off-topic and low authority, but too little volume to classify with confidence. Manual eyeball recommended."
momswhosave.com,https://www.performancelab.com/blogs/multi/multivitamin-vs-individual-vitamins,multivitamin vs individual vitamins,REVIEW_MANUALLY,Low-Authority / Off-Topic Single Placement,Low,1,1,1,100%,-,1,0%,0%,4,4,21,0%,no,no,1,0%,2025-10-12,2026-08-15,"Off-topic and low authority, but too little volume to classify with confidence. Manual eyeball recommended."
sneakymommies.com,https://www.performancelab.com/blogs/fat-loss/foods-with-high-thermic-effect,high thermic foods,REVIEW_MANUALLY,Low-Authority / Off-Topic Single Placement,Low,1,1,1,100%,-,1,0%,0%,4,4,6,0%,no,no,1,100%,2025-02-18,2026-06-17,"Off-topic and low authority, but too little volume to classify with confidence. Manual eyeball recommended."
top7sites.org,https://www.performancelab.com/,(empty/image),REVIEW_MANUALLY,Low-Authority / Off-Topic Single Placement,Low,1,1,1,100%,-,1,0%,0%,0,0,0,0%,no,no,1,0%,1697487714,1780039850,"Off-topic and low authority, but too little volume to classify with confidence. Manual eyeball recommended."
toptohigh.com,https://performancelab.com/,https://performancelab.com,REVIEW_MANUALLY,"High-OBL Page, Human-Authored URL",Low,1,1,1,100%,-,1,0%,100%,0,0,204,0%,no,no,1,0%,1710540694,1778600201,"Pages average 204 outbound links, but the linking URLs are not machine-generated (100% brand/URL anchors). Read the page before acting — a reference list, a personal links page and a link dump all look like this in aggregate."
badankhooba.com,https://www.performancelab.com/blogs/fitness/dumbbell-rear-delt-fly,نشر خم با دمبل ایستاده,REVIEW_MANUALLY,Low-Authority / Off-Topic Single Placement,Low,1,1,1,100%,-,0,0%,0%,0,0,8,100%,no,no,1,0%,1715457472,1786828921,"Off-topic and low authority, but too little volume to classify with confidence. Manual eyeball recommended."
omrok.com,"https://www.performancelab.com/blogs/multi/how-many-calories-break-a-fast#:~:text=As%20a%20general%20rule%20of,out%20of%20a%20fasted%20state.",There’s a debate among experts about a “safe” caloric threshold for fasting,REVIEW_MANUALLY,Low-Authority / Off-Topic Single Placement,Low,1,1,1,100%,-,1,0%,0%,0,0,14,0%,no,no,1,0%,1732531089,1782106418,"Off-topic and low authority, but too little volume to classify with confidence. Manual eyeball recommended."
thebigsleuth.co.uk,https://www.performancelab.com/supplements/fat-burner/,Website,REVIEW_MANUALLY,Low-Authority / Off-Topic Single Placement,Low,1,1,1,100%,-,1,0%,0%,2,2,9,0%,no,no,1,0%,1733789824,1770029813,"Off-topic and low authority, but too little volume to classify with confidence. Manual eyeball recommended."
purshology.com,https://performancelab.com/products/whole-food-multi,wholefood multivitamin,REVIEW_MANUALLY,Low-Authority / Off-Topic Single Placement,Low,1,1,1,100%,-,1,0%,0%,3,3,9,0%,no,no,1,0%,1738008547,1787165228,"Off-topic and low authority, but too little volume to classify with confidence. Manual eyeball recommended."
fhyzics.net,https://www.performancelab.com/,www.performancelabs.com,REVIEW_MANUALLY,"High-OBL Page, Human-Authored URL",Low,1,1,1,100%,-,1,0%,100%,3,3,376,0%,no,no,1,0%,1738401192,1786523645,"Pages average 376 outbound links, but the linking URLs are not machine-generated (100% brand/URL anchors). Read the page before acting — a reference list, a personal links page and a link dump all look like this in aggregate."
maqalplus.com,https://www.performancelab.com/blogs/multi/benefits-of-vitamin-d3-for-men,Vitamin D3,REVIEW_MANUALLY,Low-Authority / Off-Topic Single Placement,Low,1,1,1,100%,-,1,0%,0%,0,0,6,0%,no,no,1,0%,1739046867,1786575015,"Off-topic and low authority, but too little volume to classify with confidence. Manual eyeball recommended."
dreamzcannabis.com,https://www.performancelab.com/blogs/caffeine-2/how-long-to-reset-caffeine-tolerance,Caffeine,REVIEW_MANUALLY,Low-Authority / Off-Topic Single Placement,Low,1,1,1,100%,-,1,0%,0%,2,2,10,0%,no,no,1,0%,1739188651,1786531121,"Off-topic and low authority, but too little volume to classify with confidence. Manual eyeball recommended."
qwikcity-hackernews.pages.dev,https://www.performancelab.com/blogs/nutrition/carbohydrate-insulin-hypothesis-why-its-wrong,Carbohydrate-Insulin Hypothesis: Why It's Wrong,REVIEW_MANUALLY,Low-Authority / Off-Topic Single Placement,Low,1,1,1,100%,-,1,0%,0%,0,0,2,0%,no,no,1,0%,1739768175,1783839298,"Off-topic and low authority, but too little volume to classify with confidence. Manual eyeball recommended."
youngandoldermum.com,https://www.performancelab.com/blogs/news/immune-boosting-juices-top-8-juice-recipes-for-immunity?srsltid=AfmBOopHy8WHaMIdrv9zUtvsyiT5e7-5dAElzb06qvZ69hC2GPpDVGXi,8 juicing recipes for immunity,REVIEW_MANUALLY,Low-Authority / Off-Topic Single Placement,Low,1,1,1,100%,-,1,0%,0%,0,0,35,0%,no,no,1,100%,1740840962,1775024330,"Off-topic and low authority, but too little volume to classify with confidence. Manual eyeball recommended."
reallyrushai.ca,"https://www.performancelab.com/blogs/multi/do-you-get-vitamin-c-from-the-sun#:~:text=Vitamin%20C%20is%20often%20confused,%2C%20lemons%2C%20grapefruit%2C%20kiwi)",Vitamin D,REVIEW_MANUALLY,Low-Authority / Off-Topic Single Placement,Low,1,1,1,100%,-,1,0%,0%,0,0,19,0%,no,no,1,0%,1741775165,1785811929,"Off-topic and low authority, but too little volume to classify with confidence. Manual eyeball recommended."
gettrendydeals.net,https://www.performancelab.com/products/nutrigenesis-multi-men,Performance Lab NutriGenesis Multi for Men Performance Lab NutriGenesis Multi for Men,REVIEW_MANUALLY,Coupon / Deals Aggregator - Retain by Default,Medium,1,1,1,100%,-,0,0%,100%,0,0,73,100%,no,yes,1,0%,1742001095,1781600959,Coupon and deals aggregators are protected architecture; confirm the offer resolves before considering any action.
sunnysweatdays.com,https://www.performancelab.com/collections/vitamins-minerals,trace minerals,REVIEW_MANUALLY,Low-Authority / Off-Topic Single Placement,Low,1,1,1,100%,-,1,0%,0%,0,0,34,0%,no,no,1,0%,1742128841,1785503392,"Off-topic and low authority, but too little volume to classify with confidence. Manual eyeball recommended."
99bestsite.com,https://performancelab.com/,performancelab,REVIEW_MANUALLY,"High-OBL Page, Human-Authored URL",Low,1,1,1,100%,-,1,0%,100%,0,0,2895,0%,no,no,1,0%,1742702453,1787467713,"Pages average 2895 outbound links, but the linking URLs are not machine-generated (100% brand/URL anchors). Read the page before acting — a reference list, a personal links page and a link dump all look like this in aggregate."
ashthdhatu.com,https://www.performancelab.com/collections/core-range/products/stim?a_aid=5ce32f9c1c441&a_bid=a2ad38c1,Click here for the lowest price,REVIEW_MANUALLY,Elevated OBL on Low-Authority Pages,Low,1,1,1,100%,-,1,0%,0%,0,0,93,0%,no,yes,1,0%,1743168091,1786324613,Average 93 outbound links on low-authority pages; check for guest-post-network traits.
hyroxy.com,https://www.performancelab.com/products/pre-lab-pro?a_aid=67e6995691acf&a_bid=630cf529,Pre Lab Pro is the best pre workout supplement,REVIEW_MANUALLY,Low-Authority / Off-Topic Single Placement,Low,1,1,1,100%,-,1,100%,0%,1,1,5,0%,no,no,1,0%,1744065335,1769959577,"Off-topic and low authority, but too little volume to classify with confidence. Manual eyeball recommended."
corsi-odontoiatria.it,https://www.performancelab.com/blogs/immune/glutathione-and-vitamin-c,Glutathione and Vitamin C: Why You Should Take Them Together,REVIEW_MANUALLY,Low-Authority / Off-Topic Single Placement,Low,1,1,1,100%,-,1,0%,0%,0,0,9,0%,no,no,1,100%,1745725460,1774301114,"Off-topic and low authority, but too little volume to classify with confidence. Manual eyeball recommended."
astro-solid-hn-edge.netlify.app,https://www.performancelab.com/blogs/nutrition/carbohydrate-insulin-hypothesis-why-its-wrong,Carbohydrate-Insulin Hypothesis: Why It's Wrong,REVIEW_MANUALLY,Low-Authority / Off-Topic Single Placement,Low,1,1,1,100%,-,1,0%,0%,0,0,2,0%,no,no,1,0%,1746233262,1770900015,"Off-topic and low authority, but too little volume to classify with confidence. Manual eyeball recommended."
chesbrewco.com,https://www.performancelab.com/blogs/multi/niacin-and-vitamin-c,"Vitamin C, Vitamin D, and Niacin",REVIEW_MANUALLY,Low-Authority / Off-Topic Single Placement,Low,1,1,1,100%,-,1,0%,0%,0,0,7,0%,no,no,1,0%,1747078004,1787244991,"Off-topic and low authority, but too little volume to classify with confidence. Manual eyeball recommended."
eatyourgreensout.com,https://www.performancelab.com/blogs/vision/vitamin-e-and-eye-health,14,REVIEW_MANUALLY,Low-Authority / Off-Topic Single Placement,Low,1,1,1,100%,-,1,0%,0%,0,0,33,0%,no,no,1,0%,1747862816,1786433590,"Off-topic and low authority, but too little volume to classify with confidence. Manual eyeball recommended."
starsarticle.com,https://performancelab.com/,performancelab,REVIEW_MANUALLY,"High-OBL Page, Human-Authored URL",Low,1,1,1,100%,-,1,0%,100%,0,0,3134,0%,no,no,1,0%,1747917624,1785961196,"Pages average 3134 outbound links, but the linking URLs are not machine-generated (100% brand/URL anchors). Read the page before acting — a reference list, a personal links page and a link dump all look like this in aggregate."
cfshelp.info,https://www.performancelab.com/products/omega-3,Omega-3’s,REVIEW_MANUALLY,"High-OBL Page, Human-Authored URL",Low,1,1,1,100%,-,1,0%,0%,0,0,252,0%,no,yes,1,0%,1747939406,1786426241,"Pages average 252 outbound links, but the linking URLs are not machine-generated (0% brand/URL anchors). Read the page before acting — a reference list, a personal links page and a link dump all look like this in aggregate."
softranks.com,https://performancelab.com/,performancelab,REVIEW_MANUALLY,"High-OBL Page, Human-Authored URL",Low,1,1,1,100%,-,1,0%,100%,0,0,3134,0%,no,no,1,0%,1747942134,1786275049,"Pages average 3134 outbound links, but the linking URLs are not machine-generated (100% brand/URL anchors). Read the page before acting — a reference list, a personal links page and a link dump all look like this in aggregate."
worldlinksites.com,https://performancelab.com/,performancelab,REVIEW_MANUALLY,"High-OBL Page, Human-Authored URL",Low,1,1,1,100%,-,1,0%,100%,0,0,3134,0%,no,no,1,0%,1747951234,1786161582,"Pages average 3134 outbound links, but the linking URLs are not machine-generated (100% brand/URL anchors). Read the page before acting — a reference list, a personal links page and a link dump all look like this in aggregate."
sbyme.com,https://performancelab.com/,performancelab,REVIEW_MANUALLY,"High-OBL Page, Human-Authored URL",Low,1,1,1,100%,-,1,0%,100%,0,0,2895,0%,no,no,1,0%,1748007017,1787603639,"Pages average 2895 outbound links, but the linking URLs are not machine-generated (100% brand/URL anchors). Read the page before acting — a reference list, a personal links page and a link dump all look like this in aggregate."
prepostlink.com,https://performancelab.com/,performancelab,REVIEW_MANUALLY,"High-OBL Page, Human-Authored URL",Low,1,1,1,100%,-,1,0%,100%,0,0,2895,0%,no,no,1,0%,1748160824,1786177023,"Pages average 2895 outbound links, but the linking URLs are not machine-generated (100% brand/URL anchors). Read the page before acting — a reference list, a personal links page and a link dump all look like this in aggregate."
bestdirectorysite.com,https://performancelab.com/,performancelab,REVIEW_MANUALLY,"High-OBL Page, Human-Authored URL",Low,1,1,1,100%,-,1,0%,100%,0,0,2895,0%,no,no,1,0%,1748244971,1786202178,"Pages average 2895 outbound links, but the linking URLs are not machine-generated (100% brand/URL anchors). Read the page before acting — a reference list, a personal links page and a link dump all look like this in aggregate."
distrilist.eu,https://www.performancelab.com/,Performance Labs,REVIEW_MANUALLY,"High-OBL Page, Human-Authored URL",Low,1,1,1,100%,-,1,0%,100%,0,0,1747,0%,no,yes,1,0%,1748553950,1771104337,"Pages average 1747 outbound links, but the linking URLs are not machine-generated (100% brand/URL anchors). Read the page before acting — a reference list, a personal links page and a link dump all look like this in aggregate."
topacted.com,https://performancelab.com/,performancelab,REVIEW_MANUALLY,"High-OBL Page, Human-Authored URL",Low,1,1,1,100%,-,1,0%,100%,0,0,2895,0%,no,no,1,0%,1749316556,1786307046,"Pages average 2895 outbound links, but the linking URLs are not machine-generated (100% brand/URL anchors). Read the page before acting — a reference list, a personal links page and a link dump all look like this in aggregate."
bestarticleworld.com,https://performancelab.com/,performancelab,REVIEW_MANUALLY,"High-OBL Page, Human-Authored URL",Low,1,1,1,100%,-,1,0%,100%,0,0,3134,0%,no,no,1,0%,1749765296,1786210341,"Pages average 3134 outbound links, but the linking URLs are not machine-generated (100% brand/URL anchors). Read the page before acting — a reference list, a personal links page and a link dump all look like this in aggregate."
multiranks.com,https://performancelab.com/,performancelab,REVIEW_MANUALLY,"High-OBL Page, Human-Authored URL",Low,1,1,1,100%,-,1,0%,100%,0,0,3134,0%,no,no,1,0%,1749952914,1787388160,"Pages average 3134 outbound links, but the linking URLs are not machine-generated (100% brand/URL anchors). Read the page before acting — a reference list, a personal links page and a link dump all look like this in aggregate."
biovanish.blogspot.com,https://www.performancelab.com/blogs/fat-loss/l-theanine-for-weight-loss,L-theanine,REVIEW_MANUALLY,Low-Authority / Off-Topic Single Placement,Low,1,1,1,100%,-,1,0%,0%,0,0,15,0%,no,no,1,0%,1750104541,1784128233,"Off-topic and low authority, but too little volume to classify with confidence. Manual eyeball recommended."
sincerelyashlea.com,https://www.performancelab.com/blogs/multi/can-vitamins-give-you-a-headache,"vitamins A, B, and C on an empty stomach",REVIEW_MANUALLY,Low-Authority / Off-Topic Single Placement,Low,1,1,1,100%,-,1,0%,0%,0,0,45,0%,no,no,1,0%,1750177853,1785951191,"Off-topic and low authority, but too little volume to classify with confidence. Manual eyeball recommended."
teamregatta.com,https://www.performancelab.com/blogs/fitness/the-dangers-of-overtraining,overtraining,REVIEW_MANUALLY,Low-Authority / Off-Topic Single Placement,Low,1,1,1,100%,-,1,0%,0%,3,3,20,0%,no,no,1,0%,1750537073,1787204333,"Off-topic and low authority, but too little volume to classify with confidence. Manual eyeball recommended."
aol.com,https://www.performancelab.com/blogs/fitness/benefits-of-a-punching-bag-workout,punching bag,REVIEW_MANUALLY,Elevated OBL on Low-Authority Pages,Low,1,1,1,100%,-,0,0%,0%,0,0,92,100%,no,yes,1,0%,1750548893,1777413372,Average 92 outbound links on low-authority pages; check for guest-post-network traits.
websitehubs.com,https://performancelab.com/,performancelab,REVIEW_MANUALLY,"High-OBL Page, Human-Authored URL",Low,1,1,1,100%,-,1,0%,100%,0,0,2895,0%,no,no,1,0%,1750772328,1786128701,"Pages average 2895 outbound links, but the linking URLs are not machine-generated (100% brand/URL anchors). Read the page before acting — a reference list, a personal links page and a link dump all look like this in aggregate."
lms-linkage.com,http://global.performancelab.com/,class=,REVIEW_MANUALLY,Low-Authority / Off-Topic Single Placement,Low,1,1,1,100%,-,1,0%,0%,0,0,11,0%,no,no,1,0%,1751057778,1771232330,"Off-topic and low authority, but too little volume to classify with confidence. Manual eyeball recommended."
fadedspring.co.uk,https://uk.performancelab.com/products/nutropic-taster-pack,Nu:tropic,REVIEW_MANUALLY,Low-Authority / Off-Topic Single Placement,Low,1,1,1,100%,-,1,0%,0%,4,4,32,0%,no,no,1,0%,1751137414,1786230022,"Off-topic and low authority, but too little volume to classify with confidence. Manual eyeball recommended."
camporacity.it,https://www.performancelab.com/blogs/stim/caffeine-anhydrous,"Caffeine Anhydrous: Benefits, Weight Loss and Side Effects ...",REVIEW_MANUALLY,Low-Authority / Off-Topic Single Placement,Low,1,1,1,100%,-,1,0%,0%,1,1,41,0%,no,no,1,0%,1751222690,1786361716,"Off-topic and low authority, but too little volume to classify with confidence. Manual eyeball recommended."
tagelseha.com,https://www.performancelab.com/blogs/nutrition/vitamin-c-on-an-empty-stomach,شرب فيتامين سي الفوار على الريق,REVIEW_MANUALLY,Low-Authority / Off-Topic Single Placement,Low,1,1,1,100%,-,0,0%,0%,0,0,5,100%,no,no,1,0%,1751440052,1770080107,"Off-topic and low authority, but too little volume to classify with confidence. Manual eyeball recommended."
orthoarabia.com,https://www.performancelab.com/blogs/joint-support/joint-pain-and-b12-deficiency,Joint Pain and B12 Deficiency,REVIEW_MANUALLY,Low-Authority / Off-Topic Single Placement,Low,1,1,1,100%,-,1,0%,0%,0,0,9,0%,no,no,1,0%,1752410781,1786214914,"Off-topic and low authority, but too little volume to classify with confidence. Manual eyeball recommended."
moki.co.jp,https://www.performancelab.com/blogs/immune/glutathione-vs-astaxanthin,Glutathione vs Astaxanthin: Which One Is Best for Immunity?,REVIEW_MANUALLY,Low-Authority / Off-Topic Single Placement,Low,1,1,1,100%,-,1,0%,0%,3,3,14,0%,no,no,1,0%,1753392904,1786617522,"Off-topic and low authority, but too little volume to classify with confidence. Manual eyeball recommended."
websitesnewses.com,https://performancelab.com/,performancelab,REVIEW_MANUALLY,"High-OBL Page, Human-Authored URL",Low,1,1,1,100%,-,1,0%,100%,0,0,3135,0%,no,no,1,0%,1754907047,1780458760,"Pages average 3135 outbound links, but the linking URLs are not machine-generated (100% brand/URL anchors). Read the page before acting — a reference list, a personal links page and a link dump all look like this in aggregate."
globalproseo.com,https://performancelab.com/,performancelab,REVIEW_MANUALLY,"High-OBL Page, Human-Authored URL",Low,1,1,1,100%,-,1,0%,100%,0,0,3134,0%,no,no,1,0%,1754910699,1782435217,"Pages average 3134 outbound links, but the linking URLs are not machine-generated (100% brand/URL anchors). Read the page before acting — a reference list, a personal links page and a link dump all look like this in aggregate."
hostseolinks.com,https://performancelab.com/,performancelab,REVIEW_MANUALLY,"High-OBL Page, Human-Authored URL",Low,1,1,1,100%,-,1,0%,100%,0,0,3139,0%,no,no,1,0%,1754980425,1781011815,"Pages average 3139 outbound links, but the linking URLs are not machine-generated (100% brand/URL anchors). Read the page before acting — a reference list, a personal links page and a link dump all look like this in aggregate."
rankerdirectory.com,https://performancelab.com/,performancelab,REVIEW_MANUALLY,"High-OBL Page, Human-Authored URL",Low,1,1,1,100%,-,1,0%,100%,0,0,3134,0%,no,no,1,0%,1754992828,1780464458,"Pages average 3134 outbound links, but the linking URLs are not machine-generated (100% brand/URL anchors). Read the page before acting — a reference list, a personal links page and a link dump all look like this in aggregate."
linksnewses.com,https://performancelab.com/,performancelab,REVIEW_MANUALLY,"High-OBL Page, Human-Authored URL",Low,1,1,1,100%,-,1,0%,100%,0,0,3134,0%,no,no,1,0%,1755044762,1780439617,"Pages average 3134 outbound links, but the linking URLs are not machine-generated (100% brand/URL anchors). Read the page before acting — a reference list, a personal links page and a link dump all look like this in aggregate."
postonseo.com,https://performancelab.com/,performancelab,REVIEW_MANUALLY,"High-OBL Page, Human-Authored URL",Low,1,1,1,100%,-,1,0%,100%,0,0,3139,0%,no,no,1,0%,1755066184,1780852595,"Pages average 3139 outbound links, but the linking URLs are not machine-generated (100% brand/URL anchors). Read the page before acting — a reference list, a personal links page and a link dump all look like this in aggregate."
adzbusiness.com,https://performancelab.com/,performancelab,REVIEW_MANUALLY,"High-OBL Page, Human-Authored URL",Low,1,1,1,100%,-,1,0%,100%,0,0,3139,0%,no,no,1,0%,1755091115,1781041374,"Pages average 3139 outbound links, but the linking URLs are not machine-generated (100% brand/URL anchors). Read the page before acting — a reference list, a personal links page and a link dump all look like this in aggregate."
businessnewses.com,https://performancelab.com/,performancelab,REVIEW_MANUALLY,"High-OBL Page, Human-Authored URL",Low,1,1,1,100%,-,1,0%,100%,0,0,3136,0%,no,no,1,0%,1755098274,1780251760,"Pages average 3136 outbound links, but the linking URLs are not machine-generated (100% brand/URL anchors). Read the page before acting — a reference list, a personal links page and a link dump all look like this in aggregate."
modernmamahq.com,https://performancelab.com/,https://performancelab.com,REVIEW_MANUALLY,"High-OBL Page, Human-Authored URL",Low,1,1,1,100%,-,1,0%,100%,0,0,5998,0%,no,no,1,0%,1755411910,1786105297,"Pages average 5998 outbound links, but the linking URLs are not machine-generated (100% brand/URL anchors). Read the page before acting — a reference list, a personal links page and a link dump all look like this in aggregate."
trendshapersmag.com,https://performancelab.com/,https://performancelab.com,REVIEW_MANUALLY,"High-OBL Page, Human-Authored URL",Low,1,1,1,100%,-,1,0%,100%,0,0,10358,0%,no,no,1,0%,1755492999,1786851746,"Pages average 10358 outbound links, but the linking URLs are not machine-generated (100% brand/URL anchors). Read the page before acting — a reference list, a personal links page and a link dump all look like this in aggregate."
proseoarticles.com,https://performancelab.com/,performancelab,REVIEW_MANUALLY,"High-OBL Page, Human-Authored URL",Low,1,1,1,100%,-,1,0%,100%,0,0,3134,0%,no,no,1,0%,1755936193,1781017338,"Pages average 3134 outbound links, but the linking URLs are not machine-generated (100% brand/URL anchors). Read the page before acting — a reference list, a personal links page and a link dump all look like this in aggregate."
onlign-lab.com,https://performancelab.com/,https://performancelab.com,REVIEW_MANUALLY,"High-OBL Page, Human-Authored URL",Low,1,1,1,100%,-,1,0%,100%,0,0,28330,0%,no,no,1,0%,1756115096,1786229069,"Pages average 28330 outbound links, but the linking URLs are not machine-generated (100% brand/URL anchors). Read the page before acting — a reference list, a personal links page and a link dump all look like this in aggregate."
academianeuera.com,https://www.performancelab.com/?a_aid=685ab942057cb&a_bid=a2ad38c1,Voir les produits,REVIEW_MANUALLY,Low-Authority / Off-Topic Single Placement,Low,1,1,1,100%,-,1,0%,0%,0,0,7,0%,no,no,1,0%,1756588181,1773434864,"Off-topic and low authority, but too little volume to classify with confidence. Manual eyeball recommended."
evitachem.com,https://www.performancelab.com/blogs/energy/r-lipoic-acid-vs-alpha-lipoic-acid?srsltid=AfmBOoqGB2d4_6cuFb4Xge11urinIwLSmk354x6F08mhtEiPFOAElNiT,[3],REVIEW_MANUALLY,Low-Authority / Off-Topic Single Placement,Low,1,1,1,100%,-,1,0%,0%,1,1,31,0%,no,no,1,0%,1756644316,1771389052,"Off-topic and low authority, but too little volume to classify with confidence. Manual eyeball recommended."
nutrabalancelife.com,https://www.performancelab.com/blogs/omega-3/how-much-omega-3-per-day-for-athletes#how-much-omega-3-should-i-be-taking,1-2g,REVIEW_MANUALLY,Elevated OBL on Low-Authority Pages,Low,1,1,1,100%,-,1,0%,0%,0,0,90,0%,no,yes,1,0%,1756696512,1776133119,Average 90 outbound links on low-authority pages; check for guest-post-network traits.
trevorball.com,https://performancelab.com/,https://performancelab.com,REVIEW_MANUALLY,"High-OBL Page, Human-Authored URL",Low,1,1,1,100%,-,1,0%,100%,1,1,10358,0%,no,no,1,0%,1757215787,1787154599,"Pages average 10358 outbound links, but the linking URLs are not machine-generated (100% brand/URL anchors). Read the page before acting — a reference list, a personal links page and a link dump all look like this in aggregate."
myconciergemd.com,https://www.performancelab.com/blogs/multi/best-multivitamin-for-men,guide to men’s multivitamins,REVIEW_MANUALLY,Low-Authority / Off-Topic Single Placement,Low,1,1,1,100%,-,1,0%,0%,3,3,9,0%,no,no,1,0%,1758835095,1784961560,"Off-topic and low authority, but too little volume to classify with confidence. Manual eyeball recommended."
youthinforex.online,https://performancelab.com/,performancelab,REVIEW_MANUALLY,"High-OBL Page, Human-Authored URL",Low,1,1,1,100%,-,1,0%,100%,0,0,22921,0%,no,no,1,0%,1759261047,1771266749,"Pages average 22921 outbound links, but the linking URLs are not machine-generated (100% brand/URL anchors). Read the page before acting — a reference list, a personal links page and a link dump all look like this in aggregate."
nuvectrascapes.com,https://www.performancelab.com/blogs/caffeine-2/caffeine-anhydrous,caffeine anhydrous,REVIEW_MANUALLY,Low-Authority / Off-Topic Single Placement,Low,1,1,1,100%,-,1,0%,0%,0,0,18,0%,no,no,1,0%,1759304262,1783051356,"Off-topic and low authority, but too little volume to classify with confidence. Manual eyeball recommended."
a2zseoarticles.com,https://performancelab.com/,performancelab,REVIEW_MANUALLY,"High-OBL Page, Human-Authored URL",Low,1,1,1,100%,-,1,0%,100%,0,0,3136,0%,no,no,1,0%,1760381020,1780538396,"Pages average 3136 outbound links, but the linking URLs are not machine-generated (100% brand/URL anchors). Read the page before acting — a reference list, a personal links page and a link dump all look like this in aggregate."
simonstapleton.com,https://www.performancelab.com/blogs/caffeine-2/green-tea-vs-coffee,caffeine in tea vs coffee,REVIEW_MANUALLY,Low-Authority / Off-Topic Single Placement,Low,1,1,1,100%,-,1,0%,0%,2,2,10,0%,no,no,1,0%,1760448937,1787254433,"Off-topic and low authority, but too little volume to classify with confidence. Manual eyeball recommended."
topupdirectory.com,https://performancelab.com/,performancelab,REVIEW_MANUALLY,"High-OBL Page, Human-Authored URL",Low,1,1,1,100%,-,1,0%,100%,0,0,2895,0%,no,no,1,0%,1760495800,1786225873,"Pages average 2895 outbound links, but the linking URLs are not machine-generated (100% brand/URL anchors). Read the page before acting — a reference list, a personal links page and a link dump all look like this in aggregate."
dr-muscu.fr,https://www.performancelab.com/blogs/prebiotic/is-inulin-a-prebiotic,"en savoir, plus",REVIEW_MANUALLY,Low-Authority / Off-Topic Single Placement,Low,1,1,1,100%,-,1,0%,0%,3,3,4,0%,no,no,1,0%,1760590473,1786774164,"Off-topic and low authority, but too little volume to classify with confidence. Manual eyeball recommended."
tomatpontypark.com,https://performancelab.com/,https://performancelab.com,REVIEW_MANUALLY,"High-OBL Page, Human-Authored URL",Low,1,1,1,100%,-,1,0%,100%,0,0,28328,0%,no,no,1,0%,1760629392,1787186180,"Pages average 28328 outbound links, but the linking URLs are not machine-generated (100% brand/URL anchors). Read the page before acting — a reference list, a personal links page and a link dump all look like this in aggregate."
bilalarticles.com,https://performancelab.com/,performancelab,REVIEW_MANUALLY,"High-OBL Page, Human-Authored URL",Low,1,1,1,100%,-,1,0%,100%,0,0,3136,0%,no,no,1,0%,1760789938,1780291342,"Pages average 3136 outbound links, but the linking URLs are not machine-generated (100% brand/URL anchors). Read the page before acting — a reference list, a personal links page and a link dump all look like this in aggregate."
burn-peak-burnpeak.com,https://www.performancelab.com/blogs/caffeine-2/caffeine-anhydrous,Caffeine Anhydrous,REVIEW_MANUALLY,Low-Authority / Off-Topic Single Placement,Low,1,1,1,100%,-,1,0%,0%,2,2,8,0%,no,no,1,0%,1761101991,1787100207,"Off-topic and low authority, but too little volume to classify with confidence. Manual eyeball recommended."
bodylifemastery.com,https://www.performancelab.com/blogs/fitness/exercises-for-back-thickness,best exercise for building back thickness,REVIEW_MANUALLY,Low-Authority / Off-Topic Single Placement,Low,1,1,1,100%,-,1,0%,0%,0,0,4,0%,no,no,1,0%,1761272717,1787508187,"Off-topic and low authority, but too little volume to classify with confidence. Manual eyeball recommended."
globalseoarticles.com,https://performancelab.com/,performancelab,REVIEW_MANUALLY,"High-OBL Page, Human-Authored URL",Low,1,1,1,100%,-,1,0%,100%,0,0,3134,0%,no,no,1,0%,1761383916,1780666887,"Pages average 3134 outbound links, but the linking URLs are not machine-generated (100% brand/URL anchors). Read the page before acting — a reference list, a personal links page and a link dump all look like this in aggregate."
rankdirectorysite.com,https://performancelab.com/,performancelab,REVIEW_MANUALLY,"High-OBL Page, Human-Authored URL",Low,1,1,1,100%,-,1,0%,100%,0,0,3134,0%,no,no,1,0%,1761517582,1786456451,"Pages average 3134 outbound links, but the linking URLs are not machine-generated (100% brand/URL anchors). Read the page before acting — a reference list, a personal links page and a link dump all look like this in aggregate."
rankvance.website,https://www.performancelab.com/collections/nutropic,nutropic.com,REVIEW_MANUALLY,Link Farm / Outbound-Link Bloat [below disavow confidence bar],Medium,1,1,1,100%,-,1,0%,0%,0,0,1012,0%,no,no,1,0%,1761698141,1781723523,Average 1012 external links per source page across 1 machine-generated linking page(s). Confidence is not High; routed to manual review rather than disavowed.
scienceofproperty.com,https://www.performancelab.com/blogs/sleep/do-cherries-help-you-sleep,natural melatonin,REVIEW_MANUALLY,Low-Authority / Off-Topic Single Placement,Low,1,1,1,100%,-,0,0%,0%,0,0,25,100%,no,no,1,0%,1761818312,1786950908,"Off-topic and low authority, but too little volume to classify with confidence. Manual eyeball recommended."
webhubsites.com,https://performancelab.com/,performancelab,REVIEW_MANUALLY,"High-OBL Page, Human-Authored URL",Low,1,1,1,100%,-,1,0%,100%,0,0,3134,0%,no,no,1,0%,1762005586,1785891405,"Pages average 3134 outbound links, but the linking URLs are not machine-generated (100% brand/URL anchors). Read the page before acting — a reference list, a personal links page and a link dump all look like this in aggregate."
lifttilyadie.com,https://www.performancelab.com/blogs/pre/are-creatine-and-caffeine-dangerous-together,caffeine,REVIEW_MANUALLY,Low-Authority / Off-Topic Single Placement,Low,1,1,1,100%,-,1,0%,0%,0,0,5,0%,no,no,1,0%,1762076974,1786669039,"Off-topic and low authority, but too little volume to classify with confidence. Manual eyeball recommended."
wikimili.com,https://www.performancelab.com/blogs/sleep/sleep-performance-benefits-montmorency-tart-cherry,The Sleep & Performance Benefits of Montmorency Tart Cherry,REVIEW_MANUALLY,Low-Authority / Off-Topic Single Placement,Low,1,1,1,100%,-,0,0%,0%,0,0,14,100%,no,no,1,0%,1762080949,1775283477,"Off-topic and low authority, but too little volume to classify with confidence. Manual eyeball recommended."
99w.im,https://performancelab.com/,performancelab,REVIEW_MANUALLY,"High-OBL Page, Human-Authored URL",Low,1,1,1,100%,-,1,0%,100%,0,0,3136,0%,no,no,1,0%,1762194259,1781899649,"Pages average 3136 outbound links, but the linking URLs are not machine-generated (100% brand/URL anchors). Read the page before acting — a reference list, a personal links page and a link dump all look like this in aggregate."
bearaby.eu,https://www.performancelab.com/blogs/sleep/magnesium-and-melatonin-interaction,together,REVIEW_MANUALLY,Low-Authority / Off-Topic Single Placement,Low,1,1,1,100%,-,1,0%,0%,0,0,12,0%,no,no,1,0%,1762236213,1781507804,"Off-topic and low authority, but too little volume to classify with confidence. Manual eyeball recommended."
clicktohigh.com,https://performancelab.com/,performancelab,REVIEW_MANUALLY,"High-OBL Page, Human-Authored URL",Low,1,1,1,100%,-,1,0%,100%,0,0,3134,0%,no,no,1,0%,1762458761,1780728950,"Pages average 3134 outbound links, but the linking URLs are not machine-generated (100% brand/URL anchors). Read the page before acting — a reference list, a personal links page and a link dump all look like this in aggregate."
toplinksites.com,https://performancelab.com/,performancelab,REVIEW_MANUALLY,"High-OBL Page, Human-Authored URL",Low,1,1,1,100%,-,1,0%,100%,0,0,2894,0%,no,no,1,0%,1762685667,1786271716,"Pages average 2894 outbound links, but the linking URLs are not machine-generated (100% brand/URL anchors). Read the page before acting — a reference list, a personal links page and a link dump all look like this in aggregate."
colonmedcare.com,https://www.performancelab.com/blogs/prebiotic/vitamin-c-for-ibs,Vitamin C for IBS: What Effect Does It Have?,REVIEW_MANUALLY,Low-Authority / Off-Topic Single Placement,Low,1,1,1,100%,-,1,0%,0%,0,0,9,0%,no,no,1,0%,1762689813,1787219584,"Off-topic and low authority, but too little volume to classify with confidence. Manual eyeball recommended."
kamalalajsam.com,https://www.performancelab.com/blogs/omega-3/how-much-omega-3-per-day-for-bodybuilding,How Much Omega 3 Per Day for Bodybuilding - Here's How Much You Need!,REVIEW_MANUALLY,Low-Authority / Off-Topic Single Placement,Low,1,1,1,100%,-,1,0%,0%,0,0,7,0%,no,no,1,0%,1762777701,1787353414,"Off-topic and low authority, but too little volume to classify with confidence. Manual eyeball recommended."
myfastingbuddy.com,https://www.performancelab.com/blogs/multi/how-many-calories-break-a-fast%5C,50 calories,REVIEW_MANUALLY,Low-Authority / Off-Topic Single Placement,Low,1,1,1,100%,-,1,0%,0%,0,0,6,0%,no,no,1,0%,1762960562,1780605346,"Off-topic and low authority, but too little volume to classify with confidence. Manual eyeball recommended."
cashbackdeals.in,http://performancelab.com/,performancelab.com,REVIEW_MANUALLY,Coupon / Deals Aggregator - Retain by Default,Medium,1,1,1,100%,-,0,0%,100%,0,0,1000,100%,no,no,1,0%,1763322205,1781131278,Coupon and deals aggregators are protected architecture; confirm the offer resolves before considering any action.
weltkennenlerner.de,https://www.performancelab.com/blogs/sleep/turmeric-and-sleep,Ein Teelöffel hochwertiges Kurkumapulver und eine Prise schwarzer Pfeffer,REVIEW_MANUALLY,Low-Authority / Off-Topic Single Placement,Low,1,1,1,100%,-,1,0%,0%,0,0,3,0%,no,no,1,0%,1764068129,1775135936,"Off-topic and low authority, but too little volume to classify with confidence. Manual eyeball recommended."
lehrer-ai.de,https://www.performancelab.com/blogs/sleep/turmeric-and-sleep,Curcuminoide besitzen starke entzündungshemmende Eigenschaften,REVIEW_MANUALLY,Low-Authority / Off-Topic Single Placement,Low,1,1,1,100%,-,1,0%,0%,0,0,3,0%,no,no,1,0%,1764151816,1775323238,"Off-topic and low authority, but too little volume to classify with confidence. Manual eyeball recommended."
mo-nw.de,https://www.performancelab.com/blogs/prebiotic/inulin-vs-psyllium-which-is-better-for-gut-health,Höhere Bakterienvielfalt unterstützt komplexere Darmökosysteme,REVIEW_MANUALLY,Low-Authority / Off-Topic Single Placement,Low,1,1,1,100%,-,1,0%,0%,0,0,3,0%,no,no,1,0%,1764195008,1775318686,"Off-topic and low authority, but too little volume to classify with confidence. Manual eyeball recommended."
europe.pub,https://www.performancelab.com/blogs/multi/how-many-calories-break-a-fast,It depends,REVIEW_MANUALLY,Low-Authority / Off-Topic Single Placement,Low,1,1,1,100%,-,1,0%,0%,0,0,7,0%,no,no,1,0%,1764843570,1777907785,"Off-topic and low authority, but too little volume to classify with confidence. Manual eyeball recommended."
wetrainsmarter.com,https://www.performancelab.com/blogs/fitness/lifting-on-an-empty-stomach,Lower Energy,REVIEW_MANUALLY,Low-Authority / Off-Topic Single Placement,Low,1,1,1,100%,-,1,0%,0%,0,0,5,0%,no,no,1,0%,1765213737,1786127124,"Off-topic and low authority, but too little volume to classify with confidence. Manual eyeball recommended."
luckyupdate.com,https://www.performancelab.com/blogs/sleep/lemon-balm-and-anxiety,Lemon Balm and Anxiety: A Natural Solution to Everyday Stress?,REVIEW_MANUALLY,Low-Authority / Off-Topic Single Placement,Low,1,1,1,100%,-,1,0%,0%,0,0,28,0%,no,no,1,0%,1766142098,1786630205,"Off-topic and low authority, but too little volume to classify with confidence. Manual eyeball recommended."
praxisdrmedpschierer-vilsbiburg.de,https://www.performancelab.com/blogs/sleep/sleep-performance-benefits-montmorency-tart-cherry,Montmorency-Sauerkirschen haben mehr Melatonin,REVIEW_MANUALLY,Low-Authority / Off-Topic Single Placement,Low,1,1,1,100%,-,1,0%,0%,0,0,3,0%,no,no,1,0%,1766863367,1776241237,"Off-topic and low authority, but too little volume to classify with confidence. Manual eyeball recommended."
sprattonfestival.com,https://performancelab.com/,https://performancelab.com,REVIEW_MANUALLY,"High-OBL Page, Human-Authored URL",Low,1,1,1,100%,-,1,0%,100%,0,0,10358,0%,no,no,1,0%,1768061759,1787415111,"Pages average 10358 outbound links, but the linking URLs are not machine-generated (100% brand/URL anchors). Read the page before acting — a reference list, a personal links page and a link dump all look like this in aggregate."
millionwomensvoices.com,https://performancelab.com/,https://performancelab.com,REVIEW_MANUALLY,"High-OBL Page, Human-Authored URL",Low,1,1,1,100%,-,1,0%,100%,0,0,5997,0%,no,no,1,0%,1768298329,1787591243,"Pages average 5997 outbound links, but the linking URLs are not machine-generated (100% brand/URL anchors). Read the page before acting — a reference list, a personal links page and a link dump all look like this in aggregate."
thaicoffeeshop.com,https://www.performancelab.com/blogs/caffeine-plus/vitamin-c-and-caffeine,Source link,REVIEW_MANUALLY,Low-Authority / Off-Topic Single Placement,Low,1,1,1,100%,-,0,0%,0%,0,0,3,100%,no,no,1,0%,1768351347,1787583015,"Off-topic and low authority, but too little volume to classify with confidence. Manual eyeball recommended."
bioglobal.ro,https://www.performancelab.com/blogs/omega-3/omega-3-and-coq10-together,studiilor,REVIEW_MANUALLY,Low-Authority / Off-Topic Single Placement,Low,1,1,1,100%,-,1,0%,0%,0,0,14,0%,no,no,1,0%,1768463724,1787434002,"Off-topic and low authority, but too little volume to classify with confidence. Manual eyeball recommended."
progresnet.com.pl,https://www.performancelab.com/blogs/fat-loss/taking-fat-burners-on-an-empty-stomach-good-or-bad,Taking Fat Burners On An Empty Stomach: Good or Bad?,REVIEW_MANUALLY,Low-Authority / Off-Topic Single Placement,Low,1,1,1,100%,-,1,0%,0%,0,0,8,0%,no,no,1,0%,1768501321,1775841332,"Off-topic and low authority, but too little volume to classify with confidence. Manual eyeball recommended."
attractmorematches.com,https://www.performancelab.com/collections/immunity,take immunity supplements,REVIEW_MANUALLY,Low-Authority / Off-Topic Single Placement,Low,1,1,1,100%,-,1,0%,0%,2,2,19,0%,no,no,1,0%,1768519866,1784354138,"Off-topic and low authority, but too little volume to classify with confidence. Manual eyeball recommended."
buenaparte.de,https://www.performancelab.com/blogs/sleep/best-amino-acids-for-sleep,Tryptophan ist Vorstufe für Serotonin,REVIEW_MANUALLY,Low-Authority / Off-Topic Single Placement,Low,1,1,1,100%,-,1,0%,0%,0,0,3,0%,no,no,1,0%,1768537855,1776256649,"Off-topic and low authority, but too little volume to classify with confidence. Manual eyeball recommended."
1and1life.com,https://www.performancelab.com/blogs/sleep/magnesium-bisglycinate-vs-glycinate#:~:text=But%20what,magnesium bisglycinate,REVIEW_MANUALLY,Low-Authority / Off-Topic Single Placement,Low,1,1,1,100%,-,1,0%,0%,2,2,10,0%,no,no,1,0%,1768577581,1780873971,"Off-topic and low authority, but too little volume to classify with confidence. Manual eyeball recommended."
shinkosansho.co.jp,https://www.performancelab.com/blogs/fat-loss/taking-fat-burners-on-an-empty-stomach-good-or-bad,Taking Fat Burners On An Empty Stomach: Good or Bad?,REVIEW_MANUALLY,Low-Authority / Off-Topic Single Placement,Low,1,1,1,100%,-,1,0%,0%,0,0,30,0%,no,no,1,0%,1768588398,1787542218,"Off-topic and low authority, but too little volume to classify with confidence. Manual eyeball recommended."
sitesnewses.com,https://performancelab.com/,performancelab,REVIEW_MANUALLY,"High-OBL Page, Human-Authored URL",Low,1,1,1,100%,-,1,0%,100%,0,0,3139,0%,no,no,1,0%,1768610174,1781223485,"Pages average 3139 outbound links, but the linking URLs are not machine-generated (100% brand/URL anchors). Read the page before acting — a reference list, a personal links page and a link dump all look like this in aggregate."
50plus-today.com,https://www.performancelab.com/blogs/joint-support/best-joint-supplements,joint health supplements,REVIEW_MANUALLY,Low-Authority / Off-Topic Single Placement,Low,1,1,1,100%,-,1,0%,0%,3,3,16,0%,no,no,1,0%,1768661712,1787424075,"Off-topic and low authority, but too little volume to classify with confidence. Manual eyeball recommended."
directorycell.com,https://performancelab.com/,performancelab,REVIEW_MANUALLY,"High-OBL Page, Human-Authored URL",Low,1,1,1,100%,-,1,0%,100%,0,0,3134,0%,no,no,1,0%,1768769351,1786769379,"Pages average 3134 outbound links, but the linking URLs are not machine-generated (100% brand/URL anchors). Read the page before acting — a reference list, a personal links page and a link dump all look like this in aggregate."
chin-thai-restaurant-brackenheim.de,https://www.performancelab.com/blogs/nutrition/brain-bites-why-carbs-are-your-brains-best-friend,Das Gehirn verbraucht etwa zwanzig Prozent des täglichen Energiebedarfs,REVIEW_MANUALLY,Low-Authority / Off-Topic Single Placement,Low,1,1,1,100%,-,1,0%,0%,0,0,3,0%,no,no,1,0%,1768836269,1774805807,"Off-topic and low authority, but too little volume to classify with confidence. Manual eyeball recommended."
wayseolinks.com,https://performancelab.com/,performancelab,REVIEW_MANUALLY,"High-OBL Page, Human-Authored URL",Low,1,1,1,100%,-,1,0%,100%,0,0,3134,0%,no,no,1,0%,1768864429,1780379258,"Pages average 3134 outbound links, but the linking URLs are not machine-generated (100% brand/URL anchors). Read the page before acting — a reference list, a personal links page and a link dump all look like this in aggregate."
tendyscribble.com,https://www.performancelab.com/blogs/sleep/lemon-balm-and-anxiety?srsltid=AfmBOoqkfGuDP4O5Ltw5w15WHJRFRd4JuVCKzAh8Dq3Hd-u8xSwFEO6O,enhancing GABA activity,REVIEW_MANUALLY,Low-Authority / Off-Topic Single Placement,Low,1,1,1,100%,-,1,0%,0%,0,0,9,0%,no,no,1,0%,1768968001,1786885821,"Off-topic and low authority, but too little volume to classify with confidence. Manual eyeball recommended."
worldwideranks.com,https://performancelab.com/,performancelab,REVIEW_MANUALLY,"High-OBL Page, Human-Authored URL",Low,1,1,1,100%,-,1,0%,100%,0,0,3134,0%,no,no,1,0%,1768976382,1786895321,"Pages average 3134 outbound links, but the linking URLs are not machine-generated (100% brand/URL anchors). Read the page before acting — a reference list, a personal links page and a link dump all look like this in aggregate."
4levels.ro,https://www.performancelab.com/blogs/fat-loss/taking-fat-burners-on-an-empty-stomach-good-or-bad,Taking Fat Burners On An Empty Stomach: Good or Bad?,REVIEW_MANUALLY,Low-Authority / Off-Topic Single Placement,Low,1,1,1,100%,-,1,0%,0%,0,0,24,0%,no,no,1,0%,1769059867,1775053297,"Off-topic and low authority, but too little volume to classify with confidence. Manual eyeball recommended."
jcb.com.my,https://www.performancelab.com/blogs/fat-loss/taking-fat-burners-on-an-empty-stomach-good-or-bad,Taking Fat Burners On An Empty Stomach: Good or Bad?,REVIEW_MANUALLY,Low-Authority / Off-Topic Single Placement,Low,1,1,1,100%,-,1,0%,0%,0,0,21,0%,no,no,1,0%,1769104489,1786652591,"Off-topic and low authority, but too little volume to classify with confidence. Manual eyeball recommended."
controldetierra.com,https://www.performancelab.com/blogs/fat-loss/taking-fat-burners-on-an-empty-stomach-good-or-bad,Taking Fat Burners On An Empty Stomach: Good or Bad?,REVIEW_MANUALLY,Low-Authority / Off-Topic Single Placement,Low,1,1,1,100%,-,1,0%,0%,0,0,23,0%,no,no,1,0%,1769140765,1785583328,"Off-topic and low authority, but too little volume to classify with confidence. Manual eyeball recommended."
linkanews.com,https://performancelab.com/,performancelab,REVIEW_MANUALLY,"High-OBL Page, Human-Authored URL",Low,1,1,1,100%,-,1,0%,100%,0,0,3139,0%,no,no,1,0%,1769271132,1780176161,"Pages average 3139 outbound links, but the linking URLs are not machine-generated (100% brand/URL anchors). Read the page before acting — a reference list, a personal links page and a link dump all look like this in aggregate."
seoarticletime.com,https://performancelab.com/,performancelab,REVIEW_MANUALLY,"High-OBL Page, Human-Authored URL",Low,1,1,1,100%,-,1,0%,100%,0,0,2895,0%,no,no,1,0%,1769301222,1786264194,"Pages average 2895 outbound links, but the linking URLs are not machine-generated (100% brand/URL anchors). Read the page before acting — a reference list, a personal links page and a link dump all look like this in aggregate."
shipthedeal.com,https://www.performancelab.com/,Go To Performance Lab,REVIEW_MANUALLY,Coupon / Deals Aggregator - Retain by Default,Medium,1,1,1,100%,-,0,0%,100%,0,0,6,100%,no,yes,1,0%,1769303396,1786836289,Coupon and deals aggregators are protected architecture; confirm the offer resolves before considering any action.
mnsjournal.com,https://www.performancelab.com/,(empty/image),REVIEW_MANUALLY,Low-Authority / Off-Topic Single Placement,Low,1,1,1,100%,-,1,0%,0%,0,0,0,0%,no,no,1,0%,1769309691,1786993008,"Off-topic and low authority, but too little volume to classify with confidence. Manual eyeball recommended."
ranksarticle.com,https://performancelab.com/,performancelab,REVIEW_MANUALLY,"High-OBL Page, Human-Authored URL",Low,1,1,1,100%,-,1,0%,100%,0,0,3134,0%,no,no,1,0%,1769567411,1787553175,"Pages average 3134 outbound links, but the linking URLs are not machine-generated (100% brand/URL anchors). Read the page before acting — a reference list, a personal links page and a link dump all look like this in aggregate."
viking.nu,https://www.performancelab.com/blogs/sleep/tart-cherry-juice-vs-capsules,Tart Cherry Juice vs Capsules: Which Is Better ...,REVIEW_MANUALLY,Low-Authority / Off-Topic Single Placement,Low,1,1,1,100%,-,1,0%,0%,0,0,10,0%,no,no,1,0%,1769618877,1787571587,"Off-topic and low authority, but too little volume to classify with confidence. Manual eyeball recommended."
thearticletime.com,https://performancelab.com/,performancelab,REVIEW_MANUALLY,"High-OBL Page, Human-Authored URL",Low,1,1,1,100%,-,1,0%,100%,0,0,2895,0%,no,no,1,0%,1769722149,1787263104,"Pages average 2895 outbound links, but the linking URLs are not machine-generated (100% brand/URL anchors). Read the page before acting — a reference list, a personal links page and a link dump all look like this in aggregate."
taksu.tech,https://mis.performancelab.com/assets/images/ieh0de/index.php?topic2491,0takj,REVIEW_MANUALLY,Low-Authority / Off-Topic Single Placement,Low,1,1,1,100%,-,1,0%,0%,0,0,10,0%,no,no,1,0%,1770055318,1770055318,"Off-topic and low authority, but too little volume to classify with confidence. Manual eyeball recommended."
dragokreatif.com,https://mis.performancelab.com/assets/images/ieh0de/index.php?topic5794,johw2,REVIEW_MANUALLY,Low-Authority / Off-Topic Single Placement,Low,1,1,1,100%,-,1,0%,0%,0,0,10,0%,no,no,1,0%,1770064413,1772568804,"Off-topic and low authority, but too little volume to classify with confidence. Manual eyeball recommended."
techmatesofttech.com,https://mis.performancelab.com/assets/images/ieh0de/index.php?topic7303,kpesx,REVIEW_MANUALLY,Low-Authority / Off-Topic Single Placement,Low,1,1,1,100%,-,1,0%,0%,0,0,10,0%,no,no,1,100%,1770076582,1780726637,"Off-topic and low authority, but too little volume to classify with confidence. Manual eyeball recommended."
mökki-myynnissä.fi,https://mis.performancelab.com/assets/images/ieh0de/index.php?z6490,nb8r,REVIEW_MANUALLY,Low-Authority / Off-Topic Single Placement,Low,1,1,1,100%,-,1,0%,0%,0,0,10,0%,no,no,1,0%,1770080241,1770080241,"Off-topic and low authority, but too little volume to classify with confidence. Manual eyeball recommended."
corporateoffers.com.vn,https://mis.performancelab.com/assets/images/ieh0de/index.php?topic2049,l6sx,REVIEW_MANUALLY,Coupon / Deals Aggregator - Retain by Default,Medium,1,1,1,100%,-,1,0%,0%,0,0,10,0%,no,no,1,0%,1770082373,1770082373,Coupon and deals aggregators are protected architecture; confirm the offer resolves before considering any action.
yppgiibandung.org,https://mis.performancelab.com/assets/images/ieh0de/index.php?topic8112,4kmf,REVIEW_MANUALLY,Low-Authority / Off-Topic Single Placement,Low,1,1,1,100%,-,1,0%,0%,0,0,9,0%,no,no,1,0%,1770102411,1770102411,"Off-topic and low authority, but too little volume to classify with confidence. Manual eyeball recommended."
nlcongo.com,https://mis.performancelab.com/assets/images/ieh0de/index.php?topic2996,cw3pt0,REVIEW_MANUALLY,Low-Authority / Off-Topic Single Placement,Low,1,1,1,100%,-,1,0%,0%,0,0,10,0%,no,no,1,0%,1770128572,1774619130,"Off-topic and low authority, but too little volume to classify with confidence. Manual eyeball recommended."
hmr27.fr,https://www.performancelab.com/blogs/fat-loss/taking-fat-burners-on-an-empty-stomach-good-or-bad,Taking Fat Burners On An Empty Stomach: Good or Bad?,REVIEW_MANUALLY,Low-Authority / Off-Topic Single Placement,Low,1,1,1,100%,-,1,0%,0%,0,0,12,0%,no,no,1,0%,1770142705,1784062097,"Off-topic and low authority, but too little volume to classify with confidence. Manual eyeball recommended."
walshskitchen.com,https://mis.performancelab.com/assets/images/ieh0de/index.php?topic1170,jvic,REVIEW_MANUALLY,Low-Authority / Off-Topic Single Placement,Low,1,1,1,100%,-,1,0%,0%,0,0,10,0%,no,no,1,0%,1770155056,1770155056,"Off-topic and low authority, but too little volume to classify with confidence. Manual eyeball recommended."
kejikeji.com,https://mis.performancelab.com/assets/images/ieh0de/index.php?topic8343,hvbnc,REVIEW_MANUALLY,Low-Authority / Off-Topic Single Placement,Low,1,1,1,100%,-,1,0%,0%,0,0,10,0%,no,no,1,0%,1770191565,1779408412,"Off-topic and low authority, but too little volume to classify with confidence. Manual eyeball recommended."
adlerakademie.de,https://mis.performancelab.com/assets/images/ieh0de/index.php?topic2726,df2ly,REVIEW_MANUALLY,Low-Authority / Off-Topic Single Placement,Low,1,1,1,100%,-,1,0%,0%,0,0,10,0%,no,no,1,0%,1770198606,1773251127,"Off-topic and low authority, but too little volume to classify with confidence. Manual eyeball recommended."
greatbigvalue.com,https://mis.performancelab.com/assets/images/ieh0de/index.php?topic3543,opuwo,REVIEW_MANUALLY,Low-Authority / Off-Topic Single Placement,Low,1,1,1,100%,-,1,0%,0%,0,0,10,0%,no,no,1,100%,1770206520,1772389157,"Off-topic and low authority, but too little volume to classify with confidence. Manual eyeball recommended."
virtualsdirectory.com,https://performancelab.com/,performancelab,REVIEW_MANUALLY,"High-OBL Page, Human-Authored URL",Low,1,1,1,100%,-,1,0%,100%,0,0,2895,0%,no,no,1,0%,1770310619,1786163094,"Pages average 2895 outbound links, but the linking URLs are not machine-generated (100% brand/URL anchors). Read the page before acting — a reference list, a personal links page and a link dump all look like this in aggregate."
domains.com.bz,https://www.performancelab.com/blogs/wellness,testolabpro.com,REVIEW_MANUALLY,"High-OBL Page, Human-Authored URL",Low,1,1,1,100%,-,1,0%,0%,0,0,1000,0%,no,no,1,0%,1770549988,1783942650,"Pages average 1000 outbound links, but the linking URLs are not machine-generated (0% brand/URL anchors). Read the page before acting — a reference list, a personal links page and a link dump all look like this in aggregate."
fbxl.net,https://www.performancelab.com/blogs/multi/how-many-calories-break-a-fast,It depends,REVIEW_MANUALLY,Low-Authority / Off-Topic Single Placement,Low,1,1,1,100%,-,1,0%,0%,0,0,7,0%,no,no,1,0%,1770575574,1770575574,"Off-topic and low authority, but too little volume to classify with confidence. Manual eyeball recommended."
list.show,http://performancelab.com/,performancelab.com,REVIEW_MANUALLY,Affiliate Gateway w/ Link-Farm Traits,Medium,1,1,1,100%,-,0,0%,100%,0,0,1000,100%,no,no,1,0%,1770625214,1783011152,Matches affiliate infrastructure but shows OBL bloat; verify the redirect resolves to a live partner offer.
removevirus.org,https://www.performancelab.com/blogs/wellness,When To Take Zinc: Morning Or Night,REVIEW_MANUALLY,Low-Authority / Off-Topic Single Placement,Low,1,1,1,100%,-,1,0%,0%,0,0,10,0%,no,no,1,0%,1770756000,1777807875,"Off-topic and low authority, but too little volume to classify with confidence. Manual eyeball recommended."
jeffjsnider.com,https://www.performancelab.com/blogs/wellness,When To Take Zinc: Morning Or Night,REVIEW_MANUALLY,Low-Authority / Off-Topic Single Placement,Low,1,1,1,100%,-,1,0%,0%,0,0,41,0%,no,no,1,0%,1770912601,1786508589,"Off-topic and low authority, but too little volume to classify with confidence. Manual eyeball recommended."
99ranks.com,https://performancelab.com/,performancelab,REVIEW_MANUALLY,"High-OBL Page, Human-Authored URL",Low,1,1,1,100%,-,1,0%,100%,0,0,3134,0%,no,no,1,0%,1771083992,1780458192,"Pages average 3134 outbound links, but the linking URLs are not machine-generated (100% brand/URL anchors). Read the page before acting — a reference list, a personal links page and a link dump all look like this in aggregate."
freejingdi.com,https://www.performancelab.com/blogs/sleep/lemon-balm-and-anxiety,Lemon Balm and Anxiety: A Natural Solution to Everyday Stress?,REVIEW_MANUALLY,Low-Authority / Off-Topic Single Placement,Low,1,1,1,100%,-,1,0%,0%,0,0,28,0%,no,no,1,0%,1771156961,1787492997,"Off-topic and low authority, but too little volume to classify with confidence. Manual eyeball recommended."
gauloisesracing.com,https://performancelab.com/,https://performancelab.com,REVIEW_MANUALLY,"High-OBL Page, Human-Authored URL",Low,1,1,1,100%,-,1,0%,100%,0,0,5997,0%,no,no,1,0%,1771197087,1786063496,"Pages average 5997 outbound links, but the linking URLs are not machine-generated (100% brand/URL anchors). Read the page before acting — a reference list, a personal links page and a link dump all look like this in aggregate."
e.vg,http://performancelab.com/,Click to reach the website,REVIEW_MANUALLY,Low-Authority / Off-Topic Single Placement,Low,1,1,1,100%,-,0,0%,0%,0,0,1,100%,no,no,1,0%,1771373836,1785924610,"Off-topic and low authority, but too little volume to classify with confidence. Manual eyeball recommended."
whitshomeremedies.com,https://www.performancelab.com/blogs/nutrition/are-there-any-side-effects-of-beetroot-powder,https://www.performancelab.com/blogs/nutrition/are-there-any-side-effects-of-beetroot-powder,REVIEW_MANUALLY,"High-OBL Page, Human-Authored URL",Low,1,1,1,100%,-,1,0%,100%,0,0,228,0%,no,no,1,0%,1771471732,1785933855,"Pages average 228 outbound links, but the linking URLs are not machine-generated (100% brand/URL anchors). Read the page before acting — a reference list, a personal links page and a link dump all look like this in aggregate."
crazypeople.online,https://www.performancelab.com/blogs/multi/how-many-calories-break-a-fast,It depends,REVIEW_MANUALLY,Low-Authority / Off-Topic Single Placement,Low,1,1,1,100%,-,1,0%,0%,0,0,55,0%,no,no,1,0%,1771578733,1778379501,"Off-topic and low authority, but too little volume to classify with confidence. Manual eyeball recommended."
margaretblanton.com,https://www.performancelab.com/collections/vitamins-minerals,effect of natural vitamins,REVIEW_MANUALLY,Low-Authority / Off-Topic Single Placement,Low,1,1,1,100%,-,1,0%,0%,0,0,16,0%,no,no,1,0%,1771771034,1780421916,"Off-topic and low authority, but too little volume to classify with confidence. Manual eyeball recommended."
shorturl.at,https://www.performancelab.com/,(empty/image),REVIEW_MANUALLY,Low-Authority / Off-Topic Single Placement,Low,1,1,1,100%,-,1,0%,0%,0,0,0,0%,no,no,1,0%,1771928656,1785497751,"Off-topic and low authority, but too little volume to classify with confidence. Manual eyeball recommended."
monyet.cc,https://www.performancelab.com/blogs/multi/how-many-calories-break-a-fast,It depends,REVIEW_MANUALLY,Low-Authority / Off-Topic Single Placement,Low,1,1,1,100%,-,1,0%,0%,0,0,53,0%,no,no,1,0%,1773137385,1773137385,"Off-topic and low authority, but too little volume to classify with confidence. Manual eyeball recommended."
alphapowershop.online,https://www.performancelab.com/blogs/fitness/mixing-creatine-with-bcaa,[17],REVIEW_MANUALLY,Low-Authority / Off-Topic Single Placement,Low,1,1,1,100%,-,1,0%,0%,0,0,19,0%,no,no,1,0%,,,"Off-topic and low authority, but too little volume to classify with confidence. Manual eyeball recommended."
buzzshrink.website,https://performancelab.com/,performancelab.com,REVIEW_MANUALLY,"High-OBL Page, Human-Authored URL",Low,1,1,1,100%,-,0,0%,100%,0,0,3500,100%,no,no,1,0%,,,"Pages average 3500 outbound links, but the linking URLs are not machine-generated (100% brand/URL anchors). Read the page before acting — a reference list, a personal links page and a link dump all look like this in aggregate."
urls-shortener.eu,https://performancelab.com/,performancelab.com,REVIEW_MANUALLY,"High-OBL Page, Human-Authored URL",Low,1,1,1,100%,-,0,0%,100%,0,0,3500,100%,no,no,1,0%,,,"Pages average 3500 outbound links, but the linking URLs are not machine-generated (100% brand/URL anchors). Read the page before acting — a reference list, a personal links page and a link dump all look like this in aggregate."
fuelcell101.com,https://www.performancelab.com/blogs/multi/vitamin-c-and-omega-3-together,Vitamin C and Omega-3 Together: Benefits & Is It Safe ... - Performance ...,REVIEW_MANUALLY,Low-Authority / Off-Topic Single Placement,Low,1,1,1,100%,-,1,0%,0%,0,0,145,0%,no,no,1,0%,,,"Off-topic and low authority, but too little volume to classify with confidence. Manual eyeball recommended."
hexcolor.co,https://www.performancelab.com/,Buy Now!,KEEP_AFFILIATE_RETAIN,None - Affiliate Placement (Verified Redirect),High,45412,45412,1,100%,-,0,0%,0%,4,70,20,100%,no,no,1,0%,2024-02-12,2026-08-22,"All 45,412 sampled links route through drect.net, client-confirmed affiliate infrastructure. A templated placement is a commercial decision, not a toxicity signal; the brief protects affiliate redirects."
eastbayexpress.com,https://www.performancelab.com/products/mind-lab-pro (+1 more),(empty/image) (+4 more),KEEP_AFFILIATE_RETAIN,None - Client Decision (Retain),High,667,162,5,24%,-,667,24%,51%,10,10,176,0%,no,yes,2,87%,2025-09-06,2026-08-24,"Client instruction, 2026-08-25. Supported by the data: 662 of its 667 links are /BestOf/page/N/?award=... archive echoes; the actual placement is one article at /best-nootropics/. Five links carry the programme's a_aid/a_bid parameters, so it is at least partly an affiliate placement rather than organic editorial. Authority 44."
mindlabpro.com,https://www.performancelab.com/products/caffeine-2 (+70 more),Shop Now (+210 more),KEEP_AFFILIATE_RETAIN,None - Brand-Owned Estate (Opti-Nutra network),High,537,91,211,18%,-,537,6%,37%,10,58,42,0%,no,yes,71,6%,1738361829,2026-08-22,First-party brand property; cross-brand linking is expected.
nootropicsexpert.com,https://www.performancelab.com/products/energy (+73 more),Performance Lab ® Energy (+196 more),KEEP_AFFILIATE_RETAIN,None - Topically Relevant Editorial / Affiliate Link,High,480,128,197,8%,-,155,0%,78%,5,15,31,68%,no,yes,74,1%,2024-11-21,2026-08-22,Niche-aligned source with a natural anchor distribution (78% branded/URL anchors).
smartlivingseniors.com,https://www.performancelab.com/products/mind-lab-pro?a_aid=65c24363c10e0&a_bid=67fd84dc (+6 more),Mind Lab Pro is the best nootropic supplement (+3 more),KEEP_AFFILIATE_RETAIN,None - Tracked Affiliate Partner,High,395,140,4,67%,-,395,0%,100%,0,10,5,0%,no,yes,7,1%,1714341306,2026-06-17,"100% of destinations carry the programme's a_aid/a_bid parameters, so this is a tracked affiliate. Commercial anchors are expected of an affiliate and the brief protects the placement; no structural spam signature fired."
fitnessclone.com,https://www.performancelab.com/products/burn?a_aid=5de01313ea015&a_bid=a2ad38c1 (+26 more),Check Price (+108 more),KEEP_AFFILIATE_RETAIN,None - Tracked Affiliate Partner,High,374,270,109,63%,-,373,0%,14%,2,17,30,0%,no,yes,27,0%,1706696900,2026-08-21,"99% of destinations carry the programme's a_aid/a_bid parameters, so this is a tracked affiliate. Commercial anchors are expected of an affiliate and the brief protects the placement; no structural spam signature fired."
leafysouls.com,https://www.performancelab.com/products/nutrigenesis-multi-women/?a_aid=648aeb87e86fc (+64 more),Learn More (+89 more),KEEP_AFFILIATE_RETAIN,None - Client Decision (Retain),High,258,64,90,15%,-,168,0%,50%,0,1,19,35%,no,yes,65,14%,1737797888,1787623928,"Client instruction, 2026-08-25. No link-level sample exists (286 backlinks, none in the 50k export), so the audit had it as unverified rather than judged. Authority 13, no spam signature, no hosting cluster."
ebylife.com,https://www.performancelab.com/products/protein (+51 more),Best supplements performance (+170 more),KEEP_AFFILIATE_RETAIN,None - Tracked Affiliate Partner,High,241,133,171,6%,-,241,30%,37%,5,9,9,0%,no,yes,52,3%,1715899070,2026-08-22,"5% of destinations carry the programme's a_aid/a_bid parameters, so this is a tracked affiliate. Commercial anchors are expected of an affiliate and the brief protects the placement; no structural spam signature fired."
human-memory.net,https://www.performancelab.com/products/mind?a_aid=5f9802ef2d90f&a_bid=a2ad38c1 (+14 more),(empty/image) (+39 more),KEEP_AFFILIATE_RETAIN,None - Tracked Affiliate Partner,High,227,41,40,23%,-,51,0%,41%,0,17,34,78%,no,yes,15,0%,1741983454,2026-06-28,"97% of destinations carry the programme's a_aid/a_bid parameters, so this is a tracked affiliate. Commercial anchors are expected of an affiliate and the brief protects the placement; no structural spam signature fired."
supplementreviewsuk.com,https://uk.performancelab.com/products/nutrigenesis-multi-women (+58 more),Visit Performance Lab’s Website here (+129 more),KEEP_AFFILIATE_RETAIN,None - Topically Relevant Editorial / Affiliate Link,High,206,62,130,4%,-,206,2%,79%,0,16,14,0%,no,yes,59,0%,1706950714,2026-08-13,Niche-aligned source with a natural anchor distribution (79% branded/URL anchors).
generationiron.com,https://www.performancelab.com/products/nutrigenesis-multi-men (+23 more),Shop Performance Lab (+71 more),KEEP_AFFILIATE_RETAIN,None - Topically Relevant Editorial / Affiliate Link,High,186,68,72,31%,-,72,1%,89%,10,18,24,61%,no,yes,24,4%,2025-01-23,2026-08-22,Niche-aligned source with a natural anchor distribution (89% branded/URL anchors).
healthandwellnessreviews.co.uk,https://uk.performancelab.com/products/nutrigenesis-multi-men (+11 more),Nutrigenesis for Women (+17 more),KEEP_AFFILIATE_RETAIN,None - Topically Relevant Editorial / Affiliate Link,High,186,86,18,45%,-,172,0%,97%,0,7,14,8%,no,yes,12,0%,1703964663,2026-08-18,Niche-aligned source with a natural anchor distribution (97% branded/URL anchors).
ultimatestrengths.com,https://www.performancelab.com/products/mind-lab-pro?a_aid=661e1533991c0&a_bid=6273e716 (+5 more),Mind Lab Pro is the best nootropic supplement (+4 more),KEEP_AFFILIATE_RETAIN,None - Tracked Affiliate Partner,High,184,92,5,49%,-,182,0%,99%,0,21,3,1%,no,yes,6,1%,1740116530,2026-07-19,"99% of destinations carry the programme's a_aid/a_bid parameters, so this is a tracked affiliate. Commercial anchors are expected of an affiliate and the brief protects the placement; no structural spam signature fired."
valentinosnaturals.com,https://www.performancelab.com/blogs/wellness (+16 more),Testo Lab Pro Review and Results: How Effective is this New T-Booster? (+58 more),KEEP_AFFILIATE_RETAIN,None - Topically Relevant Editorial / Affiliate Link,High,160,19,59,8%,-,108,1%,47%,0,1,19,32%,no,yes,17,0%,1743419334,1787616501,Niche-aligned source with a natural anchor distribution (47% branded/URL anchors).
currencyconverts.com,https://www.performancelab.com/,Buy Now!,KEEP_AFFILIATE_RETAIN,None - Affiliate Placement (Verified Redirect),High,152,152,1,100%,-,0,0%,0%,68,93,23,100%,no,no,1,0%,2024-01-26,2026-08-22,"All 152 sampled links route through drect.net, client-confirmed affiliate infrastructure. A templated placement is a commercial decision, not a toxicity signal; the brief protects affiliate redirects."
e360tv.com,https://www.performancelab.com/produc... (+2 more),https://www.performancelab.com/produc... (+2 more),KEEP_AFFILIATE_RETAIN,None - Topically Relevant Editorial / Affiliate Link,High,143,69,3,64%,-,143,0%,100%,2,2,33,0%,no,yes,3,8%,1733690432,1782175959,Niche-aligned source with a natural anchor distribution (100% branded/URL anchors).
brainmadesimple.com,https://www.performancelab.com/products/mind?a_aid=5f9802ef2d90f&a_bid=a2ad38c1 (+4 more),Creative Stall Check Latest Price (+13 more),KEEP_AFFILIATE_RETAIN,None - Tracked Affiliate Partner,High,142,18,14,27%,-,0,0%,31%,0,0,39,100%,no,yes,5,0%,1742002274,1782044702,"100% of destinations carry the programme's a_aid/a_bid parameters, so this is a tracked affiliate. Commercial anchors are expected of an affiliate and the brief protects the placement; no structural spam signature fired."
thecompleteportal.com,https://www.performancelab.com/?a_aid=67fe31bfbb8c5&a_bid=a2ad38c1,End of Season Sale! (+43 more),KEEP_AFFILIATE_RETAIN,None - Client Decision (Retain),High,133,28,44,6%,-,21,0%,14%,0,0,23,84%,no,yes,1,0%,1748196181,1781983517,"Client instruction, 2026-08-25. No link-level sample exists (183 backlinks, none in the 50k export). It was flagged only for link volume against authority 2, which is a suspicion the data cannot resolve either way without anchors or targets."
thesportwriter.com,https://www.performancelab.com/blogs/wellness (+58 more),(empty/image) (+85 more),KEEP_AFFILIATE_RETAIN,None - Tracked Affiliate Partner,High,124,46,86,10%,-,109,3%,72%,0,6,6,12%,no,yes,59,1%,1619019331,2026-06-22,"34% of destinations carry the programme's a_aid/a_bid parameters, so this is a tracked affiliate. Commercial anchors are expected of an affiliate and the brief protects the placement; no structural spam signature fired."
benchchem.com,https://www.performancelab.com/blogs/sleep/l-tryptophan-vs-5-htp-which-is-better (+36 more),Link (+39 more),KEEP_AFFILIATE_RETAIN,None - Client Decision (Retain),High,120,54,40,13%,-,120,0%,44%,5,7,1046,0%,no,no,37,2%,1763291997,2026-08-04,"Client instruction, 2026-08-25. Supported by the data: chemical catalogue product pages citing Performance Lab blog articles as scientific references. Anchors are numbered citations ('1. performancelab.com', '5', 'Link') and targets are deep editorial posts on L-tryptophan, R-lipoic acid and L-tyrosine. The 900-2100 outbound links per page are bibliographies, which the OBL rule counted without regard to why they exist."
syktohealth.com,https://www.performancelab.com/products/b-complex?a_aid=643cca5c87303&a_cid=f4c3e754 (+20 more),CHECK THE LATEST PRICE HERE (+83 more),KEEP_AFFILIATE_RETAIN,None - Tracked Affiliate Partner,High,118,26,84,16%,-,24,3%,25%,0.5,18,36,80%,yes,yes,21,0%,1739054181,2026-08-20,"97% of destinations carry the programme's a_aid/a_bid parameters, so this is a tracked affiliate. Commercial anchors are expected of an affiliate and the brief protects the placement; no structural spam signature fired."
yahoo.com,https://www.performancelab.com/blogs/multi/best-multivitamin-for-women-over-70 (+49 more),www.performancelab.com › blogs › multi Best Multivitamin for Women Over 70 - Performance Lab® (+58 more),KEEP_AFFILIATE_RETAIN,None - Brand Mention / Citation,Medium,117,116,59,14%,-,116,0%,99%,23,25,11,1%,no,no,50,31%,1757545844,2026-08-15,99% branded or bare-URL anchors; reads as an unsolicited citation rather than a placed link.
zanesampson.substack.com,https://www.performancelab.com/?a_aid=9stspoxu6dy16&a_bid=a2ad38c1 (+19 more),Performance Lab® (+20 more),KEEP_AFFILIATE_RETAIN,None - Tracked Affiliate Partner,High,111,23,21,34%,-,110,0%,95%,19,22,20,1%,no,yes,20,0%,2026-05-29,2026-08-22,"65% of destinations carry the programme's a_aid/a_bid parameters, so this is a tracked affiliate. Commercial anchors are expected of an affiliate and the brief protects the placement; no structural spam signature fired."
supermindhacker.com,https://www.performancelab.com/products/mind (+8 more),Cognizen (Citicoline) – We Recommend “Mind” (+80 more),KEEP_AFFILIATE_RETAIN,None - Topically Relevant Editorial / Affiliate Link,High,109,14,81,4%,-,109,0%,54%,0,0,32,0%,no,yes,9,0%,1734242144,1783243570,Niche-aligned source with a natural anchor distribution (54% branded/URL anchors).
testolabpro.com,https://www.performancelab.com/blogs/wellness,(empty/image),KEEP_AFFILIATE_RETAIN,None - Brand Redirect / Tracking Host,High,108,108,1,100%,-,108,0%,0%,0,43,0,0%,no,yes,1,0%,1769902078,2026-08-21,"Brand-owned redirect shell: zero external links, empty anchors, and source URLs carrying the programme's own affiliate parameters."
thekeytoglutenfree.com,https://performancelab.com/pages/nutrigenesis-multi/?a_aid=5dc5585e55742&a_bid=a2ad38c1 (+26 more),(empty/image) (+31 more),KEEP_AFFILIATE_RETAIN,None - Tracked Affiliate Partner,High,107,21,32,16%,-,103,0%,62%,0,0,19,4%,no,yes,27,0%,1692869278,1782034574,"64% of destinations carry the programme's a_aid/a_bid parameters, so this is a tracked affiliate. Commercial anchors are expected of an affiliate and the brief protects the placement; no structural spam signature fired."
naxttiihealth.com,https://www.performancelab.com/blogs/joint-support/vegetarian-glucosamine-for-joint-health (+9 more),Phytodroitin (+57 more),KEEP_AFFILIATE_RETAIN,None - Topically Relevant Editorial / Affiliate Link,High,107,16,58,4%,-,105,0%,4%,0,0,36,2%,no,yes,10,96%,1758063711,1784460515,Niche-aligned source with a natural anchor distribution (4% branded/URL anchors).
nootropicgeek.com,https://www.performancelab.com/ (+22 more),performancelab.com (+55 more),KEEP_AFFILIATE_RETAIN,None - Topically Relevant Editorial / Affiliate Link,High,105,55,56,6%,-,0,0%,81%,0,20,5,100%,no,yes,23,0%,1724992100,2026-08-18,Niche-aligned source with a natural anchor distribution (81% branded/URL anchors).
bebrainfit.com,https://www.performancelab.com/products/mind-lab-pro?a_aid=58ceff5cb0952&a_bid=aa4be909 (+9 more),Mind Lab Pro is the best nootropic supplement (+8 more),KEEP_AFFILIATE_RETAIN,None - Tracked Affiliate Partner,High,98,89,9,92%,-,98,0%,100%,0,42,5,0%,yes,yes,10,87%,1731135231,2026-08-22,"100% of destinations carry the programme's a_aid/a_bid parameters, so this is a tracked affiliate. Commercial anchors are expected of an affiliate and the brief protects the placement; no structural spam signature fired."
neurohub.bio,https://www.performancelab.com/products/mind-lab-pro?a_aid=68226e23cb8d9&a_bid=ba9063e9 (+1 more),Mind Lab Pro is the best nootropic supplement (+1 more),KEEP_AFFILIATE_RETAIN,None - Tracked Affiliate Partner,High,93,93,2,99%,-,93,0%,99%,0,0,6,0%,no,yes,2,0%,1760009496,1774513628,"99% of destinations carry the programme's a_aid/a_bid parameters, so this is a tracked affiliate. Commercial anchors are expected of an affiliate and the brief protects the placement; no structural spam signature fired."
cognitionprime.bio,https://www.performancelab.com/products/mind-lab-pro?a_aid=698558155b33e&a_bid=ba9063e9 (+19 more),Mind Lab Pro is the best nootropic supplement Mind Lab Pro is the best nootropic supplement (+6 more),KEEP_AFFILIATE_RETAIN,None - Tracked Affiliate Partner,High,93,57,7,65%,-,93,0%,100%,0,0,3,0%,no,yes,20,0%,1770517152,1787571638,"100% of destinations carry the programme's a_aid/a_bid parameters, so this is a tracked affiliate. Commercial anchors are expected of an affiliate and the brief protects the placement; no structural spam signature fired."
drywearapparel.com,https://www.performancelab.com/products/mind-lab-pro (+11 more),(empty/image) (+3 more),KEEP_AFFILIATE_RETAIN,None - Topically Relevant Editorial / Affiliate Link,High,92,49,4,96%,-,92,0%,3%,0,1,9,0%,no,yes,12,0%,1758784932,1787597812,Niche-aligned source with a natural anchor distribution (3% branded/URL anchors).
prelabpro.com,https://www.performancelab.com/products/pre-lab-pro (+71 more),(empty/image) (+2 more),KEEP_AFFILIATE_RETAIN,None - Brand Redirect / Tracking Host,High,85,83,3,98%,-,85,0%,0%,0,31,0,0%,no,yes,72,0%,1741700745,2026-08-22,"Brand-owned redirect shell: zero external links, empty anchors, and source URLs carrying the programme's own affiliate parameters."
mylandingpages.co,https://www.performancelab.com/blogs/joint-support/vegetarian-glucosamine-for-joint-health (+13 more),up to 1500 mg daily (+75 more),KEEP_AFFILIATE_RETAIN,None - Topically Relevant Editorial / Affiliate Link,High,78,24,76,3%,-,76,0%,4%,0,0,34,3%,no,yes,14,0%,,,Niche-aligned source with a natural anchor distribution (4% branded/URL anchors).
noderunners.network,https://www.performancelab.com/breedlove,https://www.performancelab.com/breedlove (+12 more),KEEP_AFFILIATE_RETAIN,None - Dedicated Partner / Sponsor Landing Page,High,72,72,13,31%,-,72,0%,100%,0,1,41,0%,no,yes,1,0%,1766005604,1786819765,"All 72 links resolve to the bespoke landing path '/breedlove' with brand-led anchors — co-marketing architecture, not manipulation."
enhancingbrain.com,https://www.performancelab.com/products/omega-3?a_aid=66e997e354a8c&a_cid=f4c3e754 (+22 more),Omega-3 (+43 more),KEEP_AFFILIATE_RETAIN,None - Tracked Affiliate Partner,High,69,26,44,7%,-,54,1%,25%,0,0,21,22%,no,yes,23,0%,1745370856,1787627371,"99% of destinations carry the programme's a_aid/a_bid parameters, so this is a tracked affiliate. Commercial anchors are expected of an affiliate and the brief protects the placement; no structural spam signature fired."
vaga.org,https://www.performancelab.com/products/mind (+10 more),PerformanceLab.com (+30 more),KEEP_AFFILIATE_RETAIN,None - Topically Relevant Editorial / Affiliate Link,High,68,22,31,16%,-,68,4%,57%,0,35,17,0%,no,yes,11,32%,1730620957,2026-07-16,Niche-aligned source with a natural anchor distribution (57% branded/URL anchors).
gossiphealth.com,https://www.performancelab.com/products/mind-lab-pro (+3 more),Performance Lab Mind (+3 more),KEEP_AFFILIATE_RETAIN,None - Tracked Affiliate Partner,High,67,26,4,48%,-,0,0%,84%,0,0,37,100%,no,yes,4,0%,1721072687,1787202624,"37% of destinations carry the programme's a_aid/a_bid parameters, so this is a tracked affiliate. Commercial anchors are expected of an affiliate and the brief protects the placement; no structural spam signature fired."
nutropic.com,https://www.performancelab.com/collections/all-products (+2 more),(empty/image),KEEP_AFFILIATE_RETAIN,None - Brand Redirect / Tracking Host,High,64,41,1,100%,-,64,0%,0%,0,69,0,0%,no,no,3,6%,1703623281,2026-08-21,"Brand-owned redirect shell: zero external links, empty anchors, and source URLs carrying the programme's own affiliate parameters."
setriaglutathione.com,https://www.performancelab.com/products/pl-immune (+1 more),Performance Lab PL-Immune Performance Lab PL-Immune (+1 more),KEEP_AFFILIATE_RETAIN,None - Topically Relevant Editorial / Affiliate Link,High,64,64,2,88%,-,64,0%,100%,3,14,143,0%,no,yes,2,12%,1744770091,2026-08-22,Niche-aligned source with a natural anchor distribution (100% branded/URL anchors).
nutritional-supplements-directory.com,https://www.performancelab.com/products/d3k2 (+13 more),Image of the Performance Lab magnesium supplement (+19 more),KEEP_AFFILIATE_RETAIN,None - Topically Relevant Editorial / Affiliate Link,High,58,29,20,16%,-,0,0%,91%,0,17,7,100%,no,yes,14,0%,1755331794,2026-08-04,Niche-aligned source with a natural anchor distribution (91% branded/URL anchors).
musclechemistry.com,https://www.performancelab.com/products/protein (+18 more),(empty/image) (+34 more),KEEP_AFFILIATE_RETAIN,None - Tracked Affiliate Partner,High,58,34,35,17%,-,0,3%,53%,2,3,33,100%,no,yes,19,60%,1713329411,1787388943,"16% of destinations carry the programme's a_aid/a_bid parameters, so this is a tracked affiliate. Commercial anchors are expected of an affiliate and the brief protects the placement; no structural spam signature fired."
adventurerz.com,https://global.performancelab.com/products/flex (+1 more),Verdict: (+6 more),KEEP_AFFILIATE_RETAIN,None - Topically Relevant Editorial / Affiliate Link,High,56,6,7,14%,-,0,0%,14%,0,0,59,100%,no,yes,2,0%,1741500749,1786317077,Niche-aligned source with a natural anchor distribution (14% branded/URL anchors).
mindbodydad.com,https://www.performancelab.com/products/nutrigenesis-multi-men (+10 more),Get It Here (+30 more),KEEP_AFFILIATE_RETAIN,None - Topically Relevant Editorial / Affiliate Link,High,55,30,31,15%,-,55,0%,55%,4,45,34,0%,no,yes,11,0%,1731427409,2026-08-21,Niche-aligned source with a natural anchor distribution (55% branded/URL anchors).
bestmusclesupps.com,https://www.performancelab.com/uk/supplements/t-booster/ (+2 more),Go To Official Performance Lab Website (+8 more),KEEP_AFFILIATE_RETAIN,None - Topically Relevant Editorial / Affiliate Link,High,51,23,9,14%,-,51,0%,88%,0,0,5,0%,no,yes,3,0%,1747593185,1772295647,Niche-aligned source with a natural anchor distribution (88% branded/URL anchors).
cataglow.com,https://www.performancelab.com/products/magnesium?a_aid=cata888&a_cid=f4c3e754 (+6 more),Vitamin D (+25 more),KEEP_AFFILIATE_RETAIN,None - Tracked Affiliate Partner,High,50,10,26,10%,-,50,0%,16%,0,0,20,0%,no,yes,7,0%,1757318275,1787445399,"100% of destinations carry the programme's a_aid/a_bid parameters, so this is a tracked affiliate. Commercial anchors are expected of an affiliate and the brief protects the placement; no structural spam signature fired."
storedetect.com,https://www.performancelab.com/collections/all-products (+1 more),All Products | Performance Lab®,KEEP_AFFILIATE_RETAIN,None - Brand Mention / Citation,Medium,50,27,1,100%,-,50,0%,100%,0,0,24,0%,no,no,2,0%,1758675434,1786116999,100% branded or bare-URL anchors; reads as an unsolicited citation rather than a placed link.
internetresearchunit.com,https://ca.performancelab.com/products/magnesium (+29 more),View Product (+7 more),KEEP_AFFILIATE_RETAIN,None - Topically Relevant Editorial / Affiliate Link,High,47,3,8,49%,-,0,0%,19%,0,2,12,100%,no,yes,30,0%,1745797402,1777127419,Niche-aligned source with a natural anchor distribution (19% branded/URL anchors).
revgear.com,https://www.performancelab.com/products/nutrigenesis-multi-men?a_aid=6409da53be11d&a_bid=58103d09&chan=revgear&data1=revgear&data2=mensmultivitamin (+21 more),Performance Lab NutriGenesis® Multi (+27 more),KEEP_AFFILIATE_RETAIN,None - Tracked Affiliate Partner,High,46,12,28,20%,-,7,0%,78%,8,8,64,85%,no,yes,22,0%,2024-05-10,2026-06-26,"93% of destinations carry the programme's a_aid/a_bid parameters, so this is a tracked affiliate. Commercial anchors are expected of an affiliate and the brief protects the placement; no structural spam signature fired."
bittersweetblog.com,https://www.performancelab.com/,check out these brain and body supplements,KEEP_AFFILIATE_RETAIN,None - Client Decision (Retain),High,45,45,1,100%,-,45,0%,0%,8,12,25,0%,no,yes,1,58%,2025-04-21,2026-08-21,"Client instruction, 2026-08-25. Supported by the data: the 45 links are one sidebar placement replicated across the blog's own archive pagination (/author/.../page/58/, /category/baking-cooking/page/39/), not 45 separate placements. Authority 38 on WordPress.com, and 26 of the 45 are already lost."
veganfoundry.com,https://www.performancelab.com/products/nutrigenesis-multi-women?a_aid=5f1c4477adba6&a_bid=a2ad38c1 (+14 more),Check Price (+16 more),KEEP_AFFILIATE_RETAIN,None - Tracked Affiliate Partner,High,45,17,17,29%,-,42,0%,33%,3,10,24,7%,no,yes,15,0%,1738324519,2026-08-06,"78% of destinations carry the programme's a_aid/a_bid parameters, so this is a tracked affiliate. Commercial anchors are expected of an affiliate and the brief protects the placement; no structural spam signature fired."
phactual.com,https://www.performancelab.com/collections/core-range/products/sleep (+21 more),Visit PerformanceLab.com (+36 more),KEEP_AFFILIATE_RETAIN,None - Topically Relevant Editorial / Affiliate Link,High,43,11,37,12%,-,43,0%,63%,5,14,9,0%,no,yes,22,100%,2025-01-24,2026-07-26,Niche-aligned source with a natural anchor distribution (63% branded/URL anchors).
bodynutrition.org,https://www.performancelab.com/collections/sport-range/products/protein?a_aid=5ce32f9c1c441&a_bid=a2ad38c1 (+12 more),Click here for the lowest price (+17 more),KEEP_AFFILIATE_RETAIN,None - Tracked Affiliate Partner,High,43,18,18,30%,-,34,0%,37%,0,9,30,21%,no,yes,13,0%,1737816395,2026-05-29,"88% of destinations carry the programme's a_aid/a_bid parameters, so this is a tracked affiliate. Commercial anchors are expected of an affiliate and the brief protects the placement; no structural spam signature fired."
thetastefullife.com,https://www.performancelab.com/products/mind-lab-pro (+20 more),(empty/image),KEEP_AFFILIATE_RETAIN,None - Tracked Affiliate Partner,High,42,17,1,100%,-,42,0%,0%,0,0,0,0%,no,yes,21,0%,1711059840,1787611437,"19% of destinations carry the programme's a_aid/a_bid parameters, so this is a tracked affiliate. Commercial anchors are expected of an affiliate and the brief protects the placement; no structural spam signature fired."
stepstostayhealthy.com,https://www.performancelab.com/products/vision (+19 more),Get It Now (+22 more),KEEP_AFFILIATE_RETAIN,None - Topically Relevant Editorial / Affiliate Link,High,41,8,23,29%,-,34,5%,12%,0,4,17,17%,no,yes,20,0%,1737723323,2026-08-22,Niche-aligned source with a natural anchor distribution (12% branded/URL anchors).
nootrimens.com,https://global.performancelab.com/products/sleep/?a_aid=5c9d021a7c056&a_bid=a2ad38c1#product-buyblock (+3 more),aquí (+28 more),KEEP_AFFILIATE_RETAIN,None - Tracked Affiliate Partner,High,41,2,29,5%,-,39,0%,22%,0,0,21,5%,no,yes,4,0%,1742728333,1786238961,"100% of destinations carry the programme's a_aid/a_bid parameters, so this is a tracked affiliate. Commercial anchors are expected of an affiliate and the brief protects the placement; no structural spam signature fired."
thehumanfuture.org,https://www.performancelab.com/products/prebiotic (+1 more),PerformanceLab.com (+2 more),KEEP_AFFILIATE_RETAIN,None - Topically Relevant Editorial / Affiliate Link,High,37,18,3,49%,-,37,0%,51%,0,15,9,0%,no,yes,2,0%,1768337160,2026-04-04,Niche-aligned source with a natural anchor distribution (51% branded/URL anchors).
thebitsignal.com,https://www.performancelab.com/breedlove,https://www.performancelab.com/breedlove (+18 more),KEEP_AFFILIATE_RETAIN,None - Dedicated Partner / Sponsor Landing Page,High,37,37,19,32%,-,37,0%,97%,0,0,29,0%,no,no,1,0%,,,"All 37 links resolve to the bespoke landing path '/breedlove' with brand-led anchors — co-marketing architecture, not manipulation."
fatlotofgood.com.au,https://www.performancelab.com/products/prebiotic?a_aid=66a7eb10599fa&a_bid=cdd22384 (+16 more),(empty/image) (+3 more),KEEP_AFFILIATE_RETAIN,None - Tracked Affiliate Partner,High,35,16,4,54%,-,35,0%,17%,0,0,1,0%,no,yes,17,0%,1724351072,1775670207,"49% of destinations carry the programme's a_aid/a_bid parameters, so this is a tracked affiliate. Commercial anchors are expected of an affiliate and the brief protects the placement; no structural spam signature fired."
ecomscout.com,https://performancelab.com/ (+10 more),Calcium # 6 Calcium $148.00 (+22 more),KEEP_AFFILIATE_RETAIN,None - Topically Relevant Editorial / Affiliate Link,High,35,1,23,6%,-,35,0%,11%,1,2,14,0%,no,yes,11,0%,1770676480,1784074638,Niche-aligned source with a natural anchor distribution (11% branded/URL anchors).
aihcp.net,https://www.performancelab.com/blogs/multi/best-multivitamin-for-men,benefits of taking multivitamins for men,KEEP_AFFILIATE_RETAIN,None - Topically Relevant Editorial / Affiliate Link,High,33,33,1,100%,-,33,0%,0%,8,10,49,0%,no,yes,1,73%,2025-12-27,2026-08-22,Niche-aligned source with a natural anchor distribution (0% branded/URL anchors).
wowtrk.com,https://eu.performancelab.com/,Preview (+1 more),KEEP_AFFILIATE_RETAIN,None - Safe Affiliate Redirect / Tracking Gateway,High,33,33,2,94%,-,0,0%,0%,4,5,20,100%,no,yes,1,15%,1773317522,2026-08-22,"Affiliate or partner-network infrastructure; redirects and third-party hosting are expected, not a toxicity signal."
vitad.org,https://www.performancelab.com/blogs/immune/how-long-does-glutathione-take-to-work (+6 more),performancelab (+4 more),KEEP_AFFILIATE_RETAIN,None - Topically Relevant Editorial / Affiliate Link,High,33,20,5,58%,-,33,0%,82%,0,0,50,0%,no,yes,7,0%,1753493193,1787386009,Niche-aligned source with a natural anchor distribution (82% branded/URL anchors).
active.com,https://www.performancelab.com/blogs/wellness (+5 more),CHECK PRICE (+24 more),KEEP_AFFILIATE_RETAIN,None - Topically Relevant Editorial / Affiliate Link,High,32,9,25,25%,-,0,0%,41%,11,34,88,100%,no,yes,6,0%,2025-02-13,2026-08-15,Niche-aligned source with a natural anchor distribution (41% branded/URL anchors).
alibaba.com,https://www.performancelab.com/blogs/fitness/run-before-or-after-workout (+30 more),1 (+7 more),KEEP_AFFILIATE_RETAIN,None - Topically Relevant Editorial / Affiliate Link,High,32,28,8,22%,-,32,0%,3%,18,19,6,0%,no,yes,31,22%,1769354485,2026-08-17,Niche-aligned source with a natural anchor distribution (3% branded/URL anchors).
syktohealth.substack.com,https://www.performancelab.com/products/pre-lab-pro?a_aid=643cca5c87303&a_cid=43c32874 (+12 more),HERE (+24 more),KEEP_AFFILIATE_RETAIN,None - Tracked Affiliate Partner,High,32,10,25,16%,-,32,0%,9%,19,19,20,0%,no,yes,13,0%,2025-02-04,2026-08-18,"100% of destinations carry the programme's a_aid/a_bid parameters, so this is a tracked affiliate. Commercial anchors are expected of an affiliate and the brief protects the placement; no structural spam signature fired."
biohackingbrittany.com,https://www.performancelab.com/?ranEAID=%2FFM1FTG8%2AF0&ranMID=50113&ranSiteID=_FM1FTG8.F0-vvUCrt2P5EX5fVHTSRzBnA (+2 more),Performance La (+3 more),KEEP_AFFILIATE_RETAIN,None - Tracked Affiliate Partner,High,32,24,4,25%,-,32,0%,50%,2,2,25,0%,no,yes,3,0%,1747937298,1787582321,"25% of destinations carry the programme's a_aid/a_bid parameters, so this is a tracked affiliate. Commercial anchors are expected of an affiliate and the brief protects the placement; no structural spam signature fired."
leanbulking.com,https://www.performancelab.com/products/stim (+12 more),www.PerformanceLab.com (+23 more),KEEP_AFFILIATE_RETAIN,None - Topically Relevant Editorial / Affiliate Link,High,31,10,24,13%,-,30,0%,48%,0,0,11,3%,no,yes,13,0%,1740047854,1787570545,Niche-aligned source with a natural anchor distribution (48% branded/URL anchors).
testosteronejunkie.com,https://www.performancelab.com/supplements/fat-burner/ (+8 more),Performance Lab (+18 more),KEEP_AFFILIATE_RETAIN,None - Topically Relevant Editorial / Affiliate Link,High,31,8,19,16%,-,27,0%,65%,0,0,56,13%,no,yes,9,0%,1742585361,1787557401,Niche-aligned source with a natural anchor distribution (65% branded/URL anchors).
healthinsiders.com,https://www.performancelab.com/products/mct (+13 more),(empty/image),KEEP_AFFILIATE_RETAIN,None - Redirect / Tracking Host (Behavioural Match),High,31,25,1,100%,-,31,0%,0%,0,0,0,0%,no,yes,14,0%,1749737539,1787192044,"No outbound links of its own, 100% empty anchors, and 29% of destinations carry the programme's affiliate parameters. This is link tracking, whatever the domain is called."
securelinksdirectory.com,https://www.performancelab.com/products/pre?a_aid=5d3efa06f1393&a_bid=a2ad38c1&data1 (+12 more),(empty/image),KEEP_AFFILIATE_RETAIN,None - Redirect / Tracking Host (Behavioural Match),High,30,20,1,100%,-,30,0%,0%,0,35,0,0%,no,yes,13,7%,1726806560,2026-08-15,"No outbound links of its own, 100% empty anchors, and 33% of destinations carry the programme's affiliate parameters. This is link tracking, whatever the domain is called."
microdoseman.com,https://www.performancelab.com/products/mind (+3 more),Performance Lab Mind (+6 more),KEEP_AFFILIATE_RETAIN,None - Topically Relevant Editorial / Affiliate Link,High,30,30,7,80%,-,9,0%,100%,0,4,14,70%,no,yes,4,0%,1768388435,2026-08-15,Niche-aligned source with a natural anchor distribution (100% branded/URL anchors).
openhealthtools.org,https://www.performancelab.com/products/prebiotic (+6 more),PerformanceLab.com (+18 more),KEEP_AFFILIATE_RETAIN,None - Topically Relevant Editorial / Affiliate Link,High,29,12,19,21%,-,29,14%,48%,1,6,5,0%,no,yes,7,0%,1738038535,2026-06-18,Niche-aligned source with a natural anchor distribution (48% branded/URL anchors).
aidevi.com,https://www.performancelab.com/blogs/energy/best-time-to-take-coq10,30 - 200 (+4 more),KEEP_AFFILIATE_RETAIN,None - Topically Relevant Editorial / Affiliate Link,High,29,7,5,21%,-,29,0%,0%,0,0,34,0%,no,yes,1,10%,1752407340,1787133952,Niche-aligned source with a natural anchor distribution (0% branded/URL anchors).
ubernet.com,https://www.performancelab.com/products/d3k2 (+26 more),Performance Lab (+5 more),KEEP_AFFILIATE_RETAIN,None - Topically Relevant Editorial / Affiliate Link,High,27,25,6,81%,-,27,0%,85%,0,21,8,0%,no,yes,27,0%,1732894652,2026-08-13,Niche-aligned source with a natural anchor distribution (85% branded/URL anchors).
alexfergus.com,https://www.performancelab.com/blogs/wellness (+3 more),Learn More HERE (+18 more),KEEP_AFFILIATE_RETAIN,None - Topically Relevant Editorial / Affiliate Link,High,26,10,19,15%,-,26,0%,42%,5,5,73,0%,no,yes,4,0%,2025-02-05,2026-08-22,Niche-aligned source with a natural anchor distribution (42% branded/URL anchors).
sandiegohealth.org,https://www.performancelab.com/products/mind (+9 more),PerformanceLab.com (+7 more),KEEP_AFFILIATE_RETAIN,None - Topically Relevant Editorial / Affiliate Link,High,25,13,8,36%,-,25,0%,68%,1,16,8,0%,no,yes,10,0%,1744161867,2026-08-21,Niche-aligned source with a natural anchor distribution (68% branded/URL anchors).
bestfornutrition.com,https://www.performancelab.com/products/protein (+10 more),Buy on Official Site (+14 more),KEEP_AFFILIATE_RETAIN,None - Topically Relevant Editorial / Affiliate Link,High,25,12,15,44%,-,3,0%,48%,2,7,30,88%,no,yes,11,0%,1740939988,2026-08-18,Niche-aligned source with a natural anchor distribution (48% branded/URL anchors).
spotmebro.com,https://www.performancelab.com/blogs/wellness (+6 more),Buy now (+20 more),KEEP_AFFILIATE_RETAIN,None - Tracked Affiliate Partner,High,25,7,21,12%,-,25,0%,56%,2,2,30,0%,no,yes,7,0%,1742477613,1787377710,"28% of destinations carry the programme's a_aid/a_bid parameters, so this is a tracked affiliate. Commercial anchors are expected of an affiliate and the brief protects the placement; no structural spam signature fired."
naturalweightloss24.com,https://www.performancelab.com/blogs/fat-loss/does-zinc-help-with-weight-loss,https://www.performancelab.com/blogs/fat-loss/does-zinc-help-with-weight-loss (+1 more),KEEP_AFFILIATE_RETAIN,None - Topically Relevant Editorial / Affiliate Link,High,25,25,2,88%,-,25,0%,88%,0,3,48,0%,no,yes,1,0%,1761240945,1787511947,Niche-aligned source with a natural anchor distribution (88% branded/URL anchors).
burnlabpro.com,https://www.performancelab.com/products/pre (+16 more),Get the best price on Performance Lab Pre here (+20 more),KEEP_AFFILIATE_RETAIN,None - Brand-Owned Estate (Opti-Nutra network),High,24,9,21,8%,-,24,0%,79%,3,4,5,0%,no,yes,17,0%,1758731254,2026-02-07,First-party brand property; cross-brand linking is expected.
enutritionreads.com,https://performancelab.com/ (+13 more),(empty/image) (+8 more),KEEP_AFFILIATE_RETAIN,None - Tracked Affiliate Partner,High,24,23,9,67%,-,24,4%,25%,0,0,1,0%,no,yes,14,0%,1676155341,1782189205,"8% of destinations carry the programme's a_aid/a_bid parameters, so this is a tracked affiliate. Commercial anchors are expected of an affiliate and the brief protects the placement; no structural spam signature fired."
colorfuleatsnutrition.com,https://www.performancelab.com/products/whole-food-multi (+12 more),Check out this product here (+15 more),KEEP_AFFILIATE_RETAIN,None - Topically Relevant Editorial / Affiliate Link,High,24,6,16,21%,-,24,0%,21%,0,0,9,0%,no,yes,13,0%,1737968320,1783682550,Niche-aligned source with a natural anchor distribution (21% branded/URL anchors).
le-meilleur-complement.fr,https://www.performancelab.com/?a_aid=xnh8usm6rob7z&a_bid=a2ad38c1 (+1 more),Voir le site (+14 more),KEEP_AFFILIATE_RETAIN,None - Tracked Affiliate Partner,High,24,6,15,12%,-,4,0%,42%,1,1,12,83%,no,yes,2,0%,,,"100% of destinations carry the programme's a_aid/a_bid parameters, so this is a tracked affiliate. Commercial anchors are expected of an affiliate and the brief protects the placement; no structural spam signature fired."
cleanlabelproject.org,http://www.performancelab.com/ (+14 more),Link (+14 more),KEEP_AFFILIATE_RETAIN,None - Topically Relevant Editorial / Affiliate Link,High,23,3,15,13%,-,23,0%,26%,9,10,17,0%,no,yes,15,43%,2025-03-09,2026-08-18,Niche-aligned source with a natural anchor distribution (26% branded/URL anchors).
whatismoneypodcast.com,https://www.performancelab.com/breedlove,https://www.performancelab.com/breedlove (+15 more),KEEP_AFFILIATE_RETAIN,None - Dedicated Partner / Sponsor Landing Page,High,23,23,16,30%,-,23,0%,100%,6,10,26,0%,no,no,1,0%,1765934230,2026-08-21,"All 23 links resolve to the bespoke landing path '/breedlove' with brand-led anchors — co-marketing architecture, not manipulation."
fitliving.org,https://www.performancelab.com/products/mind-lab-pro (+6 more),(empty/image),KEEP_AFFILIATE_RETAIN,None - Redirect / Tracking Host (Behavioural Match),High,23,22,1,100%,-,23,0%,0%,0,9,0,0%,no,yes,7,4%,1747644002,2026-08-22,"No outbound links of its own, 100% empty anchors, and 4% of destinations carry the programme's affiliate parameters. This is link tracking, whatever the domain is called."
newdirect.net,https://www.performancelab.com/products/sleep (+12 more),(empty/image),KEEP_AFFILIATE_RETAIN,None - Tracked Affiliate Partner,High,23,10,1,100%,-,23,0%,0%,0,0,0,0%,no,yes,13,0%,1738172169,1787618802,"13% of destinations carry the programme's a_aid/a_bid parameters, so this is a tracked affiliate. Commercial anchors are expected of an affiliate and the brief protects the placement; no structural spam signature fired."
gymbeam.dev,https://www.performancelab.com/blogs/stim/caffeine-cycling,https://www.performancelab.com/blogs/stim/caffeine-cycling,KEEP_AFFILIATE_RETAIN,None - Topically Relevant Editorial / Affiliate Link,High,22,22,1,100%,-,22,0%,100%,0,0,90,0%,no,yes,1,0%,1767864065,1787329117,Niche-aligned source with a natural anchor distribution (100% branded/URL anchors).
athleticinsight.com,https://www.performancelab.com/products/nutrigenesis-multi-men (+2 more),Check Current Price → (+8 more),KEEP_AFFILIATE_RETAIN,None - Topically Relevant Editorial / Affiliate Link,High,20,17,9,35%,-,16,0%,40%,7,7,15,20%,no,yes,3,0%,1763927407,2026-08-22,Niche-aligned source with a natural anchor distribution (40% branded/URL anchors).
zenithwithin.com,https://www.performancelab.com/products/magnesium?a_aid=673c7d7439de8&a_bid=1425 (+8 more),🛒 This is the supplement I personally use and recommend (+14 more),KEEP_AFFILIATE_RETAIN,None - Tracked Affiliate Partner,High,20,9,15,30%,-,20,0%,5%,0,4,17,0%,no,yes,9,0%,1748521757,1787532385,"100% of destinations carry the programme's a_aid/a_bid parameters, so this is a tracked affiliate. Commercial anchors are expected of an affiliate and the brief protects the placement; no structural spam signature fired."
bing.com,https://www.performancelab.com/blogs/fitness/alternating-between-running-and-walking (+13 more),performancelab.com (+5 more),KEEP_AFFILIATE_RETAIN,None - Search / AI Surface (Not Disavowable),High,18,16,6,67%,-,18,0%,94%,21,22,37,0%,no,no,14,78%,2025-05-08,2026-07-26,Search engine or AI answer surface. Passes no manipulable equity and cannot be disavowed meaningfully — a review step has no possible outcome.
yourinception.com,https://www.performancelab.com/products/caffeine-2 (+12 more),(empty/image) (+2 more),KEEP_AFFILIATE_RETAIN,None - Tracked Affiliate Partner,High,18,11,3,78%,-,18,0%,0%,0,2,3,0%,no,yes,13,6%,1706642076,1787285821,"33% of destinations carry the programme's a_aid/a_bid parameters, so this is a tracked affiliate. Commercial anchors are expected of an affiliate and the brief protects the placement; no structural spam signature fired."
top10supps.com,https://www.performancelab.com/products/mct (+2 more),Shop Performancelab.com (+2 more),KEEP_AFFILIATE_RETAIN,None - Topically Relevant Editorial / Affiliate Link,High,18,12,3,44%,-,6,0%,44%,0,0,17,67%,no,yes,3,0%,1741966087,1776205634,Niche-aligned source with a natural anchor distribution (44% branded/URL anchors).
triggeryourtrip.com,https://performancelab.com/products/nutrigenesis-multi-women?a_aid=64e9aff0d6dc8&a_bid=a2ad38c1,NutriGenesis Multivitamin (+2 more),KEEP_AFFILIATE_RETAIN,None - Tracked Affiliate Partner,High,18,6,3,33%,-,18,0%,67%,0,3,21,0%,no,yes,1,0%,1742144059,1787359516,"100% of destinations carry the programme's a_aid/a_bid parameters, so this is a tracked affiliate. Commercial anchors are expected of an affiliate and the brief protects the placement; no structural spam signature fired."
vitamindwiki.com,https://www.performancelab.com/blogs/immune/how-long-does-glutathione-take-to-work (+6 more),performancelab (+4 more),KEEP_AFFILIATE_RETAIN,None - Topically Relevant Editorial / Affiliate Link,High,18,16,5,56%,-,18,0%,78%,3,3,51,0%,no,yes,7,0%,1763680086,1787572995,Niche-aligned source with a natural anchor distribution (78% branded/URL anchors).
lockinfuel.com,https://www.performancelab.com/products/magnesium (+6 more),magnesium glycinate (+4 more),KEEP_AFFILIATE_RETAIN,None - Tracked Affiliate Partner,High,18,8,5,28%,-,18,0%,28%,0,0,4,0%,no,yes,7,0%,,,"44% of destinations carry the programme's a_aid/a_bid parameters, so this is a tracked affiliate. Commercial anchors are expected of an affiliate and the brief protects the placement; no structural spam signature fired."
fitnessvolt.com,https://www.performancelab.com/products/burn/?a_aid=5d6342d22de95&a_bid=a2ad38c1 (+6 more),Buy Now (+13 more),KEEP_AFFILIATE_RETAIN,None - Tracked Affiliate Partner,High,17,8,14,18%,-,14,0%,59%,10,27,41,18%,yes,yes,7,88%,2025-02-01,2026-07-08,"94% of destinations carry the programme's a_aid/a_bid parameters, so this is a tracked affiliate. Commercial anchors are expected of an affiliate and the brief protects the placement; no structural spam signature fired."
bestweight-loss.com,https://www.performancelab.com/blogs/fat-loss/does-zinc-help-with-weight-loss,https://www.performancelab.com/blogs/fat-loss/does-zinc-help-with-weight-loss,KEEP_AFFILIATE_RETAIN,None - Topically Relevant Editorial / Affiliate Link,High,17,17,1,100%,-,17,0%,100%,0,0,31,0%,no,yes,1,35%,1713737868,1780515356,Niche-aligned source with a natural anchor distribution (100% branded/URL anchors).
dryeyeandme.co.uk,https://www.performancelab.com/blogs/vision/vitamin-c-and-dry-eyes,"PerformanceLab, ‘ Vitamin C and Dry Eyes’, 13/01/21, Accessed June 2022 (+1 more)",KEEP_AFFILIATE_RETAIN,None - Topically Relevant Editorial / Affiliate Link,High,17,16,2,82%,-,17,0%,100%,0,1,39,0%,no,yes,1,0%,1747718950,1787576164,Niche-aligned source with a natural anchor distribution (100% branded/URL anchors).
instya.com,https://performancelab.com/ (+1 more),performancelab.com (+1 more),KEEP_AFFILIATE_RETAIN,None - Site-Profile Aggregator (No Equity Passed),High,17,16,2,94%,-,0,0%,94%,0,0,17,100%,no,yes,2,0%,1748195529,1787618165,"Auto-generated profile listing, 100% nofollow across 17 links. Incidental citation rather than a placed link; a disavow would change nothing."
letsvisitasia.com,https://www.performancelab.com/pages/nutrigenesis-multi?a_aid=5862b692b6134&a_bid=a2ad38c1 (+10 more),(empty/image) (+9 more),KEEP_AFFILIATE_RETAIN,None - Tracked Affiliate Partner,High,16,11,10,44%,-,7,0%,56%,0,46,4,56%,no,yes,11,0%,1736468376,2026-08-05,"44% of destinations carry the programme's a_aid/a_bid parameters, so this is a tracked affiliate. Commercial anchors are expected of an affiliate and the brief protects the placement; no structural spam signature fired."
newlifestyles.com,https://www.performancelab.com/blogs/multi/vitamin-k2-and-blood-pressure (+1 more),blood pressure-lowering drugs (+1 more),KEEP_AFFILIATE_RETAIN,None - Topically Relevant Editorial / Affiliate Link,High,16,8,2,50%,-,16,0%,50%,7,7,20,0%,no,yes,2,38%,2025-05-16,2026-08-22,Niche-aligned source with a natural anchor distribution (50% branded/URL anchors).
nootropiceromania.com,https://www.performancelab.com/products/omega-3 (+2 more),Comanda Online (+6 more),KEEP_AFFILIATE_RETAIN,None - Topically Relevant Editorial / Affiliate Link,High,16,9,7,56%,-,7,0%,6%,0,0,6,56%,no,yes,3,50%,1696638956,1787366879,Niche-aligned source with a natural anchor distribution (6% branded/URL anchors).
fitgirlsdiary.com,https://www.performancelab.com/supplements/multi-men-women/ (+11 more),Performance Lab ® Mind (+15 more),KEEP_AFFILIATE_RETAIN,None - Topically Relevant Editorial / Affiliate Link,High,16,2,16,6%,-,16,0%,75%,2,2,20,0%,no,yes,12,0%,1737762307,1787509640,Niche-aligned source with a natural anchor distribution (75% branded/URL anchors).
snipd.com,https://www.performancelab.com/breedlove,https://www.performancelab.com/breedlove (+2 more),KEEP_AFFILIATE_RETAIN,None - Dedicated Partner / Sponsor Landing Page,High,15,15,3,73%,-,15,0%,100%,0,9,30,0%,no,no,1,0%,1770545099,2026-08-07,"All 15 links resolve to the bespoke landing path '/breedlove' with brand-led anchors — co-marketing architecture, not manipulation."
nootropicblend.com,https://www.performancelab.com/ (+9 more),Click For Best Price (+12 more),KEEP_AFFILIATE_RETAIN,None - Tracked Affiliate Partner,High,15,8,13,13%,-,2,0%,60%,0,0,17,87%,no,yes,10,0%,1737965172,1787561963,"33% of destinations carry the programme's a_aid/a_bid parameters, so this is a tracked affiliate. Commercial anchors are expected of an affiliate and the brief protects the placement; no structural spam signature fired."
healthynaturlremedy.com,https://www.performancelab.com/products/vision?a_aid=6684caaa511ce&a_bid=0e926b99 (+2 more),Performance Lab Vision is the best vision supplement Performance Lab Vision is the best vision supplement (+2 more),KEEP_AFFILIATE_RETAIN,None - Tracked Affiliate Partner,High,15,5,3,33%,-,15,0%,100%,0,0,10,0%,no,yes,3,0%,1742038111,1787508783,"100% of destinations carry the programme's a_aid/a_bid parameters, so this is a tracked affiliate. Commercial anchors are expected of an affiliate and the brief protects the placement; no structural spam signature fired."
musclesportmag.com,https://www.performancelab.com/supplements/multi-men-women/ (+12 more),Performance Lab’s Whole-Food multivitamin (+14 more),KEEP_AFFILIATE_RETAIN,None - Topically Relevant Editorial / Affiliate Link,High,15,2,15,7%,-,15,0%,87%,1,1,18,0%,no,yes,13,0%,1751115039,1786076571,Niche-aligned source with a natural anchor distribution (87% branded/URL anchors).
goodpainrelief.com,https://www.performancelab.com/blogs/sleep/can-magnesium-cause-headaches (+7 more),https://www.performancelab.com/blogs/joint-support/can-glucosamine-cause-joint-pain (+10 more),KEEP_AFFILIATE_RETAIN,None - Topically Relevant Editorial / Affiliate Link,High,15,12,11,13%,-,0,0%,73%,0,0,51,100%,no,yes,8,0%,,,Niche-aligned source with a natural anchor distribution (73% branded/URL anchors).
takeroon.com,https://www.performancelab.com/products/mind-lab-pro (+11 more),Performance Lab notes (+9 more),KEEP_AFFILIATE_RETAIN,None - Topically Relevant Editorial / Affiliate Link,High,15,14,10,20%,-,15,0%,73%,0,0,24,0%,no,yes,12,0%,,,Niche-aligned source with a natural anchor distribution (73% branded/URL anchors).
sitelike.org,https://www.performancelab.com/ (+1 more),performancelab.com (+1 more),KEEP_AFFILIATE_RETAIN,None - Site-Profile Aggregator (No Equity Passed),High,14,14,2,93%,-,0,0%,93%,10,27,40,100%,no,no,2,0%,2025-02-19,2026-08-07,"Auto-generated profile listing, 100% nofollow across 14 links. Incidental citation rather than a placed link; a disavow would change nothing."
premierinjuries.com,https://uk.performancelab.com/products/sleep?a_aid=5e8a316483e3c&a_bid=a2ad38c1 (+4 more),published on the Performance Lab website (+10 more),KEEP_AFFILIATE_RETAIN,None - Tracked Affiliate Partner,High,14,3,11,14%,-,14,0%,57%,11,11,34,0%,no,yes,5,0%,2024-04-13,2026-08-19,"86% of destinations carry the programme's a_aid/a_bid parameters, so this is a tracked affiliate. Commercial anchors are expected of an affiliate and the brief protects the placement; no structural spam signature fired."
sleepessentialshub.com,https://www.performancelab.com/products/sleep (+1 more),Performance Lab Magnesium combines Magnesium L-Threonate with Magnesium Bisglycinate and their NutriGenesis form. (+13 more),KEEP_AFFILIATE_RETAIN,None - Topically Relevant Editorial / Affiliate Link,High,14,3,14,7%,-,14,0%,86%,5,11,18,0%,no,yes,2,29%,1749546604,2026-08-14,Niche-aligned source with a natural anchor distribution (86% branded/URL anchors).
eatbreadless.com,https://performancelab.com/blogs/nutrition/what-to-eat-after-a-run (+4 more),"In a half-marathon study, tart cherry supplementation enabled 13% faster completion time, reduced muscle breakdown markers, and lowered quadriceps soreness (+13 more)",KEEP_AFFILIATE_RETAIN,None - Topically Relevant Editorial / Affiliate Link,High,14,7,14,7%,-,0,0%,14%,9,10,20,100%,no,yes,5,14%,2026-01-25,2026-08-22,Niche-aligned source with a natural anchor distribution (14% branded/URL anchors).
healthtrends.com,https://www.performancelab.com/collections/core-range/products/whole-food-multi?a_aid=5ce32f9c1c441&a_bid=a2ad38c1 (+7 more),Check the lowest price (+2 more),KEEP_AFFILIATE_RETAIN,None - Tracked Affiliate Partner,High,14,11,3,71%,-,14,0%,0%,0,8,52,0%,no,yes,8,0%,1743510135,2026-05-04,"64% of destinations carry the programme's a_aid/a_bid parameters, so this is a tracked affiliate. Commercial anchors are expected of an affiliate and the brief protects the placement; no structural spam signature fired."
skinnyyoked.com,https://www.performancelab.com/ (+9 more),Performance Lab (+12 more),KEEP_AFFILIATE_RETAIN,None - Topically Relevant Editorial / Affiliate Link,High,14,3,13,14%,-,2,0%,50%,0,1,21,86%,no,yes,10,0%,1737694562,1786533326,Niche-aligned source with a natural anchor distribution (50% branded/URL anchors).
bellevuereporter.com,https://www.performancelab.com/products/vision (+1 more),Vision by Performance Lab (+3 more),KEEP_AFFILIATE_RETAIN,None - Topically Relevant Editorial / Affiliate Link,High,13,9,4,31%,-,5,0%,92%,6,61,36,62%,yes,yes,2,54%,1770339686,2026-06-06,Niche-aligned source with a natural anchor distribution (92% branded/URL anchors).
factually.co,https://www.performancelab.com/blogs/nootropic/best-brain-supplements (+6 more),[2] (+9 more),KEEP_AFFILIATE_RETAIN,None - Topically Relevant Editorial / Affiliate Link,High,13,11,10,15%,-,13,0%,0%,3,8,15,0%,no,yes,7,0%,1770803445,2026-08-06,Niche-aligned source with a natural anchor distribution (0% branded/URL anchors).
rics-foundation.org,https://www.performancelab.com/blogs/fat-loss/does-zinc-help-with-weight-loss,Zinc (+8 more),KEEP_AFFILIATE_RETAIN,None - Topically Relevant Editorial / Affiliate Link,High,13,13,9,23%,-,13,0%,0%,0,1,5,0%,no,yes,1,38%,1694169055,1786012099,Niche-aligned source with a natural anchor distribution (0% branded/URL anchors).
supplementusa.com,https://www.performancelab.com/products/vision (+10 more),(empty/image),KEEP_AFFILIATE_RETAIN,None - Tracked Affiliate Partner,High,13,12,1,100%,-,13,0%,0%,0,2,0,0%,no,yes,11,0%,1734250847,1786122466,"8% of destinations carry the programme's a_aid/a_bid parameters, so this is a tracked affiliate. Commercial anchors are expected of an affiliate and the brief protects the placement; no structural spam signature fired."
braintropic.com,https://www.performancelab.com/collections/core-range/products/sleep (+8 more),PerformanceLab.com (+10 more),KEEP_AFFILIATE_RETAIN,None - Topically Relevant Editorial / Affiliate Link,High,13,2,11,15%,-,13,0%,77%,2,2,13,0%,no,yes,9,0%,1737883147,1787172218,Niche-aligned source with a natural anchor distribution (77% branded/URL anchors).
60andover.net,https://www.performancelab.com/products/sleep?a_aid=6936889d20bfc&a_cid=f4c3e754 (+2 more),Performance Lab Sleep Dietary Supplement product (+8 more),KEEP_AFFILIATE_RETAIN,None - Tracked Affiliate Partner,High,13,5,9,23%,-,7,0%,69%,0,0,9,46%,no,yes,3,0%,1766415270,1787246641,"92% of destinations carry the programme's a_aid/a_bid parameters, so this is a tracked affiliate. Commercial anchors are expected of an affiliate and the brief protects the placement; no structural spam signature fired."
affiliatedataset.com,https://www.performancelab.com/ (+1 more),up to 30% · Pay-per-Sale View attached source (+12 more),KEEP_AFFILIATE_RETAIN,None - Topically Relevant Editorial / Affiliate Link,High,13,1,13,8%,-,13,0%,8%,0,0,11,0%,no,yes,2,0%,,,Niche-aligned source with a natural anchor distribution (8% branded/URL anchors).
performancelabs.com,https://www.performancelab.com/,(empty/image),KEEP_AFFILIATE_RETAIN,None - Topically Relevant Editorial / Affiliate Link,High,12,12,1,100%,-,12,0%,0%,0,36,0,0%,no,yes,1,0%,1747773839,2026-08-21,Niche-aligned source with a natural anchor distribution (0% branded/URL anchors).
worldofvegan.com,https://www.performancelab.com/products/nutrigenesis-multi-women (+8 more),Performance Lab Multivitamins (+9 more),KEEP_AFFILIATE_RETAIN,None - Topically Relevant Editorial / Affiliate Link,High,12,7,10,17%,-,12,8%,42%,9,11,49,0%,no,yes,9,0%,2026-04-04,2026-08-20,Niche-aligned source with a natural anchor distribution (42% branded/URL anchors).
greatestphysiques.com,https://www.performancelab.com/collections/sport-range/products/fat-burner?a_aid=54aab6ff77992&a_bid=a2ad38c1&chan=GP (+2 more),Performance Lab® Whole-Food Multi: Men’s. (+11 more),KEEP_AFFILIATE_RETAIN,None - Tracked Affiliate Partner,High,12,3,12,8%,-,8,8%,50%,10,10,53,33%,no,yes,3,0%,2026-01-31,2026-08-12,"67% of destinations carry the programme's a_aid/a_bid parameters, so this is a tracked affiliate. Commercial anchors are expected of an affiliate and the brief protects the placement; no structural spam signature fired."
medicastore.com,https://www.performancelab.com/blogs/multi/vitamin-c-and-b12-together,https://www.performancelab.com/blogs/multi/vitamin-c-and-b12-together (+2 more),KEEP_AFFILIATE_RETAIN,None - Topically Relevant Editorial / Affiliate Link,High,12,4,3,33%,-,12,0%,67%,9,10,16,0%,no,yes,1,0%,2026-02-14,2026-08-20,Niche-aligned source with a natural anchor distribution (67% branded/URL anchors).
mymmanews.com,https://www.performancelab.com/supplements/sleep (+5 more),www.performancelab.com (+7 more),KEEP_AFFILIATE_RETAIN,None - Topically Relevant Editorial / Affiliate Link,High,12,1,8,42%,-,12,0%,67%,8,8,22,0%,no,yes,6,100%,2021-04-28,2026-05-30,Niche-aligned source with a natural anchor distribution (67% branded/URL anchors).
womenhealthhub.com,https://www.performancelab.com/products/nutrigenesis-multi-women,Affiliate Partner (+8 more),KEEP_AFFILIATE_RETAIN,None - Topically Relevant Editorial / Affiliate Link,High,12,5,9,33%,-,12,0%,50%,0,6,27,0%,no,yes,1,8%,1712903008,2026-08-11,Niche-aligned source with a natural anchor distribution (50% branded/URL anchors).
ultimateforceschallenge.com,https://www.performancelab.com/products/protein (+9 more),BUY NOW (+7 more),KEEP_AFFILIATE_RETAIN,None - Tracked Affiliate Partner,High,12,5,8,25%,-,12,0%,25%,0,0,15,0%,no,yes,10,0%,1728277067,1786971271,"33% of destinations carry the programme's a_aid/a_bid parameters, so this is a tracked affiliate. Commercial anchors are expected of an affiliate and the brief protects the placement; no structural spam signature fired."
verybigbrain.com,https://www.performancelab.com/products/vitamin-c (+11 more),(empty/image),KEEP_AFFILIATE_RETAIN,None - Redirect / Tracking Host (Behavioural Match),High,12,8,1,100%,-,12,0%,0%,0,0,0,0%,no,yes,12,0%,1739435206,1787474312,"No outbound links of its own, 100% empty anchors, and 33% of destinations carry the programme's affiliate parameters. This is link tracking, whatever the domain is called."
worldvegan.co.uk,https://www.performancelab.com/products/omega-3 (+8 more),Performance Lab Omega 3 (+9 more),KEEP_AFFILIATE_RETAIN,None - Topically Relevant Editorial / Affiliate Link,High,12,7,10,17%,-,12,8%,42%,0,0,47,0%,no,yes,9,0%,1765586444,1775270483,Niche-aligned source with a natural anchor distribution (42% branded/URL anchors).
muscleandbrawn.com,https://www.performancelab.com/products/omega-3 (+4 more),ซื้อเลย (+9 more),KEEP_AFFILIATE_RETAIN,None - Tracked Affiliate Partner,High,11,9,10,18%,-,11,9%,0%,6,8,23,0%,no,yes,5,18%,2025-08-31,2026-08-15,"9% of destinations carry the programme's a_aid/a_bid parameters, so this is a tracked affiliate. Commercial anchors are expected of an affiliate and the brief protects the placement; no structural spam signature fired."
marylandreporter.com,https://www.performancelab.com/,this Performance Lab multivitamin (+10 more),KEEP_AFFILIATE_RETAIN,None - Topically Relevant Editorial / Affiliate Link,High,11,1,11,9%,-,11,0%,91%,6,6,18,0%,no,yes,1,100%,2025-06-24,2026-07-05,Niche-aligned source with a natural anchor distribution (91% branded/URL anchors).
sproutnews.com,https://www.performancelab.com/products/sleep (+1 more),Performance Lab Sleep​ (+2 more),KEEP_AFFILIATE_RETAIN,None - Topically Relevant Editorial / Affiliate Link,High,11,7,3,36%,-,11,0%,64%,0,0,22,0%,no,yes,2,0%,1737760147,1783184843,Niche-aligned source with a natural anchor distribution (64% branded/URL anchors).
allgoodhealth.net,https://www.performancelab.com/products/magnesium (+10 more),(empty/image),KEEP_AFFILIATE_RETAIN,None - Redirect / Tracking Host (Behavioural Match),High,11,8,1,100%,-,11,0%,0%,0,0,0,0%,no,yes,11,0%,1739761920,1785832997,"No outbound links of its own, 100% empty anchors, and 27% of destinations carry the programme's affiliate parameters. This is link tracking, whatever the domain is called."
entrenamientoseguro.com,https://www.performancelab.com/?a_aid=5a5683613276b&chan=entrena (+1 more),(empty/image) (+7 more),KEEP_AFFILIATE_RETAIN,None - Tracked Affiliate Partner,High,11,4,8,27%,-,11,0%,55%,0,0,25,0%,no,yes,2,18%,1741128722,1786688751,"100% of destinations carry the programme's a_aid/a_bid parameters, so this is a tracked affiliate. Commercial anchors are expected of an affiliate and the brief protects the placement; no structural spam signature fired."
payitforwardfertility.org,https://www.performancelab.com/products/energy (+4 more),BUY HERE (+8 more),KEEP_AFFILIATE_RETAIN,None - Topically Relevant Editorial / Affiliate Link,High,11,5,9,18%,-,11,9%,36%,2,2,15,0%,no,yes,5,0%,1761660633,1787458614,Niche-aligned source with a natural anchor distribution (36% branded/URL anchors).
no1gevity.com,https://www.performancelab.com/products/omega-3 (+1 more),Visit brand site → (+5 more),KEEP_AFFILIATE_RETAIN,None - Topically Relevant Editorial / Affiliate Link,High,11,4,6,36%,-,11,0%,0%,0,0,12,0%,no,yes,2,0%,,,Niche-aligned source with a natural anchor distribution (0% branded/URL anchors).
orlandomagazine.com,https://www.performancelab.com/products/flex?a_aid=5862b692b6134&a_bid=a2ad38c1 (+3 more),Performance Lab Mind (+8 more),KEEP_AFFILIATE_RETAIN,None - Tracked Affiliate Partner,High,10,4,9,20%,-,10,30%,50%,19,43,36,0%,no,yes,4,40%,2025-02-04,2026-08-21,"60% of destinations carry the programme's a_aid/a_bid parameters, so this is a tracked affiliate. Commercial anchors are expected of an affiliate and the brief protects the placement; no structural spam signature fired."
whipperberry.com,https://www.performancelab.com/blogs/nutrition/pre-workout-without-beta-alanine,pre-workout without beta alanine,KEEP_AFFILIATE_RETAIN,None - Topically Relevant Editorial / Affiliate Link,High,10,10,1,100%,-,10,0%,0%,5,6,17,0%,no,yes,1,70%,2026-03-13,2026-08-17,Niche-aligned source with a natural anchor distribution (0% branded/URL anchors).
supplementworldcanada.com,https://www.performancelab.com/blogs/nutrition/l-citrulline-dosage-for-pump (+2 more),performancelab +3 (+6 more),KEEP_AFFILIATE_RETAIN,None - Topically Relevant Editorial / Affiliate Link,High,10,1,7,20%,-,10,0%,100%,6,6,46,0%,no,yes,3,0%,2026-03-10,2026-07-07,Niche-aligned source with a natural anchor distribution (100% branded/URL anchors).
kellyfriesen.ca,https://ca.performancelab.com/collections/our-products (+8 more),SHOP ALL PRODUCTS (+9 more),KEEP_AFFILIATE_RETAIN,None - Topically Relevant Editorial / Affiliate Link,High,10,1,10,10%,-,10,0%,10%,0,0,13,0%,no,yes,9,0%,1725226134,1787155303,Niche-aligned source with a natural anchor distribution (10% branded/URL anchors).
nootropicscoach.com,https://ca.performancelab.com/?a_aid=5e2127c589ecd&a_bid=a2ad38c1 (+2 more),Performance Lab Mind Review - 4 Bottles of Performance Lab Mind (+7 more),KEEP_AFFILIATE_RETAIN,None - Tracked Affiliate Partner,High,10,6,8,20%,-,9,0%,60%,0,0,16,10%,no,yes,3,0%,1734880853,1775401557,"100% of destinations carry the programme's a_aid/a_bid parameters, so this is a tracked affiliate. Commercial anchors are expected of an affiliate and the brief protects the placement; no structural spam signature fired."
interestingfacts.org,https://www.performancelab.com/products/mind-lab-pro (+1 more),Click Here To Get The Lowest Price on Performance Lab Mind (+6 more),KEEP_AFFILIATE_RETAIN,None - Topically Relevant Editorial / Affiliate Link,High,10,3,7,20%,-,10,0%,100%,0,0,28,0%,no,yes,2,0%,1738436936,1786044769,Niche-aligned source with a natural anchor distribution (100% branded/URL anchors).
nourishfit.net,https://performancelab.com/products/sleep?a_aid=6359a0d3b1833&a_bid=a2ad38c1 (+2 more),Check Lowest Price (+5 more),KEEP_AFFILIATE_RETAIN,None - Tracked Affiliate Partner,High,10,5,6,40%,-,10,0%,60%,0,0,31,0%,no,yes,3,0%,1742203919,1787401069,"100% of destinations carry the programme's a_aid/a_bid parameters, so this is a tracked affiliate. Commercial anchors are expected of an affiliate and the brief protects the placement; no structural spam signature fired."
bestsupplementsrated.com,https://www.performancelab.com/supplements/pre-workout/?a_aid=54aab6ff77992&a_bid=a2ad38c1&chan=bs2019 (+1 more),(empty/image) (+6 more),KEEP_AFFILIATE_RETAIN,None - Tracked Affiliate Partner,High,10,2,7,20%,-,10,0%,60%,0,0,24,0%,no,yes,2,0%,1743969584,1786287029,"100% of destinations carry the programme's a_aid/a_bid parameters, so this is a tracked affiliate. Commercial anchors are expected of an affiliate and the brief protects the placement; no structural spam signature fired."
jackedonthebeanstalk.com,https://www.performancelab.com/ (+4 more),Performance Lab (+6 more),KEEP_AFFILIATE_RETAIN,None - Topically Relevant Editorial / Affiliate Link,High,10,7,7,20%,-,10,0%,80%,0,3,19,0%,no,yes,5,0%,1748554150,1787191406,Niche-aligned source with a natural anchor distribution (80% branded/URL anchors).
standingstrongwellnesscoaching.com,https://www.performancelab.com/?a_aid=6854973f46849&a_bid=a2ad38c1,Performance Lab® (+4 more),KEEP_AFFILIATE_RETAIN,None - Tracked Affiliate Partner,High,10,5,5,50%,-,10,0%,80%,0,0,8,0%,no,yes,1,0%,1760515791,1787609981,"100% of destinations carry the programme's a_aid/a_bid parameters, so this is a tracked affiliate. Commercial anchors are expected of an affiliate and the brief protects the placement; no structural spam signature fired."
holisticnootropics.com,https://www.performancelab.com/products/sleep?a_aid=5e406baf16235&a_bid=a2ad38c1 (+3 more),(empty/image) (+5 more),KEEP_AFFILIATE_RETAIN,None - Tracked Affiliate Partner,High,10,8,6,30%,-,8,0%,20%,0.5,2,13,20%,no,yes,4,0%,1761288380,1787237874,"40% of destinations carry the programme's a_aid/a_bid parameters, so this is a tracked affiliate. Commercial anchors are expected of an affiliate and the brief protects the placement; no structural spam signature fired."
theathleticbuild.com,https://www.performancelab.com/products/nutrigenesis-multi-women (+5 more),Check Price (+4 more),KEEP_AFFILIATE_RETAIN,None - Topically Relevant Editorial / Affiliate Link,High,9,6,5,56%,-,0,0%,44%,3,28,27,100%,no,yes,6,0%,1738872883,2026-08-16,Niche-aligned source with a natural anchor distribution (44% branded/URL anchors).
talkingrugbyunion.co.uk,https://www.performancelab.com/collections/sport-range/products/pre (+6 more),Performance Lab Pre-Workout Sport (+8 more),KEEP_AFFILIATE_RETAIN,None - Topically Relevant Editorial / Affiliate Link,High,9,2,9,11%,-,9,0%,56%,6,6,21,0%,no,yes,7,0%,2025-10-16,2026-08-17,Niche-aligned source with a natural anchor distribution (56% branded/URL anchors).
wellnesswarrior.org,https://www.performancelab.com/collections/athletics (+6 more),(empty/image) (+2 more),KEEP_AFFILIATE_RETAIN,None - Topically Relevant Editorial / Affiliate Link,High,9,8,3,78%,-,7,0%,11%,0,0,2,22%,no,yes,7,0%,1733527173,1787622534,Niche-aligned source with a natural anchor distribution (11% branded/URL anchors).
xcfnyzte.com,https://www.performancelab.com/collections/core-range?a_aid=5f4e9bd7d388a&a_bid=8b3070c3&data1=86697aumu (+2 more),Try Performance Lab Mind Today! (+7 more),KEEP_AFFILIATE_RETAIN,None - Tracked Affiliate Partner,High,9,3,8,22%,-,9,33%,44%,0,0,3,0%,no,yes,3,0%,1738576935,1786097328,"100% of destinations carry the programme's a_aid/a_bid parameters, so this is a tracked affiliate. Commercial anchors are expected of an affiliate and the brief protects the placement; no structural spam signature fired."
nootropicos.life,https://eu.performancelab.com/products/stim (+5 more),Performance Lab Mind (+5 more),KEEP_AFFILIATE_RETAIN,None - Topically Relevant Editorial / Affiliate Link,High,9,3,6,33%,-,9,0%,67%,0,0,10,0%,no,yes,6,0%,1741915134,1779357861,Niche-aligned source with a natural anchor distribution (67% branded/URL anchors).
fuelstackr.com,https://www.performancelab.com/products/nutrigenesis-multi-women?a_aid=67d9db49d17a5&a_bid=7e3178f7 (+2 more),[Affiliate Link] (+6 more),KEEP_AFFILIATE_RETAIN,None - Tracked Affiliate Partner,High,9,3,7,22%,-,9,11%,44%,0,0,10,0%,no,yes,3,0%,1742981962,1785972450,"100% of destinations carry the programme's a_aid/a_bid parameters, so this is a tracked affiliate. Commercial anchors are expected of an affiliate and the brief protects the placement; no structural spam signature fired."
veganfitguide.com,https://www.performancelab.com/products/burn (+3 more),Performance Lab (+6 more),KEEP_AFFILIATE_RETAIN,None - Topically Relevant Editorial / Affiliate Link,High,9,5,7,33%,-,9,0%,100%,0,0,15,0%,no,yes,4,0%,1748749907,1787349169,Niche-aligned source with a natural anchor distribution (100% branded/URL anchors).
vitafithub.com,https://global.performancelab.com/products/nutrigenesis-multi-women?a_aid=67f7542d3900d&a_bid=a2ad38c1 (+2 more),Get NOW! (+8 more),KEEP_AFFILIATE_RETAIN,None - Tracked Affiliate Partner,High,9,3,9,11%,-,9,0%,33%,0,0,24,0%,no,yes,3,0%,1768342574,1787623334,"56% of destinations carry the programme's a_aid/a_bid parameters, so this is a tracked affiliate. Commercial anchors are expected of an affiliate and the brief protects the placement; no structural spam signature fired."
ectobulk.com,https://www.performancelab.com/blogs/nutrition/best-supplements-for-an-ectomorph (+5 more),https://www.performancelab.com/blogs/fitness/best-bcaa-for-fasted-cardio (+8 more),KEEP_AFFILIATE_RETAIN,None - Topically Relevant Editorial / Affiliate Link,High,9,7,9,11%,-,0,0%,67%,0,0,12,100%,no,yes,6,0%,,,Niche-aligned source with a natural anchor distribution (67% branded/URL anchors).
shopiscout.com,https://www.performancelab.com/products/magnesium (+8 more),Magnesium Magnesium Performance Lab® (+8 more),KEEP_AFFILIATE_RETAIN,None - Topically Relevant Editorial / Affiliate Link,High,9,1,9,11%,-,9,0%,89%,0,0,14,0%,no,yes,9,0%,,,Niche-aligned source with a natural anchor distribution (89% branded/URL anchors).
medonet.pl,https://www.performancelab.com/blogs/multi/benefits-of-taking-magnesium-with-vitamin-b6 (+2 more),https://www.performancelab.com/blogs/multi/benefits-of-taking-magnesium-with-vitamin-b6 (+2 more),KEEP_AFFILIATE_RETAIN,None - Brand Mention / Citation,Medium,8,8,3,50%,-,0,0%,100%,16,18,29,100%,no,no,3,0%,2025-03-29,2026-08-22,100% branded or bare-URL anchors; reads as an unsolicited citation rather than a placed link.
runnerclick.com,https://www.performancelab.com/collections/sport-range/products/pre?a_aid=5d1cd611415ec&a_bid=a2ad38c1 (+1 more),Check Price (+4 more),KEEP_AFFILIATE_RETAIN,None - Tracked Affiliate Partner,High,8,2,5,25%,-,0,0%,12%,10.5,15,26,100%,no,yes,2,0%,2025-10-10,2026-08-08,"100% of destinations carry the programme's a_aid/a_bid parameters, so this is a tracked affiliate. Commercial anchors are expected of an affiliate and the brief protects the placement; no structural spam signature fired."
chooseveganism.org,https://uk.performancelab.com/products/nutrigenesis-multi-women (+1 more),Check Latest Price (+6 more),KEEP_AFFILIATE_RETAIN,None - Topically Relevant Editorial / Affiliate Link,High,8,1,7,25%,-,0,0%,50%,10,10,69,100%,no,yes,2,0%,2026-06-25,2026-08-21,Niche-aligned source with a natural anchor distribution (50% branded/URL anchors).
torokhtiy.com,https://www.performancelab.com/products/pre-lab-pro?a_aid=66d2b30a033a3&a_cid=5ff11699 (+2 more),Performance Lab Pre Lab Pro (+7 more),KEEP_AFFILIATE_RETAIN,None - Tracked Affiliate Partner,High,8,2,8,12%,-,8,0%,38%,7,8,37,0%,no,no,3,12%,2025-03-15,2026-08-11,"75% of destinations carry the programme's a_aid/a_bid parameters, so this is a tracked affiliate. Commercial anchors are expected of an affiliate and the brief protects the placement; no structural spam signature fired."
bestnootropicsnow.com,https://www.performancelab.com/collections/core-range/products/mind (+3 more),here (+5 more),KEEP_AFFILIATE_RETAIN,None - Topically Relevant Editorial / Affiliate Link,High,8,2,6,38%,-,1,0%,38%,0,0,33,88%,no,yes,4,0%,1733445612,1781728939,Niche-aligned source with a natural anchor distribution (38% branded/URL anchors).
intouchrugby.com,https://performancelab.com/uk/supplements/pre-workout/ (+6 more),pre-workout amino acid blend (+7 more),KEEP_AFFILIATE_RETAIN,None - Topically Relevant Editorial / Affiliate Link,High,8,2,8,12%,-,8,0%,25%,3,3,47,0%,no,yes,7,12%,1739232864,1785119785,Niche-aligned source with a natural anchor distribution (25% branded/URL anchors).
fitbay.net,https://www.performancelab.com/supplements/t-booster/ (+2 more),Performance Lab SPORT T-Booster (+3 more),KEEP_AFFILIATE_RETAIN,None - Tracked Affiliate Partner,High,8,4,4,25%,-,8,0%,100%,0,0,55,0%,no,yes,3,75%,1740336793,1780401015,"25% of destinations carry the programme's a_aid/a_bid parameters, so this is a tracked affiliate. Commercial anchors are expected of an affiliate and the brief protects the placement; no structural spam signature fired."
pmotionhealth.com,https://www.performancelab.com/blogs/nutrition/how-long-does-pre-workout-stay-in-your-system (+3 more),https://www.prelabpro.com/blogs/nutrition/how-long-does-pre-workout-stay-in-your-system (+3 more),KEEP_AFFILIATE_RETAIN,None - Topically Relevant Editorial / Affiliate Link,High,8,8,4,25%,-,0,0%,100%,0,0,3,100%,no,yes,4,0%,1746737170,1787602301,Niche-aligned source with a natural anchor distribution (100% branded/URL anchors).
heyspotmegirl.com,https://www.performancelab.com/supplements/mind?a_aid=54aab6ff77992&a_bid=a2ad38c1&chan=SMG (+5 more),(empty/image) (+6 more),KEEP_AFFILIATE_RETAIN,None - Tracked Affiliate Partner,High,8,5,7,25%,-,8,0%,50%,0,0,13,0%,no,yes,6,0%,1747670107,1787182421,"75% of destinations carry the programme's a_aid/a_bid parameters, so this is a tracked affiliate. Commercial anchors are expected of an affiliate and the brief protects the placement; no structural spam signature fired."
manninghammedicalcentre.com.au,https://www.performancelab.com/blogs/nutrition/what-is-ug,What is ug?: A Guide to Vitamin Measurements (+1 more),KEEP_AFFILIATE_RETAIN,None - Topically Relevant Editorial / Affiliate Link,High,8,8,2,62%,-,0,0%,0%,0,0,10,100%,no,yes,1,0%,1748886012,1786702084,Niche-aligned source with a natural anchor distribution (0% branded/URL anchors).
happytest.shop,https://www.performancelab.com/blogs/multi/how-long-does-vitamin-c-stay-in-your-system,Link (+5 more),KEEP_AFFILIATE_RETAIN,None - Topically Relevant Editorial / Affiliate Link,High,8,8,6,38%,-,8,0%,0%,0,0,13,0%,no,yes,1,0%,1759962826,1787539511,Niche-aligned source with a natural anchor distribution (0% branded/URL anchors).
karlsformula.com,https://www.performancelab.com/blogs/multi/how-long-does-vitamin-k2-stay-in-the-body,Performance Lab: How Long Does Vitamin K2 Stay In The Body? (+4 more),KEEP_AFFILIATE_RETAIN,None - Brand Mention / Citation,Medium,8,2,5,25%,-,5,0%,100%,0,0,162,38%,no,no,1,0%,1770530519,1787372636,100% branded or bare-URL anchors; reads as an unsolicited citation rather than a placed link.
radianthealthbliss.com,https://www.performancelab.com/?a_aid=ckdvllqmzhg1i&a_bid=a2ad38c1,Magnesium (+6 more),KEEP_AFFILIATE_RETAIN,None - Tracked Affiliate Partner,High,8,2,7,25%,-,8,0%,0%,0,0,24,0%,no,yes,1,0%,,,"100% of destinations carry the programme's a_aid/a_bid parameters, so this is a tracked affiliate. Commercial anchors are expected of an affiliate and the brief protects the placement; no structural spam signature fired."
btcpods.xyz,https://www.performancelab.com/breedlove,mindlabpro.com/breedlove,KEEP_AFFILIATE_RETAIN,None - Dedicated Partner / Sponsor Landing Page,High,8,8,1,100%,-,8,0%,100%,0,0,4,0%,no,no,1,0%,,,"All 8 links resolve to the bespoke landing path '/breedlove' with brand-led anchors — co-marketing architecture, not manipulation."
edibleethics.com,https://performancelab.com/products/nutrigenesis-multi-women?a_aid=65d86f142442b&a_cid=f4c3e754 (+2 more),Performance Lab (+4 more),KEEP_AFFILIATE_RETAIN,None - Tracked Affiliate Partner,High,7,2,5,29%,-,7,0%,57%,6,16,31,0%,yes,yes,3,57%,2025-08-30,2026-08-03,"100% of destinations carry the programme's a_aid/a_bid parameters, so this is a tracked affiliate. Commercial anchors are expected of an affiliate and the brief protects the placement; no structural spam signature fired."
generation-iron-podcast.simplecast.com,https://www.performancelab.com/,https://www.performancelab.com/,KEEP_AFFILIATE_RETAIN,None - Brand Mention / Citation,Medium,7,7,1,100%,-,7,0%,100%,13,13,5,0%,no,no,1,0%,2025-06-26,2026-08-20,100% branded or bare-URL anchors; reads as an unsolicited citation rather than a placed link.
glarity.app,https://www.performancelab.com/blogs/nutrition/feeling-tired-after-workout (+4 more),[5 (+4 more),KEEP_AFFILIATE_RETAIN,None - Search / AI Surface (Not Disavowable),High,7,6,5,29%,-,0,0%,29%,8,8,14,100%,no,no,5,0%,2025-06-23,2026-08-04,Search engine or AI answer surface. Passes no manipulable equity and cannot be disavowed meaningfully — a review step has no possible outcome.
ithy.com,https://www.performancelab.com/blogs/vision/what-is-zeaxanthin (+6 more),Which Is Better - Quercetin or CoQ10? | Performance Lab® (+4 more),KEEP_AFFILIATE_RETAIN,None - Search / AI Surface (Not Disavowable),High,7,4,5,43%,-,0,14%,71%,7,7,38,100%,no,yes,7,0%,2025-06-05,2026-08-22,Search engine or AI answer surface. Passes no manipulable equity and cannot be disavowed meaningfully — a review step has no possible outcome.
healthinsider.news,https://performancelab.com/,Performance Lab MCT,KEEP_AFFILIATE_RETAIN,None - Topically Relevant Editorial / Affiliate Link,High,7,7,1,100%,-,0,0%,100%,4,5,20,100%,no,yes,1,0%,2025-06-21,2026-08-21,Niche-aligned source with a natural anchor distribution (100% branded/URL anchors).
evolutionofbodybuilding.net,https://www.performancelab.com/testosterone-booster (+2 more),« Visit performancelab.com » (+6 more),KEEP_AFFILIATE_RETAIN,None - Topically Relevant Editorial / Affiliate Link,High,7,4,7,14%,-,6,0%,29%,4,4,42,14%,no,yes,3,14%,1723909527,2026-08-05,Niche-aligned source with a natural anchor distribution (29% branded/URL anchors).
magnesiumsleep.uk,https://www.performancelab.com/blogs/nutrition/feeling-tired-after-workout?srsltid=AfmBOorFvW1OSkzWvrIuwRynmsJjVKXW543r54zNbNbaD2evJHH6Ypzv (+5 more),https://www.performancelab.com/blogs/multi/can-you-take-iron-and-magnesium-together (+6 more),KEEP_AFFILIATE_RETAIN,None - Topically Relevant Editorial / Affiliate Link,High,7,5,7,14%,-,1,0%,86%,0,0,14,86%,no,yes,6,0%,1713297788,1786893461,Niche-aligned source with a natural anchor distribution (86% branded/URL anchors).
farrinstitute.org,https://www.performancelab.com/products/mind-lab-pro (+2 more),(empty/image) (+3 more),KEEP_AFFILIATE_RETAIN,None - Topically Relevant Editorial / Affiliate Link,High,7,4,4,57%,-,3,0%,29%,1,1,28,57%,no,yes,3,0%,1723302773,1787158639,Niche-aligned source with a natural anchor distribution (29% branded/URL anchors).
exactnewz.com,https://global.performancelab.com/products/mct (+4 more),Performance lab mct oil Performance lab mct oil Performance lab mct oil (+6 more),KEEP_AFFILIATE_RETAIN,None - Tracked Affiliate Partner,High,7,3,7,14%,-,0,0%,71%,0,0,45,100%,no,yes,5,0%,1737688028,1787425338,"29% of destinations carry the programme's a_aid/a_bid parameters, so this is a tracked affiliate. Commercial anchors are expected of an affiliate and the brief protects the placement; no structural spam signature fired."
food4me.org,https://www.performancelab.com/products/nutrigenesis-multi-men?a_aid=5ce32f9c1c441&a_bid=a2ad38c1 (+2 more),Check the lowest price (+4 more),KEEP_AFFILIATE_RETAIN,None - Tracked Affiliate Partner,High,7,3,5,43%,-,7,0%,43%,1,2,34,0%,no,yes,3,100%,1738686791,1781491033,"100% of destinations carry the programme's a_aid/a_bid parameters, so this is a tracked affiliate. Commercial anchors are expected of an affiliate and the brief protects the placement; no structural spam signature fired."
oszar.com,https://www.performancelab.com/?a_aid=5d495a2de4c98&a_bid=a2ad38c1 (+2 more),Best Caffeine Free Pre-Workout Supplements (+6 more),KEEP_AFFILIATE_RETAIN,None - Tracked Affiliate Partner,High,7,3,7,14%,-,3,14%,29%,0,0,3,57%,no,yes,3,14%,1747863436,1785977941,"86% of destinations carry the programme's a_aid/a_bid parameters, so this is a tracked affiliate. Commercial anchors are expected of an affiliate and the brief protects the placement; no structural spam signature fired."
nootropicsplanet.com,https://www.performancelab.com/blogs/nootropic/nootropics-for-weight-loss?srsltid=AfmBOoq228NE2Ncv0E2aiZ0VimJRperUdiV1rVc0dLuLrgpew3bNNRSa (+4 more),Performance Lab (+6 more),KEEP_AFFILIATE_RETAIN,None - Topically Relevant Editorial / Affiliate Link,High,7,4,7,14%,-,0,0%,14%,0,0,24,100%,no,yes,5,0%,1749562890,1786643695,Niche-aligned source with a natural anchor distribution (14% branded/URL anchors).
unanswered.io,https://performancelab.com/blogs/multi/vitamin-k2-for-skin (+6 more),"Vitamin K2 for Skin: Benefits for Youthful, Firm Skin | Performance Lab® (+6 more)",KEEP_AFFILIATE_RETAIN,None - Topically Relevant Editorial / Affiliate Link,High,7,7,7,14%,-,0,0%,100%,0,0,10,100%,no,yes,7,0%,1772314580,1787543430,Niche-aligned source with a natural anchor distribution (100% branded/URL anchors).
datadrivenpick.com,https://www.performancelab.com/blogs/sleep/best-tart-cherry-dietary-supplement?srsltid=AfmBOooJmvpEJfnwOyAOTAG2ZZ5N0nldkko8Clxp_sWSVFYFXs-oeeeG (+6 more),The Ultimate Guide to the Best Tart Cherry Supplement: Benefits and Uses | Performance Lab® (+6 more),KEEP_AFFILIATE_RETAIN,None - Topically Relevant Editorial / Affiliate Link,High,7,5,7,14%,-,7,0%,100%,0,0,59,0%,no,yes,7,0%,,,Niche-aligned source with a natural anchor distribution (100% branded/URL anchors).
hypecheck.io,https://performancelab.com/products/b-complex (+6 more),https://performancelab.com/products/b-complex (+6 more),KEEP_AFFILIATE_RETAIN,None - Topically Relevant Editorial / Affiliate Link,High,7,7,7,14%,-,0,0%,100%,0,0,3,100%,no,yes,7,0%,,,Niche-aligned source with a natural anchor distribution (100% branded/URL anchors).
ndtv.com,https://www.performancelab.com/,Performance Lab Prebiotic (+5 more),KEEP_AFFILIATE_RETAIN,None - Topically Relevant Editorial / Affiliate Link,High,6,2,6,17%,-,0,0%,17%,22,22,23,100%,no,yes,1,0%,2024-11-08,2026-05-13,Niche-aligned source with a natural anchor distribution (17% branded/URL anchors).
thehindu.com,https://www.performancelab.com/?a_aid=5d495a2de4c98&a_bid=a2ad38c1,Click Here to Visit the Official Website (+4 more),KEEP_AFFILIATE_RETAIN,None - Tracked Affiliate Partner,High,6,3,5,33%,-,3,0%,50%,19,20,42,50%,no,yes,1,0%,2025-06-16,2026-08-12,"100% of destinations carry the programme's a_aid/a_bid parameters, so this is a tracked affiliate. Commercial anchors are expected of an affiliate and the brief protects the placement; no structural spam signature fired."
ng.se,https://www.performancelab.com/products/pre-lab-pro (+1 more),Performance Lab Pre Lab Pro (+4 more),KEEP_AFFILIATE_RETAIN,None - Tracked Affiliate Partner,High,6,2,5,33%,-,6,0%,67%,12,12,34,0%,no,yes,2,0%,2025-10-14,2026-08-22,"17% of destinations carry the programme's a_aid/a_bid parameters, so this is a tracked affiliate. Commercial anchors are expected of an affiliate and the brief protects the placement; no structural spam signature fired."
immusehealth.com,https://www.performancelab.com/products/immune (+2 more),Performance Lab - Immune Performance Lab - Immune (+2 more),KEEP_AFFILIATE_RETAIN,None - Topically Relevant Editorial / Affiliate Link,High,6,4,3,33%,-,6,0%,100%,3,11,32,0%,no,yes,3,0%,1747744440,2026-08-16,Niche-aligned source with a natural anchor distribution (100% branded/URL anchors).
zimmez.com,https://www.performancelab.com/products/mind,performance lab mind bottle and box 5 (+4 more),KEEP_AFFILIATE_RETAIN,None - Topically Relevant Editorial / Affiliate Link,High,6,2,5,33%,-,0,0%,67%,1,11,9,100%,no,yes,1,0%,1770065330,2026-04-13,Niche-aligned source with a natural anchor distribution (67% branded/URL anchors).
untamedscience.com,https://www.performancelab.com/collections/bones-joints,Performance Lab joint supplements,KEEP_AFFILIATE_RETAIN,None - Topically Relevant Editorial / Affiliate Link,High,6,6,1,100%,-,6,0%,100%,8,8,29,0%,no,yes,1,67%,2025-04-01,2026-08-21,Niche-aligned source with a natural anchor distribution (100% branded/URL anchors).
zipdo.co,https://performancelab.com/,performancelab.com (+3 more),KEEP_AFFILIATE_RETAIN,None - Topically Relevant Editorial / Affiliate Link,High,6,2,4,33%,-,3,0%,50%,7,7,36,50%,yes,yes,1,17%,2026-06-29,2026-08-21,Niche-aligned source with a natural anchor distribution (50% branded/URL anchors).
whatsthebest.co.uk,https://uk.performancelab.com/products/nutrigenesis-multi-women#product-buyblock (+1 more),uk.performancelab.com (+3 more),KEEP_AFFILIATE_RETAIN,None - Topically Relevant Editorial / Affiliate Link,High,6,1,4,33%,-,6,0%,67%,6,6,43,0%,yes,yes,2,0%,2025-05-19,2026-08-17,Niche-aligned source with a natural anchor distribution (67% branded/URL anchors).
malehealthreview.com,https://www.performancelab.com/products/nutrigenesis-multi-men (+4 more),See Current Price (+3 more),KEEP_AFFILIATE_RETAIN,None - Topically Relevant Editorial / Affiliate Link,High,6,6,4,33%,-,0,0%,50%,0,6,2,100%,no,yes,5,0%,1758234571,2026-08-09,Niche-aligned source with a natural anchor distribution (50% branded/URL anchors).
fitnessdonkey.com,https://www.performancelab.com/products/mind-lab-pro (+2 more),(empty/image) (+2 more),KEEP_AFFILIATE_RETAIN,None - Tracked Affiliate Partner,High,6,4,3,50%,-,6,0%,50%,0,5,9,0%,no,yes,3,0%,1735319103,2026-08-06,"17% of destinations carry the programme's a_aid/a_bid parameters, so this is a tracked affiliate. Commercial anchors are expected of an affiliate and the brief protects the placement; no structural spam signature fired."
performixhouse.com,https://www.performancelab.com/collections/athletics (+3 more),Performance Lab SPORT Maintain (+3 more),KEEP_AFFILIATE_RETAIN,None - Tracked Affiliate Partner,High,6,4,4,33%,-,0,0%,100%,3,3,12,100%,no,yes,4,0%,1727331269,1786264576,"33% of destinations carry the programme's a_aid/a_bid parameters, so this is a tracked affiliate. Commercial anchors are expected of an affiliate and the brief protects the placement; no structural spam signature fired."
healthtips.blog,https://www.performancelab.com/?a_aid=5cff789c0f836&a_bid=a2ad38c1 (+3 more),Order Now for – $50.00 (+4 more),KEEP_AFFILIATE_RETAIN,None - Tracked Affiliate Partner,High,6,2,5,33%,-,2,0%,17%,0,0,5,67%,no,yes,4,0%,1737762951,1787494413,"50% of destinations carry the programme's a_aid/a_bid parameters, so this is a tracked affiliate. Commercial anchors are expected of an affiliate and the brief protects the placement; no structural spam signature fired."
qolhealthperformance.com,"https://www.performancelab.com/blogs/fitness/training-for-aesthetics-v-training-for-athletics?srsltid=AfmBOoohDCAVdBC9Xjp1zFc7VxBkd3AUkKdtyifOzgUS_Tn-44B2EKMv#:~:text=Elite%20sports%20are%20about%20fine,get%20it%20wrong%20than%20right (+5 more)",Training for Aesthetics v Training for Athletics | Performance Lab®,KEEP_AFFILIATE_RETAIN,None - Topically Relevant Editorial / Affiliate Link,High,6,1,1,100%,-,6,0%,100%,0,0,56,0%,no,yes,6,0%,1743120555,1781056392,Niche-aligned source with a natural anchor distribution (100% branded/URL anchors).
planyourvitamins.com,https://www.performancelab.com/blogs/immune/glutathione-and-vitamin-c (+3 more),https://www.performancelab.com/blogs/immune/glutathione-and-vitamin-c (+3 more),KEEP_AFFILIATE_RETAIN,None - Topically Relevant Editorial / Affiliate Link,High,6,4,4,33%,-,0,0%,100%,0,0,29,100%,no,yes,4,0%,1743235008,1787486411,Niche-aligned source with a natural anchor distribution (100% branded/URL anchors).
windowssearch-exp.com,https://www.performancelab.com/blogs/caffeine-2/how-to-stop-caffeine-jitters (+5 more),performancelab.com (+1 more),KEEP_AFFILIATE_RETAIN,None - Brand Mention / Citation,Medium,6,2,2,67%,-,6,0%,100%,0,0,38,0%,no,no,6,0%,1753849534,1780154889,100% branded or bare-URL anchors; reads as an unsolicited citation rather than a placed link.
vitaetapestry.com,https://www.performancelab.com/blogs/multi/can-you-take-vitamin-d-and-iron-together (+5 more),https://www.performancelab.com/blogs/multi/can-you-take-vitamin-d-and-iron-together (+5 more),KEEP_AFFILIATE_RETAIN,None - Topically Relevant Editorial / Affiliate Link,High,6,6,6,17%,-,6,0%,100%,0,0,55,0%,no,yes,6,0%,1753959250,1785985698,Niche-aligned source with a natural anchor distribution (100% branded/URL anchors).
mylymphomachannel.com,https://www.performancelab.com/products/nutrigenesis-multi-women?a_aid=6684caaa511ce&a_bid=7e3178f7 (+1 more),Performance Lab NutriGenesis Multi is the best multivitamin for women (+1 more),KEEP_AFFILIATE_RETAIN,None - Tracked Affiliate Partner,High,6,3,2,50%,-,6,0%,100%,0,0,8,0%,no,no,2,0%,1759967561,1784718673,"100% of destinations carry the programme's a_aid/a_bid parameters, so this is a tracked affiliate. Commercial anchors are expected of an affiliate and the brief protects the placement; no structural spam signature fired."
hitrohealth.com,https://www.performancelab.com/products/omega-3 (+5 more),(empty/image),KEEP_AFFILIATE_RETAIN,None - Redirect / Tracking Host (Behavioural Match),High,6,4,1,100%,-,6,0%,0%,0,0,0,0%,no,yes,6,0%,1760690266,1787368529,"No outbound links of its own, 100% empty anchors, and 33% of destinations carry the programme's affiliate parameters. This is link tracking, whatever the domain is called."
newswebsite.com,https://www.performancelab.com/blogs/multi/taking-b12-and-magnesium-together?srsltid=AfmBOopO9Bf0trYICjy8JkebonZGTcDADzw3A1TUac8IvCb3ejsd3a14 (+2 more),normal nervous system function (+5 more),KEEP_AFFILIATE_RETAIN,None - Topically Relevant Editorial / Affiliate Link,High,6,1,6,17%,-,6,0%,0%,0,0,13,0%,no,yes,3,0%,1762054755,1786607415,Niche-aligned source with a natural anchor distribution (0% branded/URL anchors).
fitnesnow.org,https://www.performancelab.com/products/flex?a_aid=63bf10ae48772&a_bid=a2ad38c1,(empty/image) (+2 more),KEEP_AFFILIATE_RETAIN,None - Tracked Affiliate Partner,High,6,2,3,33%,-,6,0%,33%,0,0,18,0%,no,yes,1,0%,1762172075,1787024306,"100% of destinations carry the programme's a_aid/a_bid parameters, so this is a tracked affiliate. Commercial anchors are expected of an affiliate and the brief protects the placement; no structural spam signature fired."
hormoneres.com,https://www.performancelab.com/blogs/immune/immune-and-endocrine-system,6 (+1 more),KEEP_AFFILIATE_RETAIN,None - Topically Relevant Editorial / Affiliate Link,High,6,3,2,50%,-,6,0%,50%,0,0,18,0%,no,yes,1,0%,1763670146,1787383639,Niche-aligned source with a natural anchor distribution (50% branded/URL anchors).
digitalthriveai.com,https://performancelab.com/js-date-benchmarks-2025,Performance Lab - JavaScript Date Library Benchmarks 2025,KEEP_AFFILIATE_RETAIN,None - Dedicated Partner / Sponsor Landing Page,High,6,6,1,100%,-,6,0%,100%,0,0,14,0%,no,no,1,0%,1772066840,1787600030,"All 6 links resolve to the bespoke landing path '/js-date-benchmarks-2025' with brand-led anchors — co-marketing architecture, not manipulation."
tonyhuge.is,https://www.performancelab.com/products/omega-3?_pos=1&_sid=9455cccff&_ss=r (+5 more),BUY NOW,KEEP_AFFILIATE_RETAIN,None - Topically Relevant Editorial / Affiliate Link,High,6,3,1,100%,-,6,0%,0%,0,0,18,0%,no,yes,6,83%,1772966810,1785184793,Niche-aligned source with a natural anchor distribution (0% branded/URL anchors).
premworld.online,https://uk.performancelab.com/products/nutrigenesis-multi-women,"UK Approved(Esquire,Red,HB,GH,Country Living,Prima) Nutrigenesis Multi for Women (4 month supply) (+2 more)",KEEP_AFFILIATE_RETAIN,None - Topically Relevant Editorial / Affiliate Link,High,6,2,3,33%,-,0,0%,100%,0,0,34,100%,no,yes,1,0%,,,Niche-aligned source with a natural anchor distribution (100% branded/URL anchors).
cogniscore.co.uk,https://performancelab.com/products/mind,See current price,KEEP_AFFILIATE_RETAIN,None - Topically Relevant Editorial / Affiliate Link,High,6,6,1,100%,-,6,0%,0%,0,0,2,0%,no,yes,1,0%,,,Niche-aligned source with a natural anchor distribution (0% branded/URL anchors).
bbcgoodfood.com,https://uk.performancelab.com/products/d3k2 (+2 more),Taster box - 4 bars (£8.99) (+3 more),KEEP_AFFILIATE_RETAIN,None - Topically Relevant Editorial / Affiliate Link,High,5,2,4,40%,-,5,0%,20%,20,29,74,0%,yes,yes,3,40%,2024-09-07,2026-08-22,Niche-aligned source with a natural anchor distribution (20% branded/URL anchors).
firstpost.com,https://www.performancelab.com/products/recover?a_aid=5d495a2de4c98&a_bid=a2ad38c1 (+1 more),the Performance Lab Recover supplement (+4 more),KEEP_AFFILIATE_RETAIN,None - Tracked Affiliate Partner,High,5,2,5,20%,-,5,0%,80%,17,17,33,0%,no,yes,2,0%,2026-05-02,2026-07-07,"100% of destinations carry the programme's a_aid/a_bid parameters, so this is a tracked affiliate. Commercial anchors are expected of an affiliate and the brief protects the placement; no structural spam signature fired."
csun.edu,https://www.performancelab.com/collections/all-products (+1 more),Performance Lab Mind (+4 more),KEEP_AFFILIATE_RETAIN,None - Brand Mention / Citation,Medium,5,3,5,20%,-,5,20%,80%,14,14,24,0%,no,no,2,100%,2024-03-08,2026-07-08,80% branded or bare-URL anchors; reads as an unsolicited citation rather than a placed link.
dailycaller.com,https://www.performancelab.com/blogs/wellness (+1 more),high-quality supplements (+4 more),KEEP_AFFILIATE_RETAIN,None - Topically Relevant Editorial / Affiliate Link,High,5,2,5,20%,-,5,0%,80%,14,14,41,0%,no,yes,2,0%,2026-01-12,2026-07-14,Niche-aligned source with a natural anchor distribution (80% branded/URL anchors).
pickyeaterblog.com,https://www.performancelab.com/products/protein?a_aid=5ec76995e8186&a_bid=a2ad38c1,best protein powders - performance lab vegan protein best protein powders - performance lab vegan protein (+4 more),KEEP_AFFILIATE_RETAIN,None - Tracked Affiliate Partner,High,5,1,5,20%,-,0,0%,80%,12,12,95,100%,no,yes,1,0%,2025-03-14,2026-03-15,"100% of destinations carry the programme's a_aid/a_bid parameters, so this is a tracked affiliate. Commercial anchors are expected of an affiliate and the brief protects the placement; no structural spam signature fired."
accessnewswire.com,https://www.performancelab.com/products/sleep (+1 more),Sleep (+4 more),KEEP_AFFILIATE_RETAIN,None - Topically Relevant Editorial / Affiliate Link,High,5,3,5,20%,-,3,0%,80%,12,12,8,40%,no,yes,2,40%,2025-02-18,2026-07-05,Niche-aligned source with a natural anchor distribution (80% branded/URL anchors).
metrotimes.com,https://www.performancelab.com/blogs/wellness (+1 more),Testo Lab Pro (+4 more),KEEP_AFFILIATE_RETAIN,None - Topically Relevant Editorial / Affiliate Link,High,5,2,5,20%,-,3,0%,80%,11,11,35,40%,yes,yes,2,0%,2026-01-29,2026-08-17,Niche-aligned source with a natural anchor distribution (80% branded/URL anchors).
girlcooksworld.com,https://www.performancelab.com/blogs/news/immune-boosting-juices-top-8-juice-recipes-for-immunity,immunity juice recipe,KEEP_AFFILIATE_RETAIN,None - Topically Relevant Editorial / Affiliate Link,High,5,5,1,100%,-,5,0%,0%,5,6,20,0%,no,yes,1,80%,1774097017,2026-07-04,Niche-aligned source with a natural anchor distribution (0% branded/URL anchors).
dailydish.co.uk,https://www.performancelab.com/blogs/joint-support/the-health-benefits-of-turmeric?srsltid=AfmBOoq-n2GMLUyL_EqvZrpxFW_EH9HFmCiGYnGJLQVQ2CG8O_f9PGSV (+4 more),© Performance Lab,KEEP_AFFILIATE_RETAIN,None - Topically Relevant Editorial / Affiliate Link,High,5,5,1,100%,-,5,0%,100%,6,6,17,0%,no,yes,5,0%,2026-02-03,2026-08-16,Niche-aligned source with a natural anchor distribution (100% branded/URL anchors).
biohackers.world,https://www.performancelab.com/products/mind-lab-pro?a_aid=689f17173996e&a_cid=f4c3e754 (+1 more),Buy now,KEEP_AFFILIATE_RETAIN,None - Tracked Affiliate Partner,High,5,5,1,100%,-,0,0%,0%,5,5,20,100%,no,yes,2,100%,2026-03-28,2026-08-04,"100% of destinations carry the programme's a_aid/a_bid parameters, so this is a tracked affiliate. Commercial anchors are expected of an affiliate and the brief protects the placement; no structural spam signature fired."
theaffiliatemonkey.com,https://www.performancelab.com/pages/associates (+1 more),Go To Website (+3 more),KEEP_AFFILIATE_RETAIN,None - Topically Relevant Editorial / Affiliate Link,High,5,2,4,40%,-,1,0%,60%,1,5,37,80%,yes,yes,2,40%,1702786978,2026-08-01,Niche-aligned source with a natural anchor distribution (60% branded/URL anchors).
grouwfit.nl,https://eu.performancelab.com/products/mind-lab-pro,mind lab pro ervaring (+4 more),KEEP_AFFILIATE_RETAIN,None - Topically Relevant Editorial / Affiliate Link,High,5,1,5,20%,-,0,0%,80%,4,4,15,100%,yes,yes,1,0%,2026-06-21,2026-08-20,Niche-aligned source with a natural anchor distribution (80% branded/URL anchors).
drugsbanks.com,https://www.performancelab.com/?a_aid=5e9dbdd814ba6&a_bid=a2ad38c1 (+2 more),Performance Lab Flex (+2 more),KEEP_AFFILIATE_RETAIN,None - Tracked Affiliate Partner,High,5,3,3,60%,-,3,0%,80%,0,4,10,40%,yes,yes,3,40%,1749601428,2026-08-01,"60% of destinations carry the programme's a_aid/a_bid parameters, so this is a tracked affiliate. Commercial anchors are expected of an affiliate and the brief protects the placement; no structural spam signature fired."
slimmingandyou.com,https://www.performancelab.com/ (+2 more),(empty/image),KEEP_AFFILIATE_RETAIN,None - Tracked Affiliate Partner,High,5,4,1,100%,-,5,0%,0%,0,0,0,0%,no,yes,3,0%,1682249757,1787394825,"20% of destinations carry the programme's a_aid/a_bid parameters, so this is a tracked affiliate. Commercial anchors are expected of an affiliate and the brief protects the placement; no structural spam signature fired."
bacchusgamma.org,https://www.performancelab.com/blogs/nutrition/does-magnesium-glycinate-make-you-poop (+1 more),https://www.performancelab.com/blogs/nutrition/does-magnesium-glycinate-make-you-poop (+1 more),KEEP_AFFILIATE_RETAIN,None - Topically Relevant Editorial / Affiliate Link,High,5,5,2,80%,-,5,0%,100%,0,0,3,0%,no,yes,2,0%,1699754291,1786641210,Niche-aligned source with a natural anchor distribution (100% branded/URL anchors).
cleverjournal.net,https://www.performancelab.com/products/mind-lab-pro (+2 more),(empty/image),KEEP_AFFILIATE_RETAIN,None - Tracked Affiliate Partner,High,5,4,1,100%,-,5,0%,0%,0,0,0,0%,no,yes,3,0%,1708934511,1780614874,"20% of destinations carry the programme's a_aid/a_bid parameters, so this is a tracked affiliate. Commercial anchors are expected of an affiliate and the brief protects the placement; no structural spam signature fired."
500fitness.com,https://www.performancelab.com/collections/all-products (+1 more),(empty/image),KEEP_AFFILIATE_RETAIN,None - Tracked Affiliate Partner,High,5,4,1,100%,-,5,0%,0%,0,0,0,0%,no,yes,2,0%,1709996828,1787539792,"20% of destinations carry the programme's a_aid/a_bid parameters, so this is a tracked affiliate. Commercial anchors are expected of an affiliate and the brief protects the placement; no structural spam signature fired."
outliyr.com,https://www.performancelab.com/ (+3 more),(empty/image),KEEP_AFFILIATE_RETAIN,None - Topically Relevant Editorial / Affiliate Link,High,5,5,1,100%,-,5,0%,0%,0,0,0,0%,no,yes,4,0%,1715850472,1787426541,Niche-aligned source with a natural anchor distribution (0% branded/URL anchors).
breakingmuscle.com,https://www.performancelab.com/collections/all-products (+4 more),(empty/image),KEEP_AFFILIATE_RETAIN,None - Redirect / Tracking Host (Behavioural Match),High,5,4,1,100%,-,5,0%,0%,0,0,0,0%,no,yes,5,0%,1723595545,1787310377,"No outbound links of its own, 100% empty anchors, and 20% of destinations carry the programme's affiliate parameters. This is link tracking, whatever the domain is called."
braceypharmacy.com,https://www.performancelab.com/products/mind-lab-pro (+2 more),(empty/image),KEEP_AFFILIATE_RETAIN,None - Tracked Affiliate Partner,High,5,4,1,100%,-,5,0%,0%,0,0,0,0%,no,yes,3,0%,1733315252,1779956193,"20% of destinations carry the programme's a_aid/a_bid parameters, so this is a tracked affiliate. Commercial anchors are expected of an affiliate and the brief protects the placement; no structural spam signature fired."
startupwebsolutions.com.au,https://www.performancelab.com/pages/contact (+2 more),Contact – Performance Lab® (+2 more),KEEP_AFFILIATE_RETAIN,None - Topically Relevant Editorial / Affiliate Link,High,5,3,3,60%,-,0,0%,100%,0,0,14,100%,no,yes,3,0%,1741000136,1785482169,Niche-aligned source with a natural anchor distribution (100% branded/URL anchors).
atleetzone.com,https://www.performancelab.com/blogs/multi/best-time-to-take-biotin (+2 more),de energie metabolisme (+4 more),KEEP_AFFILIATE_RETAIN,None - Topically Relevant Editorial / Affiliate Link,High,5,2,5,20%,-,5,0%,60%,0,0,42,0%,no,yes,3,0%,1747768344,1786692029,Niche-aligned source with a natural anchor distribution (60% branded/URL anchors).
indiandailylive.com,https://www.performancelab.com/products/recover?a_aid=5d495a2de4c98&a_bid=a2ad38c1 (+1 more),Click Here to Visit the Official Website (+4 more),KEEP_AFFILIATE_RETAIN,None - Tracked Affiliate Partner,High,5,2,5,20%,-,5,0%,80%,0,0,28,0%,no,yes,2,0%,1748013274,1786906386,"100% of destinations carry the programme's a_aid/a_bid parameters, so this is a tracked affiliate. Commercial anchors are expected of an affiliate and the brief protects the placement; no structural spam signature fired."
submitmypressrelease.com,https://www.performancelab.com/?a_aid=5d495a2de4c98&a_bid=a2ad38c1,Click Here to Get Performance Lab Pre from Official Website (+4 more),KEEP_AFFILIATE_RETAIN,None - Tracked Affiliate Partner,High,5,2,5,20%,-,0,20%,60%,0,0,12,100%,no,yes,1,0%,1748342791,1786931767,"100% of destinations carry the programme's a_aid/a_bid parameters, so this is a tracked affiliate. Commercial anchors are expected of an affiliate and the brief protects the placement; no structural spam signature fired."
gamingcypher.com,https://www.performancelab.com/supplements/mind (+2 more),Mind (+4 more),KEEP_AFFILIATE_RETAIN,None - Topically Relevant Editorial / Affiliate Link,High,5,2,5,20%,-,5,0%,60%,3,3,24,0%,no,yes,3,0%,1749654522,1787587948,Niche-aligned source with a natural anchor distribution (60% branded/URL anchors).
druggenius.com,https://performancelab.com/products/nutrigenesis-multi-men?a_aid=6149f01d7365f&a_bid=a2ad38c1,(empty/image) (+4 more),KEEP_AFFILIATE_RETAIN,None - Tracked Affiliate Partner,High,5,1,5,20%,-,5,0%,60%,1,1,50,0%,no,yes,1,0%,1749674226,1780608069,"100% of destinations carry the programme's a_aid/a_bid parameters, so this is a tracked affiliate. Commercial anchors are expected of an affiliate and the brief protects the placement; no structural spam signature fired."
supplementsinreview.com,https://www.performancelab.com/products/flex (+2 more),the official website (+4 more),KEEP_AFFILIATE_RETAIN,None - Topically Relevant Editorial / Affiliate Link,High,5,3,5,20%,-,5,0%,60%,2,2,12,0%,no,yes,3,80%,1750082964,1785406118,Niche-aligned source with a natural anchor distribution (60% branded/URL anchors).
foodandfitnessalways.com,https://www.performancelab.com/ (+4 more),Performance Lab (+4 more),KEEP_AFFILIATE_RETAIN,None - Topically Relevant Editorial / Affiliate Link,High,5,1,5,20%,-,5,0%,40%,0,0,26,0%,no,yes,5,0%,1751027176,1785954925,Niche-aligned source with a natural anchor distribution (40% branded/URL anchors).
vibrantwomenhealth.com,https://www.performancelab.com/blogs/sleep/lemon-balm-and-anxiety?srsltid=AfmBOorRhothFC0Kmnb7w283rihnHSWfNsXFVdKYbeZwrOifAk9NbE5C (+4 more),lemon balm tea (+4 more),KEEP_AFFILIATE_RETAIN,None - Topically Relevant Editorial / Affiliate Link,High,5,5,5,20%,-,5,0%,0%,0,0,6,0%,no,yes,5,100%,1751884231,1780300170,Niche-aligned source with a natural anchor distribution (0% branded/URL anchors).
fitmusclee.com,https://www.performancelab.com/blogs/nutrition/low-caffeine-pre-workout-supplements (+4 more),Low Caffeine Pre Workout Supplements: Better Than High-Stim (+4 more),KEEP_AFFILIATE_RETAIN,None - Topically Relevant Editorial / Affiliate Link,High,5,4,5,20%,-,5,0%,40%,0,0,15,0%,no,yes,5,0%,1752497275,1781152865,Niche-aligned source with a natural anchor distribution (40% branded/URL anchors).
best4you.info,https://uk.performancelab.com/products/d3k2 (+1 more),Performance Lab (from £19) (+2 more),KEEP_AFFILIATE_RETAIN,None - Topically Relevant Editorial / Affiliate Link,High,5,3,3,40%,-,5,0%,40%,0,0,69,0%,no,yes,2,0%,1753666330,1784013428,Niche-aligned source with a natural anchor distribution (40% branded/URL anchors).
adhd-biohacker.ghost.io,https://performancelab.com/products/prebiotic/ (+4 more),Get Performance Lab Prebiotic (+4 more),KEEP_AFFILIATE_RETAIN,None - Topically Relevant Editorial / Affiliate Link,High,5,1,5,20%,-,5,0%,100%,0,0,7,0%,no,yes,5,0%,1768581115,1769975775,Niche-aligned source with a natural anchor distribution (100% branded/URL anchors).
glam-vegan.com,https://www.performancelab.com/products/nutrigenesis-multi-men (+1 more),Visit Website (+2 more),KEEP_AFFILIATE_RETAIN,None - Topically Relevant Editorial / Affiliate Link,High,5,1,3,40%,-,3,0%,0%,0,0,15,40%,no,yes,2,0%,1769561499,1786772045,Niche-aligned source with a natural anchor distribution (0% branded/URL anchors).
grindhousemhttn.com,https://www.performancelab.com/blogs/fitness/benefits-of-a-punching-bag-workout,improving your mood,KEEP_AFFILIATE_RETAIN,None - Topically Relevant Editorial / Affiliate Link,High,5,5,1,100%,-,0,0%,0%,0,0,62,100%,no,yes,1,0%,,,Niche-aligned source with a natural anchor distribution (0% branded/URL anchors).
pennywisestudent.com,https://www.performancelab.com/products/prebiotic (+1 more),comprehensive prebiotic supplement (+2 more),KEEP_AFFILIATE_RETAIN,None - Topically Relevant Editorial / Affiliate Link,High,5,4,3,60%,-,5,0%,0%,0,0,5,0%,no,yes,2,0%,,,Niche-aligned source with a natural anchor distribution (0% branded/URL anchors).
skipthefish.com,https://www.performancelab.com/products/omega-3?a_aid=5f1e14c2db517&a_bid=a2ad38c1 (+2 more),(empty/image) (+1 more),KEEP_AFFILIATE_RETAIN,None - Tracked Affiliate Partner,High,5,3,2,80%,-,5,0%,20%,0,0,1,0%,no,yes,3,0%,,,"40% of destinations carry the programme's a_aid/a_bid parameters, so this is a tracked affiliate. Commercial anchors are expected of an affiliate and the brief protects the placement; no structural spam signature fired."
kirklandreporter.com,https://www.performancelab.com/products/vision,Performance Lab Vision Price: $39,KEEP_AFFILIATE_RETAIN,None - Topically Relevant Editorial / Affiliate Link,High,4,4,1,100%,-,1,0%,100%,8.5,60,32,75%,no,yes,1,50%,2026-02-06,2026-06-02,Niche-aligned source with a natural anchor distribution (100% branded/URL anchors).
laweekly.com,https://www.performancelab.com/products/prebiotic (+1 more),Performance Lab Prebiotic (+1 more),KEEP_AFFILIATE_RETAIN,None - Tracked Affiliate Partner,High,4,1,2,50%,-,0,0%,100%,43.5,44,25,100%,no,yes,2,0%,2026-01-14,2026-08-19,"50% of destinations carry the programme's a_aid/a_bid parameters, so this is a tracked affiliate. Commercial anchors are expected of an affiliate and the brief protects the placement; no structural spam signature fired."
hsupplements.com,https://www.performancelab.com/products/sleep,Check Availability (+2 more),KEEP_AFFILIATE_RETAIN,None - Topically Relevant Editorial / Affiliate Link,High,4,2,3,50%,-,0,0%,50%,29,29,9,100%,yes,yes,1,0%,2026-07-08,2026-08-19,Niche-aligned source with a natural anchor distribution (50% branded/URL anchors).
anthonydennis-24878.medium.com,https://www.performancelab.com/?a_aid=5c5a258eeba5c&a_bid=a2ad38c1,https://www.performancelab.com/?a_aid=5c5a258eeba5c&a_bid=a2ad38c1 (+1 more),KEEP_AFFILIATE_RETAIN,None - Tracked Affiliate Partner,High,4,4,2,75%,-,0,0%,100%,21,21,10,100%,no,no,1,0%,2025-12-04,2026-08-10,"100% of destinations carry the programme's a_aid/a_bid parameters, so this is a tracked affiliate. Commercial anchors are expected of an affiliate and the brief protects the placement; no structural spam signature fired."
rebrand.ly,https://www.performancelab.com/ (+1 more),(empty/image),KEEP_AFFILIATE_RETAIN,None - Redirect / Tracking Host (Behavioural Match),High,4,3,1,100%,-,4,0%,0%,17.5,21,0,0%,no,yes,2,25%,2026-04-12,2026-08-22,"No outbound links of its own, 100% empty anchors, and 25% of destinations carry the programme's affiliate parameters. This is link tracking, whatever the domain is called."
stylist.co.uk,https://www.performancelab.com/collections/nutropic (+1 more),Nu:tropic (+1 more),KEEP_AFFILIATE_RETAIN,None - Topically Relevant Editorial / Affiliate Link,High,4,2,2,50%,-,4,0%,0%,15.5,19,10,0%,no,yes,2,25%,2026-02-02,2026-08-20,Niche-aligned source with a natural anchor distribution (0% branded/URL anchors).
10bestsupplements.com,https://www.performancelab.com/products/immune (+1 more),Visit Website (+2 more),KEEP_AFFILIATE_RETAIN,None - Topically Relevant Editorial / Affiliate Link,High,4,1,3,50%,-,0,0%,50%,15,15,20,100%,no,yes,2,0%,2026-07-05,2026-08-10,Niche-aligned source with a natural anchor distribution (50% branded/URL anchors).
garagegymreviews.com,https://www.performancelab.com/products/caffeine-2 (+2 more),Performance Lab Vitamin C (+1 more),KEEP_AFFILIATE_RETAIN,None - Tracked Affiliate Partner,High,4,3,2,50%,-,0,0%,100%,14,15,34,100%,no,yes,3,100%,2025-04-05,2026-05-25,"25% of destinations carry the programme's a_aid/a_bid parameters, so this is a tracked affiliate. Commercial anchors are expected of an affiliate and the brief protects the placement; no structural spam signature fired."
citybeat.com,https://www.performancelab.com/products/pre-lab-pro,Performance Lab Pre Lab Pro (+1 more),KEEP_AFFILIATE_RETAIN,None - Topically Relevant Editorial / Affiliate Link,High,4,2,2,50%,-,4,0%,100%,11,13,38,0%,no,yes,1,0%,2025-10-19,2026-08-22,Niche-aligned source with a natural anchor distribution (100% branded/URL anchors).
theproteinworks.com,https://www.performancelab.com/blogs/nutrition/how-long-does-it-take-for-creatine-to-kick-in (+1 more),How long does it take for creatine to kick in | Performance Lab (+1 more),KEEP_AFFILIATE_RETAIN,None - Topically Relevant Editorial / Affiliate Link,High,4,4,2,50%,-,4,0%,100%,12,12,14,0%,no,yes,2,0%,2025-10-18,2026-08-19,Niche-aligned source with a natural anchor distribution (100% branded/URL anchors).
agilitypr.com,https://www.performancelab.com/ (+2 more),Performance Lab (+2 more),KEEP_AFFILIATE_RETAIN,None - Topically Relevant Editorial / Affiliate Link,High,4,2,3,50%,-,4,0%,75%,10,10,16,0%,no,yes,3,0%,2024-10-02,2026-08-09,Niche-aligned source with a natural anchor distribution (75% branded/URL anchors).
highpayingaffiliateprograms.com,https://www.performancelab.com/,Here (+1 more),KEEP_AFFILIATE_RETAIN,None - Topically Relevant Editorial / Affiliate Link,High,4,4,2,75%,-,4,0%,25%,5,8,38,0%,no,yes,1,25%,2025-06-20,2026-08-11,Niche-aligned source with a natural anchor distribution (25% branded/URL anchors).
middleeasy.com,https://www.performancelab.com/products/carb/?a_aid=5d6342d22de95&a_bid=a2ad38c1 (+2 more),Buy Now (+3 more),KEEP_AFFILIATE_RETAIN,None - Tracked Affiliate Partner,High,4,3,4,25%,-,4,0%,75%,8,8,23,0%,yes,yes,3,0%,2025-01-23,2026-08-21,"100% of destinations carry the programme's a_aid/a_bid parameters, so this is a tracked affiliate. Commercial anchors are expected of an affiliate and the brief protects the placement; no structural spam signature fired."
mercyforanimals.org,https://www.performancelab.com/products/omega-3?a_aid=5ce32f9c1c441&amp%3Ba_bid=a2ad38c1,Performance Lab Omega-3,KEEP_AFFILIATE_RETAIN,None - Tracked Affiliate Partner,High,4,4,1,100%,-,4,0%,100%,8,8,16,0%,no,no,1,0%,2025-10-18,2026-08-14,"100% of destinations carry the programme's a_aid/a_bid parameters, so this is a tracked affiliate. Commercial anchors are expected of an affiliate and the brief protects the placement; no structural spam signature fired."
supplementmag.com,https://www.performancelab.com/blogs/caffeine-2/caffeine-anhydrous,https://www.performancelab.com/blogs/caffeine-2/caffeine-anhydrous (+1 more),KEEP_AFFILIATE_RETAIN,None - Topically Relevant Editorial / Affiliate Link,High,4,2,2,50%,-,4,0%,50%,3,6,16,0%,no,yes,1,0%,1748557599,2026-08-19,Niche-aligned source with a natural anchor distribution (50% branded/URL anchors).
bothell-reporter.com,https://www.performancelab.com/products/mind-lab-pro,Performance Lab Mind,KEEP_AFFILIATE_RETAIN,None - Topically Relevant Editorial / Affiliate Link,High,4,4,1,100%,-,0,0%,100%,2.5,5,26,100%,no,yes,1,50%,1771264870,2026-06-07,Niche-aligned source with a natural anchor distribution (100% branded/URL anchors).
dhrupurohit.com,https://www.performancelab.com/products/omega-3,Performance Lab Omega-3 (+1 more),KEEP_AFFILIATE_RETAIN,None - Topically Relevant Editorial / Affiliate Link,High,4,4,2,75%,-,4,0%,100%,4,4,20,0%,no,yes,1,0%,2022-02-03,2026-08-18,Niche-aligned source with a natural anchor distribution (100% branded/URL anchors).
eat-drink-sleep.com,https://www.performancelab.com/collections/nutropic (+1 more),www.nutropic.com (+1 more),KEEP_AFFILIATE_RETAIN,None - Topically Relevant Editorial / Affiliate Link,High,4,1,2,50%,-,4,0%,50%,4,4,14,0%,no,yes,2,50%,2024-08-29,2026-08-03,Niche-aligned source with a natural anchor distribution (50% branded/URL anchors).
usanutritionist.com,https://www.performancelab.com/products/vision (+2 more),(empty/image),KEEP_AFFILIATE_RETAIN,None - Topically Relevant Editorial / Affiliate Link,High,4,4,1,100%,-,4,0%,0%,0,0,0,0%,no,yes,3,0%,1695387131,1780469452,Niche-aligned source with a natural anchor distribution (0% branded/URL anchors).
homebusinesswiz.com,https://www.performancelab.com/blogs/prebiotic/what-are-prebiotics,prebiotics can help restore balance,KEEP_AFFILIATE_RETAIN,None - Topically Relevant Editorial / Affiliate Link,High,4,4,1,100%,-,4,0%,0%,0,0,28,0%,no,yes,1,0%,1696066782,1785939684,Niche-aligned source with a natural anchor distribution (0% branded/URL anchors).
wellife.org,https://www.performancelab.com/products/vision (+2 more),(empty/image),KEEP_AFFILIATE_RETAIN,None - Topically Relevant Editorial / Affiliate Link,High,4,4,1,100%,-,4,0%,0%,0,0,0,0%,no,yes,3,0%,1697512643,1780527651,Niche-aligned source with a natural anchor distribution (0% branded/URL anchors).
slimmingandco.com,https://www.performancelab.com/collections/core-range?a_aid=542004f70c101&a_bid=dba13121 (+1 more),(empty/image),KEEP_AFFILIATE_RETAIN,None - Redirect / Tracking Host (Behavioural Match),High,4,2,1,100%,-,4,0%,0%,0,2,0,0%,no,yes,2,0%,1704778821,1787466513,"No outbound links of its own, 100% empty anchors, and 50% of destinations carry the programme's affiliate parameters. This is link tracking, whatever the domain is called."
chronotherapeutics.org,https://www.performancelab.com/products/mind-lab-pro (+2 more),(empty/image),KEEP_AFFILIATE_RETAIN,None - Redirect / Tracking Host (Behavioural Match),High,4,3,1,100%,-,4,0%,0%,0,0,0,0%,no,yes,3,0%,1720956143,1787518261,"No outbound links of its own, 100% empty anchors, and 25% of destinations carry the programme's affiliate parameters. This is link tracking, whatever the domain is called."
supplementsreviews.co.uk,https://www.performancelab.com/blogs/fat-loss/best-fat-burner-for-bodybuilding (+3 more),(empty/image) (+1 more),KEEP_AFFILIATE_RETAIN,None - Topically Relevant Editorial / Affiliate Link,High,4,4,2,75%,-,4,0%,25%,0,0,3,0%,no,yes,4,100%,1723669753,1780469978,Niche-aligned source with a natural anchor distribution (25% branded/URL anchors).
silvique.ro,https://www.performancelab.com/products/mct,Performance Lab ® MCT Oil,KEEP_AFFILIATE_RETAIN,None - Brand Mention / Citation,Medium,4,4,1,100%,-,4,0%,100%,1,1,24,0%,no,no,1,25%,1724315248,1787177938,100% branded or bare-URL anchors; reads as an unsolicited citation rather than a placed link.
21dayhero.com,https://www.performancelab.com/?a_aid=5eabf48d89d02&a_bid=a2ad38c1 (+1 more),Check Performance Lab Supplements Here – Click Multi Vitamins on site (+2 more),KEEP_AFFILIATE_RETAIN,None - Tracked Affiliate Partner,High,4,3,3,50%,-,0,25%,50%,0,0,20,100%,no,yes,2,100%,1729162953,1775932444,"75% of destinations carry the programme's a_aid/a_bid parameters, so this is a tracked affiliate. Commercial anchors are expected of an affiliate and the brief protects the placement; no structural spam signature fired."
biologydaily.com,https://www.performancelab.com/products/sleep (+3 more),(empty/image),KEEP_AFFILIATE_RETAIN,None - Redirect / Tracking Host (Behavioural Match),High,4,2,1,100%,-,4,0%,0%,0,0,0,0%,no,yes,4,0%,1732887327,1780604880,"No outbound links of its own, 100% empty anchors, and 50% of destinations carry the programme's affiliate parameters. This is link tracking, whatever the domain is called."
healthyforbetter.com,https://www.performancelab.com/blogs/fitness/lifting-on-an-empty-stomach?srsltid=AfmBOoraRjkwLmnbSqw6GUj0pU9G6kPjOnK5_PKggDFVxdej8MhdA3DV (+3 more),https://www.performancelab.com/blogs/fitness/lifting-on-an-empty-stomach?srsltid=AfmBOoraRjkwLmnbSqw6GUj0pU9G6kPjOnK5_PKggDFVxdej8MhdA3DV (+3 more),KEEP_AFFILIATE_RETAIN,None - Topically Relevant Editorial / Affiliate Link,High,4,1,4,25%,-,0,0%,100%,0,0,28,100%,no,yes,4,100%,1734708355,1783211831,Niche-aligned source with a natural anchor distribution (100% branded/URL anchors).
survivalstreet.com,https://www.performancelab.com/products/mind-lab-pro (+1 more),(empty/image),KEEP_AFFILIATE_RETAIN,None - Redirect / Tracking Host (Behavioural Match),High,4,3,1,100%,-,4,0%,0%,0,0,0,0%,no,yes,2,0%,1737115362,1777885044,"No outbound links of its own, 100% empty anchors, and 25% of destinations carry the programme's affiliate parameters. This is link tracking, whatever the domain is called."
christhoma.com,https://www.performancelab.com/products/mind-lab-pro?a_aid=6778db89addb9&a_bid=67fd84dc,Mind Lab Pro is the best nootropic supplement,KEEP_AFFILIATE_RETAIN,None - Tracked Affiliate Partner,High,4,4,1,100%,-,4,0%,100%,0,0,7,0%,no,yes,1,0%,1737751166,1786822985,"100% of destinations carry the programme's a_aid/a_bid parameters, so this is a tracked affiliate. Commercial anchors are expected of an affiliate and the brief protects the placement; no structural spam signature fired."
dietpillsproducts.com,https://www.performancelab.com/blogs/prebiotic/best-gluten-free-fiber-supplement?srsltid=AfmBOoopd4-sab1zwvrKoDMXNVEXoGFcnN378DRhv0lNq5e9tkGTm4-8 (+1 more),13 (+3 more),KEEP_AFFILIATE_RETAIN,None - Topically Relevant Editorial / Affiliate Link,High,4,2,4,25%,-,0,0%,50%,0,0,52,100%,no,yes,2,50%,1740221892,1775238413,Niche-aligned source with a natural anchor distribution (50% branded/URL anchors).
pharmarly.com,https://www.performancelab.com/,multivitamin (+1 more),KEEP_AFFILIATE_RETAIN,None - Topically Relevant Editorial / Affiliate Link,High,4,3,2,75%,-,4,0%,0%,0,0,6,0%,no,yes,1,0%,1742214746,1783380721,Niche-aligned source with a natural anchor distribution (0% branded/URL anchors).
lowtestosteroneexpert.com,https://uk.performancelab.com/products/tplus (+1 more),Click Here To Order Performance Lab ® SPORT T-booster (+3 more),KEEP_AFFILIATE_RETAIN,None - Topically Relevant Editorial / Affiliate Link,High,4,3,4,25%,-,0,0%,75%,0,0,8,100%,no,yes,2,0%,1747945670,1772381881,Niche-aligned source with a natural anchor distribution (75% branded/URL anchors).
quebecnewstribune.com,https://www.performancelab.com/?a_aid=5d495a2de4c98&a_bid=a2ad38c1,Best Caffeine Free Pre-Workout Supplements (+3 more),KEEP_AFFILIATE_RETAIN,None - Tracked Affiliate Partner,High,4,1,4,25%,-,0,25%,50%,0,0,8,100%,no,yes,1,0%,1748358796,1786935171,"100% of destinations carry the programme's a_aid/a_bid parameters, so this is a tracked affiliate. Commercial anchors are expected of an affiliate and the brief protects the placement; no structural spam signature fired."
allandabout.com,https://www.performancelab.com/blogs/multi/how-long-do-vitamins-stay-in-your-system,(empty/image) (+1 more),KEEP_AFFILIATE_RETAIN,None - Topically Relevant Editorial / Affiliate Link,High,4,2,2,50%,-,4,0%,0%,1,1,17,0%,no,yes,1,0%,1748907154,1787525562,Niche-aligned source with a natural anchor distribution (0% branded/URL anchors).
thefitnesshammer.com,https://www.performancelab.com/products/mct/?a_aid=6359a0d3b1833&a_bid=a2ad38c1 (+1 more),Performance Lab MCT (+2 more),KEEP_AFFILIATE_RETAIN,None - Tracked Affiliate Partner,High,4,3,3,50%,-,4,0%,75%,0,0,28,0%,no,yes,2,0%,1749697287,1787444086,"100% of destinations carry the programme's a_aid/a_bid parameters, so this is a tracked affiliate. Commercial anchors are expected of an affiliate and the brief protects the placement; no structural spam signature fired."
healthywithpassion.com,https://www.performancelab.com/collections/core-range/products/vision?a_aid=5ce32f9c1c441&a_bid=a2ad38c1 (+1 more),View Latest Price → (+2 more),KEEP_AFFILIATE_RETAIN,None - Tracked Affiliate Partner,High,4,2,3,50%,-,0,0%,25%,0,0,32,100%,no,yes,2,0%,1749862957,1787227078,"75% of destinations carry the programme's a_aid/a_bid parameters, so this is a tracked affiliate. Commercial anchors are expected of an affiliate and the brief protects the placement; no structural spam signature fired."
miosuperhealth.com,https://www.performancelab.com/collections/sport-range/products/fat-burner (+2 more),Fat Burner (+3 more),KEEP_AFFILIATE_RETAIN,None - Topically Relevant Editorial / Affiliate Link,High,4,1,4,25%,-,4,0%,50%,0,0,6,0%,no,yes,3,0%,1751042016,1787304381,Niche-aligned source with a natural anchor distribution (50% branded/URL anchors).
suplint.com,https://www.performancelab.com/blogs/multi/best-time-to-take-biotin (+3 more),(Performance Lab),KEEP_AFFILIATE_RETAIN,None - Topically Relevant Editorial / Affiliate Link,High,4,2,1,100%,-,4,0%,100%,0,0,56,0%,no,yes,4,0%,1752714175,1786969102,Niche-aligned source with a natural anchor distribution (100% branded/URL anchors).
suplint.mx,https://www.performancelab.com/blogs/multi/best-time-to-take-biotin (+3 more),(Performance Lab),KEEP_AFFILIATE_RETAIN,None - Topically Relevant Editorial / Affiliate Link,High,4,2,1,100%,-,4,0%,100%,1,1,60,0%,no,yes,4,0%,1752884508,1786544860,Niche-aligned source with a natural anchor distribution (100% branded/URL anchors).
suplint.com.br,https://www.performancelab.com/blogs/multi/best-time-to-take-biotin (+3 more),(Performance Lab),KEEP_AFFILIATE_RETAIN,None - Topically Relevant Editorial / Affiliate Link,High,4,2,1,100%,-,4,0%,100%,2,2,58,0%,no,yes,4,0%,1752886272,1787594539,Niche-aligned source with a natural anchor distribution (100% branded/URL anchors).
veganmum.uk,https://uk.performancelab.com/products/omega-3 (+1 more),Buy Performance Lab here (+3 more),KEEP_AFFILIATE_RETAIN,None - Topically Relevant Editorial / Affiliate Link,High,4,2,4,25%,-,4,0%,75%,0,0,32,0%,no,yes,2,100%,1758956440,1785621771,Niche-aligned source with a natural anchor distribution (75% branded/URL anchors).
preventivemedicinedaily.com,https://www.performancelab.com/blogs/caffeine-2/coffee-vs-caffeine-pills (+1 more),Performance Lab (+3 more),KEEP_AFFILIATE_RETAIN,None - Topically Relevant Editorial / Affiliate Link,High,4,2,4,25%,-,1,0%,75%,0,0,46,75%,no,yes,2,0%,1760733124,1787433247,Niche-aligned source with a natural anchor distribution (75% branded/URL anchors).
bench-press.net,https://www.performancelab.com/products/protein (+2 more),Visit PerformanceLab.com (+2 more),KEEP_AFFILIATE_RETAIN,None - Topically Relevant Editorial / Affiliate Link,High,4,3,3,50%,-,4,0%,75%,0,0,6,0%,no,yes,3,0%,1762681390,1787170157,Niche-aligned source with a natural anchor distribution (75% branded/URL anchors).
vitaminsforwoman.com,https://www.performancelab.com/products/vision (+2 more),well-formulated nootropic supplement (+3 more),KEEP_AFFILIATE_RETAIN,None - Topically Relevant Editorial / Affiliate Link,High,4,3,4,25%,-,4,0%,0%,0,0,5,0%,no,yes,3,0%,1764178170,1781861672,Niche-aligned source with a natural anchor distribution (0% branded/URL anchors).
disturbmenot.co,https://www.performancelab.com/products/sleep?a_aid=5fa165fde32a2&a_bid=a2ad38c1,Get Deal (+1 more),KEEP_AFFILIATE_RETAIN,None - Tracked Affiliate Partner,High,4,2,2,50%,-,0,0%,0%,2,3,32,100%,no,yes,1,0%,1768441634,1786612861,"100% of destinations carry the programme's a_aid/a_bid parameters, so this is a tracked affiliate. Commercial anchors are expected of an affiliate and the brief protects the placement; no structural spam signature fired."
ironascentfitness.com,https://www.performancelab.com/?a_aid=6951aefad5c38&a_bid=a2ad38c1,Nutrition (+3 more),KEEP_AFFILIATE_RETAIN,None - Tracked Affiliate Partner,High,4,2,4,25%,-,0,0%,0%,0,0,8,100%,no,yes,1,50%,1769482047,1780565385,"100% of destinations carry the programme's a_aid/a_bid parameters, so this is a tracked affiliate. Commercial anchors are expected of an affiliate and the brief protects the placement; no structural spam signature fired."
artichokeyinkpress.com,https://www.performancelab.com/products/energy (+1 more),Performance Lab Energy (+3 more),KEEP_AFFILIATE_RETAIN,None - Topically Relevant Editorial / Affiliate Link,High,4,2,4,25%,-,0,0%,50%,0,0,28,100%,no,yes,2,0%,1770251169,1786399550,Niche-aligned source with a natural anchor distribution (50% branded/URL anchors).
cookmushroom.com,https://uk.performancelab.com/products/d3k2,£19 (+2 more),KEEP_AFFILIATE_RETAIN,None - Topically Relevant Editorial / Affiliate Link,High,4,2,3,50%,-,4,0%,50%,0,0,56,0%,no,yes,1,0%,1770725930,1772885689,Niche-aligned source with a natural anchor distribution (50% branded/URL anchors).
mindfulnessdojo.com,https://www.performancelab.com/collections/core-range/products/mind (+3 more),www.performancelab.com (+3 more),KEEP_AFFILIATE_RETAIN,None - Topically Relevant Editorial / Affiliate Link,High,4,2,4,25%,-,3,0%,100%,0,0,20,25%,no,yes,4,0%,1773997204,1786032256,Niche-aligned source with a natural anchor distribution (100% branded/URL anchors).
pattern-aegis.live,https://uk.performancelab.com/products/d3k2,Performance Lab (£19) (+1 more),KEEP_AFFILIATE_RETAIN,None - Topically Relevant Editorial / Affiliate Link,High,4,2,2,50%,-,4,0%,50%,0,0,73,0%,no,yes,1,0%,,,Niche-aligned source with a natural anchor distribution (50% branded/URL anchors).
supermushrooms.co.uk,https://uk.performancelab.com/products/nutrigenesis-multi-women (+1 more),Buy Women's Formula (+3 more),KEEP_AFFILIATE_RETAIN,None - Topically Relevant Editorial / Affiliate Link,High,4,1,4,25%,-,4,0%,0%,0,0,11,0%,no,yes,2,0%,,,Niche-aligned source with a natural anchor distribution (0% branded/URL anchors).
tetrapod.beauty,https://www.performancelab.com/blogs/multi/vitamin-k2-for-skin,https://www.performancelab.com/blogs/multi/vitamin-k2-for-skin (+1 more),KEEP_AFFILIATE_RETAIN,None - Topically Relevant Editorial / Affiliate Link,High,4,2,2,50%,-,4,0%,100%,0,0,8,0%,no,yes,1,0%,,,Niche-aligned source with a natural anchor distribution (100% branded/URL anchors).
forbes.com,https://www.performancelab.com/products/pre-lab-pro (+2 more),Nu:tropic (+1 more),KEEP_AFFILIATE_RETAIN,None - Topically Relevant Editorial / Affiliate Link,High,3,2,2,67%,-,0,0%,0%,20,48,26,100%,no,yes,3,33%,2024-01-22,2026-07-13,Niche-aligned source with a natural anchor distribution (0% branded/URL anchors).
fortune.com,https://www.performancelab.com/products/pre-lab-pro?a_aid=6737abe516361&data1=bestpre-workout-fortune (+1 more),Pre Lab Pro Pre-Workout (+2 more),KEEP_AFFILIATE_RETAIN,None - Tracked Affiliate Partner,High,3,2,3,33%,-,0,0%,33%,37,37,51,100%,no,yes,2,67%,2025-09-16,2026-08-20,"100% of destinations carry the programme's a_aid/a_bid parameters, so this is a tracked affiliate. Commercial anchors are expected of an affiliate and the brief protects the placement; no structural spam signature fired."
news18.com,https://www.performancelab.com/?a_aid=5d495a2de4c98&a_bid=a2ad38c1,Performance Lab Mind (+2 more),KEEP_AFFILIATE_RETAIN,None - Tracked Affiliate Partner,High,3,1,3,33%,-,0,0%,67%,18,18,50,100%,no,yes,1,0%,2025-11-06,2026-07-29,"100% of destinations carry the programme's a_aid/a_bid parameters, so this is a tracked affiliate. Commercial anchors are expected of an affiliate and the brief protects the placement; no structural spam signature fired."
goodhousekeeping.com,https://uk.performancelab.com/products/nutrigenesis-multi-women,£132 at performancelab.com (+2 more),KEEP_AFFILIATE_RETAIN,None - Topically Relevant Editorial / Affiliate Link,High,3,1,3,33%,-,0,0%,100%,18,18,34,100%,no,yes,1,33%,2026-01-06,2026-08-22,Niche-aligned source with a natural anchor distribution (100% branded/URL anchors).
coherentmarketinsights.com,https://global.performancelab.com/,Performance Lab Ltd. (+1 more),KEEP_AFFILIATE_RETAIN,None - Brand Mention / Citation,Medium,3,3,2,67%,-,0,0%,100%,16,17,7,100%,no,no,1,0%,2025-06-11,2026-08-14,100% branded or bare-URL anchors; reads as an unsolicited citation rather than a placed link.
anytimefitness.com,https://www.performancelab.com/blogs/fat-loss/foods-with-high-thermic-effect?srsltid=AfmBOorM0Ea-OfA2qmM7c8SK41tAV1rBBpVtpmOKo8YoMeeZMn0ahvhX,highest thermic effect of food (TEF),KEEP_AFFILIATE_RETAIN,None - Topically Relevant Editorial / Affiliate Link,High,3,3,1,100%,-,3,0%,0%,0,15,13,0%,no,yes,1,0%,1771747115,2026-08-03,Niche-aligned source with a natural anchor distribution (0% branded/URL anchors).
veganfoodandliving.com,https://www.performancelab.com/products/iron-complex,official website (+2 more),KEEP_AFFILIATE_RETAIN,None - Topically Relevant Editorial / Affiliate Link,High,3,1,3,33%,-,3,0%,33%,14,14,51,0%,yes,yes,1,0%,2025-04-25,2026-08-19,Niche-aligned source with a natural anchor distribution (33% branded/URL anchors).
performancelab.com,https://www.performancelab.com/blogs/fitness/different-types-of-deadlift (+2 more),type of deadlift (+2 more),KEEP_AFFILIATE_RETAIN,None - Brand-Owned Estate (Opti-Nutra network),High,3,3,3,33%,-,3,0%,33%,10,11,13,0%,no,yes,3,33%,2025-09-09,2026-07-09,First-party brand property; cross-brand linking is expected.
sacurrent.com,https://www.performancelab.com/products/prebiotic,https://www.performancelab.com/products/prebiotic (+2 more),KEEP_AFFILIATE_RETAIN,None - Topically Relevant Editorial / Affiliate Link,High,3,1,3,33%,-,3,0%,100%,10,10,87,0%,no,yes,1,0%,2026-05-23,2026-08-18,Niche-aligned source with a natural anchor distribution (100% branded/URL anchors).
prweb.com,https://www.performancelab.com/ (+1 more),http://www.performancelab.com (+2 more),KEEP_AFFILIATE_RETAIN,None - Topically Relevant Editorial / Affiliate Link,High,3,2,3,33%,-,0,0%,67%,9,9,17,100%,no,yes,2,0%,2025-06-23,2026-07-24,Niche-aligned source with a natural anchor distribution (67% branded/URL anchors).
healthdigest.com,https://www.performancelab.com/blogs/multi/zinc-and-b12-together (+2 more),Performance Lab,KEEP_AFFILIATE_RETAIN,None - Topically Relevant Editorial / Affiliate Link,High,3,3,1,100%,-,3,0%,100%,9,9,26,0%,no,yes,3,0%,2025-03-22,2026-08-15,Niche-aligned source with a natural anchor distribution (100% branded/URL anchors).
wpfastestcache.com,https://www.performancelab.com/ (+1 more),Performance Lab (+1 more),KEEP_AFFILIATE_RETAIN,None - Brand Mention / Citation,Medium,3,2,2,67%,-,3,0%,100%,8,8,18,0%,no,no,2,0%,2026-06-29,2026-08-13,100% branded or bare-URL anchors; reads as an unsolicited citation rather than a placed link.
gymbeam.ua,https://www.performancelab.com/blogs/stim/caffeine-cycling (+1 more),https://www.performancelab.com/blogs/stim/caffeine-cycling (+1 more),KEEP_AFFILIATE_RETAIN,None - Topically Relevant Editorial / Affiliate Link,High,3,3,2,67%,-,0,0%,100%,7,7,23,100%,no,yes,2,0%,2025-10-27,2026-08-22,Niche-aligned source with a natural anchor distribution (100% branded/URL anchors).
twomonkeystravelgroup.com,https://www.performancelab.com/supplements/multi-men-women/ (+2 more),www.PerformanceLab.com,KEEP_AFFILIATE_RETAIN,None - Topically Relevant Editorial / Affiliate Link,High,3,1,1,100%,-,3,0%,100%,7,7,24,0%,no,yes,3,0%,2025-06-03,2026-08-09,Niche-aligned source with a natural anchor distribution (100% branded/URL anchors).
wip.co,https://www.performancelab.com/products/caffeine-plus,www.performancelab.com/produc…,KEEP_AFFILIATE_RETAIN,None - Brand Mention / Citation,Medium,3,3,1,100%,-,0,0%,100%,0,6,5,100%,no,no,1,0%,1769152736,2026-07-04,100% branded or bare-URL anchors; reads as an unsolicited citation rather than a placed link.
totalshape.com,https://global.performancelab.com/products/sleep,Performance Lab - Sleep Performance Lab - Sleep (+2 more),KEEP_AFFILIATE_RETAIN,None - Topically Relevant Editorial / Affiliate Link,High,3,1,3,33%,-,0,0%,67%,6,6,46,100%,yes,yes,1,0%,2025-03-20,2026-08-16,Niche-aligned source with a natural anchor distribution (67% branded/URL anchors).
nutritiongeeks.com,https://www.performancelab.com/blogs/multi/how-much-chromium-per-day?srsltid=AfmBOoo-7dI2aeqX6Qw_7QDLqpmkTEmezlPr-FYFwUkJPaE4v-AGiTO1 (+2 more),here (+2 more),KEEP_AFFILIATE_RETAIN,None - Topically Relevant Editorial / Affiliate Link,High,3,3,3,33%,-,3,0%,0%,5,5,10,0%,no,yes,3,0%,2026-02-21,2026-08-20,Niche-aligned source with a natural anchor distribution (0% branded/URL anchors).
forbiddenbroadway.com,https://www.performancelab.com/?a_aid=654645dde703e&a_bid=a2ad38c1,Visit PerformanceLab (+2 more),KEEP_AFFILIATE_RETAIN,None - Tracked Affiliate Partner,High,3,1,3,33%,-,0,0%,67%,5,5,6,100%,no,yes,1,0%,2025-06-16,2026-08-19,"100% of destinations carry the programme's a_aid/a_bid parameters, so this is a tracked affiliate. Commercial anchors are expected of an affiliate and the brief protects the placement; no structural spam signature fired."
healthreporter.com,https://eu.performancelab.com/products/mind (+1 more),Performance Lab Mind (+1 more),KEEP_AFFILIATE_RETAIN,None - Topically Relevant Editorial / Affiliate Link,High,3,3,2,67%,-,3,0%,100%,3,5,43,0%,no,yes,2,0%,1770247450,2026-08-10,Niche-aligned source with a natural anchor distribution (100% branded/URL anchors).
sunshinekelly.com,https://performancelab.com/biogenesis/ (+2 more),Performance Lab (+2 more),KEEP_AFFILIATE_RETAIN,None - Topically Relevant Editorial / Affiliate Link,High,3,1,3,33%,-,3,0%,100%,4,4,11,0%,no,yes,3,0%,2025-06-10,2026-07-17,Niche-aligned source with a natural anchor distribution (100% branded/URL anchors).
eapsa.org,https://www.performancelab.com/collections/core-range?a_aid=602c385c6c03d&a_bid=dba13121,Check Best Price (+2 more),KEEP_AFFILIATE_RETAIN,None - Tracked Affiliate Partner,High,3,1,3,33%,-,0,0%,33%,1,1,15,100%,no,yes,1,0%,1707156519,1787070101,"100% of destinations carry the programme's a_aid/a_bid parameters, so this is a tracked affiliate. Commercial anchors are expected of an affiliate and the brief protects the placement; no structural spam signature fired."
gonootropics.com,https://performancelab.com/,>>>Check it out here.<<< (+1 more),KEEP_AFFILIATE_RETAIN,None - Topically Relevant Editorial / Affiliate Link,High,3,3,2,67%,-,3,0%,33%,0,0,3,0%,no,yes,1,67%,1714630226,1771260955,Niche-aligned source with a natural anchor distribution (33% branded/URL anchors).
frauddiscovery.net,https://www.performancelab.com/products/vision (+2 more),(empty/image),KEEP_AFFILIATE_RETAIN,None - Redirect / Tracking Host (Behavioural Match),High,3,2,1,100%,-,3,0%,0%,0,0,0,0%,no,yes,3,0%,1731552311,1780760381,"No outbound links of its own, 100% empty anchors, and 33% of destinations carry the programme's affiliate parameters. This is link tracking, whatever the domain is called."
supplementsjar.com,https://www.performancelab.com/products/mind-lab-pro (+2 more),(empty/image),KEEP_AFFILIATE_RETAIN,None - Redirect / Tracking Host (Behavioural Match),High,3,1,1,100%,-,3,0%,0%,0,0,0,0%,no,yes,3,0%,1732507037,1786434345,"No outbound links of its own, 100% empty anchors, and 67% of destinations carry the programme's affiliate parameters. This is link tracking, whatever the domain is called."
consumerhealthdigest.com,https://www.performancelab.com/products/caffeine-2 (+2 more),(empty/image),KEEP_AFFILIATE_RETAIN,None - Redirect / Tracking Host (Behavioural Match),High,3,2,1,100%,-,3,0%,0%,0,0,0,0%,no,yes,3,0%,1732524950,1786631088,"No outbound links of its own, 100% empty anchors, and 33% of destinations carry the programme's affiliate parameters. This is link tracking, whatever the domain is called."
supplementman.com,https://www.performancelab.com/products/mind-lab-pro (+1 more),(empty/image),KEEP_AFFILIATE_RETAIN,None - Topically Relevant Editorial / Affiliate Link,High,3,3,1,100%,-,3,0%,0%,0,3,0,0%,no,yes,2,0%,1736414831,1778033101,Niche-aligned source with a natural anchor distribution (0% branded/URL anchors).
cpoe.org,https://www.performancelab.com/products/nutrigenesis-multi-men?a_aid=5ce32f9c1c441&a_bid=a2ad38c1 (+2 more),Click here for the lowest price (+1 more),KEEP_AFFILIATE_RETAIN,None - Tracked Affiliate Partner,High,3,3,2,67%,-,3,0%,0%,2,2,20,0%,no,yes,3,0%,1738649720,1786901966,"100% of destinations carry the programme's a_aid/a_bid parameters, so this is a tracked affiliate. Commercial anchors are expected of an affiliate and the brief protects the placement; no structural spam signature fired."
soma-analytics.com,https://www.performancelab.com/products/sleep (+2 more),(empty/image),KEEP_AFFILIATE_RETAIN,None - Redirect / Tracking Host (Behavioural Match),High,3,3,1,100%,-,3,0%,0%,0,0,0,0%,no,yes,3,0%,1738812354,1787548256,"No outbound links of its own, 100% empty anchors, and 0% of destinations carry the programme's affiliate parameters. This is link tracking, whatever the domain is called."
info-welt.com,https://www.performancelab.com/blogs/nutrition/how-many-calories-do-you-burn-in-a-day-without-exercise?srsltid=AfmBOooDHmfGH_DhZoLE0oyM8ntu7HWbGTeyJJUuGwsrbvuOG1vQam4a (+1 more),9 (+2 more),KEEP_AFFILIATE_RETAIN,None - Topically Relevant Editorial / Affiliate Link,High,3,1,3,33%,-,0,0%,33%,0,0,22,100%,no,yes,2,0%,1738937051,1782871580,Niche-aligned source with a natural anchor distribution (33% branded/URL anchors).
supplementlifestyle.com,https://www.performancelab.com/products/mind-lab-pro (+1 more),(empty/image),KEEP_AFFILIATE_RETAIN,None - Redirect / Tracking Host (Behavioural Match),High,3,2,1,100%,-,3,0%,0%,0,0,0,0%,no,yes,2,0%,1739246278,1780620839,"No outbound links of its own, 100% empty anchors, and 33% of destinations carry the programme's affiliate parameters. This is link tracking, whatever the domain is called."
healthnewsline.net,https://www.performancelab.com/products/mind-lab-pro (+2 more),(empty/image),KEEP_AFFILIATE_RETAIN,None - Topically Relevant Editorial / Affiliate Link,High,3,3,1,100%,-,3,0%,0%,0,0,0,0%,no,yes,3,0%,1743022985,1787393992,Niche-aligned source with a natural anchor distribution (0% branded/URL anchors).
arvosteluja24.fi,https://eu.performancelab.com/,Avaa Performancelab.com (+2 more),KEEP_AFFILIATE_RETAIN,None - Topically Relevant Editorial / Affiliate Link,High,3,1,3,33%,-,3,0%,67%,0,0,3,0%,no,yes,1,0%,1743236523,1787040351,Niche-aligned source with a natural anchor distribution (67% branded/URL anchors).
communityhealthcarenetwork.org,https://www.performancelab.com/products/mind-lab-pro (+1 more),(empty/image),KEEP_AFFILIATE_RETAIN,None - Redirect / Tracking Host (Behavioural Match),High,3,2,1,100%,-,3,0%,0%,0,0,0,0%,no,yes,2,0%,1743470494,1777887285,"No outbound links of its own, 100% empty anchors, and 33% of destinations carry the programme's affiliate parameters. This is link tracking, whatever the domain is called."
cryptogazette.com,https://www.performancelab.com/collections/core-range/products/mind (+2 more),Performance Lab Mind (+2 more),KEEP_AFFILIATE_RETAIN,None - Topically Relevant Editorial / Affiliate Link,High,3,1,3,33%,-,3,0%,100%,0,0,22,0%,no,yes,3,0%,1744192789,1779050274,Niche-aligned source with a natural anchor distribution (100% branded/URL anchors).
recent-science.com,https://www.performancelab.com/products/mind-lab-pro (+1 more),(empty/image),KEEP_AFFILIATE_RETAIN,None - Topically Relevant Editorial / Affiliate Link,High,3,3,1,100%,-,3,0%,0%,0,0,0,0%,no,yes,2,0%,1744285301,1778074483,Niche-aligned source with a natural anchor distribution (0% branded/URL anchors).
lifestylebycata.com,https://www.performancelab.com/products/b-complex?a_aid=cata888&a_cid=f4c3e754,Performance Lab Vitamin B Complex (+2 more),KEEP_AFFILIATE_RETAIN,None - Tracked Affiliate Partner,High,3,1,3,33%,-,3,0%,33%,0,0,11,0%,no,yes,1,100%,1747228596,1770255683,"100% of destinations carry the programme's a_aid/a_bid parameters, so this is a tracked affiliate. Commercial anchors are expected of an affiliate and the brief protects the placement; no structural spam signature fired."
improvingchess.com,https://www.performancelab.com/collections/core-range/products/mct (+1 more),Omega-3 (+2 more),KEEP_AFFILIATE_RETAIN,None - Topically Relevant Editorial / Affiliate Link,High,3,1,3,33%,-,3,0%,67%,0,0,17,0%,no,yes,2,0%,1748525360,1778409203,Niche-aligned source with a natural anchor distribution (67% branded/URL anchors).
scienceonestop.com,https://www.performancelab.com/products/vision (+1 more),(empty/image),KEEP_AFFILIATE_RETAIN,None - Topically Relevant Editorial / Affiliate Link,High,3,3,1,100%,-,3,0%,0%,0,0,0,0%,no,yes,2,0%,1750504384,1780760684,Niche-aligned source with a natural anchor distribution (0% branded/URL anchors).
researchedsupplements.com,https://www.performancelab.com/supplements/fat-burner,Click here to view special pricing for Performance Lab SPORT Fat Burner (+2 more),KEEP_AFFILIATE_RETAIN,None - Dedicated Partner / Sponsor Landing Page,High,3,1,3,33%,-,1,0%,67%,0,0,12,67%,no,yes,1,0%,1751875223,1786684754,"All 3 links resolve to the bespoke landing path '/supplements' with brand-led anchors — co-marketing architecture, not manipulation."
thrivelongnaturally.com,https://www.performancelab.com/blogs/omega-3/vegetarian-sources-of-omega-3?srsltid=AfmBOopwm44keiicCIEjBx_x-KySVOOeZ584O-mYbYs1sk-b0szEJuLE (+2 more),algae oil supplements (+2 more),KEEP_AFFILIATE_RETAIN,None - Topically Relevant Editorial / Affiliate Link,High,3,2,3,33%,-,3,0%,0%,0,0,7,0%,no,yes,3,100%,1755995495,1782942848,Niche-aligned source with a natural anchor distribution (0% branded/URL anchors).
proteininkiev.com,https://www.performancelab.com/blogs/joint-support/boswellia-and-turmeric,https://www.performancelab.com/blogs/joint-support/boswellia-and-turmeric,KEEP_AFFILIATE_RETAIN,None - Topically Relevant Editorial / Affiliate Link,High,3,3,1,100%,-,3,0%,100%,0,0,56,0%,no,yes,1,0%,1757073749,1787299844,Niche-aligned source with a natural anchor distribution (100% branded/URL anchors).
fitnessproductsinternational.blogspot.com,https://www.performancelab.com/products/mind-lab-pro,Buy Now Performance Lab (+2 more),KEEP_AFFILIATE_RETAIN,None - Topically Relevant Editorial / Affiliate Link,High,3,1,3,33%,-,0,0%,67%,0,0,60,100%,no,yes,1,0%,1759429419,1772877014,Niche-aligned source with a natural anchor distribution (67% branded/URL anchors).
getbrainboost.xyz,https://www.performancelab.com/collections/core-range/products/mct (+1 more),Omega-3 (+2 more),KEEP_AFFILIATE_RETAIN,None - Topically Relevant Editorial / Affiliate Link,High,3,1,3,33%,-,3,0%,67%,0,0,19,0%,no,yes,2,0%,1759540038,1780525029,Niche-aligned source with a natural anchor distribution (67% branded/URL anchors).
gymratstyle.com,https://www.performancelab.com/blogs/nutrition/does-creatine-break-a-fast (+2 more),Link (+2 more),KEEP_AFFILIATE_RETAIN,None - Topically Relevant Editorial / Affiliate Link,High,3,3,3,33%,-,3,0%,33%,0,0,8,0%,no,yes,3,0%,1760996850,1787412227,Niche-aligned source with a natural anchor distribution (33% branded/URL anchors).
omdomen24.se,https://eu.performancelab.com/,Gå till Performancelab.com (+2 more),KEEP_AFFILIATE_RETAIN,None - Topically Relevant Editorial / Affiliate Link,High,3,1,3,33%,-,3,0%,67%,0,0,3,0%,no,yes,1,0%,1761288021,1787554286,Niche-aligned source with a natural anchor distribution (67% branded/URL anchors).
enricoserveri.com,https://www.performancelab.com/products/recover?a_aid=5d495a2de4c98&a_bid=a2ad38c1,Click Here to Visit Performance Lab’s Official Website (+2 more),KEEP_AFFILIATE_RETAIN,None - Tracked Affiliate Partner,High,3,1,3,33%,-,0,0%,100%,0,0,20,100%,no,yes,1,0%,1761322728,1787405653,"100% of destinations carry the programme's a_aid/a_bid parameters, so this is a tracked affiliate. Commercial anchors are expected of an affiliate and the brief protects the placement; no structural spam signature fired."
osoclinic.com,https://www.performancelab.com/blogs/nutrition/how-long-does-it-take-for-vitamin-b12-to-work (+2 more),How Long Does It Take for B12 to Work? | Performance Lab® (+2 more),KEEP_AFFILIATE_RETAIN,None - Topically Relevant Editorial / Affiliate Link,High,3,2,3,33%,-,3,0%,67%,0,0,14,0%,no,yes,3,0%,1762728841,1780822083,Niche-aligned source with a natural anchor distribution (67% branded/URL anchors).
selfcaredontcare.com,https://www.performancelab.com/ (+1 more),Performance Lab (+1 more),KEEP_AFFILIATE_RETAIN,None - Topically Relevant Editorial / Affiliate Link,High,3,2,2,67%,-,3,0%,100%,0,0,5,0%,no,yes,2,0%,1764359891,1787181003,Niche-aligned source with a natural anchor distribution (100% branded/URL anchors).
news7health.com,https://www.performancelab.com/blogs/pre-workout/creatine-and-pre-workout?srsltid=AfmBOorO9pT3HgESWPYov9KBLU_rI2DFvMamaTuR28A-KNOsLYVAOqY9 (+2 more),Creatine and Pre-Workout: Can You Take Them Together? (+2 more),KEEP_AFFILIATE_RETAIN,None - Topically Relevant Editorial / Affiliate Link,High,3,3,3,33%,-,0,0%,0%,0,0,8,100%,no,yes,3,0%,1767998553,1785581739,Niche-aligned source with a natural anchor distribution (0% branded/URL anchors).
notjustformen.com,https://www.performancelab.com/products/carb,Performance Lab Carb,KEEP_AFFILIATE_RETAIN,None - Topically Relevant Editorial / Affiliate Link,High,3,3,1,100%,-,0,0%,100%,0,0,141,100%,no,yes,1,0%,1768031338,1775210189,Niche-aligned source with a natural anchor distribution (100% branded/URL anchors).
allebewertungen.de,https://eu.performancelab.com/,Performance Lab (+2 more),KEEP_AFFILIATE_RETAIN,None - Topically Relevant Editorial / Affiliate Link,High,3,1,3,33%,-,3,0%,67%,0,0,14,0%,no,yes,1,0%,1768242904,1787489657,Niche-aligned source with a natural anchor distribution (67% branded/URL anchors).
lasopiniones.es,https://eu.performancelab.com/,Performance Lab (+2 more),KEEP_AFFILIATE_RETAIN,None - Topically Relevant Editorial / Affiliate Link,High,3,1,3,33%,-,3,0%,67%,0,0,14,0%,no,yes,1,0%,1770495236,1786917437,Niche-aligned source with a natural anchor distribution (67% branded/URL anchors).
dailyvoice.com,https://www.performancelab.com/blogs/wellness,>>Check the best deals for TestoLab Pro (+2 more),KEEP_AFFILIATE_RETAIN,None - Topically Relevant Editorial / Affiliate Link,High,3,1,3,33%,-,0,0%,0%,0,0,39,100%,no,yes,1,0%,1770626307,1776921827,Niche-aligned source with a natural anchor distribution (0% branded/URL anchors).
reviewuk.co.uk,https://eu.performancelab.com/,Go to Performancelab.com (+2 more),KEEP_AFFILIATE_RETAIN,None - Topically Relevant Editorial / Affiliate Link,High,3,1,3,33%,-,3,0%,67%,3,3,14,0%,no,yes,1,0%,1770732280,1786519892,Niche-aligned source with a natural anchor distribution (67% branded/URL anchors).
healthyfitnesstoday.com,https://www.performancelab.com/?a_aid=6998d79bf2bfa&a_bid=a2ad38c1,Reveal the Method Rare knowledge. Few discover this (+2 more),KEEP_AFFILIATE_RETAIN,None - Tracked Affiliate Partner,High,3,1,3,33%,-,3,0%,0%,0,0,3,0%,no,yes,1,0%,1772082170,1772755308,"100% of destinations carry the programme's a_aid/a_bid parameters, so this is a tracked affiliate. Commercial anchors are expected of an affiliate and the brief protects the placement; no structural spam signature fired."
aevascience.pics,https://uk.performancelab.com/products/d3k2 (+1 more),Taster box – 4 bars (£8.99) (+2 more),KEEP_AFFILIATE_RETAIN,None - Topically Relevant Editorial / Affiliate Link,High,3,2,3,33%,-,3,0%,33%,0,0,76,0%,no,yes,2,100%,,,Niche-aligned source with a natural anchor distribution (33% branded/URL anchors).
axisholistic.rest,https://uk.performancelab.com/products/d3k2 (+1 more),Taster box – 4 bars (£8.99) (+2 more),KEEP_AFFILIATE_RETAIN,None - Topically Relevant Editorial / Affiliate Link,High,3,2,3,33%,-,3,0%,33%,0,0,71,0%,no,yes,2,0%,,,Niche-aligned source with a natural anchor distribution (33% branded/URL anchors).
bodybalancequest.com,https://www.performancelab.com/blogs/nutrition/when-to-take-creatine-and-protein-the-correct-whey?srsltid=AfmBOooefHti3MT32spXSMgtH2xSVMkk0B2VIJEK5FShKLDTKsgOEUT5 (+2 more),Performance Lab,KEEP_AFFILIATE_RETAIN,None - Topically Relevant Editorial / Affiliate Link,High,3,3,1,100%,-,3,0%,100%,0,0,7,0%,no,yes,3,0%,,,Niche-aligned source with a natural anchor distribution (100% branded/URL anchors).
dailyrestora.study,https://uk.performancelab.com/products/d3k2 (+1 more),Taster box – 4 bars (£8.99) (+2 more),KEEP_AFFILIATE_RETAIN,None - Topically Relevant Editorial / Affiliate Link,High,3,2,3,33%,-,3,0%,33%,0,0,71,0%,no,yes,2,0%,,,Niche-aligned source with a natural anchor distribution (33% branded/URL anchors).
elegantfreelancers.com,https://uk.performancelab.com/products/d3k2 (+1 more),Taster box – 4 bars (£8.99) (+2 more),KEEP_AFFILIATE_RETAIN,None - Topically Relevant Editorial / Affiliate Link,High,3,2,3,33%,-,3,0%,33%,0,0,71,0%,no,yes,2,0%,,,Niche-aligned source with a natural anchor distribution (33% branded/URL anchors).
elevationtrekker.com,https://www.performancelab.com/supplements/sleep/ (+2 more),www.PerformanceLab.com,KEEP_AFFILIATE_RETAIN,None - Topically Relevant Editorial / Affiliate Link,High,3,1,1,100%,-,3,0%,100%,0,0,22,0%,no,yes,3,100%,,,Niche-aligned source with a natural anchor distribution (100% branded/URL anchors).
kurahorizon.sbs,https://uk.performancelab.com/products/d3k2 (+1 more),Taster box – 4 bars (£8.99) (+2 more),KEEP_AFFILIATE_RETAIN,None - Topically Relevant Editorial / Affiliate Link,High,3,2,3,33%,-,3,0%,33%,0,0,76,0%,no,yes,2,100%,,,Niche-aligned source with a natural anchor distribution (33% branded/URL anchors).
kurapulse.space,https://uk.performancelab.com/products/d3k2 (+1 more),Taster box – 4 bars (£8.99) (+2 more),KEEP_AFFILIATE_RETAIN,None - Topically Relevant Editorial / Affiliate Link,High,3,2,3,33%,-,3,0%,33%,0,0,71,0%,no,yes,2,0%,,,Niche-aligned source with a natural anchor distribution (33% branded/URL anchors).
lenz.io,https://www.performancelab.com/blogs/sleep/lemon-balm-side-effects (+2 more),Performance Lab,KEEP_AFFILIATE_RETAIN,None - Brand Mention / Citation,Medium,3,2,1,100%,-,0,0%,100%,0,0,24,100%,no,no,3,0%,,,100% branded or bare-URL anchors; reads as an unsolicited citation rather than a placed link.
moduspax.website,https://uk.performancelab.com/products/d3k2 (+1 more),Taster box – 4 bars (£8.99) (+2 more),KEEP_AFFILIATE_RETAIN,None - Topically Relevant Editorial / Affiliate Link,High,3,2,3,33%,-,3,0%,33%,0,0,71,0%,no,yes,2,0%,,,Niche-aligned source with a natural anchor distribution (33% branded/URL anchors).
prismcrafts.xyz,https://uk.performancelab.com/products/d3k2 (+1 more),Taster box – 4 bars (£8.99) (+2 more),KEEP_AFFILIATE_RETAIN,None - Topically Relevant Editorial / Affiliate Link,High,3,2,3,33%,-,3,0%,33%,0,0,71,0%,no,yes,2,0%,,,Niche-aligned source with a natural anchor distribution (33% branded/URL anchors).
steadythroughchange.com,https://www.performancelab.com/products/flex?a_aid=5f1e14c2db517&a_bid=a2ad38c1 (+2 more),(empty/image),KEEP_AFFILIATE_RETAIN,None - Redirect / Tracking Host (Behavioural Match),High,3,3,1,100%,-,3,0%,0%,0,0,0,0%,no,yes,3,0%,,,"No outbound links of its own, 100% empty anchors, and 67% of destinations carry the programme's affiliate parameters. This is link tracking, whatever the domain is called."
summercenter.store,https://uk.performancelab.com/products/nutrigenesis-multi-women,£44 at performancelab.com (+2 more),KEEP_AFFILIATE_RETAIN,None - Topically Relevant Editorial / Affiliate Link,High,3,1,3,33%,-,0,0%,100%,0,0,34,100%,no,yes,1,0%,,,Niche-aligned source with a natural anchor distribution (100% branded/URL anchors).
summersworl.online,https://uk.performancelab.com/products/nutrigenesis-multi-women,"UK Approved(Esquire,Red,HB,GH,Country Living,Prima) Nutrigenesis Multi for Women (4 month supply) (+2 more)",KEEP_AFFILIATE_RETAIN,None - Topically Relevant Editorial / Affiliate Link,High,3,1,3,33%,-,0,0%,100%,0,0,34,100%,no,yes,1,0%,,,Niche-aligned source with a natural anchor distribution (100% branded/URL anchors).
vedaflow.online,https://uk.performancelab.com/products/d3k2 (+1 more),Taster box – 4 bars (£8.99) (+2 more),KEEP_AFFILIATE_RETAIN,None - Topically Relevant Editorial / Affiliate Link,High,3,2,3,33%,-,3,0%,33%,0,0,71,0%,no,yes,2,0%,,,Niche-aligned source with a natural anchor distribution (33% branded/URL anchors).
vividlypulse.lifestyle,https://uk.performancelab.com/products/d3k2 (+1 more),Taster box – 4 bars (£8.99) (+2 more),KEEP_AFFILIATE_RETAIN,None - Topically Relevant Editorial / Affiliate Link,High,3,2,3,33%,-,3,0%,33%,0,0,71,0%,no,yes,2,0%,,,Niche-aligned source with a natural anchor distribution (33% branded/URL anchors).
vividlypulse.living,https://uk.performancelab.com/products/d3k2 (+1 more),Taster box – 4 bars (£8.99) (+2 more),KEEP_AFFILIATE_RETAIN,None - Topically Relevant Editorial / Affiliate Link,High,3,2,3,33%,-,3,0%,33%,0,0,71,0%,no,yes,2,0%,,,Niche-aligned source with a natural anchor distribution (33% branded/URL anchors).
vividlypulse.xyz,https://uk.performancelab.com/products/d3k2 (+1 more),Taster box – 4 bars (£8.99) (+2 more),KEEP_AFFILIATE_RETAIN,None - Topically Relevant Editorial / Affiliate Link,High,3,2,3,33%,-,3,0%,33%,0,0,71,0%,no,yes,2,0%,,,Niche-aligned source with a natural anchor distribution (33% branded/URL anchors).
yellos.online,https://uk.performancelab.com/products/nutrigenesis-multi-women,£132 at performancelab.com (+2 more),KEEP_AFFILIATE_RETAIN,None - Topically Relevant Editorial / Affiliate Link,High,3,1,3,33%,-,0,0%,100%,0,0,34,100%,no,yes,1,0%,,,Niche-aligned source with a natural anchor distribution (100% branded/URL anchors).
zenoppa.site,https://uk.performancelab.com/products/d3k2 (+1 more),Taster box – 4 bars (£8.99) (+2 more),KEEP_AFFILIATE_RETAIN,None - Topically Relevant Editorial / Affiliate Link,High,3,2,3,33%,-,3,0%,33%,0,0,71,0%,no,yes,2,0%,,,Niche-aligned source with a natural anchor distribution (33% branded/URL anchors).
linktr.ee,https://www.performancelab.com/?a_aid=9stspoxu6dy16&a_bid=a2ad38c1 (+1 more),What I Use and Recommend (+1 more),KEEP_AFFILIATE_RETAIN,None - Tracked Affiliate Partner,High,2,2,2,50%,-,2,0%,50%,34.5,50,12,0%,no,yes,2,0%,2026-05-30,2026-08-22,"100% of destinations carry the programme's a_aid/a_bid parameters, so this is a tracked affiliate. Commercial anchors are expected of an affiliate and the brief protects the placement; no structural spam signature fired."
valleyrecord.com,https://www.performancelab.com/products/vision,Performance Lab Visions (+1 more),KEEP_AFFILIATE_RETAIN,None - Topically Relevant Editorial / Affiliate Link,High,2,2,2,50%,-,0,0%,100%,28.5,48,33,100%,no,yes,1,100%,2025-02-17,2026-07-12,Niche-aligned source with a natural anchor distribution (100% branded/URL anchors).
ferra.ru,https://www.performancelab.com/blogs/sleep/magnesium-and-melatonin-interaction (+1 more),© PerformanceLab (+1 more),KEEP_AFFILIATE_RETAIN,None - Topically Relevant Editorial / Affiliate Link,High,2,2,2,50%,-,0,0%,100%,13.5,27,6,100%,no,yes,2,100%,1763090163,2026-04-26,Niche-aligned source with a natural anchor distribution (100% branded/URL anchors).
mayoclinic.org,https://www.performancelab.com/blogs/energy/r-lipoic-acid-vs-alpha-lipoic-acid,https://www.performancelab.com/blogs/energy/r-lipoic-acid-vs-alpha-lipoic-acid,KEEP_AFFILIATE_RETAIN,None - Topically Relevant Editorial / Affiliate Link,High,2,2,1,100%,-,0,0%,100%,22.5,23,6,100%,no,yes,1,0%,2025-10-09,2026-08-18,Niche-aligned source with a natural anchor distribution (100% branded/URL anchors).
thesun.co.uk,https://www.performancelab.com/collections/nutropic (+1 more),nutropic.com,KEEP_AFFILIATE_RETAIN,None - Topically Relevant Editorial / Affiliate Link,High,2,1,1,100%,-,2,0%,0%,19,19,18,0%,no,yes,2,50%,2024-03-08,2026-04-28,Niche-aligned source with a natural anchor distribution (0% branded/URL anchors).
nutriinspector.com,https://performancelab.com/products/mind,Performance Lab Mind Best Brain Supplement Performance Lab Mind Best Brain Supplement (+1 more),KEEP_AFFILIATE_RETAIN,None - Topically Relevant Editorial / Affiliate Link,High,2,1,2,50%,-,0,0%,50%,18,18,29,100%,no,yes,1,0%,2026-02-11,2026-08-01,Niche-aligned source with a natural anchor distribution (50% branded/URL anchors).
us.com,https://www.performancelab.com/blogs/nutrition/l-theanine-for-weight-loss (+1 more),L-Theanine (+1 more),KEEP_AFFILIATE_RETAIN,None - Tracked Affiliate Partner,High,2,2,2,50%,-,1,0%,50%,9,18,13,50%,no,yes,2,0%,1766350579,2026-06-18,"50% of destinations carry the programme's a_aid/a_bid parameters, so this is a tracked affiliate. Commercial anchors are expected of an affiliate and the brief protects the placement; no structural spam signature fired."
the-sun.com,https://www.performancelab.com/collections/nutropic (+1 more),nutropic.com,KEEP_AFFILIATE_RETAIN,None - Topically Relevant Editorial / Affiliate Link,High,2,1,1,100%,-,2,0%,0%,17,18,18,0%,no,yes,2,50%,2024-03-27,2026-07-11,Niche-aligned source with a natural anchor distribution (0% branded/URL anchors).
aquafit-en.com,https://www.performancelab.com/blogs/nutrition/l-theanine-for-weight-loss,L-Theanine,KEEP_AFFILIATE_RETAIN,None - Topically Relevant Editorial / Affiliate Link,High,2,2,1,100%,-,2,0%,0%,7.5,15,9,0%,no,yes,1,0%,1773783124,2026-08-22,Niche-aligned source with a natural anchor distribution (0% branded/URL anchors).
entrepreneur.com,https://www.performancelab.com/products/flex,official site (+1 more),KEEP_AFFILIATE_RETAIN,None - Topically Relevant Editorial / Affiliate Link,High,2,1,2,50%,-,0,0%,50%,15,15,22,100%,no,yes,1,0%,2025-07-30,2026-03-04,Niche-aligned source with a natural anchor distribution (50% branded/URL anchors).
grokipedia.com,https://www.performancelab.com/blogs/mct/mct-oil-pre-or-post-workout (+1 more),https://www.performancelab.com/blogs/mct/mct-oil-pre-or-post-workout (+1 more),KEEP_AFFILIATE_RETAIN,None - Topically Relevant Editorial / Affiliate Link,High,2,2,2,50%,-,2,0%,100%,15,15,122,0%,no,yes,2,0%,2026-04-24,2026-05-17,Niche-aligned source with a natural anchor distribution (100% branded/URL anchors).
neuroedgeformula.com,https://www.performancelab.com/products/sleep?a_aid=68d7e00d56286,Performance Lab Sleep — Magtein® + Montmorency Cherry + Tryptophan (+1 more),KEEP_AFFILIATE_RETAIN,None - Tracked Affiliate Partner,High,2,1,2,50%,-,0,0%,100%,14,14,18,100%,no,yes,1,0%,2026-07-10,2026-08-01,"100% of destinations carry the programme's a_aid/a_bid parameters, so this is a tracked affiliate. Commercial anchors are expected of an affiliate and the brief protects the placement; no structural spam signature fired."
simplycodes.com,https://www.performancelab.com/,Shop at Performance Lab (+1 more),KEEP_AFFILIATE_RETAIN,None - Topically Relevant Editorial / Affiliate Link,High,2,1,2,50%,-,2,0%,100%,14,14,13,0%,no,yes,1,0%,2026-04-16,2026-08-21,Niche-aligned source with a natural anchor distribution (100% branded/URL anchors).
apteka911.ua,https://www.performancelab.com/blogs/sleep/l-tryptophan-vs-5-htp-which-is-better,performancelab.com,KEEP_AFFILIATE_RETAIN,None - Brand Mention / Citation,Medium,2,2,1,100%,-,2,0%,100%,14,14,9,0%,no,no,1,0%,2025-11-13,2026-08-08,100% branded or bare-URL anchors; reads as an unsolicited citation rather than a placed link.
olivemagazine.com,https://uk.performancelab.com/products/d3k2,Performance Lab (£19) (+1 more),KEEP_AFFILIATE_RETAIN,None - Topically Relevant Editorial / Affiliate Link,High,2,1,2,50%,-,2,0%,50%,14,14,72,0%,yes,yes,1,0%,2026-01-17,2026-08-18,Niche-aligned source with a natural anchor distribution (50% branded/URL anchors).
modafinil.org,https://www.performancelab.com/products/stim (+1 more),[11] (+1 more),KEEP_AFFILIATE_RETAIN,None - Topically Relevant Editorial / Affiliate Link,High,2,1,2,50%,-,2,0%,0%,13,13,18,0%,no,yes,2,0%,2026-02-10,2026-08-12,Niche-aligned source with a natural anchor distribution (0% branded/URL anchors).
almashhad.com,https://www.performancelab.com/blogs/multi/do-iron-pills-make-you-gain-weight?srsltid=AfmBOorUuiWgRnj1NJCDs3YJZYTjt86LqkYLedIkpK2B5zkdtQ8uyx8b,performancelab,KEEP_AFFILIATE_RETAIN,None - Topically Relevant Editorial / Affiliate Link,High,2,2,1,100%,-,2,0%,100%,11.5,13,20,0%,no,yes,1,0%,2025-11-09,2026-08-19,Niche-aligned source with a natural anchor distribution (100% branded/URL anchors).
okmagazine.com,https://www.performancelab.com/products/mind-lab-pro,>>Check the best prices for Performance Lab Mind here (+1 more),KEEP_AFFILIATE_RETAIN,None - Topically Relevant Editorial / Affiliate Link,High,2,1,2,50%,-,2,0%,100%,13,13,32,0%,no,yes,1,100%,2025-05-10,2026-07-17,Niche-aligned source with a natural anchor distribution (100% branded/URL anchors).
knoji.com,https://global.performancelab.com/pages/faq (+1 more),Performance Lab customer service page (+1 more),KEEP_AFFILIATE_RETAIN,None - Topically Relevant Editorial / Affiliate Link,High,2,1,2,50%,-,0,0%,100%,13,13,12,100%,no,yes,2,100%,2025-01-26,2026-06-05,Niche-aligned source with a natural anchor distribution (100% branded/URL anchors).
countryandtownhouse.com,https://uk.performancelab.com/products/sleep,performancelab.com (+1 more),KEEP_AFFILIATE_RETAIN,None - Topically Relevant Editorial / Affiliate Link,High,2,1,2,50%,-,2,0%,100%,12,12,79,0%,no,yes,1,0%,2025-02-01,2026-08-19,Niche-aligned source with a natural anchor distribution (100% branded/URL anchors).
mercurynews.com,https://www.performancelab.com/products/mind-lab-pro,Performance Lab Mind,KEEP_AFFILIATE_RETAIN,None - Topically Relevant Editorial / Affiliate Link,High,2,2,1,100%,-,2,0%,100%,12,12,29,0%,no,yes,1,0%,2026-01-11,2026-08-22,Niche-aligned source with a natural anchor distribution (100% branded/URL anchors).
closeronline.co.uk,https://uk.performancelab.com/products/mind (+1 more),View offer,KEEP_AFFILIATE_RETAIN,None - Topically Relevant Editorial / Affiliate Link,High,2,2,1,100%,-,2,0%,0%,12,12,29,0%,yes,yes,2,0%,2026-01-02,2026-08-20,Niche-aligned source with a natural anchor distribution (0% branded/URL anchors).
gymbeam.hu,https://www.performancelab.com/blogs/stim/caffeine-cycling (+1 more),https://www.performancelab.com/blogs/stim/caffeine-cycling (+1 more),KEEP_AFFILIATE_RETAIN,None - Topically Relevant Editorial / Affiliate Link,High,2,2,2,50%,-,1,0%,100%,10.5,12,42,50%,no,yes,2,0%,2025-11-04,2026-08-13,Niche-aligned source with a natural anchor distribution (100% branded/URL anchors).
leadiq.com,https://performancelab.com/,performancelab.com,KEEP_AFFILIATE_RETAIN,None - Topically Relevant Editorial / Affiliate Link,High,2,2,1,100%,-,0,0%,100%,11.5,12,10,100%,no,yes,1,0%,2025-10-26,2026-07-20,Niche-aligned source with a natural anchor distribution (100% branded/URL anchors).
thursd.com,https://www.performancelab.com/,performancelab,KEEP_AFFILIATE_RETAIN,None - Topically Relevant Editorial / Affiliate Link,High,2,2,1,100%,-,2,0%,100%,11,11,12,0%,no,yes,1,0%,2026-03-21,2026-08-21,Niche-aligned source with a natural anchor distribution (100% branded/URL anchors).
gymbeam.cz,https://www.performancelab.com/blogs/pre/are-creatine-and-caffeine-dangerous-together (+1 more),https://www.performancelab.com/blogs/pre/are-creatine-and-caffeine-dangerous-together (+1 more),KEEP_AFFILIATE_RETAIN,None - Topically Relevant Editorial / Affiliate Link,High,2,2,2,50%,-,0,0%,100%,11,11,23,100%,no,yes,2,0%,2025-11-11,2026-08-21,Niche-aligned source with a natural anchor distribution (100% branded/URL anchors).
betterme.world,https://www.performancelab.com/blogs/multi/how-many-calories-break-a-fast,How Many Calories Break a Fast? – An In-Depth Guide (+1 more),KEEP_AFFILIATE_RETAIN,None - Topically Relevant Editorial / Affiliate Link,High,2,1,2,50%,-,0,0%,0%,11,11,47,100%,no,yes,1,0%,2025-10-29,2026-08-10,Niche-aligned source with a natural anchor distribution (0% branded/URL anchors).
uxpin.com,https://www.performancelab.com/ (+1 more),Performance Lab (+1 more),KEEP_AFFILIATE_RETAIN,None - Brand Mention / Citation,Medium,2,1,2,50%,-,2,0%,100%,11,11,19,0%,no,no,2,0%,2026-05-08,2026-08-11,100% branded or bare-URL anchors; reads as an unsolicited citation rather than a placed link.
orlandoweekly.com,https://www.performancelab.com/products/pre-lab-pro,Performance Lab Pre Lab Pro (+1 more),KEEP_AFFILIATE_RETAIN,None - Topically Relevant Editorial / Affiliate Link,High,2,1,2,50%,-,2,0%,100%,11,11,61,0%,no,yes,1,0%,2025-10-29,2026-08-22,Niche-aligned source with a natural anchor distribution (100% branded/URL anchors).
gymbeam.sk,https://www.performancelab.com/blogs/pre/are-creatine-and-caffeine-dangerous-together (+1 more),https://www.performancelab.com/blogs/pre/are-creatine-and-caffeine-dangerous-together (+1 more),KEEP_AFFILIATE_RETAIN,None - Topically Relevant Editorial / Affiliate Link,High,2,2,2,50%,-,0,0%,100%,10.5,11,22,100%,no,yes,2,0%,2025-10-23,2026-08-13,Niche-aligned source with a natural anchor distribution (100% branded/URL anchors).
glam.com,https://www.performancelab.com/blogs/nutrition/feeling-tired-after-workout (+1 more),Performance Lab (+1 more),KEEP_AFFILIATE_RETAIN,None - Topically Relevant Editorial / Affiliate Link,High,2,2,2,50%,-,2,0%,100%,10.5,11,20,0%,no,yes,2,0%,2025-02-02,2026-08-21,Niche-aligned source with a natural anchor distribution (100% branded/URL anchors).
advertisingweek.com,https://www.performancelab.com/,Performance Lab,KEEP_AFFILIATE_RETAIN,None - Brand Mention / Citation,Medium,2,2,1,100%,-,2,0%,100%,10,10,24,0%,no,no,1,0%,2026-02-03,2026-08-18,100% branded or bare-URL anchors; reads as an unsolicited citation rather than a placed link.
wetestyoutrust.com,https://www.performancelab.com/ (+1 more),https://www.performancelab.com/ (+1 more),KEEP_AFFILIATE_RETAIN,None - Topically Relevant Editorial / Affiliate Link,High,2,2,2,50%,-,1,0%,50%,9,9,12,50%,yes,yes,2,100%,2025-12-20,2026-05-01,Niche-aligned source with a natural anchor distribution (50% branded/URL anchors).
keepingthepeas.com,https://www.performancelab.com/products/pl-immune,Buy Now (+1 more),KEEP_AFFILIATE_RETAIN,None - Topically Relevant Editorial / Affiliate Link,High,2,1,2,50%,-,2,0%,50%,9,9,61,0%,no,yes,1,0%,2026-03-19,2026-08-10,Niche-aligned source with a natural anchor distribution (50% branded/URL anchors).
gymbeam.it,https://www.performancelab.com/blogs/pre/are-creatine-and-caffeine-dangerous-together (+1 more),https://www.performancelab.com/blogs/pre/are-creatine-and-caffeine-dangerous-together (+1 more),KEEP_AFFILIATE_RETAIN,None - Topically Relevant Editorial / Affiliate Link,High,2,2,2,50%,-,0,0%,100%,9,9,24,100%,no,yes,2,0%,2025-10-28,2026-08-18,Niche-aligned source with a natural anchor distribution (100% branded/URL anchors).
video.blog,https://www.performancelab.com/collections/core-range/products/mind/?a_aid=5d4aab8144732&a_bid=a2ad38c1,(empty/image),KEEP_AFFILIATE_RETAIN,None - Tracked Affiliate Partner,High,2,2,1,100%,-,2,0%,0%,8.5,9,18,0%,no,yes,1,0%,2025-04-16,2026-06-26,"100% of destinations carry the programme's a_aid/a_bid parameters, so this is a tracked affiliate. Commercial anchors are expected of an affiliate and the brief protects the placement; no structural spam signature fired."
credihealth.com,https://uk.performancelab.com/products/omega-3,Performance Lab® Omega-3. (+1 more),KEEP_AFFILIATE_RETAIN,None - Topically Relevant Editorial / Affiliate Link,High,2,1,2,50%,-,2,0%,100%,9,9,10,0%,no,yes,1,0%,2025-05-27,2026-06-20,Niche-aligned source with a natural anchor distribution (100% branded/URL anchors).
gymbeam.pl,https://www.performancelab.com/blogs/pre/are-creatine-and-caffeine-dangerous-together (+1 more),https://www.performancelab.com/blogs/pre/are-creatine-and-caffeine-dangerous-together (+1 more),KEEP_AFFILIATE_RETAIN,None - Topically Relevant Editorial / Affiliate Link,High,2,2,2,50%,-,0,0%,100%,9,9,22,100%,no,yes,2,0%,2025-11-07,2026-08-19,Niche-aligned source with a natural anchor distribution (100% branded/URL anchors).
gymbeam.ro,https://www.performancelab.com/blogs/stim/caffeine-cycling (+1 more),https://www.performancelab.com/blogs/stim/caffeine-cycling (+1 more),KEEP_AFFILIATE_RETAIN,None - Topically Relevant Editorial / Affiliate Link,High,2,2,2,50%,-,0,0%,100%,9,9,23,100%,no,yes,2,0%,2025-10-25,2026-08-21,Niche-aligned source with a natural anchor distribution (100% branded/URL anchors).
itworks.com,https://performancelab.com/blogs/sleep/tart-cherry-extract-weight-loss?ref=blog.itworks.com&srsltid=AfmBOorukSVSU61h0UQRD-DDKWRuFepEbatkyg9L5BcjV4OiBxSW7Htq (+1 more),reduce fat accumulation (+1 more),KEEP_AFFILIATE_RETAIN,None - Topically Relevant Editorial / Affiliate Link,High,2,2,2,50%,-,0,0%,0%,9,9,21,100%,no,yes,2,50%,2025-10-19,2026-04-07,Niche-aligned source with a natural anchor distribution (0% branded/URL anchors).
fermentingforfoodies.com,https://www.performancelab.com/products/prebiotic,prebiotic (+1 more),KEEP_AFFILIATE_RETAIN,None - Topically Relevant Editorial / Affiliate Link,High,2,2,2,50%,-,0,0%,0%,8,8,20,100%,yes,yes,1,0%,2026-01-14,2026-08-22,Niche-aligned source with a natural anchor distribution (0% branded/URL anchors).
healthstartsinthekitchen.com,https://www.performancelab.com/blogs/multi/best-multivitamin-for-men (+1 more),whole-food multivitamin (+1 more),KEEP_AFFILIATE_RETAIN,None - Topically Relevant Editorial / Affiliate Link,High,2,2,2,50%,-,2,0%,0%,8,8,11,0%,no,yes,2,0%,2024-02-15,2026-08-16,Niche-aligned source with a natural anchor distribution (0% branded/URL anchors).
meh.com,http://performancelab.com/,performancelab.com,KEEP_AFFILIATE_RETAIN,None - Topically Relevant Editorial / Affiliate Link,High,2,2,1,100%,-,2,0%,100%,8,8,17,0%,no,yes,1,0%,2025-05-21,2026-08-19,Niche-aligned source with a natural anchor distribution (100% branded/URL anchors).
gymbeam.com,https://www.performancelab.com/blogs/stim/caffeine-cycling (+1 more),https://www.performancelab.com/blogs/stim/caffeine-cycling (+1 more),KEEP_AFFILIATE_RETAIN,None - Topically Relevant Editorial / Affiliate Link,High,2,2,2,50%,-,0,0%,100%,8,8,21,100%,no,yes,2,0%,2025-10-28,2026-08-19,Niche-aligned source with a natural anchor distribution (100% branded/URL anchors).
mundonow.com,https://www.performancelab.com/blogs/sleep/best-vitamins-for-insomnia-and-sleep-deprivation,Performance Lab. ¿Pueden las vitaminas ayudar con el insomnio y la falta de sueño? (+1 more),KEEP_AFFILIATE_RETAIN,None - Topically Relevant Editorial / Affiliate Link,High,2,2,2,50%,-,2,0%,100%,8,8,43,0%,no,yes,1,0%,2026-03-08,2026-08-19,Niche-aligned source with a natural anchor distribution (100% branded/URL anchors).
gymbeam.gr,https://www.performancelab.com/blogs/stim/caffeine-cycling (+1 more),https://www.performancelab.com/blogs/stim/caffeine-cycling (+1 more),KEEP_AFFILIATE_RETAIN,None - Topically Relevant Editorial / Affiliate Link,High,2,2,2,50%,-,0,0%,100%,8,8,22,100%,no,yes,2,0%,2025-11-08,2026-08-16,Niche-aligned source with a natural anchor distribution (100% branded/URL anchors).
longevity.technology,https://www.performancelab.com/blogs/nutrition/protein-bar-vs-shake,3 (+1 more),KEEP_AFFILIATE_RETAIN,None - Topically Relevant Editorial / Affiliate Link,High,2,1,2,50%,-,2,0%,50%,8,8,16,0%,no,yes,1,0%,2025-11-17,2026-08-19,Niche-aligned source with a natural anchor distribution (50% branded/URL anchors).
cathe.com,http://www.performancelab.com/ (+1 more),www.performancelab.com (+1 more),KEEP_AFFILIATE_RETAIN,None - Topically Relevant Editorial / Affiliate Link,High,2,2,2,50%,-,0,0%,100%,8,8,4,100%,no,yes,2,0%,2025-03-19,2026-08-21,Niche-aligned source with a natural anchor distribution (100% branded/URL anchors).
podscan.fm,https://www.performancelab.com/breedlove,⁠⁠⁠⁠⁠⁠⁠⁠⁠⁠⁠⁠⁠https://www.performancelab.com/breedlove⁠⁠⁠⁠⁠⁠⁠⁠⁠⁠⁠⁠⁠ (+1 more),KEEP_AFFILIATE_RETAIN,None - Brand Mention / Citation,Medium,2,1,2,50%,-,2,0%,100%,8,8,47,0%,no,no,1,50%,2026-02-13,2026-07-08,100% branded or bare-URL anchors; reads as an unsolicited citation rather than a placed link.
apollotechnical.com,https://www.performancelab.com/,performancelab.com (+1 more),KEEP_AFFILIATE_RETAIN,None - Topically Relevant Editorial / Affiliate Link,High,2,1,2,50%,-,2,0%,100%,8,8,19,0%,no,yes,1,0%,2026-01-15,2026-08-16,Niche-aligned source with a natural anchor distribution (100% branded/URL anchors).
resident.com,https://www.performancelab.com/collections/nutrigenesis,browse NutriGenesis supplements for women (+1 more),KEEP_AFFILIATE_RETAIN,None - Topically Relevant Editorial / Affiliate Link,High,2,1,2,50%,-,2,0%,50%,8,8,11,0%,no,yes,1,0%,2026-01-18,2026-08-08,Niche-aligned source with a natural anchor distribution (50% branded/URL anchors).
gymbeam.hr,https://www.performancelab.com/blogs/pre/are-creatine-and-caffeine-dangerous-together (+1 more),https://www.performancelab.com/blogs/pre/are-creatine-and-caffeine-dangerous-together (+1 more),KEEP_AFFILIATE_RETAIN,None - Topically Relevant Editorial / Affiliate Link,High,2,2,2,50%,-,1,0%,100%,8,8,40,50%,no,yes,2,0%,2025-11-11,2026-08-16,Niche-aligned source with a natural anchor distribution (100% branded/URL anchors).
techwyse.com,https://www.performancelab.com/ (+1 more),Performance Lab (+1 more),KEEP_AFFILIATE_RETAIN,None - Brand Mention / Citation,Medium,2,1,2,50%,-,2,0%,100%,7,7,41,0%,no,no,2,0%,2025-12-21,2026-07-04,100% branded or bare-URL anchors; reads as an unsolicited citation rather than a placed link.
koreaportal.com,https://www.performancelab.com/products/post,Performance Lab SPORT Post-Workout,KEEP_AFFILIATE_RETAIN,None - Topically Relevant Editorial / Affiliate Link,High,2,2,1,100%,-,0,0%,100%,6.5,7,11,100%,no,yes,1,0%,2025-03-25,2026-08-13,Niche-aligned source with a natural anchor distribution (100% branded/URL anchors).
bioinformant.com,http://performancelab.com/ (+1 more),performancelab.com (+1 more),KEEP_AFFILIATE_RETAIN,None - Topically Relevant Editorial / Affiliate Link,High,2,2,2,50%,-,2,0%,100%,7,7,29,0%,no,yes,2,0%,2025-06-07,2026-08-20,Niche-aligned source with a natural anchor distribution (100% branded/URL anchors).
din-studio.com,https://www.performancelab.com/,performancelab.com (+1 more),KEEP_AFFILIATE_RETAIN,None - Brand Mention / Citation,Medium,2,1,2,50%,-,2,0%,100%,7,7,23,0%,no,no,1,0%,2025-12-31,2026-08-17,100% branded or bare-URL anchors; reads as an unsolicited citation rather than a placed link.
muscle.ua,https://www.performancelab.com/blogs/multi/vitamin-k2-and-blood-pressure,Vitamin D3 and K2,KEEP_AFFILIATE_RETAIN,None - Topically Relevant Editorial / Affiliate Link,High,2,2,1,100%,-,2,0%,0%,7,7,5,0%,no,yes,1,0%,2025-01-05,2026-08-15,Niche-aligned source with a natural anchor distribution (0% branded/URL anchors).
importify.com,https://www.performancelab.com/,Performance Lab (+1 more),KEEP_AFFILIATE_RETAIN,None - Brand Mention / Citation,Medium,2,1,2,50%,-,2,0%,100%,7,7,21,0%,no,no,1,0%,2026-05-17,2026-08-13,100% branded or bare-URL anchors; reads as an unsolicited citation rather than a placed link.
checkbca.org,https://www.performancelab.com/,http://www.performancelabs.com,KEEP_AFFILIATE_RETAIN,None - Topically Relevant Editorial / Affiliate Link,High,2,2,1,100%,-,2,0%,100%,7,7,4,0%,no,yes,1,0%,2025-05-09,2026-03-13,Niche-aligned source with a natural anchor distribution (100% branded/URL anchors).
actualized.org,https://eu.performancelab.com/products/whole-food-multi,https://eu.performancelab.com/products/whole-food-multi,KEEP_AFFILIATE_RETAIN,None - Topically Relevant Editorial / Affiliate Link,High,2,2,1,100%,-,0,0%,100%,3.5,7,4,100%,no,yes,1,0%,1743053170,2026-07-25,Niche-aligned source with a natural anchor distribution (100% branded/URL anchors).
beautycrew.com.au,https://au.performancelab.com/products/whole-food-multi (+1 more),Performance Lab WholeFood Multi (+1 more),KEEP_AFFILIATE_RETAIN,None - Brand Mention / Citation,Medium,2,1,2,50%,-,2,0%,100%,7,7,24,0%,no,no,2,0%,2025-01-27,2026-08-06,100% branded or bare-URL anchors; reads as an unsolicited citation rather than a placed link.
collaborateforhealthyweight.org,https://www.performancelab.com/blogs/fat-loss/foods-with-high-thermic-effect,The metabolic boost from food is real but modest—maybe 50-200 extra calories daily (+1 more),KEEP_AFFILIATE_RETAIN,None - Topically Relevant Editorial / Affiliate Link,High,2,1,2,50%,-,0,0%,0%,7,7,30,100%,no,yes,1,0%,2026-03-01,2026-08-20,Niche-aligned source with a natural anchor distribution (0% branded/URL anchors).
primoprint.com,https://www.performancelab.com/blogs/blogs/top-wellness-tips,Performance Lab,KEEP_AFFILIATE_RETAIN,None - Brand Mention / Citation,Medium,2,2,1,100%,-,2,0%,100%,6.5,7,14,0%,no,no,1,0%,2025-03-19,2026-08-04,100% branded or bare-URL anchors; reads as an unsolicited citation rather than a placed link.
sweetsofties.com,https://www.performancelab.com/blogs/nutrition/best-pre-workout-for-women,adaptogenic herbs in workout prep,KEEP_AFFILIATE_RETAIN,None - Topically Relevant Editorial / Affiliate Link,High,2,2,1,100%,-,2,0%,0%,7,7,26,0%,no,yes,1,0%,2026-05-21,2026-08-12,Niche-aligned source with a natural anchor distribution (0% branded/URL anchors).
trustedrevie.ws,https://performancelab.com/,Performancelab.com Visit Website,KEEP_AFFILIATE_RETAIN,None - Topically Relevant Editorial / Affiliate Link,High,2,2,1,100%,-,0,0%,100%,6.5,7,4,100%,no,yes,1,0%,2025-07-05,2026-06-15,Niche-aligned source with a natural anchor distribution (100% branded/URL anchors).
trymeloair.com,https://global.performancelab.com/products/caffeine-plus (+1 more),Shop Performance Lab Caffeine Plus (+1 more),KEEP_AFFILIATE_RETAIN,None - Brand Mention / Citation,Medium,2,1,2,50%,-,0,0%,100%,7,7,23,100%,no,no,2,0%,2026-06-13,2026-06-13,100% branded or bare-URL anchors; reads as an unsolicited citation rather than a placed link.
startupnation.com,https://www.performancelab.com/,performancelab.com (+1 more),KEEP_AFFILIATE_RETAIN,None - Brand Mention / Citation,Medium,2,1,2,50%,-,2,0%,100%,6,6,47,0%,no,no,1,0%,2026-01-24,2026-08-22,100% branded or bare-URL anchors; reads as an unsolicited citation rather than a placed link.
toddleabout.co.uk,https://www.performancelab.com/collections/immunity,take supplements to support immunity,KEEP_AFFILIATE_RETAIN,None - Topically Relevant Editorial / Affiliate Link,High,2,2,1,100%,-,2,0%,0%,6,6,6,0%,no,yes,1,0%,2026-01-26,2026-08-21,Niche-aligned source with a natural anchor distribution (0% branded/URL anchors).
weathersaverpro.com,https://www.performancelab.com/,Performance Lab Women's Multi-Vitamin (+1 more),KEEP_AFFILIATE_RETAIN,None - Brand Mention / Citation,Medium,2,1,2,50%,-,2,0%,100%,6,6,19,0%,no,no,1,0%,2026-06-20,2026-08-15,100% branded or bare-URL anchors; reads as an unsolicited citation rather than a placed link.
terristeffes.com,https://www.performancelab.com/blogs/omega-3/best-omega-3-supplement,from Performance Lab,KEEP_AFFILIATE_RETAIN,None - Topically Relevant Editorial / Affiliate Link,High,2,2,1,100%,-,2,0%,100%,6,6,30,0%,no,yes,1,0%,2026-02-01,2026-07-03,Niche-aligned source with a natural anchor distribution (100% branded/URL anchors).
vivion.com,https://www.performancelab.com/blogs/fitness/mixing-creatine-with-bcaa (+1 more),https://www.performancelab.com/blogs/fitness/mixing-creatine-with-bcaa (+1 more),KEEP_AFFILIATE_RETAIN,None - Brand Mention / Citation,Medium,2,2,2,50%,-,2,0%,100%,5.5,6,26,0%,no,no,2,0%,2025-02-26,2026-08-17,100% branded or bare-URL anchors; reads as an unsolicited citation rather than a placed link.
startupresources.io,https://www.performancelab.com/,performancelab.com (+1 more),KEEP_AFFILIATE_RETAIN,None - Brand Mention / Citation,Medium,2,1,2,50%,-,2,0%,100%,6,6,18,0%,no,no,1,0%,2026-01-13,2026-08-05,100% branded or bare-URL anchors; reads as an unsolicited citation rather than a placed link.
fruitandgarden.com,https://www.performancelab.com/blogs/sleep/do-cherries-have-melatonin (+1 more),[4] (+1 more),KEEP_AFFILIATE_RETAIN,None - Topically Relevant Editorial / Affiliate Link,High,2,2,2,50%,-,0,0%,0%,3,6,10,100%,no,yes,2,0%,1773940930,2026-08-13,Niche-aligned source with a natural anchor distribution (0% branded/URL anchors).
altheaprovence.com,https://www.performancelab.com/blogs/vision/lutein-vs-luteolin,https://www.performancelab.com/blogs/vision/lutein-vs-luteolin,KEEP_AFFILIATE_RETAIN,None - Brand Mention / Citation,Medium,2,2,1,100%,-,0,0%,100%,6,6,16,100%,no,no,1,0%,2025-02-03,2026-08-22,100% branded or bare-URL anchors; reads as an unsolicited citation rather than a placed link.
yourhealthandmine.net,https://www.performancelab.com/products/vision (+1 more),(empty/image),KEEP_AFFILIATE_RETAIN,None - Topically Relevant Editorial / Affiliate Link,High,2,2,1,100%,-,2,0%,0%,3,6,0,0%,no,yes,2,50%,1750529039,2026-06-03,Niche-aligned source with a natural anchor distribution (0% branded/URL anchors).
graphicsprings.com,https://www.performancelab.com/,performancelab.com (+1 more),KEEP_AFFILIATE_RETAIN,None - Brand Mention / Citation,Medium,2,1,2,50%,-,2,0%,100%,6,6,22,0%,no,no,1,0%,2025-11-08,2026-08-06,100% branded or bare-URL anchors; reads as an unsolicited citation rather than a placed link.
wonderlabs.com,https://www.performancelab.com/blogs/vision/best-vision-supplements (+1 more),help promote eye and vision health (+1 more),KEEP_AFFILIATE_RETAIN,None - Topically Relevant Editorial / Affiliate Link,High,2,2,2,50%,-,2,0%,0%,6,6,15,0%,no,yes,2,0%,2025-06-16,2026-08-07,Niche-aligned source with a natural anchor distribution (0% branded/URL anchors).
loop11.com,https://performancelab.com/,performancelab.com (+1 more),KEEP_AFFILIATE_RETAIN,None - Brand Mention / Citation,Medium,2,1,2,50%,-,2,0%,100%,6,6,36,0%,no,no,1,0%,2026-02-03,2026-08-14,100% branded or bare-URL anchors; reads as an unsolicited citation rather than a placed link.
reflections.live,https://global.performancelab.com/,Performance Lab Sleep (+1 more),KEEP_AFFILIATE_RETAIN,None - Topically Relevant Editorial / Affiliate Link,High,2,1,2,50%,-,2,0%,100%,6,6,7,0%,no,yes,1,0%,2025-02-05,2026-08-08,Niche-aligned source with a natural anchor distribution (100% branded/URL anchors).
sourcebottle.com,https://www.performancelab.com/,performancelab.com (+1 more),KEEP_AFFILIATE_RETAIN,None - Brand Mention / Citation,Medium,2,1,2,50%,-,2,0%,100%,5,5,29,0%,no,no,1,0%,2026-04-01,2026-06-26,100% branded or bare-URL anchors; reads as an unsolicited citation rather than a placed link.
drpaulmccarthy.com,https://www.performancelab.com/blogs/nutrition/the-key-to-effective-nutrient-timing-for-athletes?srsltid=AfmBOopUNktDq1UGTrMf-NAWrcRjHn5YuiLNr8ttJjOKYEbe2SJTX92g,[14] (+1 more),KEEP_AFFILIATE_RETAIN,None - Topically Relevant Editorial / Affiliate Link,High,2,1,2,50%,-,0,0%,50%,5,5,47,100%,no,yes,1,0%,2026-02-13,2026-03-26,Niche-aligned source with a natural anchor distribution (50% branded/URL anchors).
gymbeam.bg,https://www.performancelab.com/blogs/stim/caffeine-cycling (+1 more),https://www.performancelab.com/blogs/stim/caffeine-cycling (+1 more),KEEP_AFFILIATE_RETAIN,None - Topically Relevant Editorial / Affiliate Link,High,2,2,2,50%,-,0,0%,100%,5,5,33,100%,no,yes,2,0%,2025-11-02,2026-08-20,Niche-aligned source with a natural anchor distribution (100% branded/URL anchors).
htmpharmacy.my,https://www.performancelab.com/blogs/vision/3-foods-that-cause-dry-eyes-and-foods-to-help-them,https://www.performancelab.com/blogs/vision/3-foods-that-cause-dry-eyes-and-foods-to-help-them,KEEP_AFFILIATE_RETAIN,None - Topically Relevant Editorial / Affiliate Link,High,2,2,1,100%,-,2,0%,100%,5,5,16,0%,no,yes,1,0%,2026-01-16,2026-08-18,Niche-aligned source with a natural anchor distribution (100% branded/URL anchors).
gymbeam.si,https://www.performancelab.com/blogs/stim/caffeine-cycling (+1 more),https://www.performancelab.com/blogs/stim/caffeine-cycling (+1 more),KEEP_AFFILIATE_RETAIN,None - Topically Relevant Editorial / Affiliate Link,High,2,2,2,50%,-,0,0%,100%,5,5,22,100%,no,yes,2,0%,2025-11-11,2026-08-19,Niche-aligned source with a natural anchor distribution (100% branded/URL anchors).
townsendletter.com,https://www.performancelab.com/blogs/immune/lactococcus-lactis-benefits,Lactococcus Lactis Benefits: Top 3 Reasons This Probiotic Works – Performance Lab®,KEEP_AFFILIATE_RETAIN,None - Topically Relevant Editorial / Affiliate Link,High,2,2,1,100%,-,2,0%,100%,5,5,54,0%,no,yes,1,100%,2025-06-07,2026-08-01,Niche-aligned source with a natural anchor distribution (100% branded/URL anchors).
salespop.net,https://www.performancelab.com/,performancelab.com (+1 more),KEEP_AFFILIATE_RETAIN,None - Brand Mention / Citation,Medium,2,1,2,50%,-,2,0%,100%,5,5,24,0%,no,no,1,0%,2026-06-04,2026-08-20,100% branded or bare-URL anchors; reads as an unsolicited citation rather than a placed link.
kermany.com,https://www.performancelab.com/blogs/multi/best-time-to-take-biotin (+1 more),performancelab (+1 more),KEEP_AFFILIATE_RETAIN,None - Topically Relevant Editorial / Affiliate Link,High,2,2,2,50%,-,2,0%,100%,2.5,5,18,0%,no,yes,2,0%,1756497482,2026-08-21,Niche-aligned source with a natural anchor distribution (100% branded/URL anchors).
matchboxdesigngroup.com,https://www.performancelab.com/,performancelab.com (+1 more),KEEP_AFFILIATE_RETAIN,None - Brand Mention / Citation,Medium,2,1,2,50%,-,2,0%,100%,5,5,37,0%,no,no,1,0%,2026-01-10,2026-08-02,100% branded or bare-URL anchors; reads as an unsolicited citation rather than a placed link.
eurekahealth.com,https://www.performancelab.com/blogs/multi/does-taking-vitamins-break-a-fast,PerformanceLab : https://www.performancelab.com/blogs/multi/does-taking-vitamins-break-a-fast (+1 more),KEEP_AFFILIATE_RETAIN,None - Topically Relevant Editorial / Affiliate Link,High,2,1,2,50%,-,2,0%,100%,5,5,27,0%,no,yes,1,0%,2025-11-29,2026-08-13,Niche-aligned source with a natural anchor distribution (100% branded/URL anchors).
supplementstrust.com,https://www.performancelab.com/products/mind-lab-pro (+1 more),(empty/image),KEEP_AFFILIATE_RETAIN,None - Redirect / Tracking Host (Behavioural Match),High,2,1,1,100%,-,2,0%,0%,4,5,0,0%,no,yes,2,0%,1701934551,2026-08-08,"No outbound links of its own, 100% empty anchors, and 50% of destinations carry the programme's affiliate parameters. This is link tracking, whatever the domain is called."
metastatinsight.com,https://www.performancelab.com/,Performance Lab,KEEP_AFFILIATE_RETAIN,None - Brand Mention / Citation,Medium,2,2,1,100%,-,2,0%,100%,4.5,5,11,0%,no,no,1,0%,1767607561,2026-08-18,100% branded or bare-URL anchors; reads as an unsolicited citation rather than a placed link.
healthcarebusinesstoday.com,https://www.performancelab.com/blogs/wellness,Testo Lab Pro (+1 more),KEEP_AFFILIATE_RETAIN,None - Topically Relevant Editorial / Affiliate Link,High,2,1,2,50%,-,2,0%,100%,5,5,29,0%,no,yes,1,0%,2026-02-08,2026-08-20,Niche-aligned source with a natural anchor distribution (100% branded/URL anchors).
cubecreative.design,https://www.performancelab.com/,Performance Lab (+1 more),KEEP_AFFILIATE_RETAIN,None - Brand Mention / Citation,Medium,2,1,2,50%,-,2,0%,100%,4,4,22,0%,no,no,1,0%,2025-11-23,2026-08-20,100% branded or bare-URL anchors; reads as an unsolicited citation rather than a placed link.
foober.com.au,https://www.performancelab.com/blogs/nutrition/how-long-does-it-take-for-creatine-to-kick-in?srsltid=AfmBOopKHw50umvThgAtZQSgPDmzfz1vVGi_rppURxmophLbbR9fCqB_ (+1 more),Performance Lab,KEEP_AFFILIATE_RETAIN,None - Topically Relevant Editorial / Affiliate Link,High,2,2,1,100%,-,2,0%,100%,4,4,7,0%,no,yes,2,0%,2025-06-12,2026-05-23,Niche-aligned source with a natural anchor distribution (100% branded/URL anchors).
logocreator.io,https://www.performancelab.com/,Performancelab.com (+1 more),KEEP_AFFILIATE_RETAIN,None - Brand Mention / Citation,Medium,2,1,2,50%,-,2,0%,100%,4,4,15,0%,no,no,1,0%,2026-01-12,2026-08-04,100% branded or bare-URL anchors; reads as an unsolicited citation rather than a placed link.
thecinnamonhollow.com,https://www.performancelab.com/products/performance-lab-mind (+1 more),Performance Lab Mind (+1 more),KEEP_AFFILIATE_RETAIN,None - Topically Relevant Editorial / Affiliate Link,High,2,2,2,50%,-,2,0%,100%,4,4,28,0%,no,yes,2,50%,2025-10-27,2026-07-26,Niche-aligned source with a natural anchor distribution (100% branded/URL anchors).
drumcorpsplanet.com,https://www.performancelab.com/blogs/fitness/the-dangers-of-overtraining,https://www.performancelab.com/blogs/fitness/the-dangers-of-overtraining,KEEP_AFFILIATE_RETAIN,None - Brand Mention / Citation,Medium,2,2,1,100%,-,0,0%,100%,4,4,8,100%,no,no,1,0%,1762923063,2026-07-19,100% branded or bare-URL anchors; reads as an unsolicited citation rather than a placed link.
trendy-daddy.fr,https://performancelab.com/products/omega-3,Performance Lab Oméga (+1 more),KEEP_AFFILIATE_RETAIN,None - Topically Relevant Editorial / Affiliate Link,High,2,1,2,50%,-,2,0%,50%,0,0,19,0%,no,yes,1,100%,1667070193,1783774383,Niche-aligned source with a natural anchor distribution (50% branded/URL anchors).
evidencebasedpractices.org,https://www.performancelab.com/products/maintain?a_aid=5f4ec409c99f6&a_bid=a2ad38c1 (+1 more),(empty/image),KEEP_AFFILIATE_RETAIN,None - Redirect / Tracking Host (Behavioural Match),High,2,1,1,100%,-,2,0%,0%,0,0,0,0%,no,yes,2,0%,1682023437,1780398226,"No outbound links of its own, 100% empty anchors, and 50% of destinations carry the programme's affiliate parameters. This is link tracking, whatever the domain is called."
updatedkart.com,https://www.performancelab.com/products/vision (+1 more),(empty/image),KEEP_AFFILIATE_RETAIN,None - Redirect / Tracking Host (Behavioural Match),High,2,1,1,100%,-,2,0%,0%,0,0,0,0%,no,yes,2,0%,1694205741,1782825625,"No outbound links of its own, 100% empty anchors, and 50% of destinations carry the programme's affiliate parameters. This is link tracking, whatever the domain is called."
nootralize.com,https://eu.performancelab.com/products/%5Benergy%5D(https:/nootralize.com/effects/energy) (+1 more),Performance Lab Energy (+1 more),KEEP_AFFILIATE_RETAIN,None - Tracked Affiliate Partner,High,2,2,2,50%,-,2,0%,100%,0,0,12,0%,no,yes,2,0%,1694505603,1786579588,"50% of destinations carry the programme's a_aid/a_bid parameters, so this is a tracked affiliate. Commercial anchors are expected of an affiliate and the brief protects the placement; no structural spam signature fired."
ourtownlocal.com,https://www.performancelab.com/collections/nutropic (+1 more),Nu:tropic,KEEP_AFFILIATE_RETAIN,None - Topically Relevant Editorial / Affiliate Link,High,2,1,1,100%,-,0,0%,0%,0,0,24,100%,no,yes,2,0%,1705002934,1786387725,Niche-aligned source with a natural anchor distribution (0% branded/URL anchors).
2all.asia,https://www.performancelab.com/blogs/fat-loss/best-fat-burner-for-belly-fat,(empty/image) (+1 more),KEEP_AFFILIATE_RETAIN,None - Topically Relevant Editorial / Affiliate Link,High,2,1,2,50%,-,0,0%,0%,0,0,22,100%,no,yes,1,100%,1706312780,1775537319,Niche-aligned source with a natural anchor distribution (0% branded/URL anchors).
weightlossandco.com,https://www.performancelab.com/collections/all-products,(empty/image),KEEP_AFFILIATE_RETAIN,None - Topically Relevant Editorial / Affiliate Link,High,2,2,1,100%,-,2,0%,0%,0.5,1,0,0%,no,yes,1,0%,1709893468,1787370183,Niche-aligned source with a natural anchor distribution (0% branded/URL anchors).
healthsafetyinfo.com,https://www.performancelab.com/ (+1 more),(empty/image),KEEP_AFFILIATE_RETAIN,None - Topically Relevant Editorial / Affiliate Link,High,2,2,1,100%,-,2,0%,0%,0,0,0,0%,no,yes,2,0%,1715616084,1787567330,Niche-aligned source with a natural anchor distribution (0% branded/URL anchors).
medicalbudsonline.com,https://www.performancelab.com/products/vision,"the best eye health supplements in 2022, (+1 more)",KEEP_AFFILIATE_RETAIN,None - Topically Relevant Editorial / Affiliate Link,High,2,1,2,50%,-,0,50%,50%,0,0,13,100%,no,yes,1,0%,1716152881,1780668388,Niche-aligned source with a natural anchor distribution (50% branded/URL anchors).
theplantway.com,https://www.performancelab.com/collections/athletics (+1 more),(empty/image),KEEP_AFFILIATE_RETAIN,None - Redirect / Tracking Host (Behavioural Match),High,2,2,1,100%,-,2,0%,0%,0,0,0,0%,no,yes,2,50%,1718951353,1778681943,"No outbound links of its own, 100% empty anchors, and 0% of destinations carry the programme's affiliate parameters. This is link tracking, whatever the domain is called."
healthsupportcenter.org,https://www.performancelab.com/products/nutrigenesis-multi-men (+1 more),(empty/image),KEEP_AFFILIATE_RETAIN,None - Topically Relevant Editorial / Affiliate Link,High,2,2,1,100%,-,2,0%,0%,0,0,0,0%,no,yes,2,0%,1720276673,1777554945,Niche-aligned source with a natural anchor distribution (0% branded/URL anchors).
medtep.com,https://www.performancelab.com/collections/all-products,CLICK to view PERFORMANCE LAB MIND price and latest offers (+1 more),KEEP_AFFILIATE_RETAIN,None - Brand Mention / Citation,Medium,2,1,2,50%,-,2,0%,100%,0,0,9,0%,no,no,1,0%,1722645879,1776431100,100% branded or bare-URL anchors; reads as an unsolicited citation rather than a placed link.
healthtian.com,http://www.performancelab.com/ (+1 more),www.PerformanceLab.com (+1 more),KEEP_AFFILIATE_RETAIN,None - Topically Relevant Editorial / Affiliate Link,High,2,1,2,50%,-,0,0%,50%,1,1,8,100%,no,yes,2,100%,1723423238,1778050108,Niche-aligned source with a natural anchor distribution (50% branded/URL anchors).
travelclearly.com,https://www.performancelab.com/collections/all-products (+1 more),Nu:tropic,KEEP_AFFILIATE_RETAIN,None - Topically Relevant Editorial / Affiliate Link,High,2,1,1,100%,-,0,0%,0%,0,0,18,100%,no,yes,2,0%,1724753732,1783192802,Niche-aligned source with a natural anchor distribution (0% branded/URL anchors).
journeypeaks.com,https://www.performancelab.com/collections/all-products (+1 more),Nu:tropic,KEEP_AFFILIATE_RETAIN,None - Topically Relevant Editorial / Affiliate Link,High,2,1,1,100%,-,0,0%,0%,0,0,18,100%,no,yes,2,0%,1725170917,1785780949,Niche-aligned source with a natural anchor distribution (0% branded/URL anchors).
travelerschronicle.com,https://www.performancelab.com/collections/all-products (+1 more),Nu:tropic,KEEP_AFFILIATE_RETAIN,None - Topically Relevant Editorial / Affiliate Link,High,2,1,1,100%,-,0,0%,0%,0,0,24,100%,no,yes,2,0%,1726347951,1777595281,Niche-aligned source with a natural anchor distribution (0% branded/URL anchors).
manthanhub.com,https://www.performancelab.com/blogs/multi/can-you-take-magnesium-and-potassium-together?srsltid=AfmBOooeZ2l7OezkimzmvMkVUn__VfcPmYt5ghGfAPzDlMK8shjw1Sqp,3 (+1 more),KEEP_AFFILIATE_RETAIN,None - Topically Relevant Editorial / Affiliate Link,High,2,1,2,50%,-,0,0%,0%,0,0,60,100%,no,yes,1,0%,1727351906,1770118592,Niche-aligned source with a natural anchor distribution (0% branded/URL anchors).
scieron.com,https://uk.performancelab.com/collections/core-range/products/prebiotic#product-buyblock,Buy now (+1 more),KEEP_AFFILIATE_RETAIN,None - Topically Relevant Editorial / Affiliate Link,High,2,1,2,50%,-,0,0%,50%,0,0,26,100%,no,yes,1,0%,1729074235,1787130913,Niche-aligned source with a natural anchor distribution (50% branded/URL anchors).
dianabolofficial.com,https://www.performancelab.com/products/nutrigenesis-multi-men (+1 more),(empty/image),KEEP_AFFILIATE_RETAIN,None - Redirect / Tracking Host (Behavioural Match),High,2,1,1,100%,-,2,0%,0%,0,0,0,0%,no,yes,2,0%,1730015516,1786419942,"No outbound links of its own, 100% empty anchors, and 50% of destinations carry the programme's affiliate parameters. This is link tracking, whatever the domain is called."
primeformen.com,https://www.performancelab.com/blogs/fitness/workout-plateau-causes-and-tips-to-avoid-it (+1 more),https://www.performancelab.com/blogs/fitness/workout-plateau-causes-and-tips-to-avoid-it (+1 more),KEEP_AFFILIATE_RETAIN,None - Topically Relevant Editorial / Affiliate Link,High,2,2,2,50%,-,0,0%,100%,0,0,30,100%,no,yes,2,0%,1730998477,1783192215,Niche-aligned source with a natural anchor distribution (100% branded/URL anchors).
doctortrusted.org,https://www.performancelab.com/products/mind-lab-pro (+1 more),(empty/image),KEEP_AFFILIATE_RETAIN,None - Topically Relevant Editorial / Affiliate Link,High,2,2,1,100%,-,2,0%,0%,0,0,0,0%,no,yes,2,0%,1731038034,1778114699,Niche-aligned source with a natural anchor distribution (0% branded/URL anchors).
chiromed.org,https://www.performancelab.com/products/mind-lab-pro (+1 more),(empty/image),KEEP_AFFILIATE_RETAIN,None - Topically Relevant Editorial / Affiliate Link,High,2,2,1,100%,-,2,0%,0%,0,0,0,0%,no,yes,2,0%,1731156522,1777930138,Niche-aligned source with a natural anchor distribution (0% branded/URL anchors).
supplementnatural.com,https://www.performancelab.com/products/mind-lab-pro,(empty/image),KEEP_AFFILIATE_RETAIN,None - Topically Relevant Editorial / Affiliate Link,High,2,2,1,100%,-,2,0%,0%,0,0,0,0%,no,yes,1,0%,1734931800,1780560532,Niche-aligned source with a natural anchor distribution (0% branded/URL anchors).
supplementsaid.com,https://www.performancelab.com/products/mind-lab-pro (+1 more),(empty/image),KEEP_AFFILIATE_RETAIN,None - Redirect / Tracking Host (Behavioural Match),High,2,1,1,100%,-,2,0%,0%,0,0,0,0%,no,yes,2,0%,1735251178,1786414974,"No outbound links of its own, 100% empty anchors, and 50% of destinations carry the programme's affiliate parameters. This is link tracking, whatever the domain is called."
aconsciouscollection.com,https://au.performancelab.com/products/mind,Mind (+1 more),KEEP_AFFILIATE_RETAIN,None - Topically Relevant Editorial / Affiliate Link,High,2,1,2,50%,-,2,0%,50%,3,3,24,0%,no,yes,1,100%,1736636352,1777338287,Niche-aligned source with a natural anchor distribution (50% branded/URL anchors).
sudonull.com,https://www.performancelab.com/,Performance Lab® Upgrade Yourself (+1 more),KEEP_AFFILIATE_RETAIN,None - Brand Mention / Citation,Medium,2,2,2,50%,-,0,0%,100%,0,0,21,100%,no,no,1,0%,1737477749,1783252387,100% branded or bare-URL anchors; reads as an unsolicited citation rather than a placed link.
amoresplendidlife.com,https://www.performancelab.com/products/sleep (+1 more),(empty/image),KEEP_AFFILIATE_RETAIN,None - Topically Relevant Editorial / Affiliate Link,High,2,2,1,100%,-,2,0%,0%,0,0,0,0%,no,yes,2,0%,1737679660,1780711845,Niche-aligned source with a natural anchor distribution (0% branded/URL anchors).
advancedliving.com,https://www.performancelab.com/pages/contact (+1 more),https://www.performancelab.com/pages/contact (+1 more),KEEP_AFFILIATE_RETAIN,None - Topically Relevant Editorial / Affiliate Link,High,2,2,2,50%,-,1,0%,50%,1,2,12,50%,no,yes,2,0%,1737862059,1787068764,Niche-aligned source with a natural anchor distribution (50% branded/URL anchors).
boostmusclegrowth.com,https://www.performancelab.com/products/sleep (+1 more),(empty/image),KEEP_AFFILIATE_RETAIN,None - Topically Relevant Editorial / Affiliate Link,High,2,2,1,100%,-,2,0%,0%,0,0,0,0%,no,yes,2,0%,1738200260,1777688087,Niche-aligned source with a natural anchor distribution (0% branded/URL anchors).
ampedstatus.org,https://www.performancelab.com/products/sleep (+1 more),(empty/image),KEEP_AFFILIATE_RETAIN,None - Topically Relevant Editorial / Affiliate Link,High,2,2,1,100%,-,2,0%,0%,0,0,0,0%,no,yes,2,0%,1738401940,1777905485,Niche-aligned source with a natural anchor distribution (0% branded/URL anchors).
howtolucid.com,https://www.performancelab.com/products/sleep (+1 more),(empty/image),KEEP_AFFILIATE_RETAIN,None - Redirect / Tracking Host (Behavioural Match),High,2,2,1,100%,-,2,0%,0%,0,0,0,0%,no,yes,2,0%,1738884687,1786416097,"No outbound links of its own, 100% empty anchors, and 0% of destinations carry the programme's affiliate parameters. This is link tracking, whatever the domain is called."
odsol.com,https://www.performancelab.com/,"Performance Labs, Inc.",KEEP_AFFILIATE_RETAIN,None - Topically Relevant Editorial / Affiliate Link,High,2,2,1,100%,-,2,0%,100%,0,0,25,0%,no,yes,1,0%,1738885262,1786440404,Niche-aligned source with a natural anchor distribution (100% branded/URL anchors).
onlinehealthstore.org,https://www.performancelab.com/products/vision (+1 more),(empty/image),KEEP_AFFILIATE_RETAIN,None - Topically Relevant Editorial / Affiliate Link,High,2,2,1,100%,-,2,0%,0%,0,0,0,0%,no,yes,2,0%,1739031070,1777899664,Niche-aligned source with a natural anchor distribution (0% branded/URL anchors).
fitsmartyou.com,https://www.performancelab.com/products/prebiotic (+1 more),(empty/image),KEEP_AFFILIATE_RETAIN,None - Redirect / Tracking Host (Behavioural Match),High,2,2,1,100%,-,2,0%,0%,0,0,0,0%,no,yes,2,100%,1739218991,1782868354,"No outbound links of its own, 100% empty anchors, and 0% of destinations carry the programme's affiliate parameters. This is link tracking, whatever the domain is called."
truthalerts.com,https://www.performancelab.com/products/mind-lab-pro,(empty/image),KEEP_AFFILIATE_RETAIN,None - Topically Relevant Editorial / Affiliate Link,High,2,2,1,100%,-,2,0%,0%,0,0,0,0%,no,yes,1,0%,1739380727,1780644506,Niche-aligned source with a natural anchor distribution (0% branded/URL anchors).
gea.edu.ge,https://www.performancelab.com/blogs/%E2%80%A6,Get More Here!!,KEEP_AFFILIATE_RETAIN,None - Topically Relevant Editorial / Affiliate Link,High,2,2,1,100%,-,0,0%,0%,0,0,3,100%,no,yes,1,0%,1739476575,1784938797,Niche-aligned source with a natural anchor distribution (0% branded/URL anchors).
meritagepress.com,https://www.performancelab.com/products/mind-lab-pro (+1 more),(empty/image),KEEP_AFFILIATE_RETAIN,None - Redirect / Tracking Host (Behavioural Match),High,2,1,1,100%,-,2,0%,0%,3,3,0,0%,no,yes,2,0%,1739957733,1777871903,"No outbound links of its own, 100% empty anchors, and 50% of destinations carry the programme's affiliate parameters. This is link tracking, whatever the domain is called."
daroohome.com,https://www.performancelab.com/blogs/omega-3/how-much-omega-3-per-day-for-athletes,performancelab,KEEP_AFFILIATE_RETAIN,None - Brand Mention / Citation,Medium,2,2,1,100%,-,2,0%,100%,1,1,10,0%,no,no,1,50%,1739998101,1785912807,100% branded or bare-URL anchors; reads as an unsolicited citation rather than a placed link.
fruitsaladdaily.com,https://www.performancelab.com/blogs/nutrition/how-long-does-it-take-for-beetroot-juice-to-work?srsltid=AfmBOoou_UcdT9U_rFYvLekRrHr0VWuy0tKQHXG23PBgNhQW0kb1ZnAS (+1 more),https://www.performancelab.com/blogs/nutrition/how-long-does-it-take-for-beetroot-juice-to-work?srsltid=AfmBOoou_UcdT9U_rFYvLekRrHr0VWuy0tKQHXG23PBgNhQW0kb1ZnAS (+1 more),KEEP_AFFILIATE_RETAIN,None - Brand Mention / Citation,Medium,2,1,2,50%,-,2,0%,100%,0,0,31,0%,no,no,2,0%,1740755488,1783482541,100% branded or bare-URL anchors; reads as an unsolicited citation rather than a placed link.
seriouslifemagazine.com,https://www.performancelab.com/products/mind-lab-pro,(empty/image),KEEP_AFFILIATE_RETAIN,None - Topically Relevant Editorial / Affiliate Link,High,2,2,1,100%,-,2,0%,0%,0,0,0,0%,no,yes,1,0%,1741027486,1786965959,Niche-aligned source with a natural anchor distribution (0% branded/URL anchors).
streamseo.com,https://eu.performancelab.com/pages/associates,Join Performance Lab’s Affiliate Program (+1 more),KEEP_AFFILIATE_RETAIN,None - Topically Relevant Editorial / Affiliate Link,High,2,1,2,50%,-,2,0%,100%,1,1,29,0%,no,yes,1,0%,1742145025,1787600186,Niche-aligned source with a natural anchor distribution (100% branded/URL anchors).
mybodyweightexercises.com,https://www.performancelab.com/blogs/pre/creatine-before-or-after-workout,Creatine - Benefits and Dosage Creatine - Benefits and Dosage (+1 more),KEEP_AFFILIATE_RETAIN,None - Topically Relevant Editorial / Affiliate Link,High,2,1,2,50%,-,2,0%,0%,0,0,16,0%,no,yes,1,0%,1742249754,1787409170,Niche-aligned source with a natural anchor distribution (0% branded/URL anchors).
staaker.com,https://www.performancelab.com/?a_aid=64dc7ef848019&a_bid=a2ad38c1,Performance Lab® (+1 more),KEEP_AFFILIATE_RETAIN,None - Tracked Affiliate Partner,High,2,1,2,50%,-,1,0%,100%,1,1,58,50%,no,no,1,100%,1742340533,1783884195,"100% of destinations carry the programme's a_aid/a_bid parameters, so this is a tracked affiliate. Commercial anchors are expected of an affiliate and the brief protects the placement; no structural spam signature fired."
bostonsportsextra.com,https://www.performancelab.com/collections/sport-range/products/fat-burner,fat burner with all-natural ingredients that’s been lab-tested for quality,KEEP_AFFILIATE_RETAIN,None - Topically Relevant Editorial / Affiliate Link,High,2,2,1,100%,-,2,0%,0%,0,0,18,0%,no,yes,1,0%,1742428881,1786740816,Niche-aligned source with a natural anchor distribution (0% branded/URL anchors).
peakandpick.com,https://www.performancelab.com/ (+1 more),Performance Lab (+1 more),KEEP_AFFILIATE_RETAIN,None - Topically Relevant Editorial / Affiliate Link,High,2,1,2,50%,-,2,0%,50%,0,0,4,0%,no,yes,2,0%,1743007887,1787127772,Niche-aligned source with a natural anchor distribution (50% branded/URL anchors).
thenomadbrad.com,https://www.performancelab.com/pages/associates (+1 more),Performance Lab Affiliate Program (+1 more),KEEP_AFFILIATE_RETAIN,None - Topically Relevant Editorial / Affiliate Link,High,2,1,2,50%,-,2,0%,100%,0,0,3,0%,no,yes,2,0%,1743139453,1770964467,Niche-aligned source with a natural anchor distribution (100% branded/URL anchors).
helpineedhelp.com,https://www.performancelab.com/?a_aid=603f9581b424c&a_bid=a2ad38c1,GenerationIron10 (+1 more),KEEP_AFFILIATE_RETAIN,None - Tracked Affiliate Partner,High,2,1,2,50%,-,0,0%,0%,0,0,3,100%,no,yes,1,0%,1743245798,1785278992,"100% of destinations carry the programme's a_aid/a_bid parameters, so this is a tracked affiliate. Commercial anchors are expected of an affiliate and the brief protects the placement; no structural spam signature fired."
organicavenue.com,https://www.performancelab.com/?a_aid=515846a2a5b0b&a_bid=a2ad38c1 (+1 more),(empty/image),KEEP_AFFILIATE_RETAIN,None - Redirect / Tracking Host (Behavioural Match),High,2,1,1,100%,-,2,0%,0%,0,0,0,0%,no,yes,2,0%,1744303492,1787008685,"No outbound links of its own, 100% empty anchors, and 50% of destinations carry the programme's affiliate parameters. This is link tracking, whatever the domain is called."
planetanews.com,https://www.performancelab.com/products/mind-lab-pro,(empty/image),KEEP_AFFILIATE_RETAIN,None - Topically Relevant Editorial / Affiliate Link,High,2,2,1,100%,-,2,0%,0%,0,0,0,0%,no,yes,1,0%,1744400543,1777671453,Niche-aligned source with a natural anchor distribution (0% branded/URL anchors).
supplementprograms.com,https://www.performancelab.com/ (+1 more),(empty/image),KEEP_AFFILIATE_RETAIN,None - Topically Relevant Editorial / Affiliate Link,High,2,2,1,100%,-,2,0%,0%,0,0,0,0%,no,yes,2,0%,1745692520,1780293077,Niche-aligned source with a natural anchor distribution (0% branded/URL anchors).
wellnessgroup.com.my,https://www.performancelab.com/blogs/news/immune-boosting-juices-top-8-juice-recipes-for-immunity?srsltid=AfmBOopERrWSxqLj6qrX8RPMwxYvOYEFgYKOXYu-8WXAEdZpsXHupg07,this resource,KEEP_AFFILIATE_RETAIN,None - Topically Relevant Editorial / Affiliate Link,High,2,2,1,100%,-,0,0%,0%,3,3,15,100%,no,yes,1,0%,1746854792,1780685190,Niche-aligned source with a natural anchor distribution (0% branded/URL anchors).
wlghconferences.org,https://www.performancelab.com/collections/athletics (+1 more),(empty/image),KEEP_AFFILIATE_RETAIN,None - Topically Relevant Editorial / Affiliate Link,High,2,2,1,100%,-,2,0%,0%,0,0,0,0%,no,yes,2,0%,1746931953,1779186161,Niche-aligned source with a natural anchor distribution (0% branded/URL anchors).
myelin.org,https://www.performancelab.com/products/mind-lab-pro?a_aid=5f4e9bd7d388a&a_bid=a2ad38c1 (+1 more),(empty/image),KEEP_AFFILIATE_RETAIN,None - Redirect / Tracking Host (Behavioural Match),High,2,1,1,100%,-,2,0%,0%,0,0,0,0%,no,yes,2,0%,1747642053,1786081250,"No outbound links of its own, 100% empty anchors, and 50% of destinations carry the programme's affiliate parameters. This is link tracking, whatever the domain is called."
d3306cnzm6n89c.cloudfront.net,http://performancelab.com/,performancelab.com,KEEP_AFFILIATE_RETAIN,None - Topically Relevant Editorial / Affiliate Link,High,2,2,1,100%,-,2,0%,100%,0,0,19,0%,no,yes,1,0%,1747707218,1786783679,Niche-aligned source with a natural anchor distribution (100% branded/URL anchors).
alizyme.com,https://www.performancelab.com/products/omega-3 (+1 more),(empty/image),KEEP_AFFILIATE_RETAIN,None - Redirect / Tracking Host (Behavioural Match),High,2,2,1,100%,-,2,0%,0%,0,0,0,0%,no,yes,2,0%,1747718885,1786302473,"No outbound links of its own, 100% empty anchors, and 0% of destinations carry the programme's affiliate parameters. This is link tracking, whatever the domain is called."
supplementguides.com,https://www.performancelab.com/ (+1 more),(empty/image),KEEP_AFFILIATE_RETAIN,None - Topically Relevant Editorial / Affiliate Link,High,2,2,1,100%,-,2,0%,0%,0,0,0,0%,no,yes,2,0%,1747815857,1786011997,Niche-aligned source with a natural anchor distribution (0% branded/URL anchors).
postgradoune.edu.pe,http://www.performancelab.com/cdn/shop/articles/10_Effective_Tips_to_Prevent_Tossing_and_Turning_at_Night_1_054cdcda-2bd6-4cfc-877b-9cec2e956133.jpg?v=1718025522 (+1 more),10 Effective Tips to Prevent Tossing and Turning at Night Performance (+1 more),KEEP_AFFILIATE_RETAIN,None - Topically Relevant Editorial / Affiliate Link,High,2,2,2,50%,-,2,0%,50%,1,1,11,0%,no,yes,2,0%,1748298488,1785489709,Niche-aligned source with a natural anchor distribution (50% branded/URL anchors).
lc-plasma.com,https://www.performancelab.com/ (+1 more),PerformanceLab.com (+1 more),KEEP_AFFILIATE_RETAIN,None - Topically Relevant Editorial / Affiliate Link,High,2,2,2,50%,-,2,0%,100%,0,0,12,0%,no,yes,2,0%,1748617924,1787451984,Niche-aligned source with a natural anchor distribution (100% branded/URL anchors).
nozaki-sekizai.com,https://www.performancelab.com/blogs/pre/best-pre-and-post-workout-supplements-for-muscle-gain,Best Pre and Post Workout Supplements for Muscle Gain ...,KEEP_AFFILIATE_RETAIN,None - Topically Relevant Editorial / Affiliate Link,High,2,2,1,100%,-,2,100%,0%,0,0,64,0%,no,yes,1,0%,1749941859,1783491132,Niche-aligned source with a natural anchor distribution (0% branded/URL anchors).
gearuptofit.com,https://www.performancelab.com/blogs/fat-loss/foods-with-high-thermic-effect (+1 more),highest thermic effect (+1 more),KEEP_AFFILIATE_RETAIN,None - Topically Relevant Editorial / Affiliate Link,High,2,2,2,50%,-,2,0%,0%,0,0,10,0%,no,yes,2,0%,1750034210,1787386993,Niche-aligned source with a natural anchor distribution (0% branded/URL anchors).
rheum4us.org,https://performancelab.com/products/flex (+1 more),Click For Best Price (+1 more),KEEP_AFFILIATE_RETAIN,None - Topically Relevant Editorial / Affiliate Link,High,2,2,2,50%,-,1,0%,0%,0.5,1,12,50%,no,yes,2,0%,1750047607,1786830811,Niche-aligned source with a natural anchor distribution (0% branded/URL anchors).
shirtsdoctors.com,https://www.performancelab.com/products/flex,Click Here for the Lowest Price on Performance Lab Flex (+1 more),KEEP_AFFILIATE_RETAIN,None - Topically Relevant Editorial / Affiliate Link,High,2,1,2,50%,-,0,0%,100%,0,0,8,100%,no,yes,1,0%,1750289070,1787159346,Niche-aligned source with a natural anchor distribution (100% branded/URL anchors).
survivalstrength.com,https://www.performancelab.com/products/mind-lab-pro (+1 more),(empty/image),KEEP_AFFILIATE_RETAIN,None - Redirect / Tracking Host (Behavioural Match),High,2,1,1,100%,-,2,0%,0%,0,0,0,0%,no,yes,2,0%,1750508866,1780550648,"No outbound links of its own, 100% empty anchors, and 50% of destinations carry the programme's affiliate parameters. This is link tracking, whatever the domain is called."
heavymetalstrengthcoaching.com,https://www.performancelab.com/blogs/fitness/the-dangers-of-overtraining,HERE.,KEEP_AFFILIATE_RETAIN,None - Topically Relevant Editorial / Affiliate Link,High,2,2,1,100%,-,2,0%,0%,0,0,4,0%,no,yes,1,50%,1750545526,1781977417,Niche-aligned source with a natural anchor distribution (0% branded/URL anchors).
hallojs.org,https://uk.performancelab.com/products/flex (+1 more),Performance Lab Flex (+1 more),KEEP_AFFILIATE_RETAIN,None - Tracked Affiliate Partner,High,2,2,2,50%,-,2,0%,50%,0,0,6,0%,no,yes,2,0%,1750953618,1786041695,"50% of destinations carry the programme's a_aid/a_bid parameters, so this is a tracked affiliate. Commercial anchors are expected of an affiliate and the brief protects the placement; no structural spam signature fired."
kcpronutrients.com,https://www.performancelab.com/blogs/multi/how-long-does-it-take-for-magnesium-supplements-to-work#what-is-magnesium,https://www.performancelab.com/blogs/multi/how-long-does-it-take-f (+1 more),KEEP_AFFILIATE_RETAIN,None - Topically Relevant Editorial / Affiliate Link,High,2,1,2,50%,-,2,0%,50%,0,0,21,0%,no,yes,1,0%,1750965172,1780419604,Niche-aligned source with a natural anchor distribution (50% branded/URL anchors).
basichealthbrands.com,https://www.performancelab.com/blogs/vision/vitamin-c-and-dry-eyes,Performance Labs,KEEP_AFFILIATE_RETAIN,None - Topically Relevant Editorial / Affiliate Link,High,2,2,1,100%,-,2,0%,100%,2,4,21,0%,no,yes,1,0%,1751593552,1775432690,Niche-aligned source with a natural anchor distribution (100% branded/URL anchors).
marketminute.com,https://www.performancelab.com/products/sleep,Performance Lab Sleep (+1 more),KEEP_AFFILIATE_RETAIN,None - Topically Relevant Editorial / Affiliate Link,High,2,1,2,50%,-,0,0%,100%,0,0,9,100%,no,yes,1,0%,1752369244,1775522914,Niche-aligned source with a natural anchor distribution (100% branded/URL anchors).
nutrilistico.de,https://www.performancelab.com/ (+1 more),https://www.performancelab.com (+1 more),KEEP_AFFILIATE_RETAIN,None - Topically Relevant Editorial / Affiliate Link,High,2,1,2,50%,-,2,0%,50%,0,0,24,0%,no,yes,2,0%,1753675046,1780468276,Niche-aligned source with a natural anchor distribution (50% branded/URL anchors).
mouans-immobilier.com,https://www.performancelab.com/blogs/immune/glutathione-and-vitamin-c,Glutathione and Vitamin C: Why You Should Take Them Together,KEEP_AFFILIATE_RETAIN,None - Topically Relevant Editorial / Affiliate Link,High,2,2,1,100%,-,2,0%,0%,0,0,9,0%,no,yes,1,0%,1753783997,1786402847,Niche-aligned source with a natural anchor distribution (0% branded/URL anchors).
swimmersworld.co.uk,https://www.performancelab.com/blogs/nutrition/pros-and-cons-of-pre-workout-supplements,Modern pre-workout formulas (+1 more),KEEP_AFFILIATE_RETAIN,None - Topically Relevant Editorial / Affiliate Link,High,2,1,2,50%,-,2,0%,0%,0,0,39,0%,no,yes,1,0%,1754178821,1787300639,Niche-aligned source with a natural anchor distribution (0% branded/URL anchors).
alianzaestrategica.edu.pe,https://www.performancelab.com/cdn/shop/articles/Webp.net-resizeimage_-_2022-03-24T104748.022.jpg?v=1648118886 (+1 more),Do Probiotics Cause Gas? Performance Lab® (+1 more),KEEP_AFFILIATE_RETAIN,None - Topically Relevant Editorial / Affiliate Link,High,2,2,2,50%,-,2,0%,50%,0,0,11,0%,no,yes,2,0%,1754239221,1772654399,Niche-aligned source with a natural anchor distribution (50% branded/URL anchors).
pullulan.net,https://www.performancelab.com/products/nutrigenesis-multi-women (+1 more),(empty/image),KEEP_AFFILIATE_RETAIN,None - Topically Relevant Editorial / Affiliate Link,High,2,2,1,100%,-,2,0%,0%,0,0,0,0%,no,yes,2,0%,1755255504,1787617186,Niche-aligned source with a natural anchor distribution (0% branded/URL anchors).
trimdownandshapeup.com,https://www.performancelab.com/blogs/fat-loss/magnesium-for-weight-loss?srsltid=AfmBOoo-0jP_5lfZrQ_LJdx_7ZeCsrIOy12Q6V65RQmqrjx2g_V_5y2y (+1 more),https://www.performancelab.com/blogs/fat-loss/magnesium-for-weight-loss?srsltid=AfmBOoo-0jP_5lfZrQ_LJdx_7ZeCsrIOy12Q6V65RQmqrjx2g_V_5y2y (+1 more),KEEP_AFFILIATE_RETAIN,None - Topically Relevant Editorial / Affiliate Link,High,2,1,2,50%,-,2,0%,100%,0,0,31,0%,no,yes,2,0%,1755833020,1777956069,Niche-aligned source with a natural anchor distribution (100% branded/URL anchors).
quik-news.com,https://uk.performancelab.com/products/d3k2,from £19 (+1 more),KEEP_AFFILIATE_RETAIN,None - Topically Relevant Editorial / Affiliate Link,High,2,1,2,50%,-,2,0%,50%,0,0,39,0%,no,yes,1,100%,1759557893,1783334887,Niche-aligned source with a natural anchor distribution (50% branded/URL anchors).
dayofdifference.org.au,https://www.performancelab.com/blogs/nutrition/what-is-ug (+1 more),What is ug?: A Guide to Vitamin Measurements - Performance Lab® (+1 more),KEEP_AFFILIATE_RETAIN,None - Topically Relevant Editorial / Affiliate Link,High,2,2,2,50%,-,0,50%,50%,0,0,10,100%,no,yes,2,0%,1759904356,1786345988,Niche-aligned source with a natural anchor distribution (50% branded/URL anchors).
newshealthwatch.com,https://www.performancelab.com/blogs/mct/mct-oil-before-bed (+1 more),Medium Chain Triglycerides (MCT) (+1 more),KEEP_AFFILIATE_RETAIN,None - Topically Relevant Editorial / Affiliate Link,High,2,2,2,50%,-,1,0%,0%,0,0,38,50%,no,yes,2,0%,1760020449,1775197994,Niche-aligned source with a natural anchor distribution (0% branded/URL anchors).
healthmassive.blog,https://www.performancelab.com/blogs/caffeine-2/caffeine-anhydrous (+1 more),Caffeine Anhydrous (+1 more),KEEP_AFFILIATE_RETAIN,None - Topically Relevant Editorial / Affiliate Link,High,2,2,2,50%,-,2,0%,0%,0,0,6,0%,no,yes,2,100%,1760119777,1782798725,Niche-aligned source with a natural anchor distribution (0% branded/URL anchors).
keepthebody.com,https://www.performancelab.com/blogs/fitness/beta-alanine-dosage-for-bodybuilding (+1 more),https://www.performancelab.com/blogs/fitness/beta-alanine-dosage-for-bodybuilding (+1 more),KEEP_AFFILIATE_RETAIN,None - Brand Mention / Citation,Medium,2,2,2,50%,-,2,0%,100%,0,0,15,0%,no,no,2,0%,1760596724,1786816400,100% branded or bare-URL anchors; reads as an unsolicited citation rather than a placed link.
newsdirected.com,https://www.performancelab.com/products/vision (+1 more),(empty/image),KEEP_AFFILIATE_RETAIN,None - Topically Relevant Editorial / Affiliate Link,High,2,2,1,100%,-,2,0%,0%,0,0,0,0%,no,yes,2,0%,1760625805,1787257251,Niche-aligned source with a natural anchor distribution (0% branded/URL anchors).
sleeplognote.com,https://www.performancelab.com/blogs/sleep/sleep-performance-benefits-montmorency-tart-cherry,Montmorency Tart Cherry: Benefits for Sleep and Performance,KEEP_AFFILIATE_RETAIN,None - Topically Relevant Editorial / Affiliate Link,High,2,2,1,100%,-,2,0%,0%,0,0,8,0%,no,yes,1,0%,1760642709,1787007616,Niche-aligned source with a natural anchor distribution (0% branded/URL anchors).
wellsquad.com,https://www.performancelab.com/products/flex,Check out Performance Lab Flex here (+1 more),KEEP_AFFILIATE_RETAIN,None - Topically Relevant Editorial / Affiliate Link,High,2,1,2,50%,-,2,0%,100%,1,1,27,0%,no,yes,1,0%,1760844271,1786932561,Niche-aligned source with a natural anchor distribution (100% branded/URL anchors).
criteriul.ro,https://www.performancelab.com/blogs/multi/what-vitamins-should-a-30-year-old-man-take,studiu,KEEP_AFFILIATE_RETAIN,None - Topically Relevant Editorial / Affiliate Link,High,2,2,1,100%,-,2,0%,0%,0,0,56,0%,no,yes,1,0%,1761099339,1787452326,Niche-aligned source with a natural anchor distribution (0% branded/URL anchors).
americanstartups.com,https://www.performancelab.com/products/mind-lab-pro?a_aid=6478a498896ed&a_bid=aa4be909 (+1 more),Buy Now (+1 more),KEEP_AFFILIATE_RETAIN,None - Tracked Affiliate Partner,High,2,1,2,50%,-,2,0%,50%,0,0,16,0%,no,yes,2,0%,1761262427,1787571033,"50% of destinations carry the programme's a_aid/a_bid parameters, so this is a tracked affiliate. Commercial anchors are expected of an affiliate and the brief protects the placement; no structural spam signature fired."
singaporeanloves.com,https://www.performancelab.com/products/nutrigenesis-multi-men?a_aid=5ad38200d5639&a_bid=58103d09&data1=sgl-pl-multi-for-men&data2=pl-multi-for-men-sgl (+1 more),(empty/image),KEEP_AFFILIATE_RETAIN,None - Redirect / Tracking Host (Behavioural Match),High,2,1,1,100%,-,2,0%,0%,0,0,0,0%,no,yes,2,0%,1761449953,1787198036,"No outbound links of its own, 100% empty anchors, and 50% of destinations carry the programme's affiliate parameters. This is link tracking, whatever the domain is called."
bethelean.kr,http://global.performancelab.com/,performancelab.com,KEEP_AFFILIATE_RETAIN,None - Brand Mention / Citation,Medium,2,2,1,100%,-,0,0%,100%,0,0,11,100%,no,no,1,0%,1761645917,1773985327,100% branded or bare-URL anchors; reads as an unsolicited citation rather than a placed link.
healthbeautyanswers.com,https://www.performancelab.com/products/flex (+1 more),(empty/image) (+1 more),KEEP_AFFILIATE_RETAIN,None - Topically Relevant Editorial / Affiliate Link,High,2,2,2,50%,-,2,0%,0%,0,0,2,0%,no,yes,2,0%,1761675028,1786899168,Niche-aligned source with a natural anchor distribution (0% branded/URL anchors).
greengurunutrition.com,https://global.performancelab.com/products/energy,Performance Lab website (+1 more),KEEP_AFFILIATE_RETAIN,None - Topically Relevant Editorial / Affiliate Link,High,2,1,2,50%,-,0,0%,50%,0,0,6,100%,no,yes,1,0%,1761824411,1787049821,Niche-aligned source with a natural anchor distribution (50% branded/URL anchors).
nootropicosya.com,https://www.performancelab.com/?a_aid=5d5c4d25e4599&a_bid=a2ad38c1,Performance Lab Mind + Performance Lab Stim (+1 more),KEEP_AFFILIATE_RETAIN,None - Tracked Affiliate Partner,High,2,1,2,50%,-,2,0%,50%,0,0,17,0%,no,yes,1,0%,1761897092,1786425959,"100% of destinations carry the programme's a_aid/a_bid parameters, so this is a tracked affiliate. Commercial anchors are expected of an affiliate and the brief protects the placement; no structural spam signature fired."
gymbeam.ba,https://www.performancelab.com/blogs/pre/are-creatine-and-caffeine-dangerous-together (+1 more),https://www.performancelab.com/blogs/pre/are-creatine-and-caffeine-dangerous-together (+1 more),KEEP_AFFILIATE_RETAIN,None - Topically Relevant Editorial / Affiliate Link,High,2,2,2,50%,-,0,0%,100%,1,1,21,100%,no,yes,2,0%,1761904267,1787025993,Niche-aligned source with a natural anchor distribution (100% branded/URL anchors).
e-directory2u.com,https://www.performancelab.com/?a_aid=68990cbe508aa&a_bid=a2ad38c1,https://www.performancelab.com/?a_aid=68990cbe508aa&a_bid=a2ad38c1,KEEP_AFFILIATE_RETAIN,None - Tracked Affiliate Partner,High,2,2,1,100%,-,2,0%,100%,0,0,2,0%,no,yes,1,0%,1762701488,1784917815,"100% of destinations carry the programme's a_aid/a_bid parameters, so this is a tracked affiliate. Commercial anchors are expected of an affiliate and the brief protects the placement; no structural spam signature fired."
directory-cube.com,https://www.performancelab.com/?a_aid=68990cbe508aa&a_bid=a2ad38c1,https://www.performancelab.com/?a_aid=68990cbe508aa&a_bid=a2ad38c1,KEEP_AFFILIATE_RETAIN,None - Tracked Affiliate Partner,High,2,2,1,100%,-,2,0%,100%,0,0,2,0%,no,yes,1,0%,1763002806,1786889040,"100% of destinations carry the programme's a_aid/a_bid parameters, so this is a tracked affiliate. Commercial anchors are expected of an affiliate and the brief protects the placement; no structural spam signature fired."
seeyoudirectory.com,https://www.performancelab.com/?a_aid=68990cbe508aa&a_bid=a2ad38c1,https://www.performancelab.com/?a_aid=68990cbe508aa&a_bid=a2ad38c1,KEEP_AFFILIATE_RETAIN,None - Tracked Affiliate Partner,High,2,2,1,100%,-,2,0%,100%,0,0,2,0%,no,yes,1,0%,1763224521,1785944347,"100% of destinations carry the programme's a_aid/a_bid parameters, so this is a tracked affiliate. Commercial anchors are expected of an affiliate and the brief protects the placement; no structural spam signature fired."
2020-directory.com,https://www.performancelab.com/?a_aid=68990cbe508aa&a_bid=a2ad38c1,https://www.performancelab.com/?a_aid=68990cbe508aa&a_bid=a2ad38c1,KEEP_AFFILIATE_RETAIN,None - Tracked Affiliate Partner,High,2,2,1,100%,-,2,0%,100%,0,0,2,0%,no,yes,1,0%,1763224684,1787118575,"100% of destinations carry the programme's a_aid/a_bid parameters, so this is a tracked affiliate. Commercial anchors are expected of an affiliate and the brief protects the placement; no structural spam signature fired."
ebiz-directory.com,https://www.performancelab.com/?a_aid=68990cbe508aa&a_bid=a2ad38c1,https://www.performancelab.com/?a_aid=68990cbe508aa&a_bid=a2ad38c1,KEEP_AFFILIATE_RETAIN,None - Tracked Affiliate Partner,High,2,2,1,100%,-,2,0%,100%,0,0,2,0%,no,yes,1,0%,1763335609,1787620548,"100% of destinations carry the programme's a_aid/a_bid parameters, so this is a tracked affiliate. Commercial anchors are expected of an affiliate and the brief protects the placement; no structural spam signature fired."
cbpsdirectory.com,https://www.performancelab.com/?a_aid=68990cbe508aa&a_bid=a2ad38c1,https://www.performancelab.com/?a_aid=68990cbe508aa&a_bid=a2ad38c1,KEEP_AFFILIATE_RETAIN,None - Tracked Affiliate Partner,High,2,2,1,100%,-,2,0%,100%,0,0,2,0%,no,yes,1,0%,1763378633,1787568451,"100% of destinations carry the programme's a_aid/a_bid parameters, so this is a tracked affiliate. Commercial anchors are expected of an affiliate and the brief protects the placement; no structural spam signature fired."
nerodirectory.com,https://www.performancelab.com/?a_aid=68990cbe508aa&a_bid=a2ad38c1,https://www.performancelab.com/?a_aid=68990cbe508aa&a_bid=a2ad38c1,KEEP_AFFILIATE_RETAIN,None - Tracked Affiliate Partner,High,2,2,1,100%,-,2,0%,100%,0,0,2,0%,no,yes,1,0%,1763384283,1787003708,"100% of destinations carry the programme's a_aid/a_bid parameters, so this is a tracked affiliate. Commercial anchors are expected of an affiliate and the brief protects the placement; no structural spam signature fired."
thedeepdirectory.com,https://www.performancelab.com/?a_aid=68990cbe508aa&a_bid=a2ad38c1,https://www.performancelab.com/?a_aid=68990cbe508aa&a_bid=a2ad38c1,KEEP_AFFILIATE_RETAIN,None - Tracked Affiliate Partner,High,2,2,1,100%,-,2,0%,100%,0,0,2,0%,no,yes,1,0%,1763397543,1786875916,"100% of destinations carry the programme's a_aid/a_bid parameters, so this is a tracked affiliate. Commercial anchors are expected of an affiliate and the brief protects the placement; no structural spam signature fired."
directory-engine.com,https://www.performancelab.com/?a_aid=68990cbe508aa&a_bid=a2ad38c1,https://www.performancelab.com/?a_aid=68990cbe508aa&a_bid=a2ad38c1,KEEP_AFFILIATE_RETAIN,None - Tracked Affiliate Partner,High,2,2,1,100%,-,2,0%,100%,0,0,2,0%,no,yes,1,0%,1763432124,1787578122,"100% of destinations carry the programme's a_aid/a_bid parameters, so this is a tracked affiliate. Commercial anchors are expected of an affiliate and the brief protects the placement; no structural spam signature fired."
viewsdirectory.com,https://www.performancelab.com/?a_aid=68990cbe508aa&a_bid=a2ad38c1,https://www.performancelab.com/?a_aid=68990cbe508aa&a_bid=a2ad38c1,KEEP_AFFILIATE_RETAIN,None - Tracked Affiliate Partner,High,2,2,1,100%,-,2,0%,100%,0,0,2,0%,no,yes,1,0%,1763480600,1787307754,"100% of destinations carry the programme's a_aid/a_bid parameters, so this is a tracked affiliate. Commercial anchors are expected of an affiliate and the brief protects the placement; no structural spam signature fired."
princedirectory.com,https://www.performancelab.com/?a_aid=68990cbe508aa&a_bid=a2ad38c1,https://www.performancelab.com/?a_aid=68990cbe508aa&a_bid=a2ad38c1,KEEP_AFFILIATE_RETAIN,None - Tracked Affiliate Partner,High,2,2,1,100%,-,2,0%,100%,0,0,2,0%,no,yes,1,0%,1763506014,1784482593,"100% of destinations carry the programme's a_aid/a_bid parameters, so this is a tracked affiliate. Commercial anchors are expected of an affiliate and the brief protects the placement; no structural spam signature fired."
studio-directory.com,https://www.performancelab.com/?a_aid=68990cbe508aa&a_bid=a2ad38c1,https://www.performancelab.com/?a_aid=68990cbe508aa&a_bid=a2ad38c1,KEEP_AFFILIATE_RETAIN,None - Tracked Affiliate Partner,High,2,2,1,100%,-,2,0%,100%,0,0,2,0%,no,yes,1,0%,1763534211,1786849621,"100% of destinations carry the programme's a_aid/a_bid parameters, so this is a tracked affiliate. Commercial anchors are expected of an affiliate and the brief protects the placement; no structural spam signature fired."
simbadirectory.com,https://www.performancelab.com/?a_aid=68990cbe508aa&a_bid=a2ad38c1,https://www.performancelab.com/?a_aid=68990cbe508aa&a_bid=a2ad38c1,KEEP_AFFILIATE_RETAIN,None - Tracked Affiliate Partner,High,2,2,1,100%,-,2,0%,100%,0,0,2,0%,no,yes,1,0%,1763577042,1787482945,"100% of destinations carry the programme's a_aid/a_bid parameters, so this is a tracked affiliate. Commercial anchors are expected of an affiliate and the brief protects the placement; no structural spam signature fired."
prxdirectory.com,https://www.performancelab.com/?a_aid=68990cbe508aa&a_bid=a2ad38c1,https://www.performancelab.com/?a_aid=68990cbe508aa&a_bid=a2ad38c1,KEEP_AFFILIATE_RETAIN,None - Tracked Affiliate Partner,High,2,2,1,100%,-,2,0%,100%,0,0,2,0%,no,yes,1,0%,1763631770,1787083121,"100% of destinations carry the programme's a_aid/a_bid parameters, so this is a tracked affiliate. Commercial anchors are expected of an affiliate and the brief protects the placement; no structural spam signature fired."
sectordirectory.com,https://www.performancelab.com/?a_aid=68990cbe508aa&a_bid=a2ad38c1,https://www.performancelab.com/?a_aid=68990cbe508aa&a_bid=a2ad38c1,KEEP_AFFILIATE_RETAIN,None - Tracked Affiliate Partner,High,2,2,1,100%,-,2,0%,100%,0,0,2,0%,no,yes,1,0%,1763723589,1786675681,"100% of destinations carry the programme's a_aid/a_bid parameters, so this is a tracked affiliate. Commercial anchors are expected of an affiliate and the brief protects the placement; no structural spam signature fired."
netwebdirectory.com,https://www.performancelab.com/?a_aid=68990cbe508aa&a_bid=a2ad38c1,https://www.performancelab.com/?a_aid=68990cbe508aa&a_bid=a2ad38c1,KEEP_AFFILIATE_RETAIN,None - Tracked Affiliate Partner,High,2,2,1,100%,-,2,0%,100%,0,0,2,0%,no,yes,1,0%,1763850178,1787596364,"100% of destinations carry the programme's a_aid/a_bid parameters, so this is a tracked affiliate. Commercial anchors are expected of an affiliate and the brief protects the placement; no structural spam signature fired."
vietbizdirectory.com,https://www.performancelab.com/?a_aid=68990cbe508aa&a_bid=a2ad38c1,https://www.performancelab.com/?a_aid=68990cbe508aa&a_bid=a2ad38c1,KEEP_AFFILIATE_RETAIN,None - Tracked Affiliate Partner,High,2,2,1,100%,-,2,0%,100%,0,0,2,0%,no,yes,1,0%,1763910944,1787309889,"100% of destinations carry the programme's a_aid/a_bid parameters, so this is a tracked affiliate. Commercial anchors are expected of an affiliate and the brief protects the placement; no structural spam signature fired."
freeurldirectory.com,https://www.performancelab.com/?a_aid=68990cbe508aa&a_bid=a2ad38c1,https://www.performancelab.com/?a_aid=68990cbe508aa&a_bid=a2ad38c1,KEEP_AFFILIATE_RETAIN,None - Tracked Affiliate Partner,High,2,2,1,100%,-,2,0%,100%,0,0,2,0%,no,yes,1,0%,1763914420,1787522372,"100% of destinations carry the programme's a_aid/a_bid parameters, so this is a tracked affiliate. Commercial anchors are expected of an affiliate and the brief protects the placement; no structural spam signature fired."
mynichedirectory.com,https://www.performancelab.com/?a_aid=68990cbe508aa&a_bid=a2ad38c1,https://www.performancelab.com/?a_aid=68990cbe508aa&a_bid=a2ad38c1,KEEP_AFFILIATE_RETAIN,None - Tracked Affiliate Partner,High,2,2,1,100%,-,2,0%,100%,0,0,2,0%,no,yes,1,0%,1763917313,1787418653,"100% of destinations carry the programme's a_aid/a_bid parameters, so this is a tracked affiliate. Commercial anchors are expected of an affiliate and the brief protects the placement; no structural spam signature fired."
web-directory4.com,https://www.performancelab.com/?a_aid=68990cbe508aa&a_bid=a2ad38c1,https://www.performancelab.com/?a_aid=68990cbe508aa&a_bid=a2ad38c1,KEEP_AFFILIATE_RETAIN,None - Tracked Affiliate Partner,High,2,2,1,100%,-,2,0%,100%,0,0,2,0%,no,yes,1,0%,1764048109,1787175411,"100% of destinations carry the programme's a_aid/a_bid parameters, so this is a tracked affiliate. Commercial anchors are expected of an affiliate and the brief protects the placement; no structural spam signature fired."
directoryrecap.com,https://www.performancelab.com/?a_aid=68990cbe508aa&a_bid=a2ad38c1,https://www.performancelab.com/?a_aid=68990cbe508aa&a_bid=a2ad38c1,KEEP_AFFILIATE_RETAIN,None - Tracked Affiliate Partner,High,2,2,1,100%,-,2,0%,100%,0,0,2,0%,no,yes,1,0%,1764050530,1787047339,"100% of destinations carry the programme's a_aid/a_bid parameters, so this is a tracked affiliate. Commercial anchors are expected of an affiliate and the brief protects the placement; no structural spam signature fired."
ourbigdirectory.com,https://www.performancelab.com/?a_aid=68990cbe508aa&a_bid=a2ad38c1,https://www.performancelab.com/?a_aid=68990cbe508aa&a_bid=a2ad38c1,KEEP_AFFILIATE_RETAIN,None - Tracked Affiliate Partner,High,2,2,1,100%,-,2,0%,100%,0,0,2,0%,no,yes,1,0%,1764056591,1786655599,"100% of destinations carry the programme's a_aid/a_bid parameters, so this is a tracked affiliate. Commercial anchors are expected of an affiliate and the brief protects the placement; no structural spam signature fired."
thulatula.com,https://www.performancelab.com/blogs/sleep/effective-tips-to-prevent-tossing-and-turning-at-night,10 Effective Tips to Prevent Tossing and Turning at Night (+1 more),KEEP_AFFILIATE_RETAIN,None - Topically Relevant Editorial / Affiliate Link,High,2,1,2,50%,-,2,0%,0%,3,3,10,0%,no,yes,1,0%,1764156273,1772963348,Niche-aligned source with a natural anchor distribution (0% branded/URL anchors).
britedirectory.com,https://www.performancelab.com/?a_aid=68990cbe508aa&a_bid=a2ad38c1,https://www.performancelab.com/?a_aid=68990cbe508aa&a_bid=a2ad38c1,KEEP_AFFILIATE_RETAIN,None - Tracked Affiliate Partner,High,2,2,1,100%,-,2,0%,100%,0,0,2,0%,no,yes,1,0%,1764219592,1783425742,"100% of destinations carry the programme's a_aid/a_bid parameters, so this is a tracked affiliate. Commercial anchors are expected of an affiliate and the brief protects the placement; no structural spam signature fired."
begindirectory.com,https://www.performancelab.com/?a_aid=68990cbe508aa&a_bid=a2ad38c1,https://www.performancelab.com/?a_aid=68990cbe508aa&a_bid=a2ad38c1,KEEP_AFFILIATE_RETAIN,None - Tracked Affiliate Partner,High,2,2,1,100%,-,2,0%,100%,0,0,2,0%,no,yes,1,0%,1764329836,1781060405,"100% of destinations carry the programme's a_aid/a_bid parameters, so this is a tracked affiliate. Commercial anchors are expected of an affiliate and the brief protects the placement; no structural spam signature fired."
glowingdirectory.com,https://www.performancelab.com/?a_aid=68990cbe508aa&a_bid=a2ad38c1,https://www.performancelab.com/?a_aid=68990cbe508aa&a_bid=a2ad38c1,KEEP_AFFILIATE_RETAIN,None - Tracked Affiliate Partner,High,2,2,1,100%,-,2,0%,100%,0,0,2,0%,no,yes,1,0%,1764336595,1783695343,"100% of destinations carry the programme's a_aid/a_bid parameters, so this is a tracked affiliate. Commercial anchors are expected of an affiliate and the brief protects the placement; no structural spam signature fired."
ukdirectorylist.com,https://www.performancelab.com/?a_aid=68990cbe508aa&a_bid=a2ad38c1,https://www.performancelab.com/?a_aid=68990cbe508aa&a_bid=a2ad38c1,KEEP_AFFILIATE_RETAIN,None - Tracked Affiliate Partner,High,2,2,1,100%,-,2,0%,100%,0,0,2,0%,no,yes,1,0%,1764358685,1782514808,"100% of destinations carry the programme's a_aid/a_bid parameters, so this is a tracked affiliate. Commercial anchors are expected of an affiliate and the brief protects the placement; no structural spam signature fired."
deepodirectory.com,https://www.performancelab.com/?a_aid=68990cbe508aa&a_bid=a2ad38c1,https://www.performancelab.com/?a_aid=68990cbe508aa&a_bid=a2ad38c1,KEEP_AFFILIATE_RETAIN,None - Tracked Affiliate Partner,High,2,2,1,100%,-,2,0%,100%,0,0,2,0%,no,yes,1,0%,1764361731,1787424123,"100% of destinations carry the programme's a_aid/a_bid parameters, so this is a tracked affiliate. Commercial anchors are expected of an affiliate and the brief protects the placement; no structural spam signature fired."
limawebdirectory.com,https://www.performancelab.com/?a_aid=68990cbe508aa&a_bid=a2ad38c1,https://www.performancelab.com/?a_aid=68990cbe508aa&a_bid=a2ad38c1,KEEP_AFFILIATE_RETAIN,None - Tracked Affiliate Partner,High,2,2,1,100%,-,2,0%,100%,0,0,2,0%,no,yes,1,0%,1764362558,1782785463,"100% of destinations carry the programme's a_aid/a_bid parameters, so this is a tracked affiliate. Commercial anchors are expected of an affiliate and the brief protects the placement; no structural spam signature fired."
mydirectoryspace.com,https://www.performancelab.com/?a_aid=68990cbe508aa&a_bid=a2ad38c1,https://www.performancelab.com/?a_aid=68990cbe508aa&a_bid=a2ad38c1,KEEP_AFFILIATE_RETAIN,None - Tracked Affiliate Partner,High,2,2,1,100%,-,2,0%,100%,0,0,2,0%,no,yes,1,0%,1764370084,1787241301,"100% of destinations carry the programme's a_aid/a_bid parameters, so this is a tracked affiliate. Commercial anchors are expected of an affiliate and the brief protects the placement; no structural spam signature fired."
directory-store.com,https://www.performancelab.com/?a_aid=68990cbe508aa&a_bid=a2ad38c1,https://www.performancelab.com/?a_aid=68990cbe508aa&a_bid=a2ad38c1,KEEP_AFFILIATE_RETAIN,None - Tracked Affiliate Partner,High,2,2,1,100%,-,2,0%,100%,0,0,2,0%,no,yes,1,0%,1764401096,1787203459,"100% of destinations carry the programme's a_aid/a_bid parameters, so this is a tracked affiliate. Commercial anchors are expected of an affiliate and the brief protects the placement; no structural spam signature fired."
directoryweburl.com,https://www.performancelab.com/?a_aid=68990cbe508aa&a_bid=a2ad38c1,https://www.performancelab.com/?a_aid=68990cbe508aa&a_bid=a2ad38c1,KEEP_AFFILIATE_RETAIN,None - Tracked Affiliate Partner,High,2,2,1,100%,-,2,0%,100%,0,0,2,0%,no,yes,1,0%,1764498857,1782932061,"100% of destinations carry the programme's a_aid/a_bid parameters, so this is a tracked affiliate. Commercial anchors are expected of an affiliate and the brief protects the placement; no structural spam signature fired."
aglocodirectory.com,https://www.performancelab.com/?a_aid=68990cbe508aa&a_bid=a2ad38c1,https://www.performancelab.com/?a_aid=68990cbe508aa&a_bid=a2ad38c1,KEEP_AFFILIATE_RETAIN,None - Tracked Affiliate Partner,High,2,2,1,100%,-,2,0%,100%,0,0,2,0%,no,yes,1,0%,1764608028,1787447788,"100% of destinations carry the programme's a_aid/a_bid parameters, so this is a tracked affiliate. Commercial anchors are expected of an affiliate and the brief protects the placement; no structural spam signature fired."
zopedirectory.com,https://www.performancelab.com/?a_aid=68990cbe508aa&a_bid=a2ad38c1,https://www.performancelab.com/?a_aid=68990cbe508aa&a_bid=a2ad38c1,KEEP_AFFILIATE_RETAIN,None - Tracked Affiliate Partner,High,2,2,1,100%,-,2,0%,100%,0,0,2,0%,no,yes,1,0%,1764616759,1784754143,"100% of destinations carry the programme's a_aid/a_bid parameters, so this is a tracked affiliate. Commercial anchors are expected of an affiliate and the brief protects the placement; no structural spam signature fired."
lifewebdirectory.com,https://www.performancelab.com/?a_aid=68990cbe508aa&a_bid=a2ad38c1,https://www.performancelab.com/?a_aid=68990cbe508aa&a_bid=a2ad38c1,KEEP_AFFILIATE_RETAIN,None - Tracked Affiliate Partner,High,2,2,1,100%,-,2,0%,100%,0,0,2,0%,no,yes,1,0%,1764688473,1785823673,"100% of destinations carry the programme's a_aid/a_bid parameters, so this is a tracked affiliate. Commercial anchors are expected of an affiliate and the brief protects the placement; no structural spam signature fired."
bomadirectory.com,https://www.performancelab.com/?a_aid=68990cbe508aa&a_bid=a2ad38c1,https://www.performancelab.com/?a_aid=68990cbe508aa&a_bid=a2ad38c1,KEEP_AFFILIATE_RETAIN,None - Tracked Affiliate Partner,High,2,2,1,100%,-,2,0%,100%,0,0,2,0%,no,yes,1,0%,1764739699,1782649042,"100% of destinations carry the programme's a_aid/a_bid parameters, so this is a tracked affiliate. Commercial anchors are expected of an affiliate and the brief protects the placement; no structural spam signature fired."
new-webdirectory.com,https://www.performancelab.com/?a_aid=68990cbe508aa&a_bid=a2ad38c1,https://www.performancelab.com/?a_aid=68990cbe508aa&a_bid=a2ad38c1,KEEP_AFFILIATE_RETAIN,None - Tracked Affiliate Partner,High,2,2,1,100%,-,2,0%,100%,0,0,2,0%,no,yes,1,0%,1764764580,1786618990,"100% of destinations carry the programme's a_aid/a_bid parameters, so this is a tracked affiliate. Commercial anchors are expected of an affiliate and the brief protects the placement; no structural spam signature fired."
directory-expert.com,https://www.performancelab.com/?a_aid=68990cbe508aa&a_bid=a2ad38c1,https://www.performancelab.com/?a_aid=68990cbe508aa&a_bid=a2ad38c1,KEEP_AFFILIATE_RETAIN,None - Tracked Affiliate Partner,High,2,2,1,100%,-,2,0%,100%,0,0,2,0%,no,yes,1,0%,1764796795,1784497118,"100% of destinations carry the programme's a_aid/a_bid parameters, so this is a tracked affiliate. Commercial anchors are expected of an affiliate and the brief protects the placement; no structural spam signature fired."
affiliategrowth.net,https://performancelab.com/ (+1 more),https://performancelab.com (+1 more),KEEP_AFFILIATE_RETAIN,None - Topically Relevant Editorial / Affiliate Link,High,2,1,2,50%,-,2,0%,100%,0,0,5,0%,no,yes,2,0%,1764824461,1780249592,Niche-aligned source with a natural anchor distribution (100% branded/URL anchors).
myindexdirectory.com,https://www.performancelab.com/?a_aid=68990cbe508aa&a_bid=a2ad38c1,https://www.performancelab.com/?a_aid=68990cbe508aa&a_bid=a2ad38c1,KEEP_AFFILIATE_RETAIN,None - Tracked Affiliate Partner,High,2,2,1,100%,-,2,0%,100%,0,0,2,0%,no,yes,1,0%,1764834470,1783002806,"100% of destinations carry the programme's a_aid/a_bid parameters, so this is a tracked affiliate. Commercial anchors are expected of an affiliate and the brief protects the placement; no structural spam signature fired."
coolbizdirectory.com,https://www.performancelab.com/?a_aid=68990cbe508aa&a_bid=a2ad38c1,https://www.performancelab.com/?a_aid=68990cbe508aa&a_bid=a2ad38c1,KEEP_AFFILIATE_RETAIN,None - Tracked Affiliate Partner,High,2,2,1,100%,-,2,0%,100%,0,0,2,0%,no,yes,1,0%,1764868229,1787612170,"100% of destinations carry the programme's a_aid/a_bid parameters, so this is a tracked affiliate. Commercial anchors are expected of an affiliate and the brief protects the placement; no structural spam signature fired."
zed-directory.com,https://www.performancelab.com/?a_aid=68990cbe508aa&a_bid=a2ad38c1,https://www.performancelab.com/?a_aid=68990cbe508aa&a_bid=a2ad38c1,KEEP_AFFILIATE_RETAIN,None - Tracked Affiliate Partner,High,2,2,1,100%,-,2,0%,100%,0,0,2,0%,no,yes,1,0%,1764936117,1782233726,"100% of destinations carry the programme's a_aid/a_bid parameters, so this is a tracked affiliate. Commercial anchors are expected of an affiliate and the brief protects the placement; no structural spam signature fired."
famous-directory.com,https://www.performancelab.com/?a_aid=68990cbe508aa&a_bid=a2ad38c1,https://www.performancelab.com/?a_aid=68990cbe508aa&a_bid=a2ad38c1,KEEP_AFFILIATE_RETAIN,None - Tracked Affiliate Partner,High,2,2,1,100%,-,2,0%,100%,0,0,2,0%,no,yes,1,0%,1765143940,1782808642,"100% of destinations carry the programme's a_aid/a_bid parameters, so this is a tracked affiliate. Commercial anchors are expected of an affiliate and the brief protects the placement; no structural spam signature fired."
accio.com,https://www.performancelab.com/blogs/omega-3/best-omega-3-supplement?srsltid=AfmBOoo-bBMnnDIFa-Lqea8QZw8tJ5vZOihGz6ZMIwrT57bOoqw65TUs (+1 more),4,KEEP_AFFILIATE_RETAIN,None - Topically Relevant Editorial / Affiliate Link,High,2,2,1,100%,-,0,0%,0%,0,0,3,100%,no,yes,2,0%,1765198214,1783504276,Niche-aligned source with a natural anchor distribution (0% branded/URL anchors).
dietofcommonsense.com,https://eu.performancelab.com/products/omega-3,Performance Lab Omega-3 (+1 more),KEEP_AFFILIATE_RETAIN,None - Topically Relevant Editorial / Affiliate Link,High,2,1,2,50%,-,2,0%,50%,0,0,20,0%,no,yes,1,0%,1765224921,1783217026,Niche-aligned source with a natural anchor distribution (50% branded/URL anchors).
directoryvenom.com,https://www.performancelab.com/?a_aid=68990cbe508aa&a_bid=a2ad38c1,https://www.performancelab.com/?a_aid=68990cbe508aa&a_bid=a2ad38c1,KEEP_AFFILIATE_RETAIN,None - Tracked Affiliate Partner,High,2,2,1,100%,-,2,0%,100%,0,0,2,0%,no,yes,1,0%,1765271934,1786514793,"100% of destinations carry the programme's a_aid/a_bid parameters, so this is a tracked affiliate. Commercial anchors are expected of an affiliate and the brief protects the placement; no structural spam signature fired."
oxodirectory.com,https://www.performancelab.com/?a_aid=68990cbe508aa&a_bid=a2ad38c1,https://www.performancelab.com/?a_aid=68990cbe508aa&a_bid=a2ad38c1,KEEP_AFFILIATE_RETAIN,None - Tracked Affiliate Partner,High,2,2,1,100%,-,2,0%,100%,0,0,2,0%,no,yes,1,0%,1765275574,1782221534,"100% of destinations carry the programme's a_aid/a_bid parameters, so this is a tracked affiliate. Commercial anchors are expected of an affiliate and the brief protects the placement; no structural spam signature fired."
directoryquick.com,https://www.performancelab.com/?a_aid=68990cbe508aa&a_bid=a2ad38c1,https://www.performancelab.com/?a_aid=68990cbe508aa&a_bid=a2ad38c1,KEEP_AFFILIATE_RETAIN,None - Tracked Affiliate Partner,High,2,2,1,100%,-,2,0%,100%,0,0,2,0%,no,yes,1,0%,1765292766,1783172932,"100% of destinations carry the programme's a_aid/a_bid parameters, so this is a tracked affiliate. Commercial anchors are expected of an affiliate and the brief protects the placement; no structural spam signature fired."
webtagdirectory.com,https://www.performancelab.com/?a_aid=68990cbe508aa&a_bid=a2ad38c1,https://www.performancelab.com/?a_aid=68990cbe508aa&a_bid=a2ad38c1,KEEP_AFFILIATE_RETAIN,None - Tracked Affiliate Partner,High,2,2,1,100%,-,2,0%,100%,0,0,2,0%,no,yes,1,0%,1765444435,1782800237,"100% of destinations carry the programme's a_aid/a_bid parameters, so this is a tracked affiliate. Commercial anchors are expected of an affiliate and the brief protects the placement; no structural spam signature fired."
directorypile.com,https://www.performancelab.com/?a_aid=68990cbe508aa&a_bid=a2ad38c1,https://www.performancelab.com/?a_aid=68990cbe508aa&a_bid=a2ad38c1,KEEP_AFFILIATE_RETAIN,None - Tracked Affiliate Partner,High,2,2,1,100%,-,2,0%,100%,0,0,2,0%,no,yes,1,0%,1765679098,1785743769,"100% of destinations carry the programme's a_aid/a_bid parameters, so this is a tracked affiliate. Commercial anchors are expected of an affiliate and the brief protects the placement; no structural spam signature fired."
directoryforever.com,https://www.performancelab.com/?a_aid=68990cbe508aa&a_bid=a2ad38c1,https://www.performancelab.com/?a_aid=68990cbe508aa&a_bid=a2ad38c1,KEEP_AFFILIATE_RETAIN,None - Tracked Affiliate Partner,High,2,2,1,100%,-,2,0%,100%,0,0,2,0%,no,yes,1,0%,1765827171,1783452915,"100% of destinations carry the programme's a_aid/a_bid parameters, so this is a tracked affiliate. Commercial anchors are expected of an affiliate and the brief protects the placement; no structural spam signature fired."
niloblog.com,https://www.performancelab.com/blogs/nutrition/feeling-tired-after-workout (+1 more),performancelab,KEEP_AFFILIATE_RETAIN,None - Brand Mention / Citation,Medium,2,2,1,100%,-,1,0%,100%,0,0,18,50%,no,no,2,0%,1765893831,1787499130,100% branded or bare-URL anchors; reads as an unsolicited citation rather than a placed link.
pageupdirectory.com,https://www.performancelab.com/?a_aid=68990cbe508aa&a_bid=a2ad38c1,https://www.performancelab.com/?a_aid=68990cbe508aa&a_bid=a2ad38c1,KEEP_AFFILIATE_RETAIN,None - Tracked Affiliate Partner,High,2,2,1,100%,-,2,0%,100%,0,0,2,0%,no,yes,1,0%,1766244788,1781934935,"100% of destinations carry the programme's a_aid/a_bid parameters, so this is a tracked affiliate. Commercial anchors are expected of an affiliate and the brief protects the placement; no structural spam signature fired."
slimdirectory.com,https://www.performancelab.com/?a_aid=68990cbe508aa&a_bid=a2ad38c1,https://www.performancelab.com/?a_aid=68990cbe508aa&a_bid=a2ad38c1,KEEP_AFFILIATE_RETAIN,None - Tracked Affiliate Partner,High,2,2,1,100%,-,2,0%,100%,0,0,2,0%,no,yes,1,0%,1766259351,1784524621,"100% of destinations carry the programme's a_aid/a_bid parameters, so this is a tracked affiliate. Commercial anchors are expected of an affiliate and the brief protects the placement; no structural spam signature fired."
freedirectory4u.com,https://www.performancelab.com/?a_aid=68990cbe508aa&a_bid=a2ad38c1,https://www.performancelab.com/?a_aid=68990cbe508aa&a_bid=a2ad38c1,KEEP_AFFILIATE_RETAIN,None - Tracked Affiliate Partner,High,2,2,1,100%,-,2,0%,100%,0,0,2,0%,no,yes,1,0%,1767063058,1782694134,"100% of destinations carry the programme's a_aid/a_bid parameters, so this is a tracked affiliate. Commercial anchors are expected of an affiliate and the brief protects the placement; no structural spam signature fired."
sellbery.com,https://www.performancelab.com/,Performance Lab (+1 more),KEEP_AFFILIATE_RETAIN,None - Brand Mention / Citation,Medium,2,1,2,50%,-,2,0%,100%,4,4,17,0%,no,no,1,0%,1767285444,1787604671,100% branded or bare-URL anchors; reads as an unsolicited citation rather than a placed link.
weightlossprocoach.com,https://www.performancelab.com/blogs/fitness/fat-loss-plateau?srsltid=AfmBOope71er1DUkC5Gl-ktfkLd2jgPwfeYQ-qNRlUUEEovctphN8Dm7,Fat Loss Plateau: How to Break Through & Avoid It,KEEP_AFFILIATE_RETAIN,None - Topically Relevant Editorial / Affiliate Link,High,2,2,1,100%,-,0,0%,0%,0,0,4,100%,no,yes,1,50%,1767516452,1786309471,Niche-aligned source with a natural anchor distribution (0% branded/URL anchors).
24by7directory.com,https://www.performancelab.com/?a_aid=68990cbe508aa&a_bid=a2ad38c1,https://www.performancelab.com/?a_aid=68990cbe508aa&a_bid=a2ad38c1,KEEP_AFFILIATE_RETAIN,None - Tracked Affiliate Partner,High,2,2,1,100%,-,2,0%,100%,0,0,2,0%,no,yes,1,0%,1767791573,1783813075,"100% of destinations carry the programme's a_aid/a_bid parameters, so this is a tracked affiliate. Commercial anchors are expected of an affiliate and the brief protects the placement; no structural spam signature fired."
irongarmx.net,https://www.performancelab.com/blogs/fitness/transform-muscle-strength-and-size-with-the-3-7-method,https://www.performancelab.com/blogs/fi ... 3-7-method,KEEP_AFFILIATE_RETAIN,None - Topically Relevant Editorial / Affiliate Link,High,2,2,1,100%,-,2,0%,100%,0,0,9,0%,no,yes,1,0%,1767898359,1771858098,Niche-aligned source with a natural anchor distribution (100% branded/URL anchors).
cueform.ai,https://www.performancelab.com/blogs/nutrition/low-back-pain-after-deadlift,[11],KEEP_AFFILIATE_RETAIN,None - Topically Relevant Editorial / Affiliate Link,High,2,2,1,100%,-,0,0%,0%,0,0,15,100%,no,yes,1,0%,1767911384,1787549194,Niche-aligned source with a natural anchor distribution (0% branded/URL anchors).
lynn-hughes.co.uk,https://uk.performancelab.com/products/d3k2,Performance Lab (£19) (+1 more),KEEP_AFFILIATE_RETAIN,None - Topically Relevant Editorial / Affiliate Link,High,2,1,2,50%,-,2,0%,50%,0,0,36,0%,no,yes,1,0%,1768034677,1780312205,Niche-aligned source with a natural anchor distribution (50% branded/URL anchors).
writingstudio.com,https://www.performancelab.com/products/vitamin-c?_pos=1&_sid=f209cfbac&_ss=r&variant=41186057879612 (+1 more),performancelab.com (+1 more),KEEP_AFFILIATE_RETAIN,None - Brand Mention / Citation,Medium,2,1,2,50%,-,2,0%,100%,3,3,12,0%,no,no,2,0%,1768286582,1786132996,100% branded or bare-URL anchors; reads as an unsolicited citation rather than a placed link.
counselheal.com,https://www.performancelab.com/blogs/nutrition/brain-bites-why-carbs-are-your-brains-best-friend,complex carbohydrates,KEEP_AFFILIATE_RETAIN,None - Topically Relevant Editorial / Affiliate Link,High,2,2,1,100%,-,0,0%,0%,0,0,9,100%,no,yes,1,0%,1768319898,1785943281,Niche-aligned source with a natural anchor distribution (0% branded/URL anchors).
webtechdirectory.com,https://www.performancelab.com/?a_aid=68990cbe508aa&a_bid=a2ad38c1,https://www.performancelab.com/?a_aid=68990cbe508aa&a_bid=a2ad38c1,KEEP_AFFILIATE_RETAIN,None - Tracked Affiliate Partner,High,2,2,1,100%,-,2,0%,100%,0,0,2,0%,no,yes,1,0%,1768601900,1783737652,"100% of destinations carry the programme's a_aid/a_bid parameters, so this is a tracked affiliate. Commercial anchors are expected of an affiliate and the brief protects the placement; no structural spam signature fired."
svkherbal.com,https://www.performancelab.com/products/sleep,8 (+1 more),KEEP_AFFILIATE_RETAIN,None - Topically Relevant Editorial / Affiliate Link,High,2,1,2,50%,-,2,0%,50%,0,0,29,0%,no,yes,1,0%,1768632485,1785538120,Niche-aligned source with a natural anchor distribution (50% branded/URL anchors).
nfo.hk,https://www.performancelab.com/blogs/omega-3/is-epa-the-new-collagen?srsltid=AfmBOor5nwjip9g0o5C086Qf9BR4T2yrfgPTJNBukTyDmas_A8MHx_Ld#:~:text=Key%20Takeaways,performancelab.com,KEEP_AFFILIATE_RETAIN,None - Topically Relevant Editorial / Affiliate Link,High,2,2,1,100%,-,2,0%,100%,0,0,16,0%,no,yes,1,0%,1769105225,1779816853,Niche-aligned source with a natural anchor distribution (100% branded/URL anchors).
enov.one,https://www.performancelab.com/blogs/nutrition/how-long-does-it-take-for-vitamin-b12-to-work,"B12 injection shots can usually be felt within 24 hours, with changes showing in blood tests after a month or two (+1 more)",KEEP_AFFILIATE_RETAIN,None - Topically Relevant Editorial / Affiliate Link,High,2,1,2,50%,-,2,0%,0%,2,2,5,0%,no,yes,1,0%,1769137529,1787279529,Niche-aligned source with a natural anchor distribution (0% branded/URL anchors).
ysdreviewsnow.com,https://www.performancelab.com/,Performance Lab (+1 more),KEEP_AFFILIATE_RETAIN,None - Brand Mention / Citation,Medium,2,1,2,50%,-,2,0%,100%,0,0,39,0%,no,no,1,0%,1769272241,1777636646,100% branded or bare-URL anchors; reads as an unsolicited citation rather than a placed link.
mirmgate.com.au,https://www.performancelab.com/blogs/nutrition/how-many-calories-do-you-burn-in-a-day-without-exercise,How Many Calories Do You Burn In A Day Without …,KEEP_AFFILIATE_RETAIN,None - Topically Relevant Editorial / Affiliate Link,High,2,2,1,100%,-,0,0%,0%,0,0,10,100%,no,yes,1,0%,1769391224,1787254343,Niche-aligned source with a natural anchor distribution (0% branded/URL anchors).
eztaxact.com,https://www.performancelab.com/,Performance Lab (+1 more),KEEP_AFFILIATE_RETAIN,None - Brand Mention / Citation,Medium,2,1,2,50%,-,0,0%,100%,0,0,28,100%,no,no,1,0%,1769450926,1778313220,100% branded or bare-URL anchors; reads as an unsolicited citation rather than a placed link.
herbsmedicine.net,https://www.performancelab.com/products/caffeine-2,https://www.performancelab.com/products/caffeine-2,KEEP_AFFILIATE_RETAIN,None - Brand Mention / Citation,Medium,2,2,1,100%,-,2,0%,100%,0,0,20,0%,no,no,1,0%,1769868738,1786065661,100% branded or bare-URL anchors; reads as an unsolicited citation rather than a placed link.
testosteronefacts.org,https://www.performancelab.com/blogs/wellness,$103.50 (original price: $207.00) (+1 more),KEEP_AFFILIATE_RETAIN,None - Topically Relevant Editorial / Affiliate Link,High,2,1,2,50%,-,2,0%,50%,0,0,11,0%,no,yes,1,0%,1770116888,1785894169,Niche-aligned source with a natural anchor distribution (50% branded/URL anchors).
holistichealthwire.com,https://www.performancelab.com/products/prebiotic,Try Performance Lab Prebiotic,KEEP_AFFILIATE_RETAIN,None - Topically Relevant Editorial / Affiliate Link,High,2,2,1,100%,-,0,0%,100%,0,0,31,100%,no,yes,1,0%,1770122691,1786162309,Niche-aligned source with a natural anchor distribution (100% branded/URL anchors).
ijest.org,https://www.performancelab.com/products/mind,Best Ritalin substitute (+1 more),KEEP_AFFILIATE_RETAIN,None - Topically Relevant Editorial / Affiliate Link,High,2,1,2,50%,-,2,0%,50%,1,1,10,0%,no,yes,1,0%,1770488857,1786959815,Niche-aligned source with a natural anchor distribution (50% branded/URL anchors).
easna.org,https://performancelab.com/products/flex?a_aid=6272695a03217&a_bid=a2ad38c1,Read Our Breakdown Of The Best Joint Supplements (+1 more),KEEP_AFFILIATE_RETAIN,None - Tracked Affiliate Partner,High,2,1,2,50%,-,2,50%,50%,0,0,4,0%,no,yes,1,0%,1770493269,1770493269,"100% of destinations carry the programme's a_aid/a_bid parameters, so this is a tracked affiliate. Commercial anchors are expected of an affiliate and the brief protects the placement; no structural spam signature fired."
omniservices.com,https://www.performancelab.com/blogs/wellness,Can You Take Mucuna Pruriens Before Sleep? - Testo Lab Pro,KEEP_AFFILIATE_RETAIN,None - Brand Mention / Citation,Medium,2,2,1,100%,-,2,0%,100%,3,3,13,0%,no,no,1,0%,1770545736,1785268049,100% branded or bare-URL anchors; reads as an unsolicited citation rather than a placed link.
scrollstash.com,https://performancelab.com/,P performancelab.com 100 % match (+1 more),KEEP_AFFILIATE_RETAIN,None - Brand Mention / Citation,Medium,2,2,2,50%,-,2,0%,100%,1,1,15,0%,no,no,1,0%,1770781157,1785682792,100% branded or bare-URL anchors; reads as an unsolicited citation rather than a placed link.
directory-boom.com,https://www.performancelab.com/?a_aid=68990cbe508aa&a_bid=a2ad38c1,https://www.performancelab.com/?a_aid=68990cbe508aa&a_bid=a2ad38c1,KEEP_AFFILIATE_RETAIN,None - Tracked Affiliate Partner,High,2,2,1,100%,-,2,0%,100%,0,0,2,0%,no,yes,1,0%,1770922114,1783019773,"100% of destinations carry the programme's a_aid/a_bid parameters, so this is a tracked affiliate. Commercial anchors are expected of an affiliate and the brief protects the placement; no structural spam signature fired."
digitalhealthbuzz.com,https://www.performancelab.com/blogs/multi/best-multivitamin-for-vegetarians,multivitamin for vegetarians,KEEP_AFFILIATE_RETAIN,None - Topically Relevant Editorial / Affiliate Link,High,2,2,1,100%,-,2,0%,0%,0,0,8,0%,no,yes,1,0%,1770962862,1787417161,Niche-aligned source with a natural anchor distribution (0% branded/URL anchors).
mentools.co,https://www.performancelab.com/blogs/multi/benefits-of-vitamin-d3-for-men,[18] (+1 more),KEEP_AFFILIATE_RETAIN,None - Topically Relevant Editorial / Affiliate Link,High,2,1,2,50%,-,2,0%,50%,0,0,52,0%,no,yes,1,0%,1770982596,1786606681,Niche-aligned source with a natural anchor distribution (50% branded/URL anchors).
monkeyviral.com,https://www.performancelab.com/products/mind-lab-pro,Click Here To Get The Lowest Price on Performance Lab Mind (+1 more),KEEP_AFFILIATE_RETAIN,None - Topically Relevant Editorial / Affiliate Link,High,2,1,2,50%,-,2,0%,100%,0,0,15,0%,no,yes,1,0%,1771060614,1774347355,Niche-aligned source with a natural anchor distribution (100% branded/URL anchors).
slipshq.com,https://www.performancelab.com/blogs/multi/vitamin-b6-for-sleep?ref=blog.slipshq.com (+1 more),Performance Lab,KEEP_AFFILIATE_RETAIN,None - Topically Relevant Editorial / Affiliate Link,High,2,1,1,100%,-,0,0%,100%,0,0,23,100%,no,yes,2,0%,1771142353,1775030771,Niche-aligned source with a natural anchor distribution (100% branded/URL anchors).
gymshock.com,https://www.performancelab.com/blogs/wellness,Check Latest Price (+1 more),KEEP_AFFILIATE_RETAIN,None - Topically Relevant Editorial / Affiliate Link,High,2,1,2,50%,-,1,0%,0%,0,0,14,50%,no,yes,1,0%,1771644470,1786807039,Niche-aligned source with a natural anchor distribution (0% branded/URL anchors).
pulsardirectory.com,https://www.performancelab.com/?a_aid=68990cbe508aa&a_bid=a2ad38c1,https://www.performancelab.com/?a_aid=68990cbe508aa&a_bid=a2ad38c1,KEEP_AFFILIATE_RETAIN,None - Tracked Affiliate Partner,High,2,2,1,100%,-,2,0%,100%,0,0,2,0%,no,yes,1,0%,1772075411,1783560589,"100% of destinations carry the programme's a_aid/a_bid parameters, so this is a tracked affiliate. Commercial anchors are expected of an affiliate and the brief protects the placement; no structural spam signature fired."
healthworldnet.com,https://www.performancelab.com/blogs/sleep/l-tryptophan-vs-5-htp-which-is-better,L-tryptophan vs. 5-HTP: Which is Better?,KEEP_AFFILIATE_RETAIN,None - Topically Relevant Editorial / Affiliate Link,High,2,2,1,100%,-,2,0%,0%,1,2,42,0%,no,yes,1,50%,1772261694,1786954107,Niche-aligned source with a natural anchor distribution (0% branded/URL anchors).
getmedirectory.com,https://www.performancelab.com/?a_aid=68990cbe508aa&a_bid=a2ad38c1,https://www.performancelab.com/?a_aid=68990cbe508aa&a_bid=a2ad38c1,KEEP_AFFILIATE_RETAIN,None - Tracked Affiliate Partner,High,2,2,1,100%,-,2,0%,100%,0,0,2,0%,no,yes,1,0%,1772328474,1783302973,"100% of destinations carry the programme's a_aid/a_bid parameters, so this is a tracked affiliate. Commercial anchors are expected of an affiliate and the brief protects the placement; no structural spam signature fired."
hotbizdirectory.com,https://www.performancelab.com/?a_aid=68990cbe508aa&a_bid=a2ad38c1,https://www.performancelab.com/?a_aid=68990cbe508aa&a_bid=a2ad38c1,KEEP_AFFILIATE_RETAIN,None - Tracked Affiliate Partner,High,2,2,1,100%,-,2,0%,100%,0,0,2,0%,no,yes,1,0%,1772334305,1784147123,"100% of destinations carry the programme's a_aid/a_bid parameters, so this is a tracked affiliate. Commercial anchors are expected of an affiliate and the brief protects the placement; no structural spam signature fired."
directory-daddy.com,https://www.performancelab.com/?a_aid=68990cbe508aa&a_bid=a2ad38c1,https://www.performancelab.com/?a_aid=68990cbe508aa&a_bid=a2ad38c1,KEEP_AFFILIATE_RETAIN,None - Tracked Affiliate Partner,High,2,2,1,100%,-,2,0%,100%,0,0,2,0%,no,yes,1,0%,1772401108,1783431627,"100% of destinations carry the programme's a_aid/a_bid parameters, so this is a tracked affiliate. Commercial anchors are expected of an affiliate and the brief protects the placement; no structural spam signature fired."
directoryserp.com,https://www.performancelab.com/?a_aid=68990cbe508aa&a_bid=a2ad38c1,https://www.performancelab.com/?a_aid=68990cbe508aa&a_bid=a2ad38c1,KEEP_AFFILIATE_RETAIN,None - Tracked Affiliate Partner,High,2,2,1,100%,-,2,0%,100%,0,0,2,0%,no,yes,1,0%,1772462497,1782977160,"100% of destinations carry the programme's a_aid/a_bid parameters, so this is a tracked affiliate. Commercial anchors are expected of an affiliate and the brief protects the placement; no structural spam signature fired."
directoryrelt.com,https://www.performancelab.com/?a_aid=68990cbe508aa&a_bid=a2ad38c1,https://www.performancelab.com/?a_aid=68990cbe508aa&a_bid=a2ad38c1,KEEP_AFFILIATE_RETAIN,None - Tracked Affiliate Partner,High,2,2,1,100%,-,2,0%,100%,0,0,2,0%,no,yes,1,0%,1772495816,1783624126,"100% of destinations carry the programme's a_aid/a_bid parameters, so this is a tracked affiliate. Commercial anchors are expected of an affiliate and the brief protects the placement; no structural spam signature fired."
forum-directory.com,https://www.performancelab.com/?a_aid=68990cbe508aa&a_bid=a2ad38c1,https://www.performancelab.com/?a_aid=68990cbe508aa&a_bid=a2ad38c1,KEEP_AFFILIATE_RETAIN,None - Tracked Affiliate Partner,High,2,2,1,100%,-,2,0%,100%,0,0,2,0%,no,yes,1,0%,1772543285,1783809917,"100% of destinations carry the programme's a_aid/a_bid parameters, so this is a tracked affiliate. Commercial anchors are expected of an affiliate and the brief protects the placement; no structural spam signature fired."
serpsdirectory.com,https://www.performancelab.com/?a_aid=68990cbe508aa&a_bid=a2ad38c1,https://www.performancelab.com/?a_aid=68990cbe508aa&a_bid=a2ad38c1,KEEP_AFFILIATE_RETAIN,None - Tracked Affiliate Partner,High,2,2,1,100%,-,2,0%,100%,0,0,2,0%,no,yes,1,0%,1772558531,1783121805,"100% of destinations carry the programme's a_aid/a_bid parameters, so this is a tracked affiliate. Commercial anchors are expected of an affiliate and the brief protects the placement; no structural spam signature fired."
directorywidzard.com,https://www.performancelab.com/?a_aid=68990cbe508aa&a_bid=a2ad38c1,https://www.performancelab.com/?a_aid=68990cbe508aa&a_bid=a2ad38c1,KEEP_AFFILIATE_RETAIN,None - Tracked Affiliate Partner,High,2,2,1,100%,-,2,0%,100%,0,0,2,0%,no,yes,1,0%,1772563333,1783393316,"100% of destinations carry the programme's a_aid/a_bid parameters, so this is a tracked affiliate. Commercial anchors are expected of an affiliate and the brief protects the placement; no structural spam signature fired."
zeedirectory.com,https://www.performancelab.com/?a_aid=68990cbe508aa&a_bid=a2ad38c1,https://www.performancelab.com/?a_aid=68990cbe508aa&a_bid=a2ad38c1,KEEP_AFFILIATE_RETAIN,None - Tracked Affiliate Partner,High,2,2,1,100%,-,2,0%,100%,0,0,2,0%,no,yes,1,0%,1772563443,1783227057,"100% of destinations carry the programme's a_aid/a_bid parameters, so this is a tracked affiliate. Commercial anchors are expected of an affiliate and the brief protects the placement; no structural spam signature fired."
tops-directory.com,https://www.performancelab.com/?a_aid=68990cbe508aa&a_bid=a2ad38c1,https://www.performancelab.com/?a_aid=68990cbe508aa&a_bid=a2ad38c1,KEEP_AFFILIATE_RETAIN,None - Tracked Affiliate Partner,High,2,2,1,100%,-,2,0%,100%,0,0,2,0%,no,yes,1,0%,1772572750,1783734506,"100% of destinations carry the programme's a_aid/a_bid parameters, so this is a tracked affiliate. Commercial anchors are expected of an affiliate and the brief protects the placement; no structural spam signature fired."
oncedirectory.com,https://www.performancelab.com/?a_aid=68990cbe508aa&a_bid=a2ad38c1,https://www.performancelab.com/?a_aid=68990cbe508aa&a_bid=a2ad38c1,KEEP_AFFILIATE_RETAIN,None - Tracked Affiliate Partner,High,2,2,1,100%,-,2,0%,100%,0,0,2,0%,no,yes,1,0%,1772573820,1783130259,"100% of destinations carry the programme's a_aid/a_bid parameters, so this is a tracked affiliate. Commercial anchors are expected of an affiliate and the brief protects the placement; no structural spam signature fired."
leedirectory.com,https://www.performancelab.com/?a_aid=68990cbe508aa&a_bid=a2ad38c1,https://www.performancelab.com/?a_aid=68990cbe508aa&a_bid=a2ad38c1,KEEP_AFFILIATE_RETAIN,None - Tracked Affiliate Partner,High,2,2,1,100%,-,2,0%,100%,0,0,2,0%,no,yes,1,0%,1772593402,1783613481,"100% of destinations carry the programme's a_aid/a_bid parameters, so this is a tracked affiliate. Commercial anchors are expected of an affiliate and the brief protects the placement; no structural spam signature fired."
e-web-directory.com,https://www.performancelab.com/?a_aid=68990cbe508aa&a_bid=a2ad38c1,https://www.performancelab.com/?a_aid=68990cbe508aa&a_bid=a2ad38c1,KEEP_AFFILIATE_RETAIN,None - Tracked Affiliate Partner,High,2,2,1,100%,-,2,0%,100%,0,0,2,0%,no,yes,1,0%,1772609958,1784011764,"100% of destinations carry the programme's a_aid/a_bid parameters, so this is a tracked affiliate. Commercial anchors are expected of an affiliate and the brief protects the placement; no structural spam signature fired."
directorypixels.com,https://www.performancelab.com/?a_aid=68990cbe508aa&a_bid=a2ad38c1,https://www.performancelab.com/?a_aid=68990cbe508aa&a_bid=a2ad38c1,KEEP_AFFILIATE_RETAIN,None - Tracked Affiliate Partner,High,2,2,1,100%,-,2,0%,100%,0,0,2,0%,no,yes,1,0%,1772616647,1783988756,"100% of destinations carry the programme's a_aid/a_bid parameters, so this is a tracked affiliate. Commercial anchors are expected of an affiliate and the brief protects the placement; no structural spam signature fired."
directory4search.com,https://www.performancelab.com/?a_aid=68990cbe508aa&a_bid=a2ad38c1,https://www.performancelab.com/?a_aid=68990cbe508aa&a_bid=a2ad38c1,KEEP_AFFILIATE_RETAIN,None - Tracked Affiliate Partner,High,2,2,1,100%,-,2,0%,100%,0,0,2,0%,no,yes,1,0%,1772625432,1783328342,"100% of destinations carry the programme's a_aid/a_bid parameters, so this is a tracked affiliate. Commercial anchors are expected of an affiliate and the brief protects the placement; no structural spam signature fired."
iodirectory.com,https://www.performancelab.com/?a_aid=68990cbe508aa&a_bid=a2ad38c1,https://www.performancelab.com/?a_aid=68990cbe508aa&a_bid=a2ad38c1,KEEP_AFFILIATE_RETAIN,None - Tracked Affiliate Partner,High,2,2,1,100%,-,2,0%,100%,0,0,2,0%,no,yes,1,0%,1772629433,1783853277,"100% of destinations carry the programme's a_aid/a_bid parameters, so this is a tracked affiliate. Commercial anchors are expected of an affiliate and the brief protects the placement; no structural spam signature fired."
bentdirectory.com,https://www.performancelab.com/?a_aid=68990cbe508aa&a_bid=a2ad38c1,https://www.performancelab.com/?a_aid=68990cbe508aa&a_bid=a2ad38c1,KEEP_AFFILIATE_RETAIN,None - Tracked Affiliate Partner,High,2,2,1,100%,-,2,0%,100%,0,0,2,0%,no,yes,1,0%,1772631952,1783307839,"100% of destinations carry the programme's a_aid/a_bid parameters, so this is a tracked affiliate. Commercial anchors are expected of an affiliate and the brief protects the placement; no structural spam signature fired."
ontopicdirectory.com,https://www.performancelab.com/?a_aid=68990cbe508aa&a_bid=a2ad38c1,https://www.performancelab.com/?a_aid=68990cbe508aa&a_bid=a2ad38c1,KEEP_AFFILIATE_RETAIN,None - Tracked Affiliate Partner,High,2,2,1,100%,-,2,0%,100%,0,0,2,0%,no,yes,1,0%,1772665978,1783821703,"100% of destinations carry the programme's a_aid/a_bid parameters, so this is a tracked affiliate. Commercial anchors are expected of an affiliate and the brief protects the placement; no structural spam signature fired."
cutewebdirectory.com,https://www.performancelab.com/?a_aid=68990cbe508aa&a_bid=a2ad38c1,https://www.performancelab.com/?a_aid=68990cbe508aa&a_bid=a2ad38c1,KEEP_AFFILIATE_RETAIN,None - Tracked Affiliate Partner,High,2,2,1,100%,-,2,0%,100%,0,0,2,0%,no,yes,1,0%,1772676701,1784328374,"100% of destinations carry the programme's a_aid/a_bid parameters, so this is a tracked affiliate. Commercial anchors are expected of an affiliate and the brief protects the placement; no structural spam signature fired."
phrasedirectory.com,https://www.performancelab.com/?a_aid=68990cbe508aa&a_bid=a2ad38c1,https://www.performancelab.com/?a_aid=68990cbe508aa&a_bid=a2ad38c1,KEEP_AFFILIATE_RETAIN,None - Tracked Affiliate Partner,High,2,2,1,100%,-,2,0%,100%,0,0,2,0%,no,yes,1,0%,1772691594,1783195428,"100% of destinations carry the programme's a_aid/a_bid parameters, so this is a tracked affiliate. Commercial anchors are expected of an affiliate and the brief protects the placement; no structural spam signature fired."
directory-legit.com,https://www.performancelab.com/?a_aid=68990cbe508aa&a_bid=a2ad38c1,https://www.performancelab.com/?a_aid=68990cbe508aa&a_bid=a2ad38c1,KEEP_AFFILIATE_RETAIN,None - Tracked Affiliate Partner,High,2,2,1,100%,-,2,0%,100%,0,0,2,0%,no,yes,1,0%,1772697478,1784777114,"100% of destinations carry the programme's a_aid/a_bid parameters, so this is a tracked affiliate. Commercial anchors are expected of an affiliate and the brief protects the placement; no structural spam signature fired."
directory-broker.com,https://www.performancelab.com/?a_aid=68990cbe508aa&a_bid=a2ad38c1,https://www.performancelab.com/?a_aid=68990cbe508aa&a_bid=a2ad38c1,KEEP_AFFILIATE_RETAIN,None - Tracked Affiliate Partner,High,2,2,1,100%,-,2,0%,100%,0,0,2,0%,no,yes,1,0%,1772718436,1784290672,"100% of destinations carry the programme's a_aid/a_bid parameters, so this is a tracked affiliate. Commercial anchors are expected of an affiliate and the brief protects the placement; no structural spam signature fired."
stayindirectory.com,https://www.performancelab.com/?a_aid=68990cbe508aa&a_bid=a2ad38c1,https://www.performancelab.com/?a_aid=68990cbe508aa&a_bid=a2ad38c1,KEEP_AFFILIATE_RETAIN,None - Tracked Affiliate Partner,High,2,2,1,100%,-,2,0%,100%,0,0,2,0%,no,yes,1,0%,1772728817,1784119575,"100% of destinations carry the programme's a_aid/a_bid parameters, so this is a tracked affiliate. Commercial anchors are expected of an affiliate and the brief protects the placement; no structural spam signature fired."
zozodirectory.com,https://www.performancelab.com/?a_aid=68990cbe508aa&a_bid=a2ad38c1,https://www.performancelab.com/?a_aid=68990cbe508aa&a_bid=a2ad38c1,KEEP_AFFILIATE_RETAIN,None - Tracked Affiliate Partner,High,2,2,1,100%,-,2,0%,100%,0,0,2,0%,no,yes,1,0%,1772747967,1783763238,"100% of destinations carry the programme's a_aid/a_bid parameters, so this is a tracked affiliate. Commercial anchors are expected of an affiliate and the brief protects the placement; no structural spam signature fired."
99webdirectory.com,https://www.performancelab.com/?a_aid=68990cbe508aa&a_bid=a2ad38c1,https://www.performancelab.com/?a_aid=68990cbe508aa&a_bid=a2ad38c1,KEEP_AFFILIATE_RETAIN,None - Tracked Affiliate Partner,High,2,2,1,100%,-,2,0%,100%,0,0,2,0%,no,yes,1,0%,1772752724,1783303188,"100% of destinations carry the programme's a_aid/a_bid parameters, so this is a tracked affiliate. Commercial anchors are expected of an affiliate and the brief protects the placement; no structural spam signature fired."
directory-farm.com,https://www.performancelab.com/?a_aid=68990cbe508aa&a_bid=a2ad38c1,https://www.performancelab.com/?a_aid=68990cbe508aa&a_bid=a2ad38c1,KEEP_AFFILIATE_RETAIN,None - Tracked Affiliate Partner,High,2,2,1,100%,-,2,0%,100%,0,0,2,0%,no,yes,1,0%,1772757383,1783959169,"100% of destinations carry the programme's a_aid/a_bid parameters, so this is a tracked affiliate. Commercial anchors are expected of an affiliate and the brief protects the placement; no structural spam signature fired."
defaultdirectory.com,https://www.performancelab.com/?a_aid=68990cbe508aa&a_bid=a2ad38c1,https://www.performancelab.com/?a_aid=68990cbe508aa&a_bid=a2ad38c1,KEEP_AFFILIATE_RETAIN,None - Tracked Affiliate Partner,High,2,2,1,100%,-,2,0%,100%,0,0,2,0%,no,yes,1,0%,1772770070,1783848750,"100% of destinations carry the programme's a_aid/a_bid parameters, so this is a tracked affiliate. Commercial anchors are expected of an affiliate and the brief protects the placement; no structural spam signature fired."
lifesdirectory.com,https://www.performancelab.com/?a_aid=68990cbe508aa&a_bid=a2ad38c1,https://www.performancelab.com/?a_aid=68990cbe508aa&a_bid=a2ad38c1,KEEP_AFFILIATE_RETAIN,None - Tracked Affiliate Partner,High,2,2,1,100%,-,2,0%,100%,0,0,2,0%,no,yes,1,0%,1772771370,1783528105,"100% of destinations carry the programme's a_aid/a_bid parameters, so this is a tracked affiliate. Commercial anchors are expected of an affiliate and the brief protects the placement; no structural spam signature fired."
yourtopdirectory.com,https://www.performancelab.com/?a_aid=68990cbe508aa&a_bid=a2ad38c1,https://www.performancelab.com/?a_aid=68990cbe508aa&a_bid=a2ad38c1,KEEP_AFFILIATE_RETAIN,None - Tracked Affiliate Partner,High,2,2,1,100%,-,2,0%,100%,0,0,2,0%,no,yes,1,0%,1772774757,1783726123,"100% of destinations carry the programme's a_aid/a_bid parameters, so this is a tracked affiliate. Commercial anchors are expected of an affiliate and the brief protects the placement; no structural spam signature fired."
mondaydirectory.com,https://www.performancelab.com/?a_aid=68990cbe508aa&a_bid=a2ad38c1,https://www.performancelab.com/?a_aid=68990cbe508aa&a_bid=a2ad38c1,KEEP_AFFILIATE_RETAIN,None - Tracked Affiliate Partner,High,2,2,1,100%,-,2,0%,100%,0,0,2,0%,no,yes,1,0%,1772778025,1783395790,"100% of destinations carry the programme's a_aid/a_bid parameters, so this is a tracked affiliate. Commercial anchors are expected of an affiliate and the brief protects the placement; no structural spam signature fired."
feeldirectory.com,https://www.performancelab.com/?a_aid=68990cbe508aa&a_bid=a2ad38c1,https://www.performancelab.com/?a_aid=68990cbe508aa&a_bid=a2ad38c1,KEEP_AFFILIATE_RETAIN,None - Tracked Affiliate Partner,High,2,2,1,100%,-,2,0%,100%,0,0,2,0%,no,yes,1,0%,1772794726,1783597770,"100% of destinations carry the programme's a_aid/a_bid parameters, so this is a tracked affiliate. Commercial anchors are expected of an affiliate and the brief protects the placement; no structural spam signature fired."
a-listdirectory.com,https://www.performancelab.com/?a_aid=68990cbe508aa&a_bid=a2ad38c1,https://www.performancelab.com/?a_aid=68990cbe508aa&a_bid=a2ad38c1,KEEP_AFFILIATE_RETAIN,None - Tracked Affiliate Partner,High,2,2,1,100%,-,2,0%,100%,0,0,2,0%,no,yes,1,0%,1772813386,1783499907,"100% of destinations carry the programme's a_aid/a_bid parameters, so this is a tracked affiliate. Commercial anchors are expected of an affiliate and the brief protects the placement; no structural spam signature fired."
okaydirectory.com,https://www.performancelab.com/?a_aid=68990cbe508aa&a_bid=a2ad38c1,https://www.performancelab.com/?a_aid=68990cbe508aa&a_bid=a2ad38c1,KEEP_AFFILIATE_RETAIN,None - Tracked Affiliate Partner,High,2,2,1,100%,-,2,0%,100%,0,0,2,0%,no,yes,1,0%,1772824913,1783391459,"100% of destinations carry the programme's a_aid/a_bid parameters, so this is a tracked affiliate. Commercial anchors are expected of an affiliate and the brief protects the placement; no structural spam signature fired."
real-directory.com,https://www.performancelab.com/?a_aid=68990cbe508aa&a_bid=a2ad38c1,https://www.performancelab.com/?a_aid=68990cbe508aa&a_bid=a2ad38c1,KEEP_AFFILIATE_RETAIN,None - Tracked Affiliate Partner,High,2,2,1,100%,-,2,0%,100%,0,0,2,0%,no,yes,1,0%,1772829269,1784458150,"100% of destinations carry the programme's a_aid/a_bid parameters, so this is a tracked affiliate. Commercial anchors are expected of an affiliate and the brief protects the placement; no structural spam signature fired."
directoryforrank.com,https://www.performancelab.com/?a_aid=68990cbe508aa&a_bid=a2ad38c1,https://www.performancelab.com/?a_aid=68990cbe508aa&a_bid=a2ad38c1,KEEP_AFFILIATE_RETAIN,None - Tracked Affiliate Partner,High,2,2,1,100%,-,2,0%,100%,0,0,2,0%,no,yes,1,0%,1772830487,1784129587,"100% of destinations carry the programme's a_aid/a_bid parameters, so this is a tracked affiliate. Commercial anchors are expected of an affiliate and the brief protects the placement; no structural spam signature fired."
dotcom-directory.com,https://www.performancelab.com/?a_aid=68990cbe508aa&a_bid=a2ad38c1,https://www.performancelab.com/?a_aid=68990cbe508aa&a_bid=a2ad38c1,KEEP_AFFILIATE_RETAIN,None - Tracked Affiliate Partner,High,2,2,1,100%,-,2,0%,100%,0,0,2,0%,no,yes,1,0%,1772847297,1783504006,"100% of destinations carry the programme's a_aid/a_bid parameters, so this is a tracked affiliate. Commercial anchors are expected of an affiliate and the brief protects the placement; no structural spam signature fired."
cypriotdirectory.com,https://www.performancelab.com/?a_aid=68990cbe508aa&a_bid=a2ad38c1,https://www.performancelab.com/?a_aid=68990cbe508aa&a_bid=a2ad38c1,KEEP_AFFILIATE_RETAIN,None - Tracked Affiliate Partner,High,2,2,1,100%,-,2,0%,100%,0,0,2,0%,no,yes,1,0%,1772847374,1784321987,"100% of destinations carry the programme's a_aid/a_bid parameters, so this is a tracked affiliate. Commercial anchors are expected of an affiliate and the brief protects the placement; no structural spam signature fired."
yeepdirectory.com,https://www.performancelab.com/?a_aid=68990cbe508aa&a_bid=a2ad38c1,https://www.performancelab.com/?a_aid=68990cbe508aa&a_bid=a2ad38c1,KEEP_AFFILIATE_RETAIN,None - Tracked Affiliate Partner,High,2,2,1,100%,-,2,0%,100%,0,0,2,0%,no,yes,1,0%,1772850392,1784011554,"100% of destinations carry the programme's a_aid/a_bid parameters, so this is a tracked affiliate. Commercial anchors are expected of an affiliate and the brief protects the placement; no structural spam signature fired."
vip-directory.com,https://www.performancelab.com/?a_aid=68990cbe508aa&a_bid=a2ad38c1,https://www.performancelab.com/?a_aid=68990cbe508aa&a_bid=a2ad38c1,KEEP_AFFILIATE_RETAIN,None - Tracked Affiliate Partner,High,2,2,1,100%,-,2,0%,100%,0,0,2,0%,no,yes,1,0%,1772855230,1783249190,"100% of destinations carry the programme's a_aid/a_bid parameters, so this is a tracked affiliate. Commercial anchors are expected of an affiliate and the brief protects the placement; no structural spam signature fired."
webtalkdirectory.com,https://www.performancelab.com/?a_aid=68990cbe508aa&a_bid=a2ad38c1,https://www.performancelab.com/?a_aid=68990cbe508aa&a_bid=a2ad38c1,KEEP_AFFILIATE_RETAIN,None - Tracked Affiliate Partner,High,2,2,1,100%,-,2,0%,100%,0,0,2,0%,no,yes,1,0%,1772869564,1783916827,"100% of destinations carry the programme's a_aid/a_bid parameters, so this is a tracked affiliate. Commercial anchors are expected of an affiliate and the brief protects the placement; no structural spam signature fired."
mydirectorys.com,https://www.performancelab.com/?a_aid=68990cbe508aa&a_bid=a2ad38c1,https://www.performancelab.com/?a_aid=68990cbe508aa&a_bid=a2ad38c1,KEEP_AFFILIATE_RETAIN,None - Tracked Affiliate Partner,High,2,2,1,100%,-,2,0%,100%,0,0,2,0%,no,yes,1,0%,1772872542,1783691271,"100% of destinations carry the programme's a_aid/a_bid parameters, so this is a tracked affiliate. Commercial anchors are expected of an affiliate and the brief protects the placement; no structural spam signature fired."
directory-empire.com,https://www.performancelab.com/?a_aid=68990cbe508aa&a_bid=a2ad38c1,https://www.performancelab.com/?a_aid=68990cbe508aa&a_bid=a2ad38c1,KEEP_AFFILIATE_RETAIN,None - Tracked Affiliate Partner,High,2,2,1,100%,-,2,0%,100%,0,0,2,0%,no,yes,1,0%,1772882027,1784178802,"100% of destinations carry the programme's a_aid/a_bid parameters, so this is a tracked affiliate. Commercial anchors are expected of an affiliate and the brief protects the placement; no structural spam signature fired."
heliskidirectory.com,https://www.performancelab.com/?a_aid=68990cbe508aa&a_bid=a2ad38c1,https://www.performancelab.com/?a_aid=68990cbe508aa&a_bid=a2ad38c1,KEEP_AFFILIATE_RETAIN,None - Tracked Affiliate Partner,High,2,2,1,100%,-,2,0%,100%,0,0,2,0%,no,yes,1,0%,1772882651,1784185793,"100% of destinations carry the programme's a_aid/a_bid parameters, so this is a tracked affiliate. Commercial anchors are expected of an affiliate and the brief protects the placement; no structural spam signature fired."
directory4web.com,https://www.performancelab.com/?a_aid=68990cbe508aa&a_bid=a2ad38c1,https://www.performancelab.com/?a_aid=68990cbe508aa&a_bid=a2ad38c1,KEEP_AFFILIATE_RETAIN,None - Tracked Affiliate Partner,High,2,2,1,100%,-,2,0%,100%,0,0,2,0%,no,yes,1,0%,1772884618,1783358441,"100% of destinations carry the programme's a_aid/a_bid parameters, so this is a tracked affiliate. Commercial anchors are expected of an affiliate and the brief protects the placement; no structural spam signature fired."
seek-directory.com,https://www.performancelab.com/?a_aid=68990cbe508aa&a_bid=a2ad38c1,https://www.performancelab.com/?a_aid=68990cbe508aa&a_bid=a2ad38c1,KEEP_AFFILIATE_RETAIN,None - Tracked Affiliate Partner,High,2,2,1,100%,-,2,0%,100%,0,0,2,0%,no,yes,1,0%,1772887963,1784229354,"100% of destinations carry the programme's a_aid/a_bid parameters, so this is a tracked affiliate. Commercial anchors are expected of an affiliate and the brief protects the placement; no structural spam signature fired."
addurl-directory.com,https://www.performancelab.com/?a_aid=68990cbe508aa&a_bid=a2ad38c1,https://www.performancelab.com/?a_aid=68990cbe508aa&a_bid=a2ad38c1,KEEP_AFFILIATE_RETAIN,None - Tracked Affiliate Partner,High,2,2,1,100%,-,2,0%,100%,0,0,2,0%,no,yes,1,0%,1772888888,1783322537,"100% of destinations carry the programme's a_aid/a_bid parameters, so this is a tracked affiliate. Commercial anchors are expected of an affiliate and the brief protects the placement; no structural spam signature fired."
webdirectorytalk.com,https://www.performancelab.com/?a_aid=68990cbe508aa&a_bid=a2ad38c1,https://www.performancelab.com/?a_aid=68990cbe508aa&a_bid=a2ad38c1,KEEP_AFFILIATE_RETAIN,None - Tracked Affiliate Partner,High,2,2,1,100%,-,2,0%,100%,0,0,2,0%,no,yes,1,0%,1772889279,1787145589,"100% of destinations carry the programme's a_aid/a_bid parameters, so this is a tracked affiliate. Commercial anchors are expected of an affiliate and the brief protects the placement; no structural spam signature fired."
lombok-directory.com,https://www.performancelab.com/?a_aid=68990cbe508aa&a_bid=a2ad38c1,https://www.performancelab.com/?a_aid=68990cbe508aa&a_bid=a2ad38c1,KEEP_AFFILIATE_RETAIN,None - Tracked Affiliate Partner,High,2,2,1,100%,-,2,0%,100%,0,0,2,0%,no,yes,1,0%,1772895775,1786333198,"100% of destinations carry the programme's a_aid/a_bid parameters, so this is a tracked affiliate. Commercial anchors are expected of an affiliate and the brief protects the placement; no structural spam signature fired."
thetopdirectory.com,https://www.performancelab.com/?a_aid=68990cbe508aa&a_bid=a2ad38c1,https://www.performancelab.com/?a_aid=68990cbe508aa&a_bid=a2ad38c1,KEEP_AFFILIATE_RETAIN,None - Tracked Affiliate Partner,High,2,2,1,100%,-,2,0%,100%,0,0,2,0%,no,yes,1,0%,1772899109,1784566315,"100% of destinations carry the programme's a_aid/a_bid parameters, so this is a tracked affiliate. Commercial anchors are expected of an affiliate and the brief protects the placement; no structural spam signature fired."
freedirectorynow.com,https://www.performancelab.com/?a_aid=68990cbe508aa&a_bid=a2ad38c1,https://www.performancelab.com/?a_aid=68990cbe508aa&a_bid=a2ad38c1,KEEP_AFFILIATE_RETAIN,None - Tracked Affiliate Partner,High,2,2,1,100%,-,2,0%,100%,0,0,2,0%,no,yes,1,0%,1772899261,1784586257,"100% of destinations carry the programme's a_aid/a_bid parameters, so this is a tracked affiliate. Commercial anchors are expected of an affiliate and the brief protects the placement; no structural spam signature fired."
a-z-directory.com,https://www.performancelab.com/?a_aid=68990cbe508aa&a_bid=a2ad38c1,https://www.performancelab.com/?a_aid=68990cbe508aa&a_bid=a2ad38c1,KEEP_AFFILIATE_RETAIN,None - Tracked Affiliate Partner,High,2,2,1,100%,-,2,0%,100%,0,0,2,0%,no,yes,1,0%,1772901913,1784297148,"100% of destinations carry the programme's a_aid/a_bid parameters, so this is a tracked affiliate. Commercial anchors are expected of an affiliate and the brief protects the placement; no structural spam signature fired."
links2directory.com,https://www.performancelab.com/?a_aid=68990cbe508aa&a_bid=a2ad38c1,https://www.performancelab.com/?a_aid=68990cbe508aa&a_bid=a2ad38c1,KEEP_AFFILIATE_RETAIN,None - Tracked Affiliate Partner,High,2,2,1,100%,-,2,0%,100%,0,0,2,0%,no,yes,1,0%,1772906525,1783718558,"100% of destinations carry the programme's a_aid/a_bid parameters, so this is a tracked affiliate. Commercial anchors are expected of an affiliate and the brief protects the placement; no structural spam signature fired."
directoryecho.com,https://www.performancelab.com/?a_aid=68990cbe508aa&a_bid=a2ad38c1,https://www.performancelab.com/?a_aid=68990cbe508aa&a_bid=a2ad38c1,KEEP_AFFILIATE_RETAIN,None - Tracked Affiliate Partner,High,2,2,1,100%,-,2,0%,100%,0,0,2,0%,no,yes,1,0%,1772911942,1784241293,"100% of destinations carry the programme's a_aid/a_bid parameters, so this is a tracked affiliate. Commercial anchors are expected of an affiliate and the brief protects the placement; no structural spam signature fired."
base-directory.com,https://www.performancelab.com/?a_aid=68990cbe508aa&a_bid=a2ad38c1,https://www.performancelab.com/?a_aid=68990cbe508aa&a_bid=a2ad38c1,KEEP_AFFILIATE_RETAIN,None - Tracked Affiliate Partner,High,2,2,1,100%,-,2,0%,100%,0,0,2,0%,no,yes,1,0%,1772912248,1783596305,"100% of destinations carry the programme's a_aid/a_bid parameters, so this is a tracked affiliate. Commercial anchors are expected of an affiliate and the brief protects the placement; no structural spam signature fired."
oteldirectory.com,https://www.performancelab.com/?a_aid=68990cbe508aa&a_bid=a2ad38c1,https://www.performancelab.com/?a_aid=68990cbe508aa&a_bid=a2ad38c1,KEEP_AFFILIATE_RETAIN,None - Tracked Affiliate Partner,High,2,2,1,100%,-,2,0%,100%,0,0,2,0%,no,yes,1,0%,1772916481,1783988958,"100% of destinations carry the programme's a_aid/a_bid parameters, so this is a tracked affiliate. Commercial anchors are expected of an affiliate and the brief protects the placement; no structural spam signature fired."
en-web-directory.com,https://www.performancelab.com/?a_aid=68990cbe508aa&a_bid=a2ad38c1,https://www.performancelab.com/?a_aid=68990cbe508aa&a_bid=a2ad38c1,KEEP_AFFILIATE_RETAIN,None - Tracked Affiliate Partner,High,2,2,1,100%,-,2,0%,100%,0,0,2,0%,no,yes,1,0%,1772920860,1784462641,"100% of destinations carry the programme's a_aid/a_bid parameters, so this is a tracked affiliate. Commercial anchors are expected of an affiliate and the brief protects the placement; no structural spam signature fired."
wodirectory.com,https://www.performancelab.com/?a_aid=68990cbe508aa&a_bid=a2ad38c1,https://www.performancelab.com/?a_aid=68990cbe508aa&a_bid=a2ad38c1,KEEP_AFFILIATE_RETAIN,None - Tracked Affiliate Partner,High,2,2,1,100%,-,2,0%,100%,0,0,2,0%,no,yes,1,0%,1772921843,1783940024,"100% of destinations carry the programme's a_aid/a_bid parameters, so this is a tracked affiliate. Commercial anchors are expected of an affiliate and the brief protects the placement; no structural spam signature fired."
isitedirectory.com,https://www.performancelab.com/?a_aid=68990cbe508aa&a_bid=a2ad38c1,https://www.performancelab.com/?a_aid=68990cbe508aa&a_bid=a2ad38c1,KEEP_AFFILIATE_RETAIN,None - Tracked Affiliate Partner,High,2,2,1,100%,-,2,0%,100%,0,0,2,0%,no,yes,1,0%,1772931394,1783840990,"100% of destinations carry the programme's a_aid/a_bid parameters, so this is a tracked affiliate. Commercial anchors are expected of an affiliate and the brief protects the placement; no structural spam signature fired."
directoryunit.com,https://www.performancelab.com/?a_aid=68990cbe508aa&a_bid=a2ad38c1,https://www.performancelab.com/?a_aid=68990cbe508aa&a_bid=a2ad38c1,KEEP_AFFILIATE_RETAIN,None - Tracked Affiliate Partner,High,2,2,1,100%,-,2,0%,100%,0,0,2,0%,no,yes,1,0%,1772948261,1784389250,"100% of destinations carry the programme's a_aid/a_bid parameters, so this is a tracked affiliate. Commercial anchors are expected of an affiliate and the brief protects the placement; no structural spam signature fired."
directoryalbum.com,https://www.performancelab.com/?a_aid=68990cbe508aa&a_bid=a2ad38c1,https://www.performancelab.com/?a_aid=68990cbe508aa&a_bid=a2ad38c1,KEEP_AFFILIATE_RETAIN,None - Tracked Affiliate Partner,High,2,2,1,100%,-,2,0%,100%,0,0,2,0%,no,yes,1,0%,1772953584,1783748205,"100% of destinations carry the programme's a_aid/a_bid parameters, so this is a tracked affiliate. Commercial anchors are expected of an affiliate and the brief protects the placement; no structural spam signature fired."
ukdirectoryof.com,https://www.performancelab.com/?a_aid=68990cbe508aa&a_bid=a2ad38c1,https://www.performancelab.com/?a_aid=68990cbe508aa&a_bid=a2ad38c1,KEEP_AFFILIATE_RETAIN,None - Tracked Affiliate Partner,High,2,2,1,100%,-,2,0%,100%,0,0,2,0%,no,yes,1,0%,1772955864,1784911928,"100% of destinations carry the programme's a_aid/a_bid parameters, so this is a tracked affiliate. Commercial anchors are expected of an affiliate and the brief protects the placement; no structural spam signature fired."
directoryethics.com,https://www.performancelab.com/?a_aid=68990cbe508aa&a_bid=a2ad38c1,https://www.performancelab.com/?a_aid=68990cbe508aa&a_bid=a2ad38c1,KEEP_AFFILIATE_RETAIN,None - Tracked Affiliate Partner,High,2,2,1,100%,-,2,0%,100%,0,0,2,0%,no,yes,1,0%,1772958920,1784028605,"100% of destinations carry the programme's a_aid/a_bid parameters, so this is a tracked affiliate. Commercial anchors are expected of an affiliate and the brief protects the placement; no structural spam signature fired."
directoryreactor.com,https://www.performancelab.com/?a_aid=68990cbe508aa&a_bid=a2ad38c1,https://www.performancelab.com/?a_aid=68990cbe508aa&a_bid=a2ad38c1,KEEP_AFFILIATE_RETAIN,None - Tracked Affiliate Partner,High,2,2,1,100%,-,2,0%,100%,0,0,2,0%,no,yes,1,0%,1772967355,1784698185,"100% of destinations carry the programme's a_aid/a_bid parameters, so this is a tracked affiliate. Commercial anchors are expected of an affiliate and the brief protects the placement; no structural spam signature fired."
fab-directory.com,https://www.performancelab.com/?a_aid=68990cbe508aa&a_bid=a2ad38c1,https://www.performancelab.com/?a_aid=68990cbe508aa&a_bid=a2ad38c1,KEEP_AFFILIATE_RETAIN,None - Tracked Affiliate Partner,High,2,2,1,100%,-,2,0%,100%,0,0,2,0%,no,yes,1,0%,1772976002,1783724987,"100% of destinations carry the programme's a_aid/a_bid parameters, so this is a tracked affiliate. Commercial anchors are expected of an affiliate and the brief protects the placement; no structural spam signature fired."
directoryglobals.com,https://www.performancelab.com/?a_aid=68990cbe508aa&a_bid=a2ad38c1,https://www.performancelab.com/?a_aid=68990cbe508aa&a_bid=a2ad38c1,KEEP_AFFILIATE_RETAIN,None - Tracked Affiliate Partner,High,2,2,1,100%,-,2,0%,100%,0,0,2,0%,no,yes,1,0%,1772976756,1784974820,"100% of destinations carry the programme's a_aid/a_bid parameters, so this is a tracked affiliate. Commercial anchors are expected of an affiliate and the brief protects the placement; no structural spam signature fired."
sweet-directory.com,https://www.performancelab.com/?a_aid=68990cbe508aa&a_bid=a2ad38c1,https://www.performancelab.com/?a_aid=68990cbe508aa&a_bid=a2ad38c1,KEEP_AFFILIATE_RETAIN,None - Tracked Affiliate Partner,High,2,2,1,100%,-,2,0%,100%,0,0,2,0%,no,yes,1,0%,1772980995,1783483227,"100% of destinations carry the programme's a_aid/a_bid parameters, so this is a tracked affiliate. Commercial anchors are expected of an affiliate and the brief protects the placement; no structural spam signature fired."
directoryrec.com,https://www.performancelab.com/?a_aid=68990cbe508aa&a_bid=a2ad38c1,https://www.performancelab.com/?a_aid=68990cbe508aa&a_bid=a2ad38c1,KEEP_AFFILIATE_RETAIN,None - Tracked Affiliate Partner,High,2,2,1,100%,-,2,0%,100%,0,0,2,0%,no,yes,1,0%,1772981361,1784325693,"100% of destinations carry the programme's a_aid/a_bid parameters, so this is a tracked affiliate. Commercial anchors are expected of an affiliate and the brief protects the placement; no structural spam signature fired."
victorydirectory.com,https://www.performancelab.com/?a_aid=68990cbe508aa&a_bid=a2ad38c1,https://www.performancelab.com/?a_aid=68990cbe508aa&a_bid=a2ad38c1,KEEP_AFFILIATE_RETAIN,None - Tracked Affiliate Partner,High,2,2,1,100%,-,2,0%,100%,0,0,2,0%,no,yes,1,0%,1772984300,1784234668,"100% of destinations carry the programme's a_aid/a_bid parameters, so this is a tracked affiliate. Commercial anchors are expected of an affiliate and the brief protects the placement; no structural spam signature fired."
directorylandia.com,https://www.performancelab.com/?a_aid=68990cbe508aa&a_bid=a2ad38c1,https://www.performancelab.com/?a_aid=68990cbe508aa&a_bid=a2ad38c1,KEEP_AFFILIATE_RETAIN,None - Tracked Affiliate Partner,High,2,2,1,100%,-,2,0%,100%,0,0,2,0%,no,yes,1,0%,1772988086,1784033825,"100% of destinations carry the programme's a_aid/a_bid parameters, so this is a tracked affiliate. Commercial anchors are expected of an affiliate and the brief protects the placement; no structural spam signature fired."
directoryorg.com,https://www.performancelab.com/?a_aid=68990cbe508aa&a_bid=a2ad38c1,https://www.performancelab.com/?a_aid=68990cbe508aa&a_bid=a2ad38c1,KEEP_AFFILIATE_RETAIN,None - Tracked Affiliate Partner,High,2,2,1,100%,-,2,0%,100%,0,0,2,0%,no,yes,1,0%,1773008977,1784497659,"100% of destinations carry the programme's a_aid/a_bid parameters, so this is a tracked affiliate. Commercial anchors are expected of an affiliate and the brief protects the placement; no structural spam signature fired."
problogdirectory.com,https://www.performancelab.com/?a_aid=68990cbe508aa&a_bid=a2ad38c1,https://www.performancelab.com/?a_aid=68990cbe508aa&a_bid=a2ad38c1,KEEP_AFFILIATE_RETAIN,None - Tracked Affiliate Partner,High,2,2,1,100%,-,2,0%,100%,0,0,2,0%,no,yes,1,0%,1773012154,1783933584,"100% of destinations carry the programme's a_aid/a_bid parameters, so this is a tracked affiliate. Commercial anchors are expected of an affiliate and the brief protects the placement; no structural spam signature fired."
preniumdirectory.com,https://www.performancelab.com/?a_aid=68990cbe508aa&a_bid=a2ad38c1,https://www.performancelab.com/?a_aid=68990cbe508aa&a_bid=a2ad38c1,KEEP_AFFILIATE_RETAIN,None - Tracked Affiliate Partner,High,2,2,1,100%,-,2,0%,100%,0,0,2,0%,no,yes,1,0%,1773017335,1783881886,"100% of destinations carry the programme's a_aid/a_bid parameters, so this is a tracked affiliate. Commercial anchors are expected of an affiliate and the brief protects the placement; no structural spam signature fired."
snoopydirectory.com,https://www.performancelab.com/?a_aid=68990cbe508aa&a_bid=a2ad38c1,https://www.performancelab.com/?a_aid=68990cbe508aa&a_bid=a2ad38c1,KEEP_AFFILIATE_RETAIN,None - Tracked Affiliate Partner,High,2,2,1,100%,-,2,0%,100%,0,0,2,0%,no,yes,1,0%,1773026274,1784427976,"100% of destinations carry the programme's a_aid/a_bid parameters, so this is a tracked affiliate. Commercial anchors are expected of an affiliate and the brief protects the placement; no structural spam signature fired."
topazdirectory.com,https://www.performancelab.com/?a_aid=68990cbe508aa&a_bid=a2ad38c1,https://www.performancelab.com/?a_aid=68990cbe508aa&a_bid=a2ad38c1,KEEP_AFFILIATE_RETAIN,None - Tracked Affiliate Partner,High,2,2,1,100%,-,2,0%,100%,0,0,2,0%,no,yes,1,0%,1773034005,1784077641,"100% of destinations carry the programme's a_aid/a_bid parameters, so this is a tracked affiliate. Commercial anchors are expected of an affiliate and the brief protects the placement; no structural spam signature fired."
directoryhand.com,https://www.performancelab.com/?a_aid=68990cbe508aa&a_bid=a2ad38c1,https://www.performancelab.com/?a_aid=68990cbe508aa&a_bid=a2ad38c1,KEEP_AFFILIATE_RETAIN,None - Tracked Affiliate Partner,High,2,2,1,100%,-,2,0%,100%,0,0,2,0%,no,yes,1,0%,1773049846,1784431181,"100% of destinations carry the programme's a_aid/a_bid parameters, so this is a tracked affiliate. Commercial anchors are expected of an affiliate and the brief protects the placement; no structural spam signature fired."
webdirectory7.com,https://www.performancelab.com/?a_aid=68990cbe508aa&a_bid=a2ad38c1,https://www.performancelab.com/?a_aid=68990cbe508aa&a_bid=a2ad38c1,KEEP_AFFILIATE_RETAIN,None - Tracked Affiliate Partner,High,2,2,1,100%,-,2,0%,100%,0,0,2,0%,no,yes,1,0%,1773061903,1783898933,"100% of destinations carry the programme's a_aid/a_bid parameters, so this is a tracked affiliate. Commercial anchors are expected of an affiliate and the brief protects the placement; no structural spam signature fired."
gen-directory.com,https://www.performancelab.com/?a_aid=68990cbe508aa&a_bid=a2ad38c1,https://www.performancelab.com/?a_aid=68990cbe508aa&a_bid=a2ad38c1,KEEP_AFFILIATE_RETAIN,None - Tracked Affiliate Partner,High,2,2,1,100%,-,2,0%,100%,0,0,2,0%,no,yes,1,0%,1773065597,1783714197,"100% of destinations carry the programme's a_aid/a_bid parameters, so this is a tracked affiliate. Commercial anchors are expected of an affiliate and the brief protects the placement; no structural spam signature fired."
large-directory.com,https://www.performancelab.com/?a_aid=68990cbe508aa&a_bid=a2ad38c1,https://www.performancelab.com/?a_aid=68990cbe508aa&a_bid=a2ad38c1,KEEP_AFFILIATE_RETAIN,None - Tracked Affiliate Partner,High,2,2,1,100%,-,2,0%,100%,0,0,2,0%,no,yes,1,0%,1773066271,1783612336,"100% of destinations carry the programme's a_aid/a_bid parameters, so this is a tracked affiliate. Commercial anchors are expected of an affiliate and the brief protects the placement; no structural spam signature fired."
az-directory.com,https://www.performancelab.com/?a_aid=68990cbe508aa&a_bid=a2ad38c1,https://www.performancelab.com/?a_aid=68990cbe508aa&a_bid=a2ad38c1,KEEP_AFFILIATE_RETAIN,None - Tracked Affiliate Partner,High,2,2,1,100%,-,2,0%,100%,0,0,2,0%,no,yes,1,0%,1773069385,1783832717,"100% of destinations carry the programme's a_aid/a_bid parameters, so this is a tracked affiliate. Commercial anchors are expected of an affiliate and the brief protects the placement; no structural spam signature fired."
seo-webdirectory.com,https://www.performancelab.com/?a_aid=68990cbe508aa&a_bid=a2ad38c1,https://www.performancelab.com/?a_aid=68990cbe508aa&a_bid=a2ad38c1,KEEP_AFFILIATE_RETAIN,None - Tracked Affiliate Partner,High,2,2,1,100%,-,2,0%,100%,0,0,2,0%,no,yes,1,0%,1773075461,1783578860,"100% of destinations carry the programme's a_aid/a_bid parameters, so this is a tracked affiliate. Commercial anchors are expected of an affiliate and the brief protects the placement; no structural spam signature fired."
webdirectory777.com,https://www.performancelab.com/?a_aid=68990cbe508aa&a_bid=a2ad38c1,https://www.performancelab.com/?a_aid=68990cbe508aa&a_bid=a2ad38c1,KEEP_AFFILIATE_RETAIN,None - Tracked Affiliate Partner,High,2,2,1,100%,-,2,0%,100%,0,0,2,0%,no,yes,1,0%,1773091406,1783415110,"100% of destinations carry the programme's a_aid/a_bid parameters, so this is a tracked affiliate. Commercial anchors are expected of an affiliate and the brief protects the placement; no structural spam signature fired."
directory-webs.com,https://www.performancelab.com/?a_aid=68990cbe508aa&a_bid=a2ad38c1,https://www.performancelab.com/?a_aid=68990cbe508aa&a_bid=a2ad38c1,KEEP_AFFILIATE_RETAIN,None - Tracked Affiliate Partner,High,2,2,1,100%,-,2,0%,100%,0,0,2,0%,no,yes,1,0%,1773099919,1783523940,"100% of destinations carry the programme's a_aid/a_bid parameters, so this is a tracked affiliate. Commercial anchors are expected of an affiliate and the brief protects the placement; no structural spam signature fired."
vital-directory.com,https://www.performancelab.com/?a_aid=68990cbe508aa&a_bid=a2ad38c1,https://www.performancelab.com/?a_aid=68990cbe508aa&a_bid=a2ad38c1,KEEP_AFFILIATE_RETAIN,None - Tracked Affiliate Partner,High,2,2,1,100%,-,2,0%,100%,0,0,2,0%,no,yes,1,0%,1773107125,1784147305,"100% of destinations carry the programme's a_aid/a_bid parameters, so this is a tracked affiliate. Commercial anchors are expected of an affiliate and the brief protects the placement; no structural spam signature fired."
selfbizdirectory.com,https://www.performancelab.com/?a_aid=68990cbe508aa&a_bid=a2ad38c1,https://www.performancelab.com/?a_aid=68990cbe508aa&a_bid=a2ad38c1,KEEP_AFFILIATE_RETAIN,None - Tracked Affiliate Partner,High,2,2,1,100%,-,2,0%,100%,0,0,2,0%,no,yes,1,0%,1773109698,1784477305,"100% of destinations carry the programme's a_aid/a_bid parameters, so this is a tracked affiliate. Commercial anchors are expected of an affiliate and the brief protects the placement; no structural spam signature fired."
emeralddirectory.com,https://www.performancelab.com/?a_aid=68990cbe508aa&a_bid=a2ad38c1,https://www.performancelab.com/?a_aid=68990cbe508aa&a_bid=a2ad38c1,KEEP_AFFILIATE_RETAIN,None - Tracked Affiliate Partner,High,2,2,1,100%,-,2,0%,100%,0,0,2,0%,no,yes,1,0%,1773144408,1784723209,"100% of destinations carry the programme's a_aid/a_bid parameters, so this is a tracked affiliate. Commercial anchors are expected of an affiliate and the brief protects the placement; no structural spam signature fired."
123-directory.com,https://www.performancelab.com/?a_aid=68990cbe508aa&a_bid=a2ad38c1,https://www.performancelab.com/?a_aid=68990cbe508aa&a_bid=a2ad38c1,KEEP_AFFILIATE_RETAIN,None - Tracked Affiliate Partner,High,2,2,1,100%,-,2,0%,100%,0,0,2,0%,no,yes,1,0%,1773159169,1783913814,"100% of destinations carry the programme's a_aid/a_bid parameters, so this is a tracked affiliate. Commercial anchors are expected of an affiliate and the brief protects the placement; no structural spam signature fired."
webdirectoryone.com,https://www.performancelab.com/?a_aid=68990cbe508aa&a_bid=a2ad38c1,https://www.performancelab.com/?a_aid=68990cbe508aa&a_bid=a2ad38c1,KEEP_AFFILIATE_RETAIN,None - Tracked Affiliate Partner,High,2,2,1,100%,-,2,0%,100%,0,0,2,0%,no,yes,1,0%,1773162100,1784609591,"100% of destinations carry the programme's a_aid/a_bid parameters, so this is a tracked affiliate. Commercial anchors are expected of an affiliate and the brief protects the placement; no structural spam signature fired."
pasteldirectory.com,https://www.performancelab.com/?a_aid=68990cbe508aa&a_bid=a2ad38c1,https://www.performancelab.com/?a_aid=68990cbe508aa&a_bid=a2ad38c1,KEEP_AFFILIATE_RETAIN,None - Tracked Affiliate Partner,High,2,2,1,100%,-,2,0%,100%,0,0,2,0%,no,yes,1,0%,1773162986,1784215795,"100% of destinations carry the programme's a_aid/a_bid parameters, so this is a tracked affiliate. Commercial anchors are expected of an affiliate and the brief protects the placement; no structural spam signature fired."
adirectoryplace.com,https://www.performancelab.com/?a_aid=68990cbe508aa&a_bid=a2ad38c1,https://www.performancelab.com/?a_aid=68990cbe508aa&a_bid=a2ad38c1,KEEP_AFFILIATE_RETAIN,None - Tracked Affiliate Partner,High,2,2,1,100%,-,2,0%,100%,0,0,2,0%,no,yes,1,0%,1773167328,1784051420,"100% of destinations carry the programme's a_aid/a_bid parameters, so this is a tracked affiliate. Commercial anchors are expected of an affiliate and the brief protects the placement; no structural spam signature fired."
goto-directory.com,https://www.performancelab.com/?a_aid=68990cbe508aa&a_bid=a2ad38c1,https://www.performancelab.com/?a_aid=68990cbe508aa&a_bid=a2ad38c1,KEEP_AFFILIATE_RETAIN,None - Tracked Affiliate Partner,High,2,2,1,100%,-,2,0%,100%,0,0,2,0%,no,yes,1,0%,1773193759,1783600340,"100% of destinations carry the programme's a_aid/a_bid parameters, so this is a tracked affiliate. Commercial anchors are expected of an affiliate and the brief protects the placement; no structural spam signature fired."
webnamedirectory.com,https://www.performancelab.com/?a_aid=68990cbe508aa&a_bid=a2ad38c1,https://www.performancelab.com/?a_aid=68990cbe508aa&a_bid=a2ad38c1,KEEP_AFFILIATE_RETAIN,None - Tracked Affiliate Partner,High,2,2,1,100%,-,2,0%,100%,0,0,2,0%,no,yes,1,0%,1773218092,1783823778,"100% of destinations carry the programme's a_aid/a_bid parameters, so this is a tracked affiliate. Commercial anchors are expected of an affiliate and the brief protects the placement; no structural spam signature fired."
wwndirectory.com,https://www.performancelab.com/?a_aid=68990cbe508aa&a_bid=a2ad38c1,https://www.performancelab.com/?a_aid=68990cbe508aa&a_bid=a2ad38c1,KEEP_AFFILIATE_RETAIN,None - Tracked Affiliate Partner,High,2,2,1,100%,-,2,0%,100%,0,0,2,0%,no,yes,1,0%,1773228590,1784754114,"100% of destinations carry the programme's a_aid/a_bid parameters, so this is a tracked affiliate. Commercial anchors are expected of an affiliate and the brief protects the placement; no structural spam signature fired."
directorytome.com,https://www.performancelab.com/?a_aid=68990cbe508aa&a_bid=a2ad38c1,https://www.performancelab.com/?a_aid=68990cbe508aa&a_bid=a2ad38c1,KEEP_AFFILIATE_RETAIN,None - Tracked Affiliate Partner,High,2,2,1,100%,-,2,0%,100%,0,0,2,0%,no,yes,1,0%,1773232821,1784257410,"100% of destinations carry the programme's a_aid/a_bid parameters, so this is a tracked affiliate. Commercial anchors are expected of an affiliate and the brief protects the placement; no structural spam signature fired."
thetopsdirectory.com,https://www.performancelab.com/?a_aid=68990cbe508aa&a_bid=a2ad38c1,https://www.performancelab.com/?a_aid=68990cbe508aa&a_bid=a2ad38c1,KEEP_AFFILIATE_RETAIN,None - Tracked Affiliate Partner,High,2,2,1,100%,-,2,0%,100%,0,0,2,0%,no,yes,1,0%,1773237799,1784400461,"100% of destinations carry the programme's a_aid/a_bid parameters, so this is a tracked affiliate. Commercial anchors are expected of an affiliate and the brief protects the placement; no structural spam signature fired."
morningdirectory.com,https://www.performancelab.com/?a_aid=68990cbe508aa&a_bid=a2ad38c1,https://www.performancelab.com/?a_aid=68990cbe508aa&a_bid=a2ad38c1,KEEP_AFFILIATE_RETAIN,None - Tracked Affiliate Partner,High,2,2,1,100%,-,2,0%,100%,0,0,2,0%,no,yes,1,0%,1773241036,1784423166,"100% of destinations carry the programme's a_aid/a_bid parameters, so this is a tracked affiliate. Commercial anchors are expected of an affiliate and the brief protects the placement; no structural spam signature fired."
directory-b.com,https://www.performancelab.com/?a_aid=68990cbe508aa&a_bid=a2ad38c1,https://www.performancelab.com/?a_aid=68990cbe508aa&a_bid=a2ad38c1,KEEP_AFFILIATE_RETAIN,None - Tracked Affiliate Partner,High,2,2,1,100%,-,2,0%,100%,0,0,2,0%,no,yes,1,0%,1773253465,1784470829,"100% of destinations carry the programme's a_aid/a_bid parameters, so this is a tracked affiliate. Commercial anchors are expected of an affiliate and the brief protects the placement; no structural spam signature fired."
seo-a1directory.com,https://www.performancelab.com/?a_aid=68990cbe508aa&a_bid=a2ad38c1,https://www.performancelab.com/?a_aid=68990cbe508aa&a_bid=a2ad38c1,KEEP_AFFILIATE_RETAIN,None - Tracked Affiliate Partner,High,2,2,1,100%,-,2,0%,100%,0,0,2,0%,no,yes,1,0%,1773265071,1783892115,"100% of destinations carry the programme's a_aid/a_bid parameters, so this is a tracked affiliate. Commercial anchors are expected of an affiliate and the brief protects the placement; no structural spam signature fired."
triplexdirectory.com,https://www.performancelab.com/?a_aid=68990cbe508aa&a_bid=a2ad38c1,https://www.performancelab.com/?a_aid=68990cbe508aa&a_bid=a2ad38c1,KEEP_AFFILIATE_RETAIN,None - Tracked Affiliate Partner,High,2,2,1,100%,-,2,0%,100%,0,0,2,0%,no,yes,1,0%,1773288338,1783886625,"100% of destinations carry the programme's a_aid/a_bid parameters, so this is a tracked affiliate. Commercial anchors are expected of an affiliate and the brief protects the placement; no structural spam signature fired."
directoryprice.com,https://www.performancelab.com/?a_aid=68990cbe508aa&a_bid=a2ad38c1,https://www.performancelab.com/?a_aid=68990cbe508aa&a_bid=a2ad38c1,KEEP_AFFILIATE_RETAIN,None - Tracked Affiliate Partner,High,2,2,1,100%,-,2,0%,100%,0,0,2,0%,no,yes,1,0%,1773294720,1784172992,"100% of destinations carry the programme's a_aid/a_bid parameters, so this is a tracked affiliate. Commercial anchors are expected of an affiliate and the brief protects the placement; no structural spam signature fired."
magnetdirectory.com,https://www.performancelab.com/?a_aid=68990cbe508aa&a_bid=a2ad38c1,https://www.performancelab.com/?a_aid=68990cbe508aa&a_bid=a2ad38c1,KEEP_AFFILIATE_RETAIN,None - Tracked Affiliate Partner,High,2,2,1,100%,-,2,0%,100%,0,0,2,0%,no,yes,1,0%,1773298945,1784147503,"100% of destinations carry the programme's a_aid/a_bid parameters, so this is a tracked affiliate. Commercial anchors are expected of an affiliate and the brief protects the placement; no structural spam signature fired."
swiss-directory.com,https://www.performancelab.com/?a_aid=68990cbe508aa&a_bid=a2ad38c1,https://www.performancelab.com/?a_aid=68990cbe508aa&a_bid=a2ad38c1,KEEP_AFFILIATE_RETAIN,None - Tracked Affiliate Partner,High,2,2,1,100%,-,2,0%,100%,0,0,2,0%,no,yes,1,0%,1773308751,1784120996,"100% of destinations carry the programme's a_aid/a_bid parameters, so this is a tracked affiliate. Commercial anchors are expected of an affiliate and the brief protects the placement; no structural spam signature fired."
tools-directory.com,https://www.performancelab.com/?a_aid=68990cbe508aa&a_bid=a2ad38c1,https://www.performancelab.com/?a_aid=68990cbe508aa&a_bid=a2ad38c1,KEEP_AFFILIATE_RETAIN,None - Tracked Affiliate Partner,High,2,2,1,100%,-,2,0%,100%,0,0,2,0%,no,yes,1,0%,1773329603,1784359799,"100% of destinations carry the programme's a_aid/a_bid parameters, so this is a tracked affiliate. Commercial anchors are expected of an affiliate and the brief protects the placement; no structural spam signature fired."
topdirectory1.com,https://www.performancelab.com/?a_aid=68990cbe508aa&a_bid=a2ad38c1,https://www.performancelab.com/?a_aid=68990cbe508aa&a_bid=a2ad38c1,KEEP_AFFILIATE_RETAIN,None - Tracked Affiliate Partner,High,2,2,1,100%,-,2,0%,100%,0,0,2,0%,no,yes,1,0%,1773333661,1784171180,"100% of destinations carry the programme's a_aid/a_bid parameters, so this is a tracked affiliate. Commercial anchors are expected of an affiliate and the brief protects the placement; no structural spam signature fired."
1-webdirectory.com,https://www.performancelab.com/?a_aid=68990cbe508aa&a_bid=a2ad38c1,https://www.performancelab.com/?a_aid=68990cbe508aa&a_bid=a2ad38c1,KEEP_AFFILIATE_RETAIN,None - Tracked Affiliate Partner,High,2,2,1,100%,-,2,0%,100%,0,0,2,0%,no,yes,1,0%,1773346038,1784410593,"100% of destinations carry the programme's a_aid/a_bid parameters, so this is a tracked affiliate. Commercial anchors are expected of an affiliate and the brief protects the placement; no structural spam signature fired."
superdirectorys.com,https://www.performancelab.com/?a_aid=68990cbe508aa&a_bid=a2ad38c1,https://www.performancelab.com/?a_aid=68990cbe508aa&a_bid=a2ad38c1,KEEP_AFFILIATE_RETAIN,None - Tracked Affiliate Partner,High,2,2,1,100%,-,2,0%,100%,0,0,2,0%,no,yes,1,0%,1773410168,1784666339,"100% of destinations carry the programme's a_aid/a_bid parameters, so this is a tracked affiliate. Commercial anchors are expected of an affiliate and the brief protects the placement; no structural spam signature fired."
thedirectoryblog.com,https://www.performancelab.com/?a_aid=68990cbe508aa&a_bid=a2ad38c1,https://www.performancelab.com/?a_aid=68990cbe508aa&a_bid=a2ad38c1,KEEP_AFFILIATE_RETAIN,None - Tracked Affiliate Partner,High,2,2,1,100%,-,2,0%,100%,0,0,2,0%,no,yes,1,0%,1773439697,1784389807,"100% of destinations carry the programme's a_aid/a_bid parameters, so this is a tracked affiliate. Commercial anchors are expected of an affiliate and the brief protects the placement; no structural spam signature fired."
directorydepo.com,https://www.performancelab.com/?a_aid=68990cbe508aa&a_bid=a2ad38c1,https://www.performancelab.com/?a_aid=68990cbe508aa&a_bid=a2ad38c1,KEEP_AFFILIATE_RETAIN,None - Tracked Affiliate Partner,High,2,2,1,100%,-,2,0%,100%,0,0,2,0%,no,yes,1,0%,1773452328,1784273066,"100% of destinations carry the programme's a_aid/a_bid parameters, so this is a tracked affiliate. Commercial anchors are expected of an affiliate and the brief protects the placement; no structural spam signature fired."
orange-directory.com,https://www.performancelab.com/?a_aid=68990cbe508aa&a_bid=a2ad38c1,https://www.performancelab.com/?a_aid=68990cbe508aa&a_bid=a2ad38c1,KEEP_AFFILIATE_RETAIN,None - Tracked Affiliate Partner,High,2,2,1,100%,-,2,0%,100%,0,0,2,0%,no,yes,1,0%,1773527056,1784560524,"100% of destinations carry the programme's a_aid/a_bid parameters, so this is a tracked affiliate. Commercial anchors are expected of an affiliate and the brief protects the placement; no structural spam signature fired."
emiratesinsight.com,https://www.performancelab.com/,Performance Lab (+1 more),KEEP_AFFILIATE_RETAIN,None - Brand Mention / Citation,Medium,2,1,2,50%,-,2,0%,100%,0,0,45,0%,no,no,1,0%,1773579954,1774292838,100% branded or bare-URL anchors; reads as an unsolicited citation rather than a placed link.
phase2directory.com,https://www.performancelab.com/?a_aid=68990cbe508aa&a_bid=a2ad38c1,https://www.performancelab.com/?a_aid=68990cbe508aa&a_bid=a2ad38c1,KEEP_AFFILIATE_RETAIN,None - Tracked Affiliate Partner,High,2,2,1,100%,-,2,0%,100%,0,0,2,0%,no,yes,1,0%,1773650814,1784781543,"100% of destinations carry the programme's a_aid/a_bid parameters, so this is a tracked affiliate. Commercial anchors are expected of an affiliate and the brief protects the placement; no structural spam signature fired."
advocacyforneurorights.org,https://www.performancelab.com/products/mind-lab-pro?a_aid=69a1450f3fdf8 (+1 more),Supplement Page (+1 more),KEEP_AFFILIATE_RETAIN,None - Tracked Affiliate Partner,High,2,1,2,50%,-,2,0%,0%,0,0,10,0%,no,yes,2,0%,1773761935,1779076601,"100% of destinations carry the programme's a_aid/a_bid parameters, so this is a tracked affiliate. Commercial anchors are expected of an affiliate and the brief protects the placement; no structural spam signature fired."
solega.co,https://www.performancelab.com/,Performance Lab (+1 more),KEEP_AFFILIATE_RETAIN,None - Brand Mention / Citation,Medium,2,1,2,50%,-,2,0%,100%,0,0,36,0%,no,no,1,0%,1774038695,1785869348,100% branded or bare-URL anchors; reads as an unsolicited citation rather than a placed link.
nebula-directory.com,https://www.performancelab.com/?a_aid=68990cbe508aa&a_bid=a2ad38c1,https://www.performancelab.com/?a_aid=68990cbe508aa&a_bid=a2ad38c1,KEEP_AFFILIATE_RETAIN,None - Tracked Affiliate Partner,High,2,2,1,100%,-,2,0%,100%,0,0,2,0%,no,yes,1,0%,1774071477,1784862070,"100% of destinations carry the programme's a_aid/a_bid parameters, so this is a tracked affiliate. Commercial anchors are expected of an affiliate and the brief protects the placement; no structural spam signature fired."
directoryindexer.com,https://www.performancelab.com/?a_aid=68990cbe508aa&a_bid=a2ad38c1,https://www.performancelab.com/?a_aid=68990cbe508aa&a_bid=a2ad38c1,KEEP_AFFILIATE_RETAIN,None - Tracked Affiliate Partner,High,2,2,1,100%,-,2,0%,100%,0,0,2,0%,no,yes,1,0%,1774086068,1784654605,"100% of destinations carry the programme's a_aid/a_bid parameters, so this is a tracked affiliate. Commercial anchors are expected of an affiliate and the brief protects the placement; no structural spam signature fired."
agelessstride.com,https://www.performancelab.com/products/flex (+1 more),(empty/image),KEEP_AFFILIATE_RETAIN,None - Redirect / Tracking Host (Behavioural Match),High,2,1,1,100%,-,2,0%,0%,0,0,0,0%,no,yes,2,0%,,,"No outbound links of its own, 100% empty anchors, and 50% of destinations carry the programme's affiliate parameters. This is link tracking, whatever the domain is called."
worldboxe.online,https://uk.performancelab.com/products/nutrigenesis-multi-women,"UK Approved(Esquire,Red,HB,GH,Country Living,Prima) Nutrigenesis Multi for Women (4 month supply) (+1 more)",KEEP_AFFILIATE_RETAIN,None - Topically Relevant Editorial / Affiliate Link,High,2,1,2,50%,-,0,0%,100%,0,0,33,100%,no,yes,1,0%,,,Niche-aligned source with a natural anchor distribution (100% branded/URL anchors).
yourboxe.online,https://uk.performancelab.com/products/nutrigenesis-multi-women,"UK Approved(Esquire,Red,HB,GH,Country Living,Prima) Nutrigenesis Multi for Women (4 month supply) (+1 more)",KEEP_AFFILIATE_RETAIN,None - Topically Relevant Editorial / Affiliate Link,High,2,1,2,50%,-,0,0%,100%,0,0,33,100%,no,yes,1,0%,,,Niche-aligned source with a natural anchor distribution (100% branded/URL anchors).
yourcenter.online,https://uk.performancelab.com/products/nutrigenesis-multi-women,"UK Approved(Esquire,Red,HB,GH,Country Living,Prima) Nutrigenesis Multi for Women (4 month supply) (+1 more)",KEEP_AFFILIATE_RETAIN,None - Topically Relevant Editorial / Affiliate Link,High,2,1,2,50%,-,0,0%,100%,0,0,33,100%,no,yes,1,100%,,,Niche-aligned source with a natural anchor distribution (100% branded/URL anchors).
sequimgazette.com,https://www.performancelab.com/products/sleep,Performance Lab Sleep,KEEP_AFFILIATE_RETAIN,None - Topically Relevant Editorial / Affiliate Link,High,1,1,1,100%,-,0,0%,100%,50,50,57,100%,no,yes,1,100%,2025-03-03,2026-04-18,Niche-aligned source with a natural anchor distribution (100% branded/URL anchors).
passeportsante.net,https://www.performancelab.com/blogs/nutrition/best-pre-workout-for-women,https://www.performancelab.com/blogs/nutrition/best-pre-workout-for-women,KEEP_AFFILIATE_RETAIN,None - Topically Relevant Editorial / Affiliate Link,High,1,1,1,100%,-,0,0%,100%,44,44,14,100%,no,yes,1,0%,2026-06-15,2026-08-13,Niche-aligned source with a natural anchor distribution (100% branded/URL anchors).
tacomadailyindex.com,https://www.performancelab.com/products/sleep,Performance Lab Sleep,KEEP_AFFILIATE_RETAIN,None - Topically Relevant Editorial / Affiliate Link,High,1,1,1,100%,-,0,0%,100%,43,43,62,100%,no,yes,1,100%,2026-02-18,2026-07-05,Niche-aligned source with a natural anchor distribution (100% branded/URL anchors).
domenicangelino.com,https://www.performancelab.com/blogs/nutrition/why-creatine-causes-frequent-urination?srsltid=AfmBOop9QhGKQq8JV_CHwhyUYMoIF90LSzBm9Dciu-eIAzVIalrHv6X5,Performance Lab,KEEP_AFFILIATE_RETAIN,None - Topically Relevant Editorial / Affiliate Link,High,1,1,1,100%,-,1,0%,100%,28,28,68,0%,no,yes,1,0%,2026-08-18,2026-08-18,Niche-aligned source with a natural anchor distribution (100% branded/URL anchors).
rentonreporter.com,https://www.performancelab.com/products/vision,Performance Lab Visions,KEEP_AFFILIATE_RETAIN,None - Topically Relevant Editorial / Affiliate Link,High,1,1,1,100%,-,0,0%,100%,27,27,33,100%,no,yes,1,100%,2025-02-16,2026-06-28,Niche-aligned source with a natural anchor distribution (100% branded/URL anchors).
pinterest.com,https://www.performancelab.com/,rebrand.ly ; Opens a new tab,KEEP_AFFILIATE_RETAIN,None - Topically Relevant Editorial / Affiliate Link,High,1,1,1,100%,-,1,0%,0%,25,25,1,0%,no,yes,1,0%,2026-06-28,2026-06-28,Niche-aligned source with a natural anchor distribution (0% branded/URL anchors).
google.com,https://www.performancelab.com/blogs/fat-loss/l-theanine-for-weight-loss,L-theanine,KEEP_AFFILIATE_RETAIN,None - Search / AI Surface (Not Disavowable),High,1,1,1,100%,-,1,0%,0%,22,22,23,0%,no,no,1,0%,2025-07-12,2026-06-28,Search engine or AI answer surface. Passes no manipulable equity and cannot be disavowed meaningfully — a review step has no possible outcome.
my-best.com,https://www.performancelab.com/blogs/immune/supplements-to-boost-the-immune-system?srsltid=AfmBOorbKQlTPiAUolQe65AWtrxaizyAUWWyoCtxwMz60wzVKEO-_uNy,"high-dose antioxidants (vitamins A, C, and E plus zinc)",KEEP_AFFILIATE_RETAIN,None - Topically Relevant Editorial / Affiliate Link,High,1,1,1,100%,-,1,0%,0%,22,22,67,0%,no,yes,1,0%,2026-07-04,2026-08-15,Niche-aligned source with a natural anchor distribution (0% branded/URL anchors).
market.us,https://www.performancelab.com/,Performance Lab,KEEP_AFFILIATE_RETAIN,None - Topically Relevant Editorial / Affiliate Link,High,1,1,1,100%,-,0,0%,100%,21,21,5,100%,no,yes,1,0%,2026-01-09,2026-08-15,Niche-aligned source with a natural anchor distribution (100% branded/URL anchors).
sleepopolis.com,https://www.performancelab.com/products/sleep,Performance Lab Sleep,KEEP_AFFILIATE_RETAIN,None - Topically Relevant Editorial / Affiliate Link,High,1,1,1,100%,-,1,0%,100%,20,20,30,0%,no,yes,1,100%,2025-06-28,2026-05-16,Niche-aligned source with a natural anchor distribution (100% branded/URL anchors).
tomsguide.com,https://www.performancelab.com/blogs/multi/vitamin-b6-for-sleep?srsltid=AfmBOopq6TfJYrZSq7vk_3FFPhXwNX8LgLwBIyldpefUObljFk3tHnhZ,also being studied,KEEP_AFFILIATE_RETAIN,None - Topically Relevant Editorial / Affiliate Link,High,1,1,1,100%,-,1,0%,0%,19,19,30,0%,no,yes,1,0%,2026-01-28,2026-08-20,Niche-aligned source with a natural anchor distribution (0% branded/URL anchors).
sixpillars.substack.com,https://www.performancelab.com/products/nutrigenesis-multi-men,Performance Lab’s Nutrigenesis Multi,KEEP_AFFILIATE_RETAIN,None - Topically Relevant Editorial / Affiliate Link,High,1,1,1,100%,-,1,0%,100%,19,19,3,0%,no,yes,1,0%,2026-01-19,2026-08-06,Niche-aligned source with a natural anchor distribution (100% branded/URL anchors).
drinkme.substack.com,https://www.performancelab.com/products/omega-3,vegan fish source,KEEP_AFFILIATE_RETAIN,None - Topically Relevant Editorial / Affiliate Link,High,1,1,1,100%,-,1,0%,0%,19,19,5,0%,no,yes,1,0%,2025-05-08,2026-08-15,Niche-aligned source with a natural anchor distribution (0% branded/URL anchors).
essentialliving.substack.com,"https://www.performancelab.com/blogs/sleep/magnesium-bisglycinate-vs-glycinate#:~:text=But%20what's%20the%20difference%20between,and%20magnesium%20bisglycinate%20are%20identical.",perfpormancelab.com,KEEP_AFFILIATE_RETAIN,None - Topically Relevant Editorial / Affiliate Link,High,1,1,1,100%,-,1,0%,0%,19,19,12,0%,no,yes,1,0%,2025-06-28,2026-08-14,Niche-aligned source with a natural anchor distribution (0% branded/URL anchors).
metro.co.uk,https://www.performancelab.com/collections/all-products,Buy a taster Pack (four bars) for £12.99,KEEP_AFFILIATE_RETAIN,None - Topically Relevant Editorial / Affiliate Link,High,1,1,1,100%,-,0,0%,0%,18,18,33,100%,yes,yes,1,0%,2025-03-21,2026-06-20,Niche-aligned source with a natural anchor distribution (0% branded/URL anchors).
bbb.org,https://www.performancelab.com/,Visit Website,KEEP_AFFILIATE_RETAIN,None - Topically Relevant Editorial / Affiliate Link,High,1,1,1,100%,-,0,0%,0%,18,18,12,100%,no,yes,1,0%,2026-02-23,2026-05-28,Niche-aligned source with a natural anchor distribution (0% branded/URL anchors).
express.co.uk,https://www.performancelab.com/,Performance Lab,KEEP_AFFILIATE_RETAIN,None - Topically Relevant Editorial / Affiliate Link,High,1,1,1,100%,-,0,0%,100%,18,18,15,100%,no,yes,1,0%,2025-11-19,2026-08-04,Niche-aligned source with a natural anchor distribution (100% branded/URL anchors).
wellnes-supplements.hashnode.dev,https://www.performancelab.com/blogs/multi/what-vitamins-should-a-30-year-old-man-take?srsltid=AfmBOorL4FlVwg4lUguXwBLlS9ZMMqH4i3sY2PCQ6CKP3entnRCLdu6i,Performance Lab,KEEP_AFFILIATE_RETAIN,None - Topically Relevant Editorial / Affiliate Link,High,1,1,1,100%,-,0,0%,100%,17,17,19,100%,no,yes,1,0%,2026-07-25,2026-08-11,Niche-aligned source with a natural anchor distribution (100% branded/URL anchors).
ycombinator.com,https://performancelab.com/,https://performancelab.com/,KEEP_AFFILIATE_RETAIN,None - Topically Relevant Editorial / Affiliate Link,High,1,1,1,100%,-,0,0%,100%,17,17,20,100%,no,yes,1,100%,2025-04-22,2026-04-13,Niche-aligned source with a natural anchor distribution (100% branded/URL anchors).
hotnews.ro,https://www.performancelab.com/blogs/multi/what-vitamins-should-a-30-year-old-man-take,studiu,KEEP_AFFILIATE_RETAIN,None - Topically Relevant Editorial / Affiliate Link,High,1,1,1,100%,-,1,0%,0%,17,17,21,0%,no,yes,1,0%,2025-11-14,2026-08-07,Niche-aligned source with a natural anchor distribution (0% branded/URL anchors).
thesun.ie,https://www.performancelab.com/collections/nutropic,nutropic.com,KEEP_AFFILIATE_RETAIN,None - Topically Relevant Editorial / Affiliate Link,High,1,1,1,100%,-,1,0%,0%,16,16,23,0%,no,yes,1,0%,2025-11-21,2026-04-16,Niche-aligned source with a natural anchor distribution (0% branded/URL anchors).
jpost.com,http://www.performancelab.com/pages/reviews?srsltid=AfmBOopQt47Z9PcofjXuFh60uppq-QbB9Tq3FetJ_r31m92LWDpl7Rpi.,www.performancelab.com/pages/reviews?srsltid=AfmBOopQt47Z9PcofjXuFh60uppq-QbB9Tq3FetJ_r31m92LWDpl7Rpi.,KEEP_AFFILIATE_RETAIN,None - Brand Mention / Citation,Medium,1,1,1,100%,-,1,0%,100%,16,16,16,0%,no,no,1,0%,2026-03-06,2026-08-12,100% branded or bare-URL anchors; reads as an unsolicited citation rather than a placed link.
topendsports.com,https://www.performancelab.com/blogs/pre-workout/taking-pre-workout-before-work-a-good-idea,taking a pre-workout before work,KEEP_AFFILIATE_RETAIN,None - Topically Relevant Editorial / Affiliate Link,High,1,1,1,100%,-,1,0%,0%,15,15,10,0%,no,yes,1,0%,2025-06-24,2026-08-20,Niche-aligned source with a natural anchor distribution (0% branded/URL anchors).
darmankade.com,https://www.performancelab.com/blogs/omega-3/how-much-omega-3-per-day-for-bodybuilding,performancelab,KEEP_AFFILIATE_RETAIN,None - Topically Relevant Editorial / Affiliate Link,High,1,1,1,100%,-,0,0%,100%,14,14,8,100%,no,yes,1,0%,2025-11-02,2026-08-13,Niche-aligned source with a natural anchor distribution (100% branded/URL anchors).
influencermarketinghub.com,https://www.performancelab.com/,Performance Lab,KEEP_AFFILIATE_RETAIN,None - Topically Relevant Editorial / Affiliate Link,High,1,1,1,100%,-,0,0%,100%,14,14,20,100%,no,yes,1,0%,2026-01-22,2026-08-10,Niche-aligned source with a natural anchor distribution (100% branded/URL anchors).
aol.co.uk,https://www.performancelab.com/blogs/fitness/benefits-of-a-punching-bag-workout,punching bag,KEEP_AFFILIATE_RETAIN,None - Topically Relevant Editorial / Affiliate Link,High,1,1,1,100%,-,0,0%,0%,14,14,87,100%,no,yes,1,0%,2025-06-14,2026-04-30,Niche-aligned source with a natural anchor distribution (0% branded/URL anchors).
brandfetch.com,https://performancelab.com/,performancelab.com,KEEP_AFFILIATE_RETAIN,None - Topically Relevant Editorial / Affiliate Link,High,1,1,1,100%,-,1,0%,100%,14,14,8,0%,no,yes,1,0%,2026-07-31,2026-08-01,Niche-aligned source with a natural anchor distribution (100% branded/URL anchors).
breastcancer.org,https://www.performancelab.com/,Performance Lab,KEEP_AFFILIATE_RETAIN,None - Topically Relevant Editorial / Affiliate Link,High,1,1,1,100%,-,0,0%,100%,14,14,8,100%,no,yes,1,0%,2026-06-18,2026-08-18,Niche-aligned source with a natural anchor distribution (100% branded/URL anchors).
lifehack.org,https://www.performancelab.com/products/fat-burner,Check out Performance Lab SPORT Fat Burner here!,KEEP_AFFILIATE_RETAIN,None - Topically Relevant Editorial / Affiliate Link,High,1,1,1,100%,-,1,0%,100%,14,14,36,0%,no,yes,1,0%,2025-06-24,2026-08-03,Niche-aligned source with a natural anchor distribution (100% branded/URL anchors).
ec2-52-62-101-244.ap-southeast-2.compute.amazonaws.com,https://www.performancelab.com/blogs/fitness/the-role-of-recovery-in-sports-performance?srsltid=AfmBOoqW3GxuiLf-cjlsWqzBeuyu5qC0g1oEGfvf7cR_c8TkjqqyQEKA,informative post,KEEP_AFFILIATE_RETAIN,None - Topically Relevant Editorial / Affiliate Link,High,1,1,1,100%,-,1,0%,0%,13,13,13,0%,no,yes,1,0%,2026-07-19,2026-08-12,Niche-aligned source with a natural anchor distribution (0% branded/URL anchors).
jurnalul.ro,https://www.performancelab.com/,conform Performance Lab,KEEP_AFFILIATE_RETAIN,None - Brand Mention / Citation,Medium,1,1,1,100%,-,1,0%,100%,13,13,24,0%,no,no,1,0%,2025-07-28,2026-08-09,100% branded or bare-URL anchors; reads as an unsolicited citation rather than a placed link.
scam-detector.com,https://performancelab.com/,performancelab.com,KEEP_AFFILIATE_RETAIN,None - Topically Relevant Editorial / Affiliate Link,High,1,1,1,100%,-,0,0%,100%,13,13,20,100%,no,yes,1,0%,2026-04-10,2026-07-14,Niche-aligned source with a natural anchor distribution (100% branded/URL anchors).
tennis-warehouse.com,https://www.performancelab.com/,Performance Lab,KEEP_AFFILIATE_RETAIN,None - Topically Relevant Editorial / Affiliate Link,High,1,1,1,100%,-,0,0%,100%,13,13,7,100%,no,yes,1,0%,2026-04-29,2026-08-12,Niche-aligned source with a natural anchor distribution (100% branded/URL anchors).
t3.com,https://www.performancelab.com/collections/all-products,Nutropic webshop,KEEP_AFFILIATE_RETAIN,None - Topically Relevant Editorial / Affiliate Link,High,1,1,1,100%,-,1,0%,0%,13,13,25,0%,yes,yes,1,0%,2024-09-01,2026-08-14,Niche-aligned source with a natural anchor distribution (0% branded/URL anchors).
rezerv.co,https://www.performancelab.com/blogs/immune/supplements-to-boost-the-immune-system,supplements to boost your immune system,KEEP_AFFILIATE_RETAIN,None - Topically Relevant Editorial / Affiliate Link,High,1,1,1,100%,-,1,0%,0%,13,13,14,0%,no,yes,1,0%,2025-06-29,2026-08-07,Niche-aligned source with a natural anchor distribution (0% branded/URL anchors).
yourhealthmagazine.net,https://www.performancelab.com/blogs/multi/best-multivitamin-for-men,men’s daily multivitamin guide,KEEP_AFFILIATE_RETAIN,None - Topically Relevant Editorial / Affiliate Link,High,1,1,1,100%,-,1,0%,0%,12,12,17,0%,no,yes,1,0%,2026-02-15,2026-08-17,Niche-aligned source with a natural anchor distribution (0% branded/URL anchors).
amberstudent.com,https://www.performancelab.com/blogs/sleep/lemon-balm-side-effects,lemon balm for sleep,KEEP_AFFILIATE_RETAIN,None - Topically Relevant Editorial / Affiliate Link,High,1,1,1,100%,-,1,0%,0%,12,12,12,0%,no,yes,1,0%,2026-03-06,2026-08-09,Niche-aligned source with a natural anchor distribution (0% branded/URL anchors).
kit.com,https://www.performancelab.com/blogs/fitness/hard-training-efficient-recovery-peak-performance,fitness-fatigue model,KEEP_AFFILIATE_RETAIN,None - Topically Relevant Editorial / Affiliate Link,High,1,1,1,100%,-,1,0%,0%,12,12,10,0%,no,yes,1,0%,2026-07-04,2026-08-18,Niche-aligned source with a natural anchor distribution (0% branded/URL anchors).
thestudentroom.co.uk,https://www.performancelab.com/products/sleep,Performance Lab,KEEP_AFFILIATE_RETAIN,None - Topically Relevant Editorial / Affiliate Link,High,1,1,1,100%,-,1,0%,100%,12,12,12,0%,no,yes,1,0%,2026-03-23,2026-07-11,Niche-aligned source with a natural anchor distribution (100% branded/URL anchors).
educba.com,https://www.performancelab.com/collections/all-products,nootropic snacks,KEEP_AFFILIATE_RETAIN,None - Topically Relevant Editorial / Affiliate Link,High,1,1,1,100%,-,1,0%,0%,12,12,11,0%,no,yes,1,0%,2025-06-20,2026-08-03,Niche-aligned source with a natural anchor distribution (0% branded/URL anchors).
appsrankings.com,https://www.performancelab.com/,Satın Al!,KEEP_AFFILIATE_RETAIN,None - Affiliate Placement (Inferred Same Network),Medium,1,1,1,100%,-,0,0%,0%,12,12,26,100%,no,no,1,0%,2025-04-03,2026-08-13,Shares the drect.net network footprint but its redirect was not pulled. Retained by inference; confirm via the API redirect_url column.
bainbridgereview.com,https://www.performancelab.com/products/sleep,Performance Lab Sleep,KEEP_AFFILIATE_RETAIN,None - Topically Relevant Editorial / Affiliate Link,High,1,1,1,100%,-,0,0%,100%,12,12,54,100%,no,yes,1,100%,2026-02-02,2026-07-11,Niche-aligned source with a natural anchor distribution (100% branded/URL anchors).
guthealth.org,https://www.performancelab.com/blogs/prebiotic/2024-health-trends-forget-the-fads-focus-on-gut-health,https://www.performancelab.com/blogs/prebiotic/2024-health-trends-forget-the-fads-focus-on-gut-health,KEEP_AFFILIATE_RETAIN,None - Topically Relevant Editorial / Affiliate Link,High,1,1,1,100%,-,1,0%,100%,12,12,19,0%,no,yes,1,0%,2025-06-28,2026-08-03,Niche-aligned source with a natural anchor distribution (100% branded/URL anchors).
dontpayfull.com,https://www.performancelab.com/,performancelab.com,KEEP_AFFILIATE_RETAIN,None - Topically Relevant Editorial / Affiliate Link,High,1,1,1,100%,-,0,0%,100%,11,11,8,100%,no,yes,1,0%,2025-12-04,2026-08-06,Niche-aligned source with a natural anchor distribution (100% branded/URL anchors).
bcorporation.net,https://global.performancelab.com/,https://global.performancelab.com/,KEEP_AFFILIATE_RETAIN,None - Topically Relevant Editorial / Affiliate Link,High,1,1,1,100%,-,1,0%,100%,11,11,13,0%,no,yes,1,0%,2025-04-18,2026-08-12,Niche-aligned source with a natural anchor distribution (100% branded/URL anchors).
smallbusinesscoach.org,https://www.performancelab.com/blogs/sleep/lemon-balm-side-effects,is lemon balm safe for sleep and anxiety,KEEP_AFFILIATE_RETAIN,None - Topically Relevant Editorial / Affiliate Link,High,1,1,1,100%,-,1,0%,0%,11,11,12,0%,no,yes,1,0%,2026-03-08,2026-08-06,Niche-aligned source with a natural anchor distribution (0% branded/URL anchors).
neogaf.com,https://www.performancelab.com/collections/core-range,Performance Labs Men's multi-vitamin,KEEP_AFFILIATE_RETAIN,None - Topically Relevant Editorial / Affiliate Link,High,1,1,1,100%,-,0,0%,100%,11,11,12,100%,no,yes,1,0%,2026-06-05,2026-06-05,Niche-aligned source with a natural anchor distribution (100% branded/URL anchors).
doctoreto.com,https://www.performancelab.com/blogs/nutrition/inositol-for-men?srsltid=AfmBOooh4050wJK1_Fa1EhuTc6Uhcw_OqnDb9wjQ4nPcPBpLi6sCwICN,performancelab,KEEP_AFFILIATE_RETAIN,None - Topically Relevant Editorial / Affiliate Link,High,1,1,1,100%,-,1,0%,100%,11,11,22,0%,no,yes,1,0%,2026-02-22,2026-07-30,Niche-aligned source with a natural anchor distribution (100% branded/URL anchors).
startitup.sk,https://www.performancelab.com/blogs/nutrition/best-beet-supplement?srsltid=AfmBOoq_eyZ4E-ZcHYLyM6vN1837rA1jSdh9ROFoJrx311fbUYH1-ZU0,Performance Lab,KEEP_AFFILIATE_RETAIN,None - Topically Relevant Editorial / Affiliate Link,High,1,1,1,100%,-,1,0%,100%,11,11,20,0%,no,yes,1,0%,2025-11-08,2026-08-21,Niche-aligned source with a natural anchor distribution (100% branded/URL anchors).
inruddhealth.ghost.io,https://www.performancelab.com/products/omega-3?ref=inruddhealth.ghost.io,Check Out The Website,KEEP_AFFILIATE_RETAIN,None - Topically Relevant Editorial / Affiliate Link,High,1,1,1,100%,-,1,0%,0%,11,11,9,0%,no,yes,1,0%,2025-12-26,2026-07-31,Niche-aligned source with a natural anchor distribution (0% branded/URL anchors).
sanatorium.ghost.io,https://www.performancelab.com/blogs/sleep/magnesium-bisglycinate-vs-glycinate?ref=sanatorium.ghost.io,https://www.performancelab.com/blogs/sleep/magnesium-bisglycinate-vs-glycinate,KEEP_AFFILIATE_RETAIN,None - Brand Mention / Citation,Medium,1,1,1,100%,-,1,0%,100%,11,11,21,0%,no,no,1,0%,2026-07-12,2026-08-14,100% branded or bare-URL anchors; reads as an unsolicited citation rather than a placed link.
lowyat.net,https://www.performancelab.com/products/nutrigenesis-multi-women,Performance Lab,KEEP_AFFILIATE_RETAIN,None - Topically Relevant Editorial / Affiliate Link,High,1,1,1,100%,-,1,0%,100%,11,11,14,0%,no,yes,1,0%,2026-03-29,2026-06-13,Niche-aligned source with a natural anchor distribution (100% branded/URL anchors).
purehealthresearch.com,https://www.performancelab.com/blogs/energy/r-lipoic-acid-vs-alpha-lipoic-acid,*,KEEP_AFFILIATE_RETAIN,None - Topically Relevant Editorial / Affiliate Link,High,1,1,1,100%,-,1,0%,0%,10,10,39,0%,no,yes,1,0%,2025-10-17,2026-08-18,Niche-aligned source with a natural anchor distribution (0% branded/URL anchors).
cornucopia.se,https://www.performancelab.com/blogs/fitness/transform-muscle-strength-and-size-with-the-3-7-method,https://www.performancelab.com/blogs/fitness/transform-muscle-strength-and-size-with-the-3-7-method,KEEP_AFFILIATE_RETAIN,None - Brand Mention / Citation,Medium,1,1,1,100%,-,0,0%,100%,10,10,34,100%,no,no,1,0%,2026-07-25,2026-08-21,100% branded or bare-URL anchors; reads as an unsolicited citation rather than a placed link.
futurefit.co.uk,https://www.performancelab.com/blogs/omega-3/best-omega-3-supplement,vegan omega-3 supplements,KEEP_AFFILIATE_RETAIN,None - Topically Relevant Editorial / Affiliate Link,High,1,1,1,100%,-,1,0%,0%,10,10,8,0%,no,yes,1,0%,2026-02-11,2026-08-03,Niche-aligned source with a natural anchor distribution (0% branded/URL anchors).
azbigmedia.com,https://www.performancelab.com/collections/bones-joints,take joint health supplements,KEEP_AFFILIATE_RETAIN,None - Topically Relevant Editorial / Affiliate Link,High,1,1,1,100%,-,1,0%,0%,10,10,11,0%,no,yes,1,0%,2025-05-14,2026-06-07,Niche-aligned source with a natural anchor distribution (0% branded/URL anchors).
programminginsider.com,https://eu.performancelab.com/products/mind,[2],KEEP_AFFILIATE_RETAIN,None - Topically Relevant Editorial / Affiliate Link,High,1,1,1,100%,-,1,0%,0%,10,10,14,0%,no,yes,1,0%,2026-02-07,2026-07-09,Niche-aligned source with a natural anchor distribution (0% branded/URL anchors).
endomondo.com,https://www.performancelab.com/products/pre-lab-pro?a_aid=61359fdbb07de&a_cid=43c32874,Check Price,KEEP_AFFILIATE_RETAIN,None - Tracked Affiliate Partner,High,1,1,1,100%,-,0,0%,0%,10,10,59,100%,no,yes,1,0%,2025-04-25,2026-08-14,"100% of destinations carry the programme's a_aid/a_bid parameters, so this is a tracked affiliate. Commercial anchors are expected of an affiliate and the brief protects the placement; no structural spam signature fired."
riosalado.edu,https://www.performancelab.com/blogs/joint-support/how-long-does-turmeric-stay-in-your-system,poorly absorbed,KEEP_AFFILIATE_RETAIN,None - Topically Relevant Editorial / Affiliate Link,High,1,1,1,100%,-,1,0%,0%,10,10,31,0%,no,yes,1,0%,2026-01-17,2026-08-12,Niche-aligned source with a natural anchor distribution (0% branded/URL anchors).
packagingoftheworld.com,https://www.performancelab.com/uk/,Performance Lab,KEEP_AFFILIATE_RETAIN,None - Topically Relevant Editorial / Affiliate Link,High,1,1,1,100%,-,0,0%,100%,10,10,22,100%,no,yes,1,100%,2025-06-20,2026-03-26,Niche-aligned source with a natural anchor distribution (100% branded/URL anchors).
lifemd.com,https://www.performancelab.com/blogs/nutrition/vitamin-c-on-an-empty-stomach,sometimes upset an empty stomach,KEEP_AFFILIATE_RETAIN,None - Topically Relevant Editorial / Affiliate Link,High,1,1,1,100%,-,0,0%,0%,10,10,21,100%,no,yes,1,0%,2025-10-27,2026-08-08,Niche-aligned source with a natural anchor distribution (0% branded/URL anchors).
bug.hr,https://www.performancelab.com/blogs/nutrition/beef-protein-vs-whey,https://www.performancelab.com/blogs/nutrition/beef-protein-vs-whey,KEEP_AFFILIATE_RETAIN,None - Topically Relevant Editorial / Affiliate Link,High,1,1,1,100%,-,1,0%,100%,10,10,13,0%,no,yes,1,0%,2026-02-15,2026-08-16,Niche-aligned source with a natural anchor distribution (100% branded/URL anchors).
fingerlakes1.com,https://www.performancelab.com/blogs/sleep/sleep-performance-benefits-montmorency-tart-cherry,Montmorency Tart Cherry,KEEP_AFFILIATE_RETAIN,None - Topically Relevant Editorial / Affiliate Link,High,1,1,1,100%,-,1,0%,0%,10,10,18,0%,no,yes,1,0%,2025-10-22,2026-07-12,Niche-aligned source with a natural anchor distribution (0% branded/URL anchors).
hostingersite.com,https://www.performancelab.com/blogs/news/immune-boosting-juices-top-8-juice-recipes-for-immunity,immunity juice recipe,KEEP_AFFILIATE_RETAIN,None - Topically Relevant Editorial / Affiliate Link,High,1,1,1,100%,-,1,0%,0%,10,10,6,0%,no,yes,1,100%,2026-03-20,2026-06-06,Niche-aligned source with a natural anchor distribution (0% branded/URL anchors).
bnonews.com,https://www.performancelab.com/blogs/nutrition/best-pre-workout-for-women,best pre-workout without beta-alanine,KEEP_AFFILIATE_RETAIN,None - Topically Relevant Editorial / Affiliate Link,High,1,1,1,100%,-,1,100%,0%,10,10,7,0%,no,yes,1,0%,2026-03-18,2026-08-13,Niche-aligned source with a natural anchor distribution (0% branded/URL anchors).
obviousmag.com,https://www.performancelab.com/blogs/nutrition/best-pre-workout-for-women,choosing a women’s pre-workout,KEEP_AFFILIATE_RETAIN,None - Topically Relevant Editorial / Affiliate Link,High,1,1,1,100%,-,1,0%,0%,10,10,3,0%,no,yes,1,0%,2026-07-16,2026-08-14,Niche-aligned source with a natural anchor distribution (0% branded/URL anchors).
thestay-at-home-momsurvivalguide.com,https://www.performancelab.com/,Performance Lab,KEEP_AFFILIATE_RETAIN,None - Topically Relevant Editorial / Affiliate Link,High,1,1,1,100%,-,1,0%,100%,10,10,10,0%,no,yes,1,0%,2026-02-05,2026-08-07,Niche-aligned source with a natural anchor distribution (100% branded/URL anchors).
kit-mail6.com,https://www.performancelab.com/blogs/fitness/lifting-on-an-empty-stomach,(empty/image),KEEP_AFFILIATE_RETAIN,None - Safe Affiliate Redirect / Tracking Gateway,High,1,1,1,100%,-,1,0%,0%,9,9,0,0%,no,no,1,0%,2025-11-29,2026-08-09,"Affiliate or partner-network infrastructure; redirects and third-party hosting are expected, not a toxicity signal."
disabilityhorizons.com,https://www.performancelab.com/,Performance Lab,KEEP_AFFILIATE_RETAIN,None - Topically Relevant Editorial / Affiliate Link,High,1,1,1,100%,-,1,0%,100%,9,9,15,0%,no,yes,1,0%,2026-02-08,2026-08-22,Niche-aligned source with a natural anchor distribution (100% branded/URL anchors).
tapfiliate.com,https://www.performancelab.com/products/pre-lab-pro,Performance Lab,KEEP_AFFILIATE_RETAIN,None - Safe Affiliate Redirect / Tracking Gateway,High,1,1,1,100%,-,1,0%,100%,9,9,19,0%,no,no,1,0%,2026-05-24,2026-08-18,"Affiliate or partner-network infrastructure; redirects and third-party hosting are expected, not a toxicity signal."
nutriscan.app,https://www.performancelab.com/blogs/sleep/best-nighttime-supplement-for-muscle-growth,Performance Lab Sleep Research,KEEP_AFFILIATE_RETAIN,None - Topically Relevant Editorial / Affiliate Link,High,1,1,1,100%,-,1,0%,100%,9,9,28,0%,no,yes,1,0%,2025-12-20,2026-08-09,Niche-aligned source with a natural anchor distribution (100% branded/URL anchors).
rephonic.com,https://www.performancelab.com/breedlove,www.performancelab.com/breedlove,KEEP_AFFILIATE_RETAIN,None - Brand Mention / Citation,Medium,1,1,1,100%,-,0,0%,100%,9,9,15,100%,no,no,1,0%,2026-07-05,2026-07-05,100% branded or bare-URL anchors; reads as an unsolicited citation rather than a placed link.
thewellnesssociety.org,https://www.performancelab.com/collections/sleep,supplements for optimal sleep,KEEP_AFFILIATE_RETAIN,None - Topically Relevant Editorial / Affiliate Link,High,1,1,1,100%,-,1,0%,0%,9,9,5,0%,no,yes,1,0%,2025-05-02,2026-08-04,Niche-aligned source with a natural anchor distribution (0% branded/URL anchors).
highperformr.ai,https://www.performancelab.com/,https://www.performancelab.com,KEEP_AFFILIATE_RETAIN,None - Topically Relevant Editorial / Affiliate Link,High,1,1,1,100%,-,1,0%,100%,9,9,6,0%,no,yes,1,0%,2025-09-27,2026-05-10,Niche-aligned source with a natural anchor distribution (100% branded/URL anchors).
9round.com,https://www.performancelab.com/blogs/fitness/how-long-should-i-spend-at-the-gym?srsltid=AfmBOooMzoICqtr0dF48Ic2DKlk5dTOcnmS2HTB2EVe4wyF5WDB2_yt6,spending hours at the gym isn't necessary to achieve your fitness goals,KEEP_AFFILIATE_RETAIN,None - Topically Relevant Editorial / Affiliate Link,High,1,1,1,100%,-,1,0%,0%,9,9,14,0%,no,yes,1,0%,2025-06-15,2026-08-22,Niche-aligned source with a natural anchor distribution (0% branded/URL anchors).
starterstory.com,https://performancelab.com/,their full website ➜,KEEP_AFFILIATE_RETAIN,None - Topically Relevant Editorial / Affiliate Link,High,1,1,1,100%,-,0,0%,0%,9,9,65,100%,no,yes,1,100%,2025-02-01,2026-05-05,Niche-aligned source with a natural anchor distribution (0% branded/URL anchors).
labdoor.com,https://performancelab.com/,views.certified.brand.social.website.imgAlt,KEEP_AFFILIATE_RETAIN,None - Topically Relevant Editorial / Affiliate Link,High,1,1,1,100%,-,1,0%,0%,9,9,5,0%,no,yes,1,0%,2025-02-10,2026-08-10,Niche-aligned source with a natural anchor distribution (0% branded/URL anchors).
trans4mind.com,https://www.performancelab.com/blogs/nutrition/best-pre-workout-for-women,pre-workout supplements for women,KEEP_AFFILIATE_RETAIN,None - Topically Relevant Editorial / Affiliate Link,High,1,1,1,100%,-,1,0%,0%,9,9,2,0%,no,yes,1,0%,2025-08-09,2026-08-08,Niche-aligned source with a natural anchor distribution (0% branded/URL anchors).
1883magazine.com,https://www.performancelab.com/blogs/nutrition/pre-workout-without-beta-alanine,Performance Lab,KEEP_AFFILIATE_RETAIN,None - Topically Relevant Editorial / Affiliate Link,High,1,1,1,100%,-,1,0%,100%,9,9,13,0%,no,yes,1,0%,2026-06-06,2026-08-11,Niche-aligned source with a natural anchor distribution (100% branded/URL anchors).
americanspcc.org,https://www.performancelab.com/,Performance Lab,KEEP_AFFILIATE_RETAIN,None - Topically Relevant Editorial / Affiliate Link,High,1,1,1,100%,-,1,0%,100%,9,9,8,0%,no,yes,1,0%,2026-02-06,2026-08-09,Niche-aligned source with a natural anchor distribution (100% branded/URL anchors).
bmmagazine.co.uk,https://uk.performancelab.com/products/whole-food-multi,whole-food multivitamin,KEEP_AFFILIATE_RETAIN,None - Topically Relevant Editorial / Affiliate Link,High,1,1,1,100%,-,1,0%,0%,9,9,17,0%,no,yes,1,0%,2025-03-02,2026-08-21,Niche-aligned source with a natural anchor distribution (0% branded/URL anchors).
yucatanmagazine.com,https://www.performancelab.com/blogs/multi/best-multivitamin-for-men,Performance Lab NutriGenesis,KEEP_AFFILIATE_RETAIN,None - Brand Mention / Citation,Medium,1,1,1,100%,-,1,0%,100%,9,9,7,0%,no,no,1,0%,2026-05-05,2026-08-16,100% branded or bare-URL anchors; reads as an unsolicited citation rather than a placed link.
thedailyworld.com,https://www.performancelab.com/products/mind-lab-pro,Performance Lab Mind,KEEP_AFFILIATE_RETAIN,None - Brand Mention / Citation,Medium,1,1,1,100%,-,0,0%,100%,9,9,25,100%,no,no,1,100%,2026-02-24,2026-06-05,100% branded or bare-URL anchors; reads as an unsolicited citation rather than a placed link.
powr.io,https://www.performancelab.com/,Performance Lab,KEEP_AFFILIATE_RETAIN,None - Brand Mention / Citation,Medium,1,1,1,100%,-,1,0%,100%,9,9,15,0%,no,no,1,0%,2026-03-15,2026-08-18,100% branded or bare-URL anchors; reads as an unsolicited citation rather than a placed link.
intheplayroom.co.uk,https://www.performancelab.com/blogs/prebiotic/best-prebiotic-supplement,learn about the benefits of prebiotic supplements,KEEP_AFFILIATE_RETAIN,None - Topically Relevant Editorial / Affiliate Link,High,1,1,1,100%,-,1,0%,0%,9,9,12,0%,no,yes,1,0%,2024-06-30,2026-08-05,Niche-aligned source with a natural anchor distribution (0% branded/URL anchors).
magicmind.com,https://www.performancelab.com/products/mind?a_aid=5f4e9bd7d388a&a_bid=a2ad38c1,Performance Lab Nootropics,KEEP_AFFILIATE_RETAIN,None - Tracked Affiliate Partner,High,1,1,1,100%,-,1,0%,100%,8,8,14,0%,no,yes,1,0%,2025-05-30,2026-08-08,"100% of destinations carry the programme's a_aid/a_bid parameters, so this is a tracked affiliate. Commercial anchors are expected of an affiliate and the brief protects the placement; no structural spam signature fired."
brewdrkombucha.com,https://www.performancelab.com/blogs/multi/vitamin-c-and-b12-together,rich in several B vitamins,KEEP_AFFILIATE_RETAIN,None - Topically Relevant Editorial / Affiliate Link,High,1,1,1,100%,-,1,0%,0%,8,8,21,0%,no,yes,1,0%,2025-04-01,2026-08-06,Niche-aligned source with a natural anchor distribution (0% branded/URL anchors).
legendairymilk.com,"https://www.performancelab.com/blogs/multi/can-you-take-iron-and-magnesium-together#:~:text=While%20there%20may%20not%20be,with%20absorption%20and%20body%20stores","https://www.performancelab.com/blogs/multi/can-you-take-iron-and-magnesium-together#:~:text=While%20there%20may%20not%20be,with%20absorption%20and%20body%20stores",KEEP_AFFILIATE_RETAIN,None - Topically Relevant Editorial / Affiliate Link,High,1,1,1,100%,-,1,0%,100%,8,8,35,0%,no,yes,1,0%,2026-05-29,2026-07-03,Niche-aligned source with a natural anchor distribution (100% branded/URL anchors).
fashionweekonline.com,https://www.performancelab.com/blogs/nutrition/best-pre-workout-for-women,nootropic-enhanced pre-workout formula,KEEP_AFFILIATE_RETAIN,None - Topically Relevant Editorial / Affiliate Link,High,1,1,1,100%,-,1,0%,0%,8,8,28,0%,no,yes,1,0%,2026-06-04,2026-08-19,Niche-aligned source with a natural anchor distribution (0% branded/URL anchors).
criticalhit.net,https://www.performancelab.com/blogs/multi/best-multivitamin-for-men,foundational support for peak vitality,KEEP_AFFILIATE_RETAIN,None - Topically Relevant Editorial / Affiliate Link,High,1,1,1,100%,-,1,0%,0%,8,8,8,0%,no,yes,1,0%,2026-04-17,2026-08-21,Niche-aligned source with a natural anchor distribution (0% branded/URL anchors).
medino.com,https://www.performancelab.com/blogs/immune/how-long-does-glutathione-take-to-work,Performance Lab – How Long Does Glutathione Take to Work?,KEEP_AFFILIATE_RETAIN,None - Brand Mention / Citation,Medium,1,1,1,100%,-,1,0%,100%,8,8,15,0%,no,no,1,0%,2025-06-23,2026-08-07,100% branded or bare-URL anchors; reads as an unsolicited citation rather than a placed link.
paperblog.com,https://www.performancelab.com/products/prebiotic,Performance Lab Prebiotic comes,KEEP_AFFILIATE_RETAIN,None - Brand Mention / Citation,Medium,1,1,1,100%,-,0,0%,100%,8,8,8,100%,no,no,1,0%,2025-10-06,2026-06-05,100% branded or bare-URL anchors; reads as an unsolicited citation rather than a placed link.
ltcnews.com,https://www.performancelab.com/blogs/multi/multivitamin-vs-individual-vitamins,multivitamins vs individual vitamins,KEEP_AFFILIATE_RETAIN,None - Topically Relevant Editorial / Affiliate Link,High,1,1,1,100%,-,1,0%,0%,8,8,6,0%,no,yes,1,0%,2025-10-13,2026-08-03,Niche-aligned source with a natural anchor distribution (0% branded/URL anchors).
mosbatesabz.com,https://www.performancelab.com/blogs/multi/vitamin-c-and-omega-3-together,performance lab,KEEP_AFFILIATE_RETAIN,None - Topically Relevant Editorial / Affiliate Link,High,1,1,1,100%,-,1,0%,100%,8,8,22,0%,no,yes,1,0%,2025-11-10,2026-07-19,Niche-aligned source with a natural anchor distribution (100% branded/URL anchors).
breakingac.com,https://www.performancelab.com/blogs/nutrition/pre-workout-without-beta-alanine,preworkout without beta alanine,KEEP_AFFILIATE_RETAIN,None - Topically Relevant Editorial / Affiliate Link,High,1,1,1,100%,-,1,0%,0%,8,8,33,0%,no,yes,1,0%,2026-02-26,2026-07-07,Niche-aligned source with a natural anchor distribution (0% branded/URL anchors).
mikesbalance.com,https://www.performancelab.com/blogs/omega-3/omega-3-and-coq10-together,endless health benefits to taking omega-3 supplements and CoQ10 together,KEEP_AFFILIATE_RETAIN,None - Topically Relevant Editorial / Affiliate Link,High,1,1,1,100%,-,0,0%,0%,8,8,36,100%,no,yes,1,0%,2025-06-06,2026-08-07,Niche-aligned source with a natural anchor distribution (0% branded/URL anchors).
thinksteroids.com,https://www.performancelab.com/,Performance Lab,KEEP_AFFILIATE_RETAIN,None - Topically Relevant Editorial / Affiliate Link,High,1,1,1,100%,-,0,0%,100%,8,8,3,100%,no,yes,1,100%,2026-03-12,2026-06-25,Niche-aligned source with a natural anchor distribution (100% branded/URL anchors).
lovehappensmag.com,https://www.performancelab.com/blogs/multi/multivitamin-vs-individual-vitamins,improve health with vitamins,KEEP_AFFILIATE_RETAIN,None - Topically Relevant Editorial / Affiliate Link,High,1,1,1,100%,-,1,0%,0%,8,8,17,0%,no,yes,1,0%,2025-10-13,2026-08-13,Niche-aligned source with a natural anchor distribution (0% branded/URL anchors).
impactwealth.org,https://www.performancelab.com/blogs/sleep/magnesium-and-melatonin-interaction,can you take magnesium and melatonin together,KEEP_AFFILIATE_RETAIN,None - Topically Relevant Editorial / Affiliate Link,High,1,1,1,100%,-,1,0%,0%,8,8,10,0%,no,yes,1,100%,2026-02-07,2026-06-06,Niche-aligned source with a natural anchor distribution (0% branded/URL anchors).
smashbrand.com,https://www.performancelab.com/products/pre-lab-pro,pre- and post-workout formulas,KEEP_AFFILIATE_RETAIN,None - Topically Relevant Editorial / Affiliate Link,High,1,1,1,100%,-,1,0%,0%,8,8,3,0%,no,yes,1,0%,2026-08-10,2026-08-17,Niche-aligned source with a natural anchor distribution (0% branded/URL anchors).
globaltrademag.com,https://www.performancelab.com/,Performance Lab,KEEP_AFFILIATE_RETAIN,None - Brand Mention / Citation,Medium,1,1,1,100%,-,1,0%,100%,8,8,24,0%,no,no,1,100%,2026-05-25,2026-06-28,100% branded or bare-URL anchors; reads as an unsolicited citation rather than a placed link.
ourculturemag.com,https://www.performancelab.com/blogs/nutrition/pre-workout-without-beta-alanine,non-beta-alanine pre-workout formulas,KEEP_AFFILIATE_RETAIN,None - Topically Relevant Editorial / Affiliate Link,High,1,1,1,100%,-,1,0%,0%,8,8,7,0%,no,yes,1,0%,2026-02-20,2026-05-22,Niche-aligned source with a natural anchor distribution (0% branded/URL anchors).
netnewsledger.com,https://www.performancelab.com/blogs/sleep/magnesium-and-melatonin-interaction,magnesium and melatonin sleep stack,KEEP_AFFILIATE_RETAIN,None - Topically Relevant Editorial / Affiliate Link,High,1,1,1,100%,-,1,0%,0%,8,8,9,0%,no,yes,1,0%,2026-03-10,2026-07-06,Niche-aligned source with a natural anchor distribution (0% branded/URL anchors).
supplysidesj.com,https://www.performancelab.com/,www.performancelabs.com,KEEP_AFFILIATE_RETAIN,None - Topically Relevant Editorial / Affiliate Link,High,1,1,1,100%,-,1,0%,100%,8,8,25,0%,no,yes,1,0%,2025-02-07,2026-08-16,Niche-aligned source with a natural anchor distribution (100% branded/URL anchors).
traveltweaks.com,https://www.performancelab.com/blogs/sleep/lemon-balm-side-effects,Performance Lab guide,KEEP_AFFILIATE_RETAIN,None - Topically Relevant Editorial / Affiliate Link,High,1,1,1,100%,-,1,0%,100%,8,8,17,0%,no,yes,1,0%,2026-01-02,2026-08-16,Niche-aligned source with a natural anchor distribution (100% branded/URL anchors).
thesporting.blog,https://www.performancelab.com/blogs/prebiotic/gut-health-and-weight-loss,linked with preventing weight gain,KEEP_AFFILIATE_RETAIN,None - Topically Relevant Editorial / Affiliate Link,High,1,1,1,100%,-,1,0%,0%,8,8,22,0%,no,yes,1,0%,2024-05-02,2026-07-22,Niche-aligned source with a natural anchor distribution (0% branded/URL anchors).
bulk.ly,https://www.performancelab.com/,"Performance Lab,",KEEP_AFFILIATE_RETAIN,None - Brand Mention / Citation,Medium,1,1,1,100%,-,1,0%,100%,8,8,19,0%,no,no,1,0%,2026-02-16,2026-08-03,100% branded or bare-URL anchors; reads as an unsolicited citation rather than a placed link.
parkmagazineny.com,https://www.performancelab.com/blogs/pre-workout/creatine-nitrate-vs-creatine-monohydrate,creatine nitrate vs creatine monohydrate,KEEP_AFFILIATE_RETAIN,None - Topically Relevant Editorial / Affiliate Link,High,1,1,1,100%,-,1,0%,0%,8,8,11,0%,no,yes,1,0%,2025-12-30,2026-08-11,Niche-aligned source with a natural anchor distribution (0% branded/URL anchors).
kentuckycounselingcenter.com,https://www.performancelab.com/blogs/multi/zinc-and-b12-together,B12 and zinc,KEEP_AFFILIATE_RETAIN,None - Topically Relevant Editorial / Affiliate Link,High,1,1,1,100%,-,1,0%,0%,8,8,20,0%,no,yes,1,0%,2024-12-24,2026-08-18,Niche-aligned source with a natural anchor distribution (0% branded/URL anchors).
newsdirectonline.com,https://www.performancelab.com/products/mind-lab-pro,(empty/image),KEEP_AFFILIATE_RETAIN,None - Topically Relevant Editorial / Affiliate Link,High,1,1,1,100%,-,1,0%,0%,8,8,0,0%,no,yes,1,100%,2026-03-14,2026-05-31,Niche-aligned source with a natural anchor distribution (0% branded/URL anchors).
thepaintedhinge.com,https://www.performancelab.com/blogs/nutrition/best-pre-workout-for-women,a structured pre-workout,KEEP_AFFILIATE_RETAIN,None - Topically Relevant Editorial / Affiliate Link,High,1,1,1,100%,-,1,0%,0%,8,8,5,0%,no,yes,1,0%,2026-04-23,2026-08-09,Niche-aligned source with a natural anchor distribution (0% branded/URL anchors).
swaggermagazine.com,https://www.performancelab.com/blogs/multi/best-multivitamin-for-men,multivitamins for men,KEEP_AFFILIATE_RETAIN,None - Topically Relevant Editorial / Affiliate Link,High,1,1,1,100%,-,1,0%,0%,8,8,18,0%,no,yes,1,0%,2026-02-18,2026-08-20,Niche-aligned source with a natural anchor distribution (0% branded/URL anchors).
earthturns.com,"https://www.performancelab.com/blogs/sleep/best-nighttime-supplement-for-muscle-growth#:~:text=Positive%20Effects%20on%20Sleep%20Quality,promoting%20optimal%20growth%20during%20rest.","relaxation, recovery, and overnight repair",KEEP_AFFILIATE_RETAIN,None - Topically Relevant Editorial / Affiliate Link,High,1,1,1,100%,-,1,0%,0%,8,8,7,0%,no,yes,1,0%,2025-10-26,2026-08-12,Niche-aligned source with a natural anchor distribution (0% branded/URL anchors).
jordanharbinger.com,https://www.performancelab.com/blogs/fitness/the-dangers-of-overtraining,The Dangers of Overtraining | Performance Lab,KEEP_AFFILIATE_RETAIN,None - Brand Mention / Citation,Medium,1,1,1,100%,-,1,0%,100%,8,8,51,0%,no,no,1,0%,2025-06-16,2026-08-12,100% branded or bare-URL anchors; reads as an unsolicited citation rather than a placed link.
tuketicisagligi.com.tr,https://www.performancelab.com/blogs/immune/best-time-of-day-to-take-selenium,https://www.performancelab.com/blogs/immune/best-time-of-day-to-take-selenium,KEEP_AFFILIATE_RETAIN,None - Brand Mention / Citation,Medium,1,1,1,100%,-,1,0%,100%,8,8,9,0%,no,no,1,0%,2025-09-17,2026-08-13,100% branded or bare-URL anchors; reads as an unsolicited citation rather than a placed link.
bjjee.com,https://www.performancelab.com/blogs/news/immune-boosting-juices-top-8-juice-recipes-for-immunity,juices for stronger immunity,KEEP_AFFILIATE_RETAIN,None - Topically Relevant Editorial / Affiliate Link,High,1,1,1,100%,-,1,0%,0%,8,8,17,0%,no,yes,1,0%,2026-01-17,2026-08-21,Niche-aligned source with a natural anchor distribution (0% branded/URL anchors).
capsulink.com,https://www.performancelab.com/,The Performance Lab,KEEP_AFFILIATE_RETAIN,None - Brand Mention / Citation,Medium,1,1,1,100%,-,1,0%,100%,8,8,19,0%,no,no,1,0%,2026-01-09,2026-08-20,100% branded or bare-URL anchors; reads as an unsolicited citation rather than a placed link.
xcode.life,https://www.performancelab.com/blogs/nutrition/does-creatine-make-you-bloated/,water retention,KEEP_AFFILIATE_RETAIN,None - Topically Relevant Editorial / Affiliate Link,High,1,1,1,100%,-,1,0%,0%,8,8,19,0%,no,yes,1,0%,2023-10-16,2026-08-15,Niche-aligned source with a natural anchor distribution (0% branded/URL anchors).
designscene.net,https://www.performancelab.com/,supplements to boost mental and physical performance,KEEP_AFFILIATE_RETAIN,None - Topically Relevant Editorial / Affiliate Link,High,1,1,1,100%,-,1,0%,0%,7,7,10,0%,no,yes,1,0%,2025-07-23,2026-05-14,Niche-aligned source with a natural anchor distribution (0% branded/URL anchors).
notsalmon.com,https://www.performancelab.com/blogs/multi/best-multivitamin-for-men,shop men’s multivitamins,KEEP_AFFILIATE_RETAIN,None - Topically Relevant Editorial / Affiliate Link,High,1,1,1,100%,-,1,0%,0%,7,7,15,0%,no,yes,1,0%,2026-02-04,2026-08-06,Niche-aligned source with a natural anchor distribution (0% branded/URL anchors).
safesearchkids.com,https://www.performancelab.com/blogs/multi/multivitamin-vs-individual-vitamins,choose between multivitamin vs individual vitamins,KEEP_AFFILIATE_RETAIN,None - Topically Relevant Editorial / Affiliate Link,High,1,1,1,100%,-,1,0%,0%,7,7,12,0%,no,yes,1,0%,2025-10-09,2026-08-12,Niche-aligned source with a natural anchor distribution (0% branded/URL anchors).
burlapandblue.com,https://www.performancelab.com/blogs/multi/multivitamin-vs-individual-vitamins,compare the benefits of multivitamins and individual vitamins,KEEP_AFFILIATE_RETAIN,None - Topically Relevant Editorial / Affiliate Link,High,1,1,1,100%,-,1,0%,0%,7,7,8,0%,no,yes,1,0%,2026-04-20,2026-08-05,Niche-aligned source with a natural anchor distribution (0% branded/URL anchors).
globalgurus.org,https://www.performancelab.com/blogs/sleep/magnesium-and-melatonin-interaction,can you take magnesium and melatonin together,KEEP_AFFILIATE_RETAIN,None - Topically Relevant Editorial / Affiliate Link,High,1,1,1,100%,-,1,0%,0%,7,7,4,0%,no,yes,1,100%,2026-04-26,2026-06-05,Niche-aligned source with a natural anchor distribution (0% branded/URL anchors).
clodura.ai,https://performancelab.com/,performancelab.com,KEEP_AFFILIATE_RETAIN,None - Topically Relevant Editorial / Affiliate Link,High,1,1,1,100%,-,1,0%,100%,7,7,7,0%,no,yes,1,100%,2025-09-10,2026-03-13,Niche-aligned source with a natural anchor distribution (100% branded/URL anchors).
nerdymamma.com,https://www.performancelab.com/,Performance Lab,KEEP_AFFILIATE_RETAIN,None - Topically Relevant Editorial / Affiliate Link,High,1,1,1,100%,-,1,0%,100%,7,7,10,0%,no,yes,1,0%,2026-02-02,2026-08-05,Niche-aligned source with a natural anchor distribution (100% branded/URL anchors).
blkgrn.com,https://www.performancelab.com/blogs/nutrition/feeling-tired-after-workout,how to recover wgen you're tired after working out,KEEP_AFFILIATE_RETAIN,None - Topically Relevant Editorial / Affiliate Link,High,1,1,1,100%,-,1,0%,0%,7,7,5,0%,no,yes,1,0%,2026-04-01,2026-05-29,Niche-aligned source with a natural anchor distribution (0% branded/URL anchors).
theinspirationedit.com,https://www.performancelab.com/blogs/prebiotic/best-prebiotic-supplement,shop high quality prebiotics,KEEP_AFFILIATE_RETAIN,None - Topically Relevant Editorial / Affiliate Link,High,1,1,1,100%,-,1,0%,0%,7,7,20,0%,no,yes,1,0%,2026-04-15,2026-08-22,Niche-aligned source with a natural anchor distribution (0% branded/URL anchors).
mantelligence.com,https://www.performancelab.com/blogs/nutrition/low-caffeine-pre-workout-supplements,pre-workout with less caffeine,KEEP_AFFILIATE_RETAIN,None - Topically Relevant Editorial / Affiliate Link,High,1,1,1,100%,-,1,0%,0%,7,7,25,0%,no,yes,1,0%,2025-12-21,2026-08-04,Niche-aligned source with a natural anchor distribution (0% branded/URL anchors).
mirrorreview.com,https://www.performancelab.com/collections/immunity,support your immunity with supplements,KEEP_AFFILIATE_RETAIN,None - Topically Relevant Editorial / Affiliate Link,High,1,1,1,100%,-,1,0%,0%,7,7,14,0%,no,yes,1,100%,2024-05-21,2026-07-04,Niche-aligned source with a natural anchor distribution (0% branded/URL anchors).
ghpnews.digital,https://www.performancelab.com/blogs/omega-3/best-omega-3-supplement,review of vegan omega 3 supplements,KEEP_AFFILIATE_RETAIN,None - Topically Relevant Editorial / Affiliate Link,High,1,1,1,100%,-,1,100%,0%,7,7,7,0%,no,yes,1,0%,2026-02-18,2026-08-20,Niche-aligned source with a natural anchor distribution (0% branded/URL anchors).
crankwheel.com,https://www.performancelab.com/products/pre-lab-pro,Performance Lab’s Pre Lab Pro,KEEP_AFFILIATE_RETAIN,None - Brand Mention / Citation,Medium,1,1,1,100%,-,1,0%,100%,7,7,16,0%,no,no,1,0%,2026-05-26,2026-08-19,100% branded or bare-URL anchors; reads as an unsolicited citation rather than a placed link.
dadblog.co.uk,https://www.performancelab.com/,at performancelab.com,KEEP_AFFILIATE_RETAIN,None - Topically Relevant Editorial / Affiliate Link,High,1,1,1,100%,-,1,0%,100%,7,7,20,0%,no,yes,1,0%,2026-01-12,2026-08-14,Niche-aligned source with a natural anchor distribution (100% branded/URL anchors).
ampliz.com,https://www.performancelab.com/,Performance Lab,KEEP_AFFILIATE_RETAIN,None - Topically Relevant Editorial / Affiliate Link,High,1,1,1,100%,-,1,0%,100%,7,7,11,0%,no,yes,1,0%,2025-01-28,2026-08-19,Niche-aligned source with a natural anchor distribution (100% branded/URL anchors).
saddlehunter.com,https://www.performancelab.com/,Performance Lab,KEEP_AFFILIATE_RETAIN,None - Topically Relevant Editorial / Affiliate Link,High,1,1,1,100%,-,0,0%,100%,7,7,8,100%,no,yes,1,0%,2026-07-28,2026-07-28,Niche-aligned source with a natural anchor distribution (100% branded/URL anchors).
theveganreview.com,https://www.performancelab.com/,performance nutritionist,KEEP_AFFILIATE_RETAIN,None - Topically Relevant Editorial / Affiliate Link,High,1,1,1,100%,-,1,0%,0%,7,7,18,0%,no,yes,1,0%,2025-03-18,2026-07-20,Niche-aligned source with a natural anchor distribution (0% branded/URL anchors).
newyorkstreetfood.com,https://www.performancelab.com/blogs/prebiotic/best-prebiotic-supplement,quality prebiotic supplements,KEEP_AFFILIATE_RETAIN,None - Topically Relevant Editorial / Affiliate Link,High,1,1,1,100%,-,1,0%,0%,7,7,9,0%,no,yes,1,0%,2024-07-08,2026-08-18,Niche-aligned source with a natural anchor distribution (0% branded/URL anchors).
socialmediastrategiessummit.com,https://www.performancelab.com/,Performance Lab,KEEP_AFFILIATE_RETAIN,None - Brand Mention / Citation,Medium,1,1,1,100%,-,1,0%,100%,7,7,44,0%,no,no,1,0%,2026-02-26,2026-08-08,100% branded or bare-URL anchors; reads as an unsolicited citation rather than a placed link.
thehealthyprimate.org,https://www.performancelab.com/blogs/sleep/lemon-balm-side-effects,side-effects of lemon balm,KEEP_AFFILIATE_RETAIN,None - Topically Relevant Editorial / Affiliate Link,High,1,1,1,100%,-,1,0%,0%,7,7,2,0%,no,yes,1,0%,2025-12-10,2026-08-13,Niche-aligned source with a natural anchor distribution (0% branded/URL anchors).
emedicodiary.com,https://www.performancelab.com/blogs/multi/best-multivitamin-for-men,men's multivitamins,KEEP_AFFILIATE_RETAIN,None - Topically Relevant Editorial / Affiliate Link,High,1,1,1,100%,-,1,0%,0%,7,7,7,0%,no,yes,1,0%,2026-02-20,2026-08-22,Niche-aligned source with a natural anchor distribution (0% branded/URL anchors).
miamilivingmagazine.com,https://www.performancelab.com/,Performance Lab nutritional supplements,KEEP_AFFILIATE_RETAIN,None - Topically Relevant Editorial / Affiliate Link,High,1,1,1,100%,-,1,0%,100%,7,7,6,0%,no,yes,1,0%,2026-03-04,2026-06-06,Niche-aligned source with a natural anchor distribution (100% branded/URL anchors).
intelligenthq.com,https://www.performancelab.com/blogs/sleep/magnesium-and-melatonin-interaction,Performance Lab article,KEEP_AFFILIATE_RETAIN,None - Topically Relevant Editorial / Affiliate Link,High,1,1,1,100%,-,1,0%,100%,7,7,15,0%,no,yes,1,100%,2026-03-15,2026-06-03,Niche-aligned source with a natural anchor distribution (100% branded/URL anchors).
talentedladiesclub.com,https://www.performancelab.com/blogs/joint-support/best-joint-supplements,Performance Lab,KEEP_AFFILIATE_RETAIN,None - Topically Relevant Editorial / Affiliate Link,High,1,1,1,100%,-,1,0%,100%,7,7,24,0%,no,yes,1,0%,2024-05-03,2026-08-08,Niche-aligned source with a natural anchor distribution (100% branded/URL anchors).
toposs.nl,https://www.performancelab.com/?srsltid=AfmBOor2kwRQb4jmYlbSxPzC6_Itcoj2Wk7Z5VprkGUIYQ3ZWnXWhqnQ,Performance Lab,KEEP_AFFILIATE_RETAIN,None - Brand Mention / Citation,Medium,1,1,1,100%,-,1,0%,100%,7,7,152,0%,no,no,1,100%,2026-04-23,2026-07-08,100% branded or bare-URL anchors; reads as an unsolicited citation rather than a placed link.
travelbeginsat40.com,https://www.performancelab.com/collections/bones-joints,supplements for joint health,KEEP_AFFILIATE_RETAIN,None - Topically Relevant Editorial / Affiliate Link,High,1,1,1,100%,-,1,0%,0%,7,7,7,0%,no,yes,1,0%,2025-03-25,2026-08-14,Niche-aligned source with a natural anchor distribution (0% branded/URL anchors).
menswearstyle.co.uk,https://www.performancelab.com/blogs/multi/best-multivitamin-for-men,read about men's multivitamins,KEEP_AFFILIATE_RETAIN,None - Topically Relevant Editorial / Affiliate Link,High,1,1,1,100%,-,1,0%,0%,7,7,10,0%,no,yes,1,0%,2026-02-03,2026-07-01,Niche-aligned source with a natural anchor distribution (0% branded/URL anchors).
medicool.ro,https://www.performancelab.com/,conform Performance Lab,KEEP_AFFILIATE_RETAIN,None - Brand Mention / Citation,Medium,1,1,1,100%,-,1,0%,100%,7,7,31,0%,no,no,1,0%,2025-10-12,2026-08-20,100% branded or bare-URL anchors; reads as an unsolicited citation rather than a placed link.
newwavemagazine.com,https://www.performancelab.com/blogs/nutrition/best-pre-workout-for-women,Performance Lab women's formula,KEEP_AFFILIATE_RETAIN,None - Topically Relevant Editorial / Affiliate Link,High,1,1,1,100%,-,1,0%,100%,7,7,3,0%,no,yes,1,0%,2026-04-23,2026-06-22,Niche-aligned source with a natural anchor distribution (100% branded/URL anchors).
targifor.com.br,https://www.performancelab.com/blogs/multi/do-vitamins-have-calories,https://www.performancelab.com/blogs/multi/do-vitamins-have-calories,KEEP_AFFILIATE_RETAIN,None - Topically Relevant Editorial / Affiliate Link,High,1,1,1,100%,-,1,0%,100%,7,7,18,0%,no,yes,1,0%,2026-07-06,2026-08-18,Niche-aligned source with a natural anchor distribution (100% branded/URL anchors).
gymbeam.de,https://www.performancelab.com/blogs/pre/are-creatine-and-caffeine-dangerous-together,https://www.performancelab.com/blogs/pre/are-creatine-and-caffeine-dangerous-together,KEEP_AFFILIATE_RETAIN,None - Topically Relevant Editorial / Affiliate Link,High,1,1,1,100%,-,0,0%,100%,7,7,22,100%,no,yes,1,0%,2025-11-08,2026-08-06,Niche-aligned source with a natural anchor distribution (100% branded/URL anchors).
intelligentliving.co,https://www.performancelab.com/collections/vitamins-minerals,supplements and vitamins,KEEP_AFFILIATE_RETAIN,None - Topically Relevant Editorial / Affiliate Link,High,1,1,1,100%,-,1,0%,0%,7,7,11,0%,no,yes,1,0%,2024-08-18,2026-06-07,Niche-aligned source with a natural anchor distribution (0% branded/URL anchors).
datainsightsmarket.com,https://www.performancelab.com/,Performance Lab Ltd,KEEP_AFFILIATE_RETAIN,None - Topically Relevant Editorial / Affiliate Link,High,1,1,1,100%,-,1,0%,100%,7,7,15,0%,no,yes,1,0%,2025-08-21,2026-08-05,Niche-aligned source with a natural anchor distribution (100% branded/URL anchors).
gaugemagazine.com,https://www.performancelab.com/collections/brainpower,enhance brain power with supplements,KEEP_AFFILIATE_RETAIN,None - Topically Relevant Editorial / Affiliate Link,High,1,1,1,100%,-,1,0%,0%,7,7,15,0%,no,yes,1,0%,2025-10-13,2026-08-15,Niche-aligned source with a natural anchor distribution (0% branded/URL anchors).
forgeandsmith.com,https://www.performancelab.com/,Performance Lab,KEEP_AFFILIATE_RETAIN,None - Brand Mention / Citation,Medium,1,1,1,100%,-,1,0%,100%,6,6,28,0%,no,no,1,0%,2025-11-01,2026-08-09,100% branded or bare-URL anchors; reads as an unsolicited citation rather than a placed link.
vibranthealth.com,https://www.performancelab.com/products/flex,Flex,KEEP_AFFILIATE_RETAIN,None - Topically Relevant Editorial / Affiliate Link,High,1,1,1,100%,-,1,0%,0%,6,6,29,0%,no,yes,1,0%,2026-07-04,2026-07-04,Niche-aligned source with a natural anchor distribution (0% branded/URL anchors).
aboutboulder.com,https://www.performancelab.com/blogs/prebiotic/best-prebiotic-supplement,improve gut health with prebiotics,KEEP_AFFILIATE_RETAIN,None - Topically Relevant Editorial / Affiliate Link,High,1,1,1,100%,-,1,0%,0%,6,6,17,0%,no,yes,1,0%,2024-04-29,2026-06-04,Niche-aligned source with a natural anchor distribution (0% branded/URL anchors).
hhmglobal.com,https://www.performancelab.com/blogs/omega-3/best-omega-3-supplement,benefits of taking omega-3 supplements,KEEP_AFFILIATE_RETAIN,None - Topically Relevant Editorial / Affiliate Link,High,1,1,1,100%,-,1,0%,0%,6,6,12,0%,no,yes,1,0%,2026-02-05,2026-08-17,Niche-aligned source with a natural anchor distribution (0% branded/URL anchors).
2urbangirls.com,https://www.performancelab.com/blogs/nutrition/best-pre-workout-for-women,Performance Lab Pre Lab Pro,KEEP_AFFILIATE_RETAIN,None - Topically Relevant Editorial / Affiliate Link,High,1,1,1,100%,-,1,0%,100%,6,6,12,0%,no,yes,1,0%,2026-07-16,2026-07-16,Niche-aligned source with a natural anchor distribution (100% branded/URL anchors).
netcurtains.org,https://www.performancelab.com/blogs/sleep/magnesium-and-melatonin-interaction,work together for better sleep,KEEP_AFFILIATE_RETAIN,None - Topically Relevant Editorial / Affiliate Link,High,1,1,1,100%,-,1,0%,0%,6,6,2,0%,no,yes,1,0%,2026-01-01,2026-08-08,Niche-aligned source with a natural anchor distribution (0% branded/URL anchors).
drifttravel.com,https://www.performancelab.com/,Performance Lab supplements,KEEP_AFFILIATE_RETAIN,None - Topically Relevant Editorial / Affiliate Link,High,1,1,1,100%,-,1,0%,100%,6,6,13,0%,no,yes,1,0%,2025-06-14,2026-08-14,Niche-aligned source with a natural anchor distribution (100% branded/URL anchors).
thebossmagazine.com,https://www.performancelab.com/collections/brainpower,at Performance Lab,KEEP_AFFILIATE_RETAIN,None - Topically Relevant Editorial / Affiliate Link,High,1,1,1,100%,-,1,0%,100%,6,6,12,0%,no,yes,1,0%,2025-10-24,2026-08-10,Niche-aligned source with a natural anchor distribution (100% branded/URL anchors).
jupiterhadley.com,https://www.performancelab.com/blogs/multi/best-multivitamin-for-men,cellular energy and cognitive function,KEEP_AFFILIATE_RETAIN,None - Topically Relevant Editorial / Affiliate Link,High,1,1,1,100%,-,1,0%,0%,6,6,9,0%,no,yes,1,0%,2026-07-08,2026-08-19,Niche-aligned source with a natural anchor distribution (0% branded/URL anchors).
supplysidefbj.com,https://www.performancelab.com/collections/brainpower,Nu:Tropic,KEEP_AFFILIATE_RETAIN,None - Topically Relevant Editorial / Affiliate Link,High,1,1,1,100%,-,1,0%,0%,6,6,33,0%,no,yes,1,0%,2025-10-13,2026-08-19,Niche-aligned source with a natural anchor distribution (0% branded/URL anchors).
healthsciencesforum.com,https://www.performancelab.com/blogs/nutrition/best-supplement-for-pump-and-vascularity,how to be more vascular,KEEP_AFFILIATE_RETAIN,None - Topically Relevant Editorial / Affiliate Link,High,1,1,1,100%,-,1,0%,0%,6,6,1,0%,no,yes,1,0%,2025-10-20,2026-08-08,Niche-aligned source with a natural anchor distribution (0% branded/URL anchors).
seniorliving.com,https://www.performancelab.com/blogs/joint-support/best-joint-supplements,best supplements for your joints,KEEP_AFFILIATE_RETAIN,None - Topically Relevant Editorial / Affiliate Link,High,1,1,1,100%,-,1,100%,0%,6,6,5,0%,no,yes,1,0%,2026-01-18,2026-08-09,Niche-aligned source with a natural anchor distribution (0% branded/URL anchors).
talkaboutmarriage.com,https://www.performancelab.com/products/sleep,Performance Lab,KEEP_AFFILIATE_RETAIN,None - Topically Relevant Editorial / Affiliate Link,High,1,1,1,100%,-,0,0%,100%,6,6,11,100%,no,yes,1,100%,2026-02-06,2026-08-01,Niche-aligned source with a natural anchor distribution (100% branded/URL anchors).
marathontrainingacademy.com,https://www.performancelab.com/blogs/joint-support/best-joint-supplements,supplements to strengthen joints,KEEP_AFFILIATE_RETAIN,None - Topically Relevant Editorial / Affiliate Link,High,1,1,1,100%,-,1,0%,0%,6,6,2,0%,no,yes,1,0%,2026-01-20,2026-08-10,Niche-aligned source with a natural anchor distribution (0% branded/URL anchors).
mycvcreator.com,https://www.performancelab.com/blogs/nutrition/best-pre-workout-for-women,pre-workout guide for women,KEEP_AFFILIATE_RETAIN,None - Topically Relevant Editorial / Affiliate Link,High,1,1,1,100%,-,1,0%,0%,6,6,6,0%,no,yes,1,0%,2026-03-21,2026-08-21,Niche-aligned source with a natural anchor distribution (0% branded/URL anchors).
golfnews.co.uk,https://www.performancelab.com/blogs/joint-support/best-supplements-for-tendonitis?srsltid=AfmBOor85zIoO1G_lPjOaHEYB1DcFfh8rpC9PKkBBU4JC4M1ibHfMBym,(empty/image),KEEP_AFFILIATE_RETAIN,None - Topically Relevant Editorial / Affiliate Link,High,1,1,1,100%,-,1,0%,0%,6,6,17,0%,no,yes,1,0%,2025-10-15,2026-08-21,Niche-aligned source with a natural anchor distribution (0% branded/URL anchors).
successfulblackparenting.com,https://www.performancelab.com/collections/vision,recommended vitamins for eye health,KEEP_AFFILIATE_RETAIN,None - Topically Relevant Editorial / Affiliate Link,High,1,1,1,100%,-,1,100%,0%,6,6,33,0%,no,yes,1,0%,2025-06-11,2026-08-14,Niche-aligned source with a natural anchor distribution (0% branded/URL anchors).
everymoviehasalesson.com,https://www.performancelab.com/supplements/mind,Performance Lab’s Mind product,KEEP_AFFILIATE_RETAIN,None - Brand Mention / Citation,Medium,1,1,1,100%,-,1,0%,100%,6,6,43,0%,no,no,1,0%,2025-10-01,2026-07-09,100% branded or bare-URL anchors; reads as an unsolicited citation rather than a placed link.
gentwenty.com,https://www.performancelab.com/blogs/sleep/magnesium-and-melatonin-interaction,magnesium and melatonin interaction,KEEP_AFFILIATE_RETAIN,None - Topically Relevant Editorial / Affiliate Link,High,1,1,1,100%,-,1,0%,0%,6,6,10,0%,no,yes,1,0%,2026-01-22,2026-08-15,Niche-aligned source with a natural anchor distribution (0% branded/URL anchors).
workast.com,https://www.performancelab.com/collections/vision,improve eye health and vision performance,KEEP_AFFILIATE_RETAIN,None - Topically Relevant Editorial / Affiliate Link,High,1,1,1,100%,-,1,0%,0%,6,6,11,0%,no,yes,1,0%,2025-06-19,2026-08-18,Niche-aligned source with a natural anchor distribution (0% branded/URL anchors).
upscalelivingmag.com,https://www.performancelab.com/blogs/multi/best-multivitamin-for-men,effective multivitamins for men,KEEP_AFFILIATE_RETAIN,None - Topically Relevant Editorial / Affiliate Link,High,1,1,1,100%,-,1,0%,0%,6,6,6,0%,no,yes,1,0%,2026-02-01,2026-08-19,Niche-aligned source with a natural anchor distribution (0% branded/URL anchors).
bloomberry.com,https://performancelab.com/,Performance Lab,KEEP_AFFILIATE_RETAIN,None - Brand Mention / Citation,Medium,1,1,1,100%,-,0,0%,100%,6,6,32,100%,no,no,1,100%,2026-05-24,2026-06-04,100% branded or bare-URL anchors; reads as an unsolicited citation rather than a placed link.
panoramata.co,https://global.performancelab.com/,Visit their website →,KEEP_AFFILIATE_RETAIN,None - Topically Relevant Editorial / Affiliate Link,High,1,1,1,100%,-,0,0%,0%,6,6,10,100%,no,yes,1,0%,2025-03-22,2026-05-30,Niche-aligned source with a natural anchor distribution (0% branded/URL anchors).
switchy.io,https://www.performancelab.com/products/nutrigenesis-multi-men?a_aid=5dc5585e55742&a_bid=a2ad38c1,https://www.performancelab.com/products/nutrigenesis-multi-men?a_aid=5dc5585e55742&a_bid=a2ad38c1,KEEP_AFFILIATE_RETAIN,None - Tracked Affiliate Partner,High,1,1,1,100%,-,1,0%,100%,6,6,1,0%,no,yes,1,0%,2025-10-28,2026-08-10,"100% of destinations carry the programme's a_aid/a_bid parameters, so this is a tracked affiliate. Commercial anchors are expected of an affiliate and the brief protects the placement; no structural spam signature fired."
ourpaleolife.com,https://www.performancelab.com/blogs/prebiotic/best-prebiotic-supplement,Performance Lab,KEEP_AFFILIATE_RETAIN,None - Topically Relevant Editorial / Affiliate Link,High,1,1,1,100%,-,1,0%,100%,6,6,8,0%,no,yes,1,0%,2025-03-30,2026-08-19,Niche-aligned source with a natural anchor distribution (100% branded/URL anchors).
robinwaite.com,https://www.performancelab.com/blogs/omega-3/best-omega-3-supplement,benefits of omega-3 fatty acids,KEEP_AFFILIATE_RETAIN,None - Topically Relevant Editorial / Affiliate Link,High,1,1,1,100%,-,1,0%,0%,6,6,4,0%,no,yes,1,0%,2026-03-10,2026-05-27,Niche-aligned source with a natural anchor distribution (0% branded/URL anchors).
civilizedcaveman.com,https://www.performancelab.com/blogs/multi/multivitamin-vs-individual-vitamins,choosing between multivitamins and individual vitamins,KEEP_AFFILIATE_RETAIN,None - Topically Relevant Editorial / Affiliate Link,High,1,1,1,100%,-,1,0%,0%,6,6,9,0%,no,yes,1,0%,2025-10-11,2026-08-15,Niche-aligned source with a natural anchor distribution (0% branded/URL anchors).
happyeconews.com,https://www.performancelab.com/blogs/nutrition/best-pre-workout-for-women,nootropic-enhanced pre-workout,KEEP_AFFILIATE_RETAIN,None - Topically Relevant Editorial / Affiliate Link,High,1,1,1,100%,-,1,0%,0%,6,6,9,0%,no,yes,1,100%,2026-04-11,2026-08-02,Niche-aligned source with a natural anchor distribution (0% branded/URL anchors).
artofhealthyliving.com,https://performancelab.com/products/omega-3,Performance Lab Omega 3,KEEP_AFFILIATE_RETAIN,None - Topically Relevant Editorial / Affiliate Link,High,1,1,1,100%,-,1,0%,100%,6,6,23,0%,no,yes,1,0%,2025-05-21,2026-08-06,Niche-aligned source with a natural anchor distribution (100% branded/URL anchors).
theceoviews.com,https://performancelab.com/,performancelab.com,KEEP_AFFILIATE_RETAIN,None - Topically Relevant Editorial / Affiliate Link,High,1,1,1,100%,-,1,0%,100%,6,6,7,0%,no,yes,1,100%,2025-06-15,2026-06-05,Niche-aligned source with a natural anchor distribution (100% branded/URL anchors).
anationofmoms.com,https://www.performancelab.com/blogs/omega-3/best-omega-3-supplement,leading vegan Omega-3,KEEP_AFFILIATE_RETAIN,None - Topically Relevant Editorial / Affiliate Link,High,1,1,1,100%,-,1,100%,0%,6,6,22,0%,no,yes,1,100%,2025-05-05,2026-04-28,Niche-aligned source with a natural anchor distribution (0% branded/URL anchors).
advisoryexcellence.com,https://www.performancelab.com/blogs/nutrition/best-pre-workout-for-women,nature-identical nootropic stack,KEEP_AFFILIATE_RETAIN,None - Topically Relevant Editorial / Affiliate Link,High,1,1,1,100%,-,1,0%,0%,6,6,15,0%,no,yes,1,0%,2026-06-15,2026-08-11,Niche-aligned source with a natural anchor distribution (0% branded/URL anchors).
greyjournal.net,https://www.performancelab.com/blogs/joint-support/best-joint-supplements,taking joint health supplements,KEEP_AFFILIATE_RETAIN,None - Topically Relevant Editorial / Affiliate Link,High,1,1,1,100%,-,1,0%,0%,6,6,15,0%,no,yes,1,100%,2024-03-24,2026-05-30,Niche-aligned source with a natural anchor distribution (0% branded/URL anchors).
maryjanesfarm.org,https://www.performancelab.com/,www.performancelabs.com,KEEP_AFFILIATE_RETAIN,None - Brand Mention / Citation,Medium,1,1,1,100%,-,1,0%,100%,6,6,3,0%,no,no,1,100%,2024-09-09,2026-04-12,100% branded or bare-URL anchors; reads as an unsolicited citation rather than a placed link.
musclemx.com,https://www.performancelab.com/blogs/nutrition/what-in-pre-workout-makes-you-tingle?srsltid=AfmBOoqucOlbC8u2mzwK3_Zhwi8eMpBmFdbhL3AxW2TwETbZ5M873UJF,beta-alanine,KEEP_AFFILIATE_RETAIN,None - Topically Relevant Editorial / Affiliate Link,High,1,1,1,100%,-,0,0%,0%,6,6,25,100%,no,yes,1,0%,2026-05-20,2026-06-21,Niche-aligned source with a natural anchor distribution (0% branded/URL anchors).
myfavouriteplaces.org,https://www.performancelab.com/blogs/multi/best-multivitamin-for-men,nature-identical vitamins for men,KEEP_AFFILIATE_RETAIN,None - Topically Relevant Editorial / Affiliate Link,High,1,1,1,100%,-,1,0%,0%,6,6,4,0%,no,yes,1,0%,2026-04-28,2026-08-09,Niche-aligned source with a natural anchor distribution (0% branded/URL anchors).
vitamagazine.com,https://www.performancelab.com/blogs/nutrition/best-supplement-for-pump-and-vascularity,supplement for vascularity,KEEP_AFFILIATE_RETAIN,None - Topically Relevant Editorial / Affiliate Link,High,1,1,1,100%,-,1,0%,0%,6,6,18,0%,no,yes,1,0%,2025-08-04,2026-08-20,Niche-aligned source with a natural anchor distribution (0% branded/URL anchors).
upcyclethat.com,https://www.performancelab.com/blogs/nutrition/low-caffeine-pre-workout-supplements,Performance Lab,KEEP_AFFILIATE_RETAIN,None - Brand Mention / Citation,Medium,1,1,1,100%,-,1,0%,100%,6,6,13,0%,no,no,1,0%,2025-11-26,2026-08-19,100% branded or bare-URL anchors; reads as an unsolicited citation rather than a placed link.
emmareed.net,https://www.performancelab.com/blogs/fat-loss/foods-with-high-thermic-effect,foods with high thermic effects,KEEP_AFFILIATE_RETAIN,None - Topically Relevant Editorial / Affiliate Link,High,1,1,1,100%,-,1,0%,0%,6,6,24,0%,no,yes,1,0%,2025-08-27,2026-08-20,Niche-aligned source with a natural anchor distribution (0% branded/URL anchors).
houseofcoco.net,https://www.performancelab.com/blogs/nutrition/best-pre-workout-for-women,women’s pre-workout,KEEP_AFFILIATE_RETAIN,None - Topically Relevant Editorial / Affiliate Link,High,1,1,1,100%,-,1,0%,0%,6,6,12,0%,no,yes,1,0%,2025-11-20,2026-08-12,Niche-aligned source with a natural anchor distribution (0% branded/URL anchors).
travellingweasels.com,https://www.performancelab.com/collections/brainpower,Performance Lab,KEEP_AFFILIATE_RETAIN,None - Topically Relevant Editorial / Affiliate Link,High,1,1,1,100%,-,1,0%,100%,6,6,12,0%,no,yes,1,0%,2025-10-15,2026-08-11,Niche-aligned source with a natural anchor distribution (100% branded/URL anchors).
mytunbridgewells.com,https://www.performancelab.com/blogs/multi/best-multivitamin-for-men,daily multivitamin for active men,KEEP_AFFILIATE_RETAIN,None - Topically Relevant Editorial / Affiliate Link,High,1,1,1,100%,-,1,0%,0%,6,6,6,0%,no,yes,1,0%,2025-09-01,2026-07-27,Niche-aligned source with a natural anchor distribution (0% branded/URL anchors).
dcmedical.ro,https://www.performancelab.com/blogs/sleep/magnesium-bisglycinate-vs-glycinate?srsltid=AfmBOoqSRrgv8M92kIIlDKjc6q83va4yaqkL3vY5OV3rBnk5ehK0tud3,Performance Lab,KEEP_AFFILIATE_RETAIN,None - Topically Relevant Editorial / Affiliate Link,High,1,1,1,100%,-,1,0%,100%,6,6,13,0%,no,yes,1,0%,2025-07-11,2026-08-18,Niche-aligned source with a natural anchor distribution (100% branded/URL anchors).
wellbeingmagazine.com,https://www.performancelab.com/,premium supplements for energy and focus,KEEP_AFFILIATE_RETAIN,None - Topically Relevant Editorial / Affiliate Link,High,1,1,1,100%,-,1,0%,0%,6,6,16,0%,no,yes,1,0%,2026-01-13,2026-08-19,Niche-aligned source with a natural anchor distribution (0% branded/URL anchors).
geekmamas.com,https://www.performancelab.com/blogs/nutrition/pre-workout-without-beta-alanine,Performance Lab,KEEP_AFFILIATE_RETAIN,None - Topically Relevant Editorial / Affiliate Link,High,1,1,1,100%,-,1,0%,100%,5,5,26,0%,no,yes,1,0%,2025-11-24,2026-07-31,Niche-aligned source with a natural anchor distribution (100% branded/URL anchors).
theyesgirls.com,https://www.performancelab.com/blogs/nutrition/best-pre-workout-for-women,Performance Lab,KEEP_AFFILIATE_RETAIN,None - Topically Relevant Editorial / Affiliate Link,High,1,1,1,100%,-,1,0%,100%,5,5,22,0%,no,yes,1,0%,2026-03-25,2026-08-08,Niche-aligned source with a natural anchor distribution (100% branded/URL anchors).
mappingmegan.com,https://www.performancelab.com/collections/immunity,boost immunity with supplements.,KEEP_AFFILIATE_RETAIN,None - Topically Relevant Editorial / Affiliate Link,High,1,1,1,100%,-,1,0%,0%,5,5,20,0%,no,yes,1,0%,2025-07-01,2026-08-11,Niche-aligned source with a natural anchor distribution (0% branded/URL anchors).
wemadethislife.com,http://performancelab.com/,performancelab.com,KEEP_AFFILIATE_RETAIN,None - Topically Relevant Editorial / Affiliate Link,High,1,1,1,100%,-,1,0%,100%,5,5,13,0%,no,yes,1,0%,2025-10-30,2026-08-08,Niche-aligned source with a natural anchor distribution (100% branded/URL anchors).
whatkatysaid.com,https://www.performancelab.com/blogs/nutrition/best-pre-workout-for-women,best women’s pre workout for weight loss,KEEP_AFFILIATE_RETAIN,None - Topically Relevant Editorial / Affiliate Link,High,1,1,1,100%,-,1,0%,0%,5,5,13,0%,no,yes,1,100%,2026-02-21,2026-06-01,Niche-aligned source with a natural anchor distribution (0% branded/URL anchors).
lotsofpower.net,https://www.performancelab.com/collections/athletics,boost athletic performance,KEEP_AFFILIATE_RETAIN,None - Topically Relevant Editorial / Affiliate Link,High,1,1,1,100%,-,1,0%,0%,5,5,3,0%,no,yes,1,0%,2026-01-13,2026-08-04,Niche-aligned source with a natural anchor distribution (0% branded/URL anchors).
sustainabilitytracker.com,https://global.performancelab.com/,Visit Website,KEEP_AFFILIATE_RETAIN,None - Topically Relevant Editorial / Affiliate Link,High,1,1,1,100%,-,0,0%,0%,5,5,7,100%,no,yes,1,0%,2026-06-20,2026-08-07,Niche-aligned source with a natural anchor distribution (0% branded/URL anchors).
ourkidsmom.com,https://www.performancelab.com/blogs/omega-3/best-omega-3-supplement,Performance Lab omega-3,KEEP_AFFILIATE_RETAIN,None - Topically Relevant Editorial / Affiliate Link,High,1,1,1,100%,-,1,0%,100%,5,5,19,0%,no,yes,1,0%,2026-02-11,2026-08-21,Niche-aligned source with a natural anchor distribution (100% branded/URL anchors).
michaelkummer.com,https://www.performancelab.com/collections/core-range/products/prebiotic,Performance Lab,KEEP_AFFILIATE_RETAIN,None - Topically Relevant Editorial / Affiliate Link,High,1,1,1,100%,-,1,0%,100%,5,5,41,0%,no,yes,1,0%,2025-06-22,2026-08-14,Niche-aligned source with a natural anchor distribution (100% branded/URL anchors).
sustainhealth.fit,https://www.performancelab.com/blogs/multi/best-multivitamin-for-men,list of men’s multivitamins,KEEP_AFFILIATE_RETAIN,None - Topically Relevant Editorial / Affiliate Link,High,1,1,1,100%,-,1,0%,0%,5,5,23,0%,no,yes,1,0%,2026-02-02,2026-08-06,Niche-aligned source with a natural anchor distribution (0% branded/URL anchors).
healthbenefitstimes.com,https://www.performancelab.com/products/mind,natural brain supplement,KEEP_AFFILIATE_RETAIN,None - Topically Relevant Editorial / Affiliate Link,High,1,1,1,100%,-,1,0%,0%,5,5,7,0%,no,yes,1,0%,2026-02-11,2026-08-12,Niche-aligned source with a natural anchor distribution (0% branded/URL anchors).
atozentherapies.com,https://www.performancelab.com/blogs/pre-workout/are-creatine-and-caffeine-dangerous-together,creatine and caffeine before working out,KEEP_AFFILIATE_RETAIN,None - Topically Relevant Editorial / Affiliate Link,High,1,1,1,100%,-,1,0%,0%,5,5,10,0%,no,yes,1,0%,2026-02-21,2026-06-30,Niche-aligned source with a natural anchor distribution (0% branded/URL anchors).
slapdashmom.com,https://www.performancelab.com/blogs/multi/multivitamin-vs-individual-vitamins,multivitamins or individual vitamins,KEEP_AFFILIATE_RETAIN,None - Topically Relevant Editorial / Affiliate Link,High,1,1,1,100%,-,1,0%,0%,5,5,8,0%,no,yes,1,0%,2026-02-22,2026-08-07,Niche-aligned source with a natural anchor distribution (0% branded/URL anchors).
webreus.net,https://www.performancelab.com/blogs/wellness,How Much Zinc Should I Take To Increase Testosterone?,KEEP_AFFILIATE_RETAIN,None - Topically Relevant Editorial / Affiliate Link,High,1,1,1,100%,-,1,0%,0%,5,5,49,0%,no,yes,1,0%,2026-03-18,2026-03-18,Niche-aligned source with a natural anchor distribution (0% branded/URL anchors).
familydaysout.com,https://www.performancelab.com/blogs/sleep/magnesium-and-melatonin-interaction,magnesium's linked with deeper sleep,KEEP_AFFILIATE_RETAIN,None - Topically Relevant Editorial / Affiliate Link,High,1,1,1,100%,-,1,0%,0%,5,5,14,0%,no,yes,1,0%,2025-11-20,2026-08-17,Niche-aligned source with a natural anchor distribution (0% branded/URL anchors).
pi-nutrition.com,https://www.performancelab.com/blogs/pre/taking-pre-workout-before-work-a-good-idea,Performance Lab,KEEP_AFFILIATE_RETAIN,None - Topically Relevant Editorial / Affiliate Link,High,1,1,1,100%,-,1,0%,100%,5,5,14,0%,no,yes,1,0%,2025-10-12,2026-08-18,Niche-aligned source with a natural anchor distribution (100% branded/URL anchors).
malemodelscene.net,https://www.performancelab.com/blogs/nutrition/best-supplement-for-pump-and-vascularity,pre-workout supplements for pump and vascularity,KEEP_AFFILIATE_RETAIN,None - Topically Relevant Editorial / Affiliate Link,High,1,1,1,100%,-,1,0%,0%,5,5,14,0%,no,yes,1,100%,2025-10-14,2026-07-14,Niche-aligned source with a natural anchor distribution (0% branded/URL anchors).
healthwebmagazine.com,https://www.performancelab.com/blogs/nutrition/what-is-a-fast-metabolism,https://www.performancelab.com/blogs/nutrition/what-is-a-fast-metabolism,KEEP_AFFILIATE_RETAIN,None - Topically Relevant Editorial / Affiliate Link,High,1,1,1,100%,-,1,0%,100%,5,5,16,0%,no,yes,1,0%,2025-05-07,2026-08-07,Niche-aligned source with a natural anchor distribution (100% branded/URL anchors).
usawire.com,https://www.performancelab.com/collections/energy,check out Performance Lab energy supplements,KEEP_AFFILIATE_RETAIN,None - Topically Relevant Editorial / Affiliate Link,High,1,1,1,100%,-,1,0%,100%,5,5,11,0%,no,yes,1,100%,2025-09-16,2026-05-24,Niche-aligned source with a natural anchor distribution (100% branded/URL anchors).
brcrecovery.com,https://www.performancelab.com/blogs/nootropic/taking-nootropics-pre-workout,It’s a common pre-workout ingredient,KEEP_AFFILIATE_RETAIN,None - Topically Relevant Editorial / Affiliate Link,High,1,1,1,100%,-,1,0%,0%,5,5,15,0%,no,yes,1,0%,2025-10-13,2026-08-17,Niche-aligned source with a natural anchor distribution (0% branded/URL anchors).
h.careers,https://www.performancelab.com/collections/best-sellers,Перейти на сайт,KEEP_AFFILIATE_RETAIN,None - Topically Relevant Editorial / Affiliate Link,High,1,1,1,100%,-,1,0%,0%,5,5,6,0%,no,yes,1,0%,2026-08-01,2026-08-20,Niche-aligned source with a natural anchor distribution (0% branded/URL anchors).
mklibrary.com,https://www.performancelab.com/blogs/multi/multivitamin-vs-individual-vitamins,this guide,KEEP_AFFILIATE_RETAIN,None - Topically Relevant Editorial / Affiliate Link,High,1,1,1,100%,-,1,0%,0%,5,5,26,0%,no,yes,1,0%,2025-10-20,2026-08-17,Niche-aligned source with a natural anchor distribution (0% branded/URL anchors).
foodnessgracious.com,https://www.performancelab.com/collections/gut-health,nutritional support for digestive health,KEEP_AFFILIATE_RETAIN,None - Topically Relevant Editorial / Affiliate Link,High,1,1,1,100%,-,1,0%,0%,5,5,13,0%,no,yes,1,0%,2025-06-25,2026-08-21,Niche-aligned source with a natural anchor distribution (0% branded/URL anchors).
mindowl.org,https://www.performancelab.com/blogs/omega-3/best-omega-3-supplement,learn more about Omega-3 supplements,KEEP_AFFILIATE_RETAIN,None - Topically Relevant Editorial / Affiliate Link,High,1,1,1,100%,-,1,0%,0%,5,5,5,0%,no,yes,1,100%,2024-04-18,2026-06-30,Niche-aligned source with a natural anchor distribution (0% branded/URL anchors).
fmtc.co,https://www.performancelab.com/,Performance Lab,KEEP_AFFILIATE_RETAIN,None - Brand Mention / Citation,Medium,1,1,1,100%,-,1,0%,100%,5,5,125,0%,no,no,1,0%,2025-06-29,2026-08-16,100% branded or bare-URL anchors; reads as an unsolicited citation rather than a placed link.
hippocraticpost.com,https://www.performancelab.com/blogs/prebiotic/best-prebiotic-supplement,prebiotic supplement for gut health,KEEP_AFFILIATE_RETAIN,None - Topically Relevant Editorial / Affiliate Link,High,1,1,1,100%,-,1,0%,0%,5,5,11,0%,no,yes,1,0%,2025-03-24,2026-08-18,Niche-aligned source with a natural anchor distribution (0% branded/URL anchors).
vestacare.ae,https://www.performancelab.com/blogs/sleep/vitamin-b12-and-sleep?srsltid=AfmBOoo42VnN337HS9DsuC3nsZeqJc3ggiZotzQ4rvmLFACaM9tkS4D,https://www.performancelab.com/blogs/sleep/vitamin-b12-and-sleep?srsltid=AfmBOoo42VnN337HS9DsuC3nsZeqJc3ggiZotzQ4rvmLFACaM9tkS4D,KEEP_AFFILIATE_RETAIN,None - Topically Relevant Editorial / Affiliate Link,High,1,1,1,100%,-,1,0%,100%,5,5,16,0%,no,yes,1,0%,2026-07-23,2026-08-13,Niche-aligned source with a natural anchor distribution (100% branded/URL anchors).
joesdaily.com,https://www.performancelab.com/blogs/multi/best-multivitamin-for-men,multivitamin supplements for men,KEEP_AFFILIATE_RETAIN,None - Topically Relevant Editorial / Affiliate Link,High,1,1,1,100%,-,1,0%,0%,5,5,10,0%,no,yes,1,0%,2026-02-08,2026-08-20,Niche-aligned source with a natural anchor distribution (0% branded/URL anchors).
ljepotaizdravlje.ba,https://www.performancelab.com/blogs/fitness/full-body-workout-benefits?srsltid=AfmBOooyfpYpjhpe57eQ9_rtFJ2UbS4gYQwRla0M6xxVsIkfbfdFa8uv,Full Body,KEEP_AFFILIATE_RETAIN,None - Topically Relevant Editorial / Affiliate Link,High,1,1,1,100%,-,1,0%,0%,5,5,8,0%,no,yes,1,0%,2026-06-15,2026-08-21,Niche-aligned source with a natural anchor distribution (0% branded/URL anchors).
social-hire.com,https://www.performancelab.com/,Performance Lab,KEEP_AFFILIATE_RETAIN,None - Brand Mention / Citation,Medium,1,1,1,100%,-,1,0%,100%,5,5,16,0%,no,no,1,0%,2025-10-13,2026-08-13,100% branded or bare-URL anchors; reads as an unsolicited citation rather than a placed link.
lifeinabreakdown.com,https://www.performancelab.com/collections/sleep,take supplements for optimal sleep,KEEP_AFFILIATE_RETAIN,None - Topically Relevant Editorial / Affiliate Link,High,1,1,1,100%,-,1,0%,0%,5,5,12,0%,no,yes,1,100%,2025-06-05,2026-08-01,Niche-aligned source with a natural anchor distribution (0% branded/URL anchors).
lifestylebyps.com,https://www.performancelab.com/,nutritional supplements from Performance Lab,KEEP_AFFILIATE_RETAIN,None - Topically Relevant Editorial / Affiliate Link,High,1,1,1,100%,-,1,0%,100%,5,5,9,0%,no,yes,1,0%,2025-09-04,2026-06-24,Niche-aligned source with a natural anchor distribution (100% branded/URL anchors).
pinktownusa.com,https://www.performancelab.com/blogs/nutrition/best-pre-workout-for-women,Performance Lab,KEEP_AFFILIATE_RETAIN,None - Topically Relevant Editorial / Affiliate Link,High,1,1,1,100%,-,1,0%,100%,5,5,6,0%,no,yes,1,0%,2026-01-15,2026-07-23,Niche-aligned source with a natural anchor distribution (100% branded/URL anchors).
toneopfit.com,https://www.performancelab.com/blogs/fitness/exercises-for-back-thickness,https://www.performancelab.com/blogs/fitness/exercises-for-back-thickness,KEEP_AFFILIATE_RETAIN,None - Topically Relevant Editorial / Affiliate Link,High,1,1,1,100%,-,1,0%,100%,5,5,14,0%,no,yes,1,0%,2025-11-08,2026-08-18,Niche-aligned source with a natural anchor distribution (100% branded/URL anchors).
conves.io,https://www.performancelab.com/blogs/sleep/best-vitamins-for-insomnia-and-sleep-deprivation,Performance Lab. ¿Pueden las vitaminas ayudar con el insomnio y la falta de sueño?,KEEP_AFFILIATE_RETAIN,None - Topically Relevant Editorial / Affiliate Link,High,1,1,1,100%,-,1,0%,100%,5,5,48,0%,no,yes,1,0%,2026-03-06,2026-04-28,Niche-aligned source with a natural anchor distribution (100% branded/URL anchors).
thenakedchemist.com,https://www.performancelab.com/blogs/sleep/magnesium-and-melatonin-interaction,magnesium and melatonin together,KEEP_AFFILIATE_RETAIN,None - Topically Relevant Editorial / Affiliate Link,High,1,1,1,100%,-,1,0%,0%,5,5,5,0%,no,yes,1,0%,2026-03-11,2026-08-18,Niche-aligned source with a natural anchor distribution (0% branded/URL anchors).
theboringmagazine.com,https://www.performancelab.com/blogs/nutrition/best-pre-workout-for-women,guide to women’s pre-workout supplements,KEEP_AFFILIATE_RETAIN,None - Topically Relevant Editorial / Affiliate Link,High,1,1,1,100%,-,1,0%,0%,5,5,4,0%,no,yes,1,0%,2026-02-07,2026-08-20,Niche-aligned source with a natural anchor distribution (0% branded/URL anchors).
brandinlabs.com,https://www.performancelab.com/uk/,www.performancelab.com,KEEP_AFFILIATE_RETAIN,None - Topically Relevant Editorial / Affiliate Link,High,1,1,1,100%,-,0,0%,100%,5,5,20,100%,no,yes,1,0%,2025-11-09,2026-08-19,Niche-aligned source with a natural anchor distribution (100% branded/URL anchors).
friendlyturtle.com,https://www.performancelab.com/blogs/nutrition/best-supplement-for-pump-and-vascularity,Performance Lab pre-workout supplements,KEEP_AFFILIATE_RETAIN,None - Topically Relevant Editorial / Affiliate Link,High,1,1,1,100%,-,1,0%,100%,5,5,13,0%,no,yes,1,0%,2025-09-29,2026-08-16,Niche-aligned source with a natural anchor distribution (100% branded/URL anchors).
4mation.com.au,https://www.performancelab.com/products/pre-lab-pro,Pre Lab Pro by Performance Lab,KEEP_AFFILIATE_RETAIN,None - Brand Mention / Citation,Medium,1,1,1,100%,-,1,0%,100%,4,4,11,0%,no,no,1,0%,2026-05-23,2026-08-18,100% branded or bare-URL anchors; reads as an unsolicited citation rather than a placed link.
jouwpersoonlijkegroei.net,https://www.performancelab.com/blogs/sleep/magnesium-bisglycinate-vs-glycinate,"magnesiumglycerofosfaat, taurine",KEEP_AFFILIATE_RETAIN,None - Topically Relevant Editorial / Affiliate Link,High,1,1,1,100%,-,1,0%,0%,4,4,16,0%,no,yes,1,0%,2024-12-03,2026-08-13,Niche-aligned source with a natural anchor distribution (0% branded/URL anchors).
strive-workout.com,https://www.performancelab.com/blogs/fitness/lifting-on-an-empty-stomach,lifting on an empty stomach,KEEP_AFFILIATE_RETAIN,None - Topically Relevant Editorial / Affiliate Link,High,1,1,1,100%,-,1,0%,0%,4,4,8,0%,no,yes,1,0%,2026-07-15,2026-08-13,Niche-aligned source with a natural anchor distribution (0% branded/URL anchors).
momentswithmandi.com,https://www.performancelab.com/blogs/prebiotic/best-prebiotic-supplement,in this Performance Lab post,KEEP_AFFILIATE_RETAIN,None - Topically Relevant Editorial / Affiliate Link,High,1,1,1,100%,-,1,0%,100%,4,4,7,0%,no,yes,1,0%,2025-04-03,2026-08-22,Niche-aligned source with a natural anchor distribution (100% branded/URL anchors).
daysofadomesticdad.com,https://www.performancelab.com/,nootropics,KEEP_AFFILIATE_RETAIN,None - Topically Relevant Editorial / Affiliate Link,High,1,1,1,100%,-,1,0%,0%,4,4,6,0%,no,yes,1,0%,2025-05-26,2026-08-13,Niche-aligned source with a natural anchor distribution (0% branded/URL anchors).
potentash.com,https://www.performancelab.com/blogs/omega-3/can-omega-3-lower-blood-pressure,"triglycerides,",KEEP_AFFILIATE_RETAIN,None - Topically Relevant Editorial / Affiliate Link,High,1,1,1,100%,-,1,0%,0%,4,4,22,0%,no,yes,1,0%,2025-03-18,2026-08-19,Niche-aligned source with a natural anchor distribution (0% branded/URL anchors).
spellmagazine.co.uk,https://uk.performancelab.com/products/nutrigenesis-multi-women,Performance Lab NutriGensis Multi for Women,KEEP_AFFILIATE_RETAIN,None - Brand Mention / Citation,Medium,1,1,1,100%,-,1,0%,100%,4,4,7,0%,no,no,1,0%,2026-05-11,2026-05-11,100% branded or bare-URL anchors; reads as an unsolicited citation rather than a placed link.
academicsbook.com,https://www.performancelab.com/,https://www.performancelab.com/,KEEP_AFFILIATE_RETAIN,None - Brand Mention / Citation,Medium,1,1,1,100%,-,1,0%,100%,4,4,48,0%,no,no,1,0%,2026-07-03,2026-08-17,100% branded or bare-URL anchors; reads as an unsolicited citation rather than a placed link.
healthview.gr,https://www.performancelab.com/blogs/fat-loss/foods-with-high-thermic-effect,performancelab.com,KEEP_AFFILIATE_RETAIN,None - Topically Relevant Editorial / Affiliate Link,High,1,1,1,100%,-,1,0%,100%,4,4,14,0%,no,yes,1,0%,2026-04-25,2026-08-19,Niche-aligned source with a natural anchor distribution (100% branded/URL anchors).
admin-junkies.com,https://www.performancelab.com/,Performance Lab,KEEP_AFFILIATE_RETAIN,None - Topically Relevant Editorial / Affiliate Link,High,1,1,1,100%,-,0,0%,100%,4,4,8,100%,no,yes,1,0%,2026-04-27,2026-06-30,Niche-aligned source with a natural anchor distribution (100% branded/URL anchors).
spiritualforums.com,https://www.performancelab.com/blogs/multi/how-long-does-vitamin-k2-stay-in-the-body,https://www.performancelab.com/blogs...ay-in-the-body,KEEP_AFFILIATE_RETAIN,None - Topically Relevant Editorial / Affiliate Link,High,1,1,1,100%,-,1,0%,100%,4,4,9,0%,no,yes,1,100%,2025-07-03,2026-05-02,Niche-aligned source with a natural anchor distribution (100% branded/URL anchors).
coloradorunnermag.com,https://www.performancelab.com/blogs/joint-support/best-joint-supplements,comparison of joint supplements,KEEP_AFFILIATE_RETAIN,None - Topically Relevant Editorial / Affiliate Link,High,1,1,1,100%,-,1,0%,0%,4,4,28,0%,no,yes,1,0%,2026-02-27,2026-08-05,Niche-aligned source with a natural anchor distribution (0% branded/URL anchors).
avgms.co.za,https://www.performancelab.com/blogs/sleep/turmeric-and-sleep,Performance Lab,KEEP_AFFILIATE_RETAIN,None - Topically Relevant Editorial / Affiliate Link,High,1,1,1,100%,-,1,0%,100%,4,4,10,0%,no,yes,1,0%,2026-06-06,2026-07-27,Niche-aligned source with a natural anchor distribution (100% branded/URL anchors).
kyowa-usa.com,https://www.performancelab.com/,PerformanceLab.com.,KEEP_AFFILIATE_RETAIN,None - Topically Relevant Editorial / Affiliate Link,High,1,1,1,100%,-,1,0%,100%,4,4,15,0%,no,yes,1,0%,2026-01-17,2026-08-07,Niche-aligned source with a natural anchor distribution (100% branded/URL anchors).
greensborosports.com,https://www.performancelab.com/blogs/fitness/alternating-between-running-and-walking,alternates walking and running,KEEP_AFFILIATE_RETAIN,None - Topically Relevant Editorial / Affiliate Link,High,1,1,1,100%,-,1,0%,0%,4,4,10,0%,no,yes,1,0%,2025-09-01,2026-08-07,Niche-aligned source with a natural anchor distribution (0% branded/URL anchors).
archivemarketresearch.com,https://www.performancelab.com/,Performance Lab,KEEP_AFFILIATE_RETAIN,None - Brand Mention / Citation,Medium,1,1,1,100%,-,1,0%,100%,4,4,12,0%,no,no,1,0%,2025-07-30,2026-06-21,100% branded or bare-URL anchors; reads as an unsolicited citation rather than a placed link.
s3da-design.com,http://performancelab.com/,performancelab.com,KEEP_AFFILIATE_RETAIN,None - Topically Relevant Editorial / Affiliate Link,High,1,1,1,100%,-,1,0%,100%,4,4,3,0%,no,yes,1,0%,2026-01-14,2026-08-14,Niche-aligned source with a natural anchor distribution (100% branded/URL anchors).
betterhood.in,https://www.performancelab.com/blogs/multi/vitamin-b6-for-sleep,https://www.performancelab.com/blogs/multi/vitamin-b6-for-sleep,KEEP_AFFILIATE_RETAIN,None - Topically Relevant Editorial / Affiliate Link,High,1,1,1,100%,-,1,0%,100%,4,4,24,0%,no,yes,1,0%,2026-03-18,2026-08-07,Niche-aligned source with a natural anchor distribution (100% branded/URL anchors).
professionalmuscle.com,https://www.performancelab.com/,Performance Lab,KEEP_AFFILIATE_RETAIN,None - Topically Relevant Editorial / Affiliate Link,High,1,1,1,100%,-,0,0%,100%,4,4,55,100%,no,yes,1,100%,2026-03-08,2026-06-20,Niche-aligned source with a natural anchor distribution (100% branded/URL anchors).
infinitudefight.com,"https://www.performancelab.com/blogs/fitness/benefits-of-a-punching-bag-workout#:~:text=Physically%2C%20exercise%20has,6%2C%207.",perfect outlet for stress relief,KEEP_AFFILIATE_RETAIN,None - Topically Relevant Editorial / Affiliate Link,High,1,1,1,100%,-,1,0%,0%,4,4,5,0%,no,yes,1,0%,2025-02-01,2026-08-07,Niche-aligned source with a natural anchor distribution (0% branded/URL anchors).
eluxemagazine.com,https://www.performancelab.com/blogs/sleep/sleep-performance-benefits-montmorency-tart-cherry,Montmorency Tart cherry,KEEP_AFFILIATE_RETAIN,None - Topically Relevant Editorial / Affiliate Link,High,1,1,1,100%,-,1,0%,0%,0,0,39,0%,no,yes,1,0%,1658117721,1787312655,Niche-aligned source with a natural anchor distribution (0% branded/URL anchors).
kidneyurology.org,https://www.performancelab.com/,(empty/image),KEEP_AFFILIATE_RETAIN,None - Redirect / Tracking Host (Behavioural Match),High,1,1,1,100%,-,1,0%,0%,0,0,0,0%,no,yes,1,100%,1663028883,1774511522,"No outbound links of its own, 100% empty anchors, and 0% of destinations carry the programme's affiliate parameters. This is link tracking, whatever the domain is called."
genars.de,https://www.performancelab.com/blogs/fat-loss/does-zinc-help-with-weight-loss,Zink,KEEP_AFFILIATE_RETAIN,None - Topically Relevant Editorial / Affiliate Link,High,1,1,1,100%,-,1,0%,0%,0,0,7,0%,no,yes,1,100%,1702229449,1777877606,Niche-aligned source with a natural anchor distribution (0% branded/URL anchors).
vegan4k.com,https://www.performancelab.com/products/mct,(empty/image),KEEP_AFFILIATE_RETAIN,None - Topically Relevant Editorial / Affiliate Link,High,1,1,1,100%,-,1,0%,0%,0,0,0,0%,no,yes,1,0%,1706186065,1770353055,Niche-aligned source with a natural anchor distribution (0% branded/URL anchors).
fredmehry.com,https://www.performancelab.com/blogs/joint-support/best-joint-supplements-for-athletes,Best Joint Supplements for Athletes - Performance Lab,KEEP_AFFILIATE_RETAIN,None - Topically Relevant Editorial / Affiliate Link,High,1,1,1,100%,-,1,0%,100%,0,0,28,0%,no,yes,1,0%,1712148889,1782851599,Niche-aligned source with a natural anchor distribution (100% branded/URL anchors).
foodhappywithtaylor.com,https://www.performancelab.com/products/omega-3,Performance Lab Omega-3,KEEP_AFFILIATE_RETAIN,None - Topically Relevant Editorial / Affiliate Link,High,1,1,1,100%,-,1,0%,100%,0,0,6,0%,no,yes,1,0%,1712257269,1787304947,Niche-aligned source with a natural anchor distribution (100% branded/URL anchors).
adryenn.com,https://www.performancelab.com/products/sleep,what kind of sleep supplements,KEEP_AFFILIATE_RETAIN,None - Topically Relevant Editorial / Affiliate Link,High,1,1,1,100%,-,1,0%,0%,0,0,14,0%,no,yes,1,100%,1712648010,1780474467,Niche-aligned source with a natural anchor distribution (0% branded/URL anchors).
thewellnessfeed.com,https://www.performancelab.com/collections/energy,buy energy supplements,KEEP_AFFILIATE_RETAIN,None - Topically Relevant Editorial / Affiliate Link,High,1,1,1,100%,-,1,100%,0%,2,2,11,0%,no,yes,1,100%,1717694506,1782850383,Niche-aligned source with a natural anchor distribution (0% branded/URL anchors).
true2form.life,https://www.performancelab.com/blogs/multi/vitamin-c-and-b12-together,absorption,KEEP_AFFILIATE_RETAIN,None - Topically Relevant Editorial / Affiliate Link,High,1,1,1,100%,-,1,0%,0%,0,0,18,0%,no,yes,1,0%,1718049410,1785910313,Niche-aligned source with a natural anchor distribution (0% branded/URL anchors).
travelfoodnlife.com,https://www.performancelab.com/blogs/news/supplements-for-travel-your-guide-to-traveling-with-vitamins-and-staying-healthy-on-vacation,https://www.performancelab.com/blogs/news/supplements-for-travel-your-guide-to-traveling-with-vitamins-and-staying-healthy-on-vacation,KEEP_AFFILIATE_RETAIN,None - Topically Relevant Editorial / Affiliate Link,High,1,1,1,100%,-,0,0%,100%,0,0,17,100%,no,yes,1,0%,1722444808,1780067098,Niche-aligned source with a natural anchor distribution (100% branded/URL anchors).
agricoze.com,https://www.performancelab.com/blogs/protein/brown-rice-protein-vs-whey-protein,protein powder,KEEP_AFFILIATE_RETAIN,None - Topically Relevant Editorial / Affiliate Link,High,1,1,1,100%,-,0,0%,0%,0,0,10,100%,no,yes,1,0%,1723200558,1782192655,Niche-aligned source with a natural anchor distribution (0% branded/URL anchors).
leviathanperformance.com,https://www.performancelab.com/blogs/fitness/hard-training-efficient-recovery-peak-performance?ref=leviathanperformance.com,https://www.performancelab.com/blogs/fitness/hard-training-efficient-recovery-peak-performance,KEEP_AFFILIATE_RETAIN,None - Topically Relevant Editorial / Affiliate Link,High,1,1,1,100%,-,1,0%,100%,0,0,8,0%,no,yes,1,0%,1724012082,1786790525,Niche-aligned source with a natural anchor distribution (100% branded/URL anchors).
svpudk.sk,https://www.performancelab.com/blogs/fat-loss/does-zinc-help-with-weight-loss,Zinok,KEEP_AFFILIATE_RETAIN,None - Topically Relevant Editorial / Affiliate Link,High,1,1,1,100%,-,1,0%,0%,0,0,9,0%,no,yes,1,0%,1725170196,1786443827,Niche-aligned source with a natural anchor distribution (0% branded/URL anchors).
diet65.com,https://www.performancelab.com/blogs/omega-3/how-much-omega-3-per-day-for-bodybuilding?srsltid=AfmBOoq1P1SUPVffNP5N7S8S2cR8AQzJbeKIIQE-jBJ07_slAYIGKMcc,Omega-3s offer many benefits for bodybuilders,KEEP_AFFILIATE_RETAIN,None - Topically Relevant Editorial / Affiliate Link,High,1,1,1,100%,-,1,0%,0%,0,0,8,0%,no,yes,1,0%,1726978643,1780051667,Niche-aligned source with a natural anchor distribution (0% branded/URL anchors).
oralhealthcomplete.com,https://www.performancelab.com/blogs/stim/caffeine-anhydrous,"Caffeine,",KEEP_AFFILIATE_RETAIN,None - Topically Relevant Editorial / Affiliate Link,High,1,1,1,100%,-,1,0%,0%,0,0,7,0%,no,yes,1,100%,1727424000,1780921416,Niche-aligned source with a natural anchor distribution (0% branded/URL anchors).
affsyn.com,https://www.performancelab.com/,https://www.performancelab.com,KEEP_AFFILIATE_RETAIN,None - Topically Relevant Editorial / Affiliate Link,High,1,1,1,100%,-,1,0%,100%,0,0,8,0%,no,yes,1,0%,1727774001,1780771866,Niche-aligned source with a natural anchor distribution (100% branded/URL anchors).
taegu.kr,https://www.performancelab.com/blogs/omega-3/can-omega-3-cause-constipation,https://www.performancelab.com/blogs/omega-3/can-omega-3-cause-constipation,KEEP_AFFILIATE_RETAIN,None - Brand Mention / Citation,Medium,1,1,1,100%,-,1,0%,100%,0,0,8,0%,no,no,1,0%,1727843528,1780614979,100% branded or bare-URL anchors; reads as an unsolicited citation rather than a placed link.
ketopedia.co.uk,"https://www.performancelab.com/blogs/nutrition/are-you-suffering-from-glycogen-depletion#:~:text=Glycogen%20depletion%20is%20your%20enemy,around%20decline%20in%20athletic%20performance.",glycogen depletion,KEEP_AFFILIATE_RETAIN,None - Topically Relevant Editorial / Affiliate Link,High,1,1,1,100%,-,1,0%,0%,0,0,11,0%,no,yes,1,0%,1728889550,1781547603,Niche-aligned source with a natural anchor distribution (0% branded/URL anchors).
thefitnessblogger.com,https://www.performancelab.com/blogs/fitness/how-long-should-i-spend-at-the-gym,spent at the gym,KEEP_AFFILIATE_RETAIN,None - Topically Relevant Editorial / Affiliate Link,High,1,1,1,100%,-,1,0%,0%,0,0,12,0%,no,yes,1,0%,1729974159,1786906201,Niche-aligned source with a natural anchor distribution (0% branded/URL anchors).
kodiakgoldsupplements.com,https://www.performancelab.com/blogs/nutrition/is-it-bad-to-take-pre-workout-everyday,stick to the recommended dosage,KEEP_AFFILIATE_RETAIN,None - Topically Relevant Editorial / Affiliate Link,High,1,1,1,100%,-,1,0%,0%,0,0,10,0%,no,yes,1,0%,1730969920,1773728003,Niche-aligned source with a natural anchor distribution (0% branded/URL anchors).
pureselfhealing.com,https://www.performancelab.com/blogs/omega-3/best-vegan-alternative-to-fish-oil,https://www.performancelab.com/blogs/omega-3/best-vegan-alternative-to-fish-oil,KEEP_AFFILIATE_RETAIN,None - Topically Relevant Editorial / Affiliate Link,High,1,1,1,100%,-,1,0%,100%,0,0,8,0%,no,yes,1,0%,1731155875,1780222178,Niche-aligned source with a natural anchor distribution (100% branded/URL anchors).
worldranksite.com,https://performancelab.com/,performancelab,KEEP_AFFILIATE_RETAIN,None - Brand Mention / Citation,Medium,1,1,1,100%,-,1,0%,100%,0,0,140,0%,no,no,1,0%,1731732542,1787411558,100% branded or bare-URL anchors; reads as an unsolicited citation rather than a placed link.
genealogyinternational.com,https://www.performancelab.com/products/mind-lab-pro,Performance Lab Mind,KEEP_AFFILIATE_RETAIN,None - Topically Relevant Editorial / Affiliate Link,High,1,1,1,100%,-,0,0%,100%,0,0,20,100%,no,yes,1,0%,1731915031,1780630094,Niche-aligned source with a natural anchor distribution (100% branded/URL anchors).
suchscience.net,https://www.performancelab.com/blogs/pre-workout/creatine-and-pre-workout,branched-chain amino acids (BCAAs),KEEP_AFFILIATE_RETAIN,None - Topically Relevant Editorial / Affiliate Link,High,1,1,1,100%,-,1,0%,0%,1,1,13,0%,no,yes,1,0%,1731918395,1784466907,Niche-aligned source with a natural anchor distribution (0% branded/URL anchors).
doctorwoao.com,https://www.performancelab.com/collections/sport-range/products/post,View Newest Value →,KEEP_AFFILIATE_RETAIN,None - Topically Relevant Editorial / Affiliate Link,High,1,1,1,100%,-,0,0%,0%,0,0,30,100%,no,yes,1,0%,1732251628,1787195835,Niche-aligned source with a natural anchor distribution (0% branded/URL anchors).
toppickscentral.com,https://www.performancelab.com/products/nutrigenesis-multi-men,Performance Lab NutriGenesis Multi for Men Performance Lab NutriGenesis Multi for Men,KEEP_AFFILIATE_RETAIN,None - Topically Relevant Editorial / Affiliate Link,High,1,1,1,100%,-,0,0%,100%,0,0,63,100%,no,yes,1,0%,1733609211,1780334797,Niche-aligned source with a natural anchor distribution (100% branded/URL anchors).
stackexchange.com,https://www.performancelab.com/blogs/nutrition/are-you-suffering-from-glycogen-depletion,glycogen depletion,KEEP_AFFILIATE_RETAIN,None - Topically Relevant Editorial / Affiliate Link,High,1,1,1,100%,-,1,0%,0%,0,0,35,0%,no,yes,1,0%,1734006824,1770097138,Niche-aligned source with a natural anchor distribution (0% branded/URL anchors).
veradosport.com,https://www.performancelab.com/blogs/fitness/workout-plateau-causes-and-tips-to-avoid-it,many reasons,KEEP_AFFILIATE_RETAIN,None - Topically Relevant Editorial / Affiliate Link,High,1,1,1,100%,-,1,0%,0%,0,0,1,0%,no,yes,1,0%,1734217702,1783148205,Niche-aligned source with a natural anchor distribution (0% branded/URL anchors).
bcr.org,https://www.performancelab.com/blogs/nutrition/taking-pre-workout-with-a-testosterone-booster,[16],KEEP_AFFILIATE_RETAIN,None - Topically Relevant Editorial / Affiliate Link,High,1,1,1,100%,-,1,0%,0%,1,1,22,0%,no,yes,1,100%,1734231070,1774980208,Niche-aligned source with a natural anchor distribution (0% branded/URL anchors).
healthyageinghub.net,https://www.performancelab.com/blogs/multi/can-calcium-and-vitamin-b12-be-taken-together,"vitamins D, B12, and calcium",KEEP_AFFILIATE_RETAIN,None - Topically Relevant Editorial / Affiliate Link,High,1,1,1,100%,-,1,0%,0%,0,0,7,0%,no,yes,1,0%,1735716465,1780046457,Niche-aligned source with a natural anchor distribution (0% branded/URL anchors).
baucemag.com,https://www.performancelab.com/blogs/omega-3/best-omega-3-supplement,this Performance Lab article,KEEP_AFFILIATE_RETAIN,None - Brand Mention / Citation,Medium,1,1,1,100%,-,1,0%,100%,2,2,13,0%,no,no,1,0%,1736140441,1785930713,100% branded or bare-URL anchors; reads as an unsolicited citation rather than a placed link.
thenutriblog.com,https://uk.performancelab.com/pages/nutrigenesis-multi,Check Out NutriGenesis Multi,KEEP_AFFILIATE_RETAIN,None - Topically Relevant Editorial / Affiliate Link,High,1,1,1,100%,-,1,0%,100%,0,0,22,0%,no,yes,1,0%,1736470881,1772923329,Niche-aligned source with a natural anchor distribution (100% branded/URL anchors).
100nutrix.com,https://www.performancelab.com/blogs/nutrition/feeling-tired-after-workout,Performance Lab,KEEP_AFFILIATE_RETAIN,None - Topically Relevant Editorial / Affiliate Link,High,1,1,1,100%,-,1,0%,100%,0,0,2,0%,no,yes,1,100%,1736958999,1778712565,Niche-aligned source with a natural anchor distribution (100% branded/URL anchors).
theindex.work,https://global.performancelab.com/,https://global.performancelab.com/,KEEP_AFFILIATE_RETAIN,None - Topically Relevant Editorial / Affiliate Link,High,1,1,1,100%,-,1,0%,100%,0,0,3,0%,no,yes,1,100%,1736960491,1782425194,Niche-aligned source with a natural anchor distribution (100% branded/URL anchors).
oncohealthcorp.com,https://www.performancelab.com/products/mind-lab-pro,(empty/image),KEEP_AFFILIATE_RETAIN,None - Topically Relevant Editorial / Affiliate Link,High,1,1,1,100%,-,1,0%,0%,0,0,0,0%,no,yes,1,0%,1737566606,1777636437,Niche-aligned source with a natural anchor distribution (0% branded/URL anchors).
drect.net,https://www.performancelab.com/,(empty/image),KEEP_AFFILIATE_RETAIN,None - Confirmed Affiliate Redirect Infrastructure,High,1,1,1,100%,-,1,0%,0%,0,0,0,0%,no,yes,1,0%,1737755287,1786703637,Client-confirmed affiliate redirect host.
iotkoreamall.com,https://www.performancelab.com/blogs/pre/creatine-before-or-after-workout,Creatine Before or After Workout: When Should You Take It?,KEEP_AFFILIATE_RETAIN,None - Topically Relevant Editorial / Affiliate Link,High,1,1,1,100%,-,1,0%,0%,0,0,66,0%,no,yes,1,0%,1737969211,1787100191,Niche-aligned source with a natural anchor distribution (0% branded/URL anchors).
sareeyharriett.pages.dev,https://www.performancelab.com/,www.performancelab.com,KEEP_AFFILIATE_RETAIN,None - Topically Relevant Editorial / Affiliate Link,High,1,1,1,100%,-,1,0%,100%,0,0,11,0%,no,yes,1,0%,1737988697,1786651192,Niche-aligned source with a natural anchor distribution (100% branded/URL anchors).
drbayer.com,https://global.performancelab.com/,Performance Lab website,KEEP_AFFILIATE_RETAIN,None - Topically Relevant Editorial / Affiliate Link,High,1,1,1,100%,-,0,0%,100%,0,0,7,100%,no,yes,1,0%,1738034495,1783930054,Niche-aligned source with a natural anchor distribution (100% branded/URL anchors).
elevays.com,https://www.performancelab.com/blogs/multi/selenium-for-acne,", research",KEEP_AFFILIATE_RETAIN,None - Topically Relevant Editorial / Affiliate Link,High,1,1,1,100%,-,1,0%,0%,1,1,10,0%,no,yes,1,0%,1738050609,1787210011,Niche-aligned source with a natural anchor distribution (0% branded/URL anchors).
gohealthywestpiedmont.org,https://www.performancelab.com/products/mct,(empty/image),KEEP_AFFILIATE_RETAIN,None - Redirect / Tracking Host (Behavioural Match),High,1,1,1,100%,-,1,0%,0%,0,0,0,0%,no,yes,1,0%,1738334837,1786477701,"No outbound links of its own, 100% empty anchors, and 0% of destinations carry the programme's affiliate parameters. This is link tracking, whatever the domain is called."
skinnyfitmama.com,https://www.performancelab.com/blogs/multi/does-vitamin-c-cause-constipation,prevention of constipation,KEEP_AFFILIATE_RETAIN,None - Topically Relevant Editorial / Affiliate Link,High,1,1,1,100%,-,1,0%,0%,0,0,33,0%,no,yes,1,0%,1738627310,1786031401,Niche-aligned source with a natural anchor distribution (0% branded/URL anchors).
usalifesstyle.org,https://www.performancelab.com/,Performance Lab,KEEP_AFFILIATE_RETAIN,None - Topically Relevant Editorial / Affiliate Link,High,1,1,1,100%,-,1,0%,100%,1,1,4,0%,no,yes,1,0%,1738685726,1786120532,Niche-aligned source with a natural anchor distribution (100% branded/URL anchors).
peaknootropics.com,https://www.performancelab.com/collections/all-products,(empty/image),KEEP_AFFILIATE_RETAIN,None - Redirect / Tracking Host (Behavioural Match),High,1,1,1,100%,-,1,0%,0%,0,0,0,0%,no,yes,1,0%,1738867931,1787446122,"No outbound links of its own, 100% empty anchors, and 0% of destinations carry the programme's affiliate parameters. This is link tracking, whatever the domain is called."
strongby.science,https://www.performancelab.com/blogs/nutrition/carbohydrate-insulin-hypothesis-why-its-wrong,https://www.performancelab.com/blogs/nutrition/carbohydrate-insulin-hypothesis-why-its-wrong,KEEP_AFFILIATE_RETAIN,None - Brand Mention / Citation,Medium,1,1,1,100%,-,1,0%,100%,3,3,109,0%,no,no,1,0%,1739218572,1786193533,100% branded or bare-URL anchors; reads as an unsolicited citation rather than a placed link.
personalfitkey.com,https://www.performancelab.com/blogs/fat-loss/best-fat-burner-for-belly-fat?srsltid=AfmBOooVLT--CsS0Xo_rCuNL0z6_aeVtDEf8NeCYPdB0AD-K20HON3ar,Belly fat is hard to lose,KEEP_AFFILIATE_RETAIN,None - Topically Relevant Editorial / Affiliate Link,High,1,1,1,100%,-,0,0%,0%,0,0,9,100%,no,yes,1,0%,1739284872,1787585684,Niche-aligned source with a natural anchor distribution (0% branded/URL anchors).
srch.fi,https://www.performancelab.com/blogs/multi/b12-dosage-for-seniors,B12 Dosage for Seniors: How Much Is Enough? https://www.performancelab.com › b1...,KEEP_AFFILIATE_RETAIN,None - Topically Relevant Editorial / Affiliate Link,High,1,1,1,100%,-,0,0%,100%,0,0,23,100%,no,yes,1,0%,1739344172,1774780764,Niche-aligned source with a natural anchor distribution (100% branded/URL anchors).
healthyrex.com,https://www.performancelab.com/blogs/nutrition,https://www.prelabpro.com/blogs/nutrition/is-pre-workout-safe-to-take-while-nursing,KEEP_AFFILIATE_RETAIN,None - Topically Relevant Editorial / Affiliate Link,High,1,1,1,100%,-,1,0%,100%,0,0,19,0%,no,yes,1,0%,1739505207,1786012993,Niche-aligned source with a natural anchor distribution (100% branded/URL anchors).
powerandbulk.com,https://www.performancelab.com/products/sleep,(empty/image),KEEP_AFFILIATE_RETAIN,None - Redirect / Tracking Host (Behavioural Match),High,1,1,1,100%,-,1,0%,0%,0,0,0,0%,no,yes,1,0%,1739557002,1786677482,"No outbound links of its own, 100% empty anchors, and 0% of destinations carry the programme's affiliate parameters. This is link tracking, whatever the domain is called."
funandfitness.net,https://www.performancelab.com/products/nutrigenesis-multi-men,Performance Lab NutriGenesis Multi for Men Performance Lab NutriGenesis Multi for Men,KEEP_AFFILIATE_RETAIN,None - Topically Relevant Editorial / Affiliate Link,High,1,1,1,100%,-,0,0%,100%,0,0,113,100%,no,yes,1,0%,1739663702,1785192854,Niche-aligned source with a natural anchor distribution (100% branded/URL anchors).
drdanyali.com,https://www.performancelab.com/blogs/nutrition/vitamin-a-for-men?srsltid=AfmBOorwJMacE1sNqxn_YbOHk7ZEPbCavoGivR4W2GwSG3QaI_iYUiw-,performancelab.com,KEEP_AFFILIATE_RETAIN,None - Topically Relevant Editorial / Affiliate Link,High,1,1,1,100%,-,1,0%,100%,1,1,17,0%,no,yes,1,0%,1739781902,1785648663,Niche-aligned source with a natural anchor distribution (100% branded/URL anchors).
smgf.org,https://www.performancelab.com/,(empty/image),KEEP_AFFILIATE_RETAIN,None - Redirect / Tracking Host (Behavioural Match),High,1,1,1,100%,-,1,0%,0%,0,0,0,0%,no,yes,1,0%,1739933945,1787071269,"No outbound links of its own, 100% empty anchors, and 0% of destinations carry the programme's affiliate parameters. This is link tracking, whatever the domain is called."
rugbyrepstates.com,http://performancelab.com/,performancelab.com,KEEP_AFFILIATE_RETAIN,None - Topically Relevant Editorial / Affiliate Link,High,1,1,1,100%,-,1,0%,100%,0,0,12,0%,no,yes,1,0%,1740590574,1787545461,Niche-aligned source with a natural anchor distribution (100% branded/URL anchors).
feedsportal.com,https://www.performancelab.com/blogs/fitness/fat-loss-plateau,fat loss plateau,KEEP_AFFILIATE_RETAIN,None - Topically Relevant Editorial / Affiliate Link,High,1,1,1,100%,-,1,0%,0%,0,0,5,0%,no,yes,1,0%,1740655539,1786041726,Niche-aligned source with a natural anchor distribution (0% branded/URL anchors).
golden.com,https://performancelab.com/,performancelab.com,KEEP_AFFILIATE_RETAIN,None - Topically Relevant Editorial / Affiliate Link,High,1,1,1,100%,-,0,0%,100%,0,0,25,100%,no,yes,1,0%,1741353854,1783463325,Niche-aligned source with a natural anchor distribution (100% branded/URL anchors).
ignitefitnez.com,https://www.performancelab.com/products/mind-lab-pro?a_aid=672afae06303b&a_bid=aa4be909,Mind Lab Pro is the best nootropic supplement Mind Lab Pro is the best nootropic supplement,KEEP_AFFILIATE_RETAIN,None - Tracked Affiliate Partner,High,1,1,1,100%,-,1,0%,100%,0,0,12,0%,no,yes,1,0%,1741544067,1774998147,"100% of destinations carry the programme's a_aid/a_bid parameters, so this is a tracked affiliate. Commercial anchors are expected of an affiliate and the brief protects the placement; no structural spam signature fired."
sanatorium.health,https://www.performancelab.com/blogs/sleep/magnesium-bisglycinate-vs-glycinate?ref=sanatorium.health,https://www.performancelab.com/blogs/sleep/magnesium-bisglycinate-vs-glycinate,KEEP_AFFILIATE_RETAIN,None - Topically Relevant Editorial / Affiliate Link,High,1,1,1,100%,-,1,0%,100%,0,0,21,0%,no,yes,1,0%,1741931703,1777850594,Niche-aligned source with a natural anchor distribution (100% branded/URL anchors).
bestofhealthshow.com,https://www.performancelab.com/blogs/wellness,(empty/image),KEEP_AFFILIATE_RETAIN,None - Topically Relevant Editorial / Affiliate Link,High,1,1,1,100%,-,1,0%,0%,0,0,0,0%,no,yes,1,100%,1742015891,1772663027,Niche-aligned source with a natural anchor distribution (0% branded/URL anchors).
erichaymaitilde.pages.dev,https://www.performancelab.com/,www.performancelab.com,KEEP_AFFILIATE_RETAIN,None - Topically Relevant Editorial / Affiliate Link,High,1,1,1,100%,-,1,0%,100%,0,0,9,0%,no,yes,1,0%,1742097804,1787053403,Niche-aligned source with a natural anchor distribution (100% branded/URL anchors).
nutraera.ca,https://www.performancelab.com/blogs/nutrition/l-theanine-for-weight-loss,L-Theanine,KEEP_AFFILIATE_RETAIN,None - Topically Relevant Editorial / Affiliate Link,High,1,1,1,100%,-,1,0%,0%,0,0,6,0%,no,yes,1,100%,1742173426,1782828585,Niche-aligned source with a natural anchor distribution (0% branded/URL anchors).
lebel-minsk.by,https://www.performancelab.com/blogs/sleep/best-sleep-supplements,Best Supplements for Sleep 2021: Top Natural Over-The ...,KEEP_AFFILIATE_RETAIN,None - Topically Relevant Editorial / Affiliate Link,High,1,1,1,100%,-,1,100%,0%,0,0,4,0%,no,yes,1,0%,1742204403,1780799798,Niche-aligned source with a natural anchor distribution (0% branded/URL anchors).
weightlossdietreport.com,https://www.performancelab.com/,(empty/image),KEEP_AFFILIATE_RETAIN,None - Topically Relevant Editorial / Affiliate Link,High,1,1,1,100%,-,1,0%,0%,0,0,0,0%,no,yes,1,0%,1742247374,1786430541,Niche-aligned source with a natural anchor distribution (0% branded/URL anchors).
gokindly.se,https://www.performancelab.com/,Performance Lab,KEEP_AFFILIATE_RETAIN,None - Brand Mention / Citation,Medium,1,1,1,100%,-,1,0%,100%,3,3,8,0%,no,no,1,0%,1742311862,1779145794,100% branded or bare-URL anchors; reads as an unsolicited citation rather than a placed link.
saydlawy.net,https://www.performancelab.com/blogs/fat-loss/does-losing-weight-make-you-taller,https://www.performancelab.com,KEEP_AFFILIATE_RETAIN,None - Brand Mention / Citation,Medium,1,1,1,100%,-,0,0%,100%,0,0,17,100%,no,no,1,0%,1742509880,1786042482,100% branded or bare-URL anchors; reads as an unsolicited citation rather than a placed link.
marketresearchforecast.com,https://www.performancelab.com/,Performance Lab,KEEP_AFFILIATE_RETAIN,None - Topically Relevant Editorial / Affiliate Link,High,1,1,1,100%,-,1,0%,100%,0,0,12,0%,no,yes,1,0%,1742613712,1783854951,Niche-aligned source with a natural anchor distribution (100% branded/URL anchors).
pspfrench.com,https://www.performancelab.com/supplements/sleep/,PRO Performance Sleep,KEEP_AFFILIATE_RETAIN,None - Topically Relevant Editorial / Affiliate Link,High,1,1,1,100%,-,1,0%,0%,0,0,18,0%,no,yes,1,0%,1742666646,1786474448,Niche-aligned source with a natural anchor distribution (0% branded/URL anchors).
nourishyourglow.com,https://www.performancelab.com/blogs/prebiotic/best-prebiotic-supplement,gut health prebiotics,KEEP_AFFILIATE_RETAIN,None - Topically Relevant Editorial / Affiliate Link,High,1,1,1,100%,-,1,0%,0%,2,2,8,0%,no,yes,1,0%,1742778232,1787224129,Niche-aligned source with a natural anchor distribution (0% branded/URL anchors).
naturalhealthplanner.com,https://www.performancelab.com/collections/core-range?a_aid=60be8b5d15741&a_bid=dba13121,Performance Lab Nootropic Stack,KEEP_AFFILIATE_RETAIN,None - Tracked Affiliate Partner,High,1,1,1,100%,-,1,0%,100%,0,0,3,0%,no,yes,1,0%,1742828260,1786335161,"100% of destinations carry the programme's a_aid/a_bid parameters, so this is a tracked affiliate. Commercial anchors are expected of an affiliate and the brief protects the placement; no structural spam signature fired."
kronicallyfit.blogspot.com,https://www.performancelab.com/?a_aid=6077060088a95&a_bid=a2ad38c1,HERE,KEEP_AFFILIATE_RETAIN,None - Tracked Affiliate Partner,High,1,1,1,100%,-,1,0%,0%,0,0,11,0%,no,yes,1,0%,1743063605,1786666382,"100% of destinations carry the programme's a_aid/a_bid parameters, so this is a tracked affiliate. Commercial anchors are expected of an affiliate and the brief protects the placement; no structural spam signature fired."
healthereports.com,https://www.performancelab.com/products/mind-lab-pro,(empty/image),KEEP_AFFILIATE_RETAIN,None - Topically Relevant Editorial / Affiliate Link,High,1,1,1,100%,-,1,0%,0%,0,0,0,0%,no,yes,1,0%,1743092121,1778166840,Niche-aligned source with a natural anchor distribution (0% branded/URL anchors).
londravirtuale.com,https://www.performancelab.com/products/mind-lab-pro,(empty/image),KEEP_AFFILIATE_RETAIN,None - Redirect / Tracking Host (Behavioural Match),High,1,1,1,100%,-,1,0%,0%,0,0,0,0%,no,yes,1,0%,1743168565,1780866081,"No outbound links of its own, 100% empty anchors, and 0% of destinations carry the programme's affiliate parameters. This is link tracking, whatever the domain is called."
entrepreneurnut.com,https://global.performancelab.com/pages/associates,Performance Lab Affiliate Program,KEEP_AFFILIATE_RETAIN,None - Topically Relevant Editorial / Affiliate Link,High,1,1,1,100%,-,1,0%,100%,1,1,19,0%,no,yes,1,0%,1743202747,1786203418,Niche-aligned source with a natural anchor distribution (100% branded/URL anchors).
amyyroxanne.pages.dev,https://www.performancelab.com/,www.performancelab.com,KEEP_AFFILIATE_RETAIN,None - Topically Relevant Editorial / Affiliate Link,High,1,1,1,100%,-,1,0%,100%,0,0,11,0%,no,yes,1,0%,1743293206,1770488544,Niche-aligned source with a natural anchor distribution (100% branded/URL anchors).
newmomsweightlossjourney.com,https://www.performancelab.com/blogs/nutrition/pre-workout-ingredients-to-avoid?srsltid=AfmBOopq_6SQcNh9uqF1gZO7A8jMo-St8lm2W4T3utDTfm1zD8ySalHX,One of the biggest side effects and concerns with artificial sweeteners,KEEP_AFFILIATE_RETAIN,None - Topically Relevant Editorial / Affiliate Link,High,1,1,1,100%,-,1,0%,0%,0,0,7,0%,no,yes,1,100%,1743527515,1780426834,Niche-aligned source with a natural anchor distribution (0% branded/URL anchors).
qwik-hackernews.ryansolid.workers.dev,https://performancelab.com/,https://performancelab.com/,KEEP_AFFILIATE_RETAIN,None - Brand Mention / Citation,Medium,1,1,1,100%,-,0,0%,100%,0,0,19,100%,no,no,1,0%,1743585935,1782488909,100% branded or bare-URL anchors; reads as an unsolicited citation rather than a placed link.
seifig.com,https://www.performancelab.com/blogs/immune/how-long-does-glutathione-take-to-work,How Long Does Glutathione Take To Work? - Performance Lab,KEEP_AFFILIATE_RETAIN,None - Brand Mention / Citation,Medium,1,1,1,100%,-,1,0%,100%,0,0,67,0%,no,no,1,0%,1743646674,1786754963,100% branded or bare-URL anchors; reads as an unsolicited citation rather than a placed link.
localquoter.net,https://www.performancelab.com/blogs/nutrition/vitamin-d-and-constipation,7,KEEP_AFFILIATE_RETAIN,None - Topically Relevant Editorial / Affiliate Link,High,1,1,1,100%,-,1,0%,0%,0,0,1,0%,no,yes,1,100%,1744276691,1771638606,Niche-aligned source with a natural anchor distribution (0% branded/URL anchors).
luxentialliving.com,https://www.performancelab.com/blogs/fitness/the-role-of-recovery-in-sports-performance,Read Now,KEEP_AFFILIATE_RETAIN,None - Topically Relevant Editorial / Affiliate Link,High,1,1,1,100%,-,1,0%,0%,0,0,9,0%,no,yes,1,0%,1744633981,1787606641,Niche-aligned source with a natural anchor distribution (0% branded/URL anchors).
ketodietdude.com,https://www.performancelab.com/collections/nutrigenesis-multi,Performance Lab NutriGenesis Multi,KEEP_AFFILIATE_RETAIN,None - Topically Relevant Editorial / Affiliate Link,High,1,1,1,100%,-,1,0%,100%,0,0,16,0%,no,yes,1,0%,1744876315,1785749974,Niche-aligned source with a natural anchor distribution (100% branded/URL anchors).
exerciserx.net,https://www.performancelab.com/products/mind-lab-pro,(empty/image),KEEP_AFFILIATE_RETAIN,None - Topically Relevant Editorial / Affiliate Link,High,1,1,1,100%,-,1,0%,0%,0,0,0,0%,no,yes,1,0%,1744877233,1780455974,Niche-aligned source with a natural anchor distribution (0% branded/URL anchors).
vitaleasenutrients.com,https://global.performancelab.com/products/nutrigenesis-multi-men?srsltid=AfmBOoqXsY-EqVOipTgCr3S0AQIgPftrrSC4gl3zCd3QoZZAtQN1yd5y,Check Out Here,KEEP_AFFILIATE_RETAIN,None - Topically Relevant Editorial / Affiliate Link,High,1,1,1,100%,-,1,0%,0%,0,0,6,0%,no,yes,1,0%,1745126457,1780326367,Niche-aligned source with a natural anchor distribution (0% branded/URL anchors).
communityfarmersmarket.net,https://www.performancelab.com/products/mind-lab-pro,(empty/image),KEEP_AFFILIATE_RETAIN,None - Topically Relevant Editorial / Affiliate Link,High,1,1,1,100%,-,1,0%,0%,0,0,0,0%,no,yes,1,0%,1745386153,1777889814,Niche-aligned source with a natural anchor distribution (0% branded/URL anchors).
ggenereux.blog,https://www.performancelab.com/blogs/energy/r-lipoic-acid,https://www.performancelab.com/blogs/energy/r-lipoic-acid,KEEP_AFFILIATE_RETAIN,None - Brand Mention / Citation,Medium,1,1,1,100%,-,0,0%,100%,1,1,6,100%,no,no,1,100%,1745437058,1783181432,100% branded or bare-URL anchors; reads as an unsolicited citation rather than a placed link.
sustainhealthcare.org,https://www.performancelab.com/products/mind-lab-pro,(empty/image),KEEP_AFFILIATE_RETAIN,None - Topically Relevant Editorial / Affiliate Link,High,1,1,1,100%,-,1,0%,0%,0,0,0,0%,no,yes,1,0%,1745688363,1777599269,Niche-aligned source with a natural anchor distribution (0% branded/URL anchors).
parsipowder.com,https://www.performancelab.com/blogs/nutrition/best-milk-for-bodybuilders?srsltid=AfmBOop296nF1ezvhrVDlAFA1gqUeeUONmpCyt8RYEqDwu29uKS9dGqZ,performancelab.com,KEEP_AFFILIATE_RETAIN,None - Brand Mention / Citation,Medium,1,1,1,100%,-,1,0%,100%,1,1,15,0%,no,no,1,0%,1746185051,1784115573,100% branded or bare-URL anchors; reads as an unsolicited citation rather than a placed link.
2022topranked.com,https://www.performancelab.com/products/mind-lab-pro,(empty/image),KEEP_AFFILIATE_RETAIN,None - Topically Relevant Editorial / Affiliate Link,High,1,1,1,100%,-,1,0%,0%,0,0,0,0%,no,yes,1,0%,1746346142,1777626721,Niche-aligned source with a natural anchor distribution (0% branded/URL anchors).
liftbigeatbig.com,https://www.performancelab.com/products/nutrigenesis-multi-men?a_aid=6409da53be11d&a_bid=58103d09&chan=lbebshop&data1=bestmultiformenover40,Performance Lab NutriGenesis® Multi,KEEP_AFFILIATE_RETAIN,None - Tracked Affiliate Partner,High,1,1,1,100%,-,1,0%,100%,0,0,11,0%,no,yes,1,0%,1746608988,1786816382,"100% of destinations carry the programme's a_aid/a_bid parameters, so this is a tracked affiliate. Commercial anchors are expected of an affiliate and the brief protects the placement; no structural spam signature fired."
willettonuniforms.com.au,https://www.performancelab.com/pages/contact,Contact – Performance Lab®,KEEP_AFFILIATE_RETAIN,None - Topically Relevant Editorial / Affiliate Link,High,1,1,1,100%,-,0,0%,100%,0,0,4,100%,no,yes,1,0%,1747157233,1784248872,Niche-aligned source with a natural anchor distribution (100% branded/URL anchors).
dzodzaci.rs,https://www.performancelab.com/blogs/fat-loss/does-zinc-help-with-weight-loss,Cink,KEEP_AFFILIATE_RETAIN,None - Topically Relevant Editorial / Affiliate Link,High,1,1,1,100%,-,1,0%,0%,0,0,5,0%,no,yes,1,0%,1747265489,1786035299,Niche-aligned source with a natural anchor distribution (0% branded/URL anchors).
vibranthappyhealthy.com,https://www.performancelab.com/blogs/fat-loss/foods-with-high-thermic-effect,high thermic effect,KEEP_AFFILIATE_RETAIN,None - Topically Relevant Editorial / Affiliate Link,High,1,1,1,100%,-,1,0%,0%,2,2,37,0%,no,yes,1,0%,1747595541,1786679876,Niche-aligned source with a natural anchor distribution (0% branded/URL anchors).
yana-log.net,https://www.performancelab.com/products/omega-3,https://www.performancelab.com/products/omega-3,KEEP_AFFILIATE_RETAIN,None - Brand Mention / Citation,Medium,1,1,1,100%,-,1,0%,100%,0,0,20,0%,no,no,1,0%,1747872391,1786302906,100% branded or bare-URL anchors; reads as an unsolicited citation rather than a placed link.
berley.co.uk,https://www.performancelab.com/blogs/sleep/tart-cherry-juice-vs-capsules,Tart Cherry Juice vs Capsules: Which Is Better ...,KEEP_AFFILIATE_RETAIN,None - Topically Relevant Editorial / Affiliate Link,High,1,1,1,100%,-,1,0%,0%,0,0,10,0%,no,yes,1,0%,1747958932,1781910469,Niche-aligned source with a natural anchor distribution (0% branded/URL anchors).
myprenutrition.com,https://www.performancelab.com/blogs/multi/multivitamin-benefits-to-bodybuilding,Multivitamin Benefits to Bodybuilding,KEEP_AFFILIATE_RETAIN,None - Topically Relevant Editorial / Affiliate Link,High,1,1,1,100%,-,1,0%,0%,0,0,6,0%,no,yes,1,0%,1748010740,1776476827,Niche-aligned source with a natural anchor distribution (0% branded/URL anchors).
hackernews.ryansolid.workers.dev,https://performancelab.com/,https://performancelab.com/,KEEP_AFFILIATE_RETAIN,None - Brand Mention / Citation,Medium,1,1,1,100%,-,0,0%,100%,0,0,19,100%,no,no,1,0%,1748152961,1785846203,100% branded or bare-URL anchors; reads as an unsolicited citation rather than a placed link.
ruletheempire.org,https://www.performancelab.com/blogs/pre/creatine-nitrate-vs-creatine-monohydrate,Creatine expedites recycling of ATP (adenosine triphosphate),KEEP_AFFILIATE_RETAIN,None - Topically Relevant Editorial / Affiliate Link,High,1,1,1,100%,-,1,0%,0%,0,0,24,0%,no,yes,1,0%,1748353993,1786393227,Niche-aligned source with a natural anchor distribution (0% branded/URL anchors).
tpsearchtool.com,https://www.performancelab.com/cdn/shop/articles/shutterstock_2175368987_1.jpg?v=1665393721,What Is Zeaxanthin Benefits Dosage And Best Sources Performance Lab,KEEP_AFFILIATE_RETAIN,None - Brand Mention / Citation,Medium,1,1,1,100%,-,0,0%,100%,0,0,44,100%,no,no,1,100%,1748387845,1775662234,100% branded or bare-URL anchors; reads as an unsolicited citation rather than a placed link.
debsllc.org,https://www.performancelab.com/collections/sleep,taking natural sleep aids,KEEP_AFFILIATE_RETAIN,None - Topically Relevant Editorial / Affiliate Link,High,1,1,1,100%,-,1,0%,0%,0,0,1,0%,no,yes,1,0%,1748501012,1787243919,Niche-aligned source with a natural anchor distribution (0% branded/URL anchors).
elkayjeanelle.pages.dev,https://www.performancelab.com/,www.performancelab.com,KEEP_AFFILIATE_RETAIN,None - Topically Relevant Editorial / Affiliate Link,High,1,1,1,100%,-,1,0%,100%,0,0,12,0%,no,yes,1,0%,1748543947,1782998756,Niche-aligned source with a natural anchor distribution (100% branded/URL anchors).
basicbrandsinc.com,https://www.performancelab.com/blogs/vision/vitamin-c-and-dry-eyes,Performance Labs,KEEP_AFFILIATE_RETAIN,None - Brand Mention / Citation,Medium,1,1,1,100%,-,1,0%,100%,0,0,16,0%,no,no,1,0%,1748578224,1773856970,100% branded or bare-URL anchors; reads as an unsolicited citation rather than a placed link.
blimpp.com,https://www.performancelab.com/,Performance Lab®,KEEP_AFFILIATE_RETAIN,None - Topically Relevant Editorial / Affiliate Link,High,1,1,1,100%,-,1,0%,100%,2,2,1,0%,no,yes,1,0%,1748606438,1786197422,Niche-aligned source with a natural anchor distribution (100% branded/URL anchors).
madhavishilpi.com,https://www.performancelab.com/blogs/prebiotic/inulin-vs-psyllium-which-is-better-for-gut-health,fibre benefits our gut microbiota,KEEP_AFFILIATE_RETAIN,None - Topically Relevant Editorial / Affiliate Link,High,1,1,1,100%,-,1,0%,0%,0,0,13,0%,no,yes,1,0%,1748786530,1787532463,Niche-aligned source with a natural anchor distribution (0% branded/URL anchors).
randyvadriane.pages.dev,https://www.performancelab.com/,www.performancelab.com,KEEP_AFFILIATE_RETAIN,None - Brand Mention / Citation,Medium,1,1,1,100%,-,1,0%,100%,0,0,10,0%,no,no,1,0%,1748911266,1781467976,100% branded or bare-URL anchors; reads as an unsolicited citation rather than a placed link.
gldnroot.com,"https://www.performancelab.com/blogs/multi/vitamin-d3-k2-for-weight-loss#:~:text=Vitamin%20D3%20and%20K2%20for,by%20supporting%20healthy%20thyroid%20function",Vitamins D3 and K2,KEEP_AFFILIATE_RETAIN,None - Topically Relevant Editorial / Affiliate Link,High,1,1,1,100%,-,1,0%,0%,0,0,6,0%,no,yes,1,0%,1749007415,1780998030,Niche-aligned source with a natural anchor distribution (0% branded/URL anchors).
powerfoodhealth.com,https://www.performancelab.com/products/fat-burner,Check out Performance Lab SPORT Fat Burner here!,KEEP_AFFILIATE_RETAIN,None - Topically Relevant Editorial / Affiliate Link,High,1,1,1,100%,-,0,0%,100%,0,0,34,100%,no,yes,1,0%,1749571751,1786869925,Niche-aligned source with a natural anchor distribution (100% branded/URL anchors).
healthhighroad.com,https://www.performancelab.com/collections/sport-range/products/fat-burner,Performance Lab SPORT Fat Burner,KEEP_AFFILIATE_RETAIN,None - Topically Relevant Editorial / Affiliate Link,High,1,1,1,100%,-,1,0%,100%,0,0,5,0%,no,yes,1,0%,1749655151,1786492056,Niche-aligned source with a natural anchor distribution (100% branded/URL anchors).
probiotics.tips,https://www.performancelab.com/blogs/prebiotic/do-probiotics-survive-being-frozen,damaged during the freezing,KEEP_AFFILIATE_RETAIN,None - Topically Relevant Editorial / Affiliate Link,High,1,1,1,100%,-,1,0%,0%,0,0,9,0%,no,yes,1,0%,1749893073,1787611202,Niche-aligned source with a natural anchor distribution (0% branded/URL anchors).
couplerelationship.net,https://www.performancelab.com/products/fat-burner,Découvrez Performance Lab SPORT Fat Burner ici !,KEEP_AFFILIATE_RETAIN,None - Topically Relevant Editorial / Affiliate Link,High,1,1,1,100%,-,1,0%,100%,0,0,28,0%,no,yes,1,0%,1749910957,1782674107,Niche-aligned source with a natural anchor distribution (100% branded/URL anchors).
sexierr.com,https://www.performancelab.com/blogs/fat-loss/taking-fat-burners-on-an-empty-stomach-good-or-bad?srsltid=AfmBOoqvbji9NOr-iwN8EeB6Z0bvrkqRmivIP-L8qhOGJ9hJ3j94k3BI,https://www.performancelab.com/blogs/fat-loss/taking-fat-burners-on-an-empty-stomach-good-or-bad?srsltid=AfmBOoqvbji9NOr-iwN8EeB6Z0bvrkqRmivIP-L8qhOGJ9hJ3j94k3BI,KEEP_AFFILIATE_RETAIN,None - Brand Mention / Citation,Medium,1,1,1,100%,-,0,0%,100%,0,0,14,100%,no,no,1,0%,1749954799,1786674308,100% branded or bare-URL anchors; reads as an unsolicited citation rather than a placed link.
modafinil.com,https://www.performancelab.com/,(empty/image),KEEP_AFFILIATE_RETAIN,None - Topically Relevant Editorial / Affiliate Link,High,1,1,1,100%,-,1,0%,0%,0,0,0,0%,no,yes,1,0%,1749964586,1787585982,Niche-aligned source with a natural anchor distribution (0% branded/URL anchors).
healthknight.com,https://www.performancelab.com/collections/core-range/products/flex,https://www.performancelab.com/collections/core-range/products/flex,KEEP_AFFILIATE_RETAIN,None - Topically Relevant Editorial / Affiliate Link,High,1,1,1,100%,-,0,0%,100%,0,0,52,100%,no,yes,1,0%,1750130023,1786983403,Niche-aligned source with a natural anchor distribution (100% branded/URL anchors).
rugbyrep.com,http://performancelab.com/,performancelab.com,KEEP_AFFILIATE_RETAIN,None - Topically Relevant Editorial / Affiliate Link,High,1,1,1,100%,-,1,0%,100%,0,0,15,0%,no,yes,1,0%,1750387839,1787437936,Niche-aligned source with a natural anchor distribution (100% branded/URL anchors).
dietarious.com,https://www.performancelab.com/blogs/stim/caffeine-anhydrous,Caffeine anhydrous:,KEEP_AFFILIATE_RETAIN,None - Topically Relevant Editorial / Affiliate Link,High,1,1,1,100%,-,1,0%,0%,0,0,6,0%,no,yes,1,0%,1750803626,1787014455,Niche-aligned source with a natural anchor distribution (0% branded/URL anchors).
chromavit.com,http://www.performancelab.com/,www.materiamedica.in,KEEP_AFFILIATE_RETAIN,None - Brand Mention / Citation,Medium,1,1,1,100%,-,1,0%,100%,0,0,9,0%,no,no,1,0%,1750804513,1784941054,100% branded or bare-URL anchors; reads as an unsolicited citation rather than a placed link.
technofizi.net,http://performancelab.com/,performancelab.com,KEEP_AFFILIATE_RETAIN,None - Topically Relevant Editorial / Affiliate Link,High,1,1,1,100%,-,0,0%,100%,0,0,1,100%,no,yes,1,0%,1750836876,1776944608,Niche-aligned source with a natural anchor distribution (100% branded/URL anchors).
benjaminkharrisk.pages.dev,https://www.performancelab.com/,www.performancelab.com,KEEP_AFFILIATE_RETAIN,None - Topically Relevant Editorial / Affiliate Link,High,1,1,1,100%,-,1,0%,100%,0,0,12,0%,no,yes,1,0%,1750863864,1771131129,Niche-aligned source with a natural anchor distribution (100% branded/URL anchors).
honesthealthwise.com,https://global.performancelab.com/products/mind-lab-pro?srsltid=AfmBOoogmz0SbGzDC3WsqZ571ANet9kGRnhfk_P0MJErHVvfGxFyc_7f,Performance Lab Mind,KEEP_AFFILIATE_RETAIN,None - Topically Relevant Editorial / Affiliate Link,High,1,1,1,100%,-,1,0%,100%,0,0,11,0%,no,yes,1,0%,1750881320,1782440187,Niche-aligned source with a natural anchor distribution (100% branded/URL anchors).
shahabmokhtare.com,https://www.performancelab.com/,Performance Lab,KEEP_AFFILIATE_RETAIN,None - Brand Mention / Citation,Medium,1,1,1,100%,-,1,0%,100%,0,0,11,0%,no,no,1,0%,1751078066,1786258819,100% branded or bare-URL anchors; reads as an unsolicited citation rather than a placed link.
apental.net,https://www.performancelab.com/products/mind-lab-pro,(empty/image),KEEP_AFFILIATE_RETAIN,None - Topically Relevant Editorial / Affiliate Link,High,1,1,1,100%,-,1,0%,0%,2,2,0,0%,no,yes,1,100%,1751153828,1784339249,Niche-aligned source with a natural anchor distribution (0% branded/URL anchors).
thrive25.com,https://www.performancelab.com/products/omega-3,Performance Lab Omega-3,KEEP_AFFILIATE_RETAIN,None - Topically Relevant Editorial / Affiliate Link,High,1,1,1,100%,-,1,0%,100%,1,1,39,0%,no,yes,1,0%,1751240424,1786364327,Niche-aligned source with a natural anchor distribution (100% branded/URL anchors).
allaboutpeoples.com,https://www.performancelab.com/?a_aid=66c7f7e84cdf1&a_bid=a2ad38c1,Performance Lab,KEEP_AFFILIATE_RETAIN,None - Tracked Affiliate Partner,High,1,1,1,100%,-,1,0%,100%,0,0,2,0%,no,yes,1,0%,1751256764,1786959680,"100% of destinations carry the programme's a_aid/a_bid parameters, so this is a tracked affiliate. Commercial anchors are expected of an affiliate and the brief protects the placement; no structural spam signature fired."
healthfitness-wellbeing.blogspot.com,https://www.performancelab.com/collections/core-range/products/mind/?a_aid=5d4aab8144732&a_bid=a2ad38c1,(empty/image),KEEP_AFFILIATE_RETAIN,None - Tracked Affiliate Partner,High,1,1,1,100%,-,1,0%,0%,0,0,5,0%,no,yes,1,0%,1751293789,1784273783,"100% of destinations carry the programme's a_aid/a_bid parameters, so this is a tracked affiliate. Commercial anchors are expected of an affiliate and the brief protects the placement; no structural spam signature fired."
tastyfoodstories.com,https://www.performancelab.com/blogs/sleep/what-is-the-most-effective-natural-sleep-aid,© Performance Lab,KEEP_AFFILIATE_RETAIN,None - Brand Mention / Citation,Medium,1,1,1,100%,-,1,0%,100%,0,0,10,0%,no,no,1,100%,1751409608,1782985784,100% branded or bare-URL anchors; reads as an unsolicited citation rather than a placed link.
awesomehealthclub.com,https://www.performancelab.com/blogs/fat-loss/foods-with-high-thermic-effect,15 thermogenic foods,KEEP_AFFILIATE_RETAIN,None - Topically Relevant Editorial / Affiliate Link,High,1,1,1,100%,-,1,0%,0%,0,0,42,0%,no,yes,1,0%,1751477402,1773847378,Niche-aligned source with a natural anchor distribution (0% branded/URL anchors).
divinehealthandhealing-ways.com,https://www.performancelab.com/?a_aid=68437978f3457,"Best Western Herbal Medicine - vitamins, herbal supplements, herbs, cosmetics, alternative medicine, homeopathy, beauty, Solgar, Source Naturals, Life Extension, Nordic Naturals, Natural Factors, Gaia Herbs, Enzymatic Therapy, Country Life, Nutricology, Weleda, Now Foods, health, diet",KEEP_AFFILIATE_RETAIN,None - Tracked Affiliate Partner,High,1,1,1,100%,-,1,100%,0%,0,0,3,0%,no,yes,1,0%,1751551054,1786171629,"100% of destinations carry the programme's a_aid/a_bid parameters, so this is a tracked affiliate. Commercial anchors are expected of an affiliate and the brief protects the placement; no structural spam signature fired."
aabigaildedman.pages.dev,https://www.performancelab.com/,www.performancelab.com,KEEP_AFFILIATE_RETAIN,None - Topically Relevant Editorial / Affiliate Link,High,1,1,1,100%,-,1,0%,100%,0,0,10,0%,no,yes,1,0%,1751854494,1784483961,Niche-aligned source with a natural anchor distribution (100% branded/URL anchors).
shibleysmiles.com,https://www.performancelab.com/blogs/joint-support/best-joint-supplements,high quality joint supplements,KEEP_AFFILIATE_RETAIN,None - Topically Relevant Editorial / Affiliate Link,High,1,1,1,100%,-,1,0%,0%,4,4,9,0%,no,yes,1,100%,1751865087,1783590861,Niche-aligned source with a natural anchor distribution (0% branded/URL anchors).
nutrifitt.com,https://www.performancelab.com/products/mind-lab-pro?srsltid=AfmBOoonRSvDnv5V57r61Bw-il4oD0Z9uLe0-co0LyU1yv3aEieAWjgo,Performance Lab Mind,KEEP_AFFILIATE_RETAIN,None - Topically Relevant Editorial / Affiliate Link,High,1,1,1,100%,-,1,0%,100%,2,2,14,0%,no,yes,1,0%,1752083149,1782908705,Niche-aligned source with a natural anchor distribution (100% branded/URL anchors).
ectomorphing.com,https://www.performancelab.com/blogs/nutrition/bodyweight-vs-weights-for-fat-loss,https://prelabpro.com/blogs/nutrition/bodyweight-vs-weights-for-fat-loss,KEEP_AFFILIATE_RETAIN,None - Topically Relevant Editorial / Affiliate Link,High,1,1,1,100%,-,1,0%,100%,2,2,29,0%,no,yes,1,0%,1752396781,1782936320,Niche-aligned source with a natural anchor distribution (100% branded/URL anchors).
greycicada.com,https://www.performancelab.com/products/caffeine-2?srsltid=AfmBOoqsSXiMg19oy3yMFcIczVg0tZHxIEHDWGdYlstT8dSgqSznoT-w,PerformanceLab Caffeine 2,KEEP_AFFILIATE_RETAIN,None - Topically Relevant Editorial / Affiliate Link,High,1,1,1,100%,-,1,0%,100%,0,0,18,0%,no,yes,1,0%,1752713668,1786479002,Niche-aligned source with a natural anchor distribution (100% branded/URL anchors).
loneeykimberli.pages.dev,https://www.performancelab.com/,www.performancelab.com,KEEP_AFFILIATE_RETAIN,None - Brand Mention / Citation,Medium,1,1,1,100%,-,1,0%,100%,0,0,10,0%,no,no,1,0%,1752888066,1786522275,100% branded or bare-URL anchors; reads as an unsolicited citation rather than a placed link.
jessicallambert.pages.dev,https://www.performancelab.com/,www.performancelab.com,KEEP_AFFILIATE_RETAIN,None - Topically Relevant Editorial / Affiliate Link,High,1,1,1,100%,-,1,0%,100%,0,0,10,0%,no,yes,1,0%,1752927111,1776821845,Niche-aligned source with a natural anchor distribution (100% branded/URL anchors).
wellfitinsider.com,https://www.performancelab.com/blogs/fitness/full-body-workout-benefits?srsltid=AfmBOor7Q090483uPXqujTd0DdBv6D_LrxoqX-Fx6q5zPGxHlsTIPQyw,"Performance Lab, 2024",KEEP_AFFILIATE_RETAIN,None - Topically Relevant Editorial / Affiliate Link,High,1,1,1,100%,-,1,0%,100%,2,2,8,0%,no,yes,1,0%,1753114131,1786937390,Niche-aligned source with a natural anchor distribution (100% branded/URL anchors).
247sports.news,https://www.performancelab.com/,Visit Performance Lab,KEEP_AFFILIATE_RETAIN,None - Topically Relevant Editorial / Affiliate Link,High,1,1,1,100%,-,1,0%,100%,0,0,10,0%,no,yes,1,0%,1753294216,1785238503,Niche-aligned source with a natural anchor distribution (100% branded/URL anchors).
thewellnesswatchdog.com,https://www.performancelab.com/blogs/nutrition/low-nitric-oxide-symptoms,this one,KEEP_AFFILIATE_RETAIN,None - Topically Relevant Editorial / Affiliate Link,High,1,1,1,100%,-,1,0%,0%,0,0,16,0%,no,yes,1,0%,1753446018,1786170862,Niche-aligned source with a natural anchor distribution (0% branded/URL anchors).
nootroedge.com,https://uk.performancelab.com/products/sleep?ref=nootroedge.com,Check Deals On Performance Sleep Lab,KEEP_AFFILIATE_RETAIN,None - Topically Relevant Editorial / Affiliate Link,High,1,1,1,100%,-,1,0%,0%,0,0,11,0%,no,yes,1,0%,1753713567,1783084101,Niche-aligned source with a natural anchor distribution (0% branded/URL anchors).
dmcoffee.blog,https://www.performancelab.com/blogs/caffeine-2/how-long-to-reset-caffeine-tolerance,How Long to Reset Caffeine Tolerance: A Complete Guide – Performance Lab,KEEP_AFFILIATE_RETAIN,None - Brand Mention / Citation,Medium,1,1,1,100%,-,1,0%,100%,0,0,4,0%,no,no,1,100%,1753986738,1770623096,100% branded or bare-URL anchors; reads as an unsolicited citation rather than a placed link.
uptimecard.com,https://performancelab.com/,Performance Lab Mind Lab Pro NutriGenesis Multi favicon,KEEP_AFFILIATE_RETAIN,None - Topically Relevant Editorial / Affiliate Link,High,1,1,1,100%,-,0,0%,100%,0,0,1,100%,no,yes,1,0%,1754095656,1770047757,Niche-aligned source with a natural anchor distribution (100% branded/URL anchors).
fitclubnc.com,https://www.performancelab.com/blogs/fitness/workout-plateau-causes-and-tips-to-avoid-it,Workout Plateau: 6 Causes and 5 Tips on How to Avoid It | Performance Lab®,KEEP_AFFILIATE_RETAIN,None - Topically Relevant Editorial / Affiliate Link,High,1,1,1,100%,-,1,0%,100%,0,0,14,0%,no,yes,1,0%,1754115274,1786029813,Niche-aligned source with a natural anchor distribution (100% branded/URL anchors).
japananh.github.io,"https://www.performancelab.com/blogs/fat-loss/what-is-the-lowest-body-fat-percentage#:~:text=We%20also%20have%20something%20called,ever%20go%20below%20these%20percentages","https://www.performancelab.com/blogs/fat-loss/what-is-the-lowest-body-fat-percentage#:~:text=We%20also%20have%20something%20called,ever%20go%20below%20these%20percentages",KEEP_AFFILIATE_RETAIN,None - Brand Mention / Citation,Medium,1,1,1,100%,-,1,0%,100%,0,0,10,0%,no,no,1,0%,1754429201,1781609745,100% branded or bare-URL anchors; reads as an unsolicited citation rather than a placed link.
lighthousewellbeingcpt.com,https://www.performancelab.com/blogs/sleep/what-is-the-most-effective-natural-sleep-aid,Clinical studies,KEEP_AFFILIATE_RETAIN,None - Topically Relevant Editorial / Affiliate Link,High,1,1,1,100%,-,1,0%,0%,0,0,7,0%,no,yes,1,0%,1755098359,1782199159,Niche-aligned source with a natural anchor distribution (0% branded/URL anchors).
jointpainrescue.com,https://www.performancelab.com/blogs/joint-support/turmeric-for-bodybuilding?srsltid=AfmBOopjVUhG0ynu_A20eVBhK61HOTzXJNIerKDwMqEv_rPv_qwj5F64,Turmeric's benefits,KEEP_AFFILIATE_RETAIN,None - Topically Relevant Editorial / Affiliate Link,High,1,1,1,100%,-,1,0%,0%,0,0,7,0%,no,yes,1,100%,1755380246,1777522708,Niche-aligned source with a natural anchor distribution (0% branded/URL anchors).
naturalaginghacks.com,https://www.performancelab.com/blogs/fitness/unlock-your-aerobic-endurance?srsltid=AfmBOoqDztbYxrI9lrRZZe2VjMEeydBO4IlREX43-5ShULv8yEYW_Jdz,Consistent training,KEEP_AFFILIATE_RETAIN,None - Topically Relevant Editorial / Affiliate Link,High,1,1,1,100%,-,1,0%,0%,0,0,9,0%,no,yes,1,100%,1755628083,1777637201,Niche-aligned source with a natural anchor distribution (0% branded/URL anchors).
voofood.com,http://www.performancelab.com/sport/supplements/t-booster,www.performancelab.com/sport/supplements/t-booster,KEEP_AFFILIATE_RETAIN,None - Brand Mention / Citation,Medium,1,1,1,100%,-,1,0%,100%,0,0,8,0%,no,no,1,0%,1755894010,1785766089,100% branded or bare-URL anchors; reads as an unsolicited citation rather than a placed link.
csd-ljmostepolje.si,https://www.performancelab.com/blogs/fat-loss/does-zinc-help-with-weight-loss,Cink,KEEP_AFFILIATE_RETAIN,None - Topically Relevant Editorial / Affiliate Link,High,1,1,1,100%,-,1,0%,0%,0,0,7,0%,no,yes,1,0%,1755907121,1775480823,Niche-aligned source with a natural anchor distribution (0% branded/URL anchors).
bicyclingland.com,https://www.performancelab.com/blogs/fitness/steady-state-cardio?srsltid=AfmBOoq3tIDaIP-5GNrzWn8hZIzArOBrH-va5TN1Yha93t400BTDG6uo,this type of training,KEEP_AFFILIATE_RETAIN,None - Topically Relevant Editorial / Affiliate Link,High,1,1,1,100%,-,1,0%,0%,0,0,8,0%,no,yes,1,0%,1755967053,1786039783,Niche-aligned source with a natural anchor distribution (0% branded/URL anchors).
insightmarketreports.com,https://www.performancelab.com/,Performance Lab,KEEP_AFFILIATE_RETAIN,None - Brand Mention / Citation,Medium,1,1,1,100%,-,0,0%,100%,0,0,12,100%,no,no,1,0%,1756022407,1786999004,100% branded or bare-URL anchors; reads as an unsolicited citation rather than a placed link.
senior51.com,https://www.performancelab.com/blogs/sleep/lemon-balm-and-anxiety?srsltid=AfmBOorJiTY4ET_pkwhuN57pgvbVZqPwz7fVT16dWyeAwHCTSKJ107DB,this page,KEEP_AFFILIATE_RETAIN,None - Topically Relevant Editorial / Affiliate Link,High,1,1,1,100%,-,1,0%,0%,0,0,10,0%,no,yes,1,100%,1756580367,1777667215,Niche-aligned source with a natural anchor distribution (0% branded/URL anchors).
findcontinuingcare.com,https://www.performancelab.com/,Performance Lab,KEEP_AFFILIATE_RETAIN,None - Topically Relevant Editorial / Affiliate Link,High,1,1,1,100%,-,1,0%,100%,3,3,15,0%,no,yes,1,0%,1756683676,1786708329,Niche-aligned source with a natural anchor distribution (100% branded/URL anchors).
jointnutritionexpert.com,https://www.performancelab.com/pages/authors/valentino-muza,Performance Lab,KEEP_AFFILIATE_RETAIN,None - Topically Relevant Editorial / Affiliate Link,High,1,1,1,100%,-,1,0%,100%,0,0,11,0%,no,yes,1,0%,1756764174,1787166129,Niche-aligned source with a natural anchor distribution (100% branded/URL anchors).
mahammarketing.com,https://eu.performancelab.com/?srsltid=AfmBOorPrhOG9gy33S-5CaIZt4sxKpAHnHcs-PI_Igg7fG3uSIMloqvV,performancelab.com,KEEP_AFFILIATE_RETAIN,None - Topically Relevant Editorial / Affiliate Link,High,1,1,1,100%,-,1,0%,100%,0,0,53,0%,no,yes,1,0%,1756831691,1785881879,Niche-aligned source with a natural anchor distribution (100% branded/URL anchors).
cbdtiger.co,https://www.performancelab.com/products/flex,(empty/image),KEEP_AFFILIATE_RETAIN,None - Redirect / Tracking Host (Behavioural Match),High,1,1,1,100%,-,1,0%,0%,0,0,0,0%,no,yes,1,0%,1756885771,1787390609,"No outbound links of its own, 100% empty anchors, and 0% of destinations carry the programme's affiliate parameters. This is link tracking, whatever the domain is called."
bluechewreview.org,https://www.performancelab.com/,(empty/image),KEEP_AFFILIATE_RETAIN,None - Topically Relevant Editorial / Affiliate Link,High,1,1,1,100%,-,1,0%,0%,0,0,0,0%,no,yes,1,0%,1756918483,1774109705,Niche-aligned source with a natural anchor distribution (0% branded/URL anchors).
wellness-journey.blogspot.com,http://www.performancelab.com/,Performance Lab,KEEP_AFFILIATE_RETAIN,None - Topically Relevant Editorial / Affiliate Link,High,1,1,1,100%,-,1,0%,100%,0,0,49,0%,no,yes,1,0%,1757299482,1785947991,Niche-aligned source with a natural anchor distribution (100% branded/URL anchors).
vitaminsandsupplements365.com,https://www.performancelab.com/blogs/joint-support/msm-benefits-for-joint-health,https://www.performancelab.com/blogs/joint-support/msm-benefits-for-joint-health,KEEP_AFFILIATE_RETAIN,None - Topically Relevant Editorial / Affiliate Link,High,1,1,1,100%,-,1,0%,100%,0,0,13,0%,no,yes,1,0%,1757538438,1787432714,Niche-aligned source with a natural anchor distribution (100% branded/URL anchors).
vigorprotocol.com,https://www.performancelab.com/products/sleep,(empty/image),KEEP_AFFILIATE_RETAIN,None - Topically Relevant Editorial / Affiliate Link,High,1,1,1,100%,-,1,0%,0%,0,0,0,0%,no,yes,1,0%,1757759986,1784277237,Niche-aligned source with a natural anchor distribution (0% branded/URL anchors).
biohackjournal.com,https://www.performancelab.com/products/omega-3,Performance Lab’s Omega-3,KEEP_AFFILIATE_RETAIN,None - Topically Relevant Editorial / Affiliate Link,High,1,1,1,100%,-,1,0%,100%,0,0,1,0%,no,yes,1,0%,1757844574,1781623668,Niche-aligned source with a natural anchor distribution (100% branded/URL anchors).
suppinsider.com,https://www.performancelab.com/blogs/stim/caffeine-anhydrous,https://www.performancelab.com/blogs/stim/caffeine-anhydrous,KEEP_AFFILIATE_RETAIN,None - Brand Mention / Citation,Medium,1,1,1,100%,-,1,0%,100%,0,0,6,0%,no,no,1,0%,1758167587,1786207559,100% branded or bare-URL anchors; reads as an unsolicited citation rather than a placed link.
atouchoffreebies.tripod.com,https://www.performancelab.com/,Performance Labs,KEEP_AFFILIATE_RETAIN,None - Topically Relevant Editorial / Affiliate Link,High,1,1,1,100%,-,1,0%,100%,0,0,81,0%,no,yes,1,0%,1758266576,1777035601,Niche-aligned source with a natural anchor distribution (100% branded/URL anchors).
daily-remedy.com,https://www.performancelab.com/blogs/fitness/alternating-between-running-and-walking,Combining both running and walking into your exercise routine,KEEP_AFFILIATE_RETAIN,None - Topically Relevant Editorial / Affiliate Link,High,1,1,1,100%,-,1,0%,0%,0,0,24,0%,no,yes,1,100%,1758268156,1783008299,Niche-aligned source with a natural anchor distribution (0% branded/URL anchors).
mindfulhealthhaven.com,https://www.performancelab.com/blogs/prebiotic/does-coffee-destroy-gut-flora?srsltid=AfmBOoo6nynVn7Av0OLjTOXVLZoIDgLBmWJMz3FAMJexkXHybI5Hn5qs,gut health resources,KEEP_AFFILIATE_RETAIN,None - Topically Relevant Editorial / Affiliate Link,High,1,1,1,100%,-,1,0%,0%,0,0,9,0%,no,yes,1,0%,1758377543,1772401702,Niche-aligned source with a natural anchor distribution (0% branded/URL anchors).
rxharun.com,https://www.performancelab.com/blogs/vision/vitamin-c-and-dry-eyes?srsltid=AfmBOor1SXP5ab8xN-0pTj0Cmx1g5Y3VXEP27pF3E6GvnKm3_adH7D_c,Performance Lab®,KEEP_AFFILIATE_RETAIN,None - Brand Mention / Citation,Medium,1,1,1,100%,-,1,0%,100%,0,0,92,0%,no,no,1,0%,1758457485,1771537891,100% branded or bare-URL anchors; reads as an unsolicited citation rather than a placed link.
precisionmarketview.com,https://www.performancelab.com/,Performance Lab,KEEP_AFFILIATE_RETAIN,None - Brand Mention / Citation,Medium,1,1,1,100%,-,0,0%,100%,0,0,12,100%,no,no,1,0%,1758794728,1783354198,100% branded or bare-URL anchors; reads as an unsolicited citation rather than a placed link.
gogonow.de,https://www.performancelab.com/blogs/fitness/benefits-of-a-punching-bag-workout,punching bag,KEEP_AFFILIATE_RETAIN,None - Topically Relevant Editorial / Affiliate Link,High,1,1,1,100%,-,0,0%,0%,0,0,50,100%,no,yes,1,0%,1759151244,1783421090,Niche-aligned source with a natural anchor distribution (0% branded/URL anchors).
reportpinnacle.com,https://www.performancelab.com/,Performance Lab,KEEP_AFFILIATE_RETAIN,None - Brand Mention / Citation,Medium,1,1,1,100%,-,0,0%,100%,0,0,12,100%,no,no,1,0%,1759214025,1786340631,100% branded or bare-URL anchors; reads as an unsolicited citation rather than a placed link.
yourhousefitness.com,https://www.performancelab.com/blogs/nutrition/best-pre-workout-for-women,pre workout for women,KEEP_AFFILIATE_RETAIN,None - Topically Relevant Editorial / Affiliate Link,High,1,1,1,100%,-,1,0%,0%,0,0,5,0%,no,yes,1,0%,1759360747,1782296773,Niche-aligned source with a natural anchor distribution (0% branded/URL anchors).
storeleads.app,https://www.performancelab.com/,www.performancelab.com,KEEP_AFFILIATE_RETAIN,None - Brand Mention / Citation,Medium,1,1,1,100%,-,0,0%,100%,0,0,5,100%,no,no,1,0%,1759551967,1772311397,100% branded or bare-URL anchors; reads as an unsolicited citation rather than a placed link.
workoutjoe.com,https://www.performancelab.com/products/pre-lab-pro?a_aid=6895f1bf25fa0&a_cid=f4c3e754,Pre-Workout for Clean Energy,KEEP_AFFILIATE_RETAIN,None - Tracked Affiliate Partner,High,1,1,1,100%,-,0,0%,0%,0,0,7,100%,no,yes,1,0%,1759596492,1781996151,"100% of destinations carry the programme's a_aid/a_bid parameters, so this is a tracked affiliate. Commercial anchors are expected of an affiliate and the brief protects the placement; no structural spam signature fired."
iran-supplement.com,https://www.performancelab.com/blogs/pre-workout/creatine-nitrate-vs-creatine-monohydrate?srsltid=AfmBOoojwV7_9YLCPtCkT6X7d40D3wZz5mYLQTxXtGd5xETuQ1zCdzuW,منبع,KEEP_AFFILIATE_RETAIN,None - Topically Relevant Editorial / Affiliate Link,High,1,1,1,100%,-,0,0%,0%,0,0,10,100%,no,yes,1,0%,1759969797,1779342468,Niche-aligned source with a natural anchor distribution (0% branded/URL anchors).
chaorendata.shop,https://www.performancelab.com/blogs/fitness/metabolic-types-tips-to-max-out-your-physique,performancelab.com,KEEP_AFFILIATE_RETAIN,None - Topically Relevant Editorial / Affiliate Link,High,1,1,1,100%,-,0,0%,100%,0,0,9,100%,no,yes,1,0%,1759988652,1779695160,Niche-aligned source with a natural anchor distribution (100% branded/URL anchors).
fattycrab.com,https://www.performancelab.com/blogs/multi/multivitamin-vs-individual-vitamins,taking multivitamins vs individual vitamins,KEEP_AFFILIATE_RETAIN,None - Topically Relevant Editorial / Affiliate Link,High,1,1,1,100%,-,1,0%,0%,1,1,10,0%,no,yes,1,0%,1760004114,1787022516,Niche-aligned source with a natural anchor distribution (0% branded/URL anchors).
thehealthysupps.com,https://eu.performancelab.com/products/vision,(empty/image),KEEP_AFFILIATE_RETAIN,None - Topically Relevant Editorial / Affiliate Link,High,1,1,1,100%,-,1,0%,0%,0,0,0,0%,no,yes,1,0%,1760037916,1787176548,Niche-aligned source with a natural anchor distribution (0% branded/URL anchors).
wiselivn.com,https://www.performancelab.com/blogs/multi/how-long-do-vitamins-stay-in-your-system,multivitamin,KEEP_AFFILIATE_RETAIN,None - Topically Relevant Editorial / Affiliate Link,High,1,1,1,100%,-,1,0%,0%,0,0,3,0%,no,yes,1,0%,1760059296,1784443123,Niche-aligned source with a natural anchor distribution (0% branded/URL anchors).
ourslike.com,https://www.performancelab.com/blogs/sleep/best-vitamins-to-take-at-night,vitamins for better sleep,KEEP_AFFILIATE_RETAIN,None - Topically Relevant Editorial / Affiliate Link,High,1,1,1,100%,-,1,0%,0%,0,0,8,0%,no,yes,1,100%,1760154989,1772756439,Niche-aligned source with a natural anchor distribution (0% branded/URL anchors).
thecfome.com,https://www.performancelab.com/blogs/nutrition/does-magnesium-cause-frequent-urination,Does Magnesium Cause Frequent Urination? - Performance Lab,KEEP_AFFILIATE_RETAIN,None - Brand Mention / Citation,Medium,1,1,1,100%,-,1,0%,100%,0,0,29,0%,no,no,1,0%,1760181758,1786495849,100% branded or bare-URL anchors; reads as an unsolicited citation rather than a placed link.
fussabouthealth.com,https://www.performancelab.com/products/mind-lab-pro?a_aid=664e0a9f00199&a_bid=67fd84dc,Mind Lab Pro is the best nootropic supplement,KEEP_AFFILIATE_RETAIN,None - Tracked Affiliate Partner,High,1,1,1,100%,-,1,0%,100%,0,0,3,0%,no,yes,1,0%,1760201663,1779620484,"100% of destinations carry the programme's a_aid/a_bid parameters, so this is a tracked affiliate. Commercial anchors are expected of an affiliate and the brief protects the placement; no structural spam signature fired."
dailyhealthtips.blog,https://www.performancelab.com/?a_aid=5fb4df0659965&a_bid=a2ad38c1,View Deal,KEEP_AFFILIATE_RETAIN,None - Tracked Affiliate Partner,High,1,1,1,100%,-,1,0%,0%,0,0,3,0%,no,yes,1,0%,1760219752,1787011017,"100% of destinations carry the programme's a_aid/a_bid parameters, so this is a tracked affiliate. Commercial anchors are expected of an affiliate and the brief protects the placement; no structural spam signature fired."
thefashionablehousewife.com,https://www.performancelab.com/blogs/multi/multivitamin-vs-individual-vitamins,multivitamin supplements or individual vitamins,KEEP_AFFILIATE_RETAIN,None - Topically Relevant Editorial / Affiliate Link,High,1,1,1,100%,-,1,0%,0%,4,4,32,0%,no,yes,1,0%,1760250797,1782896834,Niche-aligned source with a natural anchor distribution (0% branded/URL anchors).
myhappypeach.com,"https://www.performancelab.com/blogs/multi/reasons-to-take-zinc-with-vitamin-a#:~:text=Zinc%20helps%20transport%20vitamin%20A,vitamin%20A%20throughout%20the%20body.","https://www.performancelab.com/blogs/multi/reasons-to-take-zinc-with-vitamin-a#:~:text=Zinc%20helps%20transport%20vitamin%20A,vitamin%20A%20throughout%20the%20body.",KEEP_AFFILIATE_RETAIN,None - Topically Relevant Editorial / Affiliate Link,High,1,1,1,100%,-,1,0%,100%,0,0,41,0%,no,yes,1,0%,1760261912,1777939286,Niche-aligned source with a natural anchor distribution (100% branded/URL anchors).
rdennisbrady.com,https://www.performancelab.com/blogs/nutrition/how-many-calories-do-you-burn-in-a-day-without-exercise,burns 1800 calories a day,KEEP_AFFILIATE_RETAIN,None - Topically Relevant Editorial / Affiliate Link,High,1,1,1,100%,-,1,0%,0%,0,0,8,0%,no,yes,1,0%,1760271810,1786816588,Niche-aligned source with a natural anchor distribution (0% branded/URL anchors).
healthyarticlese.blogspot.com,https://www.performancelab.com/products/fat-burner,Check out Performance Lab SPORT Fat Burner here!,KEEP_AFFILIATE_RETAIN,None - Topically Relevant Editorial / Affiliate Link,High,1,1,1,100%,-,1,0%,100%,0,0,20,0%,no,yes,1,0%,1760701694,1786517582,Niche-aligned source with a natural anchor distribution (100% branded/URL anchors).
iplanethealth.com,https://www.performancelab.com/blogs/energy/r-lipoic-acid-vs-alpha-lipoic-acid,https://www.performancelab.com/blogs/energy/r-lipoic-acid-vs-alpha-lipoic-acid,KEEP_AFFILIATE_RETAIN,None - Topically Relevant Editorial / Affiliate Link,High,1,1,1,100%,-,1,0%,100%,0,0,68,0%,no,yes,1,0%,1760921621,1787177720,Niche-aligned source with a natural anchor distribution (100% branded/URL anchors).
calran.ro,https://www.performancelab.com/blogs/nutrition/does-magnesium-cause-frequent-urination,Does Magnesium Cause Frequent Urination? - Performance Lab,KEEP_AFFILIATE_RETAIN,None - Brand Mention / Citation,Medium,1,1,1,100%,-,1,0%,100%,0,0,27,0%,no,no,1,0%,1760923001,1785206424,100% branded or bare-URL anchors; reads as an unsolicited citation rather than a placed link.
tucson.com,https://www.performancelab.com/blogs/wellness,Testo Lab Pro,KEEP_AFFILIATE_RETAIN,None - Brand Mention / Citation,Medium,1,1,1,100%,-,0,0%,100%,0,0,64,100%,no,no,1,0%,1760976010,1774669413,100% branded or bare-URL anchors; reads as an unsolicited citation rather than a placed link.
time.news,https://www.performancelab.com/blogs/fitness/metabolic-adaptation,metabolic slowdown,KEEP_AFFILIATE_RETAIN,None - Topically Relevant Editorial / Affiliate Link,High,1,1,1,100%,-,1,0%,0%,0,0,12,0%,no,yes,1,0%,1761145146,1771082549,Niche-aligned source with a natural anchor distribution (0% branded/URL anchors).
golf19academy.jp,https://www.performancelab.com/blogs/nutrition/does-magnesium-cause-frequent-urination,Does Magnesium Cause Frequent Urination? - Performance Lab,KEEP_AFFILIATE_RETAIN,None - Brand Mention / Citation,Medium,1,1,1,100%,-,1,0%,100%,0,0,30,0%,no,no,1,0%,1761290102,1786304490,100% branded or bare-URL anchors; reads as an unsolicited citation rather than a placed link.
maxhug.com,https://www.performancelab.com/collections/core-range?a_aid=5d238797130fc&a_bid=dba13121,Buy Performance Lab Mind,KEEP_AFFILIATE_RETAIN,None - Tracked Affiliate Partner,High,1,1,1,100%,-,0,0%,100%,0,0,6,100%,no,yes,1,0%,1761322987,1786927704,"100% of destinations carry the programme's a_aid/a_bid parameters, so this is a tracked affiliate. Commercial anchors are expected of an affiliate and the brief protects the placement; no structural spam signature fired."
mosbate1.ir,https://www.performancelab.com/blogs/stim/coffee-vs-caffeine-pills,performancelab,KEEP_AFFILIATE_RETAIN,None - Brand Mention / Citation,Medium,1,1,1,100%,-,0,0%,100%,1,1,23,100%,no,no,1,0%,1761323232,1785777595,100% branded or bare-URL anchors; reads as an unsolicited citation rather than a placed link.
labzone.tech,https://www.performancelab.com/blogs/mct/best-mct-oil,MCT Oil,KEEP_AFFILIATE_RETAIN,None - Topically Relevant Editorial / Affiliate Link,High,1,1,1,100%,-,1,0%,0%,0,0,5,0%,no,yes,1,0%,1761365479,1785959918,Niche-aligned source with a natural anchor distribution (0% branded/URL anchors).
newsdirects.com,https://www.performancelab.com/products/vision,(empty/image),KEEP_AFFILIATE_RETAIN,None - Topically Relevant Editorial / Affiliate Link,High,1,1,1,100%,-,1,0%,0%,0,0,0,0%,no,yes,1,0%,1761366377,1787351896,Niche-aligned source with a natural anchor distribution (0% branded/URL anchors).
icyhealth.com,https://www.performancelab.com/blogs/nutrition/vitamin-c-on-an-empty-stomach,empty stomach,KEEP_AFFILIATE_RETAIN,None - Topically Relevant Editorial / Affiliate Link,High,1,1,1,100%,-,1,0%,0%,2,2,28,0%,no,yes,1,0%,1761408904,1786795317,Niche-aligned source with a natural anchor distribution (0% branded/URL anchors).
diwrites.com,https://www.performancelab.com/blogs/sleep/lemon-balm-and-sleep?srsltid=AfmBOorWLEBQ2Le1Vgeppd8kgsSZaegy-jW_zluSstFkoqs4nroRe1wo,soothing benefits,KEEP_AFFILIATE_RETAIN,None - Topically Relevant Editorial / Affiliate Link,High,1,1,1,100%,-,1,0%,0%,0,0,13,0%,no,yes,1,0%,1761472869,1785463103,Niche-aligned source with a natural anchor distribution (0% branded/URL anchors).
campus-immobilien.at,https://www.performancelab.com/blogs/nutrition/does-magnesium-cause-frequent-urination,Does Magnesium Cause Frequent Urination? - Performance Lab,KEEP_AFFILIATE_RETAIN,None - Brand Mention / Citation,Medium,1,1,1,100%,-,1,0%,100%,0,0,15,0%,no,no,1,0%,1761533718,1787258479,100% branded or bare-URL anchors; reads as an unsolicited citation rather than a placed link.
hacks4wellness.com,https://www.performancelab.com/products/omega-3?a_aid=67c6fbe26c24b&a_cid=f4c3e754,Learn More,KEEP_AFFILIATE_RETAIN,None - Tracked Affiliate Partner,High,1,1,1,100%,-,1,0%,0%,0,0,14,0%,no,yes,1,0%,1761623831,1786297887,"100% of destinations carry the programme's a_aid/a_bid parameters, so this is a tracked affiliate. Commercial anchors are expected of an affiliate and the brief protects the placement; no structural spam signature fired."
health4allca.org,https://global.performancelab.com/,official website,KEEP_AFFILIATE_RETAIN,None - Topically Relevant Editorial / Affiliate Link,High,1,1,1,100%,-,0,0%,0%,0,0,1,100%,no,yes,1,0%,1761640172,1787625210,Niche-aligned source with a natural anchor distribution (0% branded/URL anchors).
arabianbodybuilding.com,https://www.performancelab.com/blogs/omega-3/how-much-omega-3-per-day-for-bodybuilding,https://www.performancelab.com/blogs/omega-3/how-much-omega-3-per-day-for-bodybuilding,KEEP_AFFILIATE_RETAIN,None - Topically Relevant Editorial / Affiliate Link,High,1,1,1,100%,-,1,0%,100%,0,0,15,0%,no,yes,1,0%,1761646722,1786714105,Niche-aligned source with a natural anchor distribution (100% branded/URL anchors).
hangrypants.com,https://www.performancelab.com/blogs/multi/can-you-take-magnesium-and-vitamin-c-together,magnesium and vitamin C,KEEP_AFFILIATE_RETAIN,None - Topically Relevant Editorial / Affiliate Link,High,1,1,1,100%,-,0,0%,0%,0,0,2,100%,no,yes,1,0%,1761669745,1786178154,Niche-aligned source with a natural anchor distribution (0% branded/URL anchors).
payfew.com,https://performancelab.com/,performancelab.com,KEEP_AFFILIATE_RETAIN,None - Brand Mention / Citation,Medium,1,1,1,100%,-,1,0%,100%,0,0,1,0%,no,no,1,100%,1761679239,1783073234,100% branded or bare-URL anchors; reads as an unsolicited citation rather than a placed link.
sportsgossip.com,https://www.performancelab.com/collections/sport-range/products/pre,pre-workout,KEEP_AFFILIATE_RETAIN,None - Topically Relevant Editorial / Affiliate Link,High,1,1,1,100%,-,1,0%,0%,2,2,18,0%,no,yes,1,0%,1761716756,1786341493,Niche-aligned source with a natural anchor distribution (0% branded/URL anchors).
jaclynymaressa.pages.dev,https://www.performancelab.com/,www.performancelab.com,KEEP_AFFILIATE_RETAIN,None - Brand Mention / Citation,Medium,1,1,1,100%,-,1,0%,100%,0,0,12,0%,no,no,1,0%,1761828736,1781096428,100% branded or bare-URL anchors; reads as an unsolicited citation rather than a placed link.
tammy-watson.pages.dev,http://www.performancelab.com/,www.performancelab.com (opens in a new tab),KEEP_AFFILIATE_RETAIN,None - Brand Mention / Citation,Medium,1,1,1,100%,-,1,0%,100%,0,0,10,0%,no,no,1,0%,1761882956,1778481616,100% branded or bare-URL anchors; reads as an unsolicited citation rather than a placed link.
drsalehian.ir,https://www.performancelab.com/blogs/omega-3/how-much-omega-3-per-day-for-bodybuilding,PerformanceLab,KEEP_AFFILIATE_RETAIN,None - Topically Relevant Editorial / Affiliate Link,High,1,1,1,100%,-,1,0%,100%,0,0,9,0%,no,yes,1,0%,1761891474,1787351386,Niche-aligned source with a natural anchor distribution (100% branded/URL anchors).
healthnews.com,https://www.performancelab.com/products/energy,(empty/image),KEEP_AFFILIATE_RETAIN,None - Topically Relevant Editorial / Affiliate Link,High,1,1,1,100%,-,1,0%,0%,0,0,0,0%,no,yes,1,0%,1761895570,1785939716,Niche-aligned source with a natural anchor distribution (0% branded/URL anchors).
the-inkline.com,https://www.performancelab.com/collections/nutropic,nootropic snacks by Performance Lab,KEEP_AFFILIATE_RETAIN,None - Topically Relevant Editorial / Affiliate Link,High,1,1,1,100%,-,1,0%,100%,2,2,3,0%,no,yes,1,0%,1761948209,1786399223,Niche-aligned source with a natural anchor distribution (100% branded/URL anchors).
sportsmedia101.com,https://www.performancelab.com/collections/sport-range/products/t-booster,T-boosters,KEEP_AFFILIATE_RETAIN,None - Topically Relevant Editorial / Affiliate Link,High,1,1,1,100%,-,1,0%,0%,0,0,19,0%,no,yes,1,0%,1761982876,1774205534,Niche-aligned source with a natural anchor distribution (0% branded/URL anchors).
promarketreports.com,https://performancelab.com/,Performance Lab Group Ltd.,KEEP_AFFILIATE_RETAIN,None - Brand Mention / Citation,Medium,1,1,1,100%,-,1,0%,100%,0,0,11,0%,no,no,1,0%,1762032468,1785221211,100% branded or bare-URL anchors; reads as an unsolicited citation rather than a placed link.
olympusfitapp.com,https://www.performancelab.com/?ranEAID=PPkX79%2Fc%2Ab0&ranMID=50113&ranSiteID=PPkX79_c.b0-bjarSn8bOfqY8qS4Pqpaow,2018-robot-food-logo-packaging-design-performance-lab-supplements,KEEP_AFFILIATE_RETAIN,None - Topically Relevant Editorial / Affiliate Link,High,1,1,1,100%,-,1,0%,0%,0,0,30,0%,no,yes,1,0%,1762037707,1785661266,Niche-aligned source with a natural anchor distribution (0% branded/URL anchors).
franklamsheung.com,"https://www.performancelab.com/blogs/mind/l-tyrosine-benefits?srsltid=AfmBOopP2Hg5AjO2TsK9MkjFVIsydwGR_lyW0KL3OcEz4kEyUrKk9eyn#:~:text=Lab%C2%AE%20www,sized%20adult",performancelab.com,KEEP_AFFILIATE_RETAIN,None - Topically Relevant Editorial / Affiliate Link,High,1,1,1,100%,-,1,0%,100%,0,0,82,0%,no,yes,1,0%,1762168668,1770945661,Niche-aligned source with a natural anchor distribution (100% branded/URL anchors).
yourbestlifeguide.com,https://www.performancelab.com/,(empty/image),KEEP_AFFILIATE_RETAIN,None - Redirect / Tracking Host (Behavioural Match),High,1,1,1,100%,-,1,0%,0%,0,0,0,0%,no,yes,1,0%,1762211134,1786874699,"No outbound links of its own, 100% empty anchors, and 0% of destinations carry the programme's affiliate parameters. This is link tracking, whatever the domain is called."
klclick2.com,https://www.performancelab.com/pages/privacy-policy,(empty/image),KEEP_AFFILIATE_RETAIN,None - Email Service Provider Click Tracker,High,1,1,1,100%,-,1,0%,0%,0,0,0,0%,no,no,1,0%,1762226327,1786876414,klclick2.com is an ESP click-tracking host. The link is the brand's own campaign traffic; there is no third-party placement to evaluate.
patioandpizza.com,https://www.performancelab.com/blogs/fat-loss/foods-with-high-thermic-effect,increase fat burning with high thermic foods,KEEP_AFFILIATE_RETAIN,None - Topically Relevant Editorial / Affiliate Link,High,1,1,1,100%,-,1,0%,0%,0,0,6,0%,no,yes,1,0%,1762228786,1787302512,Niche-aligned source with a natural anchor distribution (0% branded/URL anchors).
mantried.com,https://www.performancelab.com/blogs/nutrition/taking-pre-workout-with-a-testosterone-booster,Performance Lab,KEEP_AFFILIATE_RETAIN,None - Topically Relevant Editorial / Affiliate Link,High,1,1,1,100%,-,1,0%,100%,0,0,12,0%,no,yes,1,0%,1762269497,1786811141,Niche-aligned source with a natural anchor distribution (100% branded/URL anchors).
exploratoryglory.com,https://www.performancelab.com/collections/energy,with the help of energy supplements,KEEP_AFFILIATE_RETAIN,None - Topically Relevant Editorial / Affiliate Link,High,1,1,1,100%,-,1,0%,0%,3,3,16,0%,no,yes,1,0%,1762380136,1787385028,Niche-aligned source with a natural anchor distribution (0% branded/URL anchors).
dandyelite.com,https://www.performancelab.com/blogs/nutrition/l-citrulline-on-an-empty-stomach,https://www.performancelab.com/blogs/nutrition/l-citrulline-on-an-empty-stomach,KEEP_AFFILIATE_RETAIN,None - Brand Mention / Citation,Medium,1,1,1,100%,-,1,0%,100%,0,0,15,0%,no,no,1,0%,1762540339,1777228610,100% branded or bare-URL anchors; reads as an unsolicited citation rather than a placed link.
nexareports.com,https://www.performancelab.com/,Performance Lab,KEEP_AFFILIATE_RETAIN,None - Brand Mention / Citation,Medium,1,1,1,100%,-,0,0%,100%,0,0,12,100%,no,no,1,0%,1762568351,1787054868,100% branded or bare-URL anchors; reads as an unsolicited citation rather than a placed link.
gymbeam.rs,https://www.performancelab.com/blogs/pre/are-creatine-and-caffeine-dangerous-together,https://www.performancelab.com/blogs/pre/are-creatine-and-caffeine-dangerous-together,KEEP_AFFILIATE_RETAIN,None - Topically Relevant Editorial / Affiliate Link,High,1,1,1,100%,-,1,0%,100%,1,1,59,0%,no,yes,1,0%,1762645505,1783221405,Niche-aligned source with a natural anchor distribution (100% branded/URL anchors).
workuphq.com,https://www.performancelab.com/blogs/vision/zeaxanthin-vs-astaxanthin?srsltid=AfmBOoplZ9Fp57cBvfe9NtolmAB0CZegDUsy3gQyDu-t902luQ1mzHsn,reducing eye inflammation and damage,KEEP_AFFILIATE_RETAIN,None - Topically Relevant Editorial / Affiliate Link,High,1,1,1,100%,-,1,0%,0%,0,0,10,0%,no,yes,1,0%,1763071788,1786624791,Niche-aligned source with a natural anchor distribution (0% branded/URL anchors).
dclabs.com,"https://www.performancelab.com/blogs/multi/boron-a-missing-link-to-bone-and-joint-health#:~:text=In%20post%2Dmenopausal%20women%20who,to%20those%20who%20didn't.&text=In%20both%20men%20and%20women,estradiol%20%2D%20a%20type%20of%20estrogen.&text=These%20sex%20hormones%20work%20synergistically,20%25%20in%20those%20falling%20short.&text=But%20does%20any%20of%20this,biggest%20increase%20in%20bone%20density.&text=Compared%20to%20non%2Dboron%20groups,other%20nutrients%20in%20the%20mix.",Studies,KEEP_AFFILIATE_RETAIN,None - Topically Relevant Editorial / Affiliate Link,High,1,1,1,100%,-,1,0%,0%,3,3,13,0%,no,yes,1,0%,1763076665,1786057196,Niche-aligned source with a natural anchor distribution (0% branded/URL anchors).
wazupnaija.com,https://www.performancelab.com/products/energy,Try Performance Lab now,KEEP_AFFILIATE_RETAIN,None - Topically Relevant Editorial / Affiliate Link,High,1,1,1,100%,-,0,0%,100%,0,0,69,100%,no,yes,1,0%,1763362016,1786139232,Niche-aligned source with a natural anchor distribution (100% branded/URL anchors).
symbiosfy.com,https://www.performancelab.com/blogs/prebiotic/inulin-vs-psyllium-which-is-better-for-gut-health,https://www.performancelab.com/blogs/prebiotic/inulin-vs-psyllium-which-is-better-for-gut-health,KEEP_AFFILIATE_RETAIN,None - Brand Mention / Citation,Medium,1,1,1,100%,-,1,0%,100%,0,0,23,0%,no,no,1,0%,1763473633,1772849721,100% branded or bare-URL anchors; reads as an unsolicited citation rather than a placed link.
neptunedirectory.com,https://www.performancelab.com/?a_aid=68990cbe508aa&a_bid=a2ad38c1,https://www.performancelab.com/?a_aid=68990cbe508aa&a_bid=a2ad38c1,KEEP_AFFILIATE_RETAIN,None - Tracked Affiliate Partner,High,1,1,1,100%,-,1,0%,100%,0,0,2,0%,no,yes,1,0%,1763652471,1780078586,"100% of destinations carry the programme's a_aid/a_bid parameters, so this is a tracked affiliate. Commercial anchors are expected of an affiliate and the brief protects the placement; no structural spam signature fired."
adderalladdictionsupport.com,https://www.performancelab.com/products/mind-lab-pro,Performance Lab Mind,KEEP_AFFILIATE_RETAIN,None - Brand Mention / Citation,Medium,1,1,1,100%,-,0,0%,100%,0,0,29,100%,no,no,1,0%,1763735393,1777924876,100% branded or bare-URL anchors; reads as an unsolicited citation rather than a placed link.
directoryhere.com,https://www.performancelab.com/?a_aid=68990cbe508aa&a_bid=a2ad38c1,https://www.performancelab.com/?a_aid=68990cbe508aa&a_bid=a2ad38c1,KEEP_AFFILIATE_RETAIN,None - Tracked Affiliate Partner,High,1,1,1,100%,-,1,0%,100%,0,0,2,0%,no,yes,1,0%,1763803197,1781588236,"100% of destinations carry the programme's a_aid/a_bid parameters, so this is a tracked affiliate. Commercial anchors are expected of an affiliate and the brief protects the placement; no structural spam signature fired."
davidsguide.com,https://www.performancelab.com/blogs/sleep/magnesium-and-melatonin-interaction,Magnesium and melatonin,KEEP_AFFILIATE_RETAIN,None - Topically Relevant Editorial / Affiliate Link,High,1,1,1,100%,-,1,0%,0%,2,2,9,0%,no,yes,1,0%,1764067197,1786913147,Niche-aligned source with a natural anchor distribution (0% branded/URL anchors).
trainingreferral.com,https://www.performancelab.com/,Performance Lab,KEEP_AFFILIATE_RETAIN,None - Brand Mention / Citation,Medium,1,1,1,100%,-,0,0%,100%,0,0,25,100%,no,no,1,0%,1764083190,1779980392,100% branded or bare-URL anchors; reads as an unsolicited citation rather than a placed link.
cool18.cc,https://www.performancelab.com/blogs/fitness/benefits-of-a-punching-bag-workout,performancelab.com,KEEP_AFFILIATE_RETAIN,None - Brand Mention / Citation,Medium,1,1,1,100%,-,1,0%,100%,0,0,34,0%,no,no,1,100%,1764090361,1775842278,100% branded or bare-URL anchors; reads as an unsolicited citation rather than a placed link.
beyondfitnessclub.com,https://www.performancelab.com/blogs/fitness/benefits-of-a-punching-bag-workout,Simon D. Kehoe’s 1872 patent,KEEP_AFFILIATE_RETAIN,None - Topically Relevant Editorial / Affiliate Link,High,1,1,1,100%,-,0,0%,0%,0,0,10,100%,no,yes,1,0%,1764497705,1786957093,Niche-aligned source with a natural anchor distribution (0% branded/URL anchors).
theidirectory.com,https://www.performancelab.com/?a_aid=68990cbe508aa&a_bid=a2ad38c1,https://www.performancelab.com/?a_aid=68990cbe508aa&a_bid=a2ad38c1,KEEP_AFFILIATE_RETAIN,None - Tracked Affiliate Partner,High,1,1,1,100%,-,1,0%,100%,0,0,2,0%,no,yes,1,0%,1764541250,1783227102,"100% of destinations carry the programme's a_aid/a_bid parameters, so this is a tracked affiliate. Commercial anchors are expected of an affiliate and the brief protects the placement; no structural spam signature fired."
gilaoasisnutrition.com,https://www.performancelab.com/blogs/energy/what-is-the-difference-between-bioperine-and-piperine,amplifies the absorption,KEEP_AFFILIATE_RETAIN,None - Topically Relevant Editorial / Affiliate Link,High,1,1,1,100%,-,1,0%,0%,0,0,4,0%,no,yes,1,0%,1764837518,1774500747,Niche-aligned source with a natural anchor distribution (0% branded/URL anchors).
fitorbit.com,https://www.performancelab.com/blogs/multi/best-multivitamin-for-men,Best Multivitamin for Men 2023,KEEP_AFFILIATE_RETAIN,None - Topically Relevant Editorial / Affiliate Link,High,1,1,1,100%,-,1,100%,0%,0,0,9,0%,no,yes,1,0%,1764997036,1780821296,Niche-aligned source with a natural anchor distribution (0% branded/URL anchors).
musclezeus.com,https://www.performancelab.com/blogs/fitness/should-you-take-bcaa-on-off-days?srsltid=AfmBOopPPeysWTtt-Xc6zlK-WJ5ZTi8I7ckOuPOrEZk7nk5PpwDAWEGg,Should you Take BCAA on Off Days?,KEEP_AFFILIATE_RETAIN,None - Topically Relevant Editorial / Affiliate Link,High,1,1,1,100%,-,1,0%,0%,0,0,6,0%,no,yes,1,0%,1765426699,1785234438,Niche-aligned source with a natural anchor distribution (0% branded/URL anchors).
badanfit.ir,https://www.performancelab.com/blogs/pre-workout/are-creatine-and-caffeine-dangerous-together,Performance Lab: Can You Take Creatine With Caffeine? (July 2025),KEEP_AFFILIATE_RETAIN,None - Topically Relevant Editorial / Affiliate Link,High,1,1,1,100%,-,0,0%,100%,0,0,19,100%,no,yes,1,0%,1765478760,1780167633,Niche-aligned source with a natural anchor distribution (100% branded/URL anchors).
elliematthew30.weebly.com,https://www.performancelab.com/products/energy,Performance Lab Energy®,KEEP_AFFILIATE_RETAIN,None - Topically Relevant Editorial / Affiliate Link,High,1,1,1,100%,-,0,0%,100%,0,0,49,100%,no,yes,1,0%,1765534074,1773812708,Niche-aligned source with a natural anchor distribution (100% branded/URL anchors).
superproteinshaker.com,https://www.performancelab.com/blogs/sleep/magnesium-bisglycinate-vs-glycinate?srsltid=AfmBOoovrAOxAJGAX6_ubwcIMoeipgmmX5xlaZz0WMSFIV6Ed1hJKI9h,Making the Right Choice: Magnesium Bisglycinate vs Magnesium Glycinate | Performance Lab,KEEP_AFFILIATE_RETAIN,None - Topically Relevant Editorial / Affiliate Link,High,1,1,1,100%,-,1,0%,100%,0,0,20,0%,no,yes,1,0%,1765584945,1780566056,Niche-aligned source with a natural anchor distribution (100% branded/URL anchors).
choicescout.net,https://www.performancelab.com/products/pre-lab-pro,Buy Pre Lab Pro Direct,KEEP_AFFILIATE_RETAIN,None - Topically Relevant Editorial / Affiliate Link,High,1,1,1,100%,-,1,0%,0%,0,0,5,0%,no,yes,1,0%,1765729874,1782655443,Niche-aligned source with a natural anchor distribution (0% branded/URL anchors).
greenteaburn.blogspot.com,https://www.performancelab.com/blogs/fat-loss/l-theanine-for-weight-loss,L-theanine,KEEP_AFFILIATE_RETAIN,None - Topically Relevant Editorial / Affiliate Link,High,1,1,1,100%,-,1,0%,0%,0,0,28,0%,no,yes,1,0%,1765873743,1778157293,Niche-aligned source with a natural anchor distribution (0% branded/URL anchors).
debra-thornton.pages.dev,http://www.performancelab.com/,www.performancelab.com (opens in a new tab),KEEP_AFFILIATE_RETAIN,None - Topically Relevant Editorial / Affiliate Link,High,1,1,1,100%,-,1,0%,100%,0,0,10,0%,no,yes,1,0%,1766018634,1779126299,Niche-aligned source with a natural anchor distribution (100% branded/URL anchors).
greennature.au,https://www.performancelab.com/blogs/nutrition/vitamin-c-with-d3,Performance Lab®,KEEP_AFFILIATE_RETAIN,None - Topically Relevant Editorial / Affiliate Link,High,1,1,1,100%,-,1,0%,100%,0,0,11,0%,no,yes,1,0%,1766049859,1780479058,Niche-aligned source with a natural anchor distribution (100% branded/URL anchors).
mayflower-akk.de,https://www.performancelab.com/blogs/omega-3/ace-your-brainpower-the-mind-boosting-benefits-of-dha,Walnüsse enthalten Omega-3-Fettsäuren,KEEP_AFFILIATE_RETAIN,None - Topically Relevant Editorial / Affiliate Link,High,1,1,1,100%,-,1,0%,0%,0,0,3,0%,no,yes,1,0%,1766186436,1774521969,Niche-aligned source with a natural anchor distribution (0% branded/URL anchors).
gingersnapflorals.com,https://www.performancelab.com/blogs/fitness/workout-plateau-causes-and-tips-to-avoid-it,preventing plateauing,KEEP_AFFILIATE_RETAIN,None - Topically Relevant Editorial / Affiliate Link,High,1,1,1,100%,-,1,0%,0%,0,0,1,0%,no,yes,1,0%,1766234788,1774782134,Niche-aligned source with a natural anchor distribution (0% branded/URL anchors).
angrylionfitness.com,https://www.performancelab.com/blogs/nutrition/taking-pre-workout-with-fat-burners,Performance Lab,KEEP_AFFILIATE_RETAIN,None - Topically Relevant Editorial / Affiliate Link,High,1,1,1,100%,-,1,0%,100%,0,0,17,0%,no,yes,1,0%,1766402962,1787205041,Niche-aligned source with a natural anchor distribution (100% branded/URL anchors).
julia.mx,https://www.performancelab.com/blogs/nutrition/vitamin-d-and-iron,Vitamin D and Iron: Safe to Take Together? | Performance Lab®,KEEP_AFFILIATE_RETAIN,None - Topically Relevant Editorial / Affiliate Link,High,1,1,1,100%,-,1,0%,100%,0,0,21,0%,no,yes,1,100%,1766455621,1779228645,Niche-aligned source with a natural anchor distribution (100% branded/URL anchors).
redditfavorites.com,https://www.performancelab.com/products/mind,https://www.performancelab.com/products/mind,KEEP_AFFILIATE_RETAIN,None - Topically Relevant Editorial / Affiliate Link,High,1,1,1,100%,-,0,0%,100%,0,0,5,100%,no,yes,1,0%,1766460595,1773094607,Niche-aligned source with a natural anchor distribution (100% branded/URL anchors).
domainfo.net,https://www.performancelab.com/,PerformanceLab,KEEP_AFFILIATE_RETAIN,None - Topically Relevant Editorial / Affiliate Link,High,1,1,1,100%,-,0,0%,100%,0,0,171,100%,no,yes,1,100%,1766819539,1783460835,Niche-aligned source with a natural anchor distribution (100% branded/URL anchors).
bodytypen.de,https://www.performancelab.com/blogs/nutrition/best-supplements-for-an-ectomorph,(empty/image),KEEP_AFFILIATE_RETAIN,None - Topically Relevant Editorial / Affiliate Link,High,1,1,1,100%,-,1,0%,0%,0,0,27,0%,no,yes,1,0%,1767148534,1782788427,Niche-aligned source with a natural anchor distribution (0% branded/URL anchors).
toyroomrome.it,https://www.performancelab.com/blogs/nutrition/brain-bites-why-carbs-are-your-brains-best-friend%5B4%5D,"al cervello, che consuma circa il 20% dell’energia totale del corpo",KEEP_AFFILIATE_RETAIN,None - Topically Relevant Editorial / Affiliate Link,High,1,1,1,100%,-,1,0%,0%,0,0,3,0%,no,yes,1,0%,1767751803,1772527590,Niche-aligned source with a natural anchor distribution (0% branded/URL anchors).
workoutwire.com.au,https://www.performancelab.com/blogs/fitness/the-role-of-recovery-in-sports-performance?srsltid=AfmBOoqW3GxuiLf-cjlsWqzBeuyu5qC0g1oEGfvf7cR_c8TkjqqyQEKA,informative post,KEEP_AFFILIATE_RETAIN,None - Topically Relevant Editorial / Affiliate Link,High,1,1,1,100%,-,1,0%,0%,0,0,8,0%,no,yes,1,0%,1767891394,1786237042,Niche-aligned source with a natural anchor distribution (0% branded/URL anchors).
anywherenurse.com,https://www.performancelab.com/products/mind-lab-pro,(empty/image),KEEP_AFFILIATE_RETAIN,None - Redirect / Tracking Host (Behavioural Match),High,1,1,1,100%,-,1,0%,0%,0,0,0,0%,no,yes,1,0%,1767909483,1787261855,"No outbound links of its own, 100% empty anchors, and 0% of destinations carry the programme's affiliate parameters. This is link tracking, whatever the domain is called."
thehealthdigest.news,https://performancelab.com/,Performance Lab MCT,KEEP_AFFILIATE_RETAIN,None - Topically Relevant Editorial / Affiliate Link,High,1,1,1,100%,-,0,0%,100%,0,0,20,100%,no,yes,1,0%,1767969683,1787355556,Niche-aligned source with a natural anchor distribution (100% branded/URL anchors).
vpanprint.com,https://www.performancelab.com/blogs/multi/what-vitamins-should-a-30-year-old-man-take,(empty/image),KEEP_AFFILIATE_RETAIN,None - Topically Relevant Editorial / Affiliate Link,High,1,1,1,100%,-,1,0%,0%,0,0,23,0%,no,yes,1,100%,1768062213,1776567357,Niche-aligned source with a natural anchor distribution (0% branded/URL anchors).
cloakist.site,https://www.performancelab.com/?a_aid=676000c964e7d,Performance Lab® Ultramodern Nutrition. Upgrade Yourself.,KEEP_AFFILIATE_RETAIN,None - Tracked Affiliate Partner,High,1,1,1,100%,-,1,0%,100%,0,0,4,0%,no,yes,1,0%,1768084439,1771855808,"100% of destinations carry the programme's a_aid/a_bid parameters, so this is a tracked affiliate. Commercial anchors are expected of an affiliate and the brief protects the placement; no structural spam signature fired."
marketdatapoint.com,https://www.performancelab.com/,Performance Lab,KEEP_AFFILIATE_RETAIN,None - Brand Mention / Citation,Medium,1,1,1,100%,-,0,0%,100%,0,0,12,100%,no,no,1,0%,1768134077,1786579894,100% branded or bare-URL anchors; reads as an unsolicited citation rather than a placed link.
enricodonner.com,https://www.performancelab.com/?a_aid=676000c964e7d,Performance Lab® Ultramodern Nutrition. Upgrade Yourself.,KEEP_AFFILIATE_RETAIN,None - Tracked Affiliate Partner,High,1,1,1,100%,-,1,0%,100%,0,0,4,0%,no,yes,1,0%,1768175458,1779498137,"100% of destinations carry the programme's a_aid/a_bid parameters, so this is a tracked affiliate. Commercial anchors are expected of an affiliate and the brief protects the placement; no structural spam signature fired."
keytolife.net.au,https://www.performancelab.com/blogs/nutrition/the-key-to-effective-nutrient-timing-for-athletes,Nutrient Timing for Athletes: When to Eat What | Performance Lab®,KEEP_AFFILIATE_RETAIN,None - Topically Relevant Editorial / Affiliate Link,High,1,1,1,100%,-,1,0%,100%,0,0,8,0%,no,yes,1,0%,1768247933,1787556046,Niche-aligned source with a natural anchor distribution (100% branded/URL anchors).
getholistichealth.com,https://www.performancelab.com/collections/core-range/products/whole-food-multi,multi-vitamins.,KEEP_AFFILIATE_RETAIN,None - Topically Relevant Editorial / Affiliate Link,High,1,1,1,100%,-,1,0%,0%,0,0,3,0%,no,yes,1,0%,1768263383,1787554379,Niche-aligned source with a natural anchor distribution (0% branded/URL anchors).
upgrd.com,https://www.performancelab.com/?a_aid=676000c964e7d,Performance Lab® Ultramodern Nutrition. Upgrade Yourself.,KEEP_AFFILIATE_RETAIN,None - Safe Affiliate Redirect / Tracking Gateway,High,1,1,1,100%,-,1,0%,100%,0,0,4,0%,no,yes,1,0%,1768302777,1771854628,"Affiliate or partner-network infrastructure; redirects and third-party hosting are expected, not a toxicity signal."
lockitz.com,https://www.performancelab.com/,7 Effective Strategies for Winter Wellness in 2026,KEEP_AFFILIATE_RETAIN,None - Topically Relevant Editorial / Affiliate Link,High,1,1,1,100%,-,1,0%,0%,0,0,1,0%,no,yes,1,0%,1768314136,1787106349,Niche-aligned source with a natural anchor distribution (0% branded/URL anchors).
militarywifejob.com,https://www.performancelab.com/products/mind-lab-pro,(empty/image),KEEP_AFFILIATE_RETAIN,None - Topically Relevant Editorial / Affiliate Link,High,1,1,1,100%,-,1,0%,0%,0,0,0,0%,no,yes,1,0%,1768328265,1773607274,Niche-aligned source with a natural anchor distribution (0% branded/URL anchors).
maryberryrecipes.co.uk,https://www.performancelab.com/blogs/news/immune-boosting-juices-top-8-juice-recipes-for-immunity,juicing recipes for gut health,KEEP_AFFILIATE_RETAIN,None - Topically Relevant Editorial / Affiliate Link,High,1,1,1,100%,-,1,0%,0%,1,1,4,0%,no,yes,1,0%,1768368541,1785924557,Niche-aligned source with a natural anchor distribution (0% branded/URL anchors).
parkinsonsexercise.com,https://www.performancelab.com/products/nutrigenesis-multi-men,(empty/image),KEEP_AFFILIATE_RETAIN,None - Redirect / Tracking Host (Behavioural Match),High,1,1,1,100%,-,1,0%,0%,0,0,0,0%,no,yes,1,0%,1768406919,1787132596,"No outbound links of its own, 100% empty anchors, and 0% of destinations carry the programme's affiliate parameters. This is link tracking, whatever the domain is called."
brainsupplementsresearch.com,https://www.performancelab.com/products/mind-lab-pro,(empty/image),KEEP_AFFILIATE_RETAIN,None - Topically Relevant Editorial / Affiliate Link,High,1,1,1,100%,-,1,0%,0%,0,0,0,0%,no,yes,1,0%,1768411539,1786007414,Niche-aligned source with a natural anchor distribution (0% branded/URL anchors).
cureenergise.com,https://www.performancelab.com/products/nutrigenesis-multi-men,Performance Lab NutriGenesis Multi for Men Performance Lab NutriGenesis Multi for Men,KEEP_AFFILIATE_RETAIN,None - Topically Relevant Editorial / Affiliate Link,High,1,1,1,100%,-,0,0%,100%,0,0,67,100%,no,yes,1,0%,1768425272,1786317078,Niche-aligned source with a natural anchor distribution (100% branded/URL anchors).
vively.co.uk,https://www.performancelab.com/blogs/multi/vitamin-d3-k2-for-weight-loss,research,KEEP_AFFILIATE_RETAIN,None - Topically Relevant Editorial / Affiliate Link,High,1,1,1,100%,-,1,0%,0%,2,2,23,0%,no,yes,1,0%,1768477191,1785967116,Niche-aligned source with a natural anchor distribution (0% branded/URL anchors).
ashleyknowsrealestate.com,https://www.performancelab.com/?a_aid=676000c964e7d,Performance Lab® Ultramodern Nutrition. Upgrade Yourself.,KEEP_AFFILIATE_RETAIN,None - Tracked Affiliate Partner,High,1,1,1,100%,-,1,0%,100%,0,0,4,0%,no,yes,1,0%,1768479020,1771854925,"100% of destinations carry the programme's a_aid/a_bid parameters, so this is a tracked affiliate. Commercial anchors are expected of an affiliate and the brief protects the placement; no structural spam signature fired."
ivanasetiawan.com,https://www.performancelab.com/blogs/multi/benefits-of-taking-magnesium-with-vitamin-b6,Performancelab,KEEP_AFFILIATE_RETAIN,None - Brand Mention / Citation,Medium,1,1,1,100%,-,1,0%,100%,0,0,21,0%,no,no,1,0%,1768563771,1786097578,100% branded or bare-URL anchors; reads as an unsolicited citation rather than a placed link.
reporteev.com,https://performancelab.com/,https://performancelab.com/,KEEP_AFFILIATE_RETAIN,None - Topically Relevant Editorial / Affiliate Link,High,1,1,1,100%,-,1,0%,100%,0,0,8,0%,no,yes,1,0%,1768578486,1786475518,Niche-aligned source with a natural anchor distribution (100% branded/URL anchors).
marje3ak.com,https://www.performancelab.com/blogs/vision/black-currant-benefits-uses-and-side-effects,2,KEEP_AFFILIATE_RETAIN,None - Topically Relevant Editorial / Affiliate Link,High,1,1,1,100%,-,1,0%,0%,0,0,8,0%,no,yes,1,0%,1768588568,1775591375,Niche-aligned source with a natural anchor distribution (0% branded/URL anchors).
lifehackerguy.com,https://global.performancelab.com/products/mind-lab-pro,(empty/image),KEEP_AFFILIATE_RETAIN,None - Redirect / Tracking Host (Behavioural Match),High,1,1,1,100%,-,1,0%,0%,0,0,0,0%,no,yes,1,0%,1768597953,1786268396,"No outbound links of its own, 100% empty anchors, and 0% of destinations carry the programme's affiliate parameters. This is link tracking, whatever the domain is called."
nextlevelsn.com,https://www.performancelab.com/blogs/nutrition/the-key-to-effective-nutrient-timing-for-athletes,PerformanceLab,KEEP_AFFILIATE_RETAIN,None - Topically Relevant Editorial / Affiliate Link,High,1,1,1,100%,-,1,0%,100%,0,0,5,0%,no,yes,1,0%,1768686899,1787451265,Niche-aligned source with a natural anchor distribution (100% branded/URL anchors).
watchcosmosis.com,https://www.performancelab.com/?a_aid=678c143a093da&a_bid=a2ad38c1,Performance Lab® Ultramodern Nutrition. Upgrade Yourself.,KEEP_AFFILIATE_RETAIN,None - Tracked Affiliate Partner,High,1,1,1,100%,-,1,0%,100%,0,0,8,0%,no,yes,1,0%,1768692276,1771855993,"100% of destinations carry the programme's a_aid/a_bid parameters, so this is a tracked affiliate. Commercial anchors are expected of an affiliate and the brief protects the placement; no structural spam signature fired."
thebraggingmommy.com,https://www.performancelab.com/collections/nutrigenesis,browse vitamins for women,KEEP_AFFILIATE_RETAIN,None - Topically Relevant Editorial / Affiliate Link,High,1,1,1,100%,-,1,0%,0%,3,3,17,0%,no,yes,1,0%,1768703109,1783921021,Niche-aligned source with a natural anchor distribution (0% branded/URL anchors).
womendailymagazine.com,https://www.performancelab.com/collections/core-range/products/whole-food-multi,Performance Lab Whole-Food Multi for Women,KEEP_AFFILIATE_RETAIN,None - Topically Relevant Editorial / Affiliate Link,High,1,1,1,100%,-,1,0%,100%,1,1,12,0%,no,yes,1,0%,1768746588,1786325268,Niche-aligned source with a natural anchor distribution (100% branded/URL anchors).
mindbrainbodylab.com,https://www.performancelab.com/products/sleep/?a_aid=646e3adff3ff0&a_bid=a2ad38c1,Performance Lab Sleep,KEEP_AFFILIATE_RETAIN,None - Tracked Affiliate Partner,High,1,1,1,100%,-,1,0%,100%,0,0,10,0%,no,yes,1,0%,1768777244,1786664151,"100% of destinations carry the programme's a_aid/a_bid parameters, so this is a tracked affiliate. Commercial anchors are expected of an affiliate and the brief protects the placement; no structural spam signature fired."
totallynotvegan.com,https://www.performancelab.com/blogs/multi/taking-b12-and-magnesium-together,Learn more at PerformanceLab.com about Magnesium and Vitamin B12 absorption.,KEEP_AFFILIATE_RETAIN,None - Topically Relevant Editorial / Affiliate Link,High,1,1,1,100%,-,0,0%,100%,0,0,4,100%,no,yes,1,0%,1768798676,1774048960,Niche-aligned source with a natural anchor distribution (100% branded/URL anchors).
betternutritionnews.com,https://www.performancelab.com/products/prebiotic,Performance Lab Prebiotics,KEEP_AFFILIATE_RETAIN,None - Topically Relevant Editorial / Affiliate Link,High,1,1,1,100%,-,0,0%,100%,0,0,26,100%,no,yes,1,0%,1768876012,1786380139,Niche-aligned source with a natural anchor distribution (100% branded/URL anchors).
pharmily.co.ke,http://www.performancelab.com/blogs/multi/vitamin-c-and-omega-3-together,vitamin C,KEEP_AFFILIATE_RETAIN,None - Topically Relevant Editorial / Affiliate Link,High,1,1,1,100%,-,1,0%,0%,0,0,24,0%,no,yes,1,0%,1768886952,1786531606,Niche-aligned source with a natural anchor distribution (0% branded/URL anchors).
thefoodhealth.com,https://www.performancelab.com/blogs/prebiotic/inulin-vs-psyllium-which-is-better-for-gut-health,Performance Lab,KEEP_AFFILIATE_RETAIN,None - Topically Relevant Editorial / Affiliate Link,High,1,1,1,100%,-,1,0%,100%,0,0,4,0%,no,yes,1,0%,1769007223,1779872592,Niche-aligned source with a natural anchor distribution (100% branded/URL anchors).
eternellehealth.com,https://www.performancelab.com/blogs/caffeine-2/vitamin-c-and-caffeine,Performance Lab,KEEP_AFFILIATE_RETAIN,None - Topically Relevant Editorial / Affiliate Link,High,1,1,1,100%,-,1,0%,100%,0,0,9,0%,no,yes,1,0%,1769120959,1776737775,Niche-aligned source with a natural anchor distribution (100% branded/URL anchors).
seniortriathletes.com,https://www.performancelab.com/blogs/omega-3/foods-high-in-omega-3,Foods High in Omega 3 (that are not fish),KEEP_AFFILIATE_RETAIN,None - Topically Relevant Editorial / Affiliate Link,High,1,1,1,100%,-,1,0%,0%,0,0,4,0%,no,yes,1,0%,1769126354,1784619928,Niche-aligned source with a natural anchor distribution (0% branded/URL anchors).
mxpoe.ai,https://www.performancelab.com/blogs/immune/does-having-flu-make-you-gain-weight,Does Having Flu Make You Gain Weight? - Performance Lab®,KEEP_AFFILIATE_RETAIN,None - Brand Mention / Citation,Medium,1,1,1,100%,-,1,0%,100%,0,0,3,0%,no,no,1,0%,1769209127,1783191308,100% branded or bare-URL anchors; reads as an unsolicited citation rather than a placed link.
kimawellness.com,https://global.performancelab.com/,Performance Lab’s official website,KEEP_AFFILIATE_RETAIN,None - Topically Relevant Editorial / Affiliate Link,High,1,1,1,100%,-,0,0%,100%,0,0,1,100%,no,yes,1,0%,1769246104,1786229885,Niche-aligned source with a natural anchor distribution (100% branded/URL anchors).
general-health-spectrum.com,https://uk.performancelab.com/products/d3k2,Performance Lab (from £19),KEEP_AFFILIATE_RETAIN,None - Topically Relevant Editorial / Affiliate Link,High,1,1,1,100%,-,1,0%,100%,0,0,54,0%,no,yes,1,0%,1769253022,1786768079,Niche-aligned source with a natural anchor distribution (100% branded/URL anchors).
businesnewswire.com,http://www.performancelab.com/blogs/nutrition/best-pre-workout-for-women,this resource on effective pre-workouts made for women,KEEP_AFFILIATE_RETAIN,None - Topically Relevant Editorial / Affiliate Link,High,1,1,1,100%,-,1,0%,0%,0,0,4,0%,no,yes,1,0%,1769327659,1786513283,Niche-aligned source with a natural anchor distribution (0% branded/URL anchors).
bestaifitnessapp.com,https://www.performancelab.com/blogs/fitness/dumbbell-rear-delt-fly,The rear delt fly,KEEP_AFFILIATE_RETAIN,None - Topically Relevant Editorial / Affiliate Link,High,1,1,1,100%,-,1,0%,0%,1,1,23,0%,no,yes,1,0%,1769357695,1787289029,Niche-aligned source with a natural anchor distribution (0% branded/URL anchors).
todo-mail.com,https://www.performancelab.com/blogs/nutrition/carbs-vs-sugar?srsltid=AfmBOorRmhOlqC81SWE8Rv42tsBtUkw6YbZZyxy-KZT_3uYn83737Z09,Performance Lab,KEEP_AFFILIATE_RETAIN,None - Brand Mention / Citation,Medium,1,1,1,100%,-,1,0%,100%,3,3,9,0%,no,no,1,0%,1769428641,1787480029,100% branded or bare-URL anchors; reads as an unsolicited citation rather than a placed link.
bowlofgoodness.co.uk,https://uk.performancelab.com/products/d3k2?variant=41211294154803,uk.performancelab.com/products/d3k2?variant=41211294154803,KEEP_AFFILIATE_RETAIN,None - Brand Mention / Citation,Medium,1,1,1,100%,-,1,0%,100%,0,0,1,0%,no,no,1,0%,1769462470,1785892279,100% branded or bare-URL anchors; reads as an unsolicited citation rather than a placed link.
dowjones.io,https://www.performancelab.com/collections/nutropic,nutropic.com,KEEP_AFFILIATE_RETAIN,None - Topically Relevant Editorial / Affiliate Link,High,1,1,1,100%,-,1,0%,0%,0,0,24,0%,no,yes,1,0%,1769486720,1777662203,Niche-aligned source with a natural anchor distribution (0% branded/URL anchors).
justbecauseyolo.com,https://www.performancelab.com/blogs/caffeine-2/the-caffeine-trap?srsltid=AfmBOoq88TPNCYqcRjxlp45EbTXr8BBvMv92_w1Gkiz1UWTvLU6PhpWh,Jitter Paradox,KEEP_AFFILIATE_RETAIN,None - Topically Relevant Editorial / Affiliate Link,High,1,1,1,100%,-,1,0%,0%,0,0,4,0%,no,yes,1,0%,1769512707,1787027294,Niche-aligned source with a natural anchor distribution (0% branded/URL anchors).
cindieychristabella.pages.dev,https://www.performancelab.com/,www.performancelab.com,KEEP_AFFILIATE_RETAIN,None - Topically Relevant Editorial / Affiliate Link,High,1,1,1,100%,-,1,0%,100%,0,0,12,0%,no,yes,1,0%,1769551631,1781639512,Niche-aligned source with a natural anchor distribution (100% branded/URL anchors).
restoregutbalance.com,https://www.performancelab.com/products/prebiotic,Try Performance Lab Prebiotic,KEEP_AFFILIATE_RETAIN,None - Topically Relevant Editorial / Affiliate Link,High,1,1,1,100%,-,0,0%,100%,0,0,19,100%,no,yes,1,0%,1769556730,1772253218,Niche-aligned source with a natural anchor distribution (100% branded/URL anchors).
bungeefitnessnearme.com,https://www.performancelab.com/,Performance Lab,KEEP_AFFILIATE_RETAIN,None - Topically Relevant Editorial / Affiliate Link,High,1,1,1,100%,-,1,0%,100%,4,4,6,0%,no,yes,1,0%,1769596334,1787147666,Niche-aligned source with a natural anchor distribution (100% branded/URL anchors).
brainybay.com,https://www.performancelab.com/blogs/pre-workout/best-pre-workout-for-intermittent-fasting?srsltid=AfmBOooNJ1SPivDWouu5jnL-QlkwcP5gnCqSVPbQsr1udbKP2_VbCdwr,pre-workout supplement,KEEP_AFFILIATE_RETAIN,None - Topically Relevant Editorial / Affiliate Link,High,1,1,1,100%,-,1,0%,0%,0,0,1,0%,no,yes,1,0%,1769638365,1787546651,Niche-aligned source with a natural anchor distribution (0% branded/URL anchors).
rointansupplement.ir,https://www.performancelab.com/blogs/nutrition/best-supplement-for-pump-and-vascularity?citationMarker=43dcd9a7-70db-4a1f-b0ae-981daa162054,43dcd9a7-70db-4a1f-b0ae-981daa162054,KEEP_AFFILIATE_RETAIN,None - Topically Relevant Editorial / Affiliate Link,High,1,1,1,100%,-,1,0%,0%,0,0,32,0%,no,yes,1,0%,1769699422,1784392573,Niche-aligned source with a natural anchor distribution (0% branded/URL anchors).
steven-kuhn.com,https://global.performancelab.com/pages/associates,Performance Lab Affiliate Program,KEEP_AFFILIATE_RETAIN,None - Brand Mention / Citation,Medium,1,1,1,100%,-,1,0%,100%,0,0,19,0%,no,no,1,0%,1769719373,1787612290,100% branded or bare-URL anchors; reads as an unsolicited citation rather than a placed link.
wellstarthealth.com,https://www.performancelab.com/products/nutrigenesis-multi-men,(empty/image),KEEP_AFFILIATE_RETAIN,None - Redirect / Tracking Host (Behavioural Match),High,1,1,1,100%,-,1,0%,0%,0,0,0,0%,no,yes,1,0%,1769725474,1786065904,"No outbound links of its own, 100% empty anchors, and 0% of destinations carry the programme's affiliate parameters. This is link tracking, whatever the domain is called."
hakkernieuws.vercel.app,https://www.performancelab.com/blogs/nutrition/carbohydrate-insulin-hypothesis-why-its-wrong,https://www.performancelab.com/blogs/nutrition/carbohydrate-...,KEEP_AFFILIATE_RETAIN,None - Brand Mention / Citation,Medium,1,1,1,100%,-,0,0%,100%,0,0,4,100%,no,no,1,0%,1769778677,1787336047,100% branded or bare-URL anchors; reads as an unsolicited citation rather than a placed link.
farmana.co,https://www.performancelab.com/blogs/nutrition/pre-workout-ingredients-to-avoid,7 Pre-Workout Ingredients to Avoid,KEEP_AFFILIATE_RETAIN,None - Topically Relevant Editorial / Affiliate Link,High,1,1,1,100%,-,1,0%,0%,1,1,22,0%,no,yes,1,0%,1769784091,1787032255,Niche-aligned source with a natural anchor distribution (0% branded/URL anchors).
sawd.org,https://www.performancelab.com/products/mind,www.performancelab.com,KEEP_AFFILIATE_RETAIN,None - Topically Relevant Editorial / Affiliate Link,High,1,1,1,100%,-,1,0%,100%,0,0,5,0%,no,yes,1,0%,1769932715,1773444306,Niche-aligned source with a natural anchor distribution (100% branded/URL anchors).
sportsmedicineweekly.com,https://www.performancelab.com/blogs/multi/best-multivitamin-for-men,Multivitamin options for men,KEEP_AFFILIATE_RETAIN,None - Topically Relevant Editorial / Affiliate Link,High,1,1,1,100%,-,1,0%,0%,3,3,22,0%,no,yes,1,0%,1769937914,1784383649,Niche-aligned source with a natural anchor distribution (0% branded/URL anchors).
phalanx-supplements.com,https://www.performancelab.com/blogs/omega-3/how-much-omega-3-per-day-for-bodybuilding,https://www.performancelab.com/blogs/omega-3/how-much-omega-3-per-day-for-bodybuilding,KEEP_AFFILIATE_RETAIN,None - Topically Relevant Editorial / Affiliate Link,High,1,1,1,100%,-,1,0%,100%,0,0,22,0%,no,yes,1,0%,1769975657,1769975657,Niche-aligned source with a natural anchor distribution (100% branded/URL anchors).
labieredalsace.fr,https://www.performancelab.com/blogs/nutrition/beef-protein-vs-whey,Beef Protein Vs Whey: Which is Better? - Performance Lab,KEEP_AFFILIATE_RETAIN,None - Topically Relevant Editorial / Affiliate Link,High,1,1,1,100%,-,1,0%,100%,0,0,8,0%,no,yes,1,0%,1770001867,1787079967,Niche-aligned source with a natural anchor distribution (100% branded/URL anchors).
reviewmx.com,https://www.performancelab.com/blogs/joint-support/boswellia-and-turmeric,https://www.performancelab.com/blogs/joint-support/boswellia-and-turmeric,KEEP_AFFILIATE_RETAIN,None - Topically Relevant Editorial / Affiliate Link,High,1,1,1,100%,-,0,0%,100%,0,0,20,100%,no,yes,1,0%,1770025536,1784003545,Niche-aligned source with a natural anchor distribution (100% branded/URL anchors).
homeandfitnessnews.com,https://www.performancelab.com/,Performance Lab,KEEP_AFFILIATE_RETAIN,None - Topically Relevant Editorial / Affiliate Link,High,1,1,1,100%,-,1,0%,100%,0,0,5,0%,no,yes,1,0%,1770040416,1786510790,Niche-aligned source with a natural anchor distribution (100% branded/URL anchors).
bestdarnvegan.com,https://global.performancelab.com/products/nutrigenesis-multi-men,Performance Lab NutriGenesis Multivitamin,KEEP_AFFILIATE_RETAIN,None - Topically Relevant Editorial / Affiliate Link,High,1,1,1,100%,-,1,0%,100%,0,0,14,0%,no,yes,1,0%,1770048078,1770048078,Niche-aligned source with a natural anchor distribution (100% branded/URL anchors).
sitebook.org,https://www.performancelab.com/,performancelabs.com/,KEEP_AFFILIATE_RETAIN,None - Topically Relevant Editorial / Affiliate Link,High,1,1,1,100%,-,0,0%,100%,0,0,1,100%,no,yes,1,0%,1770084191,1770084191,Niche-aligned source with a natural anchor distribution (100% branded/URL anchors).
refinenutrition.org,https://www.performancelab.com/blogs/vision/best-lutein-supplement?srsltid=AfmBOopXbDAqRhzD-X2_wpOtzTl1DT-MipKdkcH75SOGNkhGgR4YyU-0,Performance Lab,KEEP_AFFILIATE_RETAIN,None - Topically Relevant Editorial / Affiliate Link,High,1,1,1,100%,-,0,0%,100%,0,0,2,100%,no,yes,1,0%,1770129006,1784787851,Niche-aligned source with a natural anchor distribution (100% branded/URL anchors).
linzybmaudie.pages.dev,https://www.performancelab.com/,www.performancelab.com,KEEP_AFFILIATE_RETAIN,None - Brand Mention / Citation,Medium,1,1,1,100%,-,1,0%,100%,0,0,9,0%,no,no,1,0%,1770156635,1778920360,100% branded or bare-URL anchors; reads as an unsolicited citation rather than a placed link.
iris.coach,https://mis.performancelab.com/assets/images/ieh0de/index.php?topic6158,plmfsb,KEEP_AFFILIATE_RETAIN,None - Topically Relevant Editorial / Affiliate Link,High,1,1,1,100%,-,1,0%,0%,0,0,10,0%,no,yes,1,0%,1770197124,1770197124,Niche-aligned source with a natural anchor distribution (0% branded/URL anchors).
fitnessreport.ca,https://www.performancelab.com/blogs/nutrition/how-long-does-it-take-for-creatine-to-kick-in,https://www.performancelab.com/blogs/nutrition/how-long-does-it-take-for-creatine-to-kick-in,KEEP_AFFILIATE_RETAIN,None - Topically Relevant Editorial / Affiliate Link,High,1,1,1,100%,-,1,0%,100%,0,0,32,0%,no,yes,1,0%,1770209575,1785993628,Niche-aligned source with a natural anchor distribution (100% branded/URL anchors).
influencedigest.com,https://www.performancelab.com/blogs/joint-support/best-joint-supplements,top joint supplements,KEEP_AFFILIATE_RETAIN,None - Topically Relevant Editorial / Affiliate Link,High,1,1,1,100%,-,1,100%,0%,2,2,6,0%,no,yes,1,0%,1770242972,1785995314,Niche-aligned source with a natural anchor distribution (0% branded/URL anchors).
innive.com,http://global.performancelab.com/,performancelab.com,KEEP_AFFILIATE_RETAIN,None - Brand Mention / Citation,Medium,1,1,1,100%,-,0,0%,100%,1,1,10,100%,no,no,1,0%,1770246792,1784088328,100% branded or bare-URL anchors; reads as an unsolicited citation rather than a placed link.
feelhealthytoday.com,https://www.performancelab.com/blogs/prebiotic/health-trends-forget-the-fads-focus-on-gut-health,https://www.performancelab.com/blogs/prebiotic/health-trends-forget-the-fads-focus-on-gut-health,KEEP_AFFILIATE_RETAIN,None - Topically Relevant Editorial / Affiliate Link,High,1,1,1,100%,-,0,0%,100%,0,0,22,100%,no,yes,1,0%,1770297429,1786144327,Niche-aligned source with a natural anchor distribution (100% branded/URL anchors).
remedyspot.com,https://www.performancelab.com/,http://www.performancelabs.com/Products/Vitalert_Page/compare2.html,KEEP_AFFILIATE_RETAIN,None - Topically Relevant Editorial / Affiliate Link,High,1,1,1,100%,-,0,0%,100%,0,0,59,100%,no,yes,1,0%,1770314606,1783366743,Niche-aligned source with a natural anchor distribution (100% branded/URL anchors).
greennature.com.au,https://www.performancelab.com/blogs/nutrition/vitamin-c-with-d3,Performance Lab®,KEEP_AFFILIATE_RETAIN,None - Topically Relevant Editorial / Affiliate Link,High,1,1,1,100%,-,1,0%,100%,0,0,8,0%,no,yes,1,0%,1770325253,1772723458,Niche-aligned source with a natural anchor distribution (100% branded/URL anchors).
tailoredhealth.ai,https://www.performancelab.com/blogs/omega-3/omega-3-and-melatonin,Performance Lab,KEEP_AFFILIATE_RETAIN,None - Topically Relevant Editorial / Affiliate Link,High,1,1,1,100%,-,1,0%,100%,0,0,16,0%,no,yes,1,0%,1770334788,1786166669,Niche-aligned source with a natural anchor distribution (100% branded/URL anchors).
sara-desrosiers.pages.dev,http://www.performancelab.com/,www.performancelab.com (opens in a new tab),KEEP_AFFILIATE_RETAIN,None - Brand Mention / Citation,Medium,1,1,1,100%,-,1,0%,100%,0,0,7,0%,no,no,1,0%,1770375015,1778102822,100% branded or bare-URL anchors; reads as an unsolicited citation rather than a placed link.
joachimstraining.com,https://www.performancelab.com/blogs/caffeine-2/caffeine-before-workout,Guide to Caffeine for Performance.,KEEP_AFFILIATE_RETAIN,None - Topically Relevant Editorial / Affiliate Link,High,1,1,1,100%,-,1,0%,0%,1,1,32,0%,no,yes,1,0%,1770436641,1786408305,Niche-aligned source with a natural anchor distribution (0% branded/URL anchors).
qeeebo.com,https://www.performancelab.com/blogs/fitness/the-dangers-of-overtraining,https://www.performancelab.com/blogs/fitness/the-dangers-of-overtraining,KEEP_AFFILIATE_RETAIN,None - Brand Mention / Citation,Medium,1,1,1,100%,-,0,0%,100%,0,0,11,100%,no,no,1,0%,1770515293,1781738574,100% branded or bare-URL anchors; reads as an unsolicited citation rather than a placed link.
consumerhealthline.com,https://www.performancelab.com/blogs/calcium/calcium-supplements-for-teeth-do-they-really-help,Micro-Encapsulated Calcium (MEC),KEEP_AFFILIATE_RETAIN,None - Topically Relevant Editorial / Affiliate Link,High,1,1,1,100%,-,1,0%,0%,0,0,9,0%,no,yes,1,0%,1770600852,1783079075,Niche-aligned source with a natural anchor distribution (0% branded/URL anchors).
onlyhealthgains.com,https://www.performancelab.com/blogs/nutrition/when-to-take-creatine-and-protein-the-correct-whey?srsltid=AfmBOoqG7k4hf6zMsvHFZlHNcyEPUsIXmikstWFbVAVOQ1OqbVAOid47,supplementing creatine before exercise,KEEP_AFFILIATE_RETAIN,None - Topically Relevant Editorial / Affiliate Link,High,1,1,1,100%,-,1,0%,0%,0,0,3,0%,no,yes,1,0%,1770729046,1777838042,Niche-aligned source with a natural anchor distribution (0% branded/URL anchors).
thingsiknownothingabout.com,https://www.performancelab.com/blogs/sleep/the-impact-of-sleep-on-athletic-performance,https://www.performancelab.com/blogs/sleep/the-impact-of-sleep-on-athletic-performance,KEEP_AFFILIATE_RETAIN,None - Topically Relevant Editorial / Affiliate Link,High,1,1,1,100%,-,1,0%,100%,0,0,41,0%,no,yes,1,0%,1770729763,1787616111,Niche-aligned source with a natural anchor distribution (100% branded/URL anchors).
qrius.com,http://www.performancelab.com/,Performance Lab,KEEP_AFFILIATE_RETAIN,None - Topically Relevant Editorial / Affiliate Link,High,1,1,1,100%,-,1,0%,100%,3,3,4,0%,no,yes,1,0%,1770742038,1787290544,Niche-aligned source with a natural anchor distribution (100% branded/URL anchors).
3dactive.com,https://www.performancelab.com/blogs/fitness/alternating-between-running-and-walking,alternate between brisk walking and jogging,KEEP_AFFILIATE_RETAIN,None - Topically Relevant Editorial / Affiliate Link,High,1,1,1,100%,-,1,0%,0%,0,0,16,0%,no,yes,1,0%,1770756576,1770756576,Niche-aligned source with a natural anchor distribution (0% branded/URL anchors).
healthlinejournal.com,https://www.performancelab.com/products/omega-3?srsltid=AfmBOooNWScnQuSITPnLM-Ic3xXjJJHgz5eoAuyygZoi2jxUEA-4LREz,Performance Lab Omega-3,KEEP_AFFILIATE_RETAIN,None - Topically Relevant Editorial / Affiliate Link,High,1,1,1,100%,-,0,0%,100%,0,0,11,100%,no,yes,1,0%,1770824717,1786599017,Niche-aligned source with a natural anchor distribution (100% branded/URL anchors).
nfo.co.in,https://www.performancelab.com/blogs/omega-3/is-epa-the-new-collagen?srsltid=AfmBOor5nwjip9g0o5C086Qf9BR4T2yrfgPTJNBukTyDmas_A8MHx_Ld#:~:text=Key%20Takeaways,performancelab.com,KEEP_AFFILIATE_RETAIN,None - Topically Relevant Editorial / Affiliate Link,High,1,1,1,100%,-,1,0%,100%,0,0,16,0%,no,yes,1,0%,1770840440,1774776526,Niche-aligned source with a natural anchor distribution (100% branded/URL anchors).
dbem.org,https://uk.performancelab.com/products/mind,Check Performance Lab Mind Deals,KEEP_AFFILIATE_RETAIN,None - Topically Relevant Editorial / Affiliate Link,High,1,1,1,100%,-,0,0%,100%,3,3,11,100%,no,yes,1,0%,1770859504,1786644887,Niche-aligned source with a natural anchor distribution (100% branded/URL anchors).
saglikanahtari.com,https://www.performancelab.com/blogs/fitness/full-body-workout-benefits?srsltid=AfmBOoqAzSkeqONVtqA151l5xneRpOfUXCu5-CT3SNYBCN2jXdUhVQAE,Performance Lab®,KEEP_AFFILIATE_RETAIN,None - Brand Mention / Citation,Medium,1,1,1,100%,-,1,0%,100%,0,0,5,0%,no,no,1,0%,1770875714,1778794454,100% branded or bare-URL anchors; reads as an unsolicited citation rather than a placed link.
armyprt.com,https://www.performancelab.com/blogs/multi/best-multivitamin-for-men,top multivitamins for men,KEEP_AFFILIATE_RETAIN,None - Topically Relevant Editorial / Affiliate Link,High,1,1,1,100%,-,1,100%,0%,4,4,4,0%,no,yes,1,0%,1770888278,1777899001,Niche-aligned source with a natural anchor distribution (0% branded/URL anchors).
maxhealthliving.org,https://www.performancelab.com/blogs/protein/best-vegan-protein-powder,Performance Lab Sport Maintain,KEEP_AFFILIATE_RETAIN,None - Topically Relevant Editorial / Affiliate Link,High,1,1,1,100%,-,0,0%,100%,0,0,9,100%,no,yes,1,0%,1770915998,1786721463,Niche-aligned source with a natural anchor distribution (100% branded/URL anchors).
lutrition.co.uk,https://www.performancelab.com/blogs/fat-loss/foods-with-high-thermic-effect?srsltid=AfmBOopw58PAEQIYGfM8OSrVdu92NazKK3GvBilB1Tz9BIhz_5WgA0mI,Foods with High Thermic Effect: Top 10 That Boost Your Metabolism | Performance Lab®,KEEP_AFFILIATE_RETAIN,None - Topically Relevant Editorial / Affiliate Link,High,1,1,1,100%,-,1,0%,100%,0,0,11,0%,no,yes,1,0%,1771041966,1775140981,Niche-aligned source with a natural anchor distribution (100% branded/URL anchors).
restandriseenergy.com,https://www.performancelab.com/blogs/nutrition/does-magnesium-cause-frequent-urination,https://www.performancelab.com/blogs/nutrition/does-magnesium-cause-frequent-urination,KEEP_AFFILIATE_RETAIN,None - Topically Relevant Editorial / Affiliate Link,High,1,1,1,100%,-,1,0%,100%,0,0,30,0%,no,yes,1,0%,1771128823,1783977604,Niche-aligned source with a natural anchor distribution (100% branded/URL anchors).
explainerd.com,https://www.performancelab.com/,Performance Lab,KEEP_AFFILIATE_RETAIN,None - Brand Mention / Citation,Medium,1,1,1,100%,-,1,0%,100%,1,1,15,0%,no,no,1,0%,1771206336,1787452320,100% branded or bare-URL anchors; reads as an unsolicited citation rather than a placed link.
find-your-support.com,https://www.performancelab.com/products/stim,Stim – Performance Lab®,KEEP_AFFILIATE_RETAIN,None - Brand Mention / Citation,Medium,1,1,1,100%,-,0,0%,100%,0,0,25,100%,no,no,1,0%,1771209774,1781448417,100% branded or bare-URL anchors; reads as an unsolicited citation rather than a placed link.
gutstaudham.de,https://www.performancelab.com/blogs/sleep/is-l-tryptophan-safe,Tryptophan fungiert als Vorstufe für Serotonin,KEEP_AFFILIATE_RETAIN,None - Topically Relevant Editorial / Affiliate Link,High,1,1,1,100%,-,1,0%,0%,0,0,3,0%,no,yes,1,0%,1771218621,1774803679,Niche-aligned source with a natural anchor distribution (0% branded/URL anchors).
healthydiettips1.blogspot.com,https://www.performancelab.com/collections/sport-range/products/post,View Latest Price →,KEEP_AFFILIATE_RETAIN,None - Topically Relevant Editorial / Affiliate Link,High,1,1,1,100%,-,0,0%,0%,0,0,27,100%,no,yes,1,0%,1771226788,1771226788,Niche-aligned source with a natural anchor distribution (0% branded/URL anchors).
pornaddictiontest.com,https://www.performancelab.com/products/mind,Buy Here,KEEP_AFFILIATE_RETAIN,None - Topically Relevant Editorial / Affiliate Link,High,1,1,1,100%,-,1,0%,0%,0,0,8,0%,no,yes,1,0%,1771263731,1787097666,Niche-aligned source with a natural anchor distribution (0% branded/URL anchors).
auburn-reporter.com,https://www.performancelab.com/products/vision,Performance Lab Vision,KEEP_AFFILIATE_RETAIN,None - Topically Relevant Editorial / Affiliate Link,High,1,1,1,100%,-,1,0%,100%,0,0,38,0%,no,yes,1,0%,1771383989,1771383989,Niche-aligned source with a natural anchor distribution (100% branded/URL anchors).
infinitelabs.com,https://global.performancelab.com/products/immune?a_aid=6359a0d3b1833&a_bid=a2ad38c1,Performance Lab PL-Immune™,KEEP_AFFILIATE_RETAIN,None - Tracked Affiliate Partner,High,1,1,1,100%,-,1,0%,100%,0,0,15,0%,no,yes,1,0%,1771394889,1771394889,"100% of destinations carry the programme's a_aid/a_bid parameters, so this is a tracked affiliate. Commercial anchors are expected of an affiliate and the brief protects the placement; no structural spam signature fired."
bvf.edu.pe,https://www.performancelab.com/cdn/shop/articles/DumbbellRearDeltFly_1.jpg?v=1716371615,"Dumbbell Rear Delt Fly Form, Benefits, and Alternatives Performance Lab®",KEEP_AFFILIATE_RETAIN,None - Brand Mention / Citation,Medium,1,1,1,100%,-,1,0%,100%,0,0,11,0%,no,no,1,0%,1771420361,1771420361,100% branded or bare-URL anchors; reads as an unsolicited citation rather than a placed link.
evertise.net,https://www.performancelab.com/blogs/multi/best-multivitamin-for-men,best men’s multivitamin,KEEP_AFFILIATE_RETAIN,None - Topically Relevant Editorial / Affiliate Link,High,1,1,1,100%,-,1,100%,0%,2,2,9,0%,no,yes,1,0%,1771483671,1787272595,Niche-aligned source with a natural anchor distribution (0% branded/URL anchors).
jakechampion.name,https://performancelab.com/,https://performancelab.com/,KEEP_AFFILIATE_RETAIN,None - Brand Mention / Citation,Medium,1,1,1,100%,-,0,0%,100%,0,0,18,100%,no,no,1,0%,1771518842,1784062283,100% branded or bare-URL anchors; reads as an unsolicited citation rather than a placed link.
evolationyoga.com,https://www.performancelab.com/blogs/multi/best-multivitamin-for-men,Performance Lab men's supplements,KEEP_AFFILIATE_RETAIN,None - Topically Relevant Editorial / Affiliate Link,High,1,1,1,100%,-,1,0%,100%,3,3,8,0%,no,yes,1,0%,1771628902,1786786556,Niche-aligned source with a natural anchor distribution (100% branded/URL anchors).
smartearthcamelina.com,https://www.performancelab.com/blogs/omega-3/plant-based-omega-3-vs-fish-oil,https://www.performancelab.com/blogs/omega-3/plant-based-omega-3-vs-fish-oil,KEEP_AFFILIATE_RETAIN,None - Topically Relevant Editorial / Affiliate Link,High,1,1,1,100%,-,1,0%,100%,3,3,16,0%,no,yes,1,0%,1771677772,1775585185,Niche-aligned source with a natural anchor distribution (100% branded/URL anchors).
worldmetrics.org,https://performancelab.com/,performancelab.com,KEEP_AFFILIATE_RETAIN,None - Brand Mention / Citation,Medium,1,1,1,100%,-,0,0%,100%,2,2,107,100%,no,no,1,0%,1771689601,1777841754,100% branded or bare-URL anchors; reads as an unsolicited citation rather than a placed link.
vorstcanada.com,https://www.performancelab.com/blogs/nutrition/does-magnesium-glycinate-make-you-poop,https://www.performancelab.com/blogs/nutrition/does-magnesium-glycinate-make-you-poop,KEEP_AFFILIATE_RETAIN,None - Brand Mention / Citation,Medium,1,1,1,100%,-,1,0%,100%,1,1,15,0%,no,no,1,0%,1771708952,1771708952,100% branded or bare-URL anchors; reads as an unsolicited citation rather than a placed link.
drdr.ir,https://www.performancelab.com/blogs/nutrition/vitamin-c-bodybuilding-benefits?srsltid=AfmBOoo64hhvuC1aleRh6CYn4of-T6v0Up7YyJpAHndom4ma6BrY19Vy,performancelab,KEEP_AFFILIATE_RETAIN,None - Topically Relevant Editorial / Affiliate Link,High,1,1,1,100%,-,0,0%,100%,0,0,15,100%,no,yes,1,0%,1771727431,1786577023,Niche-aligned source with a natural anchor distribution (100% branded/URL anchors).
makesmoney.de,https://www.performancelab.com/,Performance Lab,KEEP_AFFILIATE_RETAIN,None - Brand Mention / Citation,Medium,1,1,1,100%,-,1,0%,100%,0,0,24,0%,no,no,1,0%,1771752132,1786653285,100% branded or bare-URL anchors; reads as an unsolicited citation rather than a placed link.
wpminds.com,https://www.performancelab.com/,evidence-based performance supplementation,KEEP_AFFILIATE_RETAIN,None - Topically Relevant Editorial / Affiliate Link,High,1,1,1,100%,-,1,0%,0%,3,3,21,0%,no,yes,1,0%,1771758974,1786627107,Niche-aligned source with a natural anchor distribution (0% branded/URL anchors).
sellon.ai,https://www.performancelab.com/,🇺🇸 Performance Lab® Ultramodern Nutrition. Upgrade Yourself.,KEEP_AFFILIATE_RETAIN,None - Topically Relevant Editorial / Affiliate Link,High,1,1,1,100%,-,1,0%,100%,0,0,6,0%,no,yes,1,0%,1772033310,1787469127,Niche-aligned source with a natural anchor distribution (100% branded/URL anchors).
livethriveexcel.com,https://www.performancelab.com/blogs/nutrition/when-to-take-creatine-and-protein-the-correct-whey,https://www.performancelab.com/blogs/nutrition/when-to-take-creatine-and-protein-the-correct-whey,KEEP_AFFILIATE_RETAIN,None - Topically Relevant Editorial / Affiliate Link,High,1,1,1,100%,-,1,0%,100%,0,0,30,0%,no,yes,1,0%,1772058680,1786359512,Niche-aligned source with a natural anchor distribution (100% branded/URL anchors).
zonemd.com,https://www.performancelab.com/blogs/omega-3/algae-omega-3,https://www.performancelab.com/blogs/omega-3/algae-omega-3,KEEP_AFFILIATE_RETAIN,None - Topically Relevant Editorial / Affiliate Link,High,1,1,1,100%,-,1,0%,100%,0,0,16,0%,no,yes,1,100%,1772358392,1777520395,Niche-aligned source with a natural anchor distribution (100% branded/URL anchors).
sagepostpartum.com.au,https://www.performancelab.com/blogs/prebiotic/prebiotics-for-weight-loss,(empty/image),KEEP_AFFILIATE_RETAIN,None - Topically Relevant Editorial / Affiliate Link,High,1,1,1,100%,-,0,0%,0%,0,0,14,100%,no,yes,1,0%,1772368238,1780252711,Niche-aligned source with a natural anchor distribution (0% branded/URL anchors).
remediesguru.com,https://www.performancelab.com/blogs/joint-support/tart-cherry-extract-for-inflammation,CherryPURE,KEEP_AFFILIATE_RETAIN,None - Topically Relevant Editorial / Affiliate Link,High,1,1,1,100%,-,0,0%,0%,0,0,11,100%,no,yes,1,0%,1772528138,1786927206,Niche-aligned source with a natural anchor distribution (0% branded/URL anchors).
mxwellness.com,https://www.performancelab.com/blogs/nutrition/does-creatine-break-a-fast?srsltid=AfmBOoruqyGrxoSlGkf0Uy4dl0MN-o0jf4LweiVooj78D1Br9Br9K0Jx,https://www.performancelab.com/blogs/nutrition/does-creatine-break-a-fast?srsltid=AfmBOoruqyGrxoSlGkf0Uy4dl0MN-o0jf4LweiVooj78D1Br9Br9K0Jx,KEEP_AFFILIATE_RETAIN,None - Topically Relevant Editorial / Affiliate Link,High,1,1,1,100%,-,1,0%,100%,0,0,33,0%,no,yes,1,0%,1772532134,1772532134,Niche-aligned source with a natural anchor distribution (100% branded/URL anchors).
whatisadirectory.com,https://www.performancelab.com/?a_aid=68990cbe508aa&a_bid=a2ad38c1,https://www.performancelab.com/?a_aid=68990cbe508aa&a_bid=a2ad38c1,KEEP_AFFILIATE_RETAIN,None - Tracked Affiliate Partner,High,1,1,1,100%,-,1,0%,100%,0,0,2,0%,no,yes,1,0%,1772546942,1783288480,"100% of destinations carry the programme's a_aid/a_bid parameters, so this is a tracked affiliate. Commercial anchors are expected of an affiliate and the brief protects the placement; no structural spam signature fired."
nfo.ae,https://www.performancelab.com/blogs/omega-3/is-epa-the-new-collagen?srsltid=AfmBOor5nwjip9g0o5C086Qf9BR4T2yrfgPTJNBukTyDmas_A8MHx_Ld#:~:text=Key%20Takeaways,performancelab.com,KEEP_AFFILIATE_RETAIN,None - Topically Relevant Editorial / Affiliate Link,High,1,1,1,100%,-,1,0%,100%,0,0,16,0%,no,yes,1,0%,1772588851,1773847469,Niche-aligned source with a natural anchor distribution (100% branded/URL anchors).
clientsbee.com,https://performancelab.com/,Visit,KEEP_AFFILIATE_RETAIN,None - Topically Relevant Editorial / Affiliate Link,High,1,1,1,100%,-,1,0%,0%,0,0,1,0%,no,yes,1,0%,1772623601,1785707575,Niche-aligned source with a natural anchor distribution (0% branded/URL anchors).
camillafberg.pages.dev,https://www.performancelab.com/,www.performancelab.com,KEEP_AFFILIATE_RETAIN,None - Topically Relevant Editorial / Affiliate Link,High,1,1,1,100%,-,1,0%,100%,0,0,11,0%,no,yes,1,0%,1772625251,1775098913,Niche-aligned source with a natural anchor distribution (100% branded/URL anchors).
split-decision.co.uk,https://uk.performancelab.com/products/pre-lab-pro,prelabpro.com,KEEP_AFFILIATE_RETAIN,None - Topically Relevant Editorial / Affiliate Link,High,1,1,1,100%,-,1,0%,0%,0,0,6,0%,no,yes,1,0%,1772745897,1786588875,Niche-aligned source with a natural anchor distribution (0% branded/URL anchors).
directory-url.com,https://www.performancelab.com/?a_aid=68990cbe508aa&a_bid=a2ad38c1,https://www.performancelab.com/?a_aid=68990cbe508aa&a_bid=a2ad38c1,KEEP_AFFILIATE_RETAIN,None - Tracked Affiliate Partner,High,1,1,1,100%,-,1,0%,100%,0,0,2,0%,no,yes,1,0%,1772747204,1783309605,"100% of destinations carry the programme's a_aid/a_bid parameters, so this is a tracked affiliate. Commercial anchors are expected of an affiliate and the brief protects the placement; no structural spam signature fired."
mysportfithub.com,"https://www.performancelab.com/blogs/fitness/how-often-should-i-workout-abs#:~:text=Key%20Takeaways,that%20already%20recruit%20the%20trunk.",Training your core,KEEP_AFFILIATE_RETAIN,None - Topically Relevant Editorial / Affiliate Link,High,1,1,1,100%,-,0,0%,0%,0,0,1,100%,no,yes,1,0%,1772764220,1787266849,Niche-aligned source with a natural anchor distribution (0% branded/URL anchors).
sparedirectory.com,https://www.performancelab.com/?a_aid=68990cbe508aa&a_bid=a2ad38c1,https://www.performancelab.com/?a_aid=68990cbe508aa&a_bid=a2ad38c1,KEEP_AFFILIATE_RETAIN,None - Tracked Affiliate Partner,High,1,1,1,100%,-,1,0%,100%,0,0,2,0%,no,yes,1,0%,1772820505,1783492990,"100% of destinations carry the programme's a_aid/a_bid parameters, so this is a tracked affiliate. Commercial anchors are expected of an affiliate and the brief protects the placement; no structural spam signature fired."
bubblyblingblog.wordpress.com,https://www.performancelab.com/collections/sport-range/products/bcaa?a_aid=5c5c7de62fe75&amp%3Ba_bid=3f352049,Performance Lab BCAA,KEEP_AFFILIATE_RETAIN,None - Tracked Affiliate Partner,High,1,1,1,100%,-,1,0%,100%,0,0,100,0%,no,no,1,0%,1772855934,1778665208,"100% of destinations carry the programme's a_aid/a_bid parameters, so this is a tracked affiliate. Commercial anchors are expected of an affiliate and the brief protects the placement; no structural spam signature fired."
http-directory.com,https://www.performancelab.com/?a_aid=68990cbe508aa&a_bid=a2ad38c1,https://www.performancelab.com/?a_aid=68990cbe508aa&a_bid=a2ad38c1,KEEP_AFFILIATE_RETAIN,None - Tracked Affiliate Partner,High,1,1,1,100%,-,1,0%,100%,0,0,2,0%,no,yes,1,0%,1772888396,1783283505,"100% of destinations carry the programme's a_aid/a_bid parameters, so this is a tracked affiliate. Commercial anchors are expected of an affiliate and the brief protects the placement; no structural spam signature fired."
bizdirectoryinfo.com,https://www.performancelab.com/?a_aid=68990cbe508aa&a_bid=a2ad38c1,https://www.performancelab.com/?a_aid=68990cbe508aa&a_bid=a2ad38c1,KEEP_AFFILIATE_RETAIN,None - Tracked Affiliate Partner,High,1,1,1,100%,-,1,0%,100%,0,0,2,0%,no,yes,1,0%,1772924623,1783660854,"100% of destinations carry the programme's a_aid/a_bid parameters, so this is a tracked affiliate. Commercial anchors are expected of an affiliate and the brief protects the placement; no structural spam signature fired."
adddirectoryurl.com,https://www.performancelab.com/?a_aid=68990cbe508aa&a_bid=a2ad38c1,https://www.performancelab.com/?a_aid=68990cbe508aa&a_bid=a2ad38c1,KEEP_AFFILIATE_RETAIN,None - Tracked Affiliate Partner,High,1,1,1,100%,-,1,0%,100%,0,0,2,0%,no,yes,1,0%,1772945593,1783909901,"100% of destinations carry the programme's a_aid/a_bid parameters, so this is a tracked affiliate. Commercial anchors are expected of an affiliate and the brief protects the placement; no structural spam signature fired."
afundirectory.com,https://www.performancelab.com/?a_aid=68990cbe508aa&a_bid=a2ad38c1,https://www.performancelab.com/?a_aid=68990cbe508aa&a_bid=a2ad38c1,KEEP_AFFILIATE_RETAIN,None - Tracked Affiliate Partner,High,1,1,1,100%,-,1,0%,100%,0,0,2,0%,no,yes,1,0%,1772972161,1783635186,"100% of destinations carry the programme's a_aid/a_bid parameters, so this is a tracked affiliate. Commercial anchors are expected of an affiliate and the brief protects the placement; no structural spam signature fired."
exceeddirectory.com,https://www.performancelab.com/?a_aid=68990cbe508aa&a_bid=a2ad38c1,https://www.performancelab.com/?a_aid=68990cbe508aa&a_bid=a2ad38c1,KEEP_AFFILIATE_RETAIN,None - Tracked Affiliate Partner,High,1,1,1,100%,-,1,0%,100%,0,0,2,0%,no,yes,1,0%,1772972776,1784012174,"100% of destinations carry the programme's a_aid/a_bid parameters, so this is a tracked affiliate. Commercial anchors are expected of an affiliate and the brief protects the placement; no structural spam signature fired."
directoryark.com,https://www.performancelab.com/?a_aid=68990cbe508aa&a_bid=a2ad38c1,https://www.performancelab.com/?a_aid=68990cbe508aa&a_bid=a2ad38c1,KEEP_AFFILIATE_RETAIN,None - Tracked Affiliate Partner,High,1,1,1,100%,-,1,0%,100%,0,0,2,0%,no,yes,1,0%,1772998828,1783271359,"100% of destinations carry the programme's a_aid/a_bid parameters, so this is a tracked affiliate. Commercial anchors are expected of an affiliate and the brief protects the placement; no structural spam signature fired."
immensedirectory.com,https://www.performancelab.com/?a_aid=68990cbe508aa&a_bid=a2ad38c1,https://www.performancelab.com/?a_aid=68990cbe508aa&a_bid=a2ad38c1,KEEP_AFFILIATE_RETAIN,None - Tracked Affiliate Partner,High,1,1,1,100%,-,1,0%,100%,0,0,2,0%,no,yes,1,0%,1773025982,1784253252,"100% of destinations carry the programme's a_aid/a_bid parameters, so this is a tracked affiliate. Commercial anchors are expected of an affiliate and the brief protects the placement; no structural spam signature fired."
directory-star.com,https://www.performancelab.com/?a_aid=68990cbe508aa&a_bid=a2ad38c1,https://www.performancelab.com/?a_aid=68990cbe508aa&a_bid=a2ad38c1,KEEP_AFFILIATE_RETAIN,None - Tracked Affiliate Partner,High,1,1,1,100%,-,1,0%,100%,0,0,2,0%,no,yes,1,0%,1773043097,1783369541,"100% of destinations carry the programme's a_aid/a_bid parameters, so this is a tracked affiliate. Commercial anchors are expected of an affiliate and the brief protects the placement; no structural spam signature fired."
directoryarmy.com,https://www.performancelab.com/?a_aid=68990cbe508aa&a_bid=a2ad38c1,https://www.performancelab.com/?a_aid=68990cbe508aa&a_bid=a2ad38c1,KEEP_AFFILIATE_RETAIN,None - Tracked Affiliate Partner,High,1,1,1,100%,-,1,0%,100%,0,0,2,0%,no,yes,1,0%,1773055746,1783764558,"100% of destinations carry the programme's a_aid/a_bid parameters, so this is a tracked affiliate. Commercial anchors are expected of an affiliate and the brief protects the placement; no structural spam signature fired."
applefritter.com,https://www.performancelab.com/,Performance Lab,KEEP_AFFILIATE_RETAIN,None - Topically Relevant Editorial / Affiliate Link,High,1,1,1,100%,-,1,0%,100%,0,0,14,0%,no,yes,1,100%,1773079900,1781684329,Niche-aligned source with a natural anchor distribution (100% branded/URL anchors).
mpowerdirectory.com,https://www.performancelab.com/?a_aid=68990cbe508aa&a_bid=a2ad38c1,https://www.performancelab.com/?a_aid=68990cbe508aa&a_bid=a2ad38c1,KEEP_AFFILIATE_RETAIN,None - Tracked Affiliate Partner,High,1,1,1,100%,-,1,0%,100%,0,0,2,0%,no,yes,1,0%,1773085202,1783898167,"100% of destinations carry the programme's a_aid/a_bid parameters, so this is a tracked affiliate. Commercial anchors are expected of an affiliate and the brief protects the placement; no structural spam signature fired."
gratis-directory.com,https://www.performancelab.com/?a_aid=68990cbe508aa&a_bid=a2ad38c1,https://www.performancelab.com/?a_aid=68990cbe508aa&a_bid=a2ad38c1,KEEP_AFFILIATE_RETAIN,None - Tracked Affiliate Partner,High,1,1,1,100%,-,1,0%,100%,0,0,2,0%,no,yes,1,0%,1773130764,1783465555,"100% of destinations carry the programme's a_aid/a_bid parameters, so this is a tracked affiliate. Commercial anchors are expected of an affiliate and the brief protects the placement; no structural spam signature fired."
directory-king.com,https://www.performancelab.com/?a_aid=68990cbe508aa&a_bid=a2ad38c1,https://www.performancelab.com/?a_aid=68990cbe508aa&a_bid=a2ad38c1,KEEP_AFFILIATE_RETAIN,None - Tracked Affiliate Partner,High,1,1,1,100%,-,1,0%,100%,0,0,2,0%,no,yes,1,0%,1773137412,1783522204,"100% of destinations carry the programme's a_aid/a_bid parameters, so this is a tracked affiliate. Commercial anchors are expected of an affiliate and the brief protects the placement; no structural spam signature fired."
socdirectory.com,https://www.performancelab.com/?a_aid=68990cbe508aa&a_bid=a2ad38c1,https://www.performancelab.com/?a_aid=68990cbe508aa&a_bid=a2ad38c1,KEEP_AFFILIATE_RETAIN,None - Tracked Affiliate Partner,High,1,1,1,100%,-,1,0%,100%,0,0,2,0%,no,yes,1,0%,1773169144,1784307778,"100% of destinations carry the programme's a_aid/a_bid parameters, so this is a tracked affiliate. Commercial anchors are expected of an affiliate and the brief protects the placement; no structural spam signature fired."
bamboo-directory.com,https://www.performancelab.com/?a_aid=68990cbe508aa&a_bid=a2ad38c1,https://www.performancelab.com/?a_aid=68990cbe508aa&a_bid=a2ad38c1,KEEP_AFFILIATE_RETAIN,None - Tracked Affiliate Partner,High,1,1,1,100%,-,1,0%,100%,0,0,2,0%,no,yes,1,0%,1773180890,1784007782,"100% of destinations carry the programme's a_aid/a_bid parameters, so this is a tracked affiliate. Commercial anchors are expected of an affiliate and the brief protects the placement; no structural spam signature fired."
cool-directory.com,https://www.performancelab.com/?a_aid=68990cbe508aa&a_bid=a2ad38c1,https://www.performancelab.com/?a_aid=68990cbe508aa&a_bid=a2ad38c1,KEEP_AFFILIATE_RETAIN,None - Tracked Affiliate Partner,High,1,1,1,100%,-,1,0%,100%,0,0,2,0%,no,yes,1,0%,1773197047,1783984057,"100% of destinations carry the programme's a_aid/a_bid parameters, so this is a tracked affiliate. Commercial anchors are expected of an affiliate and the brief protects the placement; no structural spam signature fired."
finngardinere.pages.dev,https://www.performancelab.com/,www.performancelab.com,KEEP_AFFILIATE_RETAIN,None - Topically Relevant Editorial / Affiliate Link,High,1,1,1,100%,-,1,0%,100%,0,0,10,0%,no,yes,1,0%,1773207360,1776513528,Niche-aligned source with a natural anchor distribution (100% branded/URL anchors).
ohyesdirectory.com,https://www.performancelab.com/?a_aid=68990cbe508aa&a_bid=a2ad38c1,https://www.performancelab.com/?a_aid=68990cbe508aa&a_bid=a2ad38c1,KEEP_AFFILIATE_RETAIN,None - Tracked Affiliate Partner,High,1,1,1,100%,-,1,0%,100%,0,0,2,0%,no,yes,1,0%,1773216930,1783915631,"100% of destinations carry the programme's a_aid/a_bid parameters, so this is a tracked affiliate. Commercial anchors are expected of an affiliate and the brief protects the placement; no structural spam signature fired."
shopwebdirectory.com,https://www.performancelab.com/?a_aid=68990cbe508aa&a_bid=a2ad38c1,https://www.performancelab.com/?a_aid=68990cbe508aa&a_bid=a2ad38c1,KEEP_AFFILIATE_RETAIN,None - Tracked Affiliate Partner,High,1,1,1,100%,-,1,0%,100%,0,0,2,0%,no,yes,1,0%,1773251435,1783617031,"100% of destinations carry the programme's a_aid/a_bid parameters, so this is a tracked affiliate. Commercial anchors are expected of an affiliate and the brief protects the placement; no structural spam signature fired."
card-directory.com,https://www.performancelab.com/?a_aid=68990cbe508aa&a_bid=a2ad38c1,https://www.performancelab.com/?a_aid=68990cbe508aa&a_bid=a2ad38c1,KEEP_AFFILIATE_RETAIN,None - Tracked Affiliate Partner,High,1,1,1,100%,-,1,0%,100%,0,0,2,0%,no,yes,1,0%,1773303378,1784121198,"100% of destinations carry the programme's a_aid/a_bid parameters, so this is a tracked affiliate. Commercial anchors are expected of an affiliate and the brief protects the placement; no structural spam signature fired."
2021directory.com,https://www.performancelab.com/?a_aid=68990cbe508aa&a_bid=a2ad38c1,https://www.performancelab.com/?a_aid=68990cbe508aa&a_bid=a2ad38c1,KEEP_AFFILIATE_RETAIN,None - Tracked Affiliate Partner,High,1,1,1,100%,-,1,0%,100%,0,0,2,0%,no,yes,1,0%,1773303670,1783992031,"100% of destinations carry the programme's a_aid/a_bid parameters, so this is a tracked affiliate. Commercial anchors are expected of an affiliate and the brief protects the placement; no structural spam signature fired."
directory-blu.com,https://www.performancelab.com/?a_aid=68990cbe508aa&a_bid=a2ad38c1,https://www.performancelab.com/?a_aid=68990cbe508aa&a_bid=a2ad38c1,KEEP_AFFILIATE_RETAIN,None - Tracked Affiliate Partner,High,1,1,1,100%,-,1,0%,100%,0,0,2,0%,no,yes,1,0%,1773325636,1783854254,"100% of destinations carry the programme's a_aid/a_bid parameters, so this is a tracked affiliate. Commercial anchors are expected of an affiliate and the brief protects the placement; no structural spam signature fired."
directorystumble.com,https://www.performancelab.com/?a_aid=68990cbe508aa&a_bid=a2ad38c1,https://www.performancelab.com/?a_aid=68990cbe508aa&a_bid=a2ad38c1,KEEP_AFFILIATE_RETAIN,None - Tracked Affiliate Partner,High,1,1,1,100%,-,1,0%,100%,0,0,2,0%,no,yes,1,0%,1773371816,1784426941,"100% of destinations carry the programme's a_aid/a_bid parameters, so this is a tracked affiliate. Commercial anchors are expected of an affiliate and the brief protects the placement; no structural spam signature fired."
bailoutdirectory.com,https://www.performancelab.com/?a_aid=68990cbe508aa&a_bid=a2ad38c1,https://www.performancelab.com/?a_aid=68990cbe508aa&a_bid=a2ad38c1,KEEP_AFFILIATE_RETAIN,None - Tracked Affiliate Partner,High,1,1,1,100%,-,1,0%,100%,0,0,2,0%,no,yes,1,0%,1773373485,1784144565,"100% of destinations carry the programme's a_aid/a_bid parameters, so this is a tracked affiliate. Commercial anchors are expected of an affiliate and the brief protects the placement; no structural spam signature fired."
one-directory.com,https://www.performancelab.com/?a_aid=68990cbe508aa&a_bid=a2ad38c1,https://www.performancelab.com/?a_aid=68990cbe508aa&a_bid=a2ad38c1,KEEP_AFFILIATE_RETAIN,None - Tracked Affiliate Partner,High,1,1,1,100%,-,1,0%,100%,0,0,2,0%,no,yes,1,0%,1773399800,1784151135,"100% of destinations carry the programme's a_aid/a_bid parameters, so this is a tracked affiliate. Commercial anchors are expected of an affiliate and the brief protects the placement; no structural spam signature fired."
freehealthier.com,https://www.performancelab.com/blogs/energy/best-energy-supplements,Check out this excellent guide on mitochondria-targeted energy stacks from Performance Lab.,KEEP_AFFILIATE_RETAIN,None - Topically Relevant Editorial / Affiliate Link,High,1,1,1,100%,-,1,0%,100%,0,0,4,0%,no,yes,1,0%,1773509721,1786184481,Niche-aligned source with a natural anchor distribution (100% branded/URL anchors).
betterlife.com,https://www.performancelab.com/products/mind,official website,KEEP_AFFILIATE_RETAIN,None - Topically Relevant Editorial / Affiliate Link,High,1,1,1,100%,-,1,0%,0%,3,3,1,0%,no,yes,1,0%,1773541684,1786263797,Niche-aligned source with a natural anchor distribution (0% branded/URL anchors).
gettydirectory.com,https://www.performancelab.com/?a_aid=68990cbe508aa&a_bid=a2ad38c1,https://www.performancelab.com/?a_aid=68990cbe508aa&a_bid=a2ad38c1,KEEP_AFFILIATE_RETAIN,None - Tracked Affiliate Partner,High,1,1,1,100%,-,1,0%,100%,0,0,2,0%,no,yes,1,0%,1773603086,1784321182,"100% of destinations carry the programme's a_aid/a_bid parameters, so this is a tracked affiliate. Commercial anchors are expected of an affiliate and the brief protects the placement; no structural spam signature fired."
healthbyprinciple.com,https://www.performancelab.com/blogs/magnesium/magnesium-taurate-vs-glycinate,https://www.performancelab.com/blogs/magnesium/magnesium-taurate-vs-glycinate,KEEP_AFFILIATE_RETAIN,None - Topically Relevant Editorial / Affiliate Link,High,1,1,1,100%,-,1,0%,100%,0,0,12,0%,no,yes,1,0%,1773651750,1773651750,Niche-aligned source with a natural anchor distribution (100% branded/URL anchors).
gymhigh.co.uk,https://www.performancelab.com/blogs/nutrition/best-combo-of-supplements-for-weight-loss-and-muscle-gain?srsltid=AfmBOooj0QmwLMUjSM93a34QipcKNAFUaU4xjdCfTQovi2uXLFrTQQKc,guide on the best combo of supplements for weight loss and muscle gain,KEEP_AFFILIATE_RETAIN,None - Topically Relevant Editorial / Affiliate Link,High,1,1,1,100%,-,1,100%,0%,0,0,8,0%,no,yes,1,0%,1773826451,1786099087,Niche-aligned source with a natural anchor distribution (0% branded/URL anchors).
kidneydiseasems.com,https://www.performancelab.com/products/mind-lab-pro,Performance Lab Mind,KEEP_AFFILIATE_RETAIN,None - Topically Relevant Editorial / Affiliate Link,High,1,1,1,100%,-,1,0%,100%,0,0,8,0%,no,yes,1,0%,1773972931,1778956476,Niche-aligned source with a natural anchor distribution (100% branded/URL anchors).
charm-retirement.com,https://www.performancelab.com/products/mind-lab-pro,3,KEEP_AFFILIATE_RETAIN,None - Topically Relevant Editorial / Affiliate Link,High,1,1,1,100%,-,1,0%,0%,0,0,12,0%,no,yes,1,0%,1774013579,1778848989,Niche-aligned source with a natural anchor distribution (0% branded/URL anchors).
quarrynews.com,https://www.performancelab.com/,https://www.performancelab.com,KEEP_AFFILIATE_RETAIN,None - Brand Mention / Citation,Medium,1,1,1,100%,-,1,0%,100%,0,0,21,0%,no,no,1,0%,1774021830,1784736329,100% branded or bare-URL anchors; reads as an unsolicited citation rather than a placed link.
lovelydirectory.com,https://www.performancelab.com/?a_aid=68990cbe508aa&a_bid=a2ad38c1,https://www.performancelab.com/?a_aid=68990cbe508aa&a_bid=a2ad38c1,KEEP_AFFILIATE_RETAIN,None - Tracked Affiliate Partner,High,1,1,1,100%,-,1,0%,100%,0,0,2,0%,no,yes,1,0%,1774079734,1784852714,"100% of destinations carry the programme's a_aid/a_bid parameters, so this is a tracked affiliate. Commercial anchors are expected of an affiliate and the brief protects the placement; no structural spam signature fired."
futurefood.website,https://www.performancelab.com/blogs/prebiotic/what-is-inulin-fos,What Is Inulin-FOS? - 4 Surprising Benefits For Your Health | Performance Lab®,KEEP_AFFILIATE_RETAIN,None - Brand Mention / Citation,Medium,1,1,1,100%,-,1,0%,100%,0,0,66,0%,no,no,1,0%,1774081973,1784470378,100% branded or bare-URL anchors; reads as an unsolicited citation rather than a placed link.
boostpatches.com,"https://www.performancelab.com/blogs/sleep/l-theanine-and-melatonin#:~:text=In%20fact%2C%20rat%20research%20has,activities%20of%20melatonin%20%2B%20theanine%20combined.",scientific studies,KEEP_AFFILIATE_RETAIN,None - Topically Relevant Editorial / Affiliate Link,High,1,1,1,100%,-,1,0%,0%,0,0,4,0%,no,yes,1,0%,1774106579,1774106579,Niche-aligned source with a natural anchor distribution (0% branded/URL anchors).
hau.xyz,https://performancelab.com/,Visit Program,KEEP_AFFILIATE_RETAIN,None - Topically Relevant Editorial / Affiliate Link,High,1,1,1,100%,-,1,0%,0%,1,1,4,0%,no,yes,1,0%,,,Niche-aligned source with a natural anchor distribution (0% branded/URL anchors).
blkgrn.mom,https://www.performancelab.com/blogs/nutrition/feeling-tired-after-workout,how to recover wgen you're tired after working out,KEEP_AFFILIATE_RETAIN,None - Topically Relevant Editorial / Affiliate Link,High,1,1,1,100%,-,1,0%,0%,0,0,5,0%,no,yes,1,0%,,,Niche-aligned source with a natural anchor distribution (0% branded/URL anchors).
dlar.online,https://www.performancelab.com/products/omega-3,View the product,KEEP_AFFILIATE_RETAIN,None - Topically Relevant Editorial / Affiliate Link,High,1,1,1,100%,-,0,0%,0%,0,0,3,100%,no,yes,1,0%,,,Niche-aligned source with a natural anchor distribution (0% branded/URL anchors).
zephrcf.com,https://www.performancelab.com/products/pre-lab-pro,Pre Lab Pro Pre-Workout,KEEP_AFFILIATE_RETAIN,None - Topically Relevant Editorial / Affiliate Link,High,1,1,1,100%,-,0,0%,0%,0,0,44,100%,no,yes,1,0%,,,Niche-aligned source with a natural anchor distribution (0% branded/URL anchors).
kitchprep.com,https://www.performancelab.com/blogs/nutrition/salt-in-pre-workout-supplements,"“Salt in Pre-Workout: Benefits, Risks & Dosage.”",KEEP_AFFILIATE_RETAIN,None - Topically Relevant Editorial / Affiliate Link,High,1,1,1,100%,-,1,0%,0%,0,0,6,0%,no,yes,1,0%,,,Niche-aligned source with a natural anchor distribution (0% branded/URL anchors).
promptmetrics.xyz,https://performancelab.com/,performancelab.com,KEEP_AFFILIATE_RETAIN,None - Topically Relevant Editorial / Affiliate Link,High,1,1,1,100%,-,0,0%,100%,0,0,32,100%,no,yes,1,0%,,,Niche-aligned source with a natural anchor distribution (100% branded/URL anchors).
3alamalafkar.online,https://www.performancelab.com/blogs/multi/vitamin-b12-for-hair?srsltid=AfmBOoqcotr1Du7Mx8OCAnBFlUSDSBKyp6ntosE0Qj_ODgfOtTcoeBc5,Performance Lab®,KEEP_AFFILIATE_RETAIN,None - Brand Mention / Citation,Medium,1,1,1,100%,-,1,0%,100%,0,0,23,0%,no,no,1,0%,,,100% branded or bare-URL anchors; reads as an unsolicited citation rather than a placed link.
