Referring Domain,Links Pulled,Redirect Routed %,Redirect Host,Redirect Path,Redirect Verdict,Dead Link %,HTTP Codes,Unique Anchors,Top Anchor,Nofollow %,Redirect Note
nootropicsexpert.com,458,0%,testolabpro.com,,ROUTED_BRAND_OWNED,0%,200:458,192,Performance Lab ® Energy,67%,"Links route through testolabpro.com, which is in the client's own brand estate (BRAND_OWNED). This is first-party link management, not a third-party redirect layer."
smartlivingseniors.com,393,0%,,,DIRECT,0%,"0:199, 200:194",4,Mind Lab Pro is the best nootropic supplement,0%,"Direct link, no redirect hop."
fitnessclone.com,374,0%,testolabpro.com,,ROUTED_BRAND_OWNED,0%,200:374,109,Check Price,0%,"Links route through testolabpro.com, which is in the client's own brand estate (BRAND_OWNED). This is first-party link management, not a third-party redirect layer."
mindlabpro.com,275,0%,,,DIRECT,0%,200:275,150,Shop Now,0%,"Direct link, no redirect hop."
leafysouls.com,258,0%,,,DIRECT,14%,"200:223, 404:35",90,Learn More,35%,"Direct link, no redirect hop."
eastbayexpress.com,235,100%,fitliving.org,go/nootropics-perfomancelabmind-productpage-general-all,ROUTED_OTHER,0%,200:235,5,>>Check the best deals for Performance Lab Mind here,0%,Links route through fitliving.org/go/nootropics-perfomancelabmind-productpage-general-all.
human-memory.net,227,0%,,,DIRECT,0%,200:227,40,,78%,"Direct link, no redirect hop."
supplementreviewsuk.com,206,6%,nutropic.com,,ROUTED_OTHER,0%,200:206,130,Visit Performance Lab’s Website here,0%,Links route through nutropic.com/.
ebylife.com,205,8%,testolabpro.com,,ROUTED_BRAND_OWNED,0%,200:205,151,Best supplements performance,0%,"Links route through testolabpro.com, which is in the client's own brand estate (BRAND_OWNED). This is first-party link management, not a third-party redirect layer."
healthandwellnessreviews.co.uk,186,2%,testolabpro.com,,ROUTED_BRAND_OWNED,0%,"200:173, 0:13",18,Nutrigenesis Multi for Men,8%,"Links route through testolabpro.com, which is in the client's own brand estate (BRAND_OWNED). This is first-party link management, not a third-party redirect layer."
generationiron.com,186,4%,testolabpro.com,products/testo-lab-pro,ROUTED_BRAND_OWNED,0%,200:186,72,Shop Performance Lab,61%,"Links route through testolabpro.com, which is in the client's own brand estate (BRAND_OWNED). This is first-party link management, not a third-party redirect layer."
ultimatestrengths.com,184,0%,,,DIRECT,1%,"200:180, 301:2, 403:2",5,Performance Lab Vision is the best vision supplement,1%,"Direct link, no redirect hop."
appsupports.co,177,100%,drect.net,performancelab,ROUTED_CAMPAIGN,5%,"200:168, 403:8, 521:1",1,Upgrade Yourself!,100%,"All links route through drect.net/performancelab — a single brand-named campaign path. This is link-management or affiliate infrastructure, and the brief protects it: a redirect is not itself a toxicity signal."
cloudaicrypto.com,154,0%,,,DIRECT,0%,200:154,24,MindLabPro,26%,"Direct link, no redirect hop."
currencyconverts.com,150,100%,drect.net,performancelab,ROUTED_CAMPAIGN,2%,"200:147, 500:3",1,Buy Now!,100%,"All links route through drect.net/performancelab — a single brand-named campaign path. This is link-management or affiliate infrastructure, and the brief protects it: a redirect is not itself a toxicity signal."
brainmadesimple.com,142,0%,,,DIRECT,0%,200:142,14,Creative Stall Check Latest Price,100%,"Direct link, no redirect hop."
thecompleteportal.com,133,0%,,,DIRECT,0%,"0:79, 200:54",44,End of Season Sale!,84%,"Direct link, no redirect hop."
thesportwriter.com,124,12%,testolabpro.com,,ROUTED_BRAND_OWNED,0%,"0:107, 200:15, 301:2",86,,12%,"Links route through testolabpro.com, which is in the client's own brand estate (BRAND_OWNED). This is first-party link management, not a third-party redirect layer."
syktohealth.com,118,0%,,,DIRECT,0%,200:118,84,CHECK THE LATEST PRICE HERE,80%,"Direct link, no redirect hop."
supermindhacker.com,109,0%,,,DIRECT,0%,"200:82, 0:27",81,Cognizen (Citicoline) – We Recommend “Mind”,0%,"Direct link, no redirect hop."
testolabpro.com,108,0%,,,DIRECT,0%,301:108,1,,0%,"Direct link, no redirect hop."
nootropicgeek.com,105,2%,nutropic.com,,ROUTED_OTHER,0%,200:105,56,performancelab.com,100%,Links route through nutropic.com/.
bebrainfit.com,98,0%,,,DIRECT,85%,"404:80, 200:10, 0:5, 403:3",9,Mind Lab Pro is the best nootropic supplement,0%,"Direct link, no redirect hop."
benchchem.com,98,0%,,,DIRECT,0%,200:98,40,Link,0%,"Direct link, no redirect hop."
neurohub.bio,93,0%,,,DIRECT,0%,"200:92, 307:1",2,Mind Lab Pro is the best nootropic supplement,0%,"Direct link, no redirect hop."
cognitionprime.bio,93,0%,,,DIRECT,0%,"200:77, 0:16",7,Mind Lab Pro is the best nootropic supplement Mind Lab Pro is the best nootropic supplement,0%,"Direct link, no redirect hop."
eurekster.com,91,4%,testolabpro.com,,ROUTED_BRAND_OWNED,0%,200:91,36,Best Caffeine Pills of 2020: Performance-Enhanced Stim ...,0%,"Links route through testolabpro.com, which is in the client's own brand estate (BRAND_OWNED). This is first-party link management, not a third-party redirect layer."
drywearapparel.com,91,1%,nutropic.com,,ROUTED_OTHER,0%,"200:85, 0:6",4,,0%,Links route through nutropic.com/.
prelabpro.com,84,0%,,,DIRECT,0%,"301:82, 200:2",3,,0%,"Direct link, no redirect hop."
valentinosnaturals.com,78,36%,testolabpro.com,,ROUTED_BRAND_OWNED,0%,200:78,57,Testo Lab Pro Review and Results: How Effective is this New T-Booster?,33%,"Links route through testolabpro.com, which is in the client's own brand estate (BRAND_OWNED). This is first-party link management, not a third-party redirect layer."
noderunners.network,72,0%,,,DIRECT,0%,200:72,13,https://www.performancelab.com/breedlove,0%,"Direct link, no redirect hop."
enhancingbrain.com,69,0%,,,DIRECT,0%,200:69,44,Omega-3,22%,"Direct link, no redirect hop."
yahoo.com,69,0%,,,DIRECT,0%,200:69,47,www.performancelab.com › multi › vitamin-d-for-seniors-dosage How Much Vitamin D Should Seniors Take? | Performance Lab®,1%,"Direct link, no redirect hop."
vaga.org,68,0%,,,DIRECT,32%,"200:34, 404:22, 0:12",31,PerformanceLab.com,0%,"Direct link, no redirect hop."
setriaglutathione.com,64,0%,,,DIRECT,12%,"200:56, 404:8",2,Performance Lab PL-Immune Performance Lab PL-Immune,0%,"Direct link, no redirect hop."
nutropic.com,63,0%,,,DIRECT,0%,301:63,1,,0%,"Direct link, no redirect hop."
musclechemistry.com,58,9%,testolabpro.com,,ROUTED_BRAND_OWNED,60%,"404:35, 200:23",35,,100%,"Links route through testolabpro.com, which is in the client's own brand estate (BRAND_OWNED). This is first-party link management, not a third-party redirect layer."
nutritional-supplements-directory.com,58,0%,,,DIRECT,0%,200:58,20,Image of the Performance Lab magnesium supplement,100%,"Direct link, no redirect hop."
ranktracker.com,55,0%,,,DIRECT,0%,200:55,18,performancelab.com,0%,"Direct link, no redirect hop."
thekeytoglutenfree.com,52,2%,nutropic.com,,ROUTED_OTHER,0%,"0:47, 200:3, 301:2",32,,4%,Links route through nutropic.com/.
bestmusclesupps.com,51,0%,,,DIRECT,0%,200:51,9,Go To Official Performance Lab Website,0%,"Direct link, no redirect hop."
kimssaulikesd.blogspot.com,51,100%,testolabpro.com,,ROUTED_BRAND_OWNED,100%,404:51,1,https://testolabpro.com/,100%,"Links route through testolabpro.com, which is in the client's own brand estate (BRAND_OWNED). This is first-party link management, not a third-party redirect layer."
naxttiihealth.com,48,0%,,,DIRECT,100%,403:48,47,Phytodroitin,0%,"Direct link, no redirect hop."
veganfoundry.com,45,4%,associates.ubernet.com,scripts/efcval,ROUTED_OTHER,0%,200:45,17,Check Price,7%,Links route through associates.ubernet.com/scripts/efcval.
mindbodydad.com,44,0%,,,DIRECT,0%,200:44,27,Get It Here,0%,"Direct link, no redirect hop."
revgear.com,43,0%,,,DIRECT,0%,200:43,28,Performance Lab NutriGenesis® Multi,84%,"Direct link, no redirect hop."
phactual.com,43,0%,,,DIRECT,0%,0:43,37,Visit PerformanceLab.com,0%,"Direct link, no redirect hop."
bodynutrition.org,43,0%,,,DIRECT,0%,200:43,18,Click here for the lowest price,21%,"Direct link, no redirect hop."
stepstostayhealthy.com,41,12%,testolabpro.com,,ROUTED_BRAND_OWNED,0%,"200:40, 301:1",23,Get It Now,17%,"Links route through testolabpro.com, which is in the client's own brand estate (BRAND_OWNED). This is first-party link management, not a third-party redirect layer."
nootrimens.com,41,0%,,,DIRECT,0%,200:41,29,aquí,5%,"Direct link, no redirect hop."
e360tv.com,37,0%,,,DIRECT,0%,200:37,3,https://www.performancelab.com/produc...,0%,"Direct link, no redirect hop."
thehumanfuture.org,35,0%,,,DIRECT,0%,200:35,3,,0%,"Direct link, no redirect hop."
pages.dev,32,9%,nutropic.com,,ROUTED_OTHER,0%,200:32,8,www.performancelab.com,44%,Links route through nutropic.com/.
syktohealth.substack.com,32,0%,,,DIRECT,0%,200:32,25,HERE,0%,"Direct link, no redirect hop."
active.com,32,100%,securelinksdirectory.com,go/active-com/testolabpro_best-testosterone-booster,ROUTED_CAMPAIGN,0%,200:32,25,CHECK PRICE,100%,"All links route through securelinksdirectory.com/go/active-com/testolabpro_best-testosterone-booster — a single brand-named campaign path. This is link-management or affiliate infrastructure, and the brief protects it: a redirect is not itself a toxicity signal."
biohackingbrittany.com,32,0%,,,DIRECT,0%,200:32,4,Performance La,0%,"Direct link, no redirect hop."
leanbulking.com,31,3%,testolabpro.com,,ROUTED_BRAND_OWNED,0%,"200:28, 301:3",24,www.PerformanceLab.com,3%,"Links route through testolabpro.com, which is in the client's own brand estate (BRAND_OWNED). This is first-party link management, not a third-party redirect layer."
testosteronejunkie.com,31,0%,,,DIRECT,0%,200:31,19,Performance Lab,13%,"Direct link, no redirect hop."
healthinsiders.com,31,0%,,,DIRECT,0%,"303:18, 302:13",1,,0%,"Direct link, no redirect hop."
alibaba.com,31,0%,,,DIRECT,6%,"200:29, 404:2",7,1,0%,"Direct link, no redirect hop."
securelinksdirectory.com,30,0%,,,DIRECT,0%,302:30,1,,0%,"Direct link, no redirect hop."
microdoseman.com,30,0%,,,DIRECT,0%,200:30,7,Performance Lab Mind,70%,"Direct link, no redirect hop."
openhealthtools.org,29,0%,,,DIRECT,0%,"200:28, 301:1",19,PerformanceLab.com,0%,"Direct link, no redirect hop."
retiredbrains.com,27,0%,,,DIRECT,0%,200:27,1,choose the best joint supplement,0%,"Direct link, no redirect hop."
ubernet.com,27,0%,,,DIRECT,0%,"200:26, 301:1",6,Performance Lab,0%,"Direct link, no redirect hop."
alexfergus.com,26,96%,aferg.co,testo-web,ROUTED_OTHER,0%,200:26,19,Learn More HERE,0%,Links route through aferg.co/testo-web.
narcolepsylifeacademy.com,26,0%,,,DIRECT,0%,200:26,14,Learn more,0%,"Direct link, no redirect hop."
sandiegohealth.org,25,0%,,,DIRECT,0%,200:25,8,PerformanceLab.com,0%,"Direct link, no redirect hop."
bestfornutrition.com,25,8%,testolabpro.com,,ROUTED_BRAND_OWNED,0%,200:25,15,Buy on Official Site,88%,"Links route through testolabpro.com, which is in the client's own brand estate (BRAND_OWNED). This is first-party link management, not a third-party redirect layer."
spotmebro.com,25,40%,testolabpro.com,,ROUTED_BRAND_OWNED,0%,200:25,21,Buy now,0%,"Links route through testolabpro.com, which is in the client's own brand estate (BRAND_OWNED). This is first-party link management, not a third-party redirect layer."
naturalweightloss24.com,25,0%,,,DIRECT,0%,200:25,2,https://www.performancelab.com/blogs/fat-loss/does-zinc-help-with-weight-loss,0%,"Direct link, no redirect hop."
instantelhydraulics.com,25,0%,,,DIRECT,0%,200:25,1,🍪 TELEGRAM @SALESOVEN | ACCESS TO HACKED SITES FOR SEO | HTTPS://T.ME/SALESOVEN 🔥,100%,"Direct link, no redirect hop."
enutritionreads.com,24,4%,nutropic.com,,ROUTED_OTHER,0%,"0:14, 301:6, 200:4",9,,0%,Links route through nutropic.com/.
colorfuleatsnutrition.com,24,0%,,,DIRECT,0%,200:24,16,Check out this product here,0%,"Direct link, no redirect hop."
burnlabpro.com,24,4%,testolabpro.com,products/testo-lab-pro,ROUTED_BRAND_OWNED,0%,200:24,21,Get the best price on Performance Lab Pre here,0%,"Links route through testolabpro.com, which is in the client's own brand estate (BRAND_OWNED). This is first-party link management, not a third-party redirect layer."
wowtrk.com,24,0%,,,DIRECT,0%,200:24,2,Preview,100%,"Direct link, no redirect hop."
armfighter.com,22,27%,nutropic.com,,ROUTED_OTHER,0%,200:22,8,,0%,Links route through nutropic.com/.
prnewslink.net,22,0%,,,DIRECT,0%,200:22,6,Link,100%,"Direct link, no redirect hop."
fitliving.org,22,0%,,,DIRECT,0%,302:22,1,,0%,"Direct link, no redirect hop."
onesmablog.com,22,27%,nutropic.com,,ROUTED_OTHER,0%,200:22,15,more info,0%,Links route through nutropic.com/.
gymbeam.dev,22,0%,,,DIRECT,0%,200:22,1,https://www.performancelab.com/blogs/stim/caffeine-cycling,0%,"Direct link, no redirect hop."
musicareview.com,21,100%,drect.net,performancelab,ROUTED_CAMPAIGN,0%,0:21,1,Buy Now!,100%,"All links route through drect.net/performancelab — a single brand-named campaign path. This is link-management or affiliate infrastructure, and the brief protects it: a redirect is not itself a toxicity signal."
bittersweetblog.com,21,0%,,,DIRECT,10%,"200:18, 429:2, 0:1",1,check out these brain and body supplements,0%,"Direct link, no redirect hop."
vitad.org,21,0%,,,DIRECT,0%,200:21,5,performancelab,0%,"Direct link, no redirect hop."
pointblog.net,21,19%,nutropic.com,,ROUTED_OTHER,0%,200:21,11,get more info,0%,Links route through nutropic.com/.
full-design.com,20,20%,nutropic.com,,ROUTED_OTHER,0%,200:20,11,website,0%,Links route through nutropic.com/.
thetastefullife.com,19,0%,,,DIRECT,0%,307:19,1,,0%,"Direct link, no redirect hop."
aidevi.com,19,0%,,,DIRECT,11%,"200:17, 403:2",5,30 - 200,0%,"Direct link, no redirect hop."
pages10.com,19,26%,nutropic.com,,ROUTED_OTHER,0%,200:19,11,click here,0%,Links route through nutropic.com/.
cataglow.com,19,0%,,,DIRECT,0%,200:19,17,Vitamin D,0%,"Direct link, no redirect hop."
duckduckgo.github.io,18,0%,,,DIRECT,0%,200:18,2,performancelab.com,0%,"Direct link, no redirect hop."
meghanbell.com,18,0%,,,DIRECT,0%,"200:17, 0:1",1,involved in,0%,"Direct link, no redirect hop."
theaffiliateslist.com,18,0%,,,DIRECT,0%,200:18,18,Laboratorio de rendimiento,100%,"Direct link, no redirect hop."
cleanlabelproject.org,18,0%,,,DIRECT,0%,200:18,14,Link,0%,"Direct link, no redirect hop."
triggeryourtrip.com,18,0%,,,DIRECT,0%,200:18,3,NutriGenesis Multivitamin,0%,"Direct link, no redirect hop."
ampblogs.com,18,22%,nutropic.com,,ROUTED_OTHER,0%,200:18,10,website,0%,Links route through nutropic.com/.
fitnell.com,18,22%,nutropic.com,,ROUTED_OTHER,0%,200:18,11,more info,0%,Links route through nutropic.com/.
newsbloger.com,18,22%,nutropic.com,,ROUTED_OTHER,0%,200:18,10,check here,0%,Links route through nutropic.com/.
bloggadores.com,18,22%,nutropic.com,,ROUTED_OTHER,0%,200:18,13,here,0%,Links route through nutropic.com/.
ampedpages.com,18,22%,nutropic.com,,ROUTED_OTHER,0%,200:18,13,click here,0%,Links route through nutropic.com/.
activoblog.com,18,22%,nutropic.com,,ROUTED_OTHER,6%,"200:17, 404:1",10,website,0%,Links route through nutropic.com/.
livebloggs.com,18,22%,nutropic.com,,ROUTED_OTHER,0%,200:18,8,more info,0%,Links route through nutropic.com/.
bloggazza.com,18,22%,nutropic.com,,ROUTED_OTHER,0%,200:18,10,click here,0%,Links route through nutropic.com/.
diowebhost.com,18,22%,nutropic.com,,ROUTED_OTHER,0%,200:18,9,here,0%,Links route through nutropic.com/.
thenerdsblog.com,18,22%,nutropic.com,,ROUTED_OTHER,0%,200:18,14,website,0%,Links route through nutropic.com/.
tinyblogging.com,18,28%,nutropic.com,,ROUTED_OTHER,0%,200:18,11,here,0%,Links route through nutropic.com/.
activosblog.com,18,22%,nutropic.com,,ROUTED_OTHER,0%,200:18,13,website,0%,Links route through nutropic.com/.
creacionblog.com,18,22%,nutropic.com,,ROUTED_OTHER,0%,200:18,10,get more info,0%,Links route through nutropic.com/.
blogocial.com,18,22%,nutropic.com,,ROUTED_OTHER,0%,200:18,9,read more,0%,Links route through nutropic.com/.
worldblogged.com,18,22%,nutropic.com,,ROUTED_OTHER,0%,200:18,10,check here,0%,Links route through nutropic.com/.
snack-blog.com,18,22%,nutropic.com,,ROUTED_OTHER,0%,200:18,8,here,0%,Links route through nutropic.com/.
idblogz.com,18,22%,nutropic.com,,ROUTED_OTHER,0%,200:18,10,get more info,0%,Links route through nutropic.com/.
blogproducer.com,18,22%,nutropic.com,,ROUTED_OTHER,0%,200:18,10,check here,0%,Links route through nutropic.com/.
blogolenta.com,18,22%,nutropic.com,,ROUTED_OTHER,0%,200:18,9,read more,0%,Links route through nutropic.com/.
bloguetechno.com,18,28%,nutropic.com,,ROUTED_OTHER,0%,200:18,11,get more info,0%,Links route through nutropic.com/.
blogoscience.com,18,22%,nutropic.com,,ROUTED_OTHER,0%,200:18,8,check here,0%,Links route through nutropic.com/.
blogdemls.com,18,22%,nutropic.com,,ROUTED_OTHER,0%,200:18,14,website,0%,Links route through nutropic.com/.
digitollblog.com,18,22%,nutropic.com,,ROUTED_OTHER,0%,200:18,9,check here,0%,Links route through nutropic.com/.
mybloglicious.com,18,22%,nutropic.com,,ROUTED_OTHER,0%,200:18,8,here,0%,Links route through nutropic.com/.
blog-eye.com,18,22%,nutropic.com,,ROUTED_OTHER,0%,200:18,13,more info,0%,Links route through nutropic.com/.
bloggin-ads.com,18,22%,nutropic.com,,ROUTED_OTHER,0%,200:18,14,here,0%,Links route through nutropic.com/.
popup-blog.com,18,22%,nutropic.com,,ROUTED_OTHER,0%,200:18,12,more info,0%,Links route through nutropic.com/.
blogsidea.com,18,22%,nutropic.com,,ROUTED_OTHER,0%,200:18,13,check here,0%,Links route through nutropic.com/.
develop-blog.com,18,22%,nutropic.com,,ROUTED_OTHER,0%,200:18,8,website,0%,Links route through nutropic.com/.
vitamindwiki.com,18,0%,,,DIRECT,0%,200:18,5,performancelab,0%,"Direct link, no redirect hop."
bestweight-loss.com,17,0%,,,DIRECT,35%,"200:10, 403:4, 404:2, 0:1",1,https://www.performancelab.com/blogs/fat-loss/does-zinc-help-with-weight-loss,0%,"Direct link, no redirect hop."
fatlotofgood.com.au,17,0%,,,DIRECT,0%,"307:9, 200:8",4,,0%,"Direct link, no redirect hop."
internetresearchunit.com,17,0%,,,DIRECT,0%,200:17,8,View Product,100%,"Direct link, no redirect hop."
dryeyeandme.co.uk,17,0%,,,DIRECT,0%,200:17,2,"PerformanceLab, ‘ Vitamin C and Dry Eyes’, 13/01/21, Accessed June 2022",0%,"Direct link, no redirect hop."
instya.com,17,0%,,,DIRECT,0%,200:17,2,performancelab.com,100%,"Direct link, no redirect hop."
zenithwithin.com,17,0%,,,DIRECT,0%,200:17,15,🛒 This is the supplement I personally use and recommend,0%,"Direct link, no redirect hop."
spintheblog.com,17,24%,nutropic.com,,ROUTED_OTHER,0%,200:17,10,click here,0%,Links route through nutropic.com/.
blogolize.com,17,24%,nutropic.com,,ROUTED_OTHER,0%,200:17,9,check here,0%,Links route through nutropic.com/.
madmouseblog.com,17,18%,nutropic.com,,ROUTED_OTHER,0%,200:17,9,read more,0%,Links route through nutropic.com/.
blazingblog.com,17,24%,nutropic.com,,ROUTED_OTHER,0%,200:17,10,website,0%,Links route through nutropic.com/.
blogsuperapp.com,17,24%,nutropic.com,,ROUTED_OTHER,0%,200:17,9,click here,0%,Links route through nutropic.com/.
bloggactivo.com,17,24%,nutropic.com,,ROUTED_OTHER,0%,200:17,13,read more,0%,Links route through nutropic.com/.
blogrenanda.com,17,24%,nutropic.com,,ROUTED_OTHER,0%,200:17,9,click here,0%,Links route through nutropic.com/.
blogunok.com,17,24%,nutropic.com,,ROUTED_OTHER,0%,200:17,9,website,0%,Links route through nutropic.com/.
blogsmine.com,17,18%,nutropic.com,,ROUTED_OTHER,0%,200:17,10,read more,0%,Links route through nutropic.com/.
blogitright.com,17,18%,nutropic.com,,ROUTED_OTHER,0%,200:17,10,get more info,0%,Links route through nutropic.com/.
newbigblog.com,17,24%,nutropic.com,,ROUTED_OTHER,0%,200:17,12,here,0%,Links route through nutropic.com/.
blogdosaga.com,17,18%,nutropic.com,,ROUTED_OTHER,0%,200:17,11,more info,0%,Links route through nutropic.com/.
fare-blog.com,17,24%,nutropic.com,,ROUTED_OTHER,0%,200:17,9,get more info,0%,Links route through nutropic.com/.
whatismoneypodcast.com,17,0%,,,DIRECT,0%,200:17,10,https://www.performancelab.com/breedlove,0%,"Direct link, no redirect hop."
nootropiceromania.com,16,0%,,,DIRECT,50%,"404:8, 200:8",7,Comanda Online,56%,"Direct link, no redirect hop."
yourinception.com,16,0%,,,DIRECT,6%,"302:13, 200:2, 403:1",3,,0%,"Direct link, no redirect hop."
letsvisitasia.com,16,0%,,,DIRECT,0%,"200:9, 301:7",10,,56%,"Direct link, no redirect hop."
fitgirlsdiary.com,16,0%,,,DIRECT,0%,200:16,16,Performance Lab ® Mind,0%,"Direct link, no redirect hop."
biohackstars.com,16,0%,,,DIRECT,0%,"0:9, 200:7",4,Check Price & Availability,81%,"Direct link, no redirect hop."
storedetect.com,16,100%,nutropic.com,,ROUTED_OTHER,0%,200:16,1,All Products | Performance Lab®,0%,Links route through nutropic.com/.
blogpostie.com,16,19%,nutropic.com,,ROUTED_OTHER,0%,200:16,10,more info,0%,Links route through nutropic.com/.
theobloggers.com,16,25%,nutropic.com,,ROUTED_OTHER,0%,200:16,9,here,0%,Links route through nutropic.com/.
myparisblog.com,16,25%,nutropic.com,,ROUTED_OTHER,0%,200:16,9,read more,0%,Links route through nutropic.com/.
blogprodesign.com,16,25%,nutropic.com,,ROUTED_OTHER,0%,200:16,11,check here,0%,Links route through nutropic.com/.
bloggerswise.com,16,19%,nutropic.com,,ROUTED_OTHER,0%,200:16,9,check here,0%,Links route through nutropic.com/.
wssblogs.com,16,25%,nutropic.com,,ROUTED_OTHER,0%,200:16,8,website,0%,Links route through nutropic.com/.
blog-gold.com,16,25%,nutropic.com,,ROUTED_OTHER,0%,200:16,10,get more info,0%,Links route through nutropic.com/.
blogrelation.com,16,25%,nutropic.com,,ROUTED_OTHER,0%,200:16,9,read more,0%,Links route through nutropic.com/.
nootropicblend.com,15,0%,,,DIRECT,0%,"200:14, 307:1",13,Click For Best Price,87%,"Direct link, no redirect hop."
geriatricacademy.com,15,7%,testolabpro.com,,ROUTED_BRAND_OWNED,0%,301:15,9,here,0%,"Links route through testolabpro.com, which is in the client's own brand estate (BRAND_OWNED). This is first-party link management, not a third-party redirect layer."
healthynaturlremedy.com,15,0%,,,DIRECT,0%,200:15,3,Performance Lab Vision is the best vision supplement Performance Lab Vision is the best vision supplement,0%,"Direct link, no redirect hop."
bing.com,15,0%,,,DIRECT,0%,200:15,4,performancelab.com,0%,"Direct link, no redirect hop."
musclesportmag.com,15,0%,,,DIRECT,0%,200:15,15,Performance Lab’s Whole-Food multivitamin,0%,"Direct link, no redirect hop."
ttblogs.com,15,13%,nutropic.com,,ROUTED_OTHER,0%,200:15,9,here,0%,Links route through nutropic.com/.
blogginaway.com,15,27%,nutropic.com,,ROUTED_OTHER,0%,200:15,10,check here,0%,Links route through nutropic.com/.
globalecommerce.org,15,80%,nutropic.com,,ROUTED_OTHER,0%,200:15,4,nutropic.com,0%,Links route through nutropic.com/.
premierinjuries.com,14,0%,,,DIRECT,0%,200:14,11,published on the Performance Lab website,0%,"Direct link, no redirect hop."
skinnyyoked.com,14,0%,,,DIRECT,0%,200:14,13,Performance Lab,86%,"Direct link, no redirect hop."
adventurerz.com,14,0%,,,DIRECT,0%,200:14,7,Verdict:,100%,"Direct link, no redirect hop."
healthtrends.com,14,0%,,,DIRECT,0%,"200:12, 0:2",3,Check the lowest price,0%,"Direct link, no redirect hop."
cro.media,14,0%,,,DIRECT,0%,200:14,2,eu.performancelab.com,100%,"Direct link, no redirect hop."
dailyblogzz.com,14,21%,nutropic.com,,ROUTED_OTHER,0%,200:14,12,nootropics review,0%,Links route through nutropic.com/.
getwebsiteworth.com,14,86%,nutropic.com,,ROUTED_OTHER,0%,200:14,4,nutropic.com,0%,Links route through nutropic.com/.
snipd.com,14,0%,,,DIRECT,0%,200:14,3,https://www.performancelab.com/breedlove,0%,"Direct link, no redirect hop."
rics-foundation.org,13,0%,,,DIRECT,38%,"200:8, 403:5",9,Zinc,0%,"Direct link, no redirect hop."
supplementusa.com,13,0%,,,DIRECT,0%,307:13,1,,0%,"Direct link, no redirect hop."
braintropic.com,13,0%,,,DIRECT,0%,200:13,11,PerformanceLab.com,0%,"Direct link, no redirect hop."
fitnessvolt.com,13,0%,,,DIRECT,0%,200:13,12,Buy at Performance Lab,8%,"Direct link, no redirect hop."
sitelike.org,13,8%,testolabpro.com,,ROUTED_BRAND_OWNED,0%,200:13,2,performancelab.com,100%,"Links route through testolabpro.com, which is in the client's own brand estate (BRAND_OWNED). This is first-party link management, not a third-party redirect layer."
sleepessentialshub.com,13,0%,,,DIRECT,0%,200:13,13,Check Price of Performance Lab® Magnesium,0%,"Direct link, no redirect hop."
liberty-blog.com,13,15%,nutropic.com,,ROUTED_OTHER,0%,200:13,10,read more,0%,Links route through nutropic.com/.
articlesblogger.com,13,23%,nutropic.com,,ROUTED_OTHER,0%,200:13,8,read more,0%,Links route through nutropic.com/.
60andover.net,13,0%,,,DIRECT,0%,200:13,9,Performance Lab Sleep Dietary Supplement product,46%,"Direct link, no redirect hop."
wallpapers.pro,13,77%,nutropic.com,,ROUTED_OTHER,0%,200:13,4,nutropic.com,0%,Links route through nutropic.com/.
factually.co,13,0%,,,DIRECT,0%,200:13,10,[2],0%,"Direct link, no redirect hop."
mymmanews.com,12,0%,,,DIRECT,100%,403:12,8,www.performancelab.com,0%,"Direct link, no redirect hop."
ultimateforceschallenge.com,12,0%,,,DIRECT,0%,200:12,8,BUY NOW,0%,"Direct link, no redirect hop."
verybigbrain.com,12,0%,,,DIRECT,0%,302:12,1,,0%,"Direct link, no redirect hop."
performancelabs.com,12,0%,,,DIRECT,0%,302:12,1,,0%,"Direct link, no redirect hop."
955x.com,12,0%,,,DIRECT,42%,"0:7, 404:5",1,performancelab.com,100%,"Direct link, no redirect hop."
athleticinsight.com,12,0%,,,DIRECT,0%,200:12,8,===>Check Latest Performance Lab NutriGenesis Deals<===,33%,"Direct link, no redirect hop."
worldvegan.co.uk,12,0%,,,DIRECT,0%,200:12,10,Performance Lab Omega 3,0%,"Direct link, no redirect hop."
tunca.org,12,75%,nutropic.com,,ROUTED_OTHER,0%,200:12,4,nutropic.com,0%,Links route through nutropic.com/.
greatestphysiques.com,12,33%,testolabpro.com,,ROUTED_BRAND_OWNED,0%,200:12,12,Best Fat Burner Supplements #5. Burn Lab Pro ® Fat Burner,33%,"Links route through testolabpro.com, which is in the client's own brand estate (BRAND_OWNED). This is first-party link management, not a third-party redirect layer."
bellevuereporter.com,12,100%,amoresplendidlife.com,performance-lab-vision,ROUTED_OTHER,0%,200:12,3,Performance Lab Vision,67%,Links route through amoresplendidlife.com/performance-lab-vision.
ecomscout.com,12,0%,,,DIRECT,0%,200:12,12,Calcium # 6 Calcium $148.00,0%,"Direct link, no redirect hop."
womenhealthhub.com,11,0%,,,DIRECT,0%,200:11,8,Affiliate Partner,0%,"Direct link, no redirect hop."
gossiphealth.com,11,82%,chronotherapeutics.org,performancelabmind,ROUTED_OTHER,0%,200:11,4,Performance Lab Mind,100%,Links route through chronotherapeutics.org/performancelabmind.
sproutnews.com,11,100%,pr.report,bq9tdszc,ROUTED_OTHER,0%,200:11,3,Performance Lab Sleep​,0%,Links route through pr.report/bq9tdszc.
allgoodhealth.net,11,0%,,,DIRECT,0%,"0:7, 302:4",1,,0%,"Direct link, no redirect hop."
entrenamientoseguro.com,11,0%,,,DIRECT,18%,"200:9, 403:2",8,,0%,"Direct link, no redirect hop."
marylandreporter.com,11,100%,bluechewreview.org,performance-lab,ROUTED_CAMPAIGN,0%,200:11,11,(SPECIAL OFFER) Buy Performance Lab Supplements For an Unbelievable Low Price Today!,0%,"All links route through bluechewreview.org/performance-lab — a single brand-named campaign path. This is link-management or affiliate infrastructure, and the brief protects it: a redirect is not itself a toxicity signal."
payitforwardfertility.org,11,18%,testolabpro.com,,ROUTED_BRAND_OWNED,0%,200:11,9,BUY HERE,0%,"Links route through testolabpro.com, which is in the client's own brand estate (BRAND_OWNED). This is first-party link management, not a third-party redirect layer."
dgbloggers.com,11,27%,nutropic.com,,ROUTED_OTHER,0%,200:11,9,website,0%,Links route through nutropic.com/.
bluxeblog.com,11,27%,nutropic.com,,ROUTED_OTHER,0%,200:11,9,daily multivitamin,0%,Links route through nutropic.com/.
blogsvirals.com,11,27%,nutropic.com,,ROUTED_OTHER,0%,200:11,8,more info,0%,Links route through nutropic.com/.
aihcp.net,11,0%,,,DIRECT,0%,200:11,1,benefits of taking multivitamins for men,0%,"Direct link, no redirect hop."
educationalimpactblog.com,11,9%,nutropic.com,,ROUTED_OTHER,0%,200:11,8,check here,0%,Links route through nutropic.com/.
kellyfriesen.ca,10,0%,,,DIRECT,0%,200:10,10,SHOP ALL PRODUCTS,0%,"Direct link, no redirect hop."
nootropicscoach.com,10,0%,,,DIRECT,0%,"301:6, 200:4",8,Performance Lab Mind Review - 4 Bottles of Performance Lab Mind,10%,"Direct link, no redirect hop."
newdirect.net,10,0%,,,DIRECT,0%,307:10,1,,0%,"Direct link, no redirect hop."
interestingfacts.org,10,100%,chronotherapeutics.org,performance-lab-mind-discover,ROUTED_OTHER,0%,200:10,7,Click Here To Get The Lowest Price on Performance Lab Mind,0%,Links route through chronotherapeutics.org/performance-lab-mind-discover.
orlandomagazine.com,10,40%,meritagepress.com,performance-lab-mind,ROUTED_OTHER,0%,200:10,9,Performance Lab Mind,0%,Links route through meritagepress.com/performance-lab-mind.
nourishfit.net,10,0%,,,DIRECT,0%,200:10,6,Check Lowest Price,0%,"Direct link, no redirect hop."
bestsupplementsrated.com,10,0%,,,DIRECT,0%,200:10,7,,0%,"Direct link, no redirect hop."
jackedonthebeanstalk.com,10,0%,,,DIRECT,0%,200:10,7,Performance Lab,0%,"Direct link, no redirect hop."
blogdigy.com,10,20%,nutropic.com,,ROUTED_OTHER,0%,200:10,6,more info,0%,Links route through nutropic.com/.
standingstrongwellnesscoaching.com,10,0%,,,DIRECT,0%,"200:8, 0:2",5,Performance Lab®,0%,"Direct link, no redirect hop."
holisticnootropics.com,10,10%,testolabpro.com,,ROUTED_BRAND_OWNED,0%,"200:7, 301:3",6,,20%,"Links route through testolabpro.com, which is in the client's own brand estate (BRAND_OWNED). This is first-party link management, not a third-party redirect layer."
rimmablog.com,10,30%,nutropic.com,,ROUTED_OTHER,0%,200:10,8,check here,0%,Links route through nutropic.com/.
blogars.com,10,20%,nutropic.com,,ROUTED_OTHER,0%,200:10,7,check here,0%,Links route through nutropic.com/.
aboutyoublog.com,10,20%,nutropic.com,,ROUTED_OTHER,0%,200:10,9,read more,0%,Links route through nutropic.com/.
blogdomago.com,10,30%,nutropic.com,,ROUTED_OTHER,0%,200:10,8,check here,0%,Links route through nutropic.com/.
thezenweb.com,10,10%,nutropic.com,,ROUTED_OTHER,0%,200:10,5,more info,0%,Links route through nutropic.com/.
websiterace.com,10,80%,nutropic.com,,ROUTED_OTHER,0%,200:10,4,nutropic.com,0%,Links route through nutropic.com/.
read.org.in,10,70%,nutropic.com,,ROUTED_OTHER,0%,200:10,4,nutropic.com,0%,Links route through nutropic.com/.
wonvision.com,10,80%,nutropic.com,,ROUTED_OTHER,0%,200:10,4,nutropic.com,0%,Links route through nutropic.com/.
musweb.org,10,80%,nutropic.com,,ROUTED_OTHER,0%,200:10,4,nutropic.com,0%,Links route through nutropic.com/.
egyptiandirectory.com,10,80%,nutropic.com,,ROUTED_OTHER,0%,200:10,4,nutropic.com,0%,Links route through nutropic.com/.
uaewebdirectory.info,10,80%,nutropic.com,,ROUTED_MIXED,0%,200:10,5,nutropic.com,0%,Links route through 4 different redirect hosts — inconsistent with a single managed campaign.
australianwebdirectory.shop,10,80%,nutropic.com,,ROUTED_OTHER,0%,200:10,4,nutropic.com,0%,Links route through nutropic.com/.
bloatatt.blogspot.com,10,100%,testolabpro.com,,ROUTED_BRAND_OWNED,90%,"404:9, 200:1",1,testolabpro.com,100%,"Links route through testolabpro.com, which is in the client's own brand estate (BRAND_OWNED). This is first-party link management, not a third-party redirect layer."
fagfrogs1.blogspot.com,10,100%,testolabpro.com,,ROUTED_BRAND_OWNED,90%,"404:9, 200:1",1,testolabpro.com,100%,"Links route through testolabpro.com, which is in the client's own brand estate (BRAND_OWNED). This is first-party link management, not a third-party redirect layer."
supplementworldcanada.com,10,0%,,,DIRECT,0%,200:10,7,performancelab +2,0%,"Direct link, no redirect hop."
stamic.it,9,100%,nutropic.com,,ROUTED_OTHER,0%,200:9,9,,78%,Links route through nutropic.com/.
wellnesswarrior.org,9,0%,,,DIRECT,0%,"302:7, 200:2",3,,22%,"Direct link, no redirect hop."
xcfnyzte.com,9,0%,,,DIRECT,0%,200:9,8,Try Performance Lab Mind Today!,0%,"Direct link, no redirect hop."
theathleticbuild.com,9,0%,,,DIRECT,0%,200:9,5,Check Price,100%,"Direct link, no redirect hop."
nootropicos.life,9,0%,,,DIRECT,0%,200:9,6,Performance Lab Mind,0%,"Direct link, no redirect hop."
fuelstackr.com,9,0%,,,DIRECT,0%,"0:5, 200:4",7,[Affiliate Link],0%,"Direct link, no redirect hop."
veganfitguide.com,9,0%,,,DIRECT,0%,200:9,7,Performance Lab,0%,"Direct link, no redirect hop."
cctvss1004.com,9,0%,,,DIRECT,0%,"301:8, 200:1",1,class=,100%,"Direct link, no redirect hop."
bloguerosa.com,9,22%,nutropic.com,,ROUTED_OTHER,0%,200:9,7,here,0%,Links route through nutropic.com/.
anchor-blog.com,9,22%,nutropic.com,,ROUTED_OTHER,0%,200:9,7,read more,0%,Links route through nutropic.com/.
muscleandbrawn.com,9,0%,,,DIRECT,22%,"200:7, 403:2",9,Buy Now,0%,"Direct link, no redirect hop."
talkingrugbyunion.co.uk,9,0%,,,DIRECT,0%,200:9,9,multivitamins,0%,"Direct link, no redirect hop."
takes.sbs,9,89%,dtcx.com,,ROUTED_OTHER,0%,200:9,4,dtcx.com,100%,Links route through dtcx.com/.
pagesearch.net,9,89%,nutropic.com,,ROUTED_OTHER,0%,200:9,4,nutropic.com,0%,Links route through nutropic.com/.
blog2news.com,9,11%,nutropic.com,,ROUTED_OTHER,0%,200:9,8,get more info,0%,Links route through nutropic.com/.
vitafithub.com,9,0%,,,DIRECT,0%,200:9,9,Get NOW!,0%,"Direct link, no redirect hop."
thirty.co.in,9,89%,dtcx.com,,ROUTED_MIXED,0%,200:9,5,dtcx.com,0%,Links route through 4 different redirect hosts — inconsistent with a single managed campaign.
medicastore.com,9,0%,,,DIRECT,0%,200:9,3,,0%,"Direct link, no redirect hop."
aferg.co,8,0%,,,DIRECT,0%,301:8,1,,0%,"Direct link, no redirect hop."
bestnootropicsnow.com,8,0%,,,DIRECT,0%,0:8,6,here,88%,"Direct link, no redirect hop."
eastphoenixau.com,8,0%,,,DIRECT,0%,200:8,5,Coffee vs Caffeine Pills - Performance Lab®,100%,"Direct link, no redirect hop."
intouchrugby.com,8,0%,,,DIRECT,12%,"200:7, 403:1",8,pre-workout amino acid blend,0%,"Direct link, no redirect hop."
fitbay.net,8,0%,,,DIRECT,75%,"404:6, 200:2",4,Performance Lab SPORT T-Booster,0%,"Direct link, no redirect hop."
torokhtiy.com,8,0%,,,DIRECT,0%,200:8,8,allergic reactions,0%,"Direct link, no redirect hop."
pmotionhealth.com,8,50%,prelabpro.com,blogs/nutrition/how-long-does-pre-workout-stay-in-your-system,ROUTED_BRAND_OWNED,0%,200:8,4,https://www.prelabpro.com/blogs/nutrition/how-long-does-pre-workout-stay-in-your-system,100%,"Links route through prelabpro.com, which is in the client's own brand estate (BRAND_OWNED). This is first-party link management, not a third-party redirect layer."
heyspotmegirl.com,8,0%,,,DIRECT,0%,"200:6, 302:2",7,,0%,"Direct link, no redirect hop."
manninghammedicalcentre.com.au,8,0%,,,DIRECT,0%,200:8,2,What is ug?: A Guide to Vitamin Measurements,100%,"Direct link, no redirect hop."
happytest.shop,8,0%,,,DIRECT,0%,200:8,6,Link,0%,"Direct link, no redirect hop."
runnerclick.com,8,0%,,,DIRECT,0%,200:8,5,Check Price,100%,"Direct link, no redirect hop."
lasantanera.com,8,0%,,,DIRECT,0%,200:8,2,TG @LINKS_DEALER | EFFECTIVE SEO LINKS FOR WWW.PERFORMANCELAB.COM,100%,"Direct link, no redirect hop."
2x9.co,8,75%,nutropic.com,,ROUTED_OTHER,0%,200:8,4,nutropic.com,0%,Links route through nutropic.com/.
simplygaurav.com,8,0%,,,DIRECT,0%,200:8,2,TG @LINKS_DEALER | EFFECTIVE SEO LINKS FOR WWW.PERFORMANCELAB.COM,100%,"Direct link, no redirect hop."
theideasblog.com,8,12%,nutropic.com,,ROUTED_OTHER,0%,200:8,5,read more,0%,Links route through nutropic.com/.
ycm.info,8,88%,nutropic.com,,ROUTED_OTHER,0%,200:8,4,nutropic.com,0%,Links route through nutropic.com/.
linksnatcher.com,8,75%,nutropic.com,,ROUTED_OTHER,0%,200:8,4,nutropic.com,0%,Links route through nutropic.com/.
way2check.cv,8,75%,nutropic.com,,ROUTED_OTHER,0%,200:8,4,nutropic.com,0%,Links route through nutropic.com/.
morerss.com,8,0%,,,DIRECT,0%,200:8,2,Performance Lab,0%,"Direct link, no redirect hop."
way2check.art,8,88%,nutropic.com,,ROUTED_MIXED,0%,200:8,5,nutropic.com,0%,Links route through 4 different redirect hosts — inconsistent with a single managed campaign.
karlsformula.com,8,0%,,,DIRECT,0%,200:8,5,Performance Lab: How Long Does Vitamin K2 Stay In The Body?,38%,"Direct link, no redirect hop."
charteredstudies.in,8,0%,,,DIRECT,0%,200:8,1,🍪 TELEGRAM @SALESOVEN | ACCESS TO HACKED SITES FOR SEO | HTTPS://T.ME/SALESOVEN 🔥,100%,"Direct link, no redirect hop."
septicsol.net,8,0%,,,DIRECT,0%,200:8,1,🍪 TELEGRAM @SALESOVEN | ACCESS TO HACKED SITES FOR SEO | HTTPS://T.ME/SALESOVEN 🔥,100%,"Direct link, no redirect hop."
mainpg88.com,8,0%,,,DIRECT,0%,200:8,1,🍪 TELEGRAM @SALESOVEN | ACCESS TO HACKED SITES FOR SEO | HTTPS://T.ME/SALESOVEN 🔥,100%,"Direct link, no redirect hop."
bluecantera.com,8,50%,testolabpro.com,,ROUTED_BRAND_OWNED,0%,200:8,1,JOIN OUR TELEGRAM https://t.me/s/darksidelinks,100%,"Links route through testolabpro.com, which is in the client's own brand estate (BRAND_OWNED). This is first-party link management, not a third-party redirect layer."
magnesiumsleep.uk,7,14%,prelabpro.com,blogs/nutrition/vitamin-d-and-potassium,ROUTED_BRAND_OWNED,0%,200:7,7,https://www.performancelab.com/blogs/multi/can-you-take-iron-and-magnesium-together,86%,"Links route through prelabpro.com, which is in the client's own brand estate (BRAND_OWNED). This is first-party link management, not a third-party redirect layer."
farrinstitute.org,7,57%,fitliving.org,go/nootropics-perfomancelabmind-productpage-general-all,ROUTED_OTHER,0%,"200:4, 302:2, 301:1",4,,57%,Links route through fitliving.org/go/nootropics-perfomancelabmind-productpage-general-all.
evolutionofbodybuilding.net,7,0%,,,DIRECT,0%,"200:6, 0:1",7,T+ T+,14%,"Direct link, no redirect hop."
dtcx.com,7,29%,nutropic.com,,ROUTED_OTHER,0%,"301:4, 200:3",3,,0%,Links route through nutropic.com/.
exactnewz.com,7,0%,,,DIRECT,0%,200:7,7,Performance lab mct oil Performance lab mct oil Performance lab mct oil,100%,"Direct link, no redirect hop."
food4me.org,7,0%,,,DIRECT,100%,404:7,5,Check the lowest price,0%,"Direct link, no redirect hop."
knowyourbrain2.weebly.com,7,0%,,,DIRECT,0%,200:7,3,Performance Lab® Sleep,100%,"Direct link, no redirect hop."
oszar.com,7,0%,,,DIRECT,14%,"200:6, 403:1",7,Best Caffeine Free Pre-Workout Supplements,57%,"Direct link, no redirect hop."
ithy.com,7,0%,,,DIRECT,0%,200:7,5,Which Is Better - Quercetin or CoQ10? | Performance Lab®,100%,"Direct link, no redirect hop."
nootropicsplanet.com,7,0%,,,DIRECT,0%,200:7,7,Performance Lab,100%,"Direct link, no redirect hop."
healthinsider.news,7,0%,,,DIRECT,0%,200:7,1,Performance Lab MCT,100%,"Direct link, no redirect hop."
glarity.app,7,0%,,,DIRECT,0%,200:7,5,[5,100%,"Direct link, no redirect hop."
generation-iron-podcast.simplecast.com,7,0%,,,DIRECT,0%,200:7,1,https://www.performancelab.com/,0%,"Direct link, no redirect hop."
edibleethics.com,7,0%,,,DIRECT,57%,"403:4, 200:3",5,Buy Performance Lab here,0%,"Direct link, no redirect hop."
tblogz.com,7,43%,nutropic.com,,ROUTED_OTHER,0%,200:7,5,check here,0%,Links route through nutropic.com/.
blogzet.com,7,14%,nutropic.com,,ROUTED_OTHER,0%,200:7,5,here,0%,Links route through nutropic.com/.
suppleroo.com,7,0%,,,DIRECT,57%,"404:4, 0:3",1,www.performancelab.com,100%,"Direct link, no redirect hop."
isblog.net,7,14%,nutropic.com,,ROUTED_OTHER,0%,200:7,5,get more info,0%,Links route through nutropic.com/.
suomiblog.com,7,14%,nutropic.com,,ROUTED_OTHER,0%,200:7,6,immune support supplements,0%,Links route through nutropic.com/.
booksreadr.org,7,71%,nutropic.com,,ROUTED_OTHER,0%,200:7,4,nutropic.com,0%,Links route through nutropic.com/.
optimisedwebsites.com,7,86%,nutropic.com,,ROUTED_OTHER,0%,200:7,4,nutropic.com,0%,Links route through nutropic.com/.
runningwebsites.net,7,57%,dtcx.com,,ROUTED_OTHER,0%,200:7,4,performancelab.com,0%,Links route through dtcx.com/.
alljobs.info,7,86%,nutropic.com,,ROUTED_OTHER,0%,200:7,4,nutropic.com,0%,Links route through nutropic.com/.
domainanalysis.org,7,100%,nutropic.com,,ROUTED_OTHER,0%,200:7,3,nutropic.com,0%,Links route through nutropic.com/.
hebagh.cv,7,71%,performancelabs.com,,ROUTED_OTHER,0%,200:7,4,performancelab.com,0%,Links route through performancelabs.com/.
yesdomains.space,7,71%,performancelabs.com,,ROUTED_OTHER,0%,200:7,4,performancelab.com,0%,Links route through performancelabs.com/.
queries.co.in,7,86%,testolabpro.com,,ROUTED_BRAND_OWNED,0%,200:7,4,testolabpro.com,0%,"Links route through testolabpro.com, which is in the client's own brand estate (BRAND_OWNED). This is first-party link management, not a third-party redirect layer."
topleveldomains.space,7,86%,testolabpro.com,,ROUTED_BRAND_OWNED,0%,200:7,4,testolabpro.com,0%,"Links route through testolabpro.com, which is in the client's own brand estate (BRAND_OWNED). This is first-party link management, not a third-party redirect layer."
factmags.com,7,86%,testolabpro.com,,ROUTED_BRAND_OWNED,0%,200:7,3,https://testolabpro.com/,100%,"Links route through testolabpro.com, which is in the client's own brand estate (BRAND_OWNED). This is first-party link management, not a third-party redirect layer."
dryamroka.com,7,0%,,,DIRECT,0%,200:7,1,🍪 TELEGRAM @SALESOVEN | ACCESS TO HACKED SITES FOR SEO | HTTPS://T.ME/SALESOVEN 🔥,100%,"Direct link, no redirect hop."
botrond.com,7,0%,,,DIRECT,0%,200:7,1,🍪 TELEGRAM @SALESOVEN | ACCESS TO HACKED SITES FOR SEO | HTTPS://T.ME/SALESOVEN 🔥,100%,"Direct link, no redirect hop."
irantbs.com,7,0%,,,DIRECT,0%,200:7,1,🍪 TELEGRAM @SALESOVEN | ACCESS TO HACKED SITES FOR SEO | HTTPS://T.ME/SALESOVEN 🔥,100%,"Direct link, no redirect hop."
unanswered.io,7,0%,,,DIRECT,0%,200:7,7,"Vitamin K2 for Skin: Benefits for Youthful, Firm Skin | Performance Lab®",100%,"Direct link, no redirect hop."
bestwebstats.com,7,86%,nutropic.com,,ROUTED_OTHER,0%,200:7,4,nutropic.com,0%,Links route through nutropic.com/.
diyprinting.shop,7,0%,,,DIRECT,0%,200:7,1,🍪 TELEGRAM @SALESOVEN | ACCESS TO HACKED SITES FOR SEO | HTTPS://T.ME/SALESOVEN 🔥,100%,"Direct link, no redirect hop."
cytopore.blogspot.com,7,100%,testolabpro.com,,ROUTED_BRAND_OWNED,71%,"404:5, 200:2",1,testolabpro.com,100%,"Links route through testolabpro.com, which is in the client's own brand estate (BRAND_OWNED). This is first-party link management, not a third-party redirect layer."
emegabiza.blogspot.com,7,100%,testolabpro.com,,ROUTED_BRAND_OWNED,86%,"404:6, 200:1",1,testolabpro.com,100%,"Links route through testolabpro.com, which is in the client's own brand estate (BRAND_OWNED). This is first-party link management, not a third-party redirect layer."
idealnet.com.hk,7,0%,,,DIRECT,0%,200:7,1,🍪 TELEGRAM @SALESOVEN | ACCESS TO HACKED SITES FOR SEO | HTTPS://T.ME/SALESOVEN 🔥,100%,"Direct link, no redirect hop."
ggpartnersconsortium.com,7,0%,,,DIRECT,0%,200:7,1,🍪 TELEGRAM @SALESOVEN | ACCESS TO HACKED SITES FOR SEO | HTTPS://T.ME/SALESOVEN 🔥,100%,"Direct link, no redirect hop."
performixhouse.com,6,67%,wlghconferences.org,performancelab-maintain,ROUTED_OTHER,0%,200:6,4,Performance Lab SPORT Maintain,100%,Links route through wlghconferences.org/performancelab-maintain.
ndtv.com,6,100%,top7sites.org,meh7,ROUTED_OTHER,0%,200:6,6,Click Here To Buy From Official Website,100%,Links route through top7sites.org/meh7.
abc-directory.com,6,100%,performancelabs.com,,ROUTED_OTHER,0%,200:6,1,http://www.performancelabs.com/,100%,Links route through performancelabs.com/.
fitnessdonkey.com,6,50%,supplementsjar.com,performancelabmind,ROUTED_OTHER,0%,"307:3, 200:3",3,,0%,Links route through supplementsjar.com/performancelabmind.
healthtips.blog,6,0%,,,DIRECT,0%,200:6,5,Order Now for – $50.00,67%,"Direct link, no redirect hop."
top10supps.com,6,33%,testolabpro.com,,ROUTED_BRAND_OWNED,0%,200:6,2,Shop Performancelab.com,100%,"Links route through testolabpro.com, which is in the client's own brand estate (BRAND_OWNED). This is first-party link management, not a third-party redirect layer."
salaosot.com,6,0%,,,DIRECT,0%,200:6,1,https://www.performancelab.com/blogs/vision/bilberry-extract-benefits-for-eyes-health-and-optimal-dosage,0%,"Direct link, no redirect hop."
qolhealthperformance.com,6,0%,,,DIRECT,0%,200:6,1,Training for Aesthetics v Training for Athletics | Performance Lab®,0%,"Direct link, no redirect hop."
planyourvitamins.com,6,0%,,,DIRECT,0%,200:6,4,https://www.performancelab.com/blogs/immune/glutathione-and-vitamin-c,100%,"Direct link, no redirect hop."
whatsthebest.co.uk,6,0%,,,DIRECT,0%,200:6,4,View offer,0%,"Direct link, no redirect hop."
immusehealth.com,6,0%,,,DIRECT,0%,200:6,3,PerformanceLab.com,0%,"Direct link, no redirect hop."
drugs-forum.org,6,17%,testolabpro.com,blogs/nutrition/ksm-66-what-does-it-do-uses-best-brand,ROUTED_BRAND_OWNED,0%,200:6,2,Read more,0%,"Links route through testolabpro.com, which is in the client's own brand estate (BRAND_OWNED). This is first-party link management, not a third-party redirect layer."
thehindu.com,6,0%,,,DIRECT,0%,200:6,5,Click Here to Visit the Official Website,50%,"Direct link, no redirect hop."
geni.us,6,0%,,,DIRECT,0%,302:6,1,,0%,"Direct link, no redirect hop."
windowssearch-exp.com,6,0%,,,DIRECT,0%,200:6,2,performancelab.com,0%,"Direct link, no redirect hop."
vitaetapestry.com,6,0%,,,DIRECT,0%,200:6,6,https://www.performancelab.com/blogs/multi/can-you-take-vitamin-d-and-iron-together,0%,"Direct link, no redirect hop."
seo-anomaly-linkbuilding.website,6,0%,,,DIRECT,0%,200:6,1,"TELEGRAM @SEO_ANOMALY - SEO BACKLINKS, BLACK-LINKS, TRAFFIC BOOST, LINK INDEXING",100%,"Direct link, no redirect hop."
seo-anomaly-anchor.website,6,0%,,,DIRECT,0%,200:6,1,"TELEGRAM @SEO_ANOMALY - SEO BACKLINKS, BLACK-LINKS, TRAFFIC BOOST, LINK INDEXING",100%,"Direct link, no redirect hop."
seo-anomaly-hreflang.website,6,0%,,,DIRECT,0%,200:6,1,"TELEGRAM @SEO_ANOMALY - SEO BACKLINKS, BLACK-LINKS, TRAFFIC BOOST, LINK INDEXING",100%,"Direct link, no redirect hop."
seo-anomaly-teacher.site,6,0%,,,DIRECT,0%,200:6,1,"TELEGRAM @SEO_ANOMALY - SEO BACKLINKS, BLACK-LINKS, TRAFFIC BOOST, LINK INDEXING",100%,"Direct link, no redirect hop."
seo-anomaly-snippet.space,6,0%,,,DIRECT,0%,200:6,1,"TELEGRAM @SEO_ANOMALY - SEO BACKLINKS, BLACK-LINKS, TRAFFIC BOOST, LINK INDEXING",100%,"Direct link, no redirect hop."
seo-anomaly-keydensity.online,6,0%,,,DIRECT,0%,200:6,1,"TELEGRAM @SEO_ANOMALY - SEO BACKLINKS, BLACK-LINKS, TRAFFIC BOOST, LINK INDEXING",100%,"Direct link, no redirect hop."
seo-anomaly-rock.site,6,0%,,,DIRECT,0%,200:6,1,"TELEGRAM @SEO_ANOMALY - SEO BACKLINKS, BLACK-LINKS, TRAFFIC BOOST, LINK INDEXING",100%,"Direct link, no redirect hop."
seo-anomaly-black.space,6,0%,,,DIRECT,0%,200:6,1,"TELEGRAM @SEO_ANOMALY - SEO BACKLINKS, BLACK-LINKS, TRAFFIC BOOST, LINK INDEXING",100%,"Direct link, no redirect hop."
seo-anomaly-engagement.online,6,0%,,,DIRECT,0%,200:6,1,"TELEGRAM @SEO_ANOMALY - SEO BACKLINKS, BLACK-LINKS, TRAFFIC BOOST, LINK INDEXING",100%,"Direct link, no redirect hop."
seo-anomaly-crawling.online,6,0%,,,DIRECT,0%,200:6,1,"TELEGRAM @SEO_ANOMALY - SEO BACKLINKS, BLACK-LINKS, TRAFFIC BOOST, LINK INDEXING",100%,"Direct link, no redirect hop."
seo-anomaly-canonical.space,6,0%,,,DIRECT,0%,200:6,1,"TELEGRAM @SEO_ANOMALY - SEO BACKLINKS, BLACK-LINKS, TRAFFIC BOOST, LINK INDEXING",100%,"Direct link, no redirect hop."
seo-anomaly-snippet.website,6,0%,,,DIRECT,0%,200:6,1,"TELEGRAM @SEO_ANOMALY - SEO BACKLINKS, BLACK-LINKS, TRAFFIC BOOST, LINK INDEXING",100%,"Direct link, no redirect hop."
seo-anomaly-crawlbudget.website,6,0%,,,DIRECT,0%,200:6,1,"TELEGRAM @SEO_ANOMALY - SEO BACKLINKS, BLACK-LINKS, TRAFFIC BOOST, LINK INDEXING",100%,"Direct link, no redirect hop."
seo-anomaly-organic.space,6,0%,,,DIRECT,0%,200:6,1,"TELEGRAM @SEO_ANOMALY - SEO BACKLINKS, BLACK-LINKS, TRAFFIC BOOST, LINK INDEXING",100%,"Direct link, no redirect hop."
seo-anomaly-authority.website,6,0%,,,DIRECT,0%,200:6,1,"TELEGRAM @SEO_ANOMALY - SEO BACKLINKS, BLACK-LINKS, TRAFFIC BOOST, LINK INDEXING",100%,"Direct link, no redirect hop."
seo-anomaly-conversion.space,6,0%,,,DIRECT,0%,200:6,1,"TELEGRAM @SEO_ANOMALY - SEO BACKLINKS, BLACK-LINKS, TRAFFIC BOOST, LINK INDEXING",100%,"Direct link, no redirect hop."
seo-anomaly-domain.space,6,0%,,,DIRECT,0%,200:6,1,"TELEGRAM @SEO_ANOMALY - SEO BACKLINKS, BLACK-LINKS, TRAFFIC BOOST, LINK INDEXING",100%,"Direct link, no redirect hop."
seo-anomaly-crawling.space,6,0%,,,DIRECT,0%,200:6,1,"TELEGRAM @SEO_ANOMALY - SEO BACKLINKS, BLACK-LINKS, TRAFFIC BOOST, LINK INDEXING",100%,"Direct link, no redirect hop."
seo-anomaly-seoaudit.space,6,0%,,,DIRECT,0%,200:6,1,"TELEGRAM @SEO_ANOMALY - SEO BACKLINKS, BLACK-LINKS, TRAFFIC BOOST, LINK INDEXING",100%,"Direct link, no redirect hop."
seo-anomaly-metadata.online,6,0%,,,DIRECT,0%,200:6,1,"TELEGRAM @SEO_ANOMALY - SEO BACKLINKS, BLACK-LINKS, TRAFFIC BOOST, LINK INDEXING",100%,"Direct link, no redirect hop."
seo-anomaly-anchor.site,6,0%,,,DIRECT,0%,200:6,1,"TELEGRAM @SEO_ANOMALY - SEO BACKLINKS, BLACK-LINKS, TRAFFIC BOOST, LINK INDEXING",100%,"Direct link, no redirect hop."
seo-anomaly-hreflang.space,6,0%,,,DIRECT,0%,200:6,1,"TELEGRAM @SEO_ANOMALY - SEO BACKLINKS, BLACK-LINKS, TRAFFIC BOOST, LINK INDEXING",100%,"Direct link, no redirect hop."
seo-anomaly-linkbuilding.online,6,0%,,,DIRECT,0%,200:6,1,"TELEGRAM @SEO_ANOMALY - SEO BACKLINKS, BLACK-LINKS, TRAFFIC BOOST, LINK INDEXING",100%,"Direct link, no redirect hop."
seo-anomaly-black.website,6,0%,,,DIRECT,0%,200:6,1,"TELEGRAM @SEO_ANOMALY - SEO BACKLINKS, BLACK-LINKS, TRAFFIC BOOST, LINK INDEXING",100%,"Direct link, no redirect hop."
seo-anomaly-crawlbudget.space,6,0%,,,DIRECT,0%,200:6,1,"TELEGRAM @SEO_ANOMALY - SEO BACKLINKS, BLACK-LINKS, TRAFFIC BOOST, LINK INDEXING",100%,"Direct link, no redirect hop."
seo-anomaly-seoaudit.site,6,0%,,,DIRECT,0%,200:6,1,"TELEGRAM @SEO_ANOMALY - SEO BACKLINKS, BLACK-LINKS, TRAFFIC BOOST, LINK INDEXING",100%,"Direct link, no redirect hop."
seo-anomaly-seoaudit.online,6,0%,,,DIRECT,0%,200:6,1,"TELEGRAM @SEO_ANOMALY - SEO BACKLINKS, BLACK-LINKS, TRAFFIC BOOST, LINK INDEXING",100%,"Direct link, no redirect hop."
seo-anomaly-anchor.space,6,0%,,,DIRECT,0%,200:6,1,"TELEGRAM @SEO_ANOMALY - SEO BACKLINKS, BLACK-LINKS, TRAFFIC BOOST, LINK INDEXING",100%,"Direct link, no redirect hop."
seo-anomaly-bounce.space,6,0%,,,DIRECT,0%,200:6,1,"TELEGRAM @SEO_ANOMALY - SEO BACKLINKS, BLACK-LINKS, TRAFFIC BOOST, LINK INDEXING",100%,"Direct link, no redirect hop."
seo-anomaly-domain.online,6,0%,,,DIRECT,0%,200:6,1,"TELEGRAM @SEO_ANOMALY - SEO BACKLINKS, BLACK-LINKS, TRAFFIC BOOST, LINK INDEXING",100%,"Direct link, no redirect hop."
seo-anomaly-serp.website,6,0%,,,DIRECT,0%,200:6,1,"TELEGRAM @SEO_ANOMALY - SEO BACKLINKS, BLACK-LINKS, TRAFFIC BOOST, LINK INDEXING",100%,"Direct link, no redirect hop."
seo-anomaly-authority.space,6,0%,,,DIRECT,0%,200:6,1,"TELEGRAM @SEO_ANOMALY - SEO BACKLINKS, BLACK-LINKS, TRAFFIC BOOST, LINK INDEXING",100%,"Direct link, no redirect hop."
seo-anomaly-linkbuilding.space,6,0%,,,DIRECT,0%,200:6,1,"TELEGRAM @SEO_ANOMALY - SEO BACKLINKS, BLACK-LINKS, TRAFFIC BOOST, LINK INDEXING",100%,"Direct link, no redirect hop."
seo-anomaly-conversion.online,6,0%,,,DIRECT,0%,200:6,1,"TELEGRAM @SEO_ANOMALY - SEO BACKLINKS, BLACK-LINKS, TRAFFIC BOOST, LINK INDEXING",100%,"Direct link, no redirect hop."
seo-anomaly-dofollow.space,6,0%,,,DIRECT,0%,200:6,1,"TELEGRAM @SEO_ANOMALY - SEO BACKLINKS, BLACK-LINKS, TRAFFIC BOOST, LINK INDEXING",100%,"Direct link, no redirect hop."
seo-anomaly-seoaudit.website,6,0%,,,DIRECT,0%,200:6,1,"TELEGRAM @SEO_ANOMALY - SEO BACKLINKS, BLACK-LINKS, TRAFFIC BOOST, LINK INDEXING",100%,"Direct link, no redirect hop."
seo-anomaly-sitemap.website,6,0%,,,DIRECT,0%,200:6,1,"TELEGRAM @SEO_ANOMALY - SEO BACKLINKS, BLACK-LINKS, TRAFFIC BOOST, LINK INDEXING",100%,"Direct link, no redirect hop."
seo-anomaly-ctr.website,6,0%,,,DIRECT,0%,200:6,1,"TELEGRAM @SEO_ANOMALY - SEO BACKLINKS, BLACK-LINKS, TRAFFIC BOOST, LINK INDEXING",100%,"Direct link, no redirect hop."
seo-anomaly-backlink.site,6,0%,,,DIRECT,0%,200:6,1,"TELEGRAM @SEO_ANOMALY - SEO BACKLINKS, BLACK-LINKS, TRAFFIC BOOST, LINK INDEXING",100%,"Direct link, no redirect hop."
seo-anomaly-engagement.site,6,0%,,,DIRECT,0%,200:6,1,"TELEGRAM @SEO_ANOMALY - SEO BACKLINKS, BLACK-LINKS, TRAFFIC BOOST, LINK INDEXING",100%,"Direct link, no redirect hop."
seo-anomaly-ctr.online,6,0%,,,DIRECT,0%,200:6,1,"TELEGRAM @SEO_ANOMALY - SEO BACKLINKS, BLACK-LINKS, TRAFFIC BOOST, LINK INDEXING",100%,"Direct link, no redirect hop."
seo-anomaly-serp.online,6,0%,,,DIRECT,0%,200:6,1,"TELEGRAM @SEO_ANOMALY - SEO BACKLINKS, BLACK-LINKS, TRAFFIC BOOST, LINK INDEXING",100%,"Direct link, no redirect hop."
seo-anomaly-domain.site,6,0%,,,DIRECT,0%,200:6,1,"TELEGRAM @SEO_ANOMALY - SEO BACKLINKS, BLACK-LINKS, TRAFFIC BOOST, LINK INDEXING",100%,"Direct link, no redirect hop."
seo-anomaly-dofollow.website,6,0%,,,DIRECT,0%,200:6,1,"TELEGRAM @SEO_ANOMALY - SEO BACKLINKS, BLACK-LINKS, TRAFFIC BOOST, LINK INDEXING",100%,"Direct link, no redirect hop."
seo-anomaly-hreflang.online,6,0%,,,DIRECT,0%,200:6,1,"TELEGRAM @SEO_ANOMALY - SEO BACKLINKS, BLACK-LINKS, TRAFFIC BOOST, LINK INDEXING",100%,"Direct link, no redirect hop."
seo-anomaly-engagement.website,6,0%,,,DIRECT,0%,200:6,1,"TELEGRAM @SEO_ANOMALY - SEO BACKLINKS, BLACK-LINKS, TRAFFIC BOOST, LINK INDEXING",100%,"Direct link, no redirect hop."
seo-anomaly-keydensity.site,6,0%,,,DIRECT,0%,200:6,1,"TELEGRAM @SEO_ANOMALY - SEO BACKLINKS, BLACK-LINKS, TRAFFIC BOOST, LINK INDEXING",100%,"Direct link, no redirect hop."
seo-anomaly-crawlbudget.site,6,0%,,,DIRECT,0%,200:6,1,"TELEGRAM @SEO_ANOMALY - SEO BACKLINKS, BLACK-LINKS, TRAFFIC BOOST, LINK INDEXING",100%,"Direct link, no redirect hop."
seo-anomaly-organic.website,6,0%,,,DIRECT,0%,200:6,1,"TELEGRAM @SEO_ANOMALY - SEO BACKLINKS, BLACK-LINKS, TRAFFIC BOOST, LINK INDEXING",100%,"Direct link, no redirect hop."
seo-anomaly-ctr.site,6,0%,,,DIRECT,0%,200:6,1,"TELEGRAM @SEO_ANOMALY - SEO BACKLINKS, BLACK-LINKS, TRAFFIC BOOST, LINK INDEXING",100%,"Direct link, no redirect hop."
seo-anomaly-linkbuilding.site,6,0%,,,DIRECT,0%,200:6,1,"TELEGRAM @SEO_ANOMALY - SEO BACKLINKS, BLACK-LINKS, TRAFFIC BOOST, LINK INDEXING",100%,"Direct link, no redirect hop."
seo-anomaly-backlink.online,6,0%,,,DIRECT,0%,200:6,1,"TELEGRAM @SEO_ANOMALY - SEO BACKLINKS, BLACK-LINKS, TRAFFIC BOOST, LINK INDEXING",100%,"Direct link, no redirect hop."
seo-anomaly-metadata.space,6,0%,,,DIRECT,0%,200:6,1,"TELEGRAM @SEO_ANOMALY - SEO BACKLINKS, BLACK-LINKS, TRAFFIC BOOST, LINK INDEXING",100%,"Direct link, no redirect hop."
seo-anomaly-alttext.online,6,0%,,,DIRECT,0%,200:6,1,"TELEGRAM @SEO_ANOMALY - SEO BACKLINKS, BLACK-LINKS, TRAFFIC BOOST, LINK INDEXING",100%,"Direct link, no redirect hop."
seo-anomaly-black.online,6,0%,,,DIRECT,0%,200:6,1,"TELEGRAM @SEO_ANOMALY - SEO BACKLINKS, BLACK-LINKS, TRAFFIC BOOST, LINK INDEXING",100%,"Direct link, no redirect hop."
seo-anomaly-index.online,6,0%,,,DIRECT,0%,200:6,1,"TELEGRAM @SEO_ANOMALY - SEO BACKLINKS, BLACK-LINKS, TRAFFIC BOOST, LINK INDEXING",100%,"Direct link, no redirect hop."
seo-anomaly-serp.site,6,0%,,,DIRECT,0%,200:6,1,"TELEGRAM @SEO_ANOMALY - SEO BACKLINKS, BLACK-LINKS, TRAFFIC BOOST, LINK INDEXING",100%,"Direct link, no redirect hop."
seo-anomaly-snippet.site,6,0%,,,DIRECT,0%,200:6,1,"TELEGRAM @SEO_ANOMALY - SEO BACKLINKS, BLACK-LINKS, TRAFFIC BOOST, LINK INDEXING",100%,"Direct link, no redirect hop."
seo-anomaly-keydensity.website,6,0%,,,DIRECT,0%,200:6,1,"TELEGRAM @SEO_ANOMALY - SEO BACKLINKS, BLACK-LINKS, TRAFFIC BOOST, LINK INDEXING",100%,"Direct link, no redirect hop."
seo-anomaly-indexing.website,6,0%,,,DIRECT,0%,200:6,1,"TELEGRAM @SEO_ANOMALY - SEO BACKLINKS, BLACK-LINKS, TRAFFIC BOOST, LINK INDEXING",100%,"Direct link, no redirect hop."
seo-anomaly-sitemap.space,6,0%,,,DIRECT,0%,200:6,1,"TELEGRAM @SEO_ANOMALY - SEO BACKLINKS, BLACK-LINKS, TRAFFIC BOOST, LINK INDEXING",100%,"Direct link, no redirect hop."
seo-anomaly-sitemap.online,6,0%,,,DIRECT,0%,200:6,1,"TELEGRAM @SEO_ANOMALY - SEO BACKLINKS, BLACK-LINKS, TRAFFIC BOOST, LINK INDEXING",100%,"Direct link, no redirect hop."
seo-anomaly-indexing.site,6,0%,,,DIRECT,0%,200:6,1,"TELEGRAM @SEO_ANOMALY - SEO BACKLINKS, BLACK-LINKS, TRAFFIC BOOST, LINK INDEXING",100%,"Direct link, no redirect hop."
seo-anomaly-crawling.site,6,0%,,,DIRECT,0%,200:6,1,"TELEGRAM @SEO_ANOMALY - SEO BACKLINKS, BLACK-LINKS, TRAFFIC BOOST, LINK INDEXING",100%,"Direct link, no redirect hop."
seo-anomaly-bounce.site,6,0%,,,DIRECT,0%,200:6,1,"TELEGRAM @SEO_ANOMALY - SEO BACKLINKS, BLACK-LINKS, TRAFFIC BOOST, LINK INDEXING",100%,"Direct link, no redirect hop."
seo-anomaly-authority.site,6,0%,,,DIRECT,0%,200:6,1,"TELEGRAM @SEO_ANOMALY - SEO BACKLINKS, BLACK-LINKS, TRAFFIC BOOST, LINK INDEXING",100%,"Direct link, no redirect hop."
seo-anomaly-metadata.website,6,0%,,,DIRECT,0%,200:6,1,"TELEGRAM @SEO_ANOMALY - SEO BACKLINKS, BLACK-LINKS, TRAFFIC BOOST, LINK INDEXING",100%,"Direct link, no redirect hop."
seo-anomaly-alttext.website,6,0%,,,DIRECT,0%,200:6,1,"TELEGRAM @SEO_ANOMALY - SEO BACKLINKS, BLACK-LINKS, TRAFFIC BOOST, LINK INDEXING",100%,"Direct link, no redirect hop."
seo-anomaly-alttext.space,6,0%,,,DIRECT,0%,200:6,1,"TELEGRAM @SEO_ANOMALY - SEO BACKLINKS, BLACK-LINKS, TRAFFIC BOOST, LINK INDEXING",100%,"Direct link, no redirect hop."
seo-anomaly-snippet.online,6,0%,,,DIRECT,0%,200:6,1,"TELEGRAM @SEO_ANOMALY - SEO BACKLINKS, BLACK-LINKS, TRAFFIC BOOST, LINK INDEXING",100%,"Direct link, no redirect hop."
seo-anomaly-backlink.space,6,0%,,,DIRECT,0%,200:6,1,"TELEGRAM @SEO_ANOMALY - SEO BACKLINKS, BLACK-LINKS, TRAFFIC BOOST, LINK INDEXING",100%,"Direct link, no redirect hop."
seo-anomaly-crawling.website,6,0%,,,DIRECT,0%,200:6,1,"TELEGRAM @SEO_ANOMALY - SEO BACKLINKS, BLACK-LINKS, TRAFFIC BOOST, LINK INDEXING",100%,"Direct link, no redirect hop."
seo-anomaly-indexing.space,6,0%,,,DIRECT,0%,200:6,1,"TELEGRAM @SEO_ANOMALY - SEO BACKLINKS, BLACK-LINKS, TRAFFIC BOOST, LINK INDEXING",100%,"Direct link, no redirect hop."
seo-anomaly-authority.online,6,0%,,,DIRECT,0%,200:6,1,"TELEGRAM @SEO_ANOMALY - SEO BACKLINKS, BLACK-LINKS, TRAFFIC BOOST, LINK INDEXING",100%,"Direct link, no redirect hop."
seo-anomaly-black.site,6,0%,,,DIRECT,0%,200:6,1,"TELEGRAM @SEO_ANOMALY - SEO BACKLINKS, BLACK-LINKS, TRAFFIC BOOST, LINK INDEXING",100%,"Direct link, no redirect hop."
seo-anomaly-index.website,6,0%,,,DIRECT,0%,200:6,1,"TELEGRAM @SEO_ANOMALY - SEO BACKLINKS, BLACK-LINKS, TRAFFIC BOOST, LINK INDEXING",100%,"Direct link, no redirect hop."
seo-anomaly-conversion.website,6,0%,,,DIRECT,0%,200:6,1,"TELEGRAM @SEO_ANOMALY - SEO BACKLINKS, BLACK-LINKS, TRAFFIC BOOST, LINK INDEXING",100%,"Direct link, no redirect hop."
seo-anomaly-canonical.online,6,0%,,,DIRECT,0%,200:6,1,"TELEGRAM @SEO_ANOMALY - SEO BACKLINKS, BLACK-LINKS, TRAFFIC BOOST, LINK INDEXING",100%,"Direct link, no redirect hop."
seo-anomaly-alttext.site,6,0%,,,DIRECT,0%,200:6,1,"TELEGRAM @SEO_ANOMALY - SEO BACKLINKS, BLACK-LINKS, TRAFFIC BOOST, LINK INDEXING",100%,"Direct link, no redirect hop."
seo-anomaly-organic.online,6,0%,,,DIRECT,0%,200:6,1,"TELEGRAM @SEO_ANOMALY - SEO BACKLINKS, BLACK-LINKS, TRAFFIC BOOST, LINK INDEXING",100%,"Direct link, no redirect hop."
seo-anomaly-keydensity.space,6,0%,,,DIRECT,0%,200:6,1,"TELEGRAM @SEO_ANOMALY - SEO BACKLINKS, BLACK-LINKS, TRAFFIC BOOST, LINK INDEXING",100%,"Direct link, no redirect hop."
seo-anomaly-metadata.site,6,0%,,,DIRECT,0%,200:6,1,"TELEGRAM @SEO_ANOMALY - SEO BACKLINKS, BLACK-LINKS, TRAFFIC BOOST, LINK INDEXING",100%,"Direct link, no redirect hop."
seo-anomaly-crawlbudget.online,6,0%,,,DIRECT,0%,200:6,1,"TELEGRAM @SEO_ANOMALY - SEO BACKLINKS, BLACK-LINKS, TRAFFIC BOOST, LINK INDEXING",100%,"Direct link, no redirect hop."
seo-anomaly-organic.site,6,0%,,,DIRECT,0%,200:6,1,"TELEGRAM @SEO_ANOMALY - SEO BACKLINKS, BLACK-LINKS, TRAFFIC BOOST, LINK INDEXING",100%,"Direct link, no redirect hop."
seo-anomaly-bounce.website,6,0%,,,DIRECT,0%,200:6,1,"TELEGRAM @SEO_ANOMALY - SEO BACKLINKS, BLACK-LINKS, TRAFFIC BOOST, LINK INDEXING",100%,"Direct link, no redirect hop."
seo-anomaly-indexing.online,6,0%,,,DIRECT,0%,200:6,1,"TELEGRAM @SEO_ANOMALY - SEO BACKLINKS, BLACK-LINKS, TRAFFIC BOOST, LINK INDEXING",100%,"Direct link, no redirect hop."
seo-anomaly-conversion.site,6,0%,,,DIRECT,0%,200:6,1,"TELEGRAM @SEO_ANOMALY - SEO BACKLINKS, BLACK-LINKS, TRAFFIC BOOST, LINK INDEXING",100%,"Direct link, no redirect hop."
seo-anomaly-domain.website,6,0%,,,DIRECT,0%,200:6,1,"TELEGRAM @SEO_ANOMALY - SEO BACKLINKS, BLACK-LINKS, TRAFFIC BOOST, LINK INDEXING",100%,"Direct link, no redirect hop."
seo-anomaly-dofollow.online,6,0%,,,DIRECT,0%,200:6,1,"TELEGRAM @SEO_ANOMALY - SEO BACKLINKS, BLACK-LINKS, TRAFFIC BOOST, LINK INDEXING",100%,"Direct link, no redirect hop."
seo-anomaly-canonical.site,6,0%,,,DIRECT,0%,200:6,1,"TELEGRAM @SEO_ANOMALY - SEO BACKLINKS, BLACK-LINKS, TRAFFIC BOOST, LINK INDEXING",100%,"Direct link, no redirect hop."
seo-anomaly-index.space,6,0%,,,DIRECT,0%,200:6,1,"TELEGRAM @SEO_ANOMALY - SEO BACKLINKS, BLACK-LINKS, TRAFFIC BOOST, LINK INDEXING",100%,"Direct link, no redirect hop."
seo-anomaly-engagement.space,6,0%,,,DIRECT,0%,200:6,1,"TELEGRAM @SEO_ANOMALY - SEO BACKLINKS, BLACK-LINKS, TRAFFIC BOOST, LINK INDEXING",100%,"Direct link, no redirect hop."
seo-anomaly-anchor.online,6,0%,,,DIRECT,0%,200:6,1,"TELEGRAM @SEO_ANOMALY - SEO BACKLINKS, BLACK-LINKS, TRAFFIC BOOST, LINK INDEXING",100%,"Direct link, no redirect hop."
seo-anomaly-backlink.website,6,0%,,,DIRECT,0%,200:6,1,"TELEGRAM @SEO_ANOMALY - SEO BACKLINKS, BLACK-LINKS, TRAFFIC BOOST, LINK INDEXING",100%,"Direct link, no redirect hop."
seo-anomaly-master.site,6,0%,,,DIRECT,0%,200:6,1,"TELEGRAM @SEO_ANOMALY - SEO BACKLINKS, BLACK-LINKS, TRAFFIC BOOST, LINK INDEXING",100%,"Direct link, no redirect hop."
seo-anomaly-ctr.space,6,0%,,,DIRECT,0%,200:6,1,"TELEGRAM @SEO_ANOMALY - SEO BACKLINKS, BLACK-LINKS, TRAFFIC BOOST, LINK INDEXING",100%,"Direct link, no redirect hop."
seo-anomaly-canonical.website,6,0%,,,DIRECT,0%,200:6,1,"TELEGRAM @SEO_ANOMALY - SEO BACKLINKS, BLACK-LINKS, TRAFFIC BOOST, LINK INDEXING",100%,"Direct link, no redirect hop."
olivare.com.ar,6,17%,testolabpro.com,,ROUTED_BRAND_OWNED,0%,200:6,3,TG @LINKS_DEALER | EFFECTIVE SEO LINKS FOR WWW.PERFORMANCELAB.COM,100%,"Links route through testolabpro.com, which is in the client's own brand estate (BRAND_OWNED). This is first-party link management, not a third-party redirect layer."
caffeine-alternatives.com,6,0%,,,DIRECT,0%,200:6,4,Learn More,50%,"Direct link, no redirect hop."
amoblog.com,6,17%,nutropic.com,,ROUTED_OTHER,0%,200:6,4,check here,0%,Links route through nutropic.com/.
malehealthreview.com,6,0%,,,DIRECT,0%,200:6,4,Performance Lab Multivitamin for Men bottle with list of benefits,100%,"Direct link, no redirect hop."
mybjjblog.com,6,33%,nutropic.com,,ROUTED_OTHER,0%,200:6,4,get more info,0%,Links route through nutropic.com/.
mylymphomachannel.com,6,0%,,,DIRECT,0%,200:6,2,Performance Lab NutriGenesis Multi is the best multivitamin for women,0%,"Direct link, no redirect hop."
hitrohealth.com,6,0%,,,DIRECT,0%,307:6,1,,0%,"Direct link, no redirect hop."
newswebsite.com,6,0%,,,DIRECT,0%,200:6,6,normal nervous system function,0%,"Direct link, no redirect hop."
fitnesnow.org,6,0%,,,DIRECT,0%,200:6,3,,0%,"Direct link, no redirect hop."
hormoneres.com,6,0%,,,DIRECT,0%,200:6,2,6,0%,"Direct link, no redirect hop."
izrablog.com,6,67%,nutropic.com,,ROUTED_OTHER,0%,200:6,5,click here,0%,Links route through nutropic.com/.
alwaha.ly,6,0%,,,DIRECT,0%,200:6,1,TG @LINKS_DEALER | EFFECTIVE SEO LINKS FOR WWW.PERFORMANCELAB.COM,100%,"Direct link, no redirect hop."
acelb.co,6,0%,,,DIRECT,0%,200:6,2,TG @LINKS_DEALER | EFFECTIVE SEO LINKS FOR WWW.PERFORMANCELAB.COM,100%,"Direct link, no redirect hop."
luwebs.com,6,0%,,,DIRECT,0%,200:6,5,read more,0%,"Direct link, no redirect hop."
dcoutesnjacob.com,6,17%,testolabpro.com,,ROUTED_BRAND_OWNED,0%,200:6,3,TG @LINKS_DEALER | EFFECTIVE SEO LINKS FOR WWW.PERFORMANCELAB.COM,100%,"Links route through testolabpro.com, which is in the client's own brand estate (BRAND_OWNED). This is first-party link management, not a third-party redirect layer."
blacksonwhites.com,6,67%,dtcx.com,,ROUTED_OTHER,0%,200:6,3,dtcx.com,0%,Links route through dtcx.com/.
designertoblog.com,6,33%,nutropic.com,,ROUTED_OTHER,0%,200:6,5,here,0%,Links route through nutropic.com/.
blogpayz.com,6,17%,nutropic.com,,ROUTED_OTHER,0%,200:6,5,more info,0%,Links route through nutropic.com/.
zimmez.com,6,0%,,,DIRECT,0%,200:6,5,performance lab mind bottle and box 5,100%,"Direct link, no redirect hop."
getonline.co.in,6,83%,nutropic.com,,ROUTED_OTHER,0%,200:6,4,nutropic.com,0%,Links route through nutropic.com/.
gutandbody.com,6,0%,,,DIRECT,0%,"200:3, 0:3",1,Check Price →,100%,"Direct link, no redirect hop."
cidadetoda.com.br,6,0%,,,DIRECT,0%,200:6,1,🍪 TELEGRAM @SALESOVEN | ACCESS TO HACKED SITES FOR SEO | HTTPS://T.ME/SALESOVEN 🔥,100%,"Direct link, no redirect hop."
filmhouse.co.il,6,0%,,,DIRECT,0%,200:6,1,🍪 TELEGRAM @SALESOVEN | ACCESS TO HACKED SITES FOR SEO | HTTPS://T.ME/SALESOVEN 🔥,100%,"Direct link, no redirect hop."
digitalthriveai.com,6,0%,,,DIRECT,0%,200:6,1,Performance Lab - JavaScript Date Library Benchmarks 2025,0%,"Direct link, no redirect hop."
tonyhuge.is,6,0%,,,DIRECT,83%,"403:5, 200:1",1,BUY NOW,0%,"Direct link, no redirect hop."
drugsbanks.com,5,0%,,,DIRECT,0%,0:5,3,Performance Lab Flex,40%,"Direct link, no redirect hop."
slimmingandyou.com,5,0%,,,DIRECT,0%,301:5,1,,0%,"Direct link, no redirect hop."
bacchusgamma.org,5,0%,,,DIRECT,0%,200:5,2,https://www.performancelab.com/blogs/nutrition/does-magnesium-glycinate-make-you-poop,0%,"Direct link, no redirect hop."
theaffiliatemonkey.com,5,0%,,,DIRECT,0%,0:5,4,Go To Website,80%,"Direct link, no redirect hop."
developmentmi.com,5,20%,testolabpro.com,,ROUTED_BRAND_OWNED,0%,200:5,2,performancelab,0%,"Links route through testolabpro.com, which is in the client's own brand estate (BRAND_OWNED). This is first-party link management, not a third-party redirect layer."
biohacking.reviews,5,40%,nutropic.com,,ROUTED_OTHER,0%,200:5,3,BUY,100%,Links route through nutropic.com/.
cleverjournal.net,5,0%,,,DIRECT,0%,307:5,1,,0%,"Direct link, no redirect hop."
csun.edu,5,80%,slimmingandco.com,oi-modafinilalternative-plm,ROUTED_OTHER,100%,403:5,5,CLICK to view Performance Lab Mind price and availability from official website,0%,Links route through slimmingandco.com/oi-modafinilalternative-plm.
500fitness.com,5,0%,,,DIRECT,0%,301:5,1,,0%,"Direct link, no redirect hop."
outliyr.com,5,0%,,,DIRECT,0%,"301:4, 307:1",1,,0%,"Direct link, no redirect hop."
breakingmuscle.com,5,0%,,,DIRECT,0%,302:5,1,,0%,"Direct link, no redirect hop."
bbcgoodfood.com,5,60%,nutropic.com,products/taster-pack,ROUTED_OTHER,0%,200:5,4,Taster box - 4 bars (£8.99),0%,Links route through nutropic.com/products/taster-pack.
braceypharmacy.com,5,0%,,,DIRECT,0%,307:5,1,,0%,"Direct link, no redirect hop."
manufacturerusa.com,5,100%,performancelabs.com,,ROUTED_OTHER,0%,200:5,1,"Performance Labs, Inc.",0%,Links route through performancelabs.com/.
all-aged-domains.com,5,80%,nutropic.com,,ROUTED_OTHER,0%,200:5,4,nutropic.com,0%,Links route through nutropic.com/.
sergechel.info,5,80%,nutropic.com,,ROUTED_OTHER,0%,200:5,4,nutropic.com,0%,Links route through nutropic.com/.
jobsapp.info,5,80%,nutropic.com,,ROUTED_OTHER,0%,200:5,4,nutropic.com,0%,Links route through nutropic.com/.
accessnewswire.com,5,100%,pr.report,bq9tdszc,ROUTED_OTHER,0%,200:5,5,Performance Lab Sleep​,40%,Links route through pr.report/bq9tdszc.
pr.report,5,0%,,,DIRECT,0%,301:5,1,,0%,"Direct link, no redirect hop."
startupwebsolutions.com.au,5,0%,,,DIRECT,0%,200:5,3,Contact – Performance Lab®,100%,"Direct link, no redirect hop."
thecloudherald.com,5,80%,nutropic.com,,ROUTED_OTHER,0%,200:5,4,visit nutropic.com for latest info,100%,Links route through nutropic.com/.
pickyeaterblog.com,5,0%,,,DIRECT,0%,200:5,5,Buy Now,100%,"Direct link, no redirect hop."
webranksite.com,5,20%,testolabpro.com,,ROUTED_BRAND_OWNED,0%,200:5,2,performancelab,0%,"Links route through testolabpro.com, which is in the client's own brand estate (BRAND_OWNED). This is first-party link management, not a third-party redirect layer."
losmejoressuplementos.es,5,0%,,,DIRECT,0%,200:5,1,Comprar ahora,0%,"Direct link, no redirect hop."
businessvocal.com,5,80%,nutropic.com,,ROUTED_OTHER,0%,200:5,4,visit nutropic.com for latest info,100%,Links route through nutropic.com/.
atleetzone.com,5,0%,,,DIRECT,0%,200:5,5,de energie metabolisme,0%,"Direct link, no redirect hop."
indiandailylive.com,5,0%,,,DIRECT,0%,200:5,5,Click Here to Visit the Official Website,0%,"Direct link, no redirect hop."
submitmypressrelease.com,5,0%,,,DIRECT,0%,200:5,5,Click Here to Get Performance Lab Pre from Official Website,100%,"Direct link, no redirect hop."
orthofoodie.app,5,0%,,,DIRECT,0%,200:5,1,https://www.performancelab.com/blogs/omega-3/omega-3-and-coq10-together,100%,"Direct link, no redirect hop."
gamingcypher.com,5,0%,,,DIRECT,0%,200:5,5,Mind,0%,"Direct link, no redirect hop."
druggenius.com,5,0%,,,DIRECT,0%,200:5,5,,0%,"Direct link, no redirect hop."
starcourts.com,5,20%,testolabpro.com,,ROUTED_BRAND_OWNED,20%,"200:4, 403:1",2,performancelab,0%,"Links route through testolabpro.com, which is in the client's own brand estate (BRAND_OWNED). This is first-party link management, not a third-party redirect layer."
supplementsinreview.com,5,0%,,,DIRECT,80%,"404:4, 200:1",5,the official website,0%,"Direct link, no redirect hop."
foodandfitnessalways.com,5,0%,,,DIRECT,0%,200:5,5,Performance Lab,0%,"Direct link, no redirect hop."
vibrantwomenhealth.com,5,0%,,,DIRECT,100%,520:5,5,lemon balm tea,0%,"Direct link, no redirect hop."
fitmusclee.com,5,0%,,,DIRECT,0%,200:5,5,Low Caffeine Pre Workout Supplements: Better Than High-Stim,0%,"Direct link, no redirect hop."
best4you.info,5,20%,nutropic.com,products/taster-pack,ROUTED_OTHER,0%,200:5,3,Performance Lab (from £19),0%,Links route through nutropic.com/products/taster-pack.
seo-anomaly-bounce.online,5,0%,,,DIRECT,0%,200:5,1,"TELEGRAM @SEO_ANOMALY - SEO BACKLINKS, BLACK-LINKS, TRAFFIC BOOST, LINK INDEXING",100%,"Direct link, no redirect hop."
seo-anomaly-serp.space,5,0%,,,DIRECT,0%,200:5,1,"TELEGRAM @SEO_ANOMALY - SEO BACKLINKS, BLACK-LINKS, TRAFFIC BOOST, LINK INDEXING",100%,"Direct link, no redirect hop."
seo-anomaly-dofollow.site,5,0%,,,DIRECT,0%,200:5,1,"TELEGRAM @SEO_ANOMALY - SEO BACKLINKS, BLACK-LINKS, TRAFFIC BOOST, LINK INDEXING",100%,"Direct link, no redirect hop."
alltdesign.com,5,20%,nutropic.com,,ROUTED_OTHER,0%,200:5,5,website,0%,Links route through nutropic.com/.
farmaciacanfora.com,5,0%,,,DIRECT,0%,200:5,2,Performance Lab,100%,"Direct link, no redirect hop."
ng.se,5,60%,fitliving.org,go/supplements-performancelab-prelabpro-gen-all,ROUTED_OTHER,0%,200:5,5,>>Check the best prices for Performance Lab Pre Lab Pro,0%,Links route through fitliving.org/go/supplements-performancelab-prelabpro-gen-all.
canariblogs.com,5,20%,nutropic.com,,ROUTED_OTHER,0%,200:5,3,here,0%,Links route through nutropic.com/.
iyublog.com,5,0%,,,DIRECT,0%,200:5,5,click here,0%,"Direct link, no redirect hop."
shotblogs.com,5,0%,,,DIRECT,0%,200:5,5,here,0%,"Direct link, no redirect hop."
tribunablog.com,5,20%,nutropic.com,,ROUTED_OTHER,0%,200:5,5,Nutropic vs Alpha Brain,0%,Links route through nutropic.com/.
blogminds.com,5,20%,nutropic.com,,ROUTED_OTHER,0%,200:5,5,daily multivitamin,0%,Links route through nutropic.com/.
wants.cfd,5,80%,dtcx.com,,ROUTED_OTHER,0%,200:5,4,dtcx.com,100%,Links route through dtcx.com/.
knows.sbs,5,80%,dtcx.com,,ROUTED_OTHER,0%,200:5,3,dtcx.com,100%,Links route through dtcx.com/.
5913231.cc,5,80%,nutropic.com,,ROUTED_OTHER,0%,200:5,4,nutropic.com,0%,Links route through nutropic.com/.
simplewebdirectory.com,5,80%,testolabpro.com,,ROUTED_BRAND_OWNED,0%,200:5,4,testolabpro.com,0%,"Links route through testolabpro.com, which is in the client's own brand estate (BRAND_OWNED). This is first-party link management, not a third-party redirect layer."
vuink.com,5,0%,,,DIRECT,0%,200:5,4,How Long to Reset Caffeine Tolerance: A Complete Guide | Performance Lab®,0%,"Direct link, no redirect hop."
dailycaller.com,5,100%,fitliving.org,go/wl-testolabpro-homepage-general-all,ROUTED_CAMPAIGN,0%,200:5,5,Get Performance Lab Mind With a 30-Day Money-Back GUARANTEE,0%,"All links route through fitliving.org/go/wl-testolabpro-homepage-general-all — a single brand-named campaign path. This is link-management or affiliate infrastructure, and the brief protects it: a redirect is not itself a toxicity signal."
indians.cc,5,80%,nutropic.com,,ROUTED_OTHER,0%,200:5,4,nutropic.com,0%,Links route through nutropic.com/.
adhd-biohacker.ghost.io,5,0%,,,DIRECT,0%,200:5,5,Get Performance Lab Prebiotic,0%,"Direct link, no redirect hop."
glam-vegan.com,5,0%,,,DIRECT,0%,200:5,3,Visit Website,40%,"Direct link, no redirect hop."
blog4youth.com,5,20%,nutropic.com,,ROUTED_OTHER,0%,200:5,4,website,0%,Links route through nutropic.com/.
rugbynewsbeast.com,5,0%,,,DIRECT,0%,200:5,5,nt,0%,"Direct link, no redirect hop."
preparation.co.in,5,80%,dtcx.com,,ROUTED_MIXED,0%,200:5,5,dtcx.com,0%,Links route through 4 different redirect hosts — inconsistent with a single managed campaign.
websitescrawl.art,5,100%,dtcx.com,,ROUTED_OTHER,0%,200:5,3,dtcx.com,0%,Links route through dtcx.com/.
domainwork.space,5,100%,dtcx.com,,ROUTED_OTHER,0%,200:5,3,dtcx.com,0%,Links route through dtcx.com/.
alltopleveldomains.space,5,80%,nutropic.com,,ROUTED_OTHER,0%,200:5,3,nutropic.com,0%,Links route through nutropic.com/.
taxies.biz,5,100%,testolabpro.com,,ROUTED_BRAND_OWNED,0%,200:5,3,testolabpro.com,0%,"Links route through testolabpro.com, which is in the client's own brand estate (BRAND_OWNED). This is first-party link management, not a third-party redirect layer."
prashikshan.in,5,80%,nutropic.com,,ROUTED_OTHER,0%,200:5,4,nutropic.com,0%,Links route through nutropic.com/.
mp3fresh.net,5,80%,testolabpro.com,,ROUTED_BRAND_OWNED,0%,200:5,4,testolabpro.com,0%,"Links route through testolabpro.com, which is in the client's own brand estate (BRAND_OWNED). This is first-party link management, not a third-party redirect layer."
dgsac.com.pe,5,0%,,,DIRECT,0%,200:5,1,🍪 TELEGRAM @SALESOVEN | ACCESS TO HACKED SITES FOR SEO | HTTPS://T.ME/SALESOVEN 🔥,100%,"Direct link, no redirect hop."
domain.com.lc,5,100%,testolabpro.com,,ROUTED_BRAND_OWNED,0%,200:5,3,testolabpro.com,0%,"Links route through testolabpro.com, which is in the client's own brand estate (BRAND_OWNED). This is first-party link management, not a third-party redirect layer."
daadvn.blogspot.com,5,100%,testolabpro.com,,ROUTED_BRAND_OWNED,80%,"404:4, 200:1",1,testolabpro.com,100%,"Links route through testolabpro.com, which is in the client's own brand estate (BRAND_OWNED). This is first-party link management, not a third-party redirect layer."
ecommercebenchmarking.com,5,80%,nutropic.com,,ROUTED_OTHER,0%,200:5,4,nutropic.com,0%,Links route through nutropic.com/.
dhrupurohit.com,4,0%,,,DIRECT,0%,200:4,2,Performance Lab Omega-3,0%,"Direct link, no redirect hop."
usanutritionist.com,4,0%,,,DIRECT,0%,307:4,1,,0%,"Direct link, no redirect hop."
homebusinesswiz.com,4,0%,,,DIRECT,0%,0:4,1,prebiotics can help restore balance,0%,"Direct link, no redirect hop."
wellife.org,4,0%,,,DIRECT,0%,307:4,1,,0%,"Direct link, no redirect hop."
slimmingandco.com,4,0%,,,DIRECT,0%,301:4,1,,0%,"Direct link, no redirect hop."
chronotherapeutics.org,4,0%,,,DIRECT,0%,301:4,1,,0%,"Direct link, no redirect hop."
supplementsreviews.co.uk,4,0%,,,DIRECT,100%,522:4,2,,0%,"Direct link, no redirect hop."
silvique.ro,4,0%,,,DIRECT,25%,"200:3, 403:1",1,Performance Lab ® MCT Oil,0%,"Direct link, no redirect hop."
eat-drink-sleep.com,4,100%,nutropic.com,,ROUTED_OTHER,0%,200:4,2,Nu:tropic,0%,Links route through nutropic.com/.
agilitypr.com,4,25%,nutropic.com,,ROUTED_OTHER,0%,200:4,3,Performance Lab,0%,Links route through nutropic.com/.
kiladeals.com,4,0%,,,DIRECT,0%,"0:2, 200:2",3,click here,50%,"Direct link, no redirect hop."
21dayhero.com,4,0%,,,DIRECT,100%,404:4,3,Check Performance Lab Supplements Here – Click Multi Vitamins on site,100%,"Direct link, no redirect hop."
roidless.com,4,100%,breakingmuscle.com,go/performance-lab-nutrigenesis-multi-for-men,ROUTED_CAMPAIGN,0%,"0:2, 200:2",3,Check Price,100%,"All links route through breakingmuscle.com/go/performance-lab-nutrigenesis-multi-for-men — a single brand-named campaign path. This is link-management or affiliate infrastructure, and the brief protects it: a redirect is not itself a toxicity signal."
humanperformancehub.co.uk,4,0%,,,DIRECT,0%,"200:3, 0:1",1,Improves physical performance,0%,"Direct link, no redirect hop."
happybodyformula.com,4,0%,,,DIRECT,0%,200:4,2,Performance Lab Post Workout Performance Lab Post Workout,100%,"Direct link, no redirect hop."
biologydaily.com,4,0%,,,DIRECT,0%,307:4,1,,0%,"Direct link, no redirect hop."
healthyforbetter.com,4,0%,,,DIRECT,100%,403:4,4,https://www.performancelab.com/blogs/fitness/lifting-on-an-empty-stomach?srsltid=AfmBOoraRjkwLmnbSqw6GUj0pU9G6kPjOnK5_PKggDFVxdej8MhdA3DV,100%,"Direct link, no redirect hop."
survivalstreet.com,4,0%,,,DIRECT,0%,307:4,1,,0%,"Direct link, no redirect hop."
middleeasy.com,4,0%,,,DIRECT,0%,200:4,4,Performance Lab Sport,0%,"Direct link, no redirect hop."
christhoma.com,4,0%,,,DIRECT,0%,200:4,1,Mind Lab Pro is the best nootropic supplement,0%,"Direct link, no redirect hop."
producthubspot.com,4,100%,breakingmuscle.com,go/performance-lab-sleep,ROUTED_CAMPAIGN,0%,200:4,4,Check Price,100%,"All links route through breakingmuscle.com/go/performance-lab-sleep — a single brand-named campaign path. This is link-management or affiliate infrastructure, and the brief protects it: a redirect is not itself a toxicity signal."
naturalhealthwriter.com,4,0%,,,DIRECT,0%,200:4,2,Best Probiotic for Constipation,0%,"Direct link, no redirect hop."
heatworld.com,4,0%,,,DIRECT,0%,200:4,3,View offer,0%,"Direct link, no redirect hop."
dietpillsproducts.com,4,0%,,,DIRECT,50%,"403:2, 200:2",4,13,100%,"Direct link, no redirect hop."
freestufftimes.com,4,100%,performancelabs.com,pli-vip/pli-vip.html,ROUTED_OTHER,0%,200:4,2,http://www.performancelabs.com/pli-vip/pli-vip.html,0%,Links route through performancelabs.com/pli-vip/pli-vip.html.
pharmarly.com,4,0%,,,DIRECT,0%,200:4,2,multivitamin,0%,"Direct link, no redirect hop."
kingranks.com,4,0%,,,DIRECT,0%,200:4,1,performancelab,0%,"Direct link, no redirect hop."
medonet.pl,4,0%,,,DIRECT,0%,200:4,3,https://www.performancelab.com/blogs/multi/benefits-of-taking-magnesium-with-vitamin-b6,100%,"Direct link, no redirect hop."
garagegymreviews.com,4,0%,,,DIRECT,100%,404:4,2,Performance Lab Caffeine 2,100%,"Direct link, no redirect hop."
jsr-productions.com,4,0%,,,DIRECT,0%,200:4,1,[Source],0%,"Direct link, no redirect hop."
lowtestosteroneexpert.com,4,0%,,,DIRECT,0%,200:4,4,Click Here To Order Performance Lab ® SPORT T-booster,100%,"Direct link, no redirect hop."
quebecnewstribune.com,4,0%,,,DIRECT,0%,200:4,4,Best Caffeine Free Pre-Workout Supplements,100%,"Direct link, no redirect hop."
heavenarticle.com,4,0%,,,DIRECT,0%,200:4,1,performancelab,0%,"Direct link, no redirect hop."
fi38.com,4,0%,,,DIRECT,0%,200:4,2,BUY NOW,0%,"Direct link, no redirect hop."
allandabout.com,4,0%,,,DIRECT,0%,200:4,2,,0%,"Direct link, no redirect hop."
thefitnesshammer.com,4,0%,,,DIRECT,0%,200:4,3,Performance Lab MCT,0%,"Direct link, no redirect hop."
healthywithpassion.com,4,0%,,,DIRECT,0%,200:4,3,View Latest Price →,100%,"Direct link, no redirect hop."
highpayingaffiliateprograms.com,4,0%,,,DIRECT,0%,"200:3, 0:1",2,Here,0%,"Direct link, no redirect hop."
miosuperhealth.com,4,0%,,,DIRECT,0%,200:4,4,Fat Burner,0%,"Direct link, no redirect hop."
suplint.com,4,0%,,,DIRECT,0%,200:4,1,(Performance Lab),0%,"Direct link, no redirect hop."
suplint.mx,4,0%,,,DIRECT,0%,200:4,1,(Performance Lab),0%,"Direct link, no redirect hop."
suplint.com.br,4,0%,,,DIRECT,0%,200:4,1,(Performance Lab),0%,"Direct link, no redirect hop."
nordicislandsar.com,4,0%,,,DIRECT,0%,200:4,4,Ознакомьтесь с программой Performance Lab SPORT Fat Burner здесь!,0%,"Direct link, no redirect hop."
azzablog.com,4,50%,nutropic.com,,ROUTED_OTHER,0%,200:4,4,here,0%,Links route through nutropic.com/.
veganmum.uk,4,0%,,,DIRECT,100%,403:4,4,Buy Performance Lab here,0%,"Direct link, no redirect hop."
blogkoo.com,4,0%,,,DIRECT,0%,200:4,3,more info,0%,"Direct link, no redirect hop."
preventivemedicinedaily.com,4,0%,,,DIRECT,0%,200:4,4,Performance Lab,75%,"Direct link, no redirect hop."
theproteinworks.com,4,0%,,,DIRECT,0%,200:4,2,Making the Right Choice: Magnesium Bisglycinate vs Magnesium Glycinate | Performance Lab,0%,"Direct link, no redirect hop."
mercyforanimals.org,4,0%,,,DIRECT,0%,200:4,1,Performance Lab Omega-3,0%,"Direct link, no redirect hop."
total-blog.com,4,25%,nutropic.com,,ROUTED_OTHER,0%,200:4,4,Nutropic ingredients and benefits,0%,Links route through nutropic.com/.
uzblog.net,4,25%,nutropic.com,,ROUTED_OTHER,0%,200:4,3,click here,0%,Links route through nutropic.com/.
herway.net,4,0%,,,DIRECT,0%,200:4,1,© Performance Lab,0%,"Direct link, no redirect hop."
bench-press.net,4,25%,testolabpro.com,pages/how-it-works,ROUTED_BRAND_OWNED,0%,200:4,3,Visit PerformanceLab.com,0%,"Links route through testolabpro.com, which is in the client's own brand estate (BRAND_OWNED). This is first-party link management, not a third-party redirect layer."
systemsbridge.ca,4,0%,,,DIRECT,0%,200:4,1,performancelab.com,100%,"Direct link, no redirect hop."
skylinkseo.site,4,75%,nutropic.com,,ROUTED_OTHER,0%,200:4,3,nutropic.com,100%,Links route through nutropic.com/.
tusblogos.com,4,0%,,,DIRECT,0%,200:4,4,premium supplements,0%,"Direct link, no redirect hop."
glifeblog.com,4,0%,,,DIRECT,0%,200:4,3,get more info,0%,"Direct link, no redirect hop."
digitalatto.io,4,0%,,,DIRECT,0%,200:4,2,TG @LINKS_DEALER | EFFECTIVE SEO LINKS FOR WWW.PERFORMANCELAB.COM,100%,"Direct link, no redirect hop."
ambien-blog.com,4,0%,,,DIRECT,0%,200:4,3,more info,0%,"Direct link, no redirect hop."
win-blog.com,4,0%,,,DIRECT,0%,200:4,3,here,0%,"Direct link, no redirect hop."
vitaminsforwoman.com,4,0%,,,DIRECT,0%,"200:3, 0:1",4,well-formulated nootropic supplement,0%,"Direct link, no redirect hop."
presale-vancouver.ca,4,0%,,,DIRECT,0%,200:4,2,TG @LINKS_DEALER | EFFECTIVE SEO LINKS FOR WWW.PERFORMANCELAB.COM,100%,"Direct link, no redirect hop."
estate-blog.com,4,0%,,,DIRECT,0%,200:4,4,read more,0%,"Direct link, no redirect hop."
violationfunding.com,4,0%,,,DIRECT,0%,200:4,2,TG @LINKS_DEALER | EFFECTIVE SEO LINKS FOR WWW.PERFORMANCELAB.COM,0%,"Direct link, no redirect hop."
fusioncreations.co.uk,4,0%,,,DIRECT,0%,200:4,1,TG @LINKS_DEALER | EFFECTIVE SEO LINKS FOR WWW.PERFORMANCELAB.COM,100%,"Direct link, no redirect hop."
sante.gov.mg,4,0%,,,DIRECT,0%,200:4,2,TG @LINKS_DEALER | EFFECTIVE SEO LINKS FOR WWW.PERFORMANCELAB.COM,100%,"Direct link, no redirect hop."
anthonydennis-24878.medium.com,4,0%,,,DIRECT,0%,200:4,2,https://www.performancelab.com/?a_aid=5c5a258eeba5c&a_bid=a2ad38c1,100%,"Direct link, no redirect hop."
cecar.edu.co,4,0%,,,DIRECT,0%,200:4,2,TG @LINKS_DEALER | EFFECTIVE SEO LINKS FOR WWW.PERFORMANCELAB.COM,100%,"Direct link, no redirect hop."
azurewebsites.net,4,0%,,,DIRECT,0%,200:4,2,TG @LINKS_DEALER | EFFECTIVE SEO LINKS FOR WWW.PERFORMANCELAB.COM,100%,"Direct link, no redirect hop."
lakefrontmarine.ca,4,0%,,,DIRECT,0%,200:4,2,TG @LINKS_DEALER | EFFECTIVE SEO LINKS FOR WWW.PERFORMANCELAB.COM,100%,"Direct link, no redirect hop."
knows.monster,4,75%,testolabpro.com,,ROUTED_BRAND_OWNED,0%,200:4,3,testolabpro.com,100%,"Links route through testolabpro.com, which is in the client's own brand estate (BRAND_OWNED). This is first-party link management, not a third-party redirect layer."
stablegeeksstaffing.com,4,0%,,,DIRECT,0%,200:4,2,TG @LINKS_DEALER | EFFECTIVE SEO LINKS FOR WWW.PERFORMANCELAB.COM,100%,"Direct link, no redirect hop."
uba.ar,4,0%,,,DIRECT,0%,200:4,2,TG @LINKS_DEALER | EFFECTIVE SEO LINKS FOR WWW.PERFORMANCELAB.COM,100%,"Direct link, no redirect hop."
websitesea.com,4,75%,testolabpro.com,,ROUTED_BRAND_OWNED,0%,200:4,4,testolabpro.com,0%,"Links route through testolabpro.com, which is in the client's own brand estate (BRAND_OWNED). This is first-party link management, not a third-party redirect layer."
seodomains.website,4,100%,nutropic.com,,ROUTED_OTHER,0%,200:4,3,nutropic.com,100%,Links route through nutropic.com/.
pudhe.com,4,75%,nutropic.com,,ROUTED_OTHER,0%,200:4,3,nutropic.com,0%,Links route through nutropic.com/.
allwebsitesdirectory.com,4,75%,nutropic.com,,ROUTED_OTHER,0%,200:4,4,performancelab.com,0%,Links route through nutropic.com/.
disturbmenot.co,4,0%,,,DIRECT,0%,200:4,2,Get Deal,100%,"Direct link, no redirect hop."
samikshaharmony.com,4,0%,,,DIRECT,0%,200:4,2,TG @LINKS_DEALER | EFFECTIVE SEO LINKS FOR WWW.PERFORMANCELAB.COM,100%,"Direct link, no redirect hop."
blog5star.com,4,25%,nutropic.com,,ROUTED_OTHER,0%,200:4,3,check here,0%,Links route through nutropic.com/.
911auto.it,4,0%,,,DIRECT,0%,200:4,2,TG @LINKS_DEALER | EFFECTIVE SEO LINKS FOR WWW.PERFORMANCELAB.COM,100%,"Direct link, no redirect hop."
ironascentfitness.com,4,0%,,,DIRECT,50%,"200:2, 403:2",4,Nutrition,100%,"Direct link, no redirect hop."
freemyip.com,4,75%,nutropic.com,,ROUTED_OTHER,0%,200:4,3,nutropic.com,100%,Links route through nutropic.com/.
stylist.co.uk,4,100%,nutropic.com,,ROUTED_OTHER,0%,200:4,2,Nu:Tropic,0%,Links route through nutropic.com/.
artichokeyinkpress.com,4,0%,,,DIRECT,0%,200:4,4,Performance Lab Energy,100%,"Direct link, no redirect hop."
kirklandreporter.com,4,100%,frauddiscovery.net,performance-lab-vision,ROUTED_CAMPAIGN,0%,200:4,1,Performance Lab Vision Price: $39,75%,"All links route through frauddiscovery.net/performance-lab-vision — a single brand-named campaign path. This is link-management or affiliate infrastructure, and the brief protects it: a redirect is not itself a toxicity signal."
blogofchange.com,4,0%,,,DIRECT,0%,200:4,4,get more info,0%,"Direct link, no redirect hop."
webworthchecker.cv,4,75%,testolabpro.com,,ROUTED_BRAND_OWNED,0%,200:4,3,testolabpro.com,0%,"Links route through testolabpro.com, which is in the client's own brand estate (BRAND_OWNED). This is first-party link management, not a third-party redirect layer."
cookmushroom.com,4,0%,,,DIRECT,0%,200:4,3,£19,0%,"Direct link, no redirect hop."
linksnatcher.art,4,100%,dtcx.com,,ROUTED_OTHER,0%,200:4,2,dtcx.com,0%,Links route through dtcx.com/.
homefinance.co.in,4,75%,performancelabs.com,,ROUTED_OTHER,0%,200:4,4,performancelab.com,0%,Links route through performancelabs.com/.
bothell-reporter.com,4,100%,scienceonestop.com,performance-lab-mind,ROUTED_CAMPAIGN,0%,200:4,1,Performance Lab Mind,100%,"All links route through scienceonestop.com/performance-lab-mind — a single brand-named campaign path. This is link-management or affiliate infrastructure, and the brief protects it: a redirect is not itself a toxicity signal."
verybigblog.com,4,25%,nutropic.com,,ROUTED_OTHER,0%,200:4,4,read more,0%,Links route through nutropic.com/.
gcorp.cc,4,0%,,,DIRECT,0%,"0:2, 200:2",1,آزمایشگاه عملکرد,0%,"Direct link, no redirect hop."
analyticshaven.top,4,75%,testolabpro.com,,ROUTED_BRAND_OWNED,0%,200:4,3,testolabpro.com,100%,"Links route through testolabpro.com, which is in the client's own brand estate (BRAND_OWNED). This is first-party link management, not a third-party redirect layer."
lukang-audio.com,4,0%,,,DIRECT,0%,200:4,1,🍪 TELEGRAM @SALESOVEN | ACCESS TO HACKED SITES FOR SEO | HTTPS://T.ME/SALESOVEN 🔥,100%,"Direct link, no redirect hop."
websitescrawl.com,4,75%,nutropic.com,,ROUTED_OTHER,0%,200:4,4,nutropic.com,100%,Links route through nutropic.com/.
hormigoneracavalsa.com.ar,4,0%,,,DIRECT,0%,200:4,1,🍪 TELEGRAM @SALESOVEN | ACCESS TO HACKED SITES FOR SEO | HTTPS://T.ME/SALESOVEN 🔥,100%,"Direct link, no redirect hop."
blog5.net,4,50%,nutropic.com,,ROUTED_OTHER,0%,200:4,4,energy supplements,0%,Links route through nutropic.com/.
wwwhollywoodk.blogspot.com,4,100%,nutropic.com,,ROUTED_OTHER,50%,"200:2, 404:2",1,nutropic.com,100%,Links route through nutropic.com/.
blogadvize.com,4,25%,nutropic.com,,ROUTED_OTHER,0%,200:4,4,Nutropic vs Alpha Brain,0%,Links route through nutropic.com/.
joyrney.com,4,0%,,,DIRECT,0%,200:4,1,🍪 TELEGRAM @SALESOVEN | ACCESS TO HACKED SITES FOR SEO | HTTPS://T.ME/SALESOVEN 🔥,100%,"Direct link, no redirect hop."
dsspkjk.blogspot.com,4,0%,,,DIRECT,75%,"404:3, 200:1",1,performancelab.com,100%,"Direct link, no redirect hop."
mindfulnessdojo.com,4,0%,,,DIRECT,0%,200:4,4,www.performancelab.com,25%,"Direct link, no redirect hop."
academicsongs.com,3,33%,testolabpro.com,,ROUTED_BRAND_OWNED,33%,"0:2, 410:1",2,Buy performance lab From Official Website,0%,"Links route through testolabpro.com, which is in the client's own brand estate (BRAND_OWNED). This is first-party link management, not a third-party redirect layer."
grapheffect.com,3,67%,testolabpro.com,,ROUTED_BRAND_OWNED,0%,"200:2, 0:1",3,Save 10% OFF,67%,"Links route through testolabpro.com, which is in the client's own brand estate (BRAND_OWNED). This is first-party link management, not a third-party redirect layer."
top-dealshub.com,3,100%,breakingmuscle.com,go/performance-lab-sleep,ROUTED_CAMPAIGN,0%,200:3,3,Check Price,100%,"All links route through breakingmuscle.com/go/performance-lab-sleep — a single brand-named campaign path. This is link-management or affiliate infrastructure, and the brief protects it: a redirect is not itself a toxicity signal."
forbes.com,3,67%,nutropic.com,,ROUTED_OTHER,0%,200:3,2,Nu:tropic,100%,Links route through nutropic.com/.
eapsa.org,3,0%,,,DIRECT,0%,200:3,3,Check Best Price,100%,"Direct link, no redirect hop."
gonootropics.com,3,0%,,,DIRECT,67%,"404:2, 0:1",2,>>>Check it out here.<<<,0%,"Direct link, no redirect hop."
thephagroup.com,3,67%,nutropic.com,,ROUTED_OTHER,0%,200:3,2,Nu:tropic,0%,Links route through nutropic.com/.
frauddiscovery.net,3,0%,,,DIRECT,0%,307:3,1,,0%,"Direct link, no redirect hop."
supplementsjar.com,3,0%,,,DIRECT,0%,307:3,1,,0%,"Direct link, no redirect hop."
consumerhealthdigest.com,3,0%,,,DIRECT,0%,302:3,1,,0%,"Direct link, no redirect hop."
supplementman.com,3,0%,,,DIRECT,0%,307:3,1,,0%,"Direct link, no redirect hop."
cpoe.org,3,0%,,,DIRECT,0%,200:3,2,Click here for the lowest price,0%,"Direct link, no redirect hop."
soma-analytics.com,3,0%,,,DIRECT,0%,302:3,1,,0%,"Direct link, no redirect hop."
info-welt.com,3,0%,,,DIRECT,0%,200:3,3,9,100%,"Direct link, no redirect hop."
supplementlifestyle.com,3,0%,,,DIRECT,0%,307:3,1,,0%,"Direct link, no redirect hop."
worldworthliving.com,3,0%,,,DIRECT,100%,404:3,3,Best Vegan Multivitamin for Women: Performance Lab Women’s Multivitamin,100%,"Direct link, no redirect hop."
pirdu.com,3,0%,,,DIRECT,0%,200:3,1,performancelab,0%,"Direct link, no redirect hop."
totalshape.com,3,0%,,,DIRECT,0%,200:3,3,Click For Best Price,100%,"Direct link, no redirect hop."
healthdigest.com,3,0%,,,DIRECT,0%,200:3,1,Performance Lab,0%,"Direct link, no redirect hop."
healthnewsline.net,3,0%,,,DIRECT,0%,307:3,1,,0%,"Direct link, no redirect hop."
arvosteluja24.fi,3,0%,,,DIRECT,0%,200:3,3,Avaa Performancelab.com,0%,"Direct link, no redirect hop."
communityhealthcarenetwork.org,3,0%,,,DIRECT,0%,307:3,1,,0%,"Direct link, no redirect hop."
untamedscience.com,3,0%,,,DIRECT,0%,200:3,1,Performance Lab joint supplements,0%,"Direct link, no redirect hop."
cryptogazette.com,3,0%,,,DIRECT,0%,200:3,3,Performance Lab Mind,0%,"Direct link, no redirect hop."
recent-science.com,3,0%,,,DIRECT,0%,307:3,1,,0%,"Direct link, no redirect hop."
veganfoodandliving.com,3,100%,fitliving.org,go/supplements-performancelab-ironcomplex-gen-all,ROUTED_CAMPAIGN,0%,200:3,3,Performance Lab Iron Complex,0%,"All links route through fitliving.org/go/supplements-performancelab-ironcomplex-gen-all — a single brand-named campaign path. This is link-management or affiliate infrastructure, and the brief protects it: a redirect is not itself a toxicity signal."
lifestylebycata.com,3,0%,,,DIRECT,100%,404:3,3,Performance Lab Vitamin B Complex,0%,"Direct link, no redirect hop."
zencastr.com,3,0%,,,DIRECT,0%,200:3,2,Performance Lab,100%,"Direct link, no redirect hop."
improvingchess.com,3,0%,,,DIRECT,0%,200:3,3,Omega-3,0%,"Direct link, no redirect hop."
twomonkeystravelgroup.com,3,0%,,,DIRECT,0%,200:3,1,www.PerformanceLab.com,0%,"Direct link, no redirect hop."
whoacceptsamex.co.uk,3,0%,,,DIRECT,0%,200:3,2,performancelab.com,33%,"Direct link, no redirect hop."
sunshinekelly.com,3,0%,,,DIRECT,0%,200:3,3,Performance Lab Sleep,0%,"Direct link, no redirect hop."
assurances.gov.gh,3,0%,,,DIRECT,0%,"200:2, 0:1",3,Do Probiotics Cause Gas? Performance Lab®,0%,"Direct link, no redirect hop."
anytimefitness.com,3,0%,,,DIRECT,0%,200:3,1,highest thermic effect of food (TEF),0%,"Direct link, no redirect hop."
coherentmarketinsights.com,3,0%,,,DIRECT,0%,200:3,2,Performance Lab Ltd.,100%,"Direct link, no redirect hop."
leebell.co.uk,3,0%,,,DIRECT,0%,200:3,3,The Dangers of Overtraining,0%,"Direct link, no redirect hop."
algolinkers.com,3,67%,nutropic.com,,ROUTED_OTHER,0%,200:3,2,nutropic.com,100%,Links route through nutropic.com/.
forbiddenbroadway.com,3,0%,,,DIRECT,0%,200:3,3,PerformanceLab,100%,"Direct link, no redirect hop."
iaswww.com,3,100%,performancelabs.com,,ROUTED_OTHER,0%,200:3,1,"Performance Labs, Inc.",100%,Links route through performancelabs.com/.
scienceonestop.com,3,0%,,,DIRECT,0%,307:3,1,,0%,"Direct link, no redirect hop."
prweb.com,3,0%,,,DIRECT,0%,200:3,3,http://www.performancelab.com,100%,"Direct link, no redirect hop."
fitnessdealnews.com,3,33%,testolabpro.com,blogs/nutrition/mucuna-pruriens-before-workout,ROUTED_BRAND_OWNED,0%,200:3,3,Caffeine,0%,"Links route through testolabpro.com, which is in the client's own brand estate (BRAND_OWNED). This is first-party link management, not a third-party redirect layer."
researchedsupplements.com,3,0%,,,DIRECT,0%,200:3,3,Click here to view special pricing for Performance Lab SPORT Fat Burner,67%,"Direct link, no redirect hop."
luftsi.info,3,0%,,,DIRECT,0%,200:3,3,Click For Best Price,100%,"Direct link, no redirect hop."
thrivelongnaturally.com,3,0%,,,DIRECT,100%,520:3,3,algae oil supplements,0%,"Direct link, no redirect hop."
proteininkiev.com,3,0%,,,DIRECT,0%,200:3,1,https://www.performancelab.com/blogs/joint-support/boswellia-and-turmeric,0%,"Direct link, no redirect hop."
leoweekly.com,3,100%,fitliving.org,go/magnesiumsupplement-performancelab-pp-gen-all,ROUTED_CAMPAIGN,0%,200:3,3,,0%,"All links route through fitliving.org/go/magnesiumsupplement-performancelab-pp-gen-all — a single brand-named campaign path. This is link-management or affiliate infrastructure, and the brief protects it: a redirect is not itself a toxicity signal."
fortune.com,3,0%,,,DIRECT,0%,200:3,3,Check Price,100%,"Direct link, no redirect hop."
fitnessproductsinternational.blogspot.com,3,100%,bigbluetest.org,recommends/performance-lab-mind,ROUTED_CAMPAIGN,0%,200:3,3,Buy Now Performance Lab,100%,"All links route through bigbluetest.org/recommends/performance-lab-mind — a single brand-named campaign path. This is link-management or affiliate infrastructure, and the brief protects it: a redirect is not itself a toxicity signal."
getbrainboost.xyz,3,0%,,,DIRECT,0%,0:3,3,Omega-3,0%,"Direct link, no redirect hop."
french-styles.com,3,0%,,,DIRECT,0%,200:3,1,Does Magnesium Cause Frequent Urination? - Performance Lab,0%,"Direct link, no redirect hop."
gymratstyle.com,3,0%,,,DIRECT,0%,200:3,3,Link,0%,"Direct link, no redirect hop."
pluska.sk,3,0%,,,DIRECT,0%,200:3,1,Štúdia,0%,"Direct link, no redirect hop."
omdomen24.se,3,0%,,,DIRECT,0%,200:3,3,Gå till Performancelab.com,0%,"Direct link, no redirect hop."
enricoserveri.com,3,0%,,,DIRECT,0%,200:3,3,Click Here to Visit Performance Lab’s Official Website,100%,"Direct link, no redirect hop."
gymbeam.ua,3,0%,,,DIRECT,0%,200:3,2,https://www.performancelab.com/blogs/stim/caffeine-cycling,100%,"Direct link, no redirect hop."
omegahealthsystems.com,3,0%,,,DIRECT,0%,200:3,3,Bottle of Performance Lab women's vitamin.,100%,"Direct link, no redirect hop."
news18.com,3,0%,,,DIRECT,0%,200:3,3,"According to Performance Lab, the developer of Performance Mind Lab, this supplement is the only one that can assist your brain recuperate from extreme activity while enhancing your cognitive ability.",100%,"Direct link, no redirect hop."
whatisglutathione.net,3,0%,,,DIRECT,0%,200:3,3,Best Glutathione Supplement for Immune Support,100%,"Direct link, no redirect hop."
osoclinic.com,3,0%,,,DIRECT,0%,200:3,3,How Long Does It Take for B12 to Work? | Performance Lab®,0%,"Direct link, no redirect hop."
mybuzzblog.com,3,0%,,,DIRECT,0%,200:3,2,daily multivitamin,0%,"Direct link, no redirect hop."
healthreporter.com,3,0%,,,DIRECT,0%,200:3,2,Performance Lab Mind,0%,"Direct link, no redirect hop."
goodflip.in,3,0%,,,DIRECT,0%,200:3,3,center,0%,"Direct link, no redirect hop."
selfcaredontcare.com,3,0%,,,DIRECT,0%,200:3,2,Performance Lab,0%,"Direct link, no redirect hop."
blogacep.com,3,0%,,,DIRECT,0%,200:3,3,website,0%,"Direct link, no redirect hop."
technewsmail.com,3,0%,,,DIRECT,0%,200:3,2,TG @LINKS_DEALER | EFFECTIVE SEO LINKS FOR WWW.PERFORMANCELAB.COM,100%,"Direct link, no redirect hop."
bloggerbags.com,3,0%,,,DIRECT,0%,200:3,3,here,0%,"Direct link, no redirect hop."
docarnettefoundation.org,3,0%,,,DIRECT,0%,200:3,1,TG @LINKS_DEALER | EFFECTIVE SEO LINKS FOR WWW.PERFORMANCELAB.COM,100%,"Direct link, no redirect hop."
qualitypoint.com.do,3,0%,,,DIRECT,0%,200:3,1,TG @LINKS_DEALER | EFFECTIVE SEO LINKS FOR WWW.PERFORMANCELAB.COM,100%,"Direct link, no redirect hop."
proplayersports.com,3,0%,,,DIRECT,33%,"200:2, 500:1",1,TG @LINKS_DEALER | EFFECTIVE SEO LINKS FOR WWW.PERFORMANCELAB.COM,100%,"Direct link, no redirect hop."
vilagrad.com,3,0%,,,DIRECT,0%,200:3,1,TG @LINKS_DEALER | EFFECTIVE SEO LINKS FOR WWW.PERFORMANCELAB.COM,100%,"Direct link, no redirect hop."
smartparentresources.org,3,0%,,,DIRECT,0%,200:3,2,TG @LINKS_DEALER | EFFECTIVE SEO LINKS FOR WWW.PERFORMANCELAB.COM,100%,"Direct link, no redirect hop."
caftrading.com,3,0%,,,DIRECT,0%,200:3,1,( Performance Lab®,0%,"Direct link, no redirect hop."
modernatucasa.com,3,0%,,,DIRECT,0%,200:3,1,TG @LINKS_DEALER | EFFECTIVE SEO LINKS FOR WWW.PERFORMANCELAB.COM,100%,"Direct link, no redirect hop."
sohoinchina.com,3,0%,,,DIRECT,0%,200:3,3,MSM for Joint Health: Benefits & Best Supplements,100%,"Direct link, no redirect hop."
news7health.com,3,0%,,,DIRECT,0%,200:3,3,Creatine and Pre-Workout: Can You Take Them Together?,100%,"Direct link, no redirect hop."
notjustformen.com,3,0%,,,DIRECT,0%,200:3,1,Performance Lab Carb,100%,"Direct link, no redirect hop."
takes.homes,3,100%,testolabpro.com,,ROUTED_BRAND_OWNED,0%,200:3,2,testolabpro.com,100%,"Links route through testolabpro.com, which is in the client's own brand estate (BRAND_OWNED). This is first-party link management, not a third-party redirect layer."
allebewertungen.de,3,0%,,,DIRECT,0%,200:3,3,Performance Lab,0%,"Direct link, no redirect hop."
equipetrol.com.ec,3,0%,,,DIRECT,0%,200:3,1,"@SEO_CARTEL IN TELEGRAM - SEO BACKLINKS, BULK LINK POSTING, BOOST SEO RANKING",100%,"Direct link, no redirect hop."
ecortelyou.github.io,3,0%,,,DIRECT,0%,200:3,3,https://www.performancelab.com/blogs/fitness/do-runners-need-protein,0%,"Direct link, no redirect hop."
wip.co,3,0%,,,DIRECT,0%,200:3,1,www.performancelab.com/produc…,100%,"Direct link, no redirect hop."
nootopia.com,3,0%,,,DIRECT,0%,200:3,1,"[32] Lab, Performance. “Caffeine Anhydrous: Benefits, Weight Loss and Side Effects.” Performance Lab®, https://www.performancelab.com/blogs/stim/caffeine-anhydrous/.",0%,"Direct link, no redirect hop."
quero.party,3,67%,dtcx.com,,ROUTED_OTHER,0%,200:3,3,performancelab.com,100%,Links route through dtcx.com/.
sk-its.ru,3,0%,,,DIRECT,0%,200:3,3,upjkh,0%,"Direct link, no redirect hop."
corrector.in,3,100%,testolabpro.com,,ROUTED_BRAND_OWNED,0%,200:3,2,testolabpro.com,0%,"Links route through testolabpro.com, which is in the client's own brand estate (BRAND_OWNED). This is first-party link management, not a third-party redirect layer."
goodpods.com,3,0%,,,DIRECT,0%,200:3,1,https://www.performancelab.com/,0%,"Direct link, no redirect hop."
lasopiniones.es,3,0%,,,DIRECT,0%,200:3,3,Performance Lab,0%,"Direct link, no redirect hop."
jake.eu,3,67%,dtcx.com,,ROUTED_OTHER,0%,200:3,3,dtcx.com,100%,Links route through dtcx.com/.
dailyvoice.com,3,100%,fitliving.org,go/wl-testolabpro-homepage-general-all,ROUTED_CAMPAIGN,0%,200:3,3,>>Check the best deals for TestoLab Pro,100%,"All links route through fitliving.org/go/wl-testolabpro-homepage-general-all — a single brand-named campaign path. This is link-management or affiliate infrastructure, and the brief protects it: a redirect is not itself a toxicity signal."
reviewuk.co.uk,3,0%,,,DIRECT,0%,200:3,3,Go to Performancelab.com,0%,"Direct link, no redirect hop."
carplz.com,3,67%,performancelabs.com,,ROUTED_OTHER,0%,200:3,3,performancelabs.com,0%,Links route through performancelabs.com/.
youtoo.in,3,67%,performancelabs.com,,ROUTED_OTHER,0%,200:3,3,performancelab.com,0%,Links route through performancelabs.com/.
procycling.org,3,67%,dtcx.com,,ROUTED_OTHER,0%,200:3,3,dtcx.com,0%,Links route through dtcx.com/.
bye.fyi,3,67%,nutropic.com,,ROUTED_OTHER,0%,200:3,3,nutropic.com,100%,Links route through nutropic.com/.
tyre.pro,3,67%,testolabpro.com,,ROUTED_BRAND_OWNED,0%,200:3,3,testolabpro.com,0%,"Links route through testolabpro.com, which is in the client's own brand estate (BRAND_OWNED). This is first-party link management, not a third-party redirect layer."
automaned.com,3,0%,,,DIRECT,0%,200:3,1,🍪 TELEGRAM @SALESOVEN | ACCESS TO HACKED SITES FOR SEO | HTTPS://T.ME/SALESOVEN 🔥,100%,"Direct link, no redirect hop."
bnksp.org,3,0%,,,DIRECT,0%,200:3,1,🍪 TELEGRAM @SALESOVEN | ACCESS TO HACKED SITES FOR SEO | HTTPS://T.ME/SALESOVEN 🔥,100%,"Direct link, no redirect hop."
healthyfitnesstoday.com,3,0%,,,DIRECT,0%,200:3,3,Reveal the Method Rare knowledge. Few discover this,0%,"Direct link, no redirect hop."
imagingtrade.com.np,3,0%,,,DIRECT,0%,200:3,1,🍪 TELEGRAM @SALESOVEN | ACCESS TO HACKED SITES FOR SEO | HTTPS://T.ME/SALESOVEN 🔥,100%,"Direct link, no redirect hop."
vivaesthetique.com,3,0%,,,DIRECT,0%,200:3,1,🍪 TELEGRAM @SALESOVEN | ACCESS TO HACKED SITES FOR SEO | HTTPS://T.ME/SALESOVEN 🔥,100%,"Direct link, no redirect hop."
nanochem.com.vn,3,0%,,,DIRECT,0%,200:3,1,🍪 TELEGRAM @SALESOVEN | ACCESS TO HACKED SITES FOR SEO | HTTPS://T.ME/SALESOVEN 🔥,100%,"Direct link, no redirect hop."
pureminerals.uk,3,0%,,,DIRECT,0%,200:3,3,MSM provides proactive support,0%,"Direct link, no redirect hop."
targetblogs.com,3,33%,nutropic.com,,ROUTED_OTHER,0%,200:3,2,check here,0%,Links route through nutropic.com/.
olimposs.com,3,0%,,,DIRECT,0%,200:3,1,🍪 TELEGRAM @SALESOVEN | ACCESS TO HACKED SITES FOR SEO | HTTPS://T.ME/SALESOVEN 🔥,100%,"Direct link, no redirect hop."
lunoo.com,3,0%,,,DIRECT,100%,404:3,1,Visit,0%,"Direct link, no redirect hop."
trendy-daddy.fr,2,0%,,,DIRECT,100%,403:2,2,Performance Lab Oméga,0%,"Direct link, no redirect hop."
evidencebasedpractices.org,2,0%,,,DIRECT,0%,307:2,1,,0%,"Direct link, no redirect hop."
updatedkart.com,2,0%,,,DIRECT,0%,301:2,1,,0%,"Direct link, no redirect hop."
nootralize.com,2,0%,,,DIRECT,0%,200:2,2,Performance Lab Energy,0%,"Direct link, no redirect hop."
supplementstrust.com,2,0%,,,DIRECT,0%,307:2,1,,0%,"Direct link, no redirect hop."
ourtownlocal.com,2,100%,nutropic.com,,ROUTED_OTHER,0%,200:2,1,Nu:tropic,100%,Links route through nutropic.com/.
2all.asia,2,0%,,,DIRECT,100%,503:2,2,,100%,"Direct link, no redirect hop."
weightlossandco.com,2,0%,,,DIRECT,0%,301:2,1,,0%,"Direct link, no redirect hop."
thesun.co.uk,2,100%,nutropic.com,,ROUTED_OTHER,0%,200:2,1,nutropic.com,0%,Links route through nutropic.com/.
the-sun.com,2,100%,nutropic.com,,ROUTED_OTHER,0%,200:2,1,nutropic.com,0%,Links route through nutropic.com/.
zenlong.co,2,0%,,,DIRECT,0%,200:2,1,"Vitamin B6 for Sleep: Benefits, Dosage, and Its Role In Improving Your Sleep Cycle",0%,"Direct link, no redirect hop."
healthsafetyinfo.com,2,0%,,,DIRECT,0%,307:2,1,,0%,"Direct link, no redirect hop."
medicalbudsonline.com,2,100%,wellife.org,best-vision-formula,ROUTED_OTHER,0%,200:2,2,"the best eye health supplements in 2022,",100%,Links route through wellife.org/best-vision-formula.
foodnourish.net,2,0%,,,DIRECT,50%,"200:1, 403:1",2,[4],0%,"Direct link, no redirect hop."
theplantway.com,2,0%,,,DIRECT,50%,"403:1, 307:1",1,,0%,"Direct link, no redirect hop."
ferra.ru,2,0%,,,DIRECT,100%,404:2,2,© PerformanceLab,100%,"Direct link, no redirect hop."
healthsupportcenter.org,2,0%,,,DIRECT,0%,307:2,1,,0%,"Direct link, no redirect hop."
couponstroller.com,2,50%,testolabpro.com,,ROUTED_BRAND_OWNED,0%,0:2,2,https://global.performancelab.com/pages/nutrigenesis,100%,"Links route through testolabpro.com, which is in the client's own brand estate (BRAND_OWNED). This is first-party link management, not a third-party redirect layer."
medtep.com,2,100%,slimmingandco.com,omh-adderall-performancelm,ROUTED_OTHER,0%,200:2,2,CLICK to view PERFORMANCE LAB MIND price and latest offers,0%,Links route through slimmingandco.com/omh-adderall-performancelm.
healthtian.com,2,0%,,,DIRECT,100%,403:2,2,www.PerformanceLab.com,100%,"Direct link, no redirect hop."
travelclearly.com,2,100%,nutropic.com,,ROUTED_OTHER,0%,"0:1, 200:1",1,Nu:tropic,100%,Links route through nutropic.com/.
journeypeaks.com,2,100%,nutropic.com,,ROUTED_OTHER,0%,"0:1, 200:1",1,Nu:tropic,100%,Links route through nutropic.com/.
drumbass.news,2,100%,nutropic.com,,ROUTED_OTHER,0%,200:2,1,Nu Tropic,0%,Links route through nutropic.com/.
travelerschronicle.com,2,100%,nutropic.com,,ROUTED_OTHER,0%,200:2,1,Nu:tropic,100%,Links route through nutropic.com/.
manthanhub.com,2,0%,,,DIRECT,0%,200:2,2,3,100%,"Direct link, no redirect hop."
scieron.com,2,0%,,,DIRECT,0%,200:2,2,Buy now,100%,"Direct link, no redirect hop."
dianabolofficial.com,2,0%,,,DIRECT,0%,301:2,1,,0%,"Direct link, no redirect hop."
primeformen.com,2,50%,prelabpro.com,blogs/nutrition/bodyweight-vs-weights-for-fat-loss,ROUTED_BRAND_OWNED,0%,200:2,2,https://www.performancelab.com/blogs/fitness/workout-plateau-causes-and-tips-to-avoid-it,100%,"Links route through prelabpro.com, which is in the client's own brand estate (BRAND_OWNED). This is first-party link management, not a third-party redirect layer."
doctortrusted.org,2,0%,,,DIRECT,0%,307:2,1,,0%,"Direct link, no redirect hop."
chiromed.org,2,0%,,,DIRECT,0%,307:2,1,,0%,"Direct link, no redirect hop."
paperblog.fr,2,100%,nutropic.com,,ROUTED_OTHER,0%,200:2,1,Nu Tropic,100%,Links route through nutropic.com/.
supplementnatural.com,2,0%,,,DIRECT,0%,307:2,1,,0%,"Direct link, no redirect hop."
supplementsaid.com,2,0%,,,DIRECT,0%,307:2,1,,0%,"Direct link, no redirect hop."
muscle.ua,2,0%,,,DIRECT,0%,200:2,1,Vitamin D3 and K2,0%,"Direct link, no redirect hop."
aconsciouscollection.com,2,0%,,,DIRECT,100%,404:2,2,Mind,0%,"Direct link, no redirect hop."
sudonull.com,2,0%,,,DIRECT,0%,301:2,2,Performance Lab® Upgrade Yourself,100%,"Direct link, no redirect hop."
amoresplendidlife.com,2,0%,,,DIRECT,0%,307:2,1,,0%,"Direct link, no redirect hop."
celiac.com,2,0%,,,DIRECT,0%,"200:1, 0:1",1,Inulin vs Psyllium: Which Is Better for Gut Health?,100%,"Direct link, no redirect hop."
advancedliving.com,2,0%,,,DIRECT,0%,"200:1, 307:1",2,https://www.performancelab.com/pages/contact,50%,"Direct link, no redirect hop."
webscountry.com,2,0%,,,DIRECT,0%,200:2,1,performancelab,0%,"Direct link, no redirect hop."
wherecanifind.org,2,100%,performancelabs.com,,ROUTED_OTHER,0%,200:2,1,Performance Labs,0%,Links route through performancelabs.com/.
knoji.com,2,0%,,,DIRECT,0%,301:2,2,Performance Lab contact page,100%,"Direct link, no redirect hop."
beautycrew.com.au,2,0%,,,DIRECT,0%,200:2,2,Performance Lab MCT Oil,0%,"Direct link, no redirect hop."
boostmusclegrowth.com,2,0%,,,DIRECT,0%,307:2,1,,0%,"Direct link, no redirect hop."
ampedstatus.org,2,0%,,,DIRECT,0%,307:2,1,,0%,"Direct link, no redirect hop."
countryandtownhouse.com,2,0%,,,DIRECT,0%,200:2,2,Performance Lab Sleep,0%,"Direct link, no redirect hop."
glam.com,2,0%,,,DIRECT,0%,200:2,2,Performance Lab®,0%,"Direct link, no redirect hop."
noobpreneur.com,2,0%,,,DIRECT,0%,200:2,1,wholefood multivitamin,0%,"Direct link, no redirect hop."
reflections.live,2,0%,,,DIRECT,0%,200:2,2,Performance Lab,0%,"Direct link, no redirect hop."
howtolucid.com,2,0%,,,DIRECT,0%,301:2,1,,0%,"Direct link, no redirect hop."
odsol.com,2,100%,performancelabs.com,,ROUTED_OTHER,0%,200:2,1,"Performance Labs, Inc.",0%,Links route through performancelabs.com/.
onlinehealthstore.org,2,0%,,,DIRECT,0%,307:2,1,,0%,"Direct link, no redirect hop."
fitsmartyou.com,2,0%,,,DIRECT,100%,403:2,1,,0%,"Direct link, no redirect hop."
truthalerts.com,2,0%,,,DIRECT,0%,307:2,1,,0%,"Direct link, no redirect hop."
gea.edu.ge,2,0%,,,DIRECT,0%,200:2,1,Get More Here!!,100%,"Direct link, no redirect hop."
valleyrecord.com,2,100%,recent-science.com,performance-lab-vision,ROUTED_OTHER,100%,404:2,2,Performance Lab Vision,100%,Links route through recent-science.com/performance-lab-vision.
meritagepress.com,2,0%,,,DIRECT,0%,307:2,1,,0%,"Direct link, no redirect hop."
daroohome.com,2,0%,,,DIRECT,50%,"403:1, 200:1",1,performancelab,0%,"Direct link, no redirect hop."
actualized.org,2,0%,,,DIRECT,0%,200:2,1,https://eu.performancelab.com/products/whole-food-multi,100%,"Direct link, no redirect hop."
vivion.com,2,0%,,,DIRECT,0%,200:2,2,https://www.performancelab.com/blogs/nutrition/outside-matters-contrasting-the-health-and-sustainability-of-capsule-materials?srsltid=AfmBOopN000XugPaH35_3Ue0yYdU2pxaERL1efZkp9w_i5JJYI8WU3Kc#pullulan,0%,"Direct link, no redirect hop."
fruitsaladdaily.com,2,0%,,,DIRECT,0%,200:2,2,https://www.performancelab.com/blogs/nutrition/how-long-does-it-take-for-beetroot-juice-to-work?srsltid=AfmBOoou_UcdT9U_rFYvLekRrHr0VWuy0tKQHXG23PBgNhQW0kb1ZnAS,0%,"Direct link, no redirect hop."
seriouslifemagazine.com,2,0%,,,DIRECT,0%,307:2,1,,0%,"Direct link, no redirect hop."
almrsal.com,2,0%,,,DIRECT,50%,"403:1, 200:1",2,How Long Does It Take For Vitamin B12 To Work?,100%,"Direct link, no redirect hop."
streamseo.com,2,0%,,,DIRECT,0%,200:2,2,Join Performance Lab’s Affiliate Program,0%,"Direct link, no redirect hop."
mybodyweightexercises.com,2,0%,,,DIRECT,0%,200:2,2,Creatine - Benefits and Dosage Creatine - Benefits and Dosage,0%,"Direct link, no redirect hop."
staaker.com,2,0%,,,DIRECT,100%,404:2,2,Performance Lab®,50%,"Direct link, no redirect hop."
bostonsportsextra.com,2,0%,,,DIRECT,0%,200:2,1,fat burner with all-natural ingredients that’s been lab-tested for quality,0%,"Direct link, no redirect hop."
cathe.com,2,50%,performancelabs.com,,ROUTED_OTHER,0%,200:2,2,www.performancelab.com,100%,Links route through performancelabs.com/.
koreaportal.com,2,0%,,,DIRECT,0%,200:2,1,Performance Lab SPORT Post-Workout,100%,"Direct link, no redirect hop."
peakandpick.com,2,0%,,,DIRECT,0%,200:2,2,Performance Lab,0%,"Direct link, no redirect hop."
thenomadbrad.com,2,0%,,,DIRECT,0%,200:2,2,Performance Lab Affiliate Program,0%,"Direct link, no redirect hop."
helpineedhelp.com,2,0%,,,DIRECT,0%,200:2,2,GenerationIron10,100%,"Direct link, no redirect hop."
workers.dev,2,0%,,,DIRECT,0%,200:2,1,https://performancelab.com/,100%,"Direct link, no redirect hop."
organicavenue.com,2,0%,,,DIRECT,0%,302:2,1,,0%,"Direct link, no redirect hop."
planetanews.com,2,0%,,,DIRECT,0%,307:2,1,,0%,"Direct link, no redirect hop."
video.blog,2,0%,,,DIRECT,0%,200:2,1,,0%,"Direct link, no redirect hop."
toparticlesdirectory.com,2,0%,,,DIRECT,0%,200:2,1,performancelab,0%,"Direct link, no redirect hop."
supplementprograms.com,2,0%,,,DIRECT,0%,307:2,1,,0%,"Direct link, no redirect hop."
wayranks.com,2,0%,,,DIRECT,0%,200:2,2,https://performancelab.com,0%,"Direct link, no redirect hop."
lifesblog.com,2,0%,,,DIRECT,0%,200:2,1,performancelab.com,100%,"Direct link, no redirect hop."
milled.com,2,50%,ctrk.klclick2.com,l/01j446ha6zfkpcs3sdtj14pzxe_12,ROUTED_OTHER,0%,200:2,2,Free 2023 Sanrio Calendar,100%,Links route through ctrk.klclick2.com/l/01j446ha6zfkpcs3sdtj14pzxe_12.
icanb2c.com,2,0%,,,DIRECT,0%,200:2,2,Click Here,0%,"Direct link, no redirect hop."
checkbca.org,2,100%,performancelabs.com,,ROUTED_OTHER,0%,200:2,1,http://www.performancelabs.com,0%,Links route through performancelabs.com/.
wellnessgroup.com.my,2,0%,,,DIRECT,0%,"0:1, 200:1",1,this resource,100%,"Direct link, no redirect hop."
okmagazine.com,2,100%,fitliving.org,go/nootropics-perfomancelabmind-productpage-general-all,ROUTED_OTHER,0%,302:2,2,>>Check the best prices for Performance Lab Mind here,0%,Links route through fitliving.org/go/nootropics-perfomancelabmind-productpage-general-all.
wlghconferences.org,2,0%,,,DIRECT,0%,307:2,1,,0%,"Direct link, no redirect hop."
newlifestyles.com,2,0%,,,DIRECT,0%,200:2,2,blood pressure-lowering drugs,0%,"Direct link, no redirect hop."
myelin.org,2,0%,,,DIRECT,0%,302:2,1,,0%,"Direct link, no redirect hop."
cloudfront.net,2,0%,,,DIRECT,0%,200:2,1,performancelab.com,0%,"Direct link, no redirect hop."
alizyme.com,2,0%,,,DIRECT,0%,301:2,1,,0%,"Direct link, no redirect hop."
supplementguides.com,2,0%,,,DIRECT,0%,307:2,1,,0%,"Direct link, no redirect hop."
meh.com,2,0%,,,DIRECT,0%,200:2,1,performancelab.com,0%,"Direct link, no redirect hop."
phinin.com,2,0%,,,DIRECT,0%,200:2,1,performancelab.com,100%,"Direct link, no redirect hop."
postgradoune.edu.pe,2,0%,,,DIRECT,0%,302:2,2,10 Effective Tips to Prevent Tossing and Turning at Night Performance,0%,"Direct link, no redirect hop."
credihealth.com,2,0%,,,DIRECT,0%,200:2,2,Performance Lab® Omega-3,0%,"Direct link, no redirect hop."
scentses4d.wordpress.com,2,0%,,,DIRECT,0%,200:2,1,https://www.performancelab.com/blogs/multi/how-long-do-vitamins-stay-in-your-system,100%,"Direct link, no redirect hop."
supplementmag.com,2,0%,,,DIRECT,0%,200:2,2,4,0%,"Direct link, no redirect hop."
lc-plasma.com,2,0%,,,DIRECT,0%,200:2,2,PerformanceLab.com,0%,"Direct link, no redirect hop."
yourhealthandmine.net,2,0%,,,DIRECT,0%,307:2,1,,0%,"Direct link, no redirect hop."
townsendletter.com,2,0%,,,DIRECT,0%,0:2,1,Lactococcus Lactis Benefits: Top 3 Reasons This Probiotic Works – Performance Lab®,0%,"Direct link, no redirect hop."
bioinformant.com,2,0%,,,DIRECT,0%,200:2,2,at performancelab.com,0%,"Direct link, no redirect hop."
ranksdirectory.com,2,0%,,,DIRECT,0%,200:2,1,performancelab,0%,"Direct link, no redirect hop."
dealrated.com,2,0%,,,DIRECT,0%,200:2,2,Visit Website,100%,"Direct link, no redirect hop."
foober.com.au,2,0%,,,DIRECT,0%,200:2,1,Performance Lab,0%,"Direct link, no redirect hop."
nozaki-sekizai.com,2,0%,,,DIRECT,0%,200:2,1,Best Pre and Post Workout Supplements for Muscle Gain ...,0%,"Direct link, no redirect hop."
gearuptofit.com,2,0%,,,DIRECT,0%,200:2,2,highest thermic effect,0%,"Direct link, no redirect hop."
rheum4us.org,2,0%,,,DIRECT,0%,200:2,2,Click For Best Price,50%,"Direct link, no redirect hop."
shirtsdoctors.com,2,100%,chronotherapeutics.org,go/performance-lab-flex,ROUTED_CAMPAIGN,0%,200:2,2,Click Here for the Lowest Price on Performance Lab Flex,100%,"All links route through chronotherapeutics.org/go/performance-lab-flex — a single brand-named campaign path. This is link-management or affiliate infrastructure, and the brief protects it: a redirect is not itself a toxicity signal."
survivalstrength.com,2,0%,,,DIRECT,0%,302:2,1,,0%,"Direct link, no redirect hop."
heavymetalstrengthcoaching.com,2,0%,,,DIRECT,50%,"404:1, 200:1",1,HERE.,0%,"Direct link, no redirect hop."
hallojs.org,2,0%,,,DIRECT,0%,200:2,2,Performance Lab Flex,0%,"Direct link, no redirect hop."
kcpronutrients.com,2,0%,,,DIRECT,0%,200:2,2,https://www.performancelab.com/blogs/multi/how-long-does-it-take-f,0%,"Direct link, no redirect hop."
basichealthbrands.com,2,0%,,,DIRECT,0%,200:2,1,Performance Labs,0%,"Direct link, no redirect hop."
trustedrevie.ws,2,0%,,,DIRECT,0%,200:2,1,Performancelab.com Visit Website,100%,"Direct link, no redirect hop."
drumcorpsplanet.com,2,0%,,,DIRECT,0%,200:2,1,https://www.performancelab.com/blogs/fitness/the-dangers-of-overtraining,100%,"Direct link, no redirect hop."
marketminute.com,2,100%,pr.report,bu2x,ROUTED_OTHER,0%,200:2,2,Performance Lab Sleep,100%,Links route through pr.report/bu2x.
sisgroup.lk,2,50%,testolabpro.com,,ROUTED_BRAND_OWNED,0%,200:2,1,OUR TELEGRAM CHANEL https://t.me/s/quarterlinks25,100%,"Links route through testolabpro.com, which is in the client's own brand estate (BRAND_OWNED). This is first-party link management, not a third-party redirect layer."
couponifier.com,2,0%,,,DIRECT,0%,200:2,2,PLAB10,50%,"Direct link, no redirect hop."
nutrilistico.de,2,0%,,,DIRECT,0%,200:2,2,https://www.performancelab.com,0%,"Direct link, no redirect hop."
ocnjdaily.com,2,50%,apental.net,performancelabmind,ROUTED_OTHER,0%,200:2,2,Visit Performance Lab,0%,Links route through apental.net/performancelabmind.
mouans-immobilier.com,2,0%,,,DIRECT,0%,200:2,1,Glutathione and Vitamin C: Why You Should Take Them Together,0%,"Direct link, no redirect hop."
entrepreneur.com,2,0%,,,DIRECT,0%,200:2,2,Performance Lab Flex,100%,"Direct link, no redirect hop."
bestweddingdirectory.com,2,0%,,,DIRECT,0%,200:2,1,performancelab.com,100%,"Direct link, no redirect hop."
swimmersworld.co.uk,2,0%,,,DIRECT,0%,200:2,2,Modern pre-workout formulas,0%,"Direct link, no redirect hop."
alianzaestrategica.edu.pe,2,0%,,,DIRECT,0%,200:2,2,Do Probiotics Cause Gas? Performance Lab®,0%,"Direct link, no redirect hop."
pullulan.net,2,0%,,,DIRECT,0%,301:2,1,,0%,"Direct link, no redirect hop."
nannytomommy.com,2,0%,,,DIRECT,0%,200:2,1,thermic effect,0%,"Direct link, no redirect hop."
trimdownandshapeup.com,2,0%,,,DIRECT,0%,0:2,2,https://www.performancelab.com/blogs/fat-loss/magnesium-for-weight-loss?srsltid=AfmBOoo-0jP_5lfZrQ_LJdx_7ZeCsrIOy12Q6V65RQmqrjx2g_V_5y2y,0%,"Direct link, no redirect hop."
australianwebdirectory.com,2,50%,testolabpro.com,,ROUTED_BRAND_OWNED,0%,200:2,2,performancelab.com,100%,"Links route through testolabpro.com, which is in the client's own brand estate (BRAND_OWNED). This is first-party link management, not a third-party redirect layer."
rankvanceseo.info,2,100%,nutropic.com,,ROUTED_OTHER,0%,200:2,1,nutropic.com,0%,Links route through nutropic.com/.
performancelab.com,2,100%,prelabpro.com,blogs/nutrition/best-nitric-oxide-supplement,ROUTED_BRAND_OWNED,0%,200:2,2,nitric oxide supplements,0%,"Links route through prelabpro.com, which is in the client's own brand estate (BRAND_OWNED). This is first-party link management, not a third-party redirect layer."
sq-kj.net,2,100%,l.securelinksdirectory.com,intermediary/7/performance-lab-pre,ROUTED_CAMPAIGN,50%,"404:1, 200:1",1,Click here...,0%,"All links route through l.securelinksdirectory.com/intermediary/7/performance-lab-pre — a single brand-named campaign path. This is link-management or affiliate infrastructure, and the brief protects it: a redirect is not itself a toxicity signal."
concejomunicipaldechinu.gov.co,2,0%,,,DIRECT,0%,200:2,2,Muscle Cramps: Symptoms Causes Diagnosis and Treatments Performance,0%,"Direct link, no redirect hop."
coffeenerd.blog,2,0%,,,DIRECT,0%,200:2,2,effective topical treatment,0%,"Direct link, no redirect hop."
newszed.com,2,0%,,,DIRECT,0%,200:2,2,[11],0%,"Direct link, no redirect hop."
newdirectory.org,2,0%,,,DIRECT,0%,200:2,1,performancelab.com,100%,"Direct link, no redirect hop."
revaliew.com,2,100%,testolabpro.com,,ROUTED_BRAND_OWNED,0%,200:2,1,Visit Website,100%,"Links route through testolabpro.com, which is in the client's own brand estate (BRAND_OWNED). This is first-party link management, not a third-party redirect layer."
quik-news.com,2,0%,,,DIRECT,100%,403:2,2,from £19,0%,"Direct link, no redirect hop."
dayofdifference.org.au,2,0%,,,DIRECT,0%,200:2,2,What is ug?: A Guide to Vitamin Measurements - Performance Lab®,100%,"Direct link, no redirect hop."
mayoclinic.org,2,0%,,,DIRECT,0%,200:2,1,https://www.performancelab.com/blogs/energy/r-lipoic-acid-vs-alpha-lipoic-acid,100%,"Direct link, no redirect hop."
newshealthwatch.com,2,0%,,,DIRECT,0%,200:2,2,Medium Chain Triglycerides (MCT),50%,"Direct link, no redirect hop."
healthmassive.blog,2,0%,,,DIRECT,100%,403:2,2,Caffeine Anhydrous,0%,"Direct link, no redirect hop."
australianwebdirectory.info,2,50%,testolabpro.com,,ROUTED_BRAND_OWNED,0%,200:2,2,performancelab.com,100%,"Links route through testolabpro.com, which is in the client's own brand estate (BRAND_OWNED). This is first-party link management, not a third-party redirect layer."
listrecord.com,2,0%,,,DIRECT,0%,200:2,1,performancelab.com,100%,"Direct link, no redirect hop."
keepthebody.com,2,0%,,,DIRECT,0%,200:2,2,https://www.performancelab.com/blogs/fitness/beta-alanine-dosage-for-bodybuilding,0%,"Direct link, no redirect hop."
newsdirected.com,2,0%,,,DIRECT,0%,307:2,1,,0%,"Direct link, no redirect hop."
sleeplognote.com,2,0%,,,DIRECT,0%,200:2,1,Montmorency Tart Cherry: Benefits for Sleep and Performance,0%,"Direct link, no redirect hop."
wellsquad.com,2,0%,,,DIRECT,0%,200:2,2,Check out Performance Lab Flex here,0%,"Direct link, no redirect hop."
itworks.com,2,0%,,,DIRECT,0%,200:2,2,reduce fat accumulation,100%,"Direct link, no redirect hop."
citybeat.com,2,100%,fitliving.org,go/performancelabprelabpro-sup-prd-us-en,ROUTED_CAMPAIGN,0%,200:2,2,>>See the formula behind the fast-acting Performance Lab Pre Lab Pro now,0%,"All links route through fitliving.org/go/performancelabprelabpro-sup-prd-us-en — a single brand-named campaign path. This is link-management or affiliate infrastructure, and the brief protects it: a redirect is not itself a toxicity signal."
everythingonline.in,2,0%,,,DIRECT,0%,200:2,1,performancelab.com,100%,"Direct link, no redirect hop."
criteriul.ro,2,0%,,,DIRECT,0%,200:2,1,studiu,0%,"Direct link, no redirect hop."
gymbeam.sk,2,0%,,,DIRECT,0%,200:2,2,https://www.performancelab.com/blogs/pre/are-creatine-and-caffeine-dangerous-together,100%,"Direct link, no redirect hop."
americanstartups.com,2,0%,,,DIRECT,0%,200:2,2,Buy Now,0%,"Direct link, no redirect hop."
lemdro.id,2,0%,,,DIRECT,0%,200:2,1,It depends,50%,"Direct link, no redirect hop."
gymbeam.ro,2,0%,,,DIRECT,0%,200:2,2,https://www.performancelab.com/blogs/pre/are-creatine-and-caffeine-dangerous-together,100%,"Direct link, no redirect hop."
wrightimages.com,2,100%,performancelabs.com,,ROUTED_OTHER,0%,200:2,1,Performance Labs,0%,Links route through performancelabs.com/.
singaporeanloves.com,2,0%,,,DIRECT,0%,301:2,1,,0%,"Direct link, no redirect hop."
leadiq.com,2,0%,,,DIRECT,0%,200:2,1,performancelab.com,100%,"Direct link, no redirect hop."
thecinnamonhollow.com,2,0%,,,DIRECT,0%,"0:1, 200:1",2,Performance Lab Mind,0%,"Direct link, no redirect hop."
gymbeam.it,2,0%,,,DIRECT,0%,200:2,2,https://www.performancelab.com/blogs/pre/are-creatine-and-caffeine-dangerous-together,100%,"Direct link, no redirect hop."
bethelean.kr,2,0%,,,DIRECT,0%,200:2,1,performancelab.com,100%,"Direct link, no redirect hop."
healthbeautyanswers.com,2,0%,,,DIRECT,0%,"302:1, 200:1",2,,0%,"Direct link, no redirect hop."
gymbeam.com,2,0%,,,DIRECT,0%,200:2,2,https://www.performancelab.com/blogs/pre/are-creatine-and-caffeine-dangerous-together,100%,"Direct link, no redirect hop."
orlandoweekly.com,2,100%,fitliving.org,go/performancelabprelabpro-sup-prd-us-en,ROUTED_CAMPAIGN,0%,200:2,2,>>Learn exactly how Performance Lab Pre Lab Pro hydrates the body,0%,"All links route through fitliving.org/go/performancelabprelabpro-sup-prd-us-en — a single brand-named campaign path. This is link-management or affiliate infrastructure, and the brief protects it: a redirect is not itself a toxicity signal."
betterme.world,2,0%,,,DIRECT,0%,200:2,2,9,100%,"Direct link, no redirect hop."
greengurunutrition.com,2,0%,,,DIRECT,0%,200:2,2,Performance Lab website,100%,"Direct link, no redirect hop."
nootropicosya.com,2,0%,,,DIRECT,0%,200:2,2,Performance Lab Mind + Performance Lab Stim,0%,"Direct link, no redirect hop."
gymbeam.ba,2,0%,,,DIRECT,0%,200:2,2,https://www.performancelab.com/blogs/pre/are-creatine-and-caffeine-dangerous-together,100%,"Direct link, no redirect hop."
xandrolab.com,2,0%,,,DIRECT,0%,200:2,1,jet lag,0%,"Direct link, no redirect hop."
buildersociety.com,2,0%,,,DIRECT,0%,200:2,2,this,100%,"Direct link, no redirect hop."
gymbeam.bg,2,0%,,,DIRECT,0%,200:2,2,https://www.performancelab.com/blogs/pre/are-creatine-and-caffeine-dangerous-together,100%,"Direct link, no redirect hop."
smatdeals.com,2,0%,,,DIRECT,0%,200:2,1,Open Site,0%,"Direct link, no redirect hop."
gymbeam.hu,2,0%,,,DIRECT,0%,200:2,2,https://www.performancelab.com/blogs/pre/are-creatine-and-caffeine-dangerous-together,50%,"Direct link, no redirect hop."
mahtateb.com,2,0%,,,DIRECT,0%,200:2,2,هِم و غیرهِم,0%,"Direct link, no redirect hop."
blogdon.net,2,0%,,,DIRECT,0%,200:2,2,read more,0%,"Direct link, no redirect hop."
gymbeam.pl,2,0%,,,DIRECT,0%,200:2,2,https://www.performancelab.com/blogs/pre/are-creatine-and-caffeine-dangerous-together,100%,"Direct link, no redirect hop."
graphicsprings.com,2,0%,,,DIRECT,0%,200:2,2,Performance Lab,0%,"Direct link, no redirect hop."
gymbeam.gr,2,0%,,,DIRECT,0%,200:2,2,https://www.performancelab.com/blogs/pre/are-creatine-and-caffeine-dangerous-together,100%,"Direct link, no redirect hop."
almashhad.com,2,0%,,,DIRECT,0%,200:2,1,performancelab,0%,"Direct link, no redirect hop."
e-directory2u.com,2,0%,,,DIRECT,0%,200:2,1,https://www.performancelab.com/?a_aid=68990cbe508aa&a_bid=a2ad38c1,0%,"Direct link, no redirect hop."
gymbeam.hr,2,0%,,,DIRECT,0%,200:2,2,https://www.performancelab.com/blogs/pre/are-creatine-and-caffeine-dangerous-together,50%,"Direct link, no redirect hop."
gymbeam.si,2,0%,,,DIRECT,0%,200:2,2,https://www.performancelab.com/blogs/pre/are-creatine-and-caffeine-dangerous-together,100%,"Direct link, no redirect hop."
gymbeam.cz,2,0%,,,DIRECT,0%,200:2,2,https://www.performancelab.com/blogs/pre/are-creatine-and-caffeine-dangerous-together,100%,"Direct link, no redirect hop."
bizlinkdirectory.com,2,0%,,,DIRECT,0%,200:2,1,https://www.performancelab.com/?a_aid=68990cbe508aa&a_bid=a2ad38c1,0%,"Direct link, no redirect hop."
directory-cube.com,2,0%,,,DIRECT,0%,200:2,1,https://www.performancelab.com/?a_aid=68990cbe508aa&a_bid=a2ad38c1,0%,"Direct link, no redirect hop."
seozdirectory.com,2,0%,,,DIRECT,0%,200:2,1,https://www.performancelab.com/?a_aid=68990cbe508aa&a_bid=a2ad38c1,0%,"Direct link, no redirect hop."
apteka911.ua,2,0%,,,DIRECT,0%,200:2,1,performancelab.com,0%,"Direct link, no redirect hop."
seeyoudirectory.com,2,0%,,,DIRECT,0%,200:2,1,https://www.performancelab.com/?a_aid=68990cbe508aa&a_bid=a2ad38c1,0%,"Direct link, no redirect hop."
2020-directory.com,2,0%,,,DIRECT,0%,200:2,1,https://www.performancelab.com/?a_aid=68990cbe508aa&a_bid=a2ad38c1,0%,"Direct link, no redirect hop."
ebiz-directory.com,2,0%,,,DIRECT,0%,200:2,1,https://www.performancelab.com/?a_aid=68990cbe508aa&a_bid=a2ad38c1,0%,"Direct link, no redirect hop."
cbpsdirectory.com,2,0%,,,DIRECT,0%,200:2,1,https://www.performancelab.com/?a_aid=68990cbe508aa&a_bid=a2ad38c1,0%,"Direct link, no redirect hop."
nerodirectory.com,2,0%,,,DIRECT,0%,200:2,1,https://www.performancelab.com/?a_aid=68990cbe508aa&a_bid=a2ad38c1,0%,"Direct link, no redirect hop."
thedeepdirectory.com,2,0%,,,DIRECT,0%,200:2,1,https://www.performancelab.com/?a_aid=68990cbe508aa&a_bid=a2ad38c1,0%,"Direct link, no redirect hop."
longevity.technology,2,0%,,,DIRECT,0%,200:2,2,3,0%,"Direct link, no redirect hop."
directory-engine.com,2,0%,,,DIRECT,0%,200:2,1,https://www.performancelab.com/?a_aid=68990cbe508aa&a_bid=a2ad38c1,0%,"Direct link, no redirect hop."
viewsdirectory.com,2,0%,,,DIRECT,0%,200:2,1,https://www.performancelab.com/?a_aid=68990cbe508aa&a_bid=a2ad38c1,0%,"Direct link, no redirect hop."
princedirectory.com,2,0%,,,DIRECT,0%,200:2,1,https://www.performancelab.com/?a_aid=68990cbe508aa&a_bid=a2ad38c1,0%,"Direct link, no redirect hop."
studio-directory.com,2,0%,,,DIRECT,0%,200:2,1,https://www.performancelab.com/?a_aid=68990cbe508aa&a_bid=a2ad38c1,0%,"Direct link, no redirect hop."
simbadirectory.com,2,0%,,,DIRECT,0%,200:2,1,https://www.performancelab.com/?a_aid=68990cbe508aa&a_bid=a2ad38c1,0%,"Direct link, no redirect hop."
prxdirectory.com,2,0%,,,DIRECT,0%,200:2,1,https://www.performancelab.com/?a_aid=68990cbe508aa&a_bid=a2ad38c1,0%,"Direct link, no redirect hop."
sectordirectory.com,2,0%,,,DIRECT,0%,200:2,1,https://www.performancelab.com/?a_aid=68990cbe508aa&a_bid=a2ad38c1,0%,"Direct link, no redirect hop."
netwebdirectory.com,2,0%,,,DIRECT,0%,200:2,1,https://www.performancelab.com/?a_aid=68990cbe508aa&a_bid=a2ad38c1,0%,"Direct link, no redirect hop."
cubecreative.design,2,0%,,,DIRECT,0%,200:2,2,Performance Lab,0%,"Direct link, no redirect hop."
vietbizdirectory.com,2,0%,,,DIRECT,0%,200:2,1,https://www.performancelab.com/?a_aid=68990cbe508aa&a_bid=a2ad38c1,0%,"Direct link, no redirect hop."
freeurldirectory.com,2,0%,,,DIRECT,0%,200:2,1,https://www.performancelab.com/?a_aid=68990cbe508aa&a_bid=a2ad38c1,0%,"Direct link, no redirect hop."
mynichedirectory.com,2,0%,,,DIRECT,0%,200:2,1,https://www.performancelab.com/?a_aid=68990cbe508aa&a_bid=a2ad38c1,0%,"Direct link, no redirect hop."
rbexcellentairportservicesinc.ca,2,0%,,,DIRECT,0%,200:2,1,TG @LINKS_DEALER | EFFECTIVE SEO LINKS FOR WWW.PERFORMANCELAB.COM,100%,"Direct link, no redirect hop."
web-directory4.com,2,0%,,,DIRECT,0%,200:2,1,https://www.performancelab.com/?a_aid=68990cbe508aa&a_bid=a2ad38c1,0%,"Direct link, no redirect hop."
directoryrecap.com,2,0%,,,DIRECT,0%,200:2,1,https://www.performancelab.com/?a_aid=68990cbe508aa&a_bid=a2ad38c1,0%,"Direct link, no redirect hop."
ourbigdirectory.com,2,0%,,,DIRECT,0%,200:2,1,https://www.performancelab.com/?a_aid=68990cbe508aa&a_bid=a2ad38c1,0%,"Direct link, no redirect hop."
directory4websites.com,2,0%,,,DIRECT,0%,200:2,1,performancelab.com,100%,"Direct link, no redirect hop."
thulatula.com,2,0%,,,DIRECT,0%,200:2,2,10 Effective Tips to Prevent Tossing and Turning at Night,0%,"Direct link, no redirect hop."
iseodirectory.com,2,0%,,,DIRECT,0%,200:2,1,https://www.performancelab.com/?a_aid=68990cbe508aa&a_bid=a2ad38c1,0%,"Direct link, no redirect hop."
britedirectory.com,2,0%,,,DIRECT,0%,200:2,1,https://www.performancelab.com/?a_aid=68990cbe508aa&a_bid=a2ad38c1,0%,"Direct link, no redirect hop."
begindirectory.com,2,0%,,,DIRECT,0%,200:2,1,https://www.performancelab.com/?a_aid=68990cbe508aa&a_bid=a2ad38c1,0%,"Direct link, no redirect hop."
glowingdirectory.com,2,0%,,,DIRECT,0%,200:2,1,https://www.performancelab.com/?a_aid=68990cbe508aa&a_bid=a2ad38c1,0%,"Direct link, no redirect hop."
ukdirectorylist.com,2,0%,,,DIRECT,0%,200:2,1,https://www.performancelab.com/?a_aid=68990cbe508aa&a_bid=a2ad38c1,0%,"Direct link, no redirect hop."
deepodirectory.com,2,0%,,,DIRECT,0%,200:2,1,https://www.performancelab.com/?a_aid=68990cbe508aa&a_bid=a2ad38c1,0%,"Direct link, no redirect hop."
limawebdirectory.com,2,0%,,,DIRECT,0%,200:2,1,https://www.performancelab.com/?a_aid=68990cbe508aa&a_bid=a2ad38c1,0%,"Direct link, no redirect hop."
mydirectoryspace.com,2,0%,,,DIRECT,0%,200:2,1,https://www.performancelab.com/?a_aid=68990cbe508aa&a_bid=a2ad38c1,0%,"Direct link, no redirect hop."
directory-store.com,2,0%,,,DIRECT,0%,200:2,1,https://www.performancelab.com/?a_aid=68990cbe508aa&a_bid=a2ad38c1,0%,"Direct link, no redirect hop."
eurekahealth.com,2,0%,,,DIRECT,0%,200:2,2,( PerformanceLab ),0%,"Direct link, no redirect hop."
directoryweburl.com,2,0%,,,DIRECT,0%,200:2,1,https://www.performancelab.com/?a_aid=68990cbe508aa&a_bid=a2ad38c1,0%,"Direct link, no redirect hop."
aglocodirectory.com,2,0%,,,DIRECT,0%,200:2,1,https://www.performancelab.com/?a_aid=68990cbe508aa&a_bid=a2ad38c1,0%,"Direct link, no redirect hop."
zopedirectory.com,2,0%,,,DIRECT,0%,200:2,1,https://www.performancelab.com/?a_aid=68990cbe508aa&a_bid=a2ad38c1,0%,"Direct link, no redirect hop."
lifewebdirectory.com,2,0%,,,DIRECT,0%,200:2,1,https://www.performancelab.com/?a_aid=68990cbe508aa&a_bid=a2ad38c1,0%,"Direct link, no redirect hop."
bomadirectory.com,2,0%,,,DIRECT,0%,200:2,1,https://www.performancelab.com/?a_aid=68990cbe508aa&a_bid=a2ad38c1,0%,"Direct link, no redirect hop."
new-webdirectory.com,2,0%,,,DIRECT,0%,200:2,1,https://www.performancelab.com/?a_aid=68990cbe508aa&a_bid=a2ad38c1,0%,"Direct link, no redirect hop."
directory-expert.com,2,0%,,,DIRECT,0%,200:2,1,https://www.performancelab.com/?a_aid=68990cbe508aa&a_bid=a2ad38c1,0%,"Direct link, no redirect hop."
affiliategrowth.net,2,0%,,,DIRECT,0%,200:2,2,https://performancelab.com,0%,"Direct link, no redirect hop."
myindexdirectory.com,2,0%,,,DIRECT,0%,200:2,1,https://www.performancelab.com/?a_aid=68990cbe508aa&a_bid=a2ad38c1,0%,"Direct link, no redirect hop."
coolbizdirectory.com,2,0%,,,DIRECT,0%,200:2,1,https://www.performancelab.com/?a_aid=68990cbe508aa&a_bid=a2ad38c1,0%,"Direct link, no redirect hop."
weblogco.com,2,0%,,,DIRECT,0%,200:2,2,multivitamin for women,0%,"Direct link, no redirect hop."
zerowastemaldives.com,2,0%,,,DIRECT,0%,200:2,1,TG @LINKS_DEALER | EFFECTIVE SEO LINKS FOR WWW.PERFORMANCELAB.COM,100%,"Direct link, no redirect hop."
zed-directory.com,2,0%,,,DIRECT,0%,200:2,1,https://www.performancelab.com/?a_aid=68990cbe508aa&a_bid=a2ad38c1,0%,"Direct link, no redirect hop."
bloggosite.com,2,0%,,,DIRECT,0%,200:2,2,more info,0%,"Direct link, no redirect hop."
famous-directory.com,2,0%,,,DIRECT,0%,200:2,1,https://www.performancelab.com/?a_aid=68990cbe508aa&a_bid=a2ad38c1,0%,"Direct link, no redirect hop."
accio.com,2,0%,,,DIRECT,0%,200:2,1,4,100%,"Direct link, no redirect hop."
dietofcommonsense.com,2,0%,,,DIRECT,0%,200:2,2,Performance Lab Omega-3,0%,"Direct link, no redirect hop."
blinks.monster,2,100%,dtcx.com,,ROUTED_OTHER,0%,200:2,2,dtcx.com,100%,Links route through dtcx.com/.
directoryvenom.com,2,0%,,,DIRECT,0%,200:2,1,https://www.performancelab.com/?a_aid=68990cbe508aa&a_bid=a2ad38c1,0%,"Direct link, no redirect hop."
oxodirectory.com,2,0%,,,DIRECT,0%,200:2,1,https://www.performancelab.com/?a_aid=68990cbe508aa&a_bid=a2ad38c1,0%,"Direct link, no redirect hop."
directoryquick.com,2,0%,,,DIRECT,0%,200:2,1,https://www.performancelab.com/?a_aid=68990cbe508aa&a_bid=a2ad38c1,0%,"Direct link, no redirect hop."
linkdirectory724.com,2,0%,,,DIRECT,0%,200:2,1,https://www.performancelab.com/?a_aid=68990cbe508aa&a_bid=a2ad38c1,0%,"Direct link, no redirect hop."
unicornplatform.com,2,0%,,,DIRECT,0%,200:2,2,a nutritional supplements brand,0%,"Direct link, no redirect hop."
webtagdirectory.com,2,0%,,,DIRECT,0%,200:2,1,https://www.performancelab.com/?a_aid=68990cbe508aa&a_bid=a2ad38c1,0%,"Direct link, no redirect hop."
directorypile.com,2,0%,,,DIRECT,0%,200:2,1,https://www.performancelab.com/?a_aid=68990cbe508aa&a_bid=a2ad38c1,0%,"Direct link, no redirect hop."
directoryforever.com,2,0%,,,DIRECT,0%,200:2,1,https://www.performancelab.com/?a_aid=68990cbe508aa&a_bid=a2ad38c1,0%,"Direct link, no redirect hop."
smartcabsnorwich.co.uk,2,0%,,,DIRECT,0%,200:2,1,TG @LINKS_DEALER | EFFECTIVE SEO LINKS FOR WWW.PERFORMANCELAB.COM,100%,"Direct link, no redirect hop."
niloblog.com,2,0%,,,DIRECT,0%,200:2,1,performancelab,50%,"Direct link, no redirect hop."
jsrproductions.com,2,0%,,,DIRECT,0%,200:2,1,[Source],0%,"Direct link, no redirect hop."
wetestyoutrust.com,2,0%,,,DIRECT,100%,403:2,2,https://www.performancelab.com/,50%,"Direct link, no redirect hop."
pageupdirectory.com,2,0%,,,DIRECT,0%,200:2,1,https://www.performancelab.com/?a_aid=68990cbe508aa&a_bid=a2ad38c1,0%,"Direct link, no redirect hop."
slimdirectory.com,2,0%,,,DIRECT,0%,200:2,1,https://www.performancelab.com/?a_aid=68990cbe508aa&a_bid=a2ad38c1,0%,"Direct link, no redirect hop."
golinkdirectory.com,2,0%,,,DIRECT,0%,200:2,1,https://www.performancelab.com/?a_aid=68990cbe508aa&a_bid=a2ad38c1,0%,"Direct link, no redirect hop."
techwyse.com,2,0%,,,DIRECT,0%,200:2,2,Performance Lab,0%,"Direct link, no redirect hop."
us.com,2,0%,,,DIRECT,0%,200:2,2,Performance Lab,50%,"Direct link, no redirect hop."
osadazbojecka.pl,2,0%,,,DIRECT,0%,200:2,1,TG @LINKS_DEALER | EFFECTIVE SEO LINKS FOR WWW.PERFORMANCELAB.COM,100%,"Direct link, no redirect hop."
freedirectory4u.com,2,0%,,,DIRECT,0%,200:2,1,https://www.performancelab.com/?a_aid=68990cbe508aa&a_bid=a2ad38c1,0%,"Direct link, no redirect hop."
portlandlandscapepros.com,2,0%,,,DIRECT,0%,200:2,1,TG @LINKS_DEALER | EFFECTIVE SEO LINKS FOR WWW.PERFORMANCELAB.COM,100%,"Direct link, no redirect hop."
din-studio.com,2,0%,,,DIRECT,0%,200:2,2,Performance Lab,0%,"Direct link, no redirect hop."
sellbery.com,2,0%,,,DIRECT,0%,200:2,2,Performance Lab,0%,"Direct link, no redirect hop."
closeronline.co.uk,2,0%,,,DIRECT,0%,200:2,1,View offer,0%,"Direct link, no redirect hop."
weightlossprocoach.com,2,0%,,,DIRECT,50%,"200:1, 403:1",1,Fat Loss Plateau: How to Break Through & Avoid It,100%,"Direct link, no redirect hop."
metastatinsight.com,2,0%,,,DIRECT,0%,200:2,1,Performance Lab,0%,"Direct link, no redirect hop."
nomoz.org,2,100%,performancelabs.com,,ROUTED_OTHER,0%,200:2,2,Open in a new window,0%,Links route through performancelabs.com/.
goodhousekeeping.com,2,0%,,,DIRECT,0%,200:2,2,£132 at performancelab.com,100%,"Direct link, no redirect hop."
24by7directory.com,2,0%,,,DIRECT,0%,200:2,1,https://www.performancelab.com/?a_aid=68990cbe508aa&a_bid=a2ad38c1,0%,"Direct link, no redirect hop."
irongarmx.net,2,0%,,,DIRECT,0%,200:2,1,https://www.performancelab.com/blogs/fi ... 3-7-method,0%,"Direct link, no redirect hop."
cueform.ai,2,0%,,,DIRECT,0%,200:2,1,[11],100%,"Direct link, no redirect hop."
lynn-hughes.co.uk,2,0%,,,DIRECT,0%,200:2,2,Performance Lab (£19),0%,"Direct link, no redirect hop."
matchboxdesigngroup.com,2,0%,,,DIRECT,0%,200:2,2,Performance Lab,0%,"Direct link, no redirect hop."
slapshady.com,2,50%,testolabpro.com,,ROUTED_BRAND_OWNED,0%,200:2,1,OUR TELEGRAM CHANEL https://t.me/s/quarterlinks25,100%,"Links route through testolabpro.com, which is in the client's own brand estate (BRAND_OWNED). This is first-party link management, not a third-party redirect layer."
mercurynews.com,2,100%,fitliving.org,go/nootropics-perfomancelabmind-productpage-general-all,ROUTED_OTHER,0%,200:2,1,Performance Lab Mind,0%,Links route through fitliving.org/go/nootropics-perfomancelabmind-productpage-general-all.
logocreator.io,2,0%,,,DIRECT,0%,200:2,2,Performance Lab,0%,"Direct link, no redirect hop."
writingstudio.com,2,0%,,,DIRECT,0%,200:2,2,performancelab.com,0%,"Direct link, no redirect hop."
counselheal.com,2,0%,,,DIRECT,0%,200:2,1,complex carbohydrates,100%,"Direct link, no redirect hop."
startupresources.io,2,0%,,,DIRECT,0%,200:2,2,Performance Lab,0%,"Direct link, no redirect hop."
laweekly.com,2,100%,leanbulking.com,go/performance-lab-prebiotic,ROUTED_CAMPAIGN,0%,200:2,2,>> Click Here to get the best deal for Performance Lab Prebiotic <<,100%,"All links route through leanbulking.com/go/performance-lab-prebiotic — a single brand-named campaign path. This is link-management or affiliate infrastructure, and the brief protects it: a redirect is not itself a toxicity signal."
fermentingforfoodies.com,2,0%,,,DIRECT,0%,200:2,2,good dose of fiber,100%,"Direct link, no redirect hop."
apollotechnical.com,2,0%,,,DIRECT,0%,200:2,2,Performance Lab,0%,"Direct link, no redirect hop."
webtechdirectory.com,2,0%,,,DIRECT,0%,200:2,1,https://www.performancelab.com/?a_aid=68990cbe508aa&a_bid=a2ad38c1,0%,"Direct link, no redirect hop."
htmpharmacy.my,2,0%,,,DIRECT,0%,200:2,1,https://www.performancelab.com/blogs/vision/3-foods-that-cause-dry-eyes-and-foods-to-help-them,0%,"Direct link, no redirect hop."
svkherbal.com,2,0%,,,DIRECT,0%,200:2,2,8,0%,"Direct link, no redirect hop."
domaineye.com,2,50%,performancelabs.com,,ROUTED_OTHER,0%,200:2,2,performancelab.com,0%,Links route through performancelabs.com/.
olivemagazine.com,2,0%,,,DIRECT,0%,200:2,2,Performance Lab (£19),0%,"Direct link, no redirect hop."
resident.com,2,0%,,,DIRECT,0%,200:2,2,,0%,"Direct link, no redirect hop."
pkbtembnm.blogspot.com,2,100%,nutropic.com,,ROUTED_OTHER,0%,200:2,1,nutropic.com,100%,Links route through nutropic.com/.
nfo.hk,2,0%,,,DIRECT,0%,200:2,1,performancelab.com,0%,"Direct link, no redirect hop."
enov.one,2,0%,,,DIRECT,0%,200:2,2,"B12 injection shots can usually be felt within 24 hours, with changes showing in blood tests after a month or two",0%,"Direct link, no redirect hop."
startupnation.com,2,0%,,,DIRECT,0%,200:2,2,Performance Lab,0%,"Direct link, no redirect hop."
ysdreviewsnow.com,2,0%,,,DIRECT,0%,0:2,2,Performance Lab,0%,"Direct link, no redirect hop."
eatbreadless.com,2,0%,,,DIRECT,0%,200:2,2,show stronger anti-inflammatory effects when paired with other healthy fats,100%,"Direct link, no redirect hop."
mirmgate.com.au,2,0%,,,DIRECT,0%,200:2,1,How Many Calories Do You Burn In A Day Without …,100%,"Direct link, no redirect hop."
eztaxact.com,2,0%,,,DIRECT,0%,200:2,2,Performance Lab,100%,"Direct link, no redirect hop."
da19fmuserguide.com,2,0%,,,DIRECT,0%,200:2,2,Source,0%,"Direct link, no redirect hop."
metrotimes.com,2,100%,fitliving.org,go/performancelabprebiotic-sup-prd,ROUTED_CAMPAIGN,0%,200:2,2,>>Check the best price for Performance Lab Prebiotic,100%,"All links route through fitliving.org/go/performancelabprebiotic-sup-prd — a single brand-named campaign path. This is link-management or affiliate infrastructure, and the brief protects it: a redirect is not itself a toxicity signal."
seol.store,2,50%,dtcx.com,,ROUTED_OTHER,0%,200:2,2,dtcx.com,100%,Links route through dtcx.com/.
herbsmedicine.net,2,0%,,,DIRECT,0%,200:2,1,https://www.performancelab.com/products/caffeine-2,0%,"Direct link, no redirect hop."
articlement.com,2,0%,,,DIRECT,0%,200:2,1,performancelab,0%,"Direct link, no redirect hop."
lamze.co,2,0%,,,DIRECT,0%,200:2,2,oefoy,0%,"Direct link, no redirect hop."
richlandswcd.net,2,0%,,,DIRECT,0%,200:2,2,8nb7hv,0%,"Direct link, no redirect hop."
ready.pro,2,100%,dtcx.com,,ROUTED_OTHER,0%,200:2,2,dtcx.com,100%,Links route through dtcx.com/.
tomorrow.services,2,0%,,,DIRECT,0%,200:2,2,oxqk6,0%,"Direct link, no redirect hop."
userp.io,2,0%,,,DIRECT,0%,200:2,2,Source,0%,"Direct link, no redirect hop."
muzcle.com,2,0%,,,DIRECT,0%,200:2,2,3,100%,"Direct link, no redirect hop."
testosteronefacts.org,2,100%,testolabpro.com,products/testo-lab-pro,ROUTED_BRAND_OWNED,0%,200:2,2,$103.50 (original price: $207.00),0%,"Links route through testolabpro.com, which is in the client's own brand estate (BRAND_OWNED). This is first-party link management, not a third-party redirect layer."
holistichealthwire.com,2,0%,,,DIRECT,0%,"200:1, 0:1",1,Try Performance Lab Prebiotic,100%,"Direct link, no redirect hop."
loop11.com,2,0%,,,DIRECT,0%,200:2,2,performancelab.com,0%,"Direct link, no redirect hop."
dailydish.co.uk,2,0%,,,DIRECT,0%,200:2,1,© Performance Lab,0%,"Direct link, no redirect hop."
interworks.com,2,0%,,,DIRECT,0%,200:2,2,xqji,0%,"Direct link, no redirect hop."
highsidelabs.co,2,0%,,,DIRECT,0%,200:2,2,bv1c,0%,"Direct link, no redirect hop."
1stcallglasscare.com,2,50%,dtcx.com,,ROUTED_OTHER,0%,200:2,2,dtcx.com,0%,Links route through dtcx.com/.
modafinil-buy.com,2,0%,,,DIRECT,0%,200:2,2,[10],0%,"Direct link, no redirect hop."
ijest.org,2,0%,,,DIRECT,0%,200:2,2,Best Ritalin substitute,0%,"Direct link, no redirect hop."
easna.org,2,0%,,,DIRECT,0%,200:2,2,Read Our Breakdown Of The Best Joint Supplements,0%,"Direct link, no redirect hop."
omniservices.com,2,100%,testolabpro.com,blogs/nutrition/can-you-take-mucuna-pruriens-before-sleep,ROUTED_BRAND_OWNED,0%,200:2,1,Can You Take Mucuna Pruriens Before Sleep? - Testo Lab Pro,0%,"Links route through testolabpro.com, which is in the client's own brand estate (BRAND_OWNED). This is first-party link management, not a third-party redirect layer."
aquafit-en.com,2,0%,,,DIRECT,0%,200:2,1,L-Theanine,0%,"Direct link, no redirect hop."
narwhal.city,2,0%,,,DIRECT,0%,200:2,1,It depends,0%,"Direct link, no redirect hop."
healthcarebusinesstoday.com,2,100%,fitliving.org,go/wl-testolabpro-homepage-general-all,ROUTED_CAMPAIGN,0%,200:2,2,>>Check the best prices for Testo Lab Pro,0%,"All links route through fitliving.org/go/wl-testolabpro-homepage-general-all — a single brand-named campaign path. This is link-management or affiliate infrastructure, and the brief protects it: a redirect is not itself a toxicity signal."
wpfixall.com,2,0%,,,DIRECT,0%,200:2,2,Efficiency Lab,0%,"Direct link, no redirect hop."
dailymusings.top,2,50%,nutropic.com,,ROUTED_OTHER,0%,200:2,2,performancelab.com,100%,Links route through nutropic.com/.
modafinil.org,2,0%,,,DIRECT,0%,200:2,2,[10],0%,"Direct link, no redirect hop."
scrollstash.com,2,0%,,,DIRECT,0%,200:2,2,P performancelab.com 100 % match,0%,"Direct link, no redirect hop."
nutriinspector.com,2,0%,,,DIRECT,0%,200:2,2,Check Price,100%,"Direct link, no redirect hop."
spottedcow.media,2,50%,testolabpro.com,,ROUTED_BRAND_OWNED,0%,200:2,1,OUR TELEGRAM CHANEL https://t.me/s/quarterlinks25,100%,"Links route through testolabpro.com, which is in the client's own brand estate (BRAND_OWNED). This is first-party link management, not a third-party redirect layer."
directory-boom.com,2,0%,,,DIRECT,0%,200:2,1,https://www.performancelab.com/?a_aid=68990cbe508aa&a_bid=a2ad38c1,0%,"Direct link, no redirect hop."
digitalhealthbuzz.com,2,0%,,,DIRECT,0%,200:2,1,multivitamin for vegetarians,0%,"Direct link, no redirect hop."
mentools.co,2,0%,,,DIRECT,0%,200:2,2,[18],0%,"Direct link, no redirect hop."
blogsphere.top,2,50%,testolabpro.com,,ROUTED_BRAND_OWNED,0%,200:2,2,performancelab.com,100%,"Links route through testolabpro.com, which is in the client's own brand estate (BRAND_OWNED). This is first-party link management, not a third-party redirect layer."
drpaulmccarthy.com,2,0%,,,DIRECT,0%,200:2,2,[14],100%,"Direct link, no redirect hop."
codeless.io,2,0%,,,DIRECT,0%,200:2,2,Source,0%,"Direct link, no redirect hop."
monkeyviral.com,2,100%,chronotherapeutics.org,performance-lab-mind-discover,ROUTED_CAMPAIGN,0%,200:2,2,Click Here To Get The Lowest Price on Performance Lab Mind,0%,"All links route through chronotherapeutics.org/performance-lab-mind-discover — a single brand-named campaign path. This is link-management or affiliate infrastructure, and the brief protects it: a redirect is not itself a toxicity signal."
slipshq.com,2,0%,,,DIRECT,0%,200:2,1,Performance Lab,100%,"Direct link, no redirect hop."
promosreview.com,2,0%,,,DIRECT,0%,200:2,2,Here,0%,"Direct link, no redirect hop."
kanma-marketing.com,2,0%,,,DIRECT,0%,200:2,1,"@SEO_CARTEL IN TELEGRAM – SEO BACKLINKS, BULK LINK POSTING, BOOST SEO RANKING",100%,"Direct link, no redirect hop."
gymshock.com,2,100%,testolabpro.com,,ROUTED_BRAND_OWNED,0%,200:2,2,Check Latest Price,50%,"Links route through testolabpro.com, which is in the client's own brand estate (BRAND_OWNED). This is first-party link management, not a third-party redirect layer."
findinfo.in,2,100%,dtcx.com,,ROUTED_OTHER,0%,200:2,2,dtcx.com,0%,Links route through dtcx.com/.
blinks.sbs,2,100%,dtcx.com,,ROUTED_OTHER,0%,200:2,1,dtcx.com,100%,Links route through dtcx.com/.
gaidot.net,2,0%,,,DIRECT,0%,200:2,2,Carbohydrate-Insulin Hypothesis: Why It's Wrong,0%,"Direct link, no redirect hop."
pulsardirectory.com,2,0%,,,DIRECT,0%,200:2,1,https://www.performancelab.com/?a_aid=68990cbe508aa&a_bid=a2ad38c1,0%,"Direct link, no redirect hop."
smolecule.com,2,0%,,,DIRECT,0%,200:2,2,2. R-Lipoic Acid vs Alpha-Lipoic Acid: What's Better? [performancelab.com],0%,"Direct link, no redirect hop."
lebazzar-demadous.site,2,0%,,,DIRECT,0%,200:2,1,🍪 TELEGRAM @SALESOVEN | ACCESS TO HACKED SITES FOR SEO | HTTPS://T.ME/SALESOVEN 🔥,100%,"Direct link, no redirect hop."
metamagic.top,2,100%,nutropic.com,,ROUTED_OTHER,0%,200:2,2,nutropic.com,100%,Links route through nutropic.com/.
sportsbikeparts.pk,2,50%,testolabpro.com,,ROUTED_BRAND_OWNED,0%,200:2,1,JOIN OUR TELEGRAM https://t.me/s/darksidelinks,100%,"Links route through testolabpro.com, which is in the client's own brand estate (BRAND_OWNED). This is first-party link management, not a third-party redirect layer."
batizens.vn,2,0%,,,DIRECT,0%,200:2,1,🍪 TELEGRAM @SALESOVEN | ACCESS TO HACKED SITES FOR SEO | HTTPS://T.ME/SALESOVEN 🔥,100%,"Direct link, no redirect hop."
capetownthing.co.za,2,50%,testolabpro.com,,ROUTED_BRAND_OWNED,0%,200:2,1,JOIN OUR TELEGRAM https://t.me/s/darksidelinks,100%,"Links route through testolabpro.com, which is in the client's own brand estate (BRAND_OWNED). This is first-party link management, not a third-party redirect layer."
farratgesdolcet.com,2,0%,,,DIRECT,0%,200:2,1,🍪 TELEGRAM @SALESOVEN | ACCESS TO HACKED SITES FOR SEO | HTTPS://T.ME/SALESOVEN 🔥,100%,"Direct link, no redirect hop."
healthworldnet.com,2,0%,,,DIRECT,50%,"200:1, 403:1",1,L-tryptophan vs. 5-HTP: Which is Better?,0%,"Direct link, no redirect hop."
anakarolinapsicologa.com,2,0%,,,DIRECT,0%,200:2,1,🍪 TELEGRAM @SALESOVEN | ACCESS TO HACKED SITES FOR SEO | HTTPS://T.ME/SALESOVEN 🔥,100%,"Direct link, no redirect hop."
getmedirectory.com,2,0%,,,DIRECT,0%,200:2,1,https://www.performancelab.com/?a_aid=68990cbe508aa&a_bid=a2ad38c1,0%,"Direct link, no redirect hop."
hotbizdirectory.com,2,0%,,,DIRECT,0%,200:2,1,https://www.performancelab.com/?a_aid=68990cbe508aa&a_bid=a2ad38c1,0%,"Direct link, no redirect hop."
directory-daddy.com,2,0%,,,DIRECT,0%,200:2,1,https://www.performancelab.com/?a_aid=68990cbe508aa&a_bid=a2ad38c1,0%,"Direct link, no redirect hop."
collaborateforhealthyweight.org,2,0%,,,DIRECT,0%,200:2,2,Protein has the highest thermic effect of any macronutrient,100%,"Direct link, no redirect hop."
ihiwg.org,2,100%,l.securelinksdirectory.com,intermediary/7/performance-lab-pre,ROUTED_CAMPAIGN,0%,200:2,1,Click here...,0%,"All links route through l.securelinksdirectory.com/intermediary/7/performance-lab-pre — a single brand-named campaign path. This is link-management or affiliate infrastructure, and the brief protects it: a redirect is not itself a toxicity signal."
feddit.dk,2,0%,,,DIRECT,0%,200:2,1,It depends,0%,"Direct link, no redirect hop."
directoryserp.com,2,0%,,,DIRECT,0%,200:2,1,https://www.performancelab.com/?a_aid=68990cbe508aa&a_bid=a2ad38c1,0%,"Direct link, no redirect hop."
directoryrelt.com,2,0%,,,DIRECT,0%,200:2,1,https://www.performancelab.com/?a_aid=68990cbe508aa&a_bid=a2ad38c1,0%,"Direct link, no redirect hop."
harian24.com,2,50%,testolabpro.com,,ROUTED_BRAND_OWNED,0%,200:2,1,JOIN OUR TELEGRAM https://t.me/s/darksidelinks,100%,"Links route through testolabpro.com, which is in the client's own brand estate (BRAND_OWNED). This is first-party link management, not a third-party redirect layer."
forum-directory.com,2,0%,,,DIRECT,0%,200:2,1,https://www.performancelab.com/?a_aid=68990cbe508aa&a_bid=a2ad38c1,0%,"Direct link, no redirect hop."
serpsdirectory.com,2,0%,,,DIRECT,0%,200:2,1,https://www.performancelab.com/?a_aid=68990cbe508aa&a_bid=a2ad38c1,0%,"Direct link, no redirect hop."
directorywidzard.com,2,0%,,,DIRECT,0%,200:2,1,https://www.performancelab.com/?a_aid=68990cbe508aa&a_bid=a2ad38c1,0%,"Direct link, no redirect hop."
zeedirectory.com,2,0%,,,DIRECT,0%,200:2,1,https://www.performancelab.com/?a_aid=68990cbe508aa&a_bid=a2ad38c1,0%,"Direct link, no redirect hop."
tops-directory.com,2,0%,,,DIRECT,0%,200:2,1,https://www.performancelab.com/?a_aid=68990cbe508aa&a_bid=a2ad38c1,0%,"Direct link, no redirect hop."
oncedirectory.com,2,0%,,,DIRECT,0%,200:2,1,https://www.performancelab.com/?a_aid=68990cbe508aa&a_bid=a2ad38c1,0%,"Direct link, no redirect hop."
leedirectory.com,2,0%,,,DIRECT,0%,200:2,1,https://www.performancelab.com/?a_aid=68990cbe508aa&a_bid=a2ad38c1,0%,"Direct link, no redirect hop."
e-web-directory.com,2,0%,,,DIRECT,0%,200:2,1,https://www.performancelab.com/?a_aid=68990cbe508aa&a_bid=a2ad38c1,0%,"Direct link, no redirect hop."
directorypixels.com,2,0%,,,DIRECT,0%,200:2,1,https://www.performancelab.com/?a_aid=68990cbe508aa&a_bid=a2ad38c1,0%,"Direct link, no redirect hop."
worldofgamingk.blogspot.com,2,100%,nutropic.com,,ROUTED_OTHER,0%,200:2,1,nutropic.com,100%,Links route through nutropic.com/.
directory4search.com,2,0%,,,DIRECT,0%,200:2,1,https://www.performancelab.com/?a_aid=68990cbe508aa&a_bid=a2ad38c1,0%,"Direct link, no redirect hop."
iodirectory.com,2,0%,,,DIRECT,0%,200:2,1,https://www.performancelab.com/?a_aid=68990cbe508aa&a_bid=a2ad38c1,0%,"Direct link, no redirect hop."
bentdirectory.com,2,0%,,,DIRECT,0%,200:2,1,https://www.performancelab.com/?a_aid=68990cbe508aa&a_bid=a2ad38c1,0%,"Direct link, no redirect hop."
revan-me.com,2,50%,testolabpro.com,,ROUTED_BRAND_OWNED,0%,200:2,1,JOIN OUR TELEGRAM https://t.me/s/darksidelinks,100%,"Links route through testolabpro.com, which is in the client's own brand estate (BRAND_OWNED). This is first-party link management, not a third-party redirect layer."
tntcode.com,2,100%,dtcx.com,,ROUTED_OTHER,0%,200:2,1,,100%,Links route through dtcx.com/.
ontopicdirectory.com,2,0%,,,DIRECT,0%,200:2,1,https://www.performancelab.com/?a_aid=68990cbe508aa&a_bid=a2ad38c1,0%,"Direct link, no redirect hop."
cutewebdirectory.com,2,0%,,,DIRECT,0%,200:2,1,https://www.performancelab.com/?a_aid=68990cbe508aa&a_bid=a2ad38c1,0%,"Direct link, no redirect hop."
adirectorysubmit.com,2,0%,,,DIRECT,0%,200:2,1,https://www.performancelab.com/?a_aid=68990cbe508aa&a_bid=a2ad38c1,0%,"Direct link, no redirect hop."
phrasedirectory.com,2,0%,,,DIRECT,0%,200:2,1,https://www.performancelab.com/?a_aid=68990cbe508aa&a_bid=a2ad38c1,0%,"Direct link, no redirect hop."
directory-legit.com,2,0%,,,DIRECT,0%,200:2,1,https://www.performancelab.com/?a_aid=68990cbe508aa&a_bid=a2ad38c1,0%,"Direct link, no redirect hop."
girlcooksworld.com,2,0%,,,DIRECT,50%,"403:1, 200:1",1,immunity juice recipe,0%,"Direct link, no redirect hop."
directory-broker.com,2,0%,,,DIRECT,0%,200:2,1,https://www.performancelab.com/?a_aid=68990cbe508aa&a_bid=a2ad38c1,0%,"Direct link, no redirect hop."
stayindirectory.com,2,0%,,,DIRECT,0%,200:2,1,https://www.performancelab.com/?a_aid=68990cbe508aa&a_bid=a2ad38c1,0%,"Direct link, no redirect hop."
zozodirectory.com,2,0%,,,DIRECT,0%,200:2,1,https://www.performancelab.com/?a_aid=68990cbe508aa&a_bid=a2ad38c1,0%,"Direct link, no redirect hop."
99webdirectory.com,2,0%,,,DIRECT,0%,200:2,1,https://www.performancelab.com/?a_aid=68990cbe508aa&a_bid=a2ad38c1,0%,"Direct link, no redirect hop."
directory-farm.com,2,0%,,,DIRECT,0%,200:2,1,https://www.performancelab.com/?a_aid=68990cbe508aa&a_bid=a2ad38c1,0%,"Direct link, no redirect hop."
defaultdirectory.com,2,0%,,,DIRECT,0%,200:2,1,https://www.performancelab.com/?a_aid=68990cbe508aa&a_bid=a2ad38c1,0%,"Direct link, no redirect hop."
lifesdirectory.com,2,0%,,,DIRECT,0%,200:2,1,https://www.performancelab.com/?a_aid=68990cbe508aa&a_bid=a2ad38c1,0%,"Direct link, no redirect hop."
yourtopdirectory.com,2,0%,,,DIRECT,0%,200:2,1,https://www.performancelab.com/?a_aid=68990cbe508aa&a_bid=a2ad38c1,0%,"Direct link, no redirect hop."
mondaydirectory.com,2,0%,,,DIRECT,0%,200:2,1,https://www.performancelab.com/?a_aid=68990cbe508aa&a_bid=a2ad38c1,0%,"Direct link, no redirect hop."
arlinkdirectory.com,2,0%,,,DIRECT,0%,200:2,1,https://www.performancelab.com/?a_aid=68990cbe508aa&a_bid=a2ad38c1,0%,"Direct link, no redirect hop."
feeldirectory.com,2,0%,,,DIRECT,0%,200:2,1,https://www.performancelab.com/?a_aid=68990cbe508aa&a_bid=a2ad38c1,0%,"Direct link, no redirect hop."
a-listdirectory.com,2,0%,,,DIRECT,0%,200:2,1,https://www.performancelab.com/?a_aid=68990cbe508aa&a_bid=a2ad38c1,0%,"Direct link, no redirect hop."
okaydirectory.com,2,0%,,,DIRECT,0%,200:2,1,https://www.performancelab.com/?a_aid=68990cbe508aa&a_bid=a2ad38c1,0%,"Direct link, no redirect hop."
real-directory.com,2,0%,,,DIRECT,0%,200:2,1,https://www.performancelab.com/?a_aid=68990cbe508aa&a_bid=a2ad38c1,0%,"Direct link, no redirect hop."
directoryforrank.com,2,0%,,,DIRECT,0%,200:2,1,https://www.performancelab.com/?a_aid=68990cbe508aa&a_bid=a2ad38c1,0%,"Direct link, no redirect hop."
dotcom-directory.com,2,0%,,,DIRECT,0%,200:2,1,https://www.performancelab.com/?a_aid=68990cbe508aa&a_bid=a2ad38c1,0%,"Direct link, no redirect hop."
cypriotdirectory.com,2,0%,,,DIRECT,0%,200:2,1,https://www.performancelab.com/?a_aid=68990cbe508aa&a_bid=a2ad38c1,0%,"Direct link, no redirect hop."
yeepdirectory.com,2,0%,,,DIRECT,0%,200:2,1,https://www.performancelab.com/?a_aid=68990cbe508aa&a_bid=a2ad38c1,0%,"Direct link, no redirect hop."
directorylinks2u.com,2,0%,,,DIRECT,0%,200:2,1,https://www.performancelab.com/?a_aid=68990cbe508aa&a_bid=a2ad38c1,0%,"Direct link, no redirect hop."
vip-directory.com,2,0%,,,DIRECT,0%,200:2,1,https://www.performancelab.com/?a_aid=68990cbe508aa&a_bid=a2ad38c1,0%,"Direct link, no redirect hop."
ezylinkdirectory.com,2,0%,,,DIRECT,0%,200:2,1,https://www.performancelab.com/?a_aid=68990cbe508aa&a_bid=a2ad38c1,0%,"Direct link, no redirect hop."
webtalkdirectory.com,2,0%,,,DIRECT,0%,200:2,1,https://www.performancelab.com/?a_aid=68990cbe508aa&a_bid=a2ad38c1,0%,"Direct link, no redirect hop."
mydirectorys.com,2,0%,,,DIRECT,0%,200:2,1,https://www.performancelab.com/?a_aid=68990cbe508aa&a_bid=a2ad38c1,0%,"Direct link, no redirect hop."
directory-empire.com,2,0%,,,DIRECT,0%,200:2,1,https://www.performancelab.com/?a_aid=68990cbe508aa&a_bid=a2ad38c1,0%,"Direct link, no redirect hop."
heliskidirectory.com,2,0%,,,DIRECT,0%,200:2,1,https://www.performancelab.com/?a_aid=68990cbe508aa&a_bid=a2ad38c1,0%,"Direct link, no redirect hop."
directory4web.com,2,0%,,,DIRECT,0%,200:2,1,https://www.performancelab.com/?a_aid=68990cbe508aa&a_bid=a2ad38c1,0%,"Direct link, no redirect hop."
seek-directory.com,2,0%,,,DIRECT,0%,200:2,1,https://www.performancelab.com/?a_aid=68990cbe508aa&a_bid=a2ad38c1,0%,"Direct link, no redirect hop."
addurl-directory.com,2,0%,,,DIRECT,0%,200:2,1,https://www.performancelab.com/?a_aid=68990cbe508aa&a_bid=a2ad38c1,0%,"Direct link, no redirect hop."
webdirectorytalk.com,2,0%,,,DIRECT,0%,200:2,1,https://www.performancelab.com/?a_aid=68990cbe508aa&a_bid=a2ad38c1,0%,"Direct link, no redirect hop."
lombok-directory.com,2,0%,,,DIRECT,0%,200:2,1,https://www.performancelab.com/?a_aid=68990cbe508aa&a_bid=a2ad38c1,0%,"Direct link, no redirect hop."
thetopdirectory.com,2,0%,,,DIRECT,0%,200:2,1,https://www.performancelab.com/?a_aid=68990cbe508aa&a_bid=a2ad38c1,0%,"Direct link, no redirect hop."
freedirectorynow.com,2,0%,,,DIRECT,0%,200:2,1,https://www.performancelab.com/?a_aid=68990cbe508aa&a_bid=a2ad38c1,0%,"Direct link, no redirect hop."
a-z-directory.com,2,0%,,,DIRECT,0%,200:2,1,https://www.performancelab.com/?a_aid=68990cbe508aa&a_bid=a2ad38c1,0%,"Direct link, no redirect hop."
links2directory.com,2,0%,,,DIRECT,0%,200:2,1,https://www.performancelab.com/?a_aid=68990cbe508aa&a_bid=a2ad38c1,0%,"Direct link, no redirect hop."
directoryecho.com,2,0%,,,DIRECT,0%,200:2,1,https://www.performancelab.com/?a_aid=68990cbe508aa&a_bid=a2ad38c1,0%,"Direct link, no redirect hop."
base-directory.com,2,0%,,,DIRECT,0%,200:2,1,https://www.performancelab.com/?a_aid=68990cbe508aa&a_bid=a2ad38c1,0%,"Direct link, no redirect hop."
oteldirectory.com,2,0%,,,DIRECT,0%,200:2,1,https://www.performancelab.com/?a_aid=68990cbe508aa&a_bid=a2ad38c1,0%,"Direct link, no redirect hop."
en-web-directory.com,2,0%,,,DIRECT,0%,200:2,1,https://www.performancelab.com/?a_aid=68990cbe508aa&a_bid=a2ad38c1,0%,"Direct link, no redirect hop."
wodirectory.com,2,0%,,,DIRECT,0%,200:2,1,https://www.performancelab.com/?a_aid=68990cbe508aa&a_bid=a2ad38c1,0%,"Direct link, no redirect hop."
isitedirectory.com,2,0%,,,DIRECT,0%,200:2,1,https://www.performancelab.com/?a_aid=68990cbe508aa&a_bid=a2ad38c1,0%,"Direct link, no redirect hop."
1stlinkdirectory.com,2,0%,,,DIRECT,0%,200:2,1,https://www.performancelab.com/?a_aid=68990cbe508aa&a_bid=a2ad38c1,0%,"Direct link, no redirect hop."
directoryunit.com,2,0%,,,DIRECT,0%,200:2,1,https://www.performancelab.com/?a_aid=68990cbe508aa&a_bid=a2ad38c1,0%,"Direct link, no redirect hop."
directoryalbum.com,2,0%,,,DIRECT,0%,200:2,1,https://www.performancelab.com/?a_aid=68990cbe508aa&a_bid=a2ad38c1,0%,"Direct link, no redirect hop."
ukdirectoryof.com,2,0%,,,DIRECT,0%,200:2,1,https://www.performancelab.com/?a_aid=68990cbe508aa&a_bid=a2ad38c1,0%,"Direct link, no redirect hop."
directoryethics.com,2,0%,,,DIRECT,0%,200:2,1,https://www.performancelab.com/?a_aid=68990cbe508aa&a_bid=a2ad38c1,0%,"Direct link, no redirect hop."
directoryreactor.com,2,0%,,,DIRECT,0%,200:2,1,https://www.performancelab.com/?a_aid=68990cbe508aa&a_bid=a2ad38c1,0%,"Direct link, no redirect hop."
fab-directory.com,2,0%,,,DIRECT,0%,200:2,1,https://www.performancelab.com/?a_aid=68990cbe508aa&a_bid=a2ad38c1,0%,"Direct link, no redirect hop."
directoryglobals.com,2,0%,,,DIRECT,0%,200:2,1,https://www.performancelab.com/?a_aid=68990cbe508aa&a_bid=a2ad38c1,0%,"Direct link, no redirect hop."
sweet-directory.com,2,0%,,,DIRECT,0%,200:2,1,https://www.performancelab.com/?a_aid=68990cbe508aa&a_bid=a2ad38c1,0%,"Direct link, no redirect hop."
directoryrec.com,2,0%,,,DIRECT,0%,200:2,1,https://www.performancelab.com/?a_aid=68990cbe508aa&a_bid=a2ad38c1,0%,"Direct link, no redirect hop."
victorydirectory.com,2,0%,,,DIRECT,0%,200:2,1,https://www.performancelab.com/?a_aid=68990cbe508aa&a_bid=a2ad38c1,0%,"Direct link, no redirect hop."
mundonow.com,2,0%,,,DIRECT,0%,200:2,2,Performance Lab. “Can vitamins help with insomnia and lack of sleep?”,0%,"Direct link, no redirect hop."
directorylandia.com,2,0%,,,DIRECT,0%,200:2,1,https://www.performancelab.com/?a_aid=68990cbe508aa&a_bid=a2ad38c1,0%,"Direct link, no redirect hop."
directoryorg.com,2,0%,,,DIRECT,0%,200:2,1,https://www.performancelab.com/?a_aid=68990cbe508aa&a_bid=a2ad38c1,0%,"Direct link, no redirect hop."
problogdirectory.com,2,0%,,,DIRECT,0%,200:2,1,https://www.performancelab.com/?a_aid=68990cbe508aa&a_bid=a2ad38c1,0%,"Direct link, no redirect hop."
preniumdirectory.com,2,0%,,,DIRECT,0%,200:2,1,https://www.performancelab.com/?a_aid=68990cbe508aa&a_bid=a2ad38c1,0%,"Direct link, no redirect hop."
snoopydirectory.com,2,0%,,,DIRECT,0%,200:2,1,https://www.performancelab.com/?a_aid=68990cbe508aa&a_bid=a2ad38c1,0%,"Direct link, no redirect hop."
topazdirectory.com,2,0%,,,DIRECT,0%,200:2,1,https://www.performancelab.com/?a_aid=68990cbe508aa&a_bid=a2ad38c1,0%,"Direct link, no redirect hop."
directoryhand.com,2,0%,,,DIRECT,0%,200:2,1,https://www.performancelab.com/?a_aid=68990cbe508aa&a_bid=a2ad38c1,0%,"Direct link, no redirect hop."
webdirectory7.com,2,0%,,,DIRECT,0%,200:2,1,https://www.performancelab.com/?a_aid=68990cbe508aa&a_bid=a2ad38c1,0%,"Direct link, no redirect hop."
unid.edu.pe,2,0%,,,DIRECT,0%,200:2,2,peak blood concentration within 1 to 1.5 hours,100%,"Direct link, no redirect hop."
gen-directory.com,2,0%,,,DIRECT,0%,200:2,1,https://www.performancelab.com/?a_aid=68990cbe508aa&a_bid=a2ad38c1,0%,"Direct link, no redirect hop."
large-directory.com,2,0%,,,DIRECT,0%,200:2,1,https://www.performancelab.com/?a_aid=68990cbe508aa&a_bid=a2ad38c1,0%,"Direct link, no redirect hop."
az-directory.com,2,0%,,,DIRECT,0%,200:2,1,https://www.performancelab.com/?a_aid=68990cbe508aa&a_bid=a2ad38c1,0%,"Direct link, no redirect hop."
seo-webdirectory.com,2,0%,,,DIRECT,0%,200:2,1,https://www.performancelab.com/?a_aid=68990cbe508aa&a_bid=a2ad38c1,0%,"Direct link, no redirect hop."
webdirectory777.com,2,0%,,,DIRECT,0%,200:2,1,https://www.performancelab.com/?a_aid=68990cbe508aa&a_bid=a2ad38c1,0%,"Direct link, no redirect hop."
directory-webs.com,2,0%,,,DIRECT,0%,200:2,1,https://www.performancelab.com/?a_aid=68990cbe508aa&a_bid=a2ad38c1,0%,"Direct link, no redirect hop."
vital-directory.com,2,0%,,,DIRECT,0%,200:2,1,https://www.performancelab.com/?a_aid=68990cbe508aa&a_bid=a2ad38c1,0%,"Direct link, no redirect hop."
selfbizdirectory.com,2,0%,,,DIRECT,0%,200:2,1,https://www.performancelab.com/?a_aid=68990cbe508aa&a_bid=a2ad38c1,0%,"Direct link, no redirect hop."
seodirectoryseek.com,2,0%,,,DIRECT,0%,200:2,1,https://www.performancelab.com/?a_aid=68990cbe508aa&a_bid=a2ad38c1,0%,"Direct link, no redirect hop."
emeralddirectory.com,2,0%,,,DIRECT,0%,200:2,1,https://www.performancelab.com/?a_aid=68990cbe508aa&a_bid=a2ad38c1,0%,"Direct link, no redirect hop."
linkdirectorynet.com,2,0%,,,DIRECT,0%,200:2,1,https://www.performancelab.com/?a_aid=68990cbe508aa&a_bid=a2ad38c1,0%,"Direct link, no redirect hop."
123-directory.com,2,0%,,,DIRECT,0%,200:2,1,https://www.performancelab.com/?a_aid=68990cbe508aa&a_bid=a2ad38c1,0%,"Direct link, no redirect hop."
webdirectoryone.com,2,0%,,,DIRECT,0%,200:2,1,https://www.performancelab.com/?a_aid=68990cbe508aa&a_bid=a2ad38c1,0%,"Direct link, no redirect hop."
pasteldirectory.com,2,0%,,,DIRECT,0%,200:2,1,https://www.performancelab.com/?a_aid=68990cbe508aa&a_bid=a2ad38c1,0%,"Direct link, no redirect hop."
adirectoryplace.com,2,0%,,,DIRECT,0%,200:2,1,https://www.performancelab.com/?a_aid=68990cbe508aa&a_bid=a2ad38c1,0%,"Direct link, no redirect hop."
goto-directory.com,2,0%,,,DIRECT,0%,200:2,1,https://www.performancelab.com/?a_aid=68990cbe508aa&a_bid=a2ad38c1,0%,"Direct link, no redirect hop."
webnamedirectory.com,2,0%,,,DIRECT,0%,200:2,1,https://www.performancelab.com/?a_aid=68990cbe508aa&a_bid=a2ad38c1,0%,"Direct link, no redirect hop."
wwndirectory.com,2,0%,,,DIRECT,0%,200:2,1,https://www.performancelab.com/?a_aid=68990cbe508aa&a_bid=a2ad38c1,0%,"Direct link, no redirect hop."
directorytome.com,2,0%,,,DIRECT,0%,200:2,1,https://www.performancelab.com/?a_aid=68990cbe508aa&a_bid=a2ad38c1,0%,"Direct link, no redirect hop."
thetopsdirectory.com,2,0%,,,DIRECT,0%,200:2,1,https://www.performancelab.com/?a_aid=68990cbe508aa&a_bid=a2ad38c1,0%,"Direct link, no redirect hop."
morningdirectory.com,2,0%,,,DIRECT,0%,200:2,1,https://www.performancelab.com/?a_aid=68990cbe508aa&a_bid=a2ad38c1,0%,"Direct link, no redirect hop."
solizer.org,2,0%,,,DIRECT,0%,200:2,1,🍪 TELEGRAM @SALESOVEN | ACCESS TO HACKED SITES FOR SEO | HTTPS://T.ME/SALESOVEN 🔥,100%,"Direct link, no redirect hop."
directory-b.com,2,0%,,,DIRECT,0%,200:2,1,https://www.performancelab.com/?a_aid=68990cbe508aa&a_bid=a2ad38c1,0%,"Direct link, no redirect hop."
seo-a1directory.com,2,0%,,,DIRECT,0%,200:2,1,https://www.performancelab.com/?a_aid=68990cbe508aa&a_bid=a2ad38c1,0%,"Direct link, no redirect hop."
triplexdirectory.com,2,0%,,,DIRECT,0%,200:2,1,https://www.performancelab.com/?a_aid=68990cbe508aa&a_bid=a2ad38c1,0%,"Direct link, no redirect hop."
directoryprice.com,2,0%,,,DIRECT,0%,200:2,1,https://www.performancelab.com/?a_aid=68990cbe508aa&a_bid=a2ad38c1,0%,"Direct link, no redirect hop."
magnetdirectory.com,2,0%,,,DIRECT,0%,200:2,1,https://www.performancelab.com/?a_aid=68990cbe508aa&a_bid=a2ad38c1,0%,"Direct link, no redirect hop."
swiss-directory.com,2,0%,,,DIRECT,0%,200:2,1,https://www.performancelab.com/?a_aid=68990cbe508aa&a_bid=a2ad38c1,0%,"Direct link, no redirect hop."
tools-directory.com,2,0%,,,DIRECT,0%,200:2,1,https://www.performancelab.com/?a_aid=68990cbe508aa&a_bid=a2ad38c1,0%,"Direct link, no redirect hop."
topdirectory1.com,2,0%,,,DIRECT,0%,200:2,1,https://www.performancelab.com/?a_aid=68990cbe508aa&a_bid=a2ad38c1,0%,"Direct link, no redirect hop."
1-webdirectory.com,2,0%,,,DIRECT,0%,200:2,1,https://www.performancelab.com/?a_aid=68990cbe508aa&a_bid=a2ad38c1,0%,"Direct link, no redirect hop."
superdirectorys.com,2,0%,,,DIRECT,0%,200:2,1,https://www.performancelab.com/?a_aid=68990cbe508aa&a_bid=a2ad38c1,0%,"Direct link, no redirect hop."
thedirectoryblog.com,2,0%,,,DIRECT,0%,200:2,1,https://www.performancelab.com/?a_aid=68990cbe508aa&a_bid=a2ad38c1,0%,"Direct link, no redirect hop."
directorydepo.com,2,0%,,,DIRECT,0%,200:2,1,https://www.performancelab.com/?a_aid=68990cbe508aa&a_bid=a2ad38c1,0%,"Direct link, no redirect hop."
hmscicomms.com,2,0%,,,DIRECT,0%,200:2,2,,0%,"Direct link, no redirect hop."
orange-directory.com,2,0%,,,DIRECT,0%,200:2,1,https://www.performancelab.com/?a_aid=68990cbe508aa&a_bid=a2ad38c1,0%,"Direct link, no redirect hop."
nuekin.com,2,0%,,,DIRECT,0%,200:2,1,🍪 TELEGRAM @SALESOVEN | ACCESS TO HACKED SITES FOR SEO | HTTPS://T.ME/SALESOVEN 🔥,100%,"Direct link, no redirect hop."
emiratesinsight.com,2,0%,,,DIRECT,0%,200:2,2,Performance Lab,0%,"Direct link, no redirect hop."
phase2directory.com,2,0%,,,DIRECT,0%,200:2,1,https://www.performancelab.com/?a_aid=68990cbe508aa&a_bid=a2ad38c1,0%,"Direct link, no redirect hop."
chuihanghin.com,2,0%,,,DIRECT,0%,200:2,1,🍪 TELEGRAM @SALESOVEN | ACCESS TO HACKED SITES FOR SEO | HTTPS://T.ME/SALESOVEN 🔥,100%,"Direct link, no redirect hop."
advocacyforneurorights.org,2,0%,,,DIRECT,0%,200:2,2,Supplement Page,0%,"Direct link, no redirect hop."
keepingthepeas.com,2,0%,,,DIRECT,0%,200:2,2,Buy Now,0%,"Direct link, no redirect hop."
fruitandgarden.com,2,0%,,,DIRECT,0%,200:2,2,[3],100%,"Direct link, no redirect hop."
solega.co,2,0%,,,DIRECT,0%,0:2,2,Performance Lab,0%,"Direct link, no redirect hop."
nebula-directory.com,2,0%,,,DIRECT,0%,200:2,1,https://www.performancelab.com/?a_aid=68990cbe508aa&a_bid=a2ad38c1,0%,"Direct link, no redirect hop."
directoryindexer.com,2,0%,,,DIRECT,0%,200:2,1,https://www.performancelab.com/?a_aid=68990cbe508aa&a_bid=a2ad38c1,0%,"Direct link, no redirect hop."
eluxemagazine.com,1,0%,,,DIRECT,0%,200:1,1,Montmorency Tart cherry,0%,"Direct link, no redirect hop."
kidneyurology.org,1,0%,,,DIRECT,100%,404:1,1,,0%,"Direct link, no redirect hop."
xcode.life,1,0%,,,DIRECT,0%,200:1,1,water retention,0%,"Direct link, no redirect hop."
top7sites.org,1,0%,,,DIRECT,0%,307:1,1,,0%,"Direct link, no redirect hop."
genars.de,1,0%,,,DIRECT,100%,403:1,1,Zink,0%,"Direct link, no redirect hop."
vegan4k.com,1,0%,,,DIRECT,0%,301:1,1,,0%,"Direct link, no redirect hop."
healthstartsinthekitchen.com,1,0%,,,DIRECT,0%,200:1,1,prebiotics for optimal gut health,0%,"Direct link, no redirect hop."
toptohigh.com,1,0%,,,DIRECT,0%,200:1,1,https://performancelab.com,0%,"Direct link, no redirect hop."
greyjournal.net,1,0%,,,DIRECT,100%,403:1,1,taking joint health supplements,0%,"Direct link, no redirect hop."
fredmehry.com,1,0%,,,DIRECT,0%,200:1,1,Best Joint Supplements for Athletes - Performance Lab,0%,"Direct link, no redirect hop."
foodhappywithtaylor.com,1,0%,,,DIRECT,0%,200:1,1,Performance Lab Omega-3,0%,"Direct link, no redirect hop."
adryenn.com,1,0%,,,DIRECT,100%,403:1,1,what kind of sleep supplements,0%,"Direct link, no redirect hop."
mindowl.org,1,0%,,,DIRECT,0%,0:1,1,learn more about Omega-3 supplements,0%,"Direct link, no redirect hop."
aboutboulder.com,1,0%,,,DIRECT,0%,200:1,1,improve gut health with prebiotics,0%,"Direct link, no redirect hop."
thesporting.blog,1,0%,,,DIRECT,0%,200:1,1,linked with preventing weight gain,0%,"Direct link, no redirect hop."
talentedladiesclub.com,1,0%,,,DIRECT,0%,200:1,1,Performance Lab,0%,"Direct link, no redirect hop."
badankhooba.com,1,0%,,,DIRECT,0%,200:1,1,نشر خم با دمبل ایستاده,100%,"Direct link, no redirect hop."
mirrorreview.com,1,0%,,,DIRECT,100%,403:1,1,support your immunity with supplements,0%,"Direct link, no redirect hop."
thewellnessfeed.com,1,0%,,,DIRECT,100%,403:1,1,buy energy supplements,0%,"Direct link, no redirect hop."
true2form.life,1,0%,,,DIRECT,0%,200:1,1,absorption,0%,"Direct link, no redirect hop."
intheplayroom.co.uk,1,0%,,,DIRECT,0%,200:1,1,learn about the benefits of prebiotic supplements,0%,"Direct link, no redirect hop."
newyorkstreetfood.com,1,0%,,,DIRECT,0%,200:1,1,quality prebiotic supplements,0%,"Direct link, no redirect hop."
travelfoodnlife.com,1,0%,,,DIRECT,0%,200:1,1,https://www.performancelab.com/blogs/news/supplements-for-travel-your-guide-to-traveling-with-vitamins-and-staying-healthy-on-vacation,100%,"Direct link, no redirect hop."
agricoze.com,1,0%,,,DIRECT,0%,0:1,1,protein powder,100%,"Direct link, no redirect hop."
leviathanperformance.com,1,0%,,,DIRECT,0%,200:1,1,https://www.performancelab.com/blogs/fitness/hard-training-efficient-recovery-peak-performance,0%,"Direct link, no redirect hop."
intelligentliving.co,1,0%,,,DIRECT,0%,200:1,1,supplements and vitamins,0%,"Direct link, no redirect hop."
svpudk.sk,1,0%,,,DIRECT,0%,200:1,1,Zinok,0%,"Direct link, no redirect hop."
t3.com,1,100%,nutropic.com,products/taster-pack,ROUTED_OTHER,0%,200:1,1,Nutropic webshop,0%,Links route through nutropic.com/products/taster-pack.
july.co.in,1,0%,,,DIRECT,0%,200:1,1,performancelab.com,100%,"Direct link, no redirect hop."
maryjanesfarm.org,1,100%,performancelabs.com,,ROUTED_OTHER,0%,0:1,1,www.performancelabs.com,0%,Links route through performancelabs.com/.
diet65.com,1,0%,,,DIRECT,0%,200:1,1,Omega-3s offer many benefits for bodybuilders,0%,"Direct link, no redirect hop."
oralhealthcomplete.com,1,0%,,,DIRECT,100%,403:1,1,"Caffeine,",0%,"Direct link, no redirect hop."
affsyn.com,1,0%,,,DIRECT,0%,0:1,1,https://www.performancelab.com,0%,"Direct link, no redirect hop."
taegu.kr,1,0%,,,DIRECT,0%,0:1,1,https://www.performancelab.com/blogs/omega-3/can-omega-3-cause-constipation,0%,"Direct link, no redirect hop."
ketopedia.co.uk,1,0%,,,DIRECT,0%,0:1,1,glycogen depletion,0%,"Direct link, no redirect hop."
thefitnessblogger.com,1,100%,prelabpro.com,blogs/fitness/how-long-should-i-spend-at-the-gym,ROUTED_BRAND_OWNED,0%,200:1,1,spent at the gym,0%,"Links route through prelabpro.com, which is in the client's own brand estate (BRAND_OWNED). This is first-party link management, not a third-party redirect layer."
kodiakgoldsupplements.com,1,100%,prelabpro.com,blogs/nutrition/is-it-bad-to-take-pre-workout-everyday,ROUTED_BRAND_OWNED,0%,200:1,1,stick to the recommended dosage,0%,"Links route through prelabpro.com, which is in the client's own brand estate (BRAND_OWNED). This is first-party link management, not a third-party redirect layer."
pureselfhealing.com,1,0%,,,DIRECT,0%,0:1,1,https://www.performancelab.com/blogs/omega-3/best-vegan-alternative-to-fish-oil,0%,"Direct link, no redirect hop."
worldranksite.com,1,0%,,,DIRECT,0%,200:1,1,performancelab,0%,"Direct link, no redirect hop."
genealogyinternational.com,1,100%,seriouslifemagazine.com,performance-lab-mind,ROUTED_CAMPAIGN,0%,200:1,1,Performance Lab Mind,100%,"All links route through seriouslifemagazine.com/performance-lab-mind — a single brand-named campaign path. This is link-management or affiliate infrastructure, and the brief protects it: a redirect is not itself a toxicity signal."
suchscience.net,1,0%,,,DIRECT,0%,200:1,1,branched-chain amino acids (BCAAs),0%,"Direct link, no redirect hop."
doctorwoao.com,1,0%,,,DIRECT,0%,200:1,1,View Newest Value →,100%,"Direct link, no redirect hop."
omrok.com,1,0%,,,DIRECT,0%,200:1,1,There’s a debate among experts about a “safe” caloric threshold for fasting,0%,"Direct link, no redirect hop."
jouwpersoonlijkegroei.net,1,0%,,,DIRECT,0%,200:1,1,"magnesiumglycerofosfaat, taurine",0%,"Direct link, no redirect hop."
toppickscentral.com,1,100%,breakingmuscle.com,go/performance-lab-nutrigenesis-multi-for-men,ROUTED_CAMPAIGN,0%,0:1,1,Performance Lab NutriGenesis Multi for Men Performance Lab NutriGenesis Multi for Men,100%,"All links route through breakingmuscle.com/go/performance-lab-nutrigenesis-multi-for-men — a single brand-named campaign path. This is link-management or affiliate infrastructure, and the brief protects it: a redirect is not itself a toxicity signal."
thebigsleuth.co.uk,1,0%,,,DIRECT,0%,302:1,1,Website,0%,"Direct link, no redirect hop."
stackexchange.com,1,0%,,,DIRECT,0%,0:1,1,glycogen depletion,0%,"Direct link, no redirect hop."
veradosport.com,1,0%,,,DIRECT,0%,200:1,1,many reasons,0%,"Direct link, no redirect hop."
bcr.org,1,100%,prelabpro.com,blogs/nutrition/taking-pre-workout-with-a-testosterone-booster,ROUTED_BRAND_OWNED,100%,403:1,1,[16],0%,"Links route through prelabpro.com, which is in the client's own brand estate (BRAND_OWNED). This is first-party link management, not a third-party redirect layer."
kentuckycounselingcenter.com,1,0%,,,DIRECT,0%,200:1,1,B12 and zinc,0%,"Direct link, no redirect hop."
drprem.com,1,0%,,,DIRECT,0%,200:1,1,supplements for joints and ligaments,0%,"Direct link, no redirect hop."
healthyageinghub.net,1,0%,,,DIRECT,0%,200:1,1,"vitamins D, B12, and calcium",0%,"Direct link, no redirect hop."
baucemag.com,1,0%,,,DIRECT,0%,200:1,1,this Performance Lab article,0%,"Direct link, no redirect hop."
thenutriblog.com,1,0%,,,DIRECT,0%,200:1,1,Check Out NutriGenesis Multi,0%,"Direct link, no redirect hop."
100nutrix.com,1,0%,,,DIRECT,100%,403:1,1,Performance Lab,0%,"Direct link, no redirect hop."
theindex.work,1,0%,,,DIRECT,100%,410:1,1,https://global.performancelab.com/,0%,"Direct link, no redirect hop."
oncohealthcorp.com,1,0%,,,DIRECT,0%,307:1,1,,0%,"Direct link, no redirect hop."
drect.net,1,0%,,,DIRECT,0%,301:1,1,,0%,"Direct link, no redirect hop."
iotkoreamall.com,1,0%,,,DIRECT,0%,200:1,1,Creatine Before or After Workout: When Should You Take It?,0%,"Direct link, no redirect hop."
purshology.com,1,0%,,,DIRECT,0%,200:1,1,wholefood multivitamin,0%,"Direct link, no redirect hop."
drbayer.com,1,0%,,,DIRECT,0%,200:1,1,Performance Lab website,100%,"Direct link, no redirect hop."
elevays.com,1,0%,,,DIRECT,0%,200:1,1,", research",0%,"Direct link, no redirect hop."
ampliz.com,1,0%,,,DIRECT,0%,200:1,1,Performance Lab,0%,"Direct link, no redirect hop."
feelfree.in,1,0%,,,DIRECT,0%,200:1,1,performancelab.com,100%,"Direct link, no redirect hop."
gohealthywestpiedmont.org,1,0%,,,DIRECT,0%,301:1,1,,0%,"Direct link, no redirect hop."
fhyzics.net,1,100%,performancelabs.com,,ROUTED_OTHER,0%,200:1,1,www.performancelabs.com,0%,Links route through performancelabs.com/.
infinitudefight.com,1,0%,,,DIRECT,0%,200:1,1,perfect outlet for stress relief,0%,"Direct link, no redirect hop."
starterstory.com,1,0%,,,DIRECT,100%,404:1,1,their full website ➜,100%,"Direct link, no redirect hop."
seodirectorysite.com,1,0%,,,DIRECT,0%,200:1,1,performancelab,0%,"Direct link, no redirect hop."
hebagh.com,1,0%,,,DIRECT,0%,200:1,1,performancelab.com,100%,"Direct link, no redirect hop."
surekha.co.in,1,0%,,,DIRECT,0%,200:1,1,performancelab.com,100%,"Direct link, no redirect hop."
altheaprovence.com,1,0%,,,DIRECT,0%,200:1,1,https://www.performancelab.com/blogs/vision/lutein-vs-luteolin,100%,"Direct link, no redirect hop."
linkwebdirectory.com,1,0%,,,DIRECT,0%,200:1,1,performancelab.com,100%,"Direct link, no redirect hop."
skinnyfitmama.com,1,0%,,,DIRECT,0%,200:1,1,prevention of constipation,0%,"Direct link, no redirect hop."
usalifesstyle.org,1,0%,,,DIRECT,0%,200:1,1,Performance Lab,0%,"Direct link, no redirect hop."
peaknootropics.com,1,0%,,,DIRECT,0%,302:1,1,,0%,"Direct link, no redirect hop."
allreviews.in,1,0%,,,DIRECT,0%,200:1,1,performancelab.com,100%,"Direct link, no redirect hop."
supplysidesj.com,1,100%,performancelabs.com,,ROUTED_OTHER,0%,200:1,1,www.performancelabs.com,0%,Links route through performancelabs.com/.
mydomaininfo.com,1,0%,,,DIRECT,0%,200:1,1,performancelab.com,100%,"Direct link, no redirect hop."
domainsdirectory.org,1,0%,,,DIRECT,0%,200:1,1,performancelab.com,100%,"Direct link, no redirect hop."
maqalplus.com,1,0%,,,DIRECT,0%,200:1,1,Vitamin D3,0%,"Direct link, no redirect hop."
labdoor.com,1,0%,,,DIRECT,0%,200:1,1,views.certified.brand.social.website.imgAlt,0%,"Direct link, no redirect hop."
backlink.business,1,0%,,,DIRECT,0%,200:1,1,performancelab.com,100%,"Direct link, no redirect hop."
dreamzcannabis.com,1,0%,,,DIRECT,0%,200:1,1,Caffeine,0%,"Direct link, no redirect hop."
strongby.science,1,0%,,,DIRECT,0%,200:1,1,https://www.performancelab.com/blogs/nutrition/carbohydrate-insulin-hypothesis-why-its-wrong,0%,"Direct link, no redirect hop."
personalfitkey.com,1,0%,,,DIRECT,0%,200:1,1,Belly fat is hard to lose,100%,"Direct link, no redirect hop."
srch.fi,1,0%,,,DIRECT,0%,200:1,1,B12 Dosage for Seniors: How Much Is Enough? https://www.performancelab.com › b1...,100%,"Direct link, no redirect hop."
healthyrex.com,1,100%,prelabpro.com,blogs/nutrition/is-pre-workout-safe-to-take-while-nursing,ROUTED_BRAND_OWNED,0%,200:1,1,https://www.prelabpro.com/blogs/nutrition/is-pre-workout-safe-to-take-while-nursing,0%,"Links route through prelabpro.com, which is in the client's own brand estate (BRAND_OWNED). This is first-party link management, not a third-party redirect layer."
powerandbulk.com,1,0%,,,DIRECT,0%,302:1,1,,0%,"Direct link, no redirect hop."
funandfitness.net,1,100%,breakingmuscle.com,go/performance-lab-nutrigenesis-multi-for-men,ROUTED_CAMPAIGN,0%,200:1,1,Performance Lab NutriGenesis Multi for Men Performance Lab NutriGenesis Multi for Men,100%,"All links route through breakingmuscle.com/go/performance-lab-nutrigenesis-multi-for-men — a single brand-named campaign path. This is link-management or affiliate infrastructure, and the brief protects it: a redirect is not itself a toxicity signal."
rentonreporter.com,1,100%,onlinehealthstore.org,performance-lab-vision,ROUTED_CAMPAIGN,100%,404:1,1,Performance Lab Visions,100%,"All links route through onlinehealthstore.org/performance-lab-vision — a single brand-named campaign path. This is link-management or affiliate infrastructure, and the brief protects it: a redirect is not itself a toxicity signal."
drdanyali.com,1,0%,,,DIRECT,0%,200:1,1,performancelab.com,0%,"Direct link, no redirect hop."
sneakymommies.com,1,0%,,,DIRECT,0%,0:1,1,high thermic foods,0%,"Direct link, no redirect hop."
smgf.org,1,0%,,,DIRECT,0%,301:1,1,,0%,"Direct link, no redirect hop."
backlink.solutions,1,0%,,,DIRECT,0%,200:1,1,performancelab.com,100%,"Direct link, no redirect hop."
janhit.in,1,0%,,,DIRECT,0%,200:1,1,performancelab.com,100%,"Direct link, no redirect hop."
rugbyrepstates.com,1,0%,,,DIRECT,0%,200:1,1,performancelab.com,0%,"Direct link, no redirect hop."
feedsportal.com,1,0%,,,DIRECT,0%,200:1,1,fat loss plateau,0%,"Direct link, no redirect hop."
youngandoldermum.com,1,0%,,,DIRECT,100%,403:1,1,8 juicing recipes for immunity,0%,"Direct link, no redirect hop."
bmmagazine.co.uk,1,0%,,,DIRECT,0%,200:1,1,whole-food multivitamin,0%,"Direct link, no redirect hop."
sequimgazette.com,1,100%,biologydaily.com,performance-lab-sleep,ROUTED_CAMPAIGN,100%,404:1,1,Performance Lab Sleep,100%,"All links route through biologydaily.com/performance-lab-sleep — a single brand-named campaign path. This is link-management or affiliate infrastructure, and the brief protects it: a redirect is not itself a toxicity signal."
golden.com,1,0%,,,DIRECT,0%,200:1,1,performancelab.com,100%,"Direct link, no redirect hop."
ignitefitnez.com,1,0%,,,DIRECT,0%,200:1,1,Mind Lab Pro is the best nootropic supplement Mind Lab Pro is the best nootropic supplement,0%,"Direct link, no redirect hop."
reallyrushai.ca,1,0%,,,DIRECT,0%,200:1,1,Vitamin D,0%,"Direct link, no redirect hop."
sanatorium.health,1,0%,,,DIRECT,0%,200:1,1,https://www.performancelab.com/blogs/sleep/magnesium-bisglycinate-vs-glycinate,0%,"Direct link, no redirect hop."
gettrendydeals.net,1,100%,breakingmuscle.com,go/performance-lab-nutrigenesis-multi-for-men,ROUTED_CAMPAIGN,0%,0:1,1,Performance Lab NutriGenesis Multi for Men Performance Lab NutriGenesis Multi for Men,100%,"All links route through breakingmuscle.com/go/performance-lab-nutrigenesis-multi-for-men — a single brand-named campaign path. This is link-management or affiliate infrastructure, and the brief protects it: a redirect is not itself a toxicity signal."
bestofhealthshow.com,1,0%,,,DIRECT,100%,406:1,1,,0%,"Direct link, no redirect hop."
sunnysweatdays.com,1,0%,,,DIRECT,0%,200:1,1,trace minerals,0%,"Direct link, no redirect hop."
saintsebastianelitecollege.com,1,0%,,,DIRECT,0%,200:1,1,Belly fat burner without discount exercise,0%,"Direct link, no redirect hop."
nutraera.ca,1,0%,,,DIRECT,100%,403:1,1,L-Theanine,0%,"Direct link, no redirect hop."
lebel-minsk.by,1,0%,,,DIRECT,0%,200:1,1,Best Supplements for Sleep 2021: Top Natural Over-The ...,0%,"Direct link, no redirect hop."
weightlossdietreport.com,1,0%,,,DIRECT,0%,307:1,1,,0%,"Direct link, no redirect hop."
theveganreview.com,1,0%,,,DIRECT,0%,200:1,1,performance nutritionist,0%,"Direct link, no redirect hop."
potentash.com,1,0%,,,DIRECT,0%,200:1,1,"triglycerides,",0%,"Direct link, no redirect hop."
gokindly.se,1,0%,,,DIRECT,0%,200:1,1,Performance Lab,0%,"Direct link, no redirect hop."
primoprint.com,1,0%,,,DIRECT,0%,200:1,1,Performance Lab,0%,"Direct link, no redirect hop."
muchmore.in,1,0%,,,DIRECT,0%,200:1,1,performancelab.com,100%,"Direct link, no redirect hop."
saydlawy.net,1,0%,,,DIRECT,0%,200:1,1,https://www.performancelab.com,100%,"Direct link, no redirect hop."
metro.co.uk,1,100%,nutropic.com,products/taster-pack,ROUTED_OTHER,0%,200:1,1,Buy a taster Pack (four bars) for £12.99,100%,Links route through nutropic.com/products/taster-pack.
love.net.in,1,0%,,,DIRECT,0%,200:1,1,performancelab.com,100%,"Direct link, no redirect hop."
sitescrawl.com,1,0%,,,DIRECT,0%,200:1,1,performancelab.com,100%,"Direct link, no redirect hop."
marketresearchforecast.com,1,0%,,,DIRECT,0%,200:1,1,Performance Lab,0%,"Direct link, no redirect hop."
panoramata.co,1,0%,,,DIRECT,0%,200:1,1,Visit their website →,100%,"Direct link, no redirect hop."
pspfrench.com,1,0%,,,DIRECT,0%,200:1,1,PRO Performance Sleep,0%,"Direct link, no redirect hop."
99bestsite.com,1,0%,,,DIRECT,0%,200:1,1,performancelab,0%,"Direct link, no redirect hop."
nourishyourglow.com,1,0%,,,DIRECT,0%,200:1,1,gut health prebiotics,0%,"Direct link, no redirect hop."
naturalhealthplanner.com,1,0%,,,DIRECT,0%,200:1,1,Performance Lab Nootropic Stack,0%,"Direct link, no redirect hop."
hippocraticpost.com,1,0%,,,DIRECT,0%,200:1,1,prebiotic supplement for gut health,0%,"Direct link, no redirect hop."
travelbeginsat40.com,1,0%,,,DIRECT,0%,200:1,1,supplements for joint health,0%,"Direct link, no redirect hop."
kronicallyfit.blogspot.com,1,0%,,,DIRECT,0%,200:1,1,HERE,0%,"Direct link, no redirect hop."
healthereports.com,1,0%,,,DIRECT,0%,307:1,1,,0%,"Direct link, no redirect hop."
ashthdhatu.com,1,0%,,,DIRECT,0%,200:1,1,Click here for the lowest price,0%,"Direct link, no redirect hop."
londravirtuale.com,1,0%,,,DIRECT,0%,301:1,1,,0%,"Direct link, no redirect hop."
entrepreneurnut.com,1,0%,,,DIRECT,0%,200:1,1,Performance Lab Affiliate Program,0%,"Direct link, no redirect hop."
ourpaleolife.com,1,0%,,,DIRECT,0%,200:1,1,Performance Lab,0%,"Direct link, no redirect hop."
brewdrkombucha.com,1,0%,,,DIRECT,0%,200:1,1,rich in several B vitamins,0%,"Direct link, no redirect hop."
newmomsweightlossjourney.com,1,0%,,,DIRECT,100%,520:1,1,One of the biggest side effects and concerns with artificial sweeteners,0%,"Direct link, no redirect hop."
touristpoints.in,1,0%,,,DIRECT,0%,200:1,1,performancelab.com,100%,"Direct link, no redirect hop."
seifig.com,1,0%,,,DIRECT,0%,200:1,1,How Long Does Glutathione Take To Work? - Performance Lab,0%,"Direct link, no redirect hop."
momentswithmandi.com,1,0%,,,DIRECT,0%,200:1,1,in this Performance Lab post,0%,"Direct link, no redirect hop."
packages.pw,1,0%,,,DIRECT,0%,200:1,1,performancelab.com,100%,"Direct link, no redirect hop."
mandakini.co.in,1,0%,,,DIRECT,0%,200:1,1,performancelab.com,100%,"Direct link, no redirect hop."
cricketinfo.co.in,1,0%,,,DIRECT,0%,200:1,1,performancelab.com,100%,"Direct link, no redirect hop."
hyroxy.com,1,0%,,,DIRECT,0%,200:1,1,Pre Lab Pro is the best pre workout supplement,0%,"Direct link, no redirect hop."
localquoter.net,1,0%,,,DIRECT,100%,521:1,1,7,0%,"Direct link, no redirect hop."
income.net.in,1,0%,,,DIRECT,0%,200:1,1,performancelab.com,100%,"Direct link, no redirect hop."
exampledirectory.com,1,0%,,,DIRECT,0%,200:1,1,performancelab.com,100%,"Direct link, no redirect hop."
luxentialliving.com,1,0%,,,DIRECT,0%,200:1,1,Read Now,0%,"Direct link, no redirect hop."
brizbot.com,1,0%,,,DIRECT,0%,200:1,1,Best juice shop for fever,0%,"Direct link, no redirect hop."
livebacklinks.com,1,0%,,,DIRECT,0%,200:1,1,performancelab.com,100%,"Direct link, no redirect hop."
wondomain.com,1,0%,,,DIRECT,0%,200:1,1,performancelab.com,100%,"Direct link, no redirect hop."
ketodietdude.com,1,0%,,,DIRECT,0%,200:1,1,Performance Lab NutriGenesis Multi,0%,"Direct link, no redirect hop."
exerciserx.net,1,0%,,,DIRECT,0%,307:1,1,,0%,"Direct link, no redirect hop."
bcorporation.net,1,0%,,,DIRECT,0%,200:1,1,https://global.performancelab.com/,0%,"Direct link, no redirect hop."
vitaleasenutrients.com,1,0%,,,DIRECT,0%,0:1,1,Check Out Here,0%,"Direct link, no redirect hop."
webdesignerdirectory.in,1,0%,,,DIRECT,0%,200:1,1,performancelab.com,100%,"Direct link, no redirect hop."
ycombinator.com,1,0%,,,DIRECT,0%,0:1,1,https://performancelab.com/,100%,"Direct link, no redirect hop."
communityfarmersmarket.net,1,0%,,,DIRECT,0%,307:1,1,,0%,"Direct link, no redirect hop."
ggenereux.blog,1,0%,,,DIRECT,100%,429:1,1,https://www.performancelab.com/blogs/energy/r-lipoic-acid,100%,"Direct link, no redirect hop."
endomondo.com,1,0%,,,DIRECT,0%,200:1,1,Check Price,100%,"Direct link, no redirect hop."
en-purdentix-us.com,1,0%,,,DIRECT,100%,403:1,1,vitamins C and D,0%,"Direct link, no redirect hop."
sustainhealthcare.org,1,0%,,,DIRECT,0%,307:1,1,,0%,"Direct link, no redirect hop."
corsi-odontoiatria.it,1,0%,,,DIRECT,100%,404:1,1,Glutathione and Vitamin C: Why You Should Take Them Together,0%,"Direct link, no redirect hop."
parsipowder.com,1,0%,,,DIRECT,0%,200:1,1,performancelab.com,0%,"Direct link, no redirect hop."
thewellnesssociety.org,1,0%,,,DIRECT,0%,200:1,1,supplements for optimal sleep,0%,"Direct link, no redirect hop."
astro-solid-hn-edge.netlify.app,1,0%,,,DIRECT,0%,200:1,1,Carbohydrate-Insulin Hypothesis: Why It's Wrong,0%,"Direct link, no redirect hop."
2022topranked.com,1,0%,,,DIRECT,0%,307:1,1,,0%,"Direct link, no redirect hop."
anationofmoms.com,1,0%,,,DIRECT,0%,200:1,1,leading vegan Omega-3,0%,"Direct link, no redirect hop."
bestadultdirectory.com,1,0%,,,DIRECT,0%,200:1,1,performancelab.com,100%,"Direct link, no redirect hop."
liftbigeatbig.com,1,0%,,,DIRECT,0%,200:1,1,Performance Lab NutriGenesis® Multi,0%,"Direct link, no redirect hop."
healthwebmagazine.com,1,0%,,,DIRECT,0%,200:1,1,https://www.performancelab.com/blogs/nutrition/what-is-a-fast-metabolism,0%,"Direct link, no redirect hop."
cricketlive.co.in,1,0%,,,DIRECT,0%,200:1,1,performancelab.com,100%,"Direct link, no redirect hop."
drinkme.substack.com,1,0%,,,DIRECT,0%,200:1,1,vegan fish source,0%,"Direct link, no redirect hop."
chesbrewco.com,1,0%,,,DIRECT,0%,200:1,1,"Vitamin C, Vitamin D, and Niacin",0%,"Direct link, no redirect hop."
willettonuniforms.com.au,1,0%,,,DIRECT,0%,200:1,1,Contact – Performance Lab®,100%,"Direct link, no redirect hop."
azbigmedia.com,1,0%,,,DIRECT,0%,200:1,1,take joint health supplements,0%,"Direct link, no redirect hop."
dzodzaci.rs,1,0%,,,DIRECT,0%,200:1,1,Cink,0%,"Direct link, no redirect hop."
vibranthappyhealthy.com,1,0%,,,DIRECT,0%,200:1,1,high thermic effect,0%,"Direct link, no redirect hop."
programgeeks.net,1,0%,,,DIRECT,0%,200:1,1,http://performancelab.com,0%,"Direct link, no redirect hop."
websitesreports.com,1,0%,,,DIRECT,0%,200:1,1,performancelab.com,100%,"Direct link, no redirect hop."
gogosister.com,1,0%,,,DIRECT,0%,200:1,1,5,0%,"Direct link, no redirect hop."
searchalldomains.com,1,0%,,,DIRECT,0%,200:1,1,performancelab.com,100%,"Direct link, no redirect hop."
linkscrawl.com,1,0%,,,DIRECT,0%,200:1,1,performancelab.com,100%,"Direct link, no redirect hop."
foodbus.in,1,0%,,,DIRECT,0%,200:1,1,performancelab.com,100%,"Direct link, no redirect hop."
artofhealthyliving.com,1,0%,,,DIRECT,0%,200:1,1,Performance Lab Omega 3,0%,"Direct link, no redirect hop."
eatyourgreensout.com,1,0%,,,DIRECT,0%,200:1,1,14,0%,"Direct link, no redirect hop."
yana-log.net,1,0%,,,DIRECT,0%,200:1,1,https://www.performancelab.com/products/omega-3,0%,"Direct link, no redirect hop."
starsarticle.com,1,0%,,,DIRECT,0%,200:1,1,performancelab,0%,"Direct link, no redirect hop."
cfshelp.info,1,0%,,,DIRECT,0%,200:1,1,Omega-3’s,0%,"Direct link, no redirect hop."
softranks.com,1,0%,,,DIRECT,0%,200:1,1,performancelab,0%,"Direct link, no redirect hop."
toplist.co.in,1,0%,,,DIRECT,0%,200:1,1,performancelab.com,100%,"Direct link, no redirect hop."
worldlinksites.com,1,0%,,,DIRECT,0%,200:1,1,performancelab,0%,"Direct link, no redirect hop."
berley.co.uk,1,0%,,,DIRECT,0%,0:1,1,Tart Cherry Juice vs Capsules: Which Is Better ...,0%,"Direct link, no redirect hop."
sbyme.com,1,0%,,,DIRECT,0%,200:1,1,performancelab,0%,"Direct link, no redirect hop."
myprenutrition.com,1,0%,,,DIRECT,0%,200:1,1,Multivitamin Benefits to Bodybuilding,0%,"Direct link, no redirect hop."
prepostlink.com,1,0%,,,DIRECT,0%,200:1,1,performancelab,0%,"Direct link, no redirect hop."
globallinkdirectory.com,1,0%,,,DIRECT,0%,200:1,1,performancelab.com,100%,"Direct link, no redirect hop."
topdirectory.in,1,0%,,,DIRECT,0%,200:1,1,performancelab.com,100%,"Direct link, no redirect hop."
bestdirectorysite.com,1,0%,,,DIRECT,0%,200:1,1,performancelab,0%,"Direct link, no redirect hop."
daysofadomesticdad.com,1,0%,,,DIRECT,0%,200:1,1,nootropics,0%,"Direct link, no redirect hop."
ruletheempire.org,1,0%,,,DIRECT,0%,200:1,1,Creatine expedites recycling of ATP (adenosine triphosphate),0%,"Direct link, no redirect hop."
tpsearchtool.com,1,0%,,,DIRECT,100%,403:1,1,What Is Zeaxanthin Benefits Dosage And Best Sources Performance Lab,100%,"Direct link, no redirect hop."
arabicwebdirectory.com,1,0%,,,DIRECT,0%,200:1,1,performancelab.com,100%,"Direct link, no redirect hop."
debsllc.org,1,0%,,,DIRECT,0%,200:1,1,taking natural sleep aids,0%,"Direct link, no redirect hop."
backlink.asia,1,0%,,,DIRECT,0%,200:1,1,performancelab.com,100%,"Direct link, no redirect hop."
distrilist.eu,1,0%,,,DIRECT,0%,200:1,1,Performance Labs,0%,"Direct link, no redirect hop."
basicbrandsinc.com,1,0%,,,DIRECT,0%,301:1,1,Performance Labs,0%,"Direct link, no redirect hop."
blimpp.com,1,0%,,,DIRECT,0%,200:1,1,Performance Lab®,0%,"Direct link, no redirect hop."
magicmind.com,1,0%,,,DIRECT,0%,200:1,1,Performance Lab Nootropics,0%,"Direct link, no redirect hop."
porras.ch,1,0%,,,DIRECT,0%,200:1,1,Immune Boosting Juices Top 8 Juice Recipes for Immunity,0%,"Direct link, no redirect hop."
showdirectory.in,1,0%,,,DIRECT,0%,200:1,1,performancelab.com,100%,"Direct link, no redirect hop."
madhavishilpi.com,1,0%,,,DIRECT,0%,200:1,1,fibre benefits our gut microbiota,0%,"Direct link, no redirect hop."
gldnroot.com,1,0%,,,DIRECT,0%,200:1,1,Vitamins D3 and K2,0%,"Direct link, no redirect hop."
domainnameshub.com,1,0%,,,DIRECT,0%,200:1,1,performancelab.com,100%,"Direct link, no redirect hop."
lifeinabreakdown.com,1,0%,,,DIRECT,0%,0:1,1,take supplements for optimal sleep,0%,"Direct link, no redirect hop."
mikesbalance.com,1,0%,,,DIRECT,0%,200:1,1,endless health benefits to taking omega-3 supplements and CoQ10 together,100%,"Direct link, no redirect hop."
topacted.com,1,0%,,,DIRECT,0%,200:1,1,performancelab,0%,"Direct link, no redirect hop."
en-aquesculpt.com,1,0%,,,DIRECT,0%,200:1,1,Caffeine anhydrous,0%,"Direct link, no redirect hop."
pharmacydiscount.gr,1,0%,,,DIRECT,0%,200:1,1,https://www.performancelab.com/blogs/immune/best-time-of-day-to-take-selenium,0%,"Direct link, no redirect hop."
powerfoodhealth.com,1,0%,,,DIRECT,0%,200:1,1,Check out Performance Lab SPORT Fat Burner here!,100%,"Direct link, no redirect hop."
successfulblackparenting.com,1,0%,,,DIRECT,0%,200:1,1,recommended vitamins for eye health,0%,"Direct link, no redirect hop."
healthhighroad.com,1,0%,,,DIRECT,0%,200:1,1,Performance Lab SPORT Fat Burner,0%,"Direct link, no redirect hop."
anabolicsteroidforums.com,1,0%,,,DIRECT,0%,200:1,1,Glutathione and Vitamin C: Why You Should Take Them Together,100%,"Direct link, no redirect hop."
bestarticleworld.com,1,0%,,,DIRECT,0%,200:1,1,performancelab,0%,"Direct link, no redirect hop."
mohini.pw,1,0%,,,DIRECT,0%,200:1,1,performancelab.com,100%,"Direct link, no redirect hop."
sunnysweetdays.com,1,0%,,,DIRECT,0%,0:1,1,trace minerals,0%,"Direct link, no redirect hop."
searchhotels.in,1,0%,,,DIRECT,0%,200:1,1,performancelab.com,100%,"Direct link, no redirect hop."
drifttravel.com,1,0%,,,DIRECT,0%,200:1,1,Performance Lab supplements,0%,"Direct link, no redirect hop."
aol.co.uk,1,0%,,,DIRECT,0%,200:1,1,punching bag,100%,"Direct link, no redirect hop."
probiotics.tips,1,0%,,,DIRECT,0%,200:1,1,damaged during the freezing,0%,"Direct link, no redirect hop."
couplerelationship.net,1,0%,,,DIRECT,0%,200:1,1,Découvrez Performance Lab SPORT Fat Burner ici !,0%,"Direct link, no redirect hop."
achievedomains.com,1,0%,,,DIRECT,0%,200:1,1,performancelab.com,100%,"Direct link, no redirect hop."
multiranks.com,1,0%,,,DIRECT,0%,200:1,1,performancelab,0%,"Direct link, no redirect hop."
sexierr.com,1,0%,,,DIRECT,0%,200:1,1,https://www.performancelab.com/blogs/fat-loss/taking-fat-burners-on-an-empty-stomach-good-or-bad?srsltid=AfmBOoqvbji9NOr-iwN8EeB6Z0bvrkqRmivIP-L8qhOGJ9hJ3j94k3BI,100%,"Direct link, no redirect hop."
modafinil.com,1,0%,,,DIRECT,0%,307:1,1,,0%,"Direct link, no redirect hop."
9round.com,1,0%,,,DIRECT,0%,200:1,1,spending hours at the gym isn't necessary to achieve your fitness goals,0%,"Direct link, no redirect hop."
theceoviews.com,1,0%,,,DIRECT,0%,0:1,1,performancelab.com,0%,"Direct link, no redirect hop."
jordanharbinger.com,1,0%,,,DIRECT,0%,200:1,1,The Dangers of Overtraining | Performance Lab,0%,"Direct link, no redirect hop."
wonderlabs.com,1,0%,,,DIRECT,0%,200:1,1,help promote eye and vision health,0%,"Direct link, no redirect hop."
one.net.in,1,0%,,,DIRECT,0%,200:1,1,performancelab.com,100%,"Direct link, no redirect hop."
biovanish.blogspot.com,1,0%,,,DIRECT,0%,200:1,1,L-theanine,0%,"Direct link, no redirect hop."
urldirectory.net,1,0%,,,DIRECT,0%,200:1,1,performancelab.com,100%,"Direct link, no redirect hop."
healthknight.com,1,0%,,,DIRECT,0%,200:1,1,https://www.performancelab.com/collections/core-range/products/flex,100%,"Direct link, no redirect hop."
new.net.in,1,0%,,,DIRECT,0%,200:1,1,performancelab.com,100%,"Direct link, no redirect hop."
sincerelyashlea.com,1,0%,,,DIRECT,0%,200:1,1,"vitamins A, B, and C on an empty stomach",0%,"Direct link, no redirect hop."
theclintoncourier.net,1,0%,,,DIRECT,0%,200:1,1,learn more about creatine bloating,0%,"Direct link, no redirect hop."
workast.com,1,0%,,,DIRECT,0%,200:1,1,improve eye health and vision performance,0%,"Direct link, no redirect hop."
rugbyrep.com,1,0%,,,DIRECT,0%,200:1,1,performancelab.com,0%,"Direct link, no redirect hop."
educba.com,1,0%,,,DIRECT,0%,200:1,1,nootropic snacks,0%,"Direct link, no redirect hop."
packagingoftheworld.com,1,0%,,,DIRECT,100%,403:1,1,Performance Lab,100%,"Direct link, no redirect hop."
teamregatta.com,1,0%,,,DIRECT,0%,200:1,1,overtraining,0%,"Direct link, no redirect hop."
aol.com,1,0%,,,DIRECT,0%,200:1,1,punching bag,100%,"Direct link, no redirect hop."
receitasnestle.com.br,1,0%,,,DIRECT,0%,200:1,1,Lifting on an Empty Stomach: Is It Safe to Lift Heavy While Fasted?,0%,"Direct link, no redirect hop."
michaelkummer.com,1,0%,,,DIRECT,0%,200:1,1,Performance Lab,0%,"Direct link, no redirect hop."
easydirectory.in,1,0%,,,DIRECT,0%,200:1,1,performancelab.com,100%,"Direct link, no redirect hop."
greenerideal.com,1,0%,,,DIRECT,0%,200:1,1,effect of natural vitamins,0%,"Direct link, no redirect hop."
medino.com,1,0%,,,DIRECT,0%,200:1,1,Performance Lab – How Long Does Glutathione Take to Work?,0%,"Direct link, no redirect hop."
websitehubs.com,1,0%,,,DIRECT,0%,200:1,1,performancelab,0%,"Direct link, no redirect hop."
lifehack.org,1,0%,,,DIRECT,0%,200:1,1,Check out Performance Lab SPORT Fat Burner here!,0%,"Direct link, no redirect hop."
topendsports.com,1,0%,,,DIRECT,0%,200:1,1,taking a pre-workout before work,0%,"Direct link, no redirect hop."
dietarious.com,1,0%,,,DIRECT,0%,200:1,1,Caffeine anhydrous:,0%,"Direct link, no redirect hop."
chromavit.com,1,0%,,,DIRECT,0%,200:1,1,www.materiamedica.in,0%,"Direct link, no redirect hop."
technofizi.net,1,0%,,,DIRECT,0%,200:1,1,performancelab.com,100%,"Direct link, no redirect hop."
foodnessgracious.com,1,0%,,,DIRECT,0%,200:1,1,nutritional support for digestive health,0%,"Direct link, no redirect hop."
blogdir.net,1,0%,,,DIRECT,0%,200:1,1,performancelab.com,100%,"Direct link, no redirect hop."
livewebsites.net,1,0%,,,DIRECT,0%,200:1,1,performancelab.com,100%,"Direct link, no redirect hop."
honesthealthwise.com,1,0%,,,DIRECT,0%,200:1,1,Performance Lab Mind,0%,"Direct link, no redirect hop."
lms-linkage.com,1,0%,,,DIRECT,0%,200:1,1,class=,0%,"Direct link, no redirect hop."
shahabmokhtare.com,1,0%,,,DIRECT,0%,200:1,1,Performance Lab,0%,"Direct link, no redirect hop."
sleepopolis.com,1,0%,,,DIRECT,100%,404:1,1,Performance Lab Sleep,0%,"Direct link, no redirect hop."
guthealth.org,1,0%,,,DIRECT,0%,200:1,1,https://www.performancelab.com/blogs/prebiotic/2024-health-trends-forget-the-fads-focus-on-gut-health,0%,"Direct link, no redirect hop."
essentialliving.substack.com,1,0%,,,DIRECT,0%,200:1,1,perfpormancelab.com,0%,"Direct link, no redirect hop."
fadedspring.co.uk,1,0%,,,DIRECT,0%,200:1,1,Nu:tropic,0%,"Direct link, no redirect hop."
directoryoflink.com,1,0%,,,DIRECT,0%,200:1,1,performancelab,0%,"Direct link, no redirect hop."
apental.net,1,0%,,,DIRECT,100%,404:1,1,,0%,"Direct link, no redirect hop."
topdir.net,1,0%,,,DIRECT,0%,200:1,1,performancelab.com,100%,"Direct link, no redirect hop."
rezerv.co,1,0%,,,DIRECT,0%,200:1,1,supplements to boost your immune system,0%,"Direct link, no redirect hop."
fmtc.co,1,0%,,,DIRECT,0%,200:1,1,Performance Lab,0%,"Direct link, no redirect hop."
camporacity.it,1,0%,,,DIRECT,0%,200:1,1,"Caffeine Anhydrous: Benefits, Weight Loss and Side Effects ...",0%,"Direct link, no redirect hop."
thrive25.com,1,0%,,,DIRECT,0%,200:1,1,Performance Lab Omega-3,0%,"Direct link, no redirect hop."
allaboutpeoples.com,1,0%,,,DIRECT,0%,200:1,1,Performance Lab,0%,"Direct link, no redirect hop."
healthfitness-wellbeing.blogspot.com,1,0%,,,DIRECT,0%,200:1,1,,0%,"Direct link, no redirect hop."
mappingmegan.com,1,0%,,,DIRECT,0%,200:1,1,boost immunity with supplements.,0%,"Direct link, no redirect hop."
csir-sari.org,1,0%,,,DIRECT,0%,200:1,1,How Long Does It Take for Beetroot Juice to Work Performance Lab,0%,"Direct link, no redirect hop."
region.co.in,1,0%,,,DIRECT,0%,200:1,1,performancelab.com,100%,"Direct link, no redirect hop."
tastyfoodstories.com,1,0%,,,DIRECT,100%,502:1,1,© Performance Lab,0%,"Direct link, no redirect hop."
linkdonation.com,1,0%,,,DIRECT,0%,200:1,1,performancelab.com,100%,"Direct link, no redirect hop."
tagelseha.com,1,0%,,,DIRECT,0%,200:1,1,شرب فيتامين سي الفوار على الريق,100%,"Direct link, no redirect hop."
awesomehealthclub.com,1,0%,,,DIRECT,0%,200:1,1,15 thermogenic foods,0%,"Direct link, no redirect hop."
divinehealthandhealing-ways.com,1,0%,,,DIRECT,0%,200:1,1,"Best Western Herbal Medicine - vitamins, herbal supplements, herbs, cosmetics, alternative medicine, homeopathy, beauty, Solgar, Source Naturals, Life Extension, Nordic Naturals, Natural Factors, Gaia Herbs, Enzymatic Therapy, Country Life, Nutricology, Weleda, Now Foods, health, diet",0%,"Direct link, no redirect hop."
freeworlddirectory.com,1,0%,,,DIRECT,0%,200:1,1,performancelab.com,100%,"Direct link, no redirect hop."
spiritualforums.com,1,0%,,,DIRECT,100%,403:1,1,https://www.performancelab.com/blogs...ay-in-the-body,0%,"Direct link, no redirect hop."
addondirectory.com,1,0%,,,DIRECT,0%,200:1,1,performancelab.com,100%,"Direct link, no redirect hop."
domainsquiz.com,1,0%,,,DIRECT,0%,200:1,1,performancelab.com,100%,"Direct link, no redirect hop."
shibleysmiles.com,1,0%,,,DIRECT,100%,410:1,1,high quality joint supplements,0%,"Direct link, no redirect hop."
nutrifitt.com,1,0%,,,DIRECT,0%,200:1,1,Performance Lab Mind,0%,"Direct link, no redirect hop."
dcmedical.ro,1,0%,,,DIRECT,0%,200:1,1,Performance Lab,0%,"Direct link, no redirect hop."
google.com,1,0%,,,DIRECT,0%,200:1,1,L-theanine,0%,"Direct link, no redirect hop."
ectomorphing.com,1,100%,prelabpro.com,blogs/nutrition/bodyweight-vs-weights-for-fat-loss,ROUTED_BRAND_OWNED,0%,200:1,1,https://prelabpro.com/blogs/nutrition/bodyweight-vs-weights-for-fat-loss,0%,"Links route through prelabpro.com, which is in the client's own brand estate (BRAND_OWNED). This is first-party link management, not a third-party redirect layer."
orthoarabia.com,1,0%,,,DIRECT,0%,200:1,1,Joint Pain and B12 Deficiency,0%,"Direct link, no redirect hop."
domainnamesbook.com,1,0%,,,DIRECT,0%,200:1,1,performancelab.com,100%,"Direct link, no redirect hop."
greycicada.com,1,0%,,,DIRECT,0%,200:1,1,PerformanceLab Caffeine 2,0%,"Direct link, no redirect hop."
wellfitinsider.com,1,0%,,,DIRECT,0%,200:1,1,"Performance Lab, 2024",0%,"Direct link, no redirect hop."
onemilliondomains.com,1,0%,,,DIRECT,0%,200:1,1,performancelab.com,100%,"Direct link, no redirect hop."
247sports.news,1,0%,,,DIRECT,0%,301:1,1,Visit Performance Lab,0%,"Direct link, no redirect hop."
designscene.net,1,0%,,,DIRECT,0%,200:1,1,supplements to boost mental and physical performance,0%,"Direct link, no redirect hop."
moki.co.jp,1,0%,,,DIRECT,0%,200:1,1,Glutathione vs Astaxanthin: Which One Is Best for Immunity?,0%,"Direct link, no redirect hop."
thewellnesswatchdog.com,1,0%,,,DIRECT,0%,200:1,1,this one,0%,"Direct link, no redirect hop."
nootroedge.com,1,0%,,,DIRECT,0%,301:1,1,Check Deals On Performance Sleep Lab,0%,"Direct link, no redirect hop."
jurnalul.ro,1,0%,,,DIRECT,0%,200:1,1,conform Performance Lab,0%,"Direct link, no redirect hop."
addurl.pro,1,0%,,,DIRECT,0%,200:1,1,performancelab.com,100%,"Direct link, no redirect hop."
archivemarketresearch.com,1,0%,,,DIRECT,0%,200:1,1,Performance Lab,0%,"Direct link, no redirect hop."
dmcoffee.blog,1,0%,,,DIRECT,100%,403:1,1,How Long to Reset Caffeine Tolerance: A Complete Guide – Performance Lab,0%,"Direct link, no redirect hop."
uptimecard.com,1,0%,,,DIRECT,0%,0:1,1,Performance Lab Mind Lab Pro NutriGenesis Multi favicon,100%,"Direct link, no redirect hop."
fitclubnc.com,1,0%,,,DIRECT,0%,200:1,1,Workout Plateau: 6 Causes and 5 Tips on How to Avoid It | Performance Lab®,0%,"Direct link, no redirect hop."
vitamagazine.com,1,0%,,,DIRECT,0%,200:1,1,supplement for vascularity,0%,"Direct link, no redirect hop."
politicsofsport.com,1,0%,,,DIRECT,0%,0:1,1,Best juice for immune system top,0%,"Direct link, no redirect hop."
japananh.github.io,1,0%,,,DIRECT,0%,200:1,1,"https://www.performancelab.com/blogs/fat-loss/what-is-the-lowest-body-fat-percentage#:~:text=We%20also%20have%20something%20called,ever%20go%20below%20these%20percentages",0%,"Direct link, no redirect hop."
trans4mind.com,1,0%,,,DIRECT,0%,200:1,1,pre-workout supplements for women,0%,"Direct link, no redirect hop."
linkodirectory.com,1,0%,,,DIRECT,0%,200:1,1,performancelab,0%,"Direct link, no redirect hop."
websitesnewses.com,1,0%,,,DIRECT,0%,200:1,1,performancelab,0%,"Direct link, no redirect hop."
globalproseo.com,1,0%,,,DIRECT,0%,200:1,1,performancelab,0%,"Direct link, no redirect hop."
hostseolinks.com,1,0%,,,DIRECT,0%,200:1,1,performancelab,0%,"Direct link, no redirect hop."
rankerdirectory.com,1,0%,,,DIRECT,0%,200:1,1,performancelab,0%,"Direct link, no redirect hop."
linksnewses.com,1,0%,,,DIRECT,0%,200:1,1,performancelab,0%,"Direct link, no redirect hop."
postonseo.com,1,0%,,,DIRECT,0%,200:1,1,performancelab,0%,"Direct link, no redirect hop."
wayseodirectory.com,1,0%,,,DIRECT,0%,200:1,1,performancelab,0%,"Direct link, no redirect hop."
adzbusiness.com,1,0%,,,DIRECT,0%,200:1,1,performancelab,0%,"Direct link, no redirect hop."
businessnewses.com,1,0%,,,DIRECT,0%,200:1,1,performancelab,0%,"Direct link, no redirect hop."
lighthousewellbeingcpt.com,1,0%,,,DIRECT,0%,0:1,1,Clinical studies,0%,"Direct link, no redirect hop."
us-en-aqua-sculpt.com,1,0%,,,DIRECT,0%,200:1,1,Black Pepper Extract,0%,"Direct link, no redirect hop."
jointpainrescue.com,1,0%,,,DIRECT,100%,520:1,1,Turmeric's benefits,0%,"Direct link, no redirect hop."
modernmamahq.com,1,0%,,,DIRECT,0%,200:1,1,https://performancelab.com,0%,"Direct link, no redirect hop."
trendshapersmag.com,1,0%,,,DIRECT,0%,200:1,1,https://performancelab.com,0%,"Direct link, no redirect hop."
naturalaginghacks.com,1,0%,,,DIRECT,100%,520:1,1,Consistent training,0%,"Direct link, no redirect hop."
datainsightsmarket.com,1,0%,,,DIRECT,0%,200:1,1,Performance Lab Ltd,0%,"Direct link, no redirect hop."
voofood.com,1,0%,,,DIRECT,0%,0:1,1,www.performancelab.com/sport/supplements/t-booster,0%,"Direct link, no redirect hop."
csd-ljmostepolje.si,1,0%,,,DIRECT,0%,200:1,1,Cink,0%,"Direct link, no redirect hop."
proseoarticles.com,1,0%,,,DIRECT,0%,200:1,1,performancelab,0%,"Direct link, no redirect hop."
bicyclingland.com,1,0%,,,DIRECT,0%,200:1,1,this type of training,0%,"Direct link, no redirect hop."
insightmarketreports.com,1,0%,,,DIRECT,0%,200:1,1,Performance Lab,100%,"Direct link, no redirect hop."
packersandmoversbook.com,1,0%,,,DIRECT,0%,200:1,1,performancelab.com,100%,"Direct link, no redirect hop."
servicio-online.net,1,0%,,,DIRECT,0%,200:1,1,Best omega 3 hotsell supplement for dogs,0%,"Direct link, no redirect hop."
onlign-lab.com,1,0%,,,DIRECT,0%,200:1,1,https://performancelab.com,0%,"Direct link, no redirect hop."
anjana.co.in,1,0%,,,DIRECT,0%,200:1,1,performancelab.com,100%,"Direct link, no redirect hop."
emmareed.net,1,0%,,,DIRECT,0%,200:1,1,foods with high thermic effects,0%,"Direct link, no redirect hop."
changingfaceshousing.com,1,0%,,,DIRECT,0%,0:1,1,Crunching sound in cheap knee,0%,"Direct link, no redirect hop."
kermany.com,1,0%,,,DIRECT,0%,200:1,1,www.performancelab.com,0%,"Direct link, no redirect hop."
senior51.com,1,0%,,,DIRECT,100%,520:1,1,this page,0%,"Direct link, no redirect hop."
academianeuera.com,1,0%,,,DIRECT,0%,200:1,1,Voir les produits,0%,"Direct link, no redirect hop."
evitachem.com,1,0%,,,DIRECT,0%,200:1,1,[3],0%,"Direct link, no redirect hop."
findcontinuingcare.com,1,0%,,,DIRECT,0%,200:1,1,Performance Lab,0%,"Direct link, no redirect hop."
nutrabalancelife.com,1,0%,,,DIRECT,0%,200:1,1,1-2g,0%,"Direct link, no redirect hop."
websitefinder.org,1,0%,,,DIRECT,0%,200:1,1,performancelab.com,100%,"Direct link, no redirect hop."
jointnutritionexpert.com,1,0%,,,DIRECT,0%,200:1,1,Performance Lab,0%,"Direct link, no redirect hop."
mytunbridgewells.com,1,0%,,,DIRECT,0%,200:1,1,daily multivitamin for active men,0%,"Direct link, no redirect hop."
greensborosports.com,1,0%,,,DIRECT,0%,200:1,1,alternates walking and running,0%,"Direct link, no redirect hop."
mahammarketing.com,1,0%,,,DIRECT,0%,200:1,1,performancelab.com,0%,"Direct link, no redirect hop."
cbdtiger.co,1,0%,,,DIRECT,0%,302:1,1,,0%,"Direct link, no redirect hop."
bluechewreview.org,1,0%,,,DIRECT,0%,301:1,1,,0%,"Direct link, no redirect hop."
elbloglibre.com,1,100%,nutropic.com,,ROUTED_OTHER,0%,200:1,1,more info,0%,Links route through nutropic.com/.
lifestylebyps.com,1,0%,,,DIRECT,0%,200:1,1,nutritional supplements from Performance Lab,0%,"Direct link, no redirect hop."
rankvanceauthority.info,1,100%,nutropic.com,,ROUTED_OTHER,0%,200:1,1,nutropic.com,0%,Links route through nutropic.com/.
trevorball.com,1,0%,,,DIRECT,0%,200:1,1,https://performancelab.com,0%,"Direct link, no redirect hop."
wellness-journey.blogspot.com,1,0%,,,DIRECT,0%,200:1,1,Performance Lab,0%,"Direct link, no redirect hop."
vitaminsandsupplements365.com,1,0%,,,DIRECT,0%,200:1,1,https://www.performancelab.com/blogs/joint-support/msm-benefits-for-joint-health,0%,"Direct link, no redirect hop."
clodura.ai,1,0%,,,DIRECT,0%,200:1,1,performancelab.com,0%,"Direct link, no redirect hop."
vigorprotocol.com,1,0%,,,DIRECT,0%,307:1,1,,0%,"Direct link, no redirect hop."
biohackjournal.com,1,0%,,,DIRECT,0%,0:1,1,Performance Lab’s Omega-3,0%,"Direct link, no redirect hop."
usawire.com,1,0%,,,DIRECT,100%,403:1,1,check out Performance Lab energy supplements,0%,"Direct link, no redirect hop."
tuketicisagligi.com.tr,1,0%,,,DIRECT,0%,200:1,1,https://www.performancelab.com/blogs/immune/best-time-of-day-to-take-selenium,0%,"Direct link, no redirect hop."
suppinsider.com,1,0%,,,DIRECT,0%,200:1,1,https://www.performancelab.com/blogs/stim/caffeine-anhydrous,0%,"Direct link, no redirect hop."
thelateblog.com,1,100%,nutropic.com,,ROUTED_OTHER,0%,200:1,1,more info,0%,Links route through nutropic.com/.
atouchoffreebies.tripod.com,1,100%,performancelabs.com,wb/0009a,ROUTED_OTHER,0%,200:1,1,Performance Labs,0%,Links route through performancelabs.com/wb/0009a.
daily-remedy.com,1,100%,prelabpro.com,blogs/fitness/alternating-between-running-and-walking,ROUTED_BRAND_OWNED,100%,403:1,1,Combining both running and walking into your exercise routine,0%,"Links route through prelabpro.com, which is in the client's own brand estate (BRAND_OWNED). This is first-party link management, not a third-party redirect layer."
mindfulhealthhaven.com,1,0%,,,DIRECT,0%,302:1,1,gut health resources,0%,"Direct link, no redirect hop."
pro-one-trans.com,1,0%,,,DIRECT,0%,200:1,1,Best juice for immune system new arrivals,0%,"Direct link, no redirect hop."
rxharun.com,1,0%,,,DIRECT,0%,0:1,1,Performance Lab®,0%,"Direct link, no redirect hop."
backlinks.cyou,1,0%,,,DIRECT,0%,200:1,1,performancelab.com,100%,"Direct link, no redirect hop."
precisionmarketview.com,1,0%,,,DIRECT,0%,200:1,1,Performance Lab,100%,"Direct link, no redirect hop."
myconciergemd.com,1,0%,,,DIRECT,0%,200:1,1,guide to men’s multivitamins,0%,"Direct link, no redirect hop."
thejeera.com,1,0%,,,DIRECT,0%,200:1,1,How Long Does It Take for Beetroot Juice to Work Performance Lab,0%,"Direct link, no redirect hop."
highperformr.ai,1,0%,,,DIRECT,0%,200:1,1,https://www.performancelab.com,0%,"Direct link, no redirect hop."
topdoma.in,1,0%,,,DIRECT,0%,200:1,1,performancelab.com,100%,"Direct link, no redirect hop."
gogonow.de,1,0%,,,DIRECT,0%,200:1,1,punching bag,100%,"Direct link, no redirect hop."
friendlyturtle.com,1,0%,,,DIRECT,0%,200:1,1,Performance Lab pre-workout supplements,0%,"Direct link, no redirect hop."
reportpinnacle.com,1,0%,,,DIRECT,0%,200:1,1,Performance Lab,100%,"Direct link, no redirect hop."
youthinforex.online,1,0%,,,DIRECT,0%,200:1,1,performancelab,0%,"Direct link, no redirect hop."
nuvectrascapes.com,1,0%,,,DIRECT,0%,0:1,1,caffeine anhydrous,0%,"Direct link, no redirect hop."
everymoviehasalesson.com,1,0%,,,DIRECT,0%,200:1,1,Performance Lab’s Mind product,0%,"Direct link, no redirect hop."
yourhousefitness.com,1,0%,,,DIRECT,0%,200:1,1,pre workout for women,0%,"Direct link, no redirect hop."
jvnps.com,1,0%,,,DIRECT,0%,200:1,1,Belly fat deals burner without exercise,0%,"Direct link, no redirect hop."
storeleads.app,1,0%,,,DIRECT,0%,200:1,1,www.performancelab.com,100%,"Direct link, no redirect hop."
workoutjoe.com,1,0%,,,DIRECT,0%,0:1,1,Pre-Workout for Clean Energy,100%,"Direct link, no redirect hop."
slpharma.com.br,1,0%,,,DIRECT,0%,301:1,1,Best juice for new arrivals fever,0%,"Direct link, no redirect hop."
paperblog.com,1,100%,fitsmartyou.com,recommends/performance-lab-prebiotic,ROUTED_CAMPAIGN,0%,200:1,1,Performance Lab Prebiotic comes,100%,"All links route through fitsmartyou.com/recommends/performance-lab-prebiotic — a single brand-named campaign path. This is link-management or affiliate infrastructure, and the brief protects it: a redirect is not itself a toxicity signal."
iran-supplement.com,1,0%,,,DIRECT,0%,301:1,1,منبع,100%,"Direct link, no redirect hop."
chaorendata.shop,1,0%,,,DIRECT,0%,200:1,1,performancelab.com,100%,"Direct link, no redirect hop."
fattycrab.com,1,0%,,,DIRECT,0%,200:1,1,taking multivitamins vs individual vitamins,0%,"Direct link, no redirect hop."
prolinksdirectory.com,1,0%,,,DIRECT,0%,200:1,1,performancelab,0%,"Direct link, no redirect hop."
thehealthysupps.com,1,0%,,,DIRECT,0%,301:1,1,,0%,"Direct link, no redirect hop."
wiselivn.com,1,0%,,,DIRECT,0%,200:1,1,multivitamin,0%,"Direct link, no redirect hop."
safesearchkids.com,1,0%,,,DIRECT,0%,200:1,1,choose between multivitamin vs individual vitamins,0%,"Direct link, no redirect hop."
ourslike.com,1,0%,,,DIRECT,100%,522:1,1,vitamins for better sleep,0%,"Direct link, no redirect hop."
thecfome.com,1,0%,,,DIRECT,0%,200:1,1,Does Magnesium Cause Frequent Urination? - Performance Lab,0%,"Direct link, no redirect hop."
backlinks.click,1,0%,,,DIRECT,0%,200:1,1,performancelab.com,100%,"Direct link, no redirect hop."
fussabouthealth.com,1,0%,,,DIRECT,0%,200:1,1,Mind Lab Pro is the best nootropic supplement,0%,"Direct link, no redirect hop."
civilizedcaveman.com,1,0%,,,DIRECT,0%,200:1,1,choosing between multivitamins and individual vitamins,0%,"Direct link, no redirect hop."
dailyhealthtips.blog,1,0%,,,DIRECT,0%,200:1,1,View Deal,0%,"Direct link, no redirect hop."
thefashionablehousewife.com,1,0%,,,DIRECT,0%,200:1,1,multivitamin supplements or individual vitamins,0%,"Direct link, no redirect hop."
medicool.ro,1,0%,,,DIRECT,0%,200:1,1,conform Performance Lab,0%,"Direct link, no redirect hop."
pi-nutrition.com,1,0%,,,DIRECT,0%,200:1,1,Performance Lab,0%,"Direct link, no redirect hop."
myhappypeach.com,1,0%,,,DIRECT,0%,200:1,1,"https://www.performancelab.com/blogs/multi/reasons-to-take-zinc-with-vitamin-a#:~:text=Zinc%20helps%20transport%20vitamin%20A,vitamin%20A%20throughout%20the%20body.",0%,"Direct link, no redirect hop."
momswhosave.com,1,0%,,,DIRECT,0%,200:1,1,multivitamin vs individual vitamins,0%,"Direct link, no redirect hop."
rdennisbrady.com,1,0%,,,DIRECT,0%,200:1,1,burns 1800 calories a day,0%,"Direct link, no redirect hop."
lovehappensmag.com,1,0%,,,DIRECT,0%,200:1,1,improve health with vitamins,0%,"Direct link, no redirect hop."
brcrecovery.com,1,0%,,,DIRECT,0%,200:1,1,It’s a common pre-workout ingredient,0%,"Direct link, no redirect hop."
ltcnews.com,1,0%,,,DIRECT,0%,200:1,1,multivitamins vs individual vitamins,0%,"Direct link, no redirect hop."
social-hire.com,1,0%,,,DIRECT,0%,200:1,1,Performance Lab,0%,"Direct link, no redirect hop."
supplysidefbj.com,1,0%,,,DIRECT,0%,200:1,1,Nu:Tropic,0%,"Direct link, no redirect hop."
a2zseoarticles.com,1,0%,,,DIRECT,0%,200:1,1,performancelab,0%,"Direct link, no redirect hop."
gaugemagazine.com,1,0%,,,DIRECT,0%,200:1,1,enhance brain power with supplements,0%,"Direct link, no redirect hop."
malemodelscene.net,1,0%,,,DIRECT,0%,0:1,1,pre-workout supplements for pump and vascularity,0%,"Direct link, no redirect hop."
topdirectory.co.in,1,0%,,,DIRECT,0%,200:1,1,performancelab.com,100%,"Direct link, no redirect hop."
simonstapleton.com,1,0%,,,DIRECT,0%,200:1,1,caffeine in tea vs coffee,0%,"Direct link, no redirect hop."
topupdirectory.com,1,0%,,,DIRECT,0%,200:1,1,performancelab,0%,"Direct link, no redirect hop."
golfnews.co.uk,1,0%,,,DIRECT,0%,200:1,1,,0%,"Direct link, no redirect hop."
travellingweasels.com,1,0%,,,DIRECT,0%,200:1,1,Performance Lab,0%,"Direct link, no redirect hop."
dr-muscu.fr,1,0%,,,DIRECT,0%,200:1,1,"en savoir, plus",0%,"Direct link, no redirect hop."
sharebyblog.com,1,0%,,,DIRECT,0%,200:1,1,click here,0%,"Direct link, no redirect hop."
tomatpontypark.com,1,0%,,,DIRECT,0%,200:1,1,https://performancelab.com,0%,"Direct link, no redirect hop."
purehealthresearch.com,1,0%,,,DIRECT,0%,200:1,1,*,0%,"Direct link, no redirect hop."
healthyarticlese.blogspot.com,1,0%,,,DIRECT,0%,200:1,1,Check out Performance Lab SPORT Fat Burner here!,0%,"Direct link, no redirect hop."
addurl.pw,1,0%,,,DIRECT,0%,200:1,1,performancelab.com,100%,"Direct link, no redirect hop."
bilalarticles.com,1,0%,,,DIRECT,0%,200:1,1,performancelab,0%,"Direct link, no redirect hop."
resonancelabjo.com,1,0%,,,DIRECT,0%,200:1,1,OUR TELEGRAM CHANEL https://t.me/s/quarterlinks25,100%,"Direct link, no redirect hop."
iplanethealth.com,1,0%,,,DIRECT,0%,200:1,1,https://www.performancelab.com/blogs/energy/r-lipoic-acid-vs-alpha-lipoic-acid,0%,"Direct link, no redirect hop."
calran.ro,1,0%,,,DIRECT,0%,200:1,1,Does Magnesium Cause Frequent Urination? - Performance Lab,0%,"Direct link, no redirect hop."
mklibrary.com,1,0%,,,DIRECT,0%,200:1,1,this guide,0%,"Direct link, no redirect hop."
tucson.com,1,100%,fitliving.org,go/wl-testolabpro-homepage-general-all,ROUTED_CAMPAIGN,0%,0:1,1,Testo Lab Pro,100%,"All links route through fitliving.org/go/wl-testolabpro-homepage-general-all — a single brand-named campaign path. This is link-management or affiliate infrastructure, and the brief protects it: a redirect is not itself a toxicity signal."
healthsciencesforum.com,1,0%,,,DIRECT,0%,200:1,1,how to be more vascular,0%,"Direct link, no redirect hop."
burn-peak-burnpeak.com,1,0%,,,DIRECT,0%,200:1,1,Caffeine Anhydrous,0%,"Direct link, no redirect hop."
fingerlakes1.com,1,0%,,,DIRECT,0%,200:1,1,Montmorency Tart Cherry,0%,"Direct link, no redirect hop."
time.news,1,0%,,,DIRECT,0%,200:1,1,metabolic slowdown,0%,"Direct link, no redirect hop."
proseolinksdirectory.com,1,0%,,,DIRECT,0%,200:1,1,performancelab,0%,"Direct link, no redirect hop."
bodylifemastery.com,1,0%,,,DIRECT,0%,200:1,1,best exercise for building back thickness,0%,"Direct link, no redirect hop."
golf19academy.jp,1,0%,,,DIRECT,0%,200:1,1,Does Magnesium Cause Frequent Urination? - Performance Lab,0%,"Direct link, no redirect hop."
maxhug.com,1,0%,,,DIRECT,0%,200:1,1,Buy Performance Lab Mind,100%,"Direct link, no redirect hop."
mosbate1.ir,1,0%,,,DIRECT,0%,200:1,1,performancelab,100%,"Direct link, no redirect hop."
thebossmagazine.com,1,0%,,,DIRECT,0%,200:1,1,at Performance Lab,0%,"Direct link, no redirect hop."
labzone.tech,1,0%,,,DIRECT,0%,200:1,1,MCT Oil,0%,"Direct link, no redirect hop."
newsdirects.com,1,0%,,,DIRECT,0%,307:1,1,,0%,"Direct link, no redirect hop."
globalseoarticles.com,1,0%,,,DIRECT,0%,200:1,1,performancelab,0%,"Direct link, no redirect hop."
icyhealth.com,1,0%,,,DIRECT,0%,200:1,1,empty stomach,0%,"Direct link, no redirect hop."
ketaki.co.in,1,0%,,,DIRECT,0%,200:1,1,performancelab.com,100%,"Direct link, no redirect hop."
earthturns.com,1,0%,,,DIRECT,0%,200:1,1,"relaxation, recovery, and overnight repair",0%,"Direct link, no redirect hop."
diwrites.com,1,0%,,,DIRECT,0%,200:1,1,soothing benefits,0%,"Direct link, no redirect hop."
shinesheets.com,1,0%,,,DIRECT,0%,200:1,1,a multivitamin or individual vitamins,0%,"Direct link, no redirect hop."
lemmy.world,1,0%,,,DIRECT,0%,200:1,1,It depends,100%,"Direct link, no redirect hop."
rankdirectorysite.com,1,0%,,,DIRECT,0%,200:1,1,performancelab,0%,"Direct link, no redirect hop."
campus-immobilien.at,1,0%,,,DIRECT,0%,200:1,1,Does Magnesium Cause Frequent Urination? - Performance Lab,0%,"Direct link, no redirect hop."
shubhangi.co.in,1,0%,,,DIRECT,0%,200:1,1,performancelab.com,100%,"Direct link, no redirect hop."
lifemd.com,1,0%,,,DIRECT,0%,200:1,1,sometimes upset an empty stomach,100%,"Direct link, no redirect hop."
zhygg.com,1,0%,,,DIRECT,0%,200:1,1,performancelab.com,100%,"Direct link, no redirect hop."
hacks4wellness.com,1,0%,,,DIRECT,0%,200:1,1,Learn More,0%,"Direct link, no redirect hop."
health4allca.org,1,0%,,,DIRECT,0%,200:1,1,official website,100%,"Direct link, no redirect hop."
arabianbodybuilding.com,1,0%,,,DIRECT,0%,200:1,1,https://www.performancelab.com/blogs/omega-3/how-much-omega-3-per-day-for-bodybuilding,0%,"Direct link, no redirect hop."
hangrypants.com,1,0%,,,DIRECT,0%,200:1,1,magnesium and vitamin C,100%,"Direct link, no redirect hop."
globalseodirectory.com,1,0%,,,DIRECT,0%,200:1,1,performancelab,0%,"Direct link, no redirect hop."
payfew.com,1,0%,,,DIRECT,100%,403:1,1,performancelab.com,0%,"Direct link, no redirect hop."
switchy.io,1,0%,,,DIRECT,0%,200:1,1,https://www.performancelab.com/products/nutrigenesis-multi-men?a_aid=5dc5585e55742&a_bid=a2ad38c1,0%,"Direct link, no redirect hop."
rankvance.website,1,100%,nutropic.com,,ROUTED_OTHER,0%,200:1,1,nutropic.com,0%,Links route through nutropic.com/.
sportsgossip.com,1,0%,,,DIRECT,0%,200:1,1,pre-workout,0%,"Direct link, no redirect hop."
techpark.org,1,0%,,,DIRECT,0%,200:1,1,performancelab.com,100%,"Direct link, no redirect hop."
ziblogs.com,1,0%,,,DIRECT,0%,200:1,1,immune support supplements,0%,"Direct link, no redirect hop."
scienceofproperty.com,1,0%,,,DIRECT,0%,200:1,1,natural melatonin,100%,"Direct link, no redirect hop."
fluther.com,1,0%,,,DIRECT,0%,200:1,1,https://www.performancelab.com/blogs/multi/do-vitamins-have-calories,100%,"Direct link, no redirect hop."
wemadethislife.com,1,0%,,,DIRECT,0%,200:1,1,performancelab.com,0%,"Direct link, no redirect hop."
aadarsh.in,1,0%,,,DIRECT,0%,200:1,1,performancelab.com,100%,"Direct link, no redirect hop."
drsalehian.ir,1,0%,,,DIRECT,0%,200:1,1,PerformanceLab,0%,"Direct link, no redirect hop."
healthnews.com,1,0%,,,DIRECT,0%,302:1,1,,0%,"Direct link, no redirect hop."
the-inkline.com,1,0%,,,DIRECT,0%,200:1,1,nootropic snacks by Performance Lab,0%,"Direct link, no redirect hop."
sportsmedia101.com,1,0%,,,DIRECT,0%,200:1,1,T-boosters,0%,"Direct link, no redirect hop."
allwebsites.net,1,0%,,,DIRECT,0%,200:1,1,performancelab.com,100%,"Direct link, no redirect hop."
backlink.work,1,0%,,,DIRECT,0%,200:1,1,performancelab.com,100%,"Direct link, no redirect hop."
whenregistered.com,1,0%,,,DIRECT,0%,200:1,1,performancelab.com,100%,"Direct link, no redirect hop."
forgeandsmith.com,1,0%,,,DIRECT,0%,200:1,1,Performance Lab,0%,"Direct link, no redirect hop."
webhubsites.com,1,0%,,,DIRECT,0%,200:1,1,performancelab,0%,"Direct link, no redirect hop."
promarketreports.com,1,0%,,,DIRECT,0%,200:1,1,Performance Lab Group Ltd.,0%,"Direct link, no redirect hop."
olympusfitapp.com,1,0%,,,DIRECT,0%,200:1,1,2018-robot-food-logo-packaging-design-performance-lab-supplements,0%,"Direct link, no redirect hop."
lifttilyadie.com,1,0%,,,DIRECT,0%,200:1,1,caffeine,0%,"Direct link, no redirect hop."
darmankade.com,1,0%,,,DIRECT,0%,200:1,1,performancelab,100%,"Direct link, no redirect hop."
wikimili.com,1,0%,,,DIRECT,0%,200:1,1,The Sleep & Performance Benefits of Montmorency Tart Cherry,100%,"Direct link, no redirect hop."
franklamsheung.com,1,0%,,,DIRECT,0%,200:1,1,performancelab.com,0%,"Direct link, no redirect hop."
99w.im,1,0%,,,DIRECT,0%,200:1,1,performancelab,0%,"Direct link, no redirect hop."
yourbestlifeguide.com,1,0%,,,DIRECT,0%,301:1,1,,0%,"Direct link, no redirect hop."
klclick2.com,1,0%,,,DIRECT,0%,302:1,1,,0%,"Direct link, no redirect hop."
patioandpizza.com,1,0%,,,DIRECT,0%,200:1,1,increase fat burning with high thermic foods,0%,"Direct link, no redirect hop."
bearaby.eu,1,0%,,,DIRECT,0%,200:1,1,together,0%,"Direct link, no redirect hop."
kajol.pw,1,0%,,,DIRECT,0%,200:1,1,performancelab.com,100%,"Direct link, no redirect hop."
mantried.com,1,0%,,,DIRECT,0%,200:1,1,Performance Lab,0%,"Direct link, no redirect hop."
exploratoryglory.com,1,0%,,,DIRECT,0%,200:1,1,with the help of energy supplements,0%,"Direct link, no redirect hop."
couriertrackk.com,1,0%,,,DIRECT,0%,200:1,1,Best juice on sale for immune system,0%,"Direct link, no redirect hop."
example3.com,1,0%,,,DIRECT,0%,200:1,1,,100%,"Direct link, no redirect hop."
clicktohigh.com,1,0%,,,DIRECT,0%,200:1,1,performancelab,0%,"Direct link, no redirect hop."
listmydomain.com,1,0%,,,DIRECT,0%,200:1,1,performancelab.com,100%,"Direct link, no redirect hop."
dandyelite.com,1,0%,,,DIRECT,0%,200:1,1,https://www.performancelab.com/blogs/nutrition/l-citrulline-on-an-empty-stomach,0%,"Direct link, no redirect hop."
backlinks.directory,1,0%,,,DIRECT,0%,200:1,1,performancelab.com,100%,"Direct link, no redirect hop."
hansika.co.in,1,0%,,,DIRECT,0%,200:1,1,performancelab.com,100%,"Direct link, no redirect hop."
nexareports.com,1,0%,,,DIRECT,0%,200:1,1,Performance Lab,100%,"Direct link, no redirect hop."
gymbeam.de,1,0%,,,DIRECT,0%,200:1,1,https://www.performancelab.com/blogs/pre/are-creatine-and-caffeine-dangerous-together,100%,"Direct link, no redirect hop."
toneopfit.com,1,0%,,,DIRECT,0%,200:1,1,https://www.performancelab.com/blogs/fitness/exercises-for-back-thickness,0%,"Direct link, no redirect hop."
startitup.sk,1,0%,,,DIRECT,0%,200:1,1,Performance Lab,0%,"Direct link, no redirect hop."
gymbeam.rs,1,0%,,,DIRECT,0%,200:1,1,https://www.performancelab.com/blogs/pre/are-creatine-and-caffeine-dangerous-together,0%,"Direct link, no redirect hop."
toplinksites.com,1,0%,,,DIRECT,0%,200:1,1,performancelab,0%,"Direct link, no redirect hop."
colonmedcare.com,1,0%,,,DIRECT,0%,200:1,1,Vitamin C for IBS: What Effect Does It Have?,0%,"Direct link, no redirect hop."
brandinlabs.com,1,0%,,,DIRECT,0%,200:1,1,www.performancelab.com,100%,"Direct link, no redirect hop."
entiredomains.space,1,0%,,,DIRECT,0%,200:1,1,performancelab.com,100%,"Direct link, no redirect hop."
kamalalajsam.com,1,0%,,,DIRECT,0%,200:1,1,How Much Omega 3 Per Day for Bodybuilding - Here's How Much You Need!,0%,"Direct link, no redirect hop."
mosbatesabz.com,1,0%,,,DIRECT,0%,200:1,1,performance lab,0%,"Direct link, no redirect hop."
agendacover.com,1,0%,,,DIRECT,0%,200:1,1,performancelab.com,0%,"Direct link, no redirect hop."
onlinefestival.in,1,0%,,,DIRECT,0%,200:1,1,performancelab.com,100%,"Direct link, no redirect hop."
myfastingbuddy.com,1,0%,,,DIRECT,0%,0:1,1,50 calories,0%,"Direct link, no redirect hop."
information.net.in,1,0%,,,DIRECT,0%,200:1,1,performancelab.com,100%,"Direct link, no redirect hop."
workuphq.com,1,0%,,,DIRECT,0%,200:1,1,reducing eye inflammation and damage,0%,"Direct link, no redirect hop."
dclabs.com,1,0%,,,DIRECT,0%,200:1,1,Studies,0%,"Direct link, no redirect hop."
dotignite.com,1,0%,,,DIRECT,100%,403:1,1,Best canine store omega 3 supplement,0%,"Direct link, no redirect hop."
hotnews.ro,1,0%,,,DIRECT,0%,200:1,1,studiu,0%,"Direct link, no redirect hop."
cashbackdeals.in,1,0%,,,DIRECT,0%,200:1,1,performancelab.com,100%,"Direct link, no redirect hop."
wazupnaija.com,1,100%,bi.healthnews.com,performancelabenergy,ROUTED_CAMPAIGN,0%,200:1,1,Try Performance Lab now,100%,"All links route through bi.healthnews.com/performancelabenergy — a single brand-named campaign path. This is link-management or affiliate infrastructure, and the brief protects it: a redirect is not itself a toxicity signal."
symbiosfy.com,1,0%,,,DIRECT,0%,200:1,1,https://www.performancelab.com/blogs/prebiotic/inulin-vs-psyllium-which-is-better-for-gut-health,0%,"Direct link, no redirect hop."
packersandmoversdirectory.com,1,0%,,,DIRECT,0%,200:1,1,performancelab.com,100%,"Direct link, no redirect hop."
express.co.uk,1,0%,,,DIRECT,0%,200:1,1,Performance Lab,100%,"Direct link, no redirect hop."
neptunedirectory.com,1,0%,,,DIRECT,0%,200:1,1,https://www.performancelab.com/?a_aid=68990cbe508aa&a_bid=a2ad38c1,0%,"Direct link, no redirect hop."
houseofcoco.net,1,0%,,,DIRECT,0%,200:1,1,women’s pre-workout,0%,"Direct link, no redirect hop."
familydaysout.com,1,0%,,,DIRECT,0%,200:1,1,magnesium's linked with deeper sleep,0%,"Direct link, no redirect hop."
adderalladdictionsupport.com,1,100%,braceypharmacy.com,performance-lab-mind-formula,ROUTED_CAMPAIGN,0%,0:1,1,Performance Lab Mind,100%,"All links route through braceypharmacy.com/performance-lab-mind-formula — a single brand-named campaign path. This is link-management or affiliate infrastructure, and the brief protects it: a redirect is not itself a toxicity signal."
thesun.ie,1,100%,nutropic.com,,ROUTED_OTHER,0%,200:1,1,nutropic.com,0%,Links route through nutropic.com/.
directoryhere.com,1,0%,,,DIRECT,0%,200:1,1,https://www.performancelab.com/?a_aid=68990cbe508aa&a_bid=a2ad38c1,0%,"Direct link, no redirect hop."
geekmamas.com,1,0%,,,DIRECT,0%,200:1,1,Performance Lab,0%,"Direct link, no redirect hop."
davidsguide.com,1,0%,,,DIRECT,0%,200:1,1,Magnesium and melatonin,0%,"Direct link, no redirect hop."
weltkennenlerner.de,1,0%,,,DIRECT,0%,200:1,1,Ein Teelöffel hochwertiges Kurkumapulver und eine Prise schwarzer Pfeffer,0%,"Direct link, no redirect hop."
trainingreferral.com,1,0%,,,DIRECT,0%,200:1,1,Performance Lab,100%,"Direct link, no redirect hop."
cool18.cc,1,0%,,,DIRECT,100%,404:1,1,performancelab.com,0%,"Direct link, no redirect hop."
lehrer-ai.de,1,0%,,,DIRECT,0%,200:1,1,Curcuminoide besitzen starke entzündungshemmende Eigenschaften,0%,"Direct link, no redirect hop."
mo-nw.de,1,0%,,,DIRECT,0%,200:1,1,Höhere Bakterienvielfalt unterstützt komplexere Darmökosysteme,0%,"Direct link, no redirect hop."
upcyclethat.com,1,0%,,,DIRECT,0%,200:1,1,Performance Lab,0%,"Direct link, no redirect hop."
publicdirectory.in,1,0%,,,DIRECT,0%,200:1,1,performancelab.com,100%,"Direct link, no redirect hop."
kit-mail6.com,1,0%,,,DIRECT,0%,302:1,1,,0%,"Direct link, no redirect hop."
beyondfitnessclub.com,1,0%,,,DIRECT,0%,200:1,1,Simon D. Kehoe’s 1872 patent,100%,"Direct link, no redirect hop."
theidirectory.com,1,0%,,,DIRECT,0%,200:1,1,https://www.performancelab.com/?a_aid=68990cbe508aa&a_bid=a2ad38c1,0%,"Direct link, no redirect hop."
atomizelink.icu,1,100%,nutropic.com,,ROUTED_OTHER,0%,200:1,1,nutropic.com,100%,Links route through nutropic.com/.
gilaoasisnutrition.com,1,0%,,,DIRECT,0%,200:1,1,amplifies the absorption,0%,"Direct link, no redirect hop."
europe.pub,1,0%,,,DIRECT,0%,200:1,1,It depends,0%,"Direct link, no redirect hop."
pratibha.pw,1,0%,,,DIRECT,0%,200:1,1,performancelab.com,100%,"Direct link, no redirect hop."
dontpayfull.com,1,0%,,,DIRECT,0%,200:1,1,performancelab.com,100%,"Direct link, no redirect hop."
fitorbit.com,1,0%,,,DIRECT,0%,200:1,1,Best Multivitamin for Men 2023,0%,"Direct link, no redirect hop."
smartreach.io,1,0%,,,DIRECT,0%,200:1,1,clean-label supplement brand,0%,"Direct link, no redirect hop."
wetrainsmarter.com,1,100%,click.kit-mail6.com,lmuqm2m788umhnren23i6h8kvqv00ighorx3/m2h7h5h3mr6ox3sm/ahr0chm6ly93d3cucgvyzm9ybwfuy2vsywiuy29tl2jsb2dzl2zpdg5lc3mvbglmdgluzy1vbi1hbi1lbxb0es1zdg9tywnop3nyc2x0awq9qwztqk9vb3z6a2pht2hsrdlxnvhxu0phaktoog5fugvbbgp2my02sgjxt3dxv2ziovpzmznjogm=,ROUTED_OTHER,0%,200:1,1,Lower Energy,0%,Links route through click.kit-mail6.com/lmuqm2m788umhnren23i6h8kvqv00ighorx3/m2h7h5h3mr6ox3sm/ahr0chm6ly93d3cucgvyzm9ybwfuy2vsywiuy29tl2jsb2dzl2zpdg5lc3mvbglmdgluzy1vbi1hbi1lbxb0es1zdg9tywnop3nyc2x0awq9qwztqk9vb3z6a2pht2hsrdlxnvhxu0phaktoog5fugvbbgp2my02sgjxt3dxv2ziovpzmznjogm=.
thehealthyprimate.org,1,0%,,,DIRECT,0%,200:1,1,side-effects of lemon balm,0%,"Direct link, no redirect hop."
musclezeus.com,1,0%,,,DIRECT,0%,200:1,1,Should you Take BCAA on Off Days?,0%,"Direct link, no redirect hop."
badanfit.ir,1,0%,,,DIRECT,0%,0:1,1,Performance Lab: Can You Take Creatine With Caffeine? (July 2025),100%,"Direct link, no redirect hop."
elliematthew30.weebly.com,1,0%,,,DIRECT,0%,200:1,1,Performance Lab Energy®,100%,"Direct link, no redirect hop."
superproteinshaker.com,1,0%,,,DIRECT,0%,200:1,1,Making the Right Choice: Magnesium Bisglycinate vs Magnesium Glycinate | Performance Lab,0%,"Direct link, no redirect hop."
sdf.org,1,0%,,,DIRECT,0%,200:1,1,It depends,0%,"Direct link, no redirect hop."
choicescout.net,1,0%,,,DIRECT,0%,200:1,1,Buy Pre Lab Pro Direct,0%,"Direct link, no redirect hop."
greenteaburn.blogspot.com,1,0%,,,DIRECT,0%,200:1,1,L-theanine,0%,"Direct link, no redirect hop."
greennature.au,1,0%,,,DIRECT,0%,200:1,1,Performance Lab®,0%,"Direct link, no redirect hop."
luckyupdate.com,1,0%,,,DIRECT,0%,200:1,1,Lemon Balm and Anxiety: A Natural Solution to Everyday Stress?,0%,"Direct link, no redirect hop."
mayflower-akk.de,1,0%,,,DIRECT,0%,200:1,1,Walnüsse enthalten Omega-3-Fettsäuren,0%,"Direct link, no redirect hop."
gingersnapflorals.com,1,0%,,,DIRECT,0%,200:1,1,preventing plateauing,0%,"Direct link, no redirect hop."
nutriscan.app,1,0%,,,DIRECT,0%,200:1,1,Performance Lab Sleep Research,0%,"Direct link, no redirect hop."
msimasters.com,1,0%,,,DIRECT,0%,200:1,1,TG @LINKS_DEALER | EFFECTIVE SEO LINKS FOR WWW.PERFORMANCELAB.COM,100%,"Direct link, no redirect hop."
mantelligence.com,1,0%,,,DIRECT,0%,200:1,1,pre-workout with less caffeine,0%,"Direct link, no redirect hop."
moneysavingexpert.com,1,100%,performancelabs.com,wb/0003gm5,ROUTED_OTHER,0%,200:1,1,I want stinky breath,100%,Links route through performancelabs.com/wb/0003gm5.
therebelchick.com,1,0%,,,DIRECT,0%,200:1,1,magnesium and melatonin,100%,"Direct link, no redirect hop."
angrylionfitness.com,1,0%,,,DIRECT,0%,200:1,1,Performance Lab,0%,"Direct link, no redirect hop."
gynoblog.com,1,0%,,,DIRECT,0%,200:1,1,more info,0%,"Direct link, no redirect hop."
julia.mx,1,0%,,,DIRECT,100%,404:1,1,Vitamin D and Iron: Safe to Take Together? | Performance Lab®,0%,"Direct link, no redirect hop."
redditfavorites.com,1,0%,,,DIRECT,0%,200:1,1,https://www.performancelab.com/products/mind,100%,"Direct link, no redirect hop."
sitescooponline.com,1,100%,nutropic.com,,ROUTED_OTHER,0%,200:1,1,nutropic.com,0%,Links route through nutropic.com/.
inruddhealth.ghost.io,1,0%,,,DIRECT,0%,200:1,1,Check Out The Website,0%,"Direct link, no redirect hop."
domainfo.net,1,0%,,,DIRECT,100%,403:1,1,PerformanceLab,100%,"Direct link, no redirect hop."
praxisdrmedpschierer-vilsbiburg.de,1,0%,,,DIRECT,0%,200:1,1,Montmorency-Sauerkirschen haben mehr Melatonin,0%,"Direct link, no redirect hop."
parkmagazineny.com,1,0%,,,DIRECT,0%,200:1,1,creatine nitrate vs creatine monohydrate,0%,"Direct link, no redirect hop."
bodytypen.de,1,0%,,,DIRECT,0%,200:1,1,,0%,"Direct link, no redirect hop."
luxehub.com,1,0%,,,DIRECT,0%,200:1,1,TG @LINKS_DEALER | EFFECTIVE SEO LINKS FOR WWW.PERFORMANCELAB.COM,100%,"Direct link, no redirect hop."
netcurtains.org,1,0%,,,DIRECT,0%,200:1,1,work together for better sleep,0%,"Direct link, no redirect hop."
lenso.ai,1,0%,,,DIRECT,0%,200:1,1,premium nutritional supplements,0%,"Direct link, no redirect hop."
backlinks.sbs,1,0%,,,DIRECT,0%,200:1,1,performancelab.com,100%,"Direct link, no redirect hop."
traveltweaks.com,1,0%,,,DIRECT,0%,200:1,1,Performance Lab guide,0%,"Direct link, no redirect hop."
handwiki.org,1,0%,,,DIRECT,0%,200:1,1,The Sleep & Performance Benefits of Montmorency Tart Cherry,100%,"Direct link, no redirect hop."
toyroomrome.it,1,0%,,,DIRECT,0%,0:1,1,"al cervello, che consuma circa il 20% dell’energia totale del corpo",0%,"Direct link, no redirect hop."
generalknowledge.net.in,1,0%,,,DIRECT,0%,200:1,1,performancelab.com,100%,"Direct link, no redirect hop."
genuinewebdirectory.com,1,0%,,,DIRECT,0%,200:1,1,performancelab.com,100%,"Direct link, no redirect hop."
workoutwire.com.au,1,0%,,,DIRECT,0%,200:1,1,informative post,0%,"Direct link, no redirect hop."
anywherenurse.com,1,0%,,,DIRECT,0%,302:1,1,,0%,"Direct link, no redirect hop."
market.us,1,0%,,,DIRECT,0%,200:1,1,Performance Lab,100%,"Direct link, no redirect hop."
capsulink.com,1,0%,,,DIRECT,0%,200:1,1,The Performance Lab,0%,"Direct link, no redirect hop."
thehealthdigest.news,1,0%,,,DIRECT,0%,200:1,1,Performance Lab MCT,100%,"Direct link, no redirect hop."
en-en-prozenith.us,1,0%,,,DIRECT,0%,200:1,1,Black Pepper Extract,0%,"Direct link, no redirect hop."
sprattonfestival.com,1,0%,,,DIRECT,0%,200:1,1,https://performancelab.com,0%,"Direct link, no redirect hop."
vpanprint.com,1,0%,,,DIRECT,100%,404:1,1,,0%,"Direct link, no redirect hop."
cloakist.site,1,0%,,,DIRECT,0%,200:1,1,Performance Lab® Ultramodern Nutrition. Upgrade Yourself.,0%,"Direct link, no redirect hop."
womenonbusiness.com,1,0%,,,DIRECT,0%,200:1,1,when to take prebiotics,0%,"Direct link, no redirect hop."
besafe.in,1,0%,,,DIRECT,0%,200:1,1,performancelab.com,100%,"Direct link, no redirect hop."
marketdatapoint.com,1,0%,,,DIRECT,0%,200:1,1,Performance Lab,100%,"Direct link, no redirect hop."
blogspothub.com,1,0%,,,DIRECT,0%,200:1,1,read more,0%,"Direct link, no redirect hop."
enricodonner.com,1,0%,,,DIRECT,0%,0:1,1,Performance Lab® Ultramodern Nutrition. Upgrade Yourself.,0%,"Direct link, no redirect hop."
topbilliondirectory.com,1,0%,,,DIRECT,0%,200:1,1,performancelab,0%,"Direct link, no redirect hop."
dadblog.co.uk,1,0%,,,DIRECT,0%,200:1,1,at performancelab.com,0%,"Direct link, no redirect hop."
keytolife.net.au,1,0%,,,DIRECT,0%,200:1,1,Nutrient Timing for Athletes: When to Eat What | Performance Lab®,0%,"Direct link, no redirect hop."
getholistichealth.com,1,0%,,,DIRECT,0%,200:1,1,multi-vitamins.,0%,"Direct link, no redirect hop."
millionwomensvoices.com,1,0%,,,DIRECT,0%,200:1,1,https://performancelab.com,0%,"Direct link, no redirect hop."
upgrd.com,1,0%,,,DIRECT,0%,200:1,1,Performance Lab® Ultramodern Nutrition. Upgrade Yourself.,0%,"Direct link, no redirect hop."
lotsofpower.net,1,0%,,,DIRECT,0%,200:1,1,boost athletic performance,0%,"Direct link, no redirect hop."
lockitz.com,1,0%,,,DIRECT,0%,200:1,1,7 Effective Strategies for Winter Wellness in 2026,0%,"Direct link, no redirect hop."
militarywifejob.com,1,0%,,,DIRECT,0%,307:1,1,,0%,"Direct link, no redirect hop."
wellbeingmagazine.com,1,0%,,,DIRECT,0%,200:1,1,premium supplements for energy and focus,0%,"Direct link, no redirect hop."
thaicoffeeshop.com,1,0%,,,DIRECT,0%,200:1,1,Source link,100%,"Direct link, no redirect hop."
parentingvista.com,1,0%,,,DIRECT,0%,200:1,1,https://performancelab.com,0%,"Direct link, no redirect hop."
maryberryrecipes.co.uk,1,0%,,,DIRECT,0%,200:1,1,juicing recipes for gut health,0%,"Direct link, no redirect hop."
s3da-design.com,1,0%,,,DIRECT,0%,200:1,1,performancelab.com,0%,"Direct link, no redirect hop."
parkinsonsexercise.com,1,0%,,,DIRECT,0%,301:1,1,,0%,"Direct link, no redirect hop."
brainsupplementsresearch.com,1,0%,,,DIRECT,0%,302:1,1,,0%,"Direct link, no redirect hop."
cureenergise.com,1,100%,breakingmuscle.com,go/performance-lab-nutrigenesis-multi-for-men,ROUTED_CAMPAIGN,0%,200:1,1,Performance Lab NutriGenesis Multi for Men Performance Lab NutriGenesis Multi for Men,100%,"All links route through breakingmuscle.com/go/performance-lab-nutrigenesis-multi-for-men — a single brand-named campaign path. This is link-management or affiliate infrastructure, and the brief protects it: a redirect is not itself a toxicity signal."
summary.co.in,1,0%,,,DIRECT,0%,200:1,1,performancelab.com,100%,"Direct link, no redirect hop."
alpana.co.in,1,0%,,,DIRECT,0%,200:1,1,performancelab.com,100%,"Direct link, no redirect hop."
pinktownusa.com,1,0%,,,DIRECT,0%,200:1,1,Performance Lab,0%,"Direct link, no redirect hop."
bioglobal.ro,1,0%,,,DIRECT,0%,200:1,1,studiilor,0%,"Direct link, no redirect hop."
vively.co.uk,1,0%,,,DIRECT,0%,200:1,1,research,0%,"Direct link, no redirect hop."
ashleyknowsrealestate.com,1,0%,,,DIRECT,0%,200:1,1,Performance Lab® Ultramodern Nutrition. Upgrade Yourself.,0%,"Direct link, no redirect hop."
progresnet.com.pl,1,0%,,,DIRECT,0%,200:1,1,Taking Fat Burners On An Empty Stomach: Good or Bad?,0%,"Direct link, no redirect hop."
attractmorematches.com,1,0%,,,DIRECT,0%,200:1,1,take immunity supplements,0%,"Direct link, no redirect hop."
buenaparte.de,1,0%,,,DIRECT,0%,200:1,1,Tryptophan ist Vorstufe für Serotonin,0%,"Direct link, no redirect hop."
ivanasetiawan.com,1,0%,,,DIRECT,0%,200:1,1,Performancelab,0%,"Direct link, no redirect hop."
advertiseyourdomain.com,1,0%,,,DIRECT,0%,200:1,1,performancelab.com,100%,"Direct link, no redirect hop."
1and1life.com,1,0%,,,DIRECT,0%,200:1,1,magnesium bisglycinate,0%,"Direct link, no redirect hop."
reporteev.com,1,0%,,,DIRECT,0%,200:1,1,https://performancelab.com/,0%,"Direct link, no redirect hop."
shinkosansho.co.jp,1,0%,,,DIRECT,0%,200:1,1,Taking Fat Burners On An Empty Stomach: Good or Bad?,0%,"Direct link, no redirect hop."
marje3ak.com,1,0%,,,DIRECT,0%,200:1,1,2,0%,"Direct link, no redirect hop."
lifehackerguy.com,1,0%,,,DIRECT,0%,307:1,1,,0%,"Direct link, no redirect hop."
sitesnewses.com,1,0%,,,DIRECT,0%,200:1,1,performancelab,0%,"Direct link, no redirect hop."
academia.edu.gt,1,0%,,,DIRECT,0%,200:1,1,"@SEO_CARTEL IN TELEGRAM – SEO BACKLINKS, BULK LINK POSTING, BOOST SEO RANKING",100%,"Direct link, no redirect hop."
bjjee.com,1,0%,,,DIRECT,0%,200:1,1,juices for stronger immunity,0%,"Direct link, no redirect hop."
kyowa-usa.com,1,0%,,,DIRECT,0%,200:1,1,PerformanceLab.com.,0%,"Direct link, no redirect hop."
50plus-today.com,1,0%,,,DIRECT,0%,200:1,1,joint health supplements,0%,"Direct link, no redirect hop."
nextlevelsn.com,1,0%,,,DIRECT,0%,200:1,1,PerformanceLab,0%,"Direct link, no redirect hop."
watchcosmosis.com,1,0%,,,DIRECT,0%,200:1,1,Performance Lab® Ultramodern Nutrition. Upgrade Yourself.,0%,"Direct link, no redirect hop."
thebraggingmommy.com,1,0%,,,DIRECT,0%,200:1,1,browse vitamins for women,0%,"Direct link, no redirect hop."
riosalado.edu,1,0%,,,DIRECT,0%,200:1,1,poorly absorbed,0%,"Direct link, no redirect hop."
womendailymagazine.com,1,0%,,,DIRECT,0%,200:1,1,Performance Lab Whole-Food Multi for Women,0%,"Direct link, no redirect hop."
newfilms.in,1,0%,,,DIRECT,0%,200:1,1,performancelab.com,100%,"Direct link, no redirect hop."
w3bdirectory.com,1,0%,,,DIRECT,0%,200:1,1,performancelab.com,100%,"Direct link, no redirect hop."
directorycell.com,1,0%,,,DIRECT,0%,200:1,1,performancelab,0%,"Direct link, no redirect hop."
seniorliving.com,1,0%,,,DIRECT,0%,200:1,1,best supplements for your joints,0%,"Direct link, no redirect hop."
mindbrainbodylab.com,1,0%,,,DIRECT,0%,200:1,1,Performance Lab Sleep,0%,"Direct link, no redirect hop."
totallynotvegan.com,1,0%,,,DIRECT,0%,200:1,1,Learn more at PerformanceLab.com about Magnesium and Vitamin B12 absorption.,100%,"Direct link, no redirect hop."
chin-thai-restaurant-brackenheim.de,1,0%,,,DIRECT,0%,200:1,1,Das Gehirn verbraucht etwa zwanzig Prozent des täglichen Energiebedarfs,0%,"Direct link, no redirect hop."
wayseolinks.com,1,0%,,,DIRECT,0%,200:1,1,performancelab,0%,"Direct link, no redirect hop."
betternutritionnews.com,1,0%,,,DIRECT,0%,200:1,1,Performance Lab Prebiotics,100%,"Direct link, no redirect hop."
sixpillars.substack.com,1,0%,,,DIRECT,0%,200:1,1,Performance Lab’s Nutrigenesis Multi,0%,"Direct link, no redirect hop."
pharmily.co.ke,1,0%,,,DIRECT,0%,200:1,1,vitamin C,0%,"Direct link, no redirect hop."
idealmagazine.co.uk,1,0%,,,DIRECT,0%,200:1,1,lemon balm side effects,0%,"Direct link, no redirect hop."
marathontrainingacademy.com,1,0%,,,DIRECT,0%,200:1,1,supplements to strengthen joints,0%,"Direct link, no redirect hop."
hometownstation.com,1,0%,,,DIRECT,0%,200:1,1,choosing the best joint supplements,0%,"Direct link, no redirect hop."
onemanarmy.in,1,0%,,,DIRECT,0%,200:1,1,performancelab.com,100%,"Direct link, no redirect hop."
tendyscribble.com,1,0%,,,DIRECT,0%,200:1,1,enhancing GABA activity,0%,"Direct link, no redirect hop."
worldwideranks.com,1,0%,,,DIRECT,0%,200:1,1,performancelab,0%,"Direct link, no redirect hop."
thefoodhealth.com,1,0%,,,DIRECT,0%,200:1,1,Performance Lab,0%,"Direct link, no redirect hop."
4levels.ro,1,0%,,,DIRECT,0%,200:1,1,Taking Fat Burners On An Empty Stomach: Good or Bad?,0%,"Direct link, no redirect hop."
gentwenty.com,1,0%,,,DIRECT,0%,200:1,1,magnesium and melatonin interaction,0%,"Direct link, no redirect hop."
influencermarketinghub.com,1,0%,,,DIRECT,0%,200:1,1,Performance Lab,100%,"Direct link, no redirect hop."
jcb.com.my,1,0%,,,DIRECT,0%,200:1,1,Taking Fat Burners On An Empty Stomach: Good or Bad?,0%,"Direct link, no redirect hop."
toplinksdirectory.com,1,0%,,,DIRECT,0%,200:1,1,performancelab,0%,"Direct link, no redirect hop."
eternellehealth.com,1,0%,,,DIRECT,0%,200:1,1,Performance Lab,0%,"Direct link, no redirect hop."
seniortriathletes.com,1,0%,,,DIRECT,0%,200:1,1,Foods High in Omega 3 (that are not fish),0%,"Direct link, no redirect hop."
us-en--prozenith.com,1,0%,,,DIRECT,0%,200:1,1,Black Pepper Extract,0%,"Direct link, no redirect hop."
controldetierra.com,1,0%,,,DIRECT,0%,200:1,1,Taking Fat Burners On An Empty Stomach: Good or Bad?,0%,"Direct link, no redirect hop."
한국사이버신학대학교.kr,1,0%,,,DIRECT,0%,200:1,1,TG @LINKS_DEALER | EFFECTIVE SEO LINKS FOR WWW.PERFORMANCELAB.COM,100%,"Direct link, no redirect hop."
mxpoe.ai,1,0%,,,DIRECT,0%,200:1,1,Does Having Flu Make You Gain Weight? - Performance Lab®,0%,"Direct link, no redirect hop."
trendencias.com,1,0%,,,DIRECT,0%,200:1,1,combina tensión mecánica,0%,"Direct link, no redirect hop."
sushila.co.in,1,0%,,,DIRECT,0%,200:1,1,performancelab.com,100%,"Direct link, no redirect hop."
kimawellness.com,1,0%,,,DIRECT,0%,200:1,1,Performance Lab’s official website,100%,"Direct link, no redirect hop."
general-health-spectrum.com,1,0%,,,DIRECT,0%,200:1,1,Performance Lab (from £19),0%,"Direct link, no redirect hop."
linkanews.com,1,0%,,,DIRECT,0%,200:1,1,performancelab,0%,"Direct link, no redirect hop."
seoarticletime.com,1,0%,,,DIRECT,0%,200:1,1,performancelab,0%,"Direct link, no redirect hop."
shipthedeal.com,1,0%,,,DIRECT,0%,200:1,1,Go To Performance Lab,100%,"Direct link, no redirect hop."
mnsjournal.com,1,0%,,,DIRECT,0%,301:1,1,,0%,"Direct link, no redirect hop."
businesnewswire.com,1,0%,,,DIRECT,0%,200:1,1,this resource on effective pre-workouts made for women,0%,"Direct link, no redirect hop."
keshpakcxz.blogspot.com,1,0%,,,DIRECT,0%,200:1,1,performancelab.com,100%,"Direct link, no redirect hop."
bestaifitnessapp.com,1,0%,,,DIRECT,0%,200:1,1,The rear delt fly,0%,"Direct link, no redirect hop."
todo-mail.com,1,0%,,,DIRECT,0%,200:1,1,Performance Lab,0%,"Direct link, no redirect hop."
toddleabout.co.uk,1,0%,,,DIRECT,0%,200:1,1,take supplements to support immunity,0%,"Direct link, no redirect hop."
bowlofgoodness.co.uk,1,0%,,,DIRECT,0%,200:1,1,uk.performancelab.com/products/d3k2?variant=41211294154803,0%,"Direct link, no redirect hop."
dowjones.io,1,100%,nutropic.com,,ROUTED_OTHER,0%,200:1,1,nutropic.com,0%,Links route through nutropic.com/.
justbecauseyolo.com,1,0%,,,DIRECT,0%,200:1,1,Jitter Paradox,0%,"Direct link, no redirect hop."
restoregutbalance.com,1,0%,,,DIRECT,0%,301:1,1,Try Performance Lab Prebiotic,100%,"Direct link, no redirect hop."
ranksarticle.com,1,0%,,,DIRECT,0%,200:1,1,performancelab,0%,"Direct link, no redirect hop."
tomsguide.com,1,0%,,,DIRECT,0%,200:1,1,also being studied,0%,"Direct link, no redirect hop."
bungeefitnessnearme.com,1,0%,,,DIRECT,0%,200:1,1,Performance Lab,0%,"Direct link, no redirect hop."
viking.nu,1,0%,,,DIRECT,0%,200:1,1,Tart Cherry Juice vs Capsules: Which Is Better ...,0%,"Direct link, no redirect hop."
brainybay.com,1,0%,,,DIRECT,0%,200:1,1,pre-workout supplement,0%,"Direct link, no redirect hop."
rointansupplement.ir,1,0%,,,DIRECT,0%,200:1,1,43dcd9a7-70db-4a1f-b0ae-981daa162054,0%,"Direct link, no redirect hop."
steven-kuhn.com,1,0%,,,DIRECT,0%,200:1,1,Performance Lab Affiliate Program,0%,"Direct link, no redirect hop."
thearticletime.com,1,0%,,,DIRECT,0%,200:1,1,performancelab,0%,"Direct link, no redirect hop."
wellstarthealth.com,1,0%,,,DIRECT,0%,302:1,1,,0%,"Direct link, no redirect hop."
hakkernieuws.vercel.app,1,0%,,,DIRECT,0%,200:1,1,https://www.performancelab.com/blogs/nutrition/carbohydrate-...,100%,"Direct link, no redirect hop."
farmana.co,1,0%,,,DIRECT,0%,200:1,1,7 Pre-Workout Ingredients to Avoid,0%,"Direct link, no redirect hop."
uswebdirectory.com,1,0%,,,DIRECT,0%,200:1,1,performancelab.com,100%,"Direct link, no redirect hop."
domains.foundation,1,0%,,,DIRECT,0%,200:1,1,performancelab.com,100%,"Direct link, no redirect hop."
terristeffes.com,1,0%,,,DIRECT,0%,200:1,1,from Performance Lab,0%,"Direct link, no redirect hop."
sawd.org,1,0%,,,DIRECT,0%,200:1,1,www.performancelab.com,0%,"Direct link, no redirect hop."
lreeswcqcxz.blogspot.com,1,100%,testolabpro.com,,ROUTED_BRAND_OWNED,0%,200:1,1,testolabpro.com,100%,"Links route through testolabpro.com, which is in the client's own brand estate (BRAND_OWNED). This is first-party link management, not a third-party redirect layer."
sportsmedicineweekly.com,1,0%,,,DIRECT,0%,200:1,1,Multivitamin options for men,0%,"Direct link, no redirect hop."
upscalelivingmag.com,1,0%,,,DIRECT,0%,200:1,1,effective multivitamins for men,0%,"Direct link, no redirect hop."
phalanx-supplements.com,1,0%,,,DIRECT,0%,200:1,1,https://www.performancelab.com/blogs/omega-3/how-much-omega-3-per-day-for-bodybuilding,0%,"Direct link, no redirect hop."
webseodirectory.com,1,0%,,,DIRECT,0%,200:1,1,performancelab,0%,"Direct link, no redirect hop."
labieredalsace.fr,1,0%,,,DIRECT,0%,200:1,1,Beef Protein Vs Whey: Which is Better? - Performance Lab,0%,"Direct link, no redirect hop."
reviewmx.com,1,0%,,,DIRECT,0%,200:1,1,https://www.performancelab.com/blogs/joint-support/boswellia-and-turmeric,100%,"Direct link, no redirect hop."
lgbtqandall.com,1,0%,,,DIRECT,0%,200:1,1,list of omega 3 supplements,0%,"Direct link, no redirect hop."
homeandfitnessnews.com,1,0%,,,DIRECT,0%,200:1,1,Performance Lab,0%,"Direct link, no redirect hop."
nerdymamma.com,1,0%,,,DIRECT,0%,200:1,1,Performance Lab,0%,"Direct link, no redirect hop."
bestdarnvegan.com,1,0%,,,DIRECT,0%,200:1,1,Performance Lab NutriGenesis Multivitamin,0%,"Direct link, no redirect hop."
taksu.tech,1,0%,,,DIRECT,0%,200:1,1,0takj,0%,"Direct link, no redirect hop."
dragokreatif.com,1,0%,,,DIRECT,0%,200:1,1,johw2,0%,"Direct link, no redirect hop."
wealthysinglemommy.com,1,0%,,,DIRECT,0%,200:1,1,creatine nitrate compared to monohydrate,0%,"Direct link, no redirect hop."
techmatesofttech.com,1,0%,,,DIRECT,100%,503:1,1,kpesx,0%,"Direct link, no redirect hop."
sustainhealth.fit,1,0%,,,DIRECT,0%,200:1,1,list of men’s multivitamins,0%,"Direct link, no redirect hop."
mökki-myynnissä.fi,1,0%,,,DIRECT,0%,200:1,1,nb8r,0%,"Direct link, no redirect hop."
corporateoffers.com.vn,1,0%,,,DIRECT,0%,200:1,1,l6sx,0%,"Direct link, no redirect hop."
sitebook.org,1,100%,performancelabs.com,,ROUTED_OTHER,0%,200:1,1,performancelabs.com/,100%,Links route through performancelabs.com/.
bainbridgereview.com,1,100%,supplementman.com,performance-lab-sleep,ROUTED_CAMPAIGN,100%,404:1,1,Performance Lab Sleep,100%,"All links route through supplementman.com/performance-lab-sleep — a single brand-named campaign path. This is link-management or affiliate infrastructure, and the brief protects it: a redirect is not itself a toxicity signal."
yppgiibandung.org,1,0%,,,DIRECT,0%,200:1,1,4kmf,0%,"Direct link, no redirect hop."
nologostudio.ru,1,0%,,,DIRECT,0%,200:1,1,wlces,0%,"Direct link, no redirect hop."
nlcongo.com,1,0%,,,DIRECT,0%,200:1,1,cw3pt0,0%,"Direct link, no redirect hop."
refinenutrition.org,1,0%,,,DIRECT,0%,200:1,1,Performance Lab,100%,"Direct link, no redirect hop."
moscowtimes.top,1,0%,,,DIRECT,0%,200:1,1,👉🏼 acc6.top 👈🏼 получить Lovoo учетную запись,0%,"Direct link, no redirect hop."
menswearstyle.co.uk,1,0%,,,DIRECT,0%,200:1,1,read about men's multivitamins,0%,"Direct link, no redirect hop."
highlatitudestyle.com,1,0%,,,DIRECT,0%,0:1,1,side-effects of lemon balm,0%,"Direct link, no redirect hop."
hmr27.fr,1,0%,,,DIRECT,0%,200:1,1,Taking Fat Burners On An Empty Stomach: Good or Bad?,0%,"Direct link, no redirect hop."
walshskitchen.com,1,0%,,,DIRECT,0%,200:1,1,jvic,0%,"Direct link, no redirect hop."
advertisingweek.com,1,0%,,,DIRECT,0%,200:1,1,Performance Lab,0%,"Direct link, no redirect hop."
notsalmon.com,1,0%,,,DIRECT,0%,200:1,1,shop men’s multivitamins,0%,"Direct link, no redirect hop."
kejikeji.com,1,0%,,,DIRECT,0%,200:1,1,hvbnc,0%,"Direct link, no redirect hop."
iris.coach,1,0%,,,DIRECT,0%,200:1,1,plmfsb,0%,"Direct link, no redirect hop."
sibtel55.ru,1,0%,,,DIRECT,100%,404:1,1,6svtb,0%,"Direct link, no redirect hop."
adlerakademie.de,1,0%,,,DIRECT,0%,200:1,1,df2ly,0%,"Direct link, no redirect hop."
blueinblue.com,1,100%,nutropic.com,,ROUTED_OTHER,0%,200:1,1,nutropic.com,100%,Links route through nutropic.com/.
greatbigvalue.com,1,0%,,,DIRECT,100%,500:1,1,opuwo,0%,"Direct link, no redirect hop."
fitnessreport.ca,1,0%,,,DIRECT,0%,200:1,1,https://www.performancelab.com/blogs/nutrition/how-long-does-it-take-for-creatine-to-kick-in,0%,"Direct link, no redirect hop."
influencedigest.com,1,0%,,,DIRECT,0%,200:1,1,top joint supplements,0%,"Direct link, no redirect hop."
innive.com,1,0%,,,DIRECT,0%,200:1,1,performancelab.com,100%,"Direct link, no redirect hop."
meltingforest.com,1,0%,,,DIRECT,0%,200:1,1,benefits,0%,"Direct link, no redirect hop."
feelhealthytoday.com,1,0%,,,DIRECT,0%,200:1,1,https://www.performancelab.com/blogs/prebiotic/health-trends-forget-the-fads-focus-on-gut-health,100%,"Direct link, no redirect hop."
virtualsdirectory.com,1,0%,,,DIRECT,0%,200:1,1,performancelab,0%,"Direct link, no redirect hop."
remedyspot.com,1,100%,performancelabs.com,products/vitalert_page/compare2.html,ROUTED_OTHER,0%,200:1,1,http://www.performancelabs.com/Products/Vitalert_Page/compare2.html,100%,Links route through performancelabs.com/products/vitalert_page/compare2.html.
hhmglobal.com,1,0%,,,DIRECT,0%,200:1,1,benefits of taking omega-3 supplements,0%,"Direct link, no redirect hop."
greennature.com.au,1,0%,,,DIRECT,0%,200:1,1,Performance Lab®,0%,"Direct link, no redirect hop."
tailoredhealth.ai,1,0%,,,DIRECT,0%,200:1,1,Performance Lab,0%,"Direct link, no redirect hop."
thestay-at-home-momsurvivalguide.com,1,0%,,,DIRECT,0%,200:1,1,Performance Lab,0%,"Direct link, no redirect hop."
webrankindia.com,1,100%,dtcx.com,,ROUTED_OTHER,0%,200:1,1,dtcx.com,0%,Links route through dtcx.com/.
seohubdirectory.com,1,0%,,,DIRECT,0%,200:1,1,performancelab,0%,"Direct link, no redirect hop."
officialwebsites.in,1,0%,,,DIRECT,0%,200:1,1,performancelab.com,100%,"Direct link, no redirect hop."
cafesmyway.com,1,0%,,,DIRECT,0%,200:1,1,ver fuente,0%,"Direct link, no redirect hop."
americanspcc.org,1,0%,,,DIRECT,0%,200:1,1,Performance Lab,0%,"Direct link, no redirect hop."
talkaboutmarriage.com,1,0%,,,DIRECT,100%,406:1,1,Performance Lab,100%,"Direct link, no redirect hop."
joachimstraining.com,1,0%,,,DIRECT,0%,200:1,1,Guide to Caffeine for Performance.,0%,"Direct link, no redirect hop."
theboringmagazine.com,1,0%,,,DIRECT,0%,200:1,1,guide to women’s pre-workout supplements,0%,"Direct link, no redirect hop."
programminginsider.com,1,0%,,,DIRECT,0%,200:1,1,[2],0%,"Direct link, no redirect hop."
impactwealth.org,1,0%,,,DIRECT,100%,403:1,1,can you take magnesium and melatonin together,0%,"Direct link, no redirect hop."
campingtours.in,1,0%,,,DIRECT,0%,200:1,1,performancelab.com,100%,"Direct link, no redirect hop."
qeeebo.com,1,0%,,,DIRECT,0%,200:1,1,https://www.performancelab.com/blogs/fitness/the-dangers-of-overtraining,100%,"Direct link, no redirect hop."
joesdaily.com,1,0%,,,DIRECT,0%,200:1,1,multivitamin supplements for men,0%,"Direct link, no redirect hop."
domains.com.bz,1,100%,testolabpro.com,,ROUTED_BRAND_OWNED,0%,200:1,1,testolabpro.com,0%,"Links route through testolabpro.com, which is in the client's own brand estate (BRAND_OWNED). This is first-party link management, not a third-party redirect layer."
fbxl.net,1,0%,,,DIRECT,0%,200:1,1,It depends,0%,"Direct link, no redirect hop."
consumerhealthline.com,1,0%,,,DIRECT,0%,200:1,1,Micro-Encapsulated Calcium (MEC),0%,"Direct link, no redirect hop."
disabilityhorizons.com,1,0%,,,DIRECT,0%,200:1,1,Performance Lab,0%,"Direct link, no redirect hop."
nettools.guru,1,100%,testolabpro.com,,ROUTED_BRAND_OWNED,0%,200:1,1,testolabpro.com,0%,"Links route through testolabpro.com, which is in the client's own brand estate (BRAND_OWNED). This is first-party link management, not a third-party redirect layer."
list.show,1,0%,,,DIRECT,0%,200:1,1,performancelab.com,100%,"Direct link, no redirect hop."
onlyhealthgains.com,1,0%,,,DIRECT,0%,200:1,1,supplementing creatine before exercise,0%,"Direct link, no redirect hop."
thingsiknownothingabout.com,1,0%,,,DIRECT,0%,200:1,1,https://www.performancelab.com/blogs/sleep/the-impact-of-sleep-on-athletic-performance,0%,"Direct link, no redirect hop."
qrius.com,1,0%,,,DIRECT,0%,200:1,1,Performance Lab,0%,"Direct link, no redirect hop."
removevirus.org,1,100%,testolabpro.com,blogs/nutrition/when-to-take-zinc,ROUTED_BRAND_OWNED,0%,200:1,1,When To Take Zinc: Morning Or Night,0%,"Links route through testolabpro.com, which is in the client's own brand estate (BRAND_OWNED). This is first-party link management, not a third-party redirect layer."
3dactive.com,1,100%,prelabpro.com,blogs/fitness/alternating-between-running-and-walking,ROUTED_BRAND_OWNED,0%,200:1,1,alternate between brisk walking and jogging,0%,"Links route through prelabpro.com, which is in the client's own brand estate (BRAND_OWNED). This is first-party link management, not a third-party redirect layer."
csponarlikex.blogspot.com,1,100%,testolabpro.com,,ROUTED_BRAND_OWNED,0%,200:1,1,https://testolabpro.com/,100%,"Links route through testolabpro.com, which is in the client's own brand estate (BRAND_OWNED). This is first-party link management, not a third-party redirect layer."
futurefit.co.uk,1,0%,,,DIRECT,0%,200:1,1,vegan omega-3 supplements,0%,"Direct link, no redirect hop."
healthlinejournal.com,1,0%,,,DIRECT,0%,200:1,1,Performance Lab Omega-3,100%,"Direct link, no redirect hop."
nfo.co.in,1,0%,,,DIRECT,0%,200:1,1,performancelab.com,0%,"Direct link, no redirect hop."
ourkidsmom.com,1,0%,,,DIRECT,0%,200:1,1,Performance Lab omega-3,0%,"Direct link, no redirect hop."
healthbenefitstimes.com,1,0%,,,DIRECT,0%,200:1,1,natural brain supplement,0%,"Direct link, no redirect hop."
million.pro,1,0%,,,DIRECT,0%,200:1,1,performancelab.com,100%,"Direct link, no redirect hop."
dbem.org,1,0%,,,DIRECT,0%,200:1,1,Check Performance Lab Mind Deals,100%,"Direct link, no redirect hop."
saglikanahtari.com,1,0%,,,DIRECT,0%,200:1,1,Performance Lab®,0%,"Direct link, no redirect hop."
armyprt.com,1,0%,,,DIRECT,0%,200:1,1,top multivitamins for men,0%,"Direct link, no redirect hop."
jeffjsnider.com,1,100%,testolabpro.com,blogs/nutrition/when-to-take-zinc,ROUTED_BRAND_OWNED,0%,200:1,1,When To Take Zinc: Morning Or Night,0%,"Links route through testolabpro.com, which is in the client's own brand estate (BRAND_OWNED). This is first-party link management, not a third-party redirect layer."
qhtycw.com,1,100%,testolabpro.com,,ROUTED_BRAND_OWNED,0%,200:1,1,testolabpro.com,0%,"Links route through testolabpro.com, which is in the client's own brand estate (BRAND_OWNED). This is first-party link management, not a third-party redirect layer."
maxhealthliving.org,1,0%,,,DIRECT,0%,200:1,1,Performance Lab Sport Maintain,100%,"Direct link, no redirect hop."
podscan.fm,1,0%,,,DIRECT,0%,200:1,1,⁠⁠⁠⁠⁠⁠⁠⁠⁠⁠⁠⁠⁠https://www.performancelab.com/breedlove⁠⁠⁠⁠⁠⁠⁠⁠⁠⁠⁠⁠⁠,0%,"Direct link, no redirect hop."
lutrition.co.uk,1,0%,,,DIRECT,0%,200:1,1,Foods with High Thermic Effect: Top 10 That Boost Your Metabolism | Performance Lab®,0%,"Direct link, no redirect hop."
99ranks.com,1,0%,,,DIRECT,0%,200:1,1,performancelab,0%,"Direct link, no redirect hop."
restandriseenergy.com,1,0%,,,DIRECT,0%,200:1,1,https://www.performancelab.com/blogs/nutrition/does-magnesium-cause-frequent-urination,0%,"Direct link, no redirect hop."
yourhealthmagazine.net,1,0%,,,DIRECT,0%,200:1,1,men’s daily multivitamin guide,0%,"Direct link, no redirect hop."
freejingdi.com,1,0%,,,DIRECT,0%,200:1,1,Lemon Balm and Anxiety: A Natural Solution to Everyday Stress?,0%,"Direct link, no redirect hop."
idblogmaker.com,1,0%,,,DIRECT,0%,200:1,1,multivitamin for women,0%,"Direct link, no redirect hop."
bug.hr,1,0%,,,DIRECT,0%,200:1,1,https://www.performancelab.com/blogs/nutrition/beef-protein-vs-whey,0%,"Direct link, no redirect hop."
gauloisesracing.com,1,0%,,,DIRECT,0%,200:1,1,https://performancelab.com,0%,"Direct link, no redirect hop."
explainerd.com,1,0%,,,DIRECT,0%,200:1,1,Performance Lab,0%,"Direct link, no redirect hop."
find-your-support.com,1,0%,,,DIRECT,0%,200:1,1,Stim – Performance Lab®,100%,"Direct link, no redirect hop."
gutstaudham.de,1,0%,,,DIRECT,0%,0:1,1,Tryptophan fungiert als Vorstufe für Serotonin,0%,"Direct link, no redirect hop."
healthydiettips1.blogspot.com,1,0%,,,DIRECT,0%,200:1,1,View Latest Price →,100%,"Direct link, no redirect hop."
pornaddictiontest.com,1,0%,,,DIRECT,0%,200:1,1,Buy Here,0%,"Direct link, no redirect hop."
bulk.ly,1,0%,,,DIRECT,0%,200:1,1,"Performance Lab,",0%,"Direct link, no redirect hop."
atlaspainspecialists.com,1,0%,,,DIRECT,0%,200:1,1,click here,0%,"Direct link, no redirect hop."
e.vg,1,0%,,,DIRECT,0%,200:1,1,Click to reach the website,100%,"Direct link, no redirect hop."
auburn-reporter.com,1,100%,scienceonestop.com,performance-lab-vision,ROUTED_CAMPAIGN,0%,200:1,1,Performance Lab Vision,0%,"All links route through scienceonestop.com/performance-lab-vision — a single brand-named campaign path. This is link-management or affiliate infrastructure, and the brief protects it: a redirect is not itself a toxicity signal."
infinitelabs.com,1,0%,,,DIRECT,0%,200:1,1,Performance Lab PL-Immune™,0%,"Direct link, no redirect hop."
bvf.edu.pe,1,0%,,,DIRECT,0%,200:1,1,"Dumbbell Rear Delt Fly Form, Benefits, and Alternatives Performance Lab®",0%,"Direct link, no redirect hop."
swaggermagazine.com,1,0%,,,DIRECT,0%,200:1,1,multivitamins for men,0%,"Direct link, no redirect hop."
ghpnews.digital,1,0%,,,DIRECT,0%,200:1,1,review of vegan omega 3 supplements,0%,"Direct link, no redirect hop."
tacomadailyindex.com,1,100%,wlghconferences.org,performance-lab-sleep,ROUTED_CAMPAIGN,100%,404:1,1,Performance Lab Sleep,100%,"All links route through wlghconferences.org/performance-lab-sleep — a single brand-named campaign path. This is link-management or affiliate infrastructure, and the brief protects it: a redirect is not itself a toxicity signal."
whitshomeremedies.com,1,0%,,,DIRECT,0%,200:1,1,https://www.performancelab.com/blogs/nutrition/are-there-any-side-effects-of-beetroot-powder,0%,"Direct link, no redirect hop."
evertise.net,1,0%,,,DIRECT,0%,200:1,1,best men’s multivitamin,0%,"Direct link, no redirect hop."
jakechampion.name,1,0%,,,DIRECT,0%,200:1,1,https://performancelab.com/,100%,"Direct link, no redirect hop."
ourculturemag.com,1,0%,,,DIRECT,0%,200:1,1,non-beta-alanine pre-workout formulas,0%,"Direct link, no redirect hop."
crazypeople.online,1,0%,,,DIRECT,0%,200:1,1,It depends,0%,"Direct link, no redirect hop."
emedicodiary.com,1,0%,,,DIRECT,0%,200:1,1,men's multivitamins,0%,"Direct link, no redirect hop."
evolationyoga.com,1,0%,,,DIRECT,0%,200:1,1,Performance Lab men's supplements,0%,"Direct link, no redirect hop."
atozentherapies.com,1,0%,,,DIRECT,0%,200:1,1,creatine and caffeine before working out,0%,"Direct link, no redirect hop."
whatkatysaid.com,1,0%,,,DIRECT,0%,0:1,1,best women’s pre workout for weight loss,0%,"Direct link, no redirect hop."
smartearthcamelina.com,1,0%,,,DIRECT,0%,200:1,1,https://www.performancelab.com/blogs/omega-3/plant-based-omega-3-vs-fish-oil,0%,"Direct link, no redirect hop."
worldmetrics.org,1,0%,,,DIRECT,0%,200:1,1,performancelab.com,100%,"Direct link, no redirect hop."
vorstcanada.com,1,0%,,,DIRECT,0%,200:1,1,https://www.performancelab.com/blogs/nutrition/does-magnesium-glycinate-make-you-poop,0%,"Direct link, no redirect hop."
drdr.ir,1,0%,,,DIRECT,0%,200:1,1,performancelab,100%,"Direct link, no redirect hop."
nutritiongeeks.com,1,0%,,,DIRECT,0%,200:1,1,immune function,0%,"Direct link, no redirect hop."
makesmoney.de,1,0%,,,DIRECT,0%,200:1,1,Performance Lab,0%,"Direct link, no redirect hop."
wpminds.com,1,0%,,,DIRECT,0%,200:1,1,evidence-based performance supplementation,0%,"Direct link, no redirect hop."
doctoreto.com,1,0%,,,DIRECT,0%,200:1,1,performancelab,0%,"Direct link, no redirect hop."
ind.in,1,0%,,,DIRECT,0%,200:1,1,performancelab.com,100%,"Direct link, no redirect hop."
slapdashmom.com,1,0%,,,DIRECT,0%,200:1,1,multivitamins or individual vitamins,0%,"Direct link, no redirect hop."
margaretblanton.com,1,0%,,,DIRECT,0%,200:1,1,effect of natural vitamins,0%,"Direct link, no redirect hop."
washingtonsblog.com,1,0%,,,DIRECT,0%,200:1,1,http://performancelab.com,0%,"Direct link, no redirect hop."
bbb.org,1,0%,,,DIRECT,0%,200:1,1,Visit Website,100%,"Direct link, no redirect hop."
shorturl.at,1,0%,,,DIRECT,0%,301:1,1,,0%,"Direct link, no redirect hop."
thedailyworld.com,1,100%,supplementlifestyle.com,performance-lab-mind-formula,ROUTED_CAMPAIGN,0%,200:1,1,Performance Lab Mind,100%,"All links route through supplementlifestyle.com/performance-lab-mind-formula — a single brand-named campaign path. This is link-management or affiliate infrastructure, and the brief protects it: a redirect is not itself a toxicity signal."
sellon.ai,1,0%,,,DIRECT,0%,200:1,1,🇺🇸 Performance Lab® Ultramodern Nutrition. Upgrade Yourself.,0%,"Direct link, no redirect hop."
entuev.com,1,0%,,,DIRECT,0%,200:1,1,🍪 TELEGRAM @SALESOVEN | ACCESS TO HACKED SITES FOR SEO | HTTPS://T.ME/SALESOVEN 🔥,100%,"Direct link, no redirect hop."
livethriveexcel.com,1,0%,,,DIRECT,0%,200:1,1,https://www.performancelab.com/blogs/nutrition/when-to-take-creatine-and-protein-the-correct-whey,0%,"Direct link, no redirect hop."
avareno.ca,1,0%,,,DIRECT,0%,200:1,1,🍪 TELEGRAM @SALESOVEN | ACCESS TO HACKED SITES FOR SEO | HTTPS://T.ME/SALESOVEN 🔥,100%,"Direct link, no redirect hop."
constitute.net,1,0%,,,DIRECT,0%,200:1,1,performancelab.com,100%,"Direct link, no redirect hop."
socialmediastrategiessummit.com,1,0%,,,DIRECT,0%,200:1,1,Performance Lab,0%,"Direct link, no redirect hop."
breakingac.com,1,0%,,,DIRECT,0%,200:1,1,preworkout without beta alanine,0%,"Direct link, no redirect hop."
blogunteer.com,1,0%,,,DIRECT,0%,200:1,1,energy supplements,0%,"Direct link, no redirect hop."
coloradorunnermag.com,1,0%,,,DIRECT,0%,200:1,1,comparison of joint supplements,0%,"Direct link, no redirect hop."
zonemd.com,1,0%,,,DIRECT,100%,403:1,1,https://www.performancelab.com/blogs/omega-3/algae-omega-3,0%,"Direct link, no redirect hop."
sagepostpartum.com.au,1,0%,,,DIRECT,0%,200:1,1,,100%,"Direct link, no redirect hop."
seodirectory4u.com,1,0%,,,DIRECT,0%,200:1,1,https://www.performancelab.com/?a_aid=68990cbe508aa&a_bid=a2ad38c1,0%,"Direct link, no redirect hop."
remediesguru.com,1,0%,,,DIRECT,0%,200:1,1,CherryPURE,100%,"Direct link, no redirect hop."
mxwellness.com,1,0%,,,DIRECT,0%,200:1,1,https://www.performancelab.com/blogs/nutrition/does-creatine-break-a-fast?srsltid=AfmBOoruqyGrxoSlGkf0Uy4dl0MN-o0jf4LweiVooj78D1Br9Br9K0Jx,0%,"Direct link, no redirect hop."
whatisadirectory.com,1,0%,,,DIRECT,0%,200:1,1,https://www.performancelab.com/?a_aid=68990cbe508aa&a_bid=a2ad38c1,0%,"Direct link, no redirect hop."
nfo.ae,1,0%,,,DIRECT,0%,200:1,1,performancelab.com,0%,"Direct link, no redirect hop."
clientsbee.com,1,0%,,,DIRECT,0%,200:1,1,Visit,0%,"Direct link, no redirect hop."
miamilivingmagazine.com,1,0%,,,DIRECT,0%,200:1,1,Performance Lab nutritional supplements,0%,"Direct link, no redirect hop."
directorylinkservice.com,1,100%,dtcx.com,,ROUTED_OTHER,0%,200:1,1,dtcx.com,100%,Links route through dtcx.com/.
brandvm.com,1,0%,,,DIRECT,0%,200:1,1,sells nutritional supplements,0%,"Direct link, no redirect hop."
split-decision.co.uk,1,0%,,,DIRECT,0%,200:1,1,prelabpro.com,0%,"Direct link, no redirect hop."
directory-url.com,1,0%,,,DIRECT,0%,200:1,1,https://www.performancelab.com/?a_aid=68990cbe508aa&a_bid=a2ad38c1,0%,"Direct link, no redirect hop."
mysportfithub.com,1,0%,,,DIRECT,0%,200:1,1,Training your core,100%,"Direct link, no redirect hop."
simedia.co.th,1,0%,,,DIRECT,0%,200:1,1,🍪 TELEGRAM @SALESOVEN | ACCESS TO HACKED SITES FOR SEO | HTTPS://T.ME/SALESOVEN 🔥,100%,"Direct link, no redirect hop."
jpost.com,1,0%,,,DIRECT,0%,200:1,1,www.performancelab.com/pages/reviews?srsltid=AfmBOopQt47Z9PcofjXuFh60uppq-QbB9Tq3FetJ_r31m92LWDpl7Rpi.,0%,"Direct link, no redirect hop."
sparedirectory.com,1,0%,,,DIRECT,0%,200:1,1,https://www.performancelab.com/?a_aid=68990cbe508aa&a_bid=a2ad38c1,0%,"Direct link, no redirect hop."
bubblyblingblog.wordpress.com,1,0%,,,DIRECT,0%,200:1,1,Performance Lab BCAA,0%,"Direct link, no redirect hop."
amberstudent.com,1,0%,,,DIRECT,0%,200:1,1,lemon balm for sleep,0%,"Direct link, no redirect hop."
conves.io,1,0%,,,DIRECT,0%,200:1,1,Performance Lab. ¿Pueden las vitaminas ayudar con el insomnio y la falta de sueño?,0%,"Direct link, no redirect hop."
jomtien-realty.com,1,0%,,,DIRECT,0%,200:1,1,JOIN OUR TELEGRAM https://t.me/s/darksidelinks,100%,"Direct link, no redirect hop."
http-directory.com,1,0%,,,DIRECT,0%,200:1,1,https://www.performancelab.com/?a_aid=68990cbe508aa&a_bid=a2ad38c1,0%,"Direct link, no redirect hop."
bizdirectoryinfo.com,1,0%,,,DIRECT,0%,200:1,1,https://www.performancelab.com/?a_aid=68990cbe508aa&a_bid=a2ad38c1,0%,"Direct link, no redirect hop."
adddirectoryurl.com,1,0%,,,DIRECT,0%,200:1,1,https://www.performancelab.com/?a_aid=68990cbe508aa&a_bid=a2ad38c1,0%,"Direct link, no redirect hop."
professionalmuscle.com,1,0%,,,DIRECT,100%,403:1,1,Performance Lab,100%,"Direct link, no redirect hop."
creativeposts.top,1,100%,testolabpro.com,,ROUTED_BRAND_OWNED,0%,200:1,1,testolabpro.com,100%,"Links route through testolabpro.com, which is in the client's own brand estate (BRAND_OWNED). This is first-party link management, not a third-party redirect layer."
afundirectory.com,1,0%,,,DIRECT,0%,200:1,1,https://www.performancelab.com/?a_aid=68990cbe508aa&a_bid=a2ad38c1,0%,"Direct link, no redirect hop."
exceeddirectory.com,1,0%,,,DIRECT,0%,200:1,1,https://www.performancelab.com/?a_aid=68990cbe508aa&a_bid=a2ad38c1,0%,"Direct link, no redirect hop."
smallbusinesscoach.org,1,0%,,,DIRECT,0%,200:1,1,is lemon balm safe for sleep and anxiety,0%,"Direct link, no redirect hop."
directoryark.com,1,0%,,,DIRECT,0%,200:1,1,https://www.performancelab.com/?a_aid=68990cbe508aa&a_bid=a2ad38c1,0%,"Direct link, no redirect hop."
immensedirectory.com,1,0%,,,DIRECT,0%,200:1,1,https://www.performancelab.com/?a_aid=68990cbe508aa&a_bid=a2ad38c1,0%,"Direct link, no redirect hop."
directory-star.com,1,0%,,,DIRECT,0%,200:1,1,https://www.performancelab.com/?a_aid=68990cbe508aa&a_bid=a2ad38c1,0%,"Direct link, no redirect hop."
directoryarmy.com,1,0%,,,DIRECT,0%,200:1,1,https://www.performancelab.com/?a_aid=68990cbe508aa&a_bid=a2ad38c1,0%,"Direct link, no redirect hop."
applefritter.com,1,0%,,,DIRECT,100%,502:1,1,Performance Lab,0%,"Direct link, no redirect hop."
mpowerdirectory.com,1,0%,,,DIRECT,0%,200:1,1,https://www.performancelab.com/?a_aid=68990cbe508aa&a_bid=a2ad38c1,0%,"Direct link, no redirect hop."
gratis-directory.com,1,0%,,,DIRECT,0%,200:1,1,https://www.performancelab.com/?a_aid=68990cbe508aa&a_bid=a2ad38c1,0%,"Direct link, no redirect hop."
monyet.cc,1,0%,,,DIRECT,0%,200:1,1,It depends,0%,"Direct link, no redirect hop."
directory-king.com,1,0%,,,DIRECT,0%,200:1,1,https://www.performancelab.com/?a_aid=68990cbe508aa&a_bid=a2ad38c1,0%,"Direct link, no redirect hop."
netnewsledger.com,1,0%,,,DIRECT,0%,200:1,1,magnesium and melatonin sleep stack,0%,"Direct link, no redirect hop."
robinwaite.com,1,0%,,,DIRECT,0%,200:1,1,benefits of omega-3 fatty acids,0%,"Direct link, no redirect hop."
socdirectory.com,1,0%,,,DIRECT,0%,200:1,1,https://www.performancelab.com/?a_aid=68990cbe508aa&a_bid=a2ad38c1,0%,"Direct link, no redirect hop."
bamboo-directory.com,1,0%,,,DIRECT,0%,200:1,1,https://www.performancelab.com/?a_aid=68990cbe508aa&a_bid=a2ad38c1,0%,"Direct link, no redirect hop."
cool-directory.com,1,0%,,,DIRECT,0%,200:1,1,https://www.performancelab.com/?a_aid=68990cbe508aa&a_bid=a2ad38c1,0%,"Direct link, no redirect hop."
thenakedchemist.com,1,0%,,,DIRECT,0%,200:1,1,magnesium and melatonin together,0%,"Direct link, no redirect hop."
linkdirectory101.com,1,0%,,,DIRECT,0%,200:1,1,https://www.performancelab.com/?a_aid=68990cbe508aa&a_bid=a2ad38c1,0%,"Direct link, no redirect hop."
ohyesdirectory.com,1,0%,,,DIRECT,0%,200:1,1,https://www.performancelab.com/?a_aid=68990cbe508aa&a_bid=a2ad38c1,0%,"Direct link, no redirect hop."
en-java-burn.com,1,0%,,,DIRECT,0%,200:1,1,L-Theanine,0%,"Direct link, no redirect hop."
shopwebdirectory.com,1,0%,,,DIRECT,0%,200:1,1,https://www.performancelab.com/?a_aid=68990cbe508aa&a_bid=a2ad38c1,0%,"Direct link, no redirect hop."
card-directory.com,1,0%,,,DIRECT,0%,200:1,1,https://www.performancelab.com/?a_aid=68990cbe508aa&a_bid=a2ad38c1,0%,"Direct link, no redirect hop."
2021directory.com,1,0%,,,DIRECT,0%,200:1,1,https://www.performancelab.com/?a_aid=68990cbe508aa&a_bid=a2ad38c1,0%,"Direct link, no redirect hop."
directory-blu.com,1,0%,,,DIRECT,0%,200:1,1,https://www.performancelab.com/?a_aid=68990cbe508aa&a_bid=a2ad38c1,0%,"Direct link, no redirect hop."
thinksteroids.com,1,0%,,,DIRECT,0%,200:1,1,Performance Lab,100%,"Direct link, no redirect hop."
mothersalwaysright.com,1,0%,,,DIRECT,0%,200:1,1,combine magnesium and melatonin for sleep,0%,"Direct link, no redirect hop."
directorystumble.com,1,0%,,,DIRECT,0%,200:1,1,https://www.performancelab.com/?a_aid=68990cbe508aa&a_bid=a2ad38c1,0%,"Direct link, no redirect hop."
bailoutdirectory.com,1,0%,,,DIRECT,0%,200:1,1,https://www.performancelab.com/?a_aid=68990cbe508aa&a_bid=a2ad38c1,0%,"Direct link, no redirect hop."
optimizeflow.top,1,100%,nutropic.com,,ROUTED_OTHER,0%,200:1,1,nutropic.com,100%,Links route through nutropic.com/.
one-directory.com,1,0%,,,DIRECT,0%,200:1,1,https://www.performancelab.com/?a_aid=68990cbe508aa&a_bid=a2ad38c1,0%,"Direct link, no redirect hop."
whipperberry.com,1,0%,,,DIRECT,0%,200:1,1,pre-workout without beta alanine,0%,"Direct link, no redirect hop."
us-us--reduburn.com,1,0%,,,DIRECT,0%,200:1,1,Black Pepper Extract,0%,"Direct link, no redirect hop."
newsdirectonline.com,1,0%,,,DIRECT,0%,307:1,1,,0%,"Direct link, no redirect hop."
freehealthier.com,1,0%,,,DIRECT,0%,200:1,1,Check out this excellent guide on mitochondria-targeted energy stacks from Performance Lab.,0%,"Direct link, no redirect hop."
betterlife.com,1,0%,,,DIRECT,0%,200:1,1,official website,0%,"Direct link, no redirect hop."
aaniver.com,1,0%,,,DIRECT,0%,200:1,1,🍪 TELEGRAM @SALESOVEN | ACCESS TO HACKED SITES FOR SEO | HTTPS://T.ME/SALESOVEN 🔥,100%,"Direct link, no redirect hop."
alazharcilacap.sch.id,1,0%,,,DIRECT,0%,200:1,1,JOIN OUR TELEGRAM https://t.me/s/darksidelinks,100%,"Direct link, no redirect hop."
gettydirectory.com,1,0%,,,DIRECT,0%,200:1,1,https://www.performancelab.com/?a_aid=68990cbe508aa&a_bid=a2ad38c1,0%,"Direct link, no redirect hop."
powr.io,1,0%,,,DIRECT,0%,200:1,1,Performance Lab,0%,"Direct link, no redirect hop."
intelligenthq.com,1,0%,,,DIRECT,0%,0:1,1,Performance Lab article,0%,"Direct link, no redirect hop."
healthbyprinciple.com,1,0%,,,DIRECT,0%,200:1,1,https://www.performancelab.com/blogs/magnesium/magnesium-taurate-vs-glycinate,0%,"Direct link, no redirect hop."
wmsonlines.blogspot.com,1,100%,nutropic.com,,ROUTED_OTHER,0%,200:1,1,nutropic.com,100%,Links route through nutropic.com/.
gymhigh.co.uk,1,0%,,,DIRECT,0%,200:1,1,guide on the best combo of supplements for weight loss and muscle gain,0%,"Direct link, no redirect hop."
arteza.fr,1,100%,testolabpro.com,,ROUTED_BRAND_OWNED,0%,200:1,1,JOIN OUR TELEGRAM https://t.me/s/darksidelinks,100%,"Links route through testolabpro.com, which is in the client's own brand estate (BRAND_OWNED). This is first-party link management, not a third-party redirect layer."
betterhood.in,1,0%,,,DIRECT,0%,200:1,1,https://www.performancelab.com/blogs/multi/vitamin-b6-for-sleep,0%,"Direct link, no redirect hop."
webreus.net,1,100%,testolabpro.com,blogs/nutrition/how-much-zinc-should-i-take-to-increase-testosterone,ROUTED_BRAND_OWNED,0%,200:1,1,How Much Zinc Should I Take To Increase Testosterone?,0%,"Links route through testolabpro.com, which is in the client's own brand estate (BRAND_OWNED). This is first-party link management, not a third-party redirect layer."
bnonews.com,1,0%,,,DIRECT,0%,200:1,1,best pre-workout without beta-alanine,0%,"Direct link, no redirect hop."
drjack.world,1,0%,,,DIRECT,0%,200:1,1,performancelab.com,100%,"Direct link, no redirect hop."
kidneydiseasems.com,1,100%,newsdirectonline.com,performancelab-mind,ROUTED_CAMPAIGN,0%,200:1,1,Performance Lab Mind,0%,"All links route through newsdirectonline.com/performancelab-mind — a single brand-named campaign path. This is link-management or affiliate infrastructure, and the brief protects it: a redirect is not itself a toxicity signal."
ateliereleaurorei.ro,1,0%,,,DIRECT,0%,200:1,1,JOIN OUR TELEGRAM https://t.me/s/darksidelinks,100%,"Direct link, no redirect hop."
charm-retirement.com,1,0%,,,DIRECT,0%,200:1,1,3,0%,"Direct link, no redirect hop."
quarrynews.com,1,0%,,,DIRECT,0%,200:1,1,https://www.performancelab.com,0%,"Direct link, no redirect hop."
hostingersite.com,1,0%,,,DIRECT,100%,403:1,1,immunity juice recipe,0%,"Direct link, no redirect hop."
lovelydirectory.com,1,0%,,,DIRECT,0%,200:1,1,https://www.performancelab.com/?a_aid=68990cbe508aa&a_bid=a2ad38c1,0%,"Direct link, no redirect hop."
futurefood.website,1,0%,,,DIRECT,0%,200:1,1,What Is Inulin-FOS? - 4 Surprising Benefits For Your Health | Performance Lab®,0%,"Direct link, no redirect hop."
boostpatches.com,1,0%,,,DIRECT,0%,200:1,1,scientific studies,0%,"Direct link, no redirect hop."
mycvcreator.com,1,0%,,,DIRECT,0%,200:1,1,pre-workout guide for women,0%,"Direct link, no redirect hop."
thursd.com,1,0%,,,DIRECT,0%,200:1,1,performancelab,0%,"Direct link, no redirect hop."
