source_url;anchor;target_url;page_ascore;nofollow;first_seen;last_seen
https://www.nfa.co.uk/fostering-solutions/;;https://www.nationalfosteringgroup.co.uk/fostering-solutions/;70;false;1784207666;1784207666
https://mjnotinnocent.net/blog/b/p17/wade-robson-cirque-du-soleil;Trauma bond and how it can affect children and young people;https://www.nationalfosteringgroup.co.uk/news-and-blog/what-is-a-trauma-bond-and-how-can-it-affect-children-and-young-people/;56;true;1773812052;1781085257
https://careers.nfa.co.uk/;;https://www.nationalfosteringgroup.co.uk/careers/;53;false;1786575629;1787996962
https://www.nfa.co.uk/jay-fostering/office/leicester/;;https://www.nationalfosteringgroup.co.uk/jay-fostering/;48;false;1784546485;1784546485
https://nfa.co.uk/;;https://www.nationalfosteringgroup.co.uk/;46;false;1770859794;1789751136
https://morisova.blogspot.com/;nfa.co.uk;https://www.nationalfosteringgroup.co.uk/;43;true;1770906460;1773041131
https://www.nfa.co.uk/national-fostering-agency/office/wales/;;https://www.nationalfosteringgroup.co.uk/national-fostering-agency/wales/;42;false;1789933944;1789933944
https://www.nfa.co.uk/national-fostering-agency/office/midlands/;;https://www.nationalfosteringgroup.co.uk/national-fostering-agency/midlands/;37;false;1770422156;1776973119
https://movil-13-11-2021.blogspot.com/;nfa.co.uk;https://www.nationalfosteringgroup.co.uk/;34;true;1772250026;1789910853
https://olspsystem.blogspot.com/;nfa.co.uk;https://www.nationalfosteringgroup.co.uk/;34;true;1772484280;1790022525
https://www.bbc.com/news/articles/cevppmvnv32o;National Fostering Group;https://www.nationalfosteringgroup.co.uk/;34;false;1780038715;1787172394
https://odicdsfe.blogspot.com/;nfa.co.uk;https://www.nationalfosteringgroup.co.uk/;33;true;1772385604;1789936634
https://novaland-oceanresidence.blogspot.com/;nfa.co.uk;https://www.nationalfosteringgroup.co.uk/;29;true;1772255699;1790064431
https://www.nfa.co.uk/story/story_category/10-common-childhood-accidents-and-how-to-avoid-them-in-your-home/;;https://www.nationalfosteringgroup.co.uk/news-and-blog/10-common-childhood-accidents-and-how-to-avoid-them-in-your-home/;27;false;1777961075;1782476764
https://www.theguardian.com/commentisfree/2024/apr/29/fostering-millennial-kiri-pritchard-mclean-britain-carers-schoolfriend-comedy;respite care;https://www.nationalfosteringgroup.co.uk/thinking-about-fostering/types-of-foster-care/stayover-care/;25;false;1780341358;1786742753
https://groups.google.com/g/Records_in_Contexts_users/c/kF-C91bwKfQ;National Fostering Group UK;https://www.nationalfosteringgroup.co.uk/thinking-about-fostering/should-i-foster-or-adopt/;23;true;1789414567;1789414567
https://podcasts.apple.com/us/podcast/voices-of-fostering/id1672294595;Voices of Fostering;http://www.nationalfosteringgroup.co.uk/;22;false;1778461823;1787520929
https://uk.indeed.com/cmp/National-Fostering-Group;National Fostering Group website;https://www.nationalfosteringgroup.co.uk/careers/;22;true;1787754505;1789503130
https://www.nfa.co.uk/national-fostering-agency/office/north/;;https://www.nationalfosteringgroup.co.uk/national-fostering-agency/north/;22;false;1774122835;1777433198
https://www.nfa.co.uk/story/story_category/1-in-3-people-believe-if-you-live-in-rented-accommodation-you-cant-foster/;;https://www.nationalfosteringgroup.co.uk/news-and-blog/;22;false;1778502088;1778502088
https://www.nfa.co.uk/family-placement/;;https://www.nationalfosteringgroup.co.uk/family-placement/;21;false;1786659008;1786659008
https://www.nfa.co.uk/pathway-care/;;https://www.nationalfosteringgroup.co.uk/pathway-care/;21;false;1782480701;1787344368
https://www.nfa.co.uk/story/story_category/fostering-positive-mental-health-well-being-in-children-young-people/;;https://www.nationalfosteringgroup.co.uk/news-and-blog/;21;false;1776500495;1783856175
https://www.nfa.co.uk/thinking-about-fostering/types-of-foster-care/;;https://www.nationalfosteringgroup.co.uk/thinking-about-fostering/types-of-foster-care/;21;false;1771996709;1785239671
https://www.internetmatters.org/pl/inclusive-digital-safety/advice-for-parents-and-carers/supporting-children-in-care/connecting-and-sharing-online/;ODWIEDŹ STRONĘ;https://www.nationalfosteringgroup.co.uk/;20;false;1781974230;1783439847
https://karriehiggins.substack.com/p/the-strange-flowers-or-the-essay;traumatic bonding with my brother;https://www.nationalfosteringgroup.co.uk/news-and-blog/what-is-a-trauma-bond-and-how-can-it-affect-children-and-young-people/;19;false;1773406992;1788865037
https://www.nfa.co.uk/fostering-solutions/office/fostering-solutions-north-west/;;https://www.nationalfosteringgroup.co.uk/fostering-solutions/north-west/;19;false;1783881102;1783881102
https://tweakers.net/geek/249232/thuisservers-laptopprijzen-en-avg-jubilea-tweakers-podcast-431.html;Secure base;https://www.nationalfosteringgroup.co.uk/news-and-blog/using-the-secure-base-model-to-be-your-best-foster-parent/;18;true;1784207575;1788729432
https://www.goodhousekeeping.com/uk/lifestyle/a69618365/empty-nest-fostering/;National Fostering Group;https://www.nationalfosteringgroup.co.uk/;18;true;1774599690;1789275708
https://www.nfa.co.uk/thinking-about-fostering/types-of-foster-care/respite-foster-care/;;https://www.nationalfosteringgroup.co.uk/thinking-about-fostering/types-of-foster-care/stayover-care/;18;false;1775073196;1781827002
https://ya.ru/neurum/t/Foster;www.nfa.co.uk;https://www.nationalfosteringgroup.co.uk/thinking-about-fostering/should-i-foster-or-adopt/;18;false;1789409053;1789409053
https://www.liverpoolecho.co.uk/news/liverpool-news/woman-swapped-job-pub-become-20393057;find here;https://www.nationalfosteringgroup.co.uk/national-fostering-agency/north-west/;17;true;1779124807;1788486869
https://www.walesonline.co.uk/news/wales-news/24-jobs-you-can-work-28584689;here;https://www.nationalfosteringgroup.co.uk/careers/job-vacancies/;17;true;1780935838;1780935838
https://kindercareni.co.uk/;Modern Slavery Statement;https://www.nationalfosteringgroup.co.uk/about/slavery-statement/;16;false;1784120215;1789571901
https://lookwhatmomfound.com/favorite-25-blogs;nfa.co.uk;https://www.nationalfosteringgroup.co.uk/;16;false;1771867930;1777156032
https://www.internetmatters.org/inclusive-digital-safety/advice-for-parents-and-carers/supporting-children-in-care/connecting-and-sharing-online/;VISIT SITE;https://www.nationalfosteringgroup.co.uk/;16;false;1775195369;1788299816
https://www.internetmatters.org/ru/inclusive-digital-safety/advice-for-parents-and-carers/supporting-children-in-care/connecting-and-sharing-online/;ПОСЕТИТЕ САЙТ;https://www.nationalfosteringgroup.co.uk/;16;false;1780185570;1785867525
https://www.liverpoolecho.co.uk/news/liverpool-news/theyre-hardest-goodbyes-mum-who-30973391;National Fostering Group;https://www.nationalfosteringgroup.co.uk/thinking-about-fostering/;16;true;1778213097;1789758297
https://www.liverpoolecho.co.uk/whats-on/family-kids-news/one-boy-arrived-pyjamas-nothing-19813891;Fostering Solutions;https://www.nationalfosteringgroup.co.uk/fostering-solutions/north-west/;16;true;1789616650;1789616650
https://www.liverpoolecho.co.uk/whats-on/family-kids-news/one-boy-arrived-pyjamas-nothing-19813891;National Fostering Group;https://www.nationalfosteringgroup.co.uk/thinking-about-fostering/;16;true;1779811560;1789616650
https://www.nfa.co.uk/alpha-plus-fostering/office/oldham/;;https://www.nationalfosteringgroup.co.uk/alpha-plus-fostering/;16;false;1782151912;1782151912
https://www.nfa.co.uk/news-and-blog/5-ways-to-help-children-who-are-scared-of-halloween-and-bonfire-night/;;https://www.nationalfosteringgroup.co.uk/news-and-blog/5-ways-to-help-children-who-are-scared-of-halloween-and-bonfire-night/;16;false;1771835304;1787347713
https://www.thesocialworkacademy.co.uk/;;https://www.nationalfosteringgroup.co.uk/social-work-academy/;16;false;1781700077;1789555108
https://pitchbook.com/profiles/company/40371-76;www.nationalfosteringgroup.co.uk;http://www.nationalfosteringgroup.co.uk/;15;true;1774181868;1785044647
https://www.dovepress.com/the-socioeconomic-impact-of-long-acting-injectable-buprenorphine-peer-reviewed-fulltext-article-CEOR;https://www.nfa.co.uk/thinking-about-fostering/support-and-benefits-for-foster-carers/financial-support/;https://www.nationalfosteringgroup.co.uk/thinking-about-fostering/support-and-benefits/financial-support/fostering-allowance/;15;false;1779553439;1788670680
https://www.internetmatters.org/cy/inclusive-digital-safety/advice-for-parents-and-carers/supporting-children-in-care/connecting-and-sharing-online/;YMWELIAD Â SAFLE;https://www.nationalfosteringgroup.co.uk/;15;false;1776527314;1789185258
https://www.internetmatters.org/es/inclusive-digital-safety/advice-for-parents-and-carers/supporting-children-in-care/connecting-and-sharing-online/;VISITAR SITIO;https://www.nationalfosteringgroup.co.uk/;15;false;1781482726;1787996330
https://www.internetmatters.org/hi/inclusive-digital-safety/advice-for-parents-and-carers/supporting-children-in-care/connecting-and-sharing-online/;यात्रा साइट;https://www.nationalfosteringgroup.co.uk/;15;false;1780280541;1788839761
https://www.nfa.co.uk/about-national-fostering-group/privacy-notice-2/;;https://www.nationalfosteringgroup.co.uk/about/privacy-notice/;15;false;1771912091;1778475214
https://www.nfa.co.uk/story/story_category/3-common-fostering-challenges-and-how-to-overcome-them/;;https://www.nationalfosteringgroup.co.uk/news-and-blog/;15;false;1777448013;1782490120
https://www.nfa.co.uk/thinking-about-fostering/what-is-fostering/;;https://www.nationalfosteringgroup.co.uk/thinking-about-fostering/what-is-fostering/;15;false;1778475397;1781835213
https://voicesoffostering.buzzsprout.com/;Visit our Website page;http://www.nationalfosteringgroup.co.uk/;14;false;1774576607;1789575475
https://voicesoffostering.buzzsprout.com/2087679/about;Visit our Website page;http://www.nationalfosteringgroup.co.uk/;14;false;1774785241;1777598581
https://voicesoffostering.buzzsprout.com/2087679/episodes;Visit our Website page;http://www.nationalfosteringgroup.co.uk/;14;false;1774763158;1778426720
https://voicesoffostering.buzzsprout.com/2087679/episodes/15316250-matt-my-dad-grew-up-in-care-in-the-50s-and-now-i-foster;Visit our Website page;http://www.nationalfosteringgroup.co.uk/;14;false;1775556560;1778250322
https://voicesoffostering.buzzsprout.com/2087679/episodes/15316279-our-special-episode-with-ellie-simmonds;Visit our Website page;http://www.nationalfosteringgroup.co.uk/;14;false;1775533363;1778371659
https://voicesoffostering.buzzsprout.com/2087679/episodes/15316285-zak-we-provide-the-best-training-for-our-foster-carers;Visit our Website page;http://www.nationalfosteringgroup.co.uk/;14;false;1775899347;1778400478
https://voicesoffostering.buzzsprout.com/2087679/episodes/15434105-phil-it-is-so-important-to-improve-their-self-esteem;Visit our Website page;http://www.nationalfosteringgroup.co.uk/;14;false;1774670663;1778790018
https://voicesoffostering.buzzsprout.com/2087679/episodes/15434105-phil-it-is-so-important-to-improve-their-self-esteem;here;https://www.nationalfosteringgroup.co.uk/podcast/;14;false;1774670663;1775539773
https://voicesoffostering.buzzsprout.com/2087679/episodes/15434107-nigel-as-a-blind-foster-carer-i-am-fully-supported;here;https://www.nationalfosteringgroup.co.uk/podcast/;14;false;1774903048;1777605925
https://voicesoffostering.buzzsprout.com/2087679/episodes/15434107-nigel-as-a-blind-foster-carer-i-am-fully-supported;Visit our Website page;http://www.nationalfosteringgroup.co.uk/;14;false;1774903048;1778502541
https://voicesoffostering.buzzsprout.com/2087679/episodes/15434108-becoming-a-foster-carer-insights-and-faqs-with-nic;here;https://www.nationalfosteringgroup.co.uk/podcast/;14;false;1774576633;1775442359
https://voicesoffostering.buzzsprout.com/2087679/episodes/15434108-becoming-a-foster-carer-insights-and-faqs-with-nic;Visit our Website page;http://www.nationalfosteringgroup.co.uk/;14;false;1774576633;1778489802
https://voicesoffostering.buzzsprout.com/2087679/episodes/15577155-may-the-importance-of-mindfulness;here;https://www.nationalfosteringgroup.co.uk/podcast/;14;false;1774788277;1778112754
https://voicesoffostering.buzzsprout.com/2087679/episodes/15577155-may-the-importance-of-mindfulness;Visit our Website page;http://www.nationalfosteringgroup.co.uk/;14;false;1774788277;1778112754
https://voicesoffostering.buzzsprout.com/2087679/episodes/15577173-jayne-and-ken-we-have-fostered-for-19-years;here;https://www.nationalfosteringgroup.co.uk/podcast/;14;false;1774941291;1777815890
https://voicesoffostering.buzzsprout.com/2087679/episodes/15577173-jayne-and-ken-we-have-fostered-for-19-years;Visit our Website page;http://www.nationalfosteringgroup.co.uk/;14;false;1774941291;1778706406
https://voicesoffostering.buzzsprout.com/2087679/episodes/15733142-amalia-we-specialise-in-parent-and-child-foster-care;Visit our Website page;http://www.nationalfosteringgroup.co.uk/;14;false;1775637887;1778291391
https://voicesoffostering.buzzsprout.com/2087679/episodes/15733145-rachel-and-david-balancing-careers-and-fostering;here;https://www.nationalfosteringgroup.co.uk/podcast/;14;false;1774680683;1775552582
https://voicesoffostering.buzzsprout.com/2087679/episodes/15733145-rachel-and-david-balancing-careers-and-fostering;Visit our Website page;http://www.nationalfosteringgroup.co.uk/;14;false;1774680683;1778257730
https://voicesoffostering.buzzsprout.com/2087679/episodes/15983102-stefanie-the-importance-of-self-care-for-foster-carers;Visit our Website page;http://www.nationalfosteringgroup.co.uk/;14;false;1775600347;1778404346
https://voicesoffostering.buzzsprout.com/2087679/episodes/15983120-ruth-i-foster-teenage-asylum-seekers;Visit our Website page;http://www.nationalfosteringgroup.co.uk/;14;false;1775342367;1777986861
https://voicesoffostering.buzzsprout.com/2087679/episodes/15983121-our-special-episode-with-joan-collins;Visit our Website page;http://www.nationalfosteringgroup.co.uk/;14;false;1775619187;1778263008
https://voicesoffostering.buzzsprout.com/2087679/episodes/15983123-hilary-we-have-fostered-for-a-decade;Visit our Website page;http://www.nationalfosteringgroup.co.uk/;14;false;1775658704;1778395291
https://voicesoffostering.buzzsprout.com/2087679/episodes/16141759-lisa-i-grew-up-in-a-fostering-family-now-i-work-in-fostering;here;https://www.nationalfosteringgroup.co.uk/podcast/;14;false;1774621523;1775502877
https://voicesoffostering.buzzsprout.com/2087679/episodes/16141759-lisa-i-grew-up-in-a-fostering-family-now-i-work-in-fostering;Visit our Website page;http://www.nationalfosteringgroup.co.uk/;14;false;1774621523;1778487673
https://voicesoffostering.buzzsprout.com/2087679/episodes/16141762-theresa-my-daughter-encouraged-me-to-foster;here;https://www.nationalfosteringgroup.co.uk/podcast/;14;false;1774931781;1777371859
https://voicesoffostering.buzzsprout.com/2087679/episodes/16141762-theresa-my-daughter-encouraged-me-to-foster;Visit our Website page;http://www.nationalfosteringgroup.co.uk/;14;false;1774931781;1778254376
https://voicesoffostering.buzzsprout.com/2087679/episodes/16141765-rachel-fostering-in-the-armed-forces;here;https://www.nationalfosteringgroup.co.uk/podcast/;14;false;1774591398;1775488073
https://voicesoffostering.buzzsprout.com/2087679/episodes/16141765-rachel-fostering-in-the-armed-forces;Visit our Website page;http://www.nationalfosteringgroup.co.uk/;14;false;1774591398;1778502594
https://voicesoffostering.buzzsprout.com/2087679/episodes/16141768-sarah-the-journey-and-role-of-a-carer-recruitment-officer;Visit our Website page;http://www.nationalfosteringgroup.co.uk/;14;false;1775714898;1778437949
https://voicesoffostering.buzzsprout.com/2087679/episodes/16344819-corrina-from-teaching-to-fostering;here;https://www.nationalfosteringgroup.co.uk/podcast/;14;false;1774917196;1777800756
https://voicesoffostering.buzzsprout.com/2087679/episodes/16344819-corrina-from-teaching-to-fostering;Visit our Website page;http://www.nationalfosteringgroup.co.uk/;14;false;1774917196;1778680758
https://voicesoffostering.buzzsprout.com/2087679/episodes/16344819-corrina-from-teaching-to-fostering;here;https://www.nationalfosteringgroup.co.uk/;14;false;1775797070;1789158908
https://voicesoffostering.buzzsprout.com/2087679/episodes/16344822-amy-carrying-on-the-legacy;here;https://www.nationalfosteringgroup.co.uk/;14;false;1775424469;1788991243
https://voicesoffostering.buzzsprout.com/2087679/episodes/16344822-amy-carrying-on-the-legacy;Visit our Website page;http://www.nationalfosteringgroup.co.uk/;14;false;1774535766;1778233790
https://voicesoffostering.buzzsprout.com/2087679/episodes/16344822-amy-carrying-on-the-legacy;here;https://www.nationalfosteringgroup.co.uk/podcast/;14;false;1774535766;1775424469
https://voicesoffostering.buzzsprout.com/2087679/episodes/16344824-hannah-understanding-educational-support-in-fostering;here;https://www.nationalfosteringgroup.co.uk/podcast/;14;false;1774856659;1775461617
https://voicesoffostering.buzzsprout.com/2087679/episodes/16344824-hannah-understanding-educational-support-in-fostering;Visit our Website page;http://www.nationalfosteringgroup.co.uk/;14;false;1774856659;1778223958
https://voicesoffostering.buzzsprout.com/2087679/episodes/16344824-hannah-understanding-educational-support-in-fostering;here;https://www.nationalfosteringgroup.co.uk/;14;false;1775461617;1788713141
https://voicesoffostering.buzzsprout.com/2087679/episodes/16344829-nazia-from-social-work-to-fostering;here;https://www.nationalfosteringgroup.co.uk/;14;false;1775547051;1788983040
https://voicesoffostering.buzzsprout.com/2087679/episodes/16344829-nazia-from-social-work-to-fostering;Visit our Website page;http://www.nationalfosteringgroup.co.uk/;14;false;1775547051;1778279069
https://voicesoffostering.buzzsprout.com/2087679/episodes/16525301-khaira-growing-up-in-a-fostering-family;Visit our Website page;http://www.nationalfosteringgroup.co.uk/;14;false;1775355230;1778213996
https://voicesoffostering.buzzsprout.com/2087679/episodes/16525302-travis-moving-from-the-corporate-world-to-fostering;here;https://www.nationalfosteringgroup.co.uk/podcast/;14;false;1774824761;1775425839
https://voicesoffostering.buzzsprout.com/2087679/episodes/16525302-travis-moving-from-the-corporate-world-to-fostering;Visit our Website page;http://www.nationalfosteringgroup.co.uk/;14;false;1774824761;1778003028
https://voicesoffostering.buzzsprout.com/2087679/episodes/16525302-travis-moving-from-the-corporate-world-to-fostering;here;https://www.nationalfosteringgroup.co.uk/;14;false;1775425839;1788665527
https://voicesoffostering.buzzsprout.com/2087679/episodes/16525303-jo-anne-from-a-childhood-dream-to-fostering-reality;here;https://www.nationalfosteringgroup.co.uk/podcast/;14;false;1774925693;1775477237
https://voicesoffostering.buzzsprout.com/2087679/episodes/16525303-jo-anne-from-a-childhood-dream-to-fostering-reality;Visit our Website page;http://www.nationalfosteringgroup.co.uk/;14;false;1774925693;1778022365
https://voicesoffostering.buzzsprout.com/2087679/episodes/16696276-manda-creating-a-safe-haven;Visit our Website page;http://www.nationalfosteringgroup.co.uk/;14;false;1775784847;1778429329
https://voicesoffostering.buzzsprout.com/2087679/episodes/16696279-darren-fostering-with-pride;Visit our Website page;http://www.nationalfosteringgroup.co.uk/;14;false;1775407250;1778119728
https://voicesoffostering.buzzsprout.com/2087679/episodes/16696281-sue-my-18-year-fostering-journey;Visit our Website page;http://www.nationalfosteringgroup.co.uk/;14;false;1775439022;1778659032
https://voicesoffostering.buzzsprout.com/2087679/episodes/16696284-ben-and-jasmine-supporting-carers-and-children;here;https://www.nationalfosteringgroup.co.uk/podcast/;14;false;1774937646;1777610383
https://voicesoffostering.buzzsprout.com/2087679/episodes/16696284-ben-and-jasmine-supporting-carers-and-children;here;https://www.nationalfosteringgroup.co.uk/;14;false;1775824943;1789118190
https://voicesoffostering.buzzsprout.com/2087679/episodes/16696284-ben-and-jasmine-supporting-carers-and-children;Visit our Website page;http://www.nationalfosteringgroup.co.uk/;14;false;1774937646;1778480745
https://voicesoffostering.buzzsprout.com/2087679/episodes/16822921-tim-my-role-as-a-support-worker;Visit our Website page;http://www.nationalfosteringgroup.co.uk/;14;false;1775255866;1778649128
https://voicesoffostering.buzzsprout.com/2087679/episodes/16822921-tim-my-role-as-a-support-worker;here;https://www.nationalfosteringgroup.co.uk/;14;false;1775255866;1788413543
https://voicesoffostering.buzzsprout.com/2087679/episodes/16822923-garreth-and-maya-a-daughters-perspective;Visit our Website page;http://www.nationalfosteringgroup.co.uk/;14;false;1775442983;1778369655
https://voicesoffostering.buzzsprout.com/2087679/episodes/16822924-lucy-we-are-a-family-of-foster-carers;Visit our Website page;http://www.nationalfosteringgroup.co.uk/;14;false;1775927140;1778132708
https://voicesoffostering.buzzsprout.com/2087679/episodes/16822926-fiza-creating-a-warm-welcome;here;https://www.nationalfosteringgroup.co.uk/podcast/;14;false;1774734839;1775612939
https://voicesoffostering.buzzsprout.com/2087679/episodes/16822926-fiza-creating-a-warm-welcome;Visit our Website page;http://www.nationalfosteringgroup.co.uk/;14;false;1774734839;1778492301
https://voicesoffostering.buzzsprout.com/2087679/episodes/16822928-barney-a-16-year-reflection;here;https://www.nationalfosteringgroup.co.uk/podcast/;14;false;1774731289;1775625770
https://voicesoffostering.buzzsprout.com/2087679/episodes/16822928-barney-a-16-year-reflection;Visit our Website page;http://www.nationalfosteringgroup.co.uk/;14;false;1774731289;1778505235
https://voicesoffostering.buzzsprout.com/2087679/episodes/17115291-pat-one-year-later;Visit our Website page;http://www.nationalfosteringgroup.co.uk/;14;false;1776232559;1778118921
https://voicesoffostering.buzzsprout.com/2087679/episodes/17115293-ali-my-mum-was-fostered;here;https://www.nationalfosteringgroup.co.uk/podcast/;14;false;1774628805;1775202748
https://voicesoffostering.buzzsprout.com/2087679/episodes/17115293-ali-my-mum-was-fostered;Visit our Website page;http://www.nationalfosteringgroup.co.uk/;14;false;1774628805;1778210915
https://voicesoffostering.buzzsprout.com/2087679/episodes/17115295-darren-and-kate-exploring-the-mockingbird-program;Visit our Website page;http://www.nationalfosteringgroup.co.uk/;14;false;1776206830;1777962585
https://voicesoffostering.buzzsprout.com/2087679/episodes/17281482-paul-fostering-a-child-with-autism;Visit our Website page;http://www.nationalfosteringgroup.co.uk/;14;false;1775841057;1778629414
https://voicesoffostering.buzzsprout.com/2087679/episodes/17281484-lloyd-and-mary-transferring-to-national-fostering-group;Visit our Website page;http://www.nationalfosteringgroup.co.uk/;14;false;1775994387;1778713478
https://voicesoffostering.buzzsprout.com/2087679/episodes/17281484-lloyd-and-mary-transferring-to-national-fostering-group;here;https://www.nationalfosteringgroup.co.uk/;14;false;1775994387;1788348972
https://voicesoffostering.buzzsprout.com/2087679/episodes/17281485-serwari-market-stall-to-fostering;Visit our Website page;http://www.nationalfosteringgroup.co.uk/;14;false;1775121903;1778663937
https://voicesoffostering.buzzsprout.com/2087679/episodes/17396598-joann-key-insights-from-an-assessment-manager;here;https://www.nationalfosteringgroup.co.uk/;14;false;1775348630;1789200086
https://voicesoffostering.buzzsprout.com/2087679/episodes/17396598-joann-key-insights-from-an-assessment-manager;Visit our Website page;http://www.nationalfosteringgroup.co.uk/;14;false;1775348630;1778257133
https://voicesoffostering.buzzsprout.com/2087679/episodes/17396657-valda-building-positive-foundations;here;https://www.nationalfosteringgroup.co.uk/;14;false;1775219197;1789214568
https://voicesoffostering.buzzsprout.com/2087679/episodes/17396657-valda-building-positive-foundations;Visit our Website page;http://www.nationalfosteringgroup.co.uk/;14;false;1775219197;1778619570
https://voicesoffostering.buzzsprout.com/2087679/episodes/17396667-our-special-episode-with-ashley-john-baptiste;here;https://www.nationalfosteringgroup.co.uk/;14;false;1775213000;1789077014
https://voicesoffostering.buzzsprout.com/2087679/episodes/17396667-our-special-episode-with-ashley-john-baptiste;Visit our Website page;http://www.nationalfosteringgroup.co.uk/;14;false;1774538620;1778496686
https://voicesoffostering.buzzsprout.com/2087679/episodes/17396667-our-special-episode-with-ashley-john-baptiste;here;https://www.nationalfosteringgroup.co.uk/podcast/;14;false;1774538620;1775213000
https://voicesoffostering.buzzsprout.com/2087679/episodes/17586972-meshak-inside-the-national-fostering-group-book-club;Visit our Website page;http://www.nationalfosteringgroup.co.uk/;14;false;1775864139;1778143290
https://voicesoffostering.buzzsprout.com/2087679/episodes/17586974-patrice-lawrence-the-journey-of-storytelling;Visit our Website page;http://www.nationalfosteringgroup.co.uk/;14;false;1775811654;1778456705
https://voicesoffostering.buzzsprout.com/2087679/episodes/17586976-gill-what-is-the-fostering-panel;Visit our Website page;http://www.nationalfosteringgroup.co.uk/;14;false;1775786187;1778484789
https://voicesoffostering.buzzsprout.com/2087679/episodes/17737059-julie-empowering-foster-families;Visit our Website page;http://www.nationalfosteringgroup.co.uk/;14;false;1775904260;1778552797
https://voicesoffostering.buzzsprout.com/2087679/episodes/17737061-hazel-guiding-new-foster-carers;Visit our Website page;http://www.nationalfosteringgroup.co.uk/;14;false;1776025619;1778709484
https://voicesoffostering.buzzsprout.com/2087679/episodes/17737062-derek-29-kids-and-counting;Visit our Website page;http://www.nationalfosteringgroup.co.uk/;14;false;1775087465;1778381917
https://voicesoffostering.buzzsprout.com/2087679/episodes/17737064-joanne-oliver-and-max-the-life-of-a-fostering-family;here;https://www.nationalfosteringgroup.co.uk/;14;false;1775148119;1788803654
https://voicesoffostering.buzzsprout.com/2087679/episodes/17737064-joanne-oliver-and-max-the-life-of-a-fostering-family;Visit our Website page;http://www.nationalfosteringgroup.co.uk/;14;false;1775148119;1778486239
https://voicesoffostering.buzzsprout.com/2087679/episodes/17860478-robert-building-families-through-fostering;Visit our Website page;http://www.nationalfosteringgroup.co.uk/;14;false;1776028857;1778700787
https://voicesoffostering.buzzsprout.com/2087679/episodes/17860500-robert-from-fostering-to-storytelling;Visit our Website page;http://www.nationalfosteringgroup.co.uk/;14;false;1775388466;1778717379
https://voicesoffostering.buzzsprout.com/2087679/episodes/18017273-serwari-fostering-resilience-and-community;Visit our Website page;http://www.nationalfosteringgroup.co.uk/;14;false;1775250971;1778464986
https://voicesoffostering.buzzsprout.com/2087679/episodes/18017274-david-rachael-opening-hearts-and-homes-an-inspiring-foster-family-journey;Visit our Website page;http://www.nationalfosteringgroup.co.uk/;14;false;1775295737;1778463045
https://voicesoffostering.buzzsprout.com/2087679/episodes/18017276-ann-20-years-as-a-fostering-family;here;https://www.nationalfosteringgroup.co.uk/;14;false;1775201105;1788998699
https://voicesoffostering.buzzsprout.com/2087679/episodes/18017276-ann-20-years-as-a-fostering-family;Visit our Website page;http://www.nationalfosteringgroup.co.uk/;14;false;1775201105;1778464044
https://voicesoffostering.buzzsprout.com/2087679/episodes/18017279-natalie-making-a-difference-the-realities-and-rewards-of-fostering-teenagers;Visit our Website page;http://www.nationalfosteringgroup.co.uk/;14;false;1775063143;1778682393
https://voicesoffostering.buzzsprout.com/2087679/episodes/18219190-susan-the-rewards-of-respite-fostering;Visit our Website page;http://www.nationalfosteringgroup.co.uk/;14;false;1775508118;1778223513
https://voicesoffostering.buzzsprout.com/2087679/episodes/18219192-marisol-finding-family-through-fostering-a-story-of-music-growth-and-love;Visit our Website page;http://www.nationalfosteringgroup.co.uk/;14;false;1776025639;1778745059
https://voicesoffostering.buzzsprout.com/2087679/episodes/18219194-mandy-beyond-18-how-her-home-became-a-lifelong-haven;Visit our Website page;http://www.nationalfosteringgroup.co.uk/;14;false;1775215465;1778623713
https://voicesoffostering.buzzsprout.com/2087679/episodes/18461910-louise-the-power-of-lived-experience-in-fostering;Visit our Website page;http://www.nationalfosteringgroup.co.uk/;14;false;1775436250;1778155059
https://voicesoffostering.buzzsprout.com/2087679/episodes/18461911-jon-duke-of-edinburgh-s-award-for-young-people-in-care;Visit our Website page;http://www.nationalfosteringgroup.co.uk/;14;false;1775464750;1778215311
https://voicesoffostering.buzzsprout.com/2087679/episodes/18461912-mark-the-unexpected-rewards-of-fostering;Visit our Website page;http://www.nationalfosteringgroup.co.uk/;14;false;1775660375;1778394754
https://voicesoffostering.buzzsprout.com/2087679/episodes/18461914-victoria-bridge-to-foster-helping-children-move-from-residential-care-to-family-homes;Visit our Website page;http://www.nationalfosteringgroup.co.uk/;14;false;1775621903;1778283792
https://voicesoffostering.buzzsprout.com/2087679/episodes/18597090-casey-the-power-of-lived-experience-in-foster-care-work;Visit our Website page;http://www.nationalfosteringgroup.co.uk/;14;false;1774762950;1778162019
https://voicesoffostering.buzzsprout.com/2087679/episodes/18597092-john-how-fostering-brought-our-family-closer;Visit our Website page;http://www.nationalfosteringgroup.co.uk/;14;false;1775598707;1778243163
https://voicesoffostering.buzzsprout.com/2087679/episodes/18597095-erin-becoming-an-older-sibling-through-fostering;Visit our Website page;http://www.nationalfosteringgroup.co.uk/;14;false;1775031202;1777818670
https://voicesoffostering.buzzsprout.com/2087679/episodes/18597097-scott-patience-progress-and-second-chances;Visit our Website page;http://www.nationalfosteringgroup.co.uk/;14;false;1774729844;1778224967
https://voicesoffostering.buzzsprout.com/2087679/episodes/18863300-scott-solo-ready-and-open-to-give-back;here;https://www.nationalfosteringgroup.co.uk/;14;false;1777323977;1788518146
https://voicesoffostering.buzzsprout.com/2087679/episodes/18863314-annette-making-home-again;here;https://www.nationalfosteringgroup.co.uk/;14;false;1784538557;1789010529
https://voicesoffostering.buzzsprout.com/2087679/episodes/19052825-simon-paying-it-forward-an-11-year-fostering-journey;here;https://www.nationalfosteringgroup.co.uk/;14;false;1785685385;1789206102
https://voicesoffostering.buzzsprout.com/2087679/fan_mail;Visit our Website page;http://www.nationalfosteringgroup.co.uk/;14;false;1774663052;1778206319
https://voicesoffostering.buzzsprout.com/2087679/fan_mail/new;Visit our Website page;http://www.nationalfosteringgroup.co.uk/;14;false;1774976064;1777529226
https://voicesoffostering.buzzsprout.com/2087679/follow;Website;http://www.nationalfosteringgroup.co.uk/;14;false;1774970674;1777821673
https://voicesoffostering.buzzsprout.com/2087679/follow;Visit our Website page;http://www.nationalfosteringgroup.co.uk/;14;false;1774970674;1777821673
https://workitlikeamum.buzzsprout.com/2046830/episodes/14361375-baby-steps-to-big-impact-how-you-can-make-a-difference-as-a-foster-parent;Learn more about becoming a foster career with the National Fostering Group;https://www.nationalfosteringgroup.co.uk/enquire-now/;14;false;1773255305;1788999104
https://www.buzzsprout.com/2087679/fan_mail/new;Visit our Website page;http://www.nationalfosteringgroup.co.uk/;14;false;1784519373;1784519373
https://www.leicestermercury.co.uk/news/leicester-news/meet-leicester-couple-who-transformed-4953572;here;https://www.nationalfosteringgroup.co.uk/events/;14;true;1781719737;1789074968
https://www.leicestermercury.co.uk/news/local-news/woman-who-9-foster-carers-4456615;Jay Fostering;https://www.nationalfosteringgroup.co.uk/jay-fostering/;14;true;1778748847;1788894844
https://www.nfa.co.uk/enquire-now/;;https://www.nationalfosteringgroup.co.uk/enquire-now/;14;false;1771883849;1788103976
https://www.nfa.co.uk/events;;https://www.nationalfosteringgroup.co.uk/events/;14;false;1770841037;1778962786
https://www.nfa.co.uk/fostering/support-and-training/;;https://www.nationalfosteringgroup.co.uk/thinking-about-fostering/support-and-benefits/;14;false;1786317938;1786317938
https://www.nfa.co.uk/story/story_category/how-to-support-birth-family-contact-for-your-foster-child/;;https://www.nationalfosteringgroup.co.uk/news-and-blog/how-to-support-birth-family-contact-for-your-foster-child/;14;false;1785953866;1785953866
https://careers.nfa.co.uk/jobs/;;https://www.nationalfosteringgroup.co.uk/careers/job-vacancies/;13;false;1779302273;1789929034
https://voicesoffostering.buzzsprout.com/2087679/episodes/15316250-matt-my-dad-grew-up-in-care-in-the-50s-and-now-i-foster;here;https://www.nationalfosteringgroup.co.uk/;13;false;1775556560;1789675792
https://voicesoffostering.buzzsprout.com/2087679/episodes/15316279-our-special-episode-with-ellie-simmonds;here;https://www.nationalfosteringgroup.co.uk/;13;false;1775533363;1789884001
https://voicesoffostering.buzzsprout.com/2087679/episodes/15316285-zak-we-provide-the-best-training-for-our-foster-carers;here;https://www.nationalfosteringgroup.co.uk/;13;false;1775899347;1789755727
https://voicesoffostering.buzzsprout.com/2087679/episodes/15434105-phil-it-is-so-important-to-improve-their-self-esteem;here;https://www.nationalfosteringgroup.co.uk/;13;false;1775539773;1789342752
https://voicesoffostering.buzzsprout.com/2087679/episodes/15434107-nigel-as-a-blind-foster-carer-i-am-fully-supported;here;https://www.nationalfosteringgroup.co.uk/;13;false;1775798645;1789980518
https://voicesoffostering.buzzsprout.com/2087679/episodes/15434108-becoming-a-foster-carer-insights-and-faqs-with-nic;here;https://www.nationalfosteringgroup.co.uk/;13;false;1775442359;1789873987
https://voicesoffostering.buzzsprout.com/2087679/episodes/15577155-may-the-importance-of-mindfulness;here;https://www.nationalfosteringgroup.co.uk/;13;false;1775669217;1789633921
https://voicesoffostering.buzzsprout.com/2087679/episodes/15577173-jayne-and-ken-we-have-fostered-for-19-years;here;https://www.nationalfosteringgroup.co.uk/;13;false;1775834969;1789246268
https://voicesoffostering.buzzsprout.com/2087679/episodes/15733142-amalia-we-specialise-in-parent-and-child-foster-care;here;https://www.nationalfosteringgroup.co.uk/;13;false;1775637887;1789720939
https://voicesoffostering.buzzsprout.com/2087679/episodes/15733145-rachel-and-david-balancing-careers-and-fostering;here;https://www.nationalfosteringgroup.co.uk/;13;false;1775552582;1789794301
https://voicesoffostering.buzzsprout.com/2087679/episodes/15733147-scott-we-started-fostering-in-our-early-20s;here;https://www.nationalfosteringgroup.co.uk/;13;false;1775086072;1789257854
https://voicesoffostering.buzzsprout.com/2087679/episodes/15733147-scott-we-started-fostering-in-our-early-20s;Visit our Website page;http://www.nationalfosteringgroup.co.uk/;13;false;1775086072;1780382582
https://voicesoffostering.buzzsprout.com/2087679/episodes/15983102-stefanie-the-importance-of-self-care-for-foster-carers;here;https://www.nationalfosteringgroup.co.uk/;13;false;1775600347;1790029161
https://voicesoffostering.buzzsprout.com/2087679/episodes/15983120-ruth-i-foster-teenage-asylum-seekers;here;https://www.nationalfosteringgroup.co.uk/;13;false;1775342367;1789394917
https://voicesoffostering.buzzsprout.com/2087679/episodes/15983121-our-special-episode-with-joan-collins;here;https://www.nationalfosteringgroup.co.uk/;13;false;1775619187;1789795890
https://voicesoffostering.buzzsprout.com/2087679/episodes/15983123-hilary-we-have-fostered-for-a-decade;here;https://www.nationalfosteringgroup.co.uk/;13;false;1775658704;1789876488
https://voicesoffostering.buzzsprout.com/2087679/episodes/16141759-lisa-i-grew-up-in-a-fostering-family-now-i-work-in-fostering;here;https://www.nationalfosteringgroup.co.uk/;13;false;1775502877;1789982338
https://voicesoffostering.buzzsprout.com/2087679/episodes/16141762-theresa-my-daughter-encouraged-me-to-foster;here;https://www.nationalfosteringgroup.co.uk/;13;false;1775675205;1789836994
https://voicesoffostering.buzzsprout.com/2087679/episodes/16141765-rachel-fostering-in-the-armed-forces;here;https://www.nationalfosteringgroup.co.uk/;13;false;1775488073;1789379080
https://voicesoffostering.buzzsprout.com/2087679/episodes/16141768-sarah-the-journey-and-role-of-a-carer-recruitment-officer;here;https://www.nationalfosteringgroup.co.uk/;13;false;1775714898;1789880001
https://voicesoffostering.buzzsprout.com/2087679/episodes/16525301-khaira-growing-up-in-a-fostering-family;here;https://www.nationalfosteringgroup.co.uk/;13;false;1775355230;1789663827
https://voicesoffostering.buzzsprout.com/2087679/episodes/16525303-jo-anne-from-a-childhood-dream-to-fostering-reality;here;https://www.nationalfosteringgroup.co.uk/;13;false;1775477237;1789416812
https://voicesoffostering.buzzsprout.com/2087679/episodes/16696276-manda-creating-a-safe-haven;here;https://www.nationalfosteringgroup.co.uk/;13;false;1775784847;1790003091
https://voicesoffostering.buzzsprout.com/2087679/episodes/16696279-darren-fostering-with-pride;here;https://www.nationalfosteringgroup.co.uk/;13;false;1775407250;1789586264
https://voicesoffostering.buzzsprout.com/2087679/episodes/16696281-sue-my-18-year-fostering-journey;here;https://www.nationalfosteringgroup.co.uk/;13;false;1775439022;1789259050
https://voicesoffostering.buzzsprout.com/2087679/episodes/16822923-garreth-and-maya-a-daughters-perspective;here;https://www.nationalfosteringgroup.co.uk/;13;false;1775442983;1789951012
https://voicesoffostering.buzzsprout.com/2087679/episodes/16822924-lucy-we-are-a-family-of-foster-carers;here;https://www.nationalfosteringgroup.co.uk/;13;false;1775927140;1789494686
https://voicesoffostering.buzzsprout.com/2087679/episodes/16822926-fiza-creating-a-warm-welcome;here;https://www.nationalfosteringgroup.co.uk/;13;false;1775612939;1789906054
https://voicesoffostering.buzzsprout.com/2087679/episodes/16822928-barney-a-16-year-reflection;here;https://www.nationalfosteringgroup.co.uk/;13;false;1775625770;1789866130
https://voicesoffostering.buzzsprout.com/2087679/episodes/17115291-pat-one-year-later;here;https://www.nationalfosteringgroup.co.uk/;13;false;1776232559;1789570169
https://voicesoffostering.buzzsprout.com/2087679/episodes/17115292-tariq-challenging-myths-in-the-muslim-community;here;https://www.nationalfosteringgroup.co.uk/;13;false;1775123842;1789786900
https://voicesoffostering.buzzsprout.com/2087679/episodes/17115292-tariq-challenging-myths-in-the-muslim-community;Visit our Website page;http://www.nationalfosteringgroup.co.uk/;13;false;1775123842;1782776624
https://voicesoffostering.buzzsprout.com/2087679/episodes/17115293-ali-my-mum-was-fostered;here;https://www.nationalfosteringgroup.co.uk/;13;false;1775202748;1789785098
https://voicesoffostering.buzzsprout.com/2087679/episodes/17115295-darren-and-kate-exploring-the-mockingbird-program;here;https://www.nationalfosteringgroup.co.uk/;13;false;1776206830;1789646233
https://voicesoffostering.buzzsprout.com/2087679/episodes/17281482-paul-fostering-a-child-with-autism;here;https://www.nationalfosteringgroup.co.uk/;13;false;1775841057;1789409952
https://voicesoffostering.buzzsprout.com/2087679/episodes/17281485-serwari-market-stall-to-fostering;here;https://www.nationalfosteringgroup.co.uk/;13;false;1775121903;1789698825
https://voicesoffostering.buzzsprout.com/2087679/episodes/17586972-meshak-inside-the-national-fostering-group-book-club;here;https://www.nationalfosteringgroup.co.uk/;13;false;1775864139;1789552881
https://voicesoffostering.buzzsprout.com/2087679/episodes/17586974-patrice-lawrence-the-journey-of-storytelling;here;https://www.nationalfosteringgroup.co.uk/;13;false;1775811654;1790021287
https://voicesoffostering.buzzsprout.com/2087679/episodes/17586976-gill-what-is-the-fostering-panel;here;https://www.nationalfosteringgroup.co.uk/;13;false;1775786187;1789634588
https://voicesoffostering.buzzsprout.com/2087679/episodes/17737059-julie-empowering-foster-families;here;https://www.nationalfosteringgroup.co.uk/;13;false;1775904260;1789544523
https://voicesoffostering.buzzsprout.com/2087679/episodes/17737061-hazel-guiding-new-foster-carers;here;https://www.nationalfosteringgroup.co.uk/;13;false;1776025619;1789831386
https://voicesoffostering.buzzsprout.com/2087679/episodes/17737062-derek-29-kids-and-counting;here;https://www.nationalfosteringgroup.co.uk/;13;false;1775087465;1789554739
https://voicesoffostering.buzzsprout.com/2087679/episodes/17860478-robert-building-families-through-fostering;here;https://www.nationalfosteringgroup.co.uk/;13;false;1776028857;1789906973
https://voicesoffostering.buzzsprout.com/2087679/episodes/17860500-robert-from-fostering-to-storytelling;here;https://www.nationalfosteringgroup.co.uk/;13;false;1775388466;1789501955
https://voicesoffostering.buzzsprout.com/2087679/episodes/18017273-serwari-fostering-resilience-and-community;here;https://www.nationalfosteringgroup.co.uk/;13;false;1775250971;1789943593
https://voicesoffostering.buzzsprout.com/2087679/episodes/18017274-david-rachael-opening-hearts-and-homes-an-inspiring-foster-family-journey;here;https://www.nationalfosteringgroup.co.uk/;13;false;1775295737;1789923471
https://voicesoffostering.buzzsprout.com/2087679/episodes/18017279-natalie-making-a-difference-the-realities-and-rewards-of-fostering-teenagers;here;https://www.nationalfosteringgroup.co.uk/;13;false;1775063143;1789760951
https://voicesoffostering.buzzsprout.com/2087679/episodes/18219190-susan-the-rewards-of-respite-fostering;here;https://www.nationalfosteringgroup.co.uk/;13;false;1775508118;1789706663
https://voicesoffostering.buzzsprout.com/2087679/episodes/18219192-marisol-finding-family-through-fostering-a-story-of-music-growth-and-love;here;https://www.nationalfosteringgroup.co.uk/;13;false;1776025639;1789257696
https://voicesoffostering.buzzsprout.com/2087679/episodes/18219194-mandy-beyond-18-how-her-home-became-a-lifelong-haven;here;https://www.nationalfosteringgroup.co.uk/;13;false;1775215465;1789262588
https://voicesoffostering.buzzsprout.com/2087679/episodes/18461910-louise-the-power-of-lived-experience-in-fostering;here;https://www.nationalfosteringgroup.co.uk/;13;false;1775436250;1789605507
https://voicesoffostering.buzzsprout.com/2087679/episodes/18461911-jon-duke-of-edinburgh-s-award-for-young-people-in-care;here;https://www.nationalfosteringgroup.co.uk/;13;false;1775464750;1789578856
https://voicesoffostering.buzzsprout.com/2087679/episodes/18461912-mark-the-unexpected-rewards-of-fostering;here;https://www.nationalfosteringgroup.co.uk/;13;false;1775660375;1789553707
https://voicesoffostering.buzzsprout.com/2087679/episodes/18461914-victoria-bridge-to-foster-helping-children-move-from-residential-care-to-family-homes;here;https://www.nationalfosteringgroup.co.uk/;13;false;1775621903;1789721620
https://voicesoffostering.buzzsprout.com/2087679/episodes/18597090-casey-the-power-of-lived-experience-in-foster-care-work;here;https://www.nationalfosteringgroup.co.uk/;13;false;1775450933;1789656316
https://voicesoffostering.buzzsprout.com/2087679/episodes/18597092-john-how-fostering-brought-our-family-closer;here;https://www.nationalfosteringgroup.co.uk/;13;false;1775598707;1789670003
https://voicesoffostering.buzzsprout.com/2087679/episodes/18597095-erin-becoming-an-older-sibling-through-fostering;here;https://www.nationalfosteringgroup.co.uk/;13;false;1775031202;1789547667
https://voicesoffostering.buzzsprout.com/2087679/episodes/18597097-scott-patience-progress-and-second-chances;here;https://www.nationalfosteringgroup.co.uk/;13;false;1775267215;1789544323
https://voicesoffostering.buzzsprout.com/2087679/episodes/18699899-tim-a-ceo-s-view-on-foster-care;here;https://www.nationalfosteringgroup.co.uk/;13;false;1776397133;1789976208
https://voicesoffostering.buzzsprout.com/2087679/episodes/18699902-callum-blue-light-careers-and-fostering;here;https://www.nationalfosteringgroup.co.uk/;13;false;1775660987;1789501739
https://voicesoffostering.buzzsprout.com/2087679/episodes/18699905-carole-and-john-finding-each-other-fostering-together;here;https://www.nationalfosteringgroup.co.uk/;13;false;1775918512;1789617235
https://voicesoffostering.buzzsprout.com/2087679/episodes/18863302-joel-family-firsts-and-letting-go;here;https://www.nationalfosteringgroup.co.uk/;13;false;1777572134;1790034413
https://voicesoffostering.buzzsprout.com/2087679/episodes/18863339-tammy-how-two-girls-found-their-voice;here;https://www.nationalfosteringgroup.co.uk/;13;false;1784451717;1789762147
https://voicesoffostering.buzzsprout.com/2087679/episodes/19052826-daniel-a-single-male-s-first-steps-as-a-foster-carer;here;https://www.nationalfosteringgroup.co.uk/;13;false;1784119733;1789950604
https://voicesoffostering.buzzsprout.com/2087679/episodes/19203641-suzanne-a-first-year-foster-carer-s-story;here;https://www.nationalfosteringgroup.co.uk/;13;false;1784124618;1789657473
https://voicesoffostering.buzzsprout.com/2087679/episodes/19203642-barrie-11-years-as-a-foster-carer;here;https://www.nationalfosteringgroup.co.uk/;13;false;1784122358;1789270960
https://voicesoffostering.buzzsprout.com/2087679/episodes/19203644-steve-fostering-while-working-full-time;here;https://www.nationalfosteringgroup.co.uk/;13;false;1784296195;1789461432
https://voicesoffostering.buzzsprout.com/2087679/episodes/19390564-kathryn-life-as-a-fostering-social-worker;here;https://www.nationalfosteringgroup.co.uk/;13;false;1786220530;1789411482
https://voicesoffostering.buzzsprout.com/2087679/episodes/19390567-julie-fostering-as-a-family;here;https://www.nationalfosteringgroup.co.uk/;13;false;1787609112;1789378107
https://voicesoffostering.buzzsprout.com/2087679/episodes/19520628-chelsey-changing-lives-one-conversation-at-a-time;here;https://www.nationalfosteringgroup.co.uk/;13;false;1787944679;1789582398
https://www.humanium.org/en/child-fostering-children-in-foster-care/;“Types of foster care.”;https://www.nationalfosteringgroup.co.uk/thinking-about-fostering/types-of-foster-care/emergency-foster-care/;13;false;1785888879;1789779267
https://www.nfa.co.uk/find-our-agencies/fostering-in-coventry/;;https://www.nationalfosteringgroup.co.uk/find-our-agencies/fostering-in-coventry/;13;false;1783518935;1783518935
https://www.nfa.co.uk/story/story_category/saying-goodbye-to-a-foster-child-how-to-cope-at-the-end-of-a-placement/;;https://www.nationalfosteringgroup.co.uk/news-and-blog/saying-goodbye-to-a-foster-child-how-to-cope-at-the-end-of-a-placement/;13;false;1770875994;1777959956
https://www.womanandhome.com/life/inspirational-women/foster-mum-at-75/;Fostering Solutions;https://www.nationalfosteringgroup.co.uk/fostering-solutions/;13;false;1784623696;1789942619
https://familyinfo.buckinghamshire.gov.uk/send/preparing-adulthood/transition-guide/know-your-rights/;National Fostering Group;https://www.nationalfosteringgroup.co.uk/news-and-blog/understanding-special-educational-needs-for-foster-children/;12;false;1774772480;1788890662
https://leadiq.com/c/national-fostering-group/5a1d7ea72400002400593c66;National Fostering Agency Group partners with Lancashire County Council. Jul 02, 2020 | www.nfa.co.uk;https://www.nationalfosteringgroup.co.uk/story/blog-news/the-national-fostering-group-are-featured-in-children-and-young-people-now/;12;true;1786900591;1786900591
https://leadiq.com/c/national-fostering-group/5a1d7ea72400002400593c66;National Fostering Agency Group partners with Lancashire County Council. The National Fostering Group have been featured in ‘Children and Young People Now’ for their work in partnership with Lancashire County Council in providing Step Down Foster Placements. Jul 02, 2020 | www.nfa.co.uk;https://www.nationalfosteringgroup.co.uk/story/blog-news/the-national-fostering-group-are-featured-in-children-and-young-people-now/;12;true;1786900591;1786900591
https://odicdsfe.blogspot.com/component/newsmgr/?view=intro;nfa.co.uk;https://www.nationalfosteringgroup.co.uk/;12;true;1773457561;1773457561
https://olspsystem.blogspot.com/component/dashboard/?view=manager;nfa.co.uk;https://www.nationalfosteringgroup.co.uk/;12;true;1773365158;1773365158
https://pocketcasts.com/podcast/voices-of-fostering/f6170480-8f54-013b-f30d-0acc26574db2;nationalfosteringgroup.co.uk;http://www.nationalfosteringgroup.co.uk/;12;false;1775257613;1780500627
https://www.humanium.org/de/kinderpflege-kinder-in-pflegefamilien/;“Types of foster care.”;https://www.nationalfosteringgroup.co.uk/thinking-about-fostering/types-of-foster-care/emergency-foster-care/;12;false;1784991242;1789565028
https://www.humanium.org/es/acogimiento-de-menores-ninos-en-hogares-de-acogida/;“Types of foster care.”;https://www.nationalfosteringgroup.co.uk/thinking-about-fostering/types-of-foster-care/emergency-foster-care/;12;false;1785000386;1788176416
https://www.humanium.org/fr/le-placement-denfants-les-enfants-places-en-famille-daccueil/;“Types of foster care.”;https://www.nationalfosteringgroup.co.uk/thinking-about-fostering/types-of-foster-care/emergency-foster-care/;12;false;1785064209;1788982033
https://www.lancs.live/news/lancashire-news/ive-been-foster-carer-nearly-29588847;Fostering Solutions;https://www.nationalfosteringgroup.co.uk/fostering-solutions/;12;true;1784998805;1790078091
https://www.nfa.co.uk/content-hub/;;https://www.nationalfosteringgroup.co.uk/content-hub/;12;false;1772043698;1787036945
https://www.nfa.co.uk/reach-out-care/office/newton-aycliffe/;;https://www.nationalfosteringgroup.co.uk/reach-out-care/;12;false;1781792712;1781792712
https://www.nfa.co.uk/thinking-about-fostering/should-i-foster-or-adopt/;;https://www.nationalfosteringgroup.co.uk/thinking-about-fostering/should-i-foster-or-adopt/;12;false;1786977560;1786977560
https://fis.sandwell.gov.uk/kb5/sandwell/directory/a_to_z.page?itemid=0KWFGyW_CaIuorEf2YP0bMMjMU5aapRz4AfKgK5q&nh=100&slaction=ADD&titleletter=n;Website;https://www.nationalfosteringgroup.co.uk/national-fostering-agency/midlands/;11;false;1783725566;1785612841
https://fis.sandwell.gov.uk/kb5/sandwell/directory/a_to_z.page?itemid=0KWFGyW_CaIuorEf2YP0bMMjMU5aapRz4AfKgK5q&nh=100&slaction=REMOVE&titleletter=n;Website;https://www.nationalfosteringgroup.co.uk/national-fostering-agency/midlands/;11;false;1783983074;1783983074
https://fis.sandwell.gov.uk/kb5/sandwell/directory/a_to_z.page?itemid=2e8Wow-775ebus5L1VU6lNbxEEACCprLFkZqv9Me&nh=100&slaction=ADD&titleletter=n;Website;https://www.nationalfosteringgroup.co.uk/national-fostering-agency/midlands/;11;false;1783722126;1785593458
https://fis.sandwell.gov.uk/kb5/sandwell/directory/a_to_z.page?itemid=2e8Wow-775ebus5L1VU6lNbxEEACCprLFkZqv9Me&nh=100&slaction=REMOVE&titleletter=n;Website;https://www.nationalfosteringgroup.co.uk/national-fostering-agency/midlands/;11;false;1783998617;1783998617
https://fis.sandwell.gov.uk/kb5/sandwell/directory/a_to_z.page?itemid=2qKYHH59TPgmxh2RB6phRrc1sUw8l7u_GVc6Pnqe&nh=100&slaction=ADD&titleletter=n;Website;https://www.nationalfosteringgroup.co.uk/national-fostering-agency/midlands/;11;false;1783747857;1785330247
https://fis.sandwell.gov.uk/kb5/sandwell/directory/a_to_z.page?itemid=2qKYHH59TPgmxh2RB6phRrc1sUw8l7u_GVc6Pnqe&nh=100&slaction=REMOVE&titleletter=n;Website;https://www.nationalfosteringgroup.co.uk/national-fostering-agency/midlands/;11;false;1783987749;1783987749
https://fis.sandwell.gov.uk/kb5/sandwell/directory/a_to_z.page?itemid=2sJYmy-FSoBjJm5WERXXBhe14yoi79BwF7ynB2m4&nh=100&slaction=ADD&titleletter=n;Website;https://www.nationalfosteringgroup.co.uk/national-fostering-agency/midlands/;11;false;1783761283;1783761283
https://fis.sandwell.gov.uk/kb5/sandwell/directory/a_to_z.page?itemid=2sJYmy-FSoBjJm5WERXXBhe14yoi79BwF7ynB2m4&nh=100&slaction=REMOVE&titleletter=n;Website;https://www.nationalfosteringgroup.co.uk/national-fostering-agency/midlands/;11;false;1784025612;1784025612
https://fis.sandwell.gov.uk/kb5/sandwell/directory/a_to_z.page?itemid=g4fmMH9fnTNBAq4HN8Yj39K_QYxkMz17p36Iwb_g&nh=100&slaction=ADD&titleletter=n;Website;https://www.nationalfosteringgroup.co.uk/national-fostering-agency/midlands/;11;false;1783740527;1785443865
https://fis.sandwell.gov.uk/kb5/sandwell/directory/a_to_z.page?itemid=g4fmMH9fnTNBAq4HN8Yj39K_QYxkMz17p36Iwb_g&nh=100&slaction=REMOVE&titleletter=n;Website;https://www.nationalfosteringgroup.co.uk/national-fostering-agency/midlands/;11;false;1784026425;1784026425
https://fis.sandwell.gov.uk/kb5/sandwell/directory/a_to_z.page?itemid=gC3P2ZTWA9_3VQBQCr5B8zTYyRPrcfBizP67jqbX&nh=100&slaction=ADD&titleletter=n;Website;https://www.nationalfosteringgroup.co.uk/national-fostering-agency/midlands/;11;false;1783745121;1785480907
https://fis.sandwell.gov.uk/kb5/sandwell/directory/a_to_z.page?itemid=hlsNff5ka0iXK8kshts8p7VeBSDCpRbBv4GU_Gab&nh=100&slaction=ADD&titleletter=n;Website;https://www.nationalfosteringgroup.co.uk/national-fostering-agency/midlands/;11;false;1783709971;1785645521
https://fis.sandwell.gov.uk/kb5/sandwell/directory/a_to_z.page?itemid=hlsNff5ka0iXK8kshts8p7VeBSDCpRbBv4GU_Gab&nh=100&slaction=REMOVE&titleletter=n;Website;https://www.nationalfosteringgroup.co.uk/national-fostering-agency/midlands/;11;false;1783881146;1783881146
https://fis.sandwell.gov.uk/kb5/sandwell/directory/a_to_z.page?itemid=j-ZXeexCj_RHtdf0cvGG2Fj3U1UmitAgt1ZCrrzx&nh=100&slaction=ADD&titleletter=n;Website;https://www.nationalfosteringgroup.co.uk/national-fostering-agency/midlands/;11;false;1783791325;1783791325
https://fis.sandwell.gov.uk/kb5/sandwell/directory/a_to_z.page?itemid=j-ZXeexCj_RHtdf0cvGG2Fj3U1UmitAgt1ZCrrzx&nh=100&slaction=REMOVE&titleletter=n;Website;https://www.nationalfosteringgroup.co.uk/national-fostering-agency/midlands/;11;false;1783946663;1783946663
https://fis.sandwell.gov.uk/kb5/sandwell/directory/a_to_z.page?itemid=jjaV02btAP1iXrWYW85HnidNGNyuJD0oOSu2teeO&nh=100&slaction=ADD&titleletter=n;Website;https://www.nationalfosteringgroup.co.uk/national-fostering-agency/midlands/;11;false;1783726671;1785540570
https://fis.sandwell.gov.uk/kb5/sandwell/directory/a_to_z.page?itemid=jjaV02btAP1iXrWYW85HnidNGNyuJD0oOSu2teeO&nh=100&slaction=REMOVE&titleletter=n;Website;https://www.nationalfosteringgroup.co.uk/national-fostering-agency/midlands/;11;false;1784017314;1784017314
https://fis.sandwell.gov.uk/kb5/sandwell/directory/a_to_z.page?itemid=jjbn6Y2qv0lsZ5g2z8nTRs67Hn82AhHFbmmU2DF9&nh=100&slaction=ADD&titleletter=n;Website;https://www.nationalfosteringgroup.co.uk/national-fostering-agency/midlands/;11;false;1783674536;1785604202
https://fis.sandwell.gov.uk/kb5/sandwell/directory/a_to_z.page?itemid=kRPcc2B3xPzoDJEekJjT-C49H87XIwZSQb5o58n8&nh=100&slaction=ADD&titleletter=n;Website;https://www.nationalfosteringgroup.co.uk/national-fostering-agency/midlands/;11;false;1783696571;1783696571
https://fis.sandwell.gov.uk/kb5/sandwell/directory/a_to_z.page?itemid=kRPcc2B3xPzoDJEekJjT-C49H87XIwZSQb5o58n8&nh=100&slaction=REMOVE&titleletter=n;Website;https://www.nationalfosteringgroup.co.uk/national-fostering-agency/midlands/;11;false;1783944264;1783944264
https://fis.sandwell.gov.uk/kb5/sandwell/directory/a_to_z.page?itemid=kksb-Z8vlp2h6UdwyeuQYq6NpLqSVAefVkDWa70K&nh=100&slaction=ADD&titleletter=n;Website;https://www.nationalfosteringgroup.co.uk/national-fostering-agency/midlands/;11;false;1783846655;1785628783
https://fis.sandwell.gov.uk/kb5/sandwell/directory/a_to_z.page?itemid=kksb-Z8vlp2h6UdwyeuQYq6NpLqSVAefVkDWa70K&nh=100&slaction=REMOVE&titleletter=n;Website;https://www.nationalfosteringgroup.co.uk/national-fostering-agency/midlands/;11;false;1783995614;1783995614
https://fis.sandwell.gov.uk/kb5/sandwell/directory/a_to_z.page?itemid=m9x77-IwNApTImEKbkyjhpt86XxHqkYZr1seD7DZ&nh=100&slaction=ADD&titleletter=n;Website;https://www.nationalfosteringgroup.co.uk/national-fostering-agency/midlands/;11;false;1783738322;1785601964
https://fis.sandwell.gov.uk/kb5/sandwell/directory/a_to_z.page?itemid=mLw-6g_hQWecTwSVaIlt2bGyBu4Ri56n3eBGhWXE&nh=100&slaction=ADD&titleletter=n;Website;https://www.nationalfosteringgroup.co.uk/national-fostering-agency/midlands/;11;false;1783808347;1785651240
https://fis.sandwell.gov.uk/kb5/sandwell/directory/a_to_z.page?itemid=mLw-6g_hQWecTwSVaIlt2bGyBu4Ri56n3eBGhWXE&nh=100&slaction=REMOVE&titleletter=n;Website;https://www.nationalfosteringgroup.co.uk/national-fostering-agency/midlands/;11;false;1783998369;1783998369
https://fis.sandwell.gov.uk/kb5/sandwell/directory/a_to_z.page?itemid=mlSrb08ek_1fDbJPcVgPjr0onBT_UhZI29UHg-Ep&nh=100&slaction=ADD&titleletter=n;Website;https://www.nationalfosteringgroup.co.uk/national-fostering-agency/midlands/;11;false;1783738305;1783738305
https://fis.sandwell.gov.uk/kb5/sandwell/directory/a_to_z.page?itemid=mngzqe7ajzF_hsfmJuqnf204EEb8ovHHRRFXanp3&nh=100&slaction=ADD&titleletter=n;Website;https://www.nationalfosteringgroup.co.uk/national-fostering-agency/midlands/;11;false;1783778651;1783778651
https://fis.sandwell.gov.uk/kb5/sandwell/directory/a_to_z.page?itemid=mngzqe7ajzF_hsfmJuqnf204EEb8ovHHRRFXanp3&nh=100&slaction=REMOVE&titleletter=n;Website;https://www.nationalfosteringgroup.co.uk/national-fostering-agency/midlands/;11;false;1784028277;1784028277
https://fis.sandwell.gov.uk/kb5/sandwell/directory/a_to_z.page?itemid=nbZKB3OVXGc7aC76A-y5J8SSwn5EHU35p35bw_Qc&nh=100&slaction=ADD&titleletter=n;Website;https://www.nationalfosteringgroup.co.uk/national-fostering-agency/midlands/;11;false;1783892486;1783892486
https://fis.sandwell.gov.uk/kb5/sandwell/directory/a_to_z.page?itemid=nbZKB3OVXGc7aC76A-y5J8SSwn5EHU35p35bw_Qc&nh=100&slaction=REMOVE&titleletter=n;Website;https://www.nationalfosteringgroup.co.uk/national-fostering-agency/midlands/;11;false;1783998036;1783998036
https://fis.sandwell.gov.uk/kb5/sandwell/directory/a_to_z.page?itemid=nwFMhqISar2pt20fvRCUmiVKJ7aFX4wR2L95znXn&nh=100&slaction=ADD&titleletter=n;Website;https://www.nationalfosteringgroup.co.uk/national-fostering-agency/midlands/;11;false;1783759495;1783759495
https://fis.sandwell.gov.uk/kb5/sandwell/directory/a_to_z.page?itemid=nwFMhqISar2pt20fvRCUmiVKJ7aFX4wR2L95znXn&nh=100&slaction=REMOVE&titleletter=n;Website;https://www.nationalfosteringgroup.co.uk/national-fostering-agency/midlands/;11;false;1783986416;1783986416
https://fis.sandwell.gov.uk/kb5/sandwell/directory/a_to_z.page?itemid=oD5BYenZljXFUt2Gvnw2J7lllsjjqfVno65_EKzZ&nh=100&slaction=ADD&titleletter=n;Website;https://www.nationalfosteringgroup.co.uk/national-fostering-agency/midlands/;11;false;1783728851;1785614351
https://fis.sandwell.gov.uk/kb5/sandwell/directory/a_to_z.page?itemid=ociOq1L01SmOJkLVHO--qMp_uOhTi5Shp9pI6fPS&nh=100&slaction=ADD&titleletter=n;Website;https://www.nationalfosteringgroup.co.uk/national-fostering-agency/midlands/;11;false;1783778827;1783778827
https://fis.sandwell.gov.uk/kb5/sandwell/directory/a_to_z.page?itemid=ociOq1L01SmOJkLVHO--qMp_uOhTi5Shp9pI6fPS&nh=100&slaction=REMOVE&titleletter=n;Website;https://www.nationalfosteringgroup.co.uk/national-fostering-agency/midlands/;11;false;1783966002;1783966002
https://fis.sandwell.gov.uk/kb5/sandwell/directory/a_to_z.page?itemid=oigAai2-F2upr82BprYVNC9UYedLNdhGIOvmXjHd&nh=100&slaction=ADD&titleletter=n;Website;https://www.nationalfosteringgroup.co.uk/national-fostering-agency/midlands/;11;false;1783417531;1787912999
https://fis.sandwell.gov.uk/kb5/sandwell/directory/a_to_z.page?itemid=oigAai2-F2upr82BprYVNC9UYedLNdhGIOvmXjHd&nh=100&slaction=REMOVE&titleletter=n;Website;https://www.nationalfosteringgroup.co.uk/national-fostering-agency/midlands/;11;false;1783892854;1783892854
https://fis.sandwell.gov.uk/kb5/sandwell/directory/a_to_z.page?itemid=ow74G9No1V2InvU688pcbfkRIKBUNJm-NW2ilyZG&nh=100&slaction=ADD&titleletter=n;Website;https://www.nationalfosteringgroup.co.uk/national-fostering-agency/midlands/;11;false;1783738416;1783738416
https://fis.sandwell.gov.uk/kb5/sandwell/directory/a_to_z.page?itemid=ow74G9No1V2InvU688pcbfkRIKBUNJm-NW2ilyZG&nh=100&slaction=REMOVE&titleletter=n;Website;https://www.nationalfosteringgroup.co.uk/national-fostering-agency/midlands/;11;false;1784018684;1784018684
https://fis.sandwell.gov.uk/kb5/sandwell/directory/a_to_z.page?itemid=p3yTtDh-5iqyu5XboyjpydA9CIFLIOijg-H2bdGG&nh=100&slaction=ADD&titleletter=n;Website;https://www.nationalfosteringgroup.co.uk/national-fostering-agency/midlands/;11;false;1783866555;1785456117
https://fis.sandwell.gov.uk/kb5/sandwell/directory/a_to_z.page?itemid=rHPHGiuumPxL8XOxzC8xRwYaRRXvMfRlzcNEaUPs&nh=100&slaction=ADD&titleletter=n;Website;https://www.nationalfosteringgroup.co.uk/national-fostering-agency/midlands/;11;false;1783747016;1783747016
https://fis.sandwell.gov.uk/kb5/sandwell/directory/a_to_z.page?itemid=rHPHGiuumPxL8XOxzC8xRwYaRRXvMfRlzcNEaUPs&nh=100&slaction=REMOVE&titleletter=n;Website;https://www.nationalfosteringgroup.co.uk/national-fostering-agency/midlands/;11;false;1784021224;1784021224
https://fis.sandwell.gov.uk/kb5/sandwell/directory/a_to_z.page?itemid=rXJDf72DlD2M86DqHU_AzyOyir6fEo72yMvtRxhe&nh=100&slaction=ADD&titleletter=n;Website;https://www.nationalfosteringgroup.co.uk/national-fostering-agency/midlands/;11;false;1783806365;1785409639
https://fis.sandwell.gov.uk/kb5/sandwell/directory/a_to_z.page?itemid=uSKGrbyi_u3gNTrjUX0ZuT8RVRoQ2GW_dBW-c2tZ&nh=100&slaction=ADD&titleletter=n;Website;https://www.nationalfosteringgroup.co.uk/national-fostering-agency/midlands/;11;false;1783763484;1783763484
https://fis.sandwell.gov.uk/kb5/sandwell/directory/a_to_z.page?itemid=uSKGrbyi_u3gNTrjUX0ZuT8RVRoQ2GW_dBW-c2tZ&nh=100&slaction=REMOVE&titleletter=n;Website;https://www.nationalfosteringgroup.co.uk/national-fostering-agency/midlands/;11;false;1784027680;1784027680
https://fis.sandwell.gov.uk/kb5/sandwell/directory/a_to_z.page?itemid=vAEjoymS1kNivAsaKIc_0PPPecFnfOmKQao0_MX0&nh=100&slaction=ADD&titleletter=n;Website;https://www.nationalfosteringgroup.co.uk/national-fostering-agency/midlands/;11;false;1783732291;1785598980
https://fis.sandwell.gov.uk/kb5/sandwell/directory/a_to_z.page?itemid=vzMzRRUUSCIFZFalhyJV40ST8cYVlPiUbY75zHvH&nh=100&slaction=ADD&titleletter=n;Website;https://www.nationalfosteringgroup.co.uk/national-fostering-agency/midlands/;11;false;1783708161;1783708161
https://fis.sandwell.gov.uk/kb5/sandwell/directory/a_to_z.page?itemid=vzMzRRUUSCIFZFalhyJV40ST8cYVlPiUbY75zHvH&nh=100&slaction=REMOVE&titleletter=n;Website;https://www.nationalfosteringgroup.co.uk/national-fostering-agency/midlands/;11;false;1784017813;1784017813
https://fis.sandwell.gov.uk/kb5/sandwell/directory/a_to_z.page?nh=100&titleletter=n;Website;https://www.nationalfosteringgroup.co.uk/national-fostering-agency/midlands/;11;false;1783548965;1785410785
https://myjobscotland.gov.uk/adult-care/national-fostering-group;https://www.nationalfosteringgroup.co.uk/national-fostering-agency/scotland/;https://www.nationalfosteringgroup.co.uk/national-fostering-agency/scotland/;11;false;1785241445;1789111764
https://myjobscotland.gov.uk/adult-care/national-fostering-group/jobs/supervising-social-worker-482069;https://www.nationalfosteringgroup.co.uk/national-fostering-agency/scotland/;https://www.nationalfosteringgroup.co.uk/national-fostering-agency/scotland/;11;false;1785234357;1786657488
https://www.cheshire-live.co.uk/whats-on/whats-on-news/runcorn-foster-carers-performance-labi-18042815;Fostering Solutions;https://www.nationalfosteringgroup.co.uk/fostering-solutions/;11;true;1785682935;1785682935
https://www.fwi.co.uk/farm-life/farming-families-and-the-future-of-foster-care;National Fostering Group’s website;https://www.nationalfosteringgroup.co.uk/;11;false;1775887363;1788203294
https://www.inyourarea.co.uk/news/how-fostering-16-children-made-this-couple-so-much-happier;www.nationalfosteringgroup.co.uk;http://www.nationalfosteringgroup.co.uk/;11;false;1773689905;1789263018
https://www.justanswer.co.uk/law/myjfm-carers-decided-personal-reasons-finish.html;https://www.nfa.co.uk/thinking-about-fostering/support-and-benefits-for-foster-carers/financial-support/foster-carers-state-benefits-pensions/;https://www.nationalfosteringgroup.co.uk/thinking-about-fostering/support-and-benefits/financial-support/state-benefits-and-pensions/;11;true;1784317211;1784317211
https://www.justanswer.co.uk/tax/ihkjz-detail-dla-adoption-allowance-self.html;https://www.nfa.co.uk/thinking-about-fostering/support-and-benefits-for-foster-carers/financial-support/tax-and-foster-care/;https://www.nationalfosteringgroup.co.uk/thinking-about-fostering/support-and-benefits/financial-support/tax-and-foster-care/;11;true;1784903043;1784903043
https://www.nfa.co.uk/story/blog-news/9-behavioural-management-strategies-you-can-use-at-home/;;https://www.nationalfosteringgroup.co.uk/news-and-blog/behavioural-management-strategies-for-parents-and-foster-carers/;11;false;1779953812;1784885670
https://www.nfa.co.uk/story/blog-news/our-foster-carer-has-self-published-her-first-novel/;;https://www.nationalfosteringgroup.co.uk/news-and-blog/our-foster-carer-has-self-published-her-first-novel/;11;false;1770431243;1789378245
https://www.nfa.co.uk/story/blog-news/understanding-special-educational-needs-for-foster-children/;;https://www.nationalfosteringgroup.co.uk/news-and-blog/understanding-special-educational-needs-for-foster-children/;11;false;1773189509;1773189509
https://uk.ezilon.com/uk/education/special_education/index.shtml;Heath Farm Family Services;https://www.nationalfosteringgroup.co.uk/heath-farm/;10;false;1772088469;1789602117
https://win.wolverhampton.gov.uk/kb5/wolverhampton/directory/results.action?adultchannel=1&nh=10&sr=400;Website;https://www.nationalfosteringgroup.co.uk/national-fostering-agency/midlands/;10;false;1782885826;1783492254
https://win.wolverhampton.gov.uk/kb5/wolverhampton/directory/results.action?adultchannel=8&nh=10&sr=170;Website;https://www.nationalfosteringgroup.co.uk/national-fostering-agency/midlands/;10;false;1783622511;1787028609
https://win.wolverhampton.gov.uk/kb5/wolverhampton/directory/results.action?familychannel=4_10&nh=10&sr=50;Website;https://www.nationalfosteringgroup.co.uk/national-fostering-agency/midlands/;10;false;1783110893;1783110893
https://win.wolverhampton.gov.uk/kb5/wolverhampton/directory/results.action?nh=10&sr=800;Website;https://www.nationalfosteringgroup.co.uk/national-fostering-agency/midlands/;10;false;1782979377;1783478187
https://www.gransnet.com/forums/estrangement/1270619-Update-re-the-younger-grandchildren;www.nfa.co.uk/story/blog-news/what-is-a-trauma-bond-and-how-can-it-affect-children-and-young-people/;https://www.nationalfosteringgroup.co.uk/news-and-blog/what-is-a-trauma-bond-and-how-can-it-affect-children-and-young-people/;10;true;1778179280;1785243137
https://www.nfa.co.uk/national-fostering-agency/;;https://www.nationalfosteringgroup.co.uk/national-fostering-agency/;10;false;1771049345;1784217732
https://askai.glarity.app/search/What-is-the-meaning-and-usage-of-the-term-%22foster%22;[10;https://www.nationalfosteringgroup.co.uk/thinking-about-fostering/what-is-fostering/;9;true;1787042571;1787042571
https://bowkervale.edublogs.org/2023/06/26/safe-over-summer/;https://www.nfa.co.uk/story/story_category/10-common-childhood-accidents-and-how-to-avoid-them-in-your-home/;https://www.nationalfosteringgroup.co.uk/news-and-blog/10-common-childhood-accidents-and-how-to-avoid-them-in-your-home/;9;false;1778943063;1787348185
https://bowkervale.edublogs.org/author/rjacques/page/5/;https://www.nfa.co.uk/story/story_category/10-common-childhood-accidents-and-how-to-avoid-them-in-your-home/;https://www.nationalfosteringgroup.co.uk/news-and-blog/10-common-childhood-accidents-and-how-to-avoid-them-in-your-home/;9;false;1779364511;1785277267
https://bowkervale.edublogs.org/category/community/page/5/;https://www.nfa.co.uk/story/story_category/10-common-childhood-accidents-and-how-to-avoid-them-in-your-home/;https://www.nationalfosteringgroup.co.uk/news-and-blog/10-common-childhood-accidents-and-how-to-avoid-them-in-your-home/;9;false;1778854567;1787781045
https://bowkervale.edublogs.org/category/headteachers-blog/page/4/;https://www.nfa.co.uk/story/story_category/10-common-childhood-accidents-and-how-to-avoid-them-in-your-home/;https://www.nationalfosteringgroup.co.uk/news-and-blog/10-common-childhood-accidents-and-how-to-avoid-them-in-your-home/;9;false;1778494126;1783444570
https://bowkervale.edublogs.org/category/headteachers-blog/page/5/;https://www.nfa.co.uk/story/story_category/10-common-childhood-accidents-and-how-to-avoid-them-in-your-home/;https://www.nationalfosteringgroup.co.uk/news-and-blog/10-common-childhood-accidents-and-how-to-avoid-them-in-your-home/;9;false;1783152055;1783152055
https://bowkervale.edublogs.org/category/pshe/page/7/;https://www.nfa.co.uk/story/story_category/10-common-childhood-accidents-and-how-to-avoid-them-in-your-home/;https://www.nationalfosteringgroup.co.uk/news-and-blog/10-common-childhood-accidents-and-how-to-avoid-them-in-your-home/;9;false;1779413051;1785375610
https://growjo.com/company/LHC;;https://www.nationalfosteringgroup.co.uk/;9;false;1777227535;1777227535
https://growjo.com/company/LINDEN_HOMES_WESTERN;;https://www.nationalfosteringgroup.co.uk/;9;false;1772313116;1787462090
https://growjo.com/company/Pepper_Money_UK;;https://www.nationalfosteringgroup.co.uk/;9;false;1771001470;1781465271
https://wiza.co/d/nationalfosteringgroup/6e2d;nfa.co.uk;https://www.nationalfosteringgroup.co.uk/;9;false;1775180793;1787576632
https://wiza.co/d/nationalfosteringgroup/6e2d;Go to website;https://www.nationalfosteringgroup.co.uk/;9;false;1775180793;1787576632
https://www.ireland-live.ie/news/family/2029733/couple-who-have-fostered-16-children-in-seven-years-say-you-dont-realise-how-rewarding-fostering-is-until-you-do-it.html;www.nationalfosteringgroup.co.uk;http://www.nationalfosteringgroup.co.uk/;9;false;1772717952;1777214578
https://www.lancasterguardian.co.uk/news/national/blind-morecambe-hotel-boss-to-brave-parachute-jump-in-aid-of-galloways-charity-4716885;https://www.nfa.co.uk/fostering-solutions/;https://www.nationalfosteringgroup.co.uk/fostering-solutions/;9;true;1784472251;1788692414
https://www.lancasterguardian.co.uk/news/people/south-lakes-foster-couple-transform-young-boys-life-4054410;https://www.nfa.co.uk/thinking-about-fostering/;https://www.nationalfosteringgroup.co.uk/thinking-about-fostering/;9;true;1783753312;1788963132
https://www.weridetogether.today/blog-posts/athlete-toolkit-4-tools-for-every-athlete;trauma bonds;https://www.nationalfosteringgroup.co.uk/news-and-blog/what-is-a-trauma-bond-and-how-can-it-affect-children-and-young-people/;9;false;1779866592;1787887352
http://knows.sbs/domain/domain/part/168027;nfa.co.uk;https://www.nationalfosteringgroup.co.uk/;8;true;1773495433;1773495433
http://takes.sbs/domain/domain/part/168027;nfa.co.uk;https://www.nationalfosteringgroup.co.uk/;8;true;1774564695;1774564695
https://careers.nfa.co.uk/registered-manager/;;https://www.nationalfosteringgroup.co.uk/careers/work-for-us/social-work/registered-manager/;8;false;1783858429;1788119396
https://careers.nfa.co.uk/social-work/;;https://www.nationalfosteringgroup.co.uk/careers/work-for-us/social-work/;8;false;1780377857;1789623075
https://cocodoc.com/form/407917-fillable-negatives-of-foster-40-80-form;;https://www.nationalfosteringgroup.co.uk/news-and-blog/;8;true;1779464480;1783694604
https://podcastrepublic.net/podcast/1672294595;Open Website;http://www.nationalfosteringgroup.co.uk/;8;false;1775098250;1784663697
https://www.ashgate.manchester.sch.uk/page/safe4summer/138726;https://www.nfa.co.uk/story/story_category/10-common-childhood-accidents-and-how-to-avoid-them-in-your-home/;https://www.nationalfosteringgroup.co.uk/news-and-blog/10-common-childhood-accidents-and-how-to-avoid-them-in-your-home/;8;false;1778025036;1786847401
https://www.ireland-live.ie/national/couple-who-have-fostered-16-children-in-seven-years-say-you-dont-realise-how-rewarding-fostering-is-until-you-do-it-6613996;www.nationalfosteringgroup.co.uk;http://www.nationalfosteringgroup.co.uk/;8;true;1781654187;1787553654
https://www.nationalfosteringgroup.co.uk/about/;Visit our careers website;https://www.nationalfosteringgroup.co.uk/careers/;8;false;1789712892;1790076876
https://www.nationalfosteringgroup.co.uk/thinking-about-fostering/who-can-foster/can-you-be-a-single-foster-parent/;becoming a foster carer;https://www.nationalfosteringgroup.co.uk/thinking-about-fostering/becoming-a-foster-carer/;8;false;1790057769;1790057769
https://www.nationalfosteringgroup.co.uk/thinking-about-fostering/who-can-foster/can-you-be-a-single-foster-parent/;foster care pay;https://www.nationalfosteringgroup.co.uk/thinking-about-fostering/support-and-benefits/financial-support/fostering-allowance/;8;false;1790057769;1790057769
https://www.nfa.co.uk/brighter-futures/about-brighter-futures/;;https://www.nationalfosteringgroup.co.uk/brighter-futures/;8;false;1771445382;1777959134
https://www.nfa.co.uk/find-our-agencies/fostering-in-northampton/;;https://www.nationalfosteringgroup.co.uk/find-our-agencies/fostering-in-northampton/;8;false;1780820466;1780820466
https://www.nfa.co.uk/story/blog-news/carer-success-stories/;;https://www.nationalfosteringgroup.co.uk/carer-story/;8;false;1775036824;1779931809
https://www.nfa.co.uk/story/case-study/everyone-is-different-ryan-and-darrens-story/;;https://www.nationalfosteringgroup.co.uk/carer-story/;8;false;1773197163;1777960293
https://www.nfa.co.uk/thinking-about-fostering/what-is-therapeutic-fostering/;;https://www.nationalfosteringgroup.co.uk/thinking-about-fostering/support-and-benefits/training/therapeutic-fostering/;8;false;1774134270;1774134270
https://www.nfa.co.uk/video/;;https://www.nationalfosteringgroup.co.uk/content-hub/;8;false;1773455582;1774889417
https://www.skyhighscaffoldingliverpool.co.uk/blog/domestic-scaffolding-tips-for-successful-residential-construction-projects-in-the-uk/;fostering;https://www.nationalfosteringgroup.co.uk/thinking-about-fostering/what-is-fostering/;8;false;1779841588;1788614467
https://www.xtra.com.my/ikuti-3-tip-ini-supaya-anak-anda-mula-biasakan-diri-dengan-memakan-makanan-sihat/;National Fostering Agency;https://www.nationalfosteringgroup.co.uk/blog/12-health-tips-for-your-family-this-world-health-day/;8;false;1785331056;1787157361
https://www.xtra.com.my/ikuti-3-tip-ini-supaya-anak-anda-mula-biasakan-diri-dengan-memakan-makanan-sihat/;National Fostering Agency;https://www.nationalfosteringgroup.co.uk/news-and-blog/;8;false;1788893467;1788893467
https://clubhubuk.co.uk/thinking-becoming-foster-carer/;training;https://www.nationalfosteringgroup.co.uk/thinking-about-fostering/support-and-benefits/;7;false;1787499889;1789228944
https://dudleyci.co.uk/services/national-fostering-agency;National Fostering Agency Midlands;https://www.nationalfosteringgroup.co.uk/national-fostering-agency/midlands/;7;false;1782861612;1788565203
https://dudleyci.co.uk/services/national-fostering-agency?view=grid;National Fostering Agency Midlands;https://www.nationalfosteringgroup.co.uk/national-fostering-agency/midlands/;7;false;1783065278;1788691495
https://dudleyci.co.uk/services/national-fostering-agency?view=map;National Fostering Agency Midlands;https://www.nationalfosteringgroup.co.uk/national-fostering-agency/midlands/;7;false;1783057749;1788727565
https://greatbritishfoodfestival.com/artisan-market/;NFA Wales;https://www.nationalfosteringgroup.co.uk/national-fostering-agency/wales/;7;false;1782457374;1789768117
https://greatbritishfoodfestival.com/artisan-market/?event=margam-park;NFA Wales;https://www.nationalfosteringgroup.co.uk/national-fostering-agency/wales/;7;false;1782641450;1789572599
https://greatbritishfoodfestival.com/guide/;;https://www.nationalfosteringgroup.co.uk/national-fostering-agency/wales/;7;false;1787797228;1788152178
https://greatbritishfoodfestival.com/guide/;NFA Wales;https://www.nationalfosteringgroup.co.uk/national-fostering-agency/wales/;7;false;1787797228;1788152178
https://nff.org.uk/advice/supporting-you-and-your-family/;National Fostering Group, Our Children;https://www.nationalfosteringgroup.co.uk/;7;false;1776357737;1789239751
https://virtualsdirectory.com/how-interactive-campaigns-increase-retention-in-digital-assistants/;nfa;https://www.nationalfosteringgroup.co.uk/;7;false;1772452184;1774184234
https://www.companiesintheuk.co.uk/ltd/ryancare-fostering-2;ryancarefostering.com;https://www.nationalfosteringgroup.co.uk/ryancare/;7;true;1787061635;1787061635
https://www.companiesintheuk.co.uk/ltd/ryancare-fostering-2;https://www.nationalfosteringgroup.co.uk/ryancare/;https://www.nationalfosteringgroup.co.uk/ryancare/;7;false;1771971605;1787061635
https://www.mettle.co.uk/blog/how-john-started-a-community-initiative-from-his-spare-room/;National Fostering Group;https://www.nationalfosteringgroup.co.uk/thinking-about-fostering/support-and-benefits/financial-support/being-a-self-employed-foster-carer/;7;false;1773688757;1790026003
https://www.mkfm.com/news/local-news/the-national-fostering-group-develop-unique-fast-track-assessment-for-foster-carers/;here;https://www.nationalfosteringgroup.co.uk/enquire-now/;7;false;1772696593;1789323392
https://www.nfa.co.uk/about-national-fostering-group/tax-strategy-information/;;https://www.nationalfosteringgroup.co.uk/about/tax-strategy-information/;7;false;1777455226;1777455226
https://www.nfa.co.uk/about-national-fostering-group/whistleblowing/;;https://www.nationalfosteringgroup.co.uk/about/whistleblowing/;7;false;1771735629;1788974351
https://www.nfa.co.uk/events/;;https://www.nationalfosteringgroup.co.uk/events/;7;false;1777399721;1783173030
https://www.nfa.co.uk/family-placement/office/witney/;;https://www.nationalfosteringgroup.co.uk/family-placement/;7;false;1781791273;1788332480
https://www.nfa.co.uk/fast-track-application-process/;;https://www.nationalfosteringgroup.co.uk/fast-track-application-process/;7;false;1776976488;1783528277
https://www.nfa.co.uk/heath-farm/about-heath-farm/;;https://www.nationalfosteringgroup.co.uk/heath-farm/;7;false;1780834777;1787938775
https://www.nfa.co.uk/story/blog-news/my-emotional-journey-of-fostering-asylum-seeking-children/;;https://www.nationalfosteringgroup.co.uk/carer-story/;7;false;1777939478;1782830940
https://www.nfa.co.uk/story/blog-news/what-its-like-to-foster-children-with-disabilities/;;https://www.nationalfosteringgroup.co.uk/news-and-blog/what-its-like-to-foster-children-with-disabilities/;7;false;1776964215;1781833464
https://www.nfa.co.uk/story/story_category/what-is-a-trauma-bond-and-how-can-it-affect-children-and-young-people/;;https://www.nationalfosteringgroup.co.uk/news-and-blog/what-is-a-trauma-bond-and-how-can-it-affect-children-and-young-people/;7;false;1779461058;1784204042
https://www.nfa.co.uk/thinking-about-fostering/support-and-benefits-for-foster-carers/;;https://www.nationalfosteringgroup.co.uk/thinking-about-fostering/support-and-benefits/;7;false;1775062164;1778462305
https://www.nfa.co.uk/thinking-about-fostering/types-of-foster-care/emergency-foster-care/;;https://www.nationalfosteringgroup.co.uk/thinking-about-fostering/types-of-foster-care/emergency-foster-care/;7;false;1784212995;1784212995
https://www.nfa.co.uk/thinking-about-fostering/who-can-foster/;;https://www.nationalfosteringgroup.co.uk/thinking-about-fostering/who-can-foster/;7;false;1778482402;1784886001
https://corambaaf.org.uk/resources/equality-diversity-and-inclusion/lgbtq/transgender-awareness-week-2023;Find out more;https://www.nationalfosteringgroup.co.uk/news-and-blog/how-to-support-and-care-for-a-transgender-child/;6;false;1780058736;1789446100
https://corambaaf.org.uk/why-we-need-breathing-space;Find out more;https://www.nationalfosteringgroup.co.uk/news-and-blog/;6;false;1777315566;1789591770
https://eachother.org.uk/books-are-not-only-cool-they-are-crucial-to-childrens-rights-too/;escapism;https://www.nationalfosteringgroup.co.uk/news-and-blog/;6;false;1789140759;1789140759
https://leighleopards.co.uk/ld-team/;;https://www.nationalfosteringgroup.co.uk/national-fostering-agency/;6;false;1771891735;1789967010
https://redkitedays.co.uk/the-ultimate-guide-to-fostering-everything-you-need-to-know-before-taking-the-leap/;Building positive relationships with birth families can be challenging;https://www.nationalfosteringgroup.co.uk/news-and-blog/how-to-support-birth-family-contact-for-your-foster-child/;6;false;1786421105;1790032741
https://suttoninformationhub.org.uk/organisations/national-fostering-agency-london-south;Website;https://www.nationalfosteringgroup.co.uk/national-fostering-agency/london-south/;6;false;1783364857;1789019964
https://suttoninformationhub.org.uk/services/foster-care;Website nationalfosteringgroup.co.uk;https://www.nationalfosteringgroup.co.uk/national-fostering-agency/london-south/;6;false;1783193900;1788844517
https://theriversidecentre.org.uk/whats-on/;Family Placement - National Fostering;https://www.nationalfosteringgroup.co.uk/;6;false;1773075052;1780737562
https://www.corambaaf.org.uk/resources/equality-diversity-and-inclusion/lgbtq/transgender-awareness-week-2023;Find out more;https://www.nationalfosteringgroup.co.uk/news-and-blog/how-to-support-and-care-for-a-transgender-child/;6;false;1779456051;1790009057
https://www.corambaaf.org.uk/why-we-need-breathing-space;Find out more;https://www.nationalfosteringgroup.co.uk/news-and-blog/;6;false;1778215267;1788688039
https://www.escis.org.uk/advice-and-support/national-fostering-agency-south-east/;https://www.nationalfosteringgroup.co.uk/national-fostering-agency/south-east/;https://www.nationalfosteringgroup.co.uk/national-fostering-agency/south-east/;6;false;1788474626;1789921088
https://www.escis.org.uk/advice-and-support/national-fostering-agency-south-east/;Website;https://www.nationalfosteringgroup.co.uk/national-fostering-agency/south-east/;6;true;1788474626;1789921088
https://www.nfa.co.uk/blog/12-health-tips-for-your-family-this-world-health-day;;https://www.nationalfosteringgroup.co.uk/blog/12-health-tips-for-your-family-this-world-health-day/;6;false;1785253424;1787657002
https://www.nfa.co.uk/blog/12-health-tips-for-your-family-this-world-health-day;;https://www.nationalfosteringgroup.co.uk/news-and-blog/;6;false;1787657002;1790092170
https://www.nfa.co.uk/brighter-futures/office/essex/;;https://www.nationalfosteringgroup.co.uk/brighter-futures/;6;false;1779706483;1787556180
https://www.nfa.co.uk/heath-farm/office/kent/;;https://www.nationalfosteringgroup.co.uk/heath-farm/;6;false;1770760746;1789317539
https://www.nfa.co.uk/story/story_category/can-you-foster-if-you-have-health-problems/;;https://www.nationalfosteringgroup.co.uk/thinking-about-fostering/who-can-foster/can-you-foster-if-you-have-health-problems/;6;false;1780827918;1788014707
https://www.nfa.co.uk/thinking-about-fostering/support-and-benefits-for-foster-carers/financial-support/;;https://www.nationalfosteringgroup.co.uk/thinking-about-fostering/support-and-benefits/financial-support/fostering-allowance/;6;false;1778462907;1789021053
https://www.silk1069.com/news/local-news/female-foster-couple-from-cheshire-share-huge-joy-of-foster-care-journey/;Fostering Solutions;https://www.nationalfosteringgroup.co.uk/fostering-solutions/;6;false;1784297952;1789954681
https://www.toddleabout.co.uk/parenting/the-essential-character-traits-of-a-foster-parent/;challenging behaviour;https://www.nationalfosteringgroup.co.uk/news-and-blog/;6;false;1778829012;1788189719
http://blinks.sbs/domain/domain/part/168027;nfa.co.uk;https://www.nationalfosteringgroup.co.uk/;5;true;1776122673;1776122673
http://reachoutcare.co.uk/;;https://www.nationalfosteringgroup.co.uk/reach-out-care/office/newton-aycliffe/?agency_referrer=reachoutcarefosteringservices.co.uk;5;false;1770322182;1772684608
http://wants.cfd/domain/domain/part/168027;nfa.co.uk;https://www.nationalfosteringgroup.co.uk/;5;true;1776696612;1776696612
https://acvo.org.uk/shmu-episodes/july26-24/;www.nfa.co.uk;https://www.nationalfosteringgroup.co.uk/national-fostering-agency/scotland/;5;false;1777503016;1781968553
https://careers.nfa.co.uk/carer-recruitment-role/;;https://www.nationalfosteringgroup.co.uk/careers/work-for-us/family-finders/carer-recruitment/;5;false;1779581417;1779581417
https://explore.datagardener.com/company/nimbus-topco-limited-09248650;nfa.co.uk;https://www.nationalfosteringgroup.co.uk/;5;false;1789806502;1789806502
https://explore.datagardener.com/company/nimbus-topco-limited-09248650;Website;https://www.nationalfosteringgroup.co.uk/;5;false;1789806502;1789806502
https://investinginwomen.co.uk/changing-lives-building-futures-the-truth-about-foster-care/;National Fostering Group;https://www.nationalfosteringgroup.co.uk/enquire-now/;5;false;1772610074;1785741362
https://investinginwomen.co.uk/foster-care/;Find out more about Fostering Solutions here;https://www.nationalfosteringgroup.co.uk/fostering-solutions/;5;false;1785931129;1785931129
https://investinginwomen.co.uk/foster-care/;National Fostering Group;https://www.nationalfosteringgroup.co.uk/enquire-now/;5;false;1779524728;1785931129
https://investinginwomen.co.uk/job/foster-carer/;www.nfa.co.uk;https://www.nationalfosteringgroup.co.uk/enquire-now/;5;false;1773817016;1785325332
https://investinginwomen.co.uk/job/foster-carer/;Visit Application Site;https://www.nationalfosteringgroup.co.uk/enquire-now/;5;false;1773817016;1778012225
https://investinginwomen.co.uk/our-franchises-and-training-and-employers/national-fostering-group/;Read More;https://www.nationalfosteringgroup.co.uk/thinking-about-fostering/support-and-benefits/;5;false;1777010571;1785522539
https://investinginwomen.co.uk/our-franchises-and-training-and-employers/national-fostering-group/;Learn More;https://www.nationalfosteringgroup.co.uk/;5;false;1777010571;1785522539
https://investinginwomen.co.uk/our-franchises-and-training-and-employers/national-fostering-group/;here.;https://www.nationalfosteringgroup.co.uk/enquire-now/;5;false;1771930824;1785522539
https://investinginwomen.co.uk/work-it-like-a-mum-podcasts/episode-68/;Fostering Solutions;https://www.nationalfosteringgroup.co.uk/fostering-solutions/;5;false;1785602418;1787905909
https://investinginwomen.co.uk/work-it-like-a-mum-podcasts/episode-68/;Learn more about becoming a foster carer with the National Fostering Group;https://www.nationalfosteringgroup.co.uk/enquire-now/;5;false;1775836863;1787905909
https://investinginwomen.co.uk/work-it-like-a-mum-podcasts/episode-68/;Learn more about becoming a foster career with the National Fostering Group;https://www.nationalfosteringgroup.co.uk/enquire-now/;5;false;1772160780;1780129172
https://optimisticmommy.com/who-can-foster-children/;physical difficulties;https://www.nationalfosteringgroup.co.uk/thinking-about-fostering/who-can-foster/can-you-foster-if-you-have-health-problems/;5;false;1781822878;1788857551
https://personneltodayawards.com/2026/en/page/shortlist-2026;https://www.nationalfosteringgroup.co.uk...;https://www.nationalfosteringgroup.co.uk/;5;true;1786316447;1788795861
https://torbayfamilyhub.org.uk/topic/top-tips-series-helping-children-who-are-scared-of-bonfire-night-and-halloween/;5 Ways to Help Children Who are Scared of Halloween and Bonfire Night;https://www.nationalfosteringgroup.co.uk/news-and-blog/5-ways-to-help-children-who-are-scared-of-halloween-and-bonfire-night/;5;false;1787832604;1789562248
https://wegetyoufound.co.uk/listings/alpha-plus-fostering-ltd/oldham/child-care-agency;Go To Website;https://www.nationalfosteringgroup.co.uk/;5;true;1771453099;1780508911
https://wegetyoufound.co.uk/listings/alpha-plus-fostering-ltd/oldham/child-care-agency;Visit Website;https://www.nationalfosteringgroup.co.uk/;5;true;1771453099;1780508911
https://wegetyoufound.co.uk/listings/children-first-fostering-agency/basildon/child-care-agency;Go To Website;https://www.nationalfosteringgroup.co.uk/;5;true;1771695357;1780840420
https://wegetyoufound.co.uk/listings/children-first-fostering-agency/basildon/child-care-agency;Visit Website;https://www.nationalfosteringgroup.co.uk/;5;true;1771695357;1780840420
https://wegetyoufound.co.uk/listings/fostering-solutions/bolton/child-care-agency;Go To Website;https://www.nationalfosteringgroup.co.uk/;5;true;1774850274;1779419009
https://wegetyoufound.co.uk/listings/fostering-solutions/bolton/child-care-agency;Visit Website;https://www.nationalfosteringgroup.co.uk/;5;true;1774850274;1779419009
https://wegetyoufound.co.uk/listings/heath-farm-fostering/whitstable/foster-care-service;Visit Website;https://www.nationalfosteringgroup.co.uk/;5;true;1774132673;1778627424
https://wegetyoufound.co.uk/listings/heath-farm-fostering/whitstable/foster-care-service;Go To Website;https://www.nationalfosteringgroup.co.uk/;5;true;1774132673;1778627424
https://www.dee1063.com/news/local-news/female-foster-couple-from-cheshire-share-huge-joy-of-foster-care-journey/;Fostering Solutions;https://www.nationalfosteringgroup.co.uk/fostering-solutions/;5;false;1784259187;1790062285
https://www.emmaand3.com/at-what-age-does-a-child-need-their-own-room-legally/;children in care and foster care;https://www.nationalfosteringgroup.co.uk/thinking-about-fostering/types-of-foster-care/fostering-siblings/;5;false;1775272591;1785545127
https://www.lifestyledaily.co.uk/article/2022/02/01/can-you-afford-foster-child-finances-bear-mind;foster parent;https://www.nationalfosteringgroup.co.uk/thinking-about-fostering/what-is-fostering/;5;false;1780090751;1788883268
https://www.nfa.co.uk/about-national-fostering-group/cookies-policy/;;https://www.nationalfosteringgroup.co.uk/about/cookie-policy/;5;false;1771865408;1789745881
https://www.nfa.co.uk/carer-story/page/8/;;https://www.nationalfosteringgroup.co.uk/carer-story/;5;false;1772786652;1780615834
https://www.nfa.co.uk/find-our-agencies/fostering-in-bolton/;;https://www.nationalfosteringgroup.co.uk/find-our-agencies/fostering-in-bolton/;5;false;1780820670;1787321385
https://www.nfa.co.uk/jay-fostering;;https://www.nationalfosteringgroup.co.uk/jay-fostering/;5;false;1783548418;1783548418
https://www.nfa.co.uk/national-fostering-agency/office/east/;;https://www.nationalfosteringgroup.co.uk/national-fostering-agency/east/;5;false;1771083777;1783097385
https://www.nfa.co.uk/news-and-blog/how-to-support-and-care-for-a-transgender-child/;;https://www.nationalfosteringgroup.co.uk/news-and-blog/how-to-support-and-care-for-a-transgender-child/;5;false;1778745155;1789449980
https://www.nfa.co.uk/news-and-blog/understanding-self-harming-behaviour-in-children/;;https://www.nationalfosteringgroup.co.uk/news-and-blog/understanding-self-harming-behaviour-in-children/;5;false;1773372148;1780529919
https://www.nfa.co.uk/news-and-blog/what-is-a-trauma-bond-and-how-can-it-affect-children-and-young-people/;;https://www.nationalfosteringgroup.co.uk/news-and-blog/what-is-a-trauma-bond-and-how-can-it-affect-children-and-young-people/;5;false;1772611115;1789954617
https://www.nfa.co.uk/next-step-fostering/office/next-step-fostering/;;https://www.nationalfosteringgroup.co.uk/next-step-fostering/;5;false;1772056509;1789161577
https://www.nfa.co.uk/story/blog-news/different-child-exploitation-grooming-models-how-to-spot-the-signs/;;https://www.nationalfosteringgroup.co.uk/news-and-blog/different-child-exploitation-grooming-models-how-to-spot-the-signs/;5;false;1770386261;1784889164
https://www.nfa.co.uk/story/blog-news/saying-goodbye-to-a-foster-child-how-to-cope-at-the-end-of-a-placement/;;https://www.nationalfosteringgroup.co.uk/news-and-blog/saying-goodbye-to-a-foster-child-how-to-cope-at-the-end-of-a-placement/;5;false;1778989119;1783872387
https://www.nfa.co.uk/story/blog-news/weve-been-there-we-know-a-letter-to-children-new-to-foster-care/;;https://www.nationalfosteringgroup.co.uk/news-and-blog/;5;false;1780824561;1785588512
https://www.nfa.co.uk/story/story_category/respite-care-for-children-with-special-needs/;;https://www.nationalfosteringgroup.co.uk/thinking-about-fostering/types-of-foster-care/stayover-care/;5;false;1779950216;1784893671
https://www.nfa.co.uk/thinking-about-fostering/support-and-benefits-for-foster-carers/carer-benefits/;;https://www.nationalfosteringgroup.co.uk/thinking-about-fostering/support-and-benefits/carer-benefits-and-perks/;5;false;1771273093;1787763499
https://www.notreallyheremedia.com/news/oldham-reporter/fostering-agency-applauded-by-ofsted/;https://www.nfa.co.uk/alpha-plus-fostering/office/oldham/;https://www.nationalfosteringgroup.co.uk/alpha-plus-fostering/;5;false;1782746421;1789769114
https://www.notreallyheremedia.com/news/oldham-reporter/fostering-agency-applauded-by-ofsted/;nfa.co.uk;https://www.nationalfosteringgroup.co.uk/alpha-plus-fostering/;5;false;1782746421;1789769114
https://www.orparc.org/resources/food-issues-nutrition;Food for Thought For Foster Carers;https://www.nationalfosteringgroup.co.uk/news-and-blog/;5;false;1782582105;1787864862
http://search3.openobjects.com/kb5/wolverhampton/directory/results.action?familychannel=0&nh=10&sr=310;Website;https://www.nationalfosteringgroup.co.uk/national-fostering-agency/midlands/;4;false;1782871242;1782871242
https://careers.nfa.co.uk/advanced-practitioner/;;https://www.nationalfosteringgroup.co.uk/careers/work-for-us/social-work/advanced-practitioner/;4;false;1784193245;1789905711
https://careers.nfa.co.uk/work-for-us/;;https://www.nationalfosteringgroup.co.uk/careers/work-for-us/;4;false;1779025777;1789733870
https://futureradio.co.uk/advertise/;NFA East Logo;https://www.nationalfosteringgroup.co.uk/national-fostering-agency/east/;4;false;1771477612;1789640971
https://prnewslink.net/releases/e-1/22781.html;NFA Fostering Family website;https://www.nationalfosteringgroup.co.uk/enquire-now/;4;true;1772053625;1789678031
https://prnewslink.net/releases/e-1/22783.html;NFA Fostering Family website;https://www.nationalfosteringgroup.co.uk/enquire-now/;4;true;1772046223;1786027923
https://prnewslink.net/releases/e-1/22785.html;NFA Fostering Family website;https://www.nationalfosteringgroup.co.uk/enquire-now/;4;true;1773599467;1789395836
https://prnewslink.net/releases/e-1/22788.html;NFA Fostering Family website;https://www.nationalfosteringgroup.co.uk/enquire-now/;4;true;1772120412;1789779371
https://prnewslink.net/releases/e-1/22957.html;https://www.nfa.co.uk/story/blog-news/nfa-group-partners-with-british-exploring-society-for-highlands-expedition/;https://www.nationalfosteringgroup.co.uk/news-and-blog/nfa-group-partners-with-british-exploring-society-for-highlands-expedition/;4;true;1776951388;1789930834
https://prnewslink.net/releases/e-1/22958.html;https://www.nfa.co.uk/story/blog-news/nfa-group-partners-with-british-exploring-society-for-highlands-expedition/;https://www.nationalfosteringgroup.co.uk/news-and-blog/nfa-group-partners-with-british-exploring-society-for-highlands-expedition/;4;true;1777215858;1789500562
https://prnewslink.net/releases/e-1/22959.html;https://www.nfa.co.uk/story/blog-news/nfa-group-partners-with-british-exploring-society-for-highlands-expedition/;https://www.nationalfosteringgroup.co.uk/news-and-blog/nfa-group-partners-with-british-exploring-society-for-highlands-expedition/;4;true;1777219455;1789515781
https://readmedium.com/co-parenting-6-toxic-parent-tactics-how-to-respond-5d9a3fc21649;Trauma bonds;https://www.nationalfosteringgroup.co.uk/news-and-blog/what-is-a-trauma-bond-and-how-can-it-affect-children-and-young-people/;4;false;1781449723;1785151722
https://thecinnamonhollow.com/5-types-of-fostering-you-can-provide/;a little more training.;https://www.nationalfosteringgroup.co.uk/thinking-about-fostering/support-and-benefits/training/therapeutic-fostering/;4;false;1779468029;1785743732
https://toplinksites.com/how-interactive-campaigns-increase-retention-in-digital-assistants/;nfa;https://www.nationalfosteringgroup.co.uk/;4;false;1771060450;1774572609
https://topupdirectory.com/how-interactive-campaigns-increase-retention-in-digital-assistants/;nfa;https://www.nationalfosteringgroup.co.uk/;4;false;1772353798;1774095699
https://wegetyoufound.co.uk/listings/national-fostering-agency/lowestoft/child-care-agency;Visit Website;https://www.nationalfosteringgroup.co.uk/;4;true;1771448539;1789967126
https://wegetyoufound.co.uk/listings/national-fostering-agency/lowestoft/child-care-agency;Go To Website;https://www.nationalfosteringgroup.co.uk/;4;true;1771448539;1789967126
https://www.businessmanchester.co.uk/2023/11/15/fostering-solutions-north-west-urgently-calls-for-80-new-foster-parents/;Fostering Solutions North West;https://www.nationalfosteringgroup.co.uk/fostering-solutions/north-west/;4;false;1785340909;1788833493
https://www.childrenshealthscotland.org/resource/national-fostering-agency/;https://www.nationalfosteringgroup.co.uk/;https://www.nationalfosteringgroup.co.uk/;4;false;1776417945;1788793465
https://www.nfa.co.uk/about-national-fostering-group/coronavirus-update/;;https://www.nationalfosteringgroup.co.uk/about/;4;false;1773200997;1785234862
https://www.nfa.co.uk/about-national-fostering-group/equality-and-diversity-policy/;;https://www.nationalfosteringgroup.co.uk/about/equality-and-diversity/;4;false;1781172451;1781172451
https://www.nfa.co.uk/about-national-fostering-group/gender-pay-gap/;;https://www.nationalfosteringgroup.co.uk/about/gender-pay-gap/;4;false;1774583989;1781143012
https://www.nfa.co.uk/about-national-fostering-group/slavery-statement/;;https://www.nationalfosteringgroup.co.uk/about/slavery-statement/;4;false;1781800290;1781800290
https://www.nfa.co.uk/brighter-futures/;;https://www.nationalfosteringgroup.co.uk/brighter-futures/;4;false;1774104302;1783846110
https://www.nfa.co.uk/child-care-bureau/office/worcester/;;https://www.nationalfosteringgroup.co.uk/child-care-bureau/;4;false;1773963951;1789798288
https://www.nfa.co.uk/events/learn-more-about-fostering-foster-care-fortnight-online-event-2/;;https://www.nationalfosteringgroup.co.uk/events/;4;false;1774735777;1783286300
https://www.nfa.co.uk/events/learn-more-about-fostering-with-our-online-event-nov20/;;https://www.nationalfosteringgroup.co.uk/events/;4;false;1772538868;1785538807
https://www.nfa.co.uk/find-our-agencies/fostering-in-newtownabbey/;;https://www.nationalfosteringgroup.co.uk/find-our-agencies/fostering-in-newtownabbey/;4;false;1773989210;1785480281
https://www.nfa.co.uk/fostering-solutions/office/fostering-solutions-oundle/;;https://www.nationalfosteringgroup.co.uk/fostering-solutions/oundle/;4;false;1775058002;1781799827
https://www.nfa.co.uk/get-in-touch/;;https://www.nationalfosteringgroup.co.uk/enquire-now/;4;false;1774121045;1785601541
https://www.nfa.co.uk/its-because-of-you/;;https://www.nationalfosteringgroup.co.uk/content-hub/;4;false;1776472912;1785373751
https://www.nfa.co.uk/national-fostering-agency/office/north-west/;;https://www.nationalfosteringgroup.co.uk/national-fostering-agency/north-west/;4;false;1770761669;1789328376
https://www.nfa.co.uk/national-fostering-agency/office/scotland/;;https://www.nationalfosteringgroup.co.uk/national-fostering-agency/scotland/;4;false;1776098581;1788078327
https://www.nfa.co.uk/news-and-blog/care-leaver-covenant-app/;;https://www.nationalfosteringgroup.co.uk/news-and-blog/care-leaver-covenant-app/;4;false;1771414605;1785699082
https://www.nfa.co.uk/news-and-blog/guest-blog-from-ac-education-the-seven-steps-of-attachment-theory-in-children/;;https://www.nationalfosteringgroup.co.uk/news-and-blog/guest-blog-from-ac-education-the-seven-steps-of-attachment-theory-in-children/;4;false;1774839347;1784873168
https://www.nfa.co.uk/news-and-blog/ofsted-raising-standards-in-foster-care/;;https://www.nationalfosteringgroup.co.uk/news-and-blog/;4;false;1771833236;1785393371
https://www.nfa.co.uk/news-and-blog/pressure-on-the-care-system-increasing-the-demand-for-foster-placements/;;https://www.nationalfosteringgroup.co.uk/news-and-blog/;4;false;1772559445;1785425630
https://www.nfa.co.uk/news-and-blog/supporting-a-child-with-fasd/;;https://www.nationalfosteringgroup.co.uk/news-and-blog/supporting-a-child-with-fasd/;4;false;1774897924;1785516687
https://www.nfa.co.uk/news-and-blog/understanding-dyslexia-a-guide-for-foster-carers/;;https://www.nationalfosteringgroup.co.uk/news-and-blog/understanding-dyslexia-a-guide-for-foster-carers/;4;false;1772034221;1785488205
https://www.nfa.co.uk/news-and-blog/what-is-county-lines/;;https://www.nationalfosteringgroup.co.uk/news-and-blog/what-is-county-lines/;4;false;1773919584;1785456098
https://www.nfa.co.uk/stories/page/42/;;https://www.nationalfosteringgroup.co.uk/carer-story/;4;false;1777933425;1787676640
https://www.nfa.co.uk/story/blog-news/12-things-you-probably-didnt-know-about-fostering/;;https://www.nationalfosteringgroup.co.uk/news-and-blog/;4;false;1771327820;1783854009
https://www.nfa.co.uk/story/blog-news/angela-hart-competition-win-a-set-of-angela-hart-novels/;;https://www.nationalfosteringgroup.co.uk/news-and-blog/;4;false;1783515981;1783515981
https://www.nfa.co.uk/story/blog-news/army-families-and-fostering-can-they-foster/;;https://www.nationalfosteringgroup.co.uk/carer-story/carers-on-the-fostering-front-line/;4;false;1783185450;1788028273
https://www.nfa.co.uk/story/blog-news/can-single-parents-foster/;;https://www.nationalfosteringgroup.co.uk/thinking-about-fostering/who-can-foster/can-you-be-a-single-foster-parent/;4;false;1777943486;1787651391
https://www.nfa.co.uk/story/blog-news/can-you-foster-if-you-have-health-problems/;;https://www.nationalfosteringgroup.co.uk/thinking-about-fostering/who-can-foster/can-you-foster-if-you-have-health-problems/;4;false;1783848161;1783848161
https://www.nfa.co.uk/story/blog-news/everything-you-need-to-know-about-parent-and-child-fostering/;;https://www.nationalfosteringgroup.co.uk/thinking-about-fostering/types-of-foster-care/parent-and-child-fostering/;4;false;1771327984;1783865816
https://www.nfa.co.uk/story/blog-news/food-for-thought-for-foster-carers/;;https://www.nationalfosteringgroup.co.uk/news-and-blog/;4;false;1781136460;1781136460
https://www.nfa.co.uk/story/blog-news/fostering-as-a-single-parent-tips-and-advice/;;https://www.nationalfosteringgroup.co.uk/thinking-about-fostering/who-can-foster/can-you-be-a-single-foster-parent/;4;false;1785246862;1790057769
https://www.nfa.co.uk/story/blog-news/fostering-information-event-aims-to-bust-myths/;;https://www.nationalfosteringgroup.co.uk/news-and-blog/;4;false;1781149776;1786290347
https://www.nfa.co.uk/story/blog-news/gcse-reforms-whats-changing-and-tips-on-understanding-the-new-grading-system/;;https://www.nationalfosteringgroup.co.uk/news-and-blog/;4;false;1784904998;1789724810
https://www.nfa.co.uk/story/blog-news/guest-blog-colby-pearce-proactive-needs-provision-required-to-heal-trauma-hurts/;;https://www.nationalfosteringgroup.co.uk/news-and-blog/;4;false;1775063256;1787305533
https://www.nfa.co.uk/story/blog-news/how-to-recognise-the-signs-of-depression-in-foster-children/;;https://www.nationalfosteringgroup.co.uk/news-and-blog/how-to-recognise-the-signs-of-depression-in-foster-children/;4;false;1778961111;1786287456
https://www.nfa.co.uk/story/blog-news/marlene-and-geoff-looking-back-over-40-years-of-fostering-together/;;https://www.nationalfosteringgroup.co.uk/carer-story/carers-marlene-and-geoff-look-back-on-over-40-years-of-fostering/;4;false;1781828181;1784208040
https://www.nfa.co.uk/story/blog-news/spotlight-on-the-south-west-meet-the-team/;;https://www.nationalfosteringgroup.co.uk/find-our-agencies/fostering-in-devon-and-cornwall/;4;false;1789759160;1789759160
https://www.nfa.co.uk/story/case-study/marie-and-carols-story/;;https://www.nationalfosteringgroup.co.uk/carer-story/;4;false;1777960188;1787684657
https://www.nfa.co.uk/story/case-study/marks-story-looking-after-a-child-with-adhd/;;https://www.nationalfosteringgroup.co.uk/carer-story/;4;false;1772715375;1789723306
https://www.nfa.co.uk/story/story_category/how-i-feel-about-my-parents-being-foster-carers-tias-story/;;https://www.nationalfosteringgroup.co.uk/carer-story/how-i-feel-about-my-parents-being-foster-carers-tias-story/;4;false;1790086424;1790086424
https://www.nfa.co.uk/story/story_category/how-to-use-a-rewards-chart-successfully/;;https://www.nationalfosteringgroup.co.uk/news-and-blog/how-to-use-a-rewards-chart-successfully/;4;false;1781830978;1784223454
https://www.nfa.co.uk/story/story_category/lgbt-adoption-fostering-week-celebrating-our-lgbt-carers/;;https://www.nationalfosteringgroup.co.uk/news-and-blog/;4;false;1782481598;1789755928
https://www.nfa.co.uk/story/story_category/the-challenges-and-rewards-for-young-carers-charmaine-and-chris/;;https://www.nationalfosteringgroup.co.uk/carer-story/young-foster-carers-recognise-there-are-pros-and-cons/;4;false;1777931726;1787665446
https://www.nfa.co.uk/sunflower-fostering/office/sunflower-fostering/;;https://www.nationalfosteringgroup.co.uk/sunflower-fostering/;4;false;1771530306;1781807194
https://www.nfa.co.uk/thinking-about-fostering/;;https://www.nationalfosteringgroup.co.uk/thinking-about-fostering/;4;false;1783509124;1783509124
https://www.nfa.co.uk/thinking-about-fostering/support-and-benefits-for-foster-carers/financial-support/being-a-self-employed-foster-carer/;;https://www.nationalfosteringgroup.co.uk/thinking-about-fostering/support-and-benefits/financial-support/being-a-self-employed-foster-carer/;4;false;1771739902;1786187809
https://www.nfa.co.uk/thinking-about-fostering/types-of-foster-care/fostering-siblings/;;https://www.nationalfosteringgroup.co.uk/thinking-about-fostering/types-of-foster-care/fostering-siblings/;4;false;1774863377;1787763209
https://www.nfa.co.uk/transfer-to-us/how-to-transfer-if-you-have-a-foster-child/;;https://www.nationalfosteringgroup.co.uk/transfer-to-us/how-to-transfer-if-you-have-a-foster-child/;4;false;1777932155;1784592392
https://www.pauselive.com/exhibitors/the-national-fostering-group;Link to website;https://www.nationalfosteringgroup.co.uk/;4;false;1780170162;1789460245
https://www.prnewslink.net/releases/e-1/22781.html;NFA Fostering Family website;https://www.nationalfosteringgroup.co.uk/enquire-now/;4;true;1773375900;1789242963
https://www.prnewslink.net/releases/e-1/22783.html;NFA Fostering Family website;https://www.nationalfosteringgroup.co.uk/enquire-now/;4;true;1773460150;1789251455
https://www.prnewslink.net/releases/e-1/22785.html;NFA Fostering Family website;https://www.nationalfosteringgroup.co.uk/enquire-now/;4;true;1773563656;1789302000
https://www.prnewslink.net/releases/e-1/22788.html;NFA Fostering Family website;https://www.nationalfosteringgroup.co.uk/enquire-now/;4;true;1773502708;1789307687
https://www.prnewslink.net/releases/e-1/22957.html;https://www.nfa.co.uk/story/blog-news/nfa-group-partners-with-british-exploring-society-for-highlands-expedition/;https://www.nationalfosteringgroup.co.uk/news-and-blog/nfa-group-partners-with-british-exploring-society-for-highlands-expedition/;4;true;1776281976;1788534229
https://www.prnewslink.net/releases/e-1/22958.html;https://www.nfa.co.uk/story/blog-news/nfa-group-partners-with-british-exploring-society-for-highlands-expedition/;https://www.nationalfosteringgroup.co.uk/news-and-blog/nfa-group-partners-with-british-exploring-society-for-highlands-expedition/;4;true;1776708782;1789766826
https://www.prnewslink.net/releases/e-1/22959.html;https://www.nfa.co.uk/story/blog-news/nfa-group-partners-with-british-exploring-society-for-highlands-expedition/;https://www.nationalfosteringgroup.co.uk/news-and-blog/nfa-group-partners-with-british-exploring-society-for-highlands-expedition/;4;true;1776245822;1788533214
https://www.uknewsgroup.co.uk/weve-fostered-more-than-30-children-this-is-what-we-want-you-to-know/;https://www.nfa.co.uk/national-fostering-agency/office/midlands/;https://www.nationalfosteringgroup.co.uk/national-fostering-agency/midlands/;4;false;1770794604;1779626617
https://careers.nfa.co.uk/about-us/;;https://www.nationalfosteringgroup.co.uk/careers/about/;3;false;1779709505;1788174741
https://careers.nfa.co.uk/career-development/;;https://www.nationalfosteringgroup.co.uk/careers/career-development/;3;false;1782943045;1787940776
https://careers.nfa.co.uk/contact-us/;;https://www.nationalfosteringgroup.co.uk/careers/contact-us/;3;false;1781108913;1788974271
https://careers.nfa.co.uk/hiring-journey/;;https://www.nationalfosteringgroup.co.uk/careers/hiring-journey/;3;false;1780577462;1789189094
https://careers.nfa.co.uk/our-people/;;https://www.nationalfosteringgroup.co.uk/about/meet-the-leadership-team/;3;false;1782368604;1787995818
https://careers.nfa.co.uk/referrals/;;https://www.nationalfosteringgroup.co.uk/careers/work-for-us/family-finders/referrals/;3;false;1784807366;1789172416
https://careers.nfa.co.uk/support-worker/;;https://www.nationalfosteringgroup.co.uk/careers/work-for-us/social-work/support-worker/;3;false;1785997104;1788156166
https://elearncollege.com/education/uk-fostering-a-lifetime-of-dedication/;aspect of fostering;https://www.nationalfosteringgroup.co.uk/thinking-about-fostering/what-is-fostering/;3;false;1779467367;1789645340
https://find-open.co.uk/london/ryancare-fostering-1570521;Website icon Website;https://www.nationalfosteringgroup.co.uk/ryancare/;3;false;1787301676;1787301676
https://find-open.co.uk/london/ryancare-fostering-1570521;https://www.nationalfosteringgroup.co.uk/ryancare/;https://www.nationalfosteringgroup.co.uk/ryancare/;3;true;1787301676;1787301676
https://www.nfa.co.uk/about-national-fostering-group/national-fostering-group-partnerships/;;https://www.nationalfosteringgroup.co.uk/about/partnerships/;3;false;1773230400;1788255919
https://www.nfa.co.uk/alliance/;;https://www.nationalfosteringgroup.co.uk/alliance/;3;false;1778473042;1788368069
https://www.nfa.co.uk/campaign/;;https://www.nationalfosteringgroup.co.uk/content-hub/;3;false;1771748260;1788041549
https://www.nfa.co.uk/carer-story/100-foster-children-and-an-mbe-judith-and-stephens-story/;;https://www.nationalfosteringgroup.co.uk/carer-story/100-foster-children-and-an-mbe-judith-and-stephens-story/;3;false;1773373378;1789038700
https://www.nfa.co.uk/carer-story/faces-of-fostering-rankin-helps-us-celebrate-foster-carer-diversity/;;https://www.nationalfosteringgroup.co.uk/carer-story/faces-of-fostering-rankin-helps-us-celebrate-foster-carer-diversity/;3;false;1775189787;1787966633
https://www.nfa.co.uk/carer-story/page/2/;;https://www.nationalfosteringgroup.co.uk/carer-story/;3;false;1777696543;1788096251
https://www.nfa.co.uk/child-care-bureau/;;https://www.nationalfosteringgroup.co.uk/child-care-bureau/;3;false;1786280141;1786280141
https://www.nfa.co.uk/events/come-and-meet-next-step-fostering-at-the-walnuts-shopping-centre-orpington/;;https://www.nationalfosteringgroup.co.uk/events/;3;false;1772225940;1787950888
https://www.nfa.co.uk/find-our-agencies/;;https://www.nationalfosteringgroup.co.uk/find-our-agencies/;3;false;1780674333;1787736989
https://www.nfa.co.uk/fostering/becoming-a-foster-carer;;https://www.nationalfosteringgroup.co.uk/thinking-about-fostering/becoming-a-foster-carer/;3;false;1788000827;1788000827
https://www.nfa.co.uk/fostering/becoming-a-foster-carer;;https://www.nationalfosteringgroup.co.uk/fostering/becoming-a-foster-carer/;3;false;1785605311;1788000827
https://www.nfa.co.uk/jay-fostering/;;https://www.nationalfosteringgroup.co.uk/jay-fostering/;3;false;1777440993;1787332735
https://www.nfa.co.uk/mockingbird-family-model/;;https://www.nationalfosteringgroup.co.uk/thinking-about-fostering/mockingbird-family-model/;3;false;1777033358;1787832634
https://www.nfa.co.uk/news-and-blog/15-pieces-of-reading-wisdom-from-famous-childrens-authors/;;https://www.nationalfosteringgroup.co.uk/news-and-blog/15-pieces-of-reading-wisdom-from-famous-childrens-authors/;3;false;1774786744;1787767560
https://www.nfa.co.uk/news-and-blog/6-things-you-should-know-about-taking-foster-children-on-holiday/;;https://www.nationalfosteringgroup.co.uk/news-and-blog/6-things-you-should-know-about-taking-foster-children-on-holiday/;3;false;1781143358;1788422332
https://www.nfa.co.uk/news-and-blog/devon-foster-carer-completes-two-moors-way-trek/;;https://www.nationalfosteringgroup.co.uk/news-and-blog/devon-foster-carer-completes-two-moors-way-trek/;3;false;1777718228;1788479636
https://www.nfa.co.uk/news-and-blog/how-foster-carers-handle-challenging-foster-child-behaviours/;;https://www.nationalfosteringgroup.co.uk/news-and-blog/how-foster-carers-handle-challenging-foster-child-behaviours/;3;false;1774411790;1787997718
https://www.nfa.co.uk/news-and-blog/meet-the-team-nfa-scotland-helping-to-create-little-miracles/;;https://www.nationalfosteringgroup.co.uk/national-fostering-agency/scotland/;3;false;1771896563;1784916120
https://www.nfa.co.uk/news-and-blog/nfa-group-collaborate-with-children-and-foster-carers-to-record-song-raising-awareness-of-need-for-additional-8000-carers/;;https://www.nationalfosteringgroup.co.uk/news-and-blog/;3;false;1781141256;1786824516
https://www.nfa.co.uk/news-and-blog/nfa-midlands-foster-carers-shortlisted-for-the-national-children-and-young-people-awards/;;https://www.nationalfosteringgroup.co.uk/news-and-blog/;3;false;1773363536;1787782236
https://www.nfa.co.uk/news-and-blog/options-for-foster-care-after-18/;;https://www.nationalfosteringgroup.co.uk/news-and-blog/options-for-foster-care-after-18/;3;false;1779615143;1789118950
https://www.nfa.co.uk/news-and-blog/page/9/;;https://www.nationalfosteringgroup.co.uk/news-and-blog/;3;false;1773447212;1788056214
https://www.nfa.co.uk/news-and-blog/some-of-the-best-places-to-walk-this-autumn/;;https://www.nationalfosteringgroup.co.uk/news-and-blog/some-of-the-best-places-to-walk-this-autumn/;3;false;1772129772;1787939997
https://www.nfa.co.uk/news-and-blog/supporting-a-child-with-downs-syndrome/;;https://www.nationalfosteringgroup.co.uk/news-and-blog/supporting-a-child-with-downs-syndrome/;3;false;1775392755;1786915545
https://www.nfa.co.uk/news-and-blog/understanding-special-educational-needs-for-foster-children/;;https://www.nationalfosteringgroup.co.uk/news-and-blog/understanding-special-educational-needs-for-foster-children/;3;false;1771748239;1788118140
https://www.nfa.co.uk/news-and-blog/what-its-like-to-foster-children-with-disabilities/;;https://www.nationalfosteringgroup.co.uk/news-and-blog/what-its-like-to-foster-children-with-disabilities/;3;false;1773355617;1787017836
https://www.nfa.co.uk/news-and-blog/wont-do-or-cant-do-an-introduction-to-sensory-processing-disorder/;;https://www.nationalfosteringgroup.co.uk/news-and-blog/wont-do-or-cant-do-an-introduction-to-sensory-processing-disorder/;3;false;1782692157;1788409288
https://www.nfa.co.uk/reach-out-care/;;https://www.nationalfosteringgroup.co.uk/reach-out-care/;3;false;1783551035;1785949924
https://www.nfa.co.uk/story/blog-news/a-decade-of-foster-caring-a-chat-with-gaynor/;;https://www.nationalfosteringgroup.co.uk/carer-story/;3;false;1786660656;1786660656
https://www.nfa.co.uk/story/blog-news/becoming-a-foster-carer-what-you-need-to-know/;;https://www.nationalfosteringgroup.co.uk/thinking-about-fostering/becoming-a-foster-carer/;3;false;1784904871;1787323417
https://www.nfa.co.uk/story/blog-news/becoming-a-respite-carer/;;https://www.nationalfosteringgroup.co.uk/thinking-about-fostering/types-of-foster-care/stayover-care/;3;false;1781152397;1785970465
https://www.nfa.co.uk/story/blog-news/driving-working-can-i-still-foster/;;https://www.nationalfosteringgroup.co.uk/thinking-about-fostering/who-can-foster/can-you-foster-and-work-full-time/;3;false;1786321865;1786321865
https://www.nfa.co.uk/story/blog-news/fathers-day-celebrating-the-role-of-the-foster-dad/;;https://www.nationalfosteringgroup.co.uk/news-and-blog/fathers-day-celebrating-the-role-of-the-foster-dad/;3;false;1781163080;1788336619
https://www.nfa.co.uk/story/blog-news/foster-children-explain-what-qualities-do-you-want-in-a-foster-carer/;;https://www.nationalfosteringgroup.co.uk/news-and-blog/;3;false;1784932803;1787326363
https://www.nfa.co.uk/story/blog-news/fostering-as-a-single-dad-told-by-foster-carer-darren/;;https://www.nationalfosteringgroup.co.uk/carer-story/;3;false;1781153524;1785963624
https://www.nfa.co.uk/story/blog-news/fostering-spotlight-interview-with-sir-john-timpson/;;https://www.nationalfosteringgroup.co.uk/news-and-blog/fostering-spotlight-interview-with-sir-john-timpson/;3;false;1783889740;1786307625
https://www.nfa.co.uk/story/blog-news/guest-blog-colby-pearce-three-loving-parental-acts-that-enhance-child-wellbeing/;;https://www.nationalfosteringgroup.co.uk/news-and-blog/colby-pearce-three-loving-parental-acts-that-enhance-child-wellbeing/;3;false;1773661736;1785589061
https://www.nfa.co.uk/story/blog-news/how-to-encourage-your-children-to-read-and-write-at-home/;;https://www.nationalfosteringgroup.co.uk/news-and-blog/;3;false;1787988512;1787988512
https://www.nfa.co.uk/story/blog-news/how-to-use-a-rewards-chart-successfully/;;https://www.nationalfosteringgroup.co.uk/news-and-blog/how-to-use-a-rewards-chart-successfully/;3;false;1777460488;1787338673
https://www.nfa.co.uk/story/blog-news/keeping-children-safe-online-a-foster-carers-guide-to-internet-safety/;;https://www.nationalfosteringgroup.co.uk/news-and-blog/keeping-children-safe-online-a-foster-carers-guide-to-internet-safety/;3;false;1774101259;1788687026
https://www.nfa.co.uk/story/blog-news/managing-the-transition-from-foster-care-to-independence-a-young-persons-journey/;;https://www.nationalfosteringgroup.co.uk/news-and-blog/;3;false;1783860443;1788667691
https://www.nfa.co.uk/story/blog-news/meringue-madness-with-pastry-chef-nick/;;https://www.nationalfosteringgroup.co.uk/news-and-blog/;3;false;1787301675;1787301675
https://www.nfa.co.uk/story/blog-news/the-10-types-of-foster-carers/;;https://www.nationalfosteringgroup.co.uk/thinking-about-fostering/types-of-foster-care/;3;false;1787340130;1787340130
https://www.nfa.co.uk/story/blog-news/what-is-a-trauma-bond-and-how-can-it-affect-children-and-young-people/;;https://www.nationalfosteringgroup.co.uk/news-and-blog/what-is-a-trauma-bond-and-how-can-it-affect-children-and-young-people/;3;false;1776968594;1789057928
https://www.nfa.co.uk/story/case-study/davids-story/;;https://www.nationalfosteringgroup.co.uk/carer-story/;3;false;1780798716;1785621535
https://www.nfa.co.uk/story/case-study/fostering-stories-katie-and-john/;;https://www.nationalfosteringgroup.co.uk/carer-story/;3;false;1784229783;1789034164
https://www.nfa.co.uk/story/case-study/lauras-story/;;https://www.nationalfosteringgroup.co.uk/carer-story/;3;false;1785933779;1785933779
https://www.nfa.co.uk/story/story_category/belindas-story/;;https://www.nationalfosteringgroup.co.uk/carer-story/;3;false;1776979511;1789028609
https://www.nfa.co.uk/story/story_category/fostering-as-a-single-dad-told-by-foster-carer-darren/;;https://www.nationalfosteringgroup.co.uk/carer-story/;3;false;1778463885;1785613684
https://www.nfa.co.uk/story/story_category/helen/;;https://www.nationalfosteringgroup.co.uk/carer-story/;3;false;1781145465;1788701853
https://www.nfa.co.uk/story/story_category/inspiring-foster-carer-switched-careers-to-give-young-people-a-chance/;;https://www.nationalfosteringgroup.co.uk/carer-story/;3;false;1781498730;1788668811
https://www.nfa.co.uk/story/story_category/the-ollie-concept-all-behaviours-serve-a-purpose/;;https://www.nationalfosteringgroup.co.uk/news-and-blog/the-ollie-concept-all-behaviours-serve-a-purpose/;3;false;1780808374;1788007984
https://www.nfa.co.uk/story/story_category/vinces-story/;;https://www.nationalfosteringgroup.co.uk/carer-story/;3;false;1785607060;1785607060
https://www.nfa.co.uk/story/story_category/what-is-parent-and-child-foster-care/;;https://www.nationalfosteringgroup.co.uk/thinking-about-fostering/types-of-foster-care/parent-and-child-fostering/;3;false;1786645723;1789020958
https://www.nfa.co.uk/story/story_category/what-you-should-know-about-taking-foster-children-on-holiday/;;https://www.nationalfosteringgroup.co.uk/news-and-blog/the-benefits-of-taking-foster-children-with-you-on-holiday/;3;false;1778976568;1786283599
https://www.nfa.co.uk/support-and-training/;;https://www.nationalfosteringgroup.co.uk/thinking-about-fostering/support-and-benefits/;3;false;1780824817;1787981065
https://www.nfa.co.uk/thinking-about-fostering/faqs/;;https://www.nationalfosteringgroup.co.uk/thinking-about-fostering/;3;false;1771944915;1787665838
https://www.nfa.co.uk/thinking-about-fostering/support-and-benefits-for-foster-carers/training/mandatory-training-courses-for-foster-carers/;;https://www.nationalfosteringgroup.co.uk/thinking-about-fostering/support-and-benefits/training/;3;false;1781155236;1788340759
https://www.nfa.co.uk/thinking-about-fostering/types-of-foster-care/fostering-a-baby/;;https://www.nationalfosteringgroup.co.uk/thinking-about-fostering/types-of-foster-care/fostering-a-baby/;3;false;1788331063;1788331063
https://www.nfa.co.uk/thinking-about-fostering/types-of-foster-care/short-term-fostering/;;https://www.nationalfosteringgroup.co.uk/thinking-about-fostering/types-of-foster-care/short-term-fostering/;3;false;1787688113;1787688113
https://www.nfa.co.uk/video/page/3/;;https://www.nationalfosteringgroup.co.uk/content-hub/;3;false;1770962573;1785501765
https://www.staf.scot/our-current-members;National Foster Agency Group (Scotland);https://www.nationalfosteringgroup.co.uk/national-fostering-agency/scotland/;3;false;1777829935;1789537444
https://www.staf.scot/our-current-members?title=our-current-members;National Foster Agency Group (Scotland);https://www.nationalfosteringgroup.co.uk/national-fostering-agency/scotland/;3;false;1777183623;1789485754
https://www.vaorkney.org.uk/directory/national-fostering-agency-scotland;www.nationalfosteringgroup.co.uk/national-fostering-agency/scotland;https://www.nationalfosteringgroup.co.uk/national-fostering-agency/scotland/;3;false;1788089902;1789532755
https://www.vetrorecruitment.co.uk/blogs/what-does-a-supervising-social-worker-do/;Form F assessment;https://www.nationalfosteringgroup.co.uk/thinking-about-fostering/becoming-a-foster-carer/form-f/;3;false;1773966358;1789825620
https://yably.co.uk/reviews/basildon/children-first-fostering-agency-3-lords-court;https://www.nationalfosteringgroup.co.uk/children-first-fostering-agency/;https://www.nationalfosteringgroup.co.uk/children-first-fostering-agency/;3;false;1784551301;1784551301
https://door4.com/our-work/national-fostering-group-seo/;content hub;https://www.nationalfosteringgroup.co.uk/content-hub/;2;false;1772220350;1789782937
https://huntukvisasponsors.com/company/national-fostering-group-limited-mpliztkd2hjc;Employer's own pay gap report;https://www.nationalfosteringgroup.co.uk/about/gender-pay-gap/;2;true;1786632564;1786632564
https://kindercareni.co.uk/unity-uk-dance-company-final-performance/;Privacy Policy;https://www.nationalfosteringgroup.co.uk/about/privacy-notice/;2;false;1773366850;1780424513
https://mamathefox.com/2019/11/common-parenting-frustrations-and-how-to-fix-them/;reward charts;https://www.nationalfosteringgroup.co.uk/news-and-blog/how-to-use-a-rewards-chart-successfully/;2;false;1777526989;1789505169
https://mamathefox.com/author/mamathefox/page/199/;reward charts;https://www.nationalfosteringgroup.co.uk/news-and-blog/how-to-use-a-rewards-chart-successfully/;2;false;1777822272;1789956852
https://mamathefox.com/category/article/page/168/;reward charts;https://www.nationalfosteringgroup.co.uk/news-and-blog/how-to-use-a-rewards-chart-successfully/;2;false;1778035486;1788972240
https://mamathefox.com/page/203/;reward charts;https://www.nationalfosteringgroup.co.uk/news-and-blog/how-to-use-a-rewards-chart-successfully/;2;false;1777755810;1789858821
https://standupgirl.com/girl-help/scoop-on-adoption/;National Fostering Solutions in the UK National Fostering Solutions in the UK;https://www.nationalfosteringgroup.co.uk/fostering-solutions/;2;false;1788625733;1788625733
https://standupgirl.com/girl-help/scoop-on-adoption/;National Fostering Solutions in the UK;https://www.nationalfosteringgroup.co.uk/fostering-solutions/;2;false;1775033286;1788625733
https://standupgirl.com/girl-help/scoop-on-adoption/;;https://www.nationalfosteringgroup.co.uk/fostering-solutions/;2;false;1775033286;1788625733
https://teamtutsham.co.uk/section/working-with/;;https://www.nationalfosteringgroup.co.uk/heath-farm/;2;false;1772491219;1789575244
https://wayranks.com/blog/what-search-engine-marketing-services-can-do-for-your-business-393/;https://nfa.co.uk;https://www.nationalfosteringgroup.co.uk/;2;false;1772078025;1776855765
https://www.4recruiting.co.uk/media-post/how-the-four-day-work-week-works-for-us;National Fostering Group;https://www.nationalfosteringgroup.co.uk/;2;false;1774470056;1787303766
https://www.bizzimummy.com/2022/02/01/want-to-save-money-on-your-eyewear-these-tips-will-help/;reward chart;https://www.nationalfosteringgroup.co.uk/news-and-blog/how-to-use-a-rewards-chart-successfully/;2;false;1784788523;1790012927
https://www.familyfriendlyworking.co.uk/2021/03/05/family-profile-foster-carer-tracey/;Click here to find upcoming events in the UK;https://www.nationalfosteringgroup.co.uk/events/;2;false;1771525774;1782093778
https://www.linkschool.org.uk/services-to-schools/behaviour-management-ideas/;Click Here;https://www.nationalfosteringgroup.co.uk/news-and-blog/behavioural-management-strategies-for-parents-and-foster-carers/;2;false;1781785668;1785889858
https://www.sharpscot.co.uk/best-fostering-agencies-in-scotland/;https://www.nationalfosteringgroup.co.uk;https://www.nationalfosteringgroup.co.uk/;2;false;1775454548;1789647309
https://www.thesocialworkacademy.co.uk/;Privacy Policy;https://www.nationalfosteringgroup.co.uk/about/privacy-notice/;2;false;1773844396;1785255048
https://www.thesocialworkacademy.co.uk/;Cookie Policy;https://www.nationalfosteringgroup.co.uk/about/cookie-policy/;2;false;1773844396;1785255048
https://www.thesocialworkacademy.co.uk/;Whistleblowing;https://www.nationalfosteringgroup.co.uk/about/whistleblowing/;2;false;1773844396;1785255048
http://papasearch.net/Child_Support/ChildSupport34.html;About Brighter Futures and how we support our children and ...;https://www.nationalfosteringgroup.co.uk/brighter-futures/;1;false;1772691467;1777902893
http://papasearch.net/Child_Support/ChildSupport44.html;Saying Goodbye to a Foster Child: How to Cope at the End ...;https://www.nationalfosteringgroup.co.uk/news-and-blog/saying-goodbye-to-a-foster-child-how-to-cope-at-the-end-of-a-placement/;1;false;1779985052;1785294196
http://papasearch.net/Child_Support/ChildSupport59.html;My emotional journey of fostering asylum-seeking children;https://www.nationalfosteringgroup.co.uk/carer-story/;1;false;1778611462;1785294135
https://d3tenders.com/contract/?ocid=ocds-h6vhtk-067221;https://www.nfa.co.uk/fostering-solutions/;https://www.nationalfosteringgroup.co.uk/fostering-solutions/;1;false;1784776030;1784776030
https://d3tenders.com/contract/?ocid=ocds-h6vhtk-067465;https://www.nfa.co.uk/fostering-solutions/;https://www.nationalfosteringgroup.co.uk/fostering-solutions/;1;false;1789072946;1789072946
https://kindercareni.co.uk/fostering-siblings/;Modern Slavery Statement;https://www.nationalfosteringgroup.co.uk/about/slavery-statement/;1;false;1787243100;1788973935
https://kindercareni.co.uk/fostering/coronavirus-update/;here;https://www.nationalfosteringgroup.co.uk/about/;1;false;1774588852;1788659486
https://manati.co.za/d5j44/article.php?id=vehicle-grant-for-foster-parents-uk;Perks and Benefits for Foster Carers - National Fostering Group;https://www.nationalfosteringgroup.co.uk/thinking-about-fostering/support-and-benefits/carer-benefits-and-perks/;1;false;1772637054;1781395525
https://papasearch.net/Child_Support/ChildSupport64.html;Who can foster a child? - National Fostering Group;https://www.nationalfosteringgroup.co.uk/thinking-about-fostering/who-can-foster/;1;false;1779979324;1785211688
https://ranksdirectory.com/advanced-marketing-automation-for-the-e-commerce/;nfa;https://www.nationalfosteringgroup.co.uk/;1;false;1772078515;1789763175
https://teamtutsham.co.uk/working-with/;National Fostering Group;https://www.nationalfosteringgroup.co.uk/heath-farm/;1;false;1776178287;1789221064
https://teamtutsham.co.uk/working-with/;Heath Farm Fostering;https://www.nationalfosteringgroup.co.uk/heath-farm/;1;false;1771254210;1777776984
https://teamtutsham.co.uk/working-with/;;https://www.nationalfosteringgroup.co.uk/heath-farm/;1;false;1771254210;1789221064
https://theriversidecentre.org.uk/event-organizer/family-placement-national-fostering/;Learn More;https://www.nationalfosteringgroup.co.uk/;1;false;1772829798;1788998673
https://theriversidecentre.org.uk/events/family-placement-foster-care-drop-in-session/;Family Placement - National Fostering;https://www.nationalfosteringgroup.co.uk/;1;false;1778614125;1789573084
https://theriversidecentre.org.uk/events/family-placement-foster-care-information-event/;Family Placement - National Fostering;https://www.nationalfosteringgroup.co.uk/;1;false;1772849507;1789111424
https://toparticlesdirectory.com/crafting-compelling-brand-stories-the-strategies-for-the-british-businesses/;nfa;https://www.nationalfosteringgroup.co.uk/;1;false;1770907122;1776814409
https://waveneygymnastics.org/funders-sponsorships;NFA East;https://www.nationalfosteringgroup.co.uk/national-fostering-agency/east/;1;false;1777092423;1785259669
https://wellbeingworld.je/news/activities-and-events-to-celebrate-world-wellbeing-week/;download the blog here;https://www.nationalfosteringgroup.co.uk/news-and-blog/colby-pearce-three-loving-parental-acts-that-enhance-child-wellbeing/;1;false;1774435512;1788564950
https://www.cubbi.uk/how-it-works;;https://www.nationalfosteringgroup.co.uk/thinking-about-fostering/support-and-benefits/carer-benefits-and-perks/;1;false;1773189549;1778442766
https://www.cubbi.uk/how-it-works;FOSTER CARER ID CARD;https://www.nationalfosteringgroup.co.uk/thinking-about-fostering/support-and-benefits/carer-benefits-and-perks/;1;false;1773189549;1778442766
https://www.mypodcastdata.com/fr/podcast/show/work-it-like-a-mum-elizabeth-willetts-1qk3;Learn more about becoming a foster career with the National Fostering Group;https://www.nationalfosteringgroup.co.uk/enquire-now/;1;false;1774598389;1774598389
https://www.mypodcastdata.com/podcast/show/work-it-like-a-mum-elizabeth-willetts-1qk3;Learn more about becoming a foster career with the National Fostering Group;https://www.nationalfosteringgroup.co.uk/enquire-now/;1;false;1775654812;1775654812
http://alliancefostercare.co.uk/foster-care-fortnight/;;https://www.nationalfosteringgroup.co.uk/foster-care-fortnight/;0;false;1770316257;1772722595
http://blinks.monster/domain/domain/part/165376;nationalfosteringgroup.co.uk;https://nationalfosteringgroup.co.uk/;0;true;1767138142;1788954432
http://corrector.in/page-bcc8ad9b34d81dcce0624ee06d17aa4d.html;reachoutcare.co.uk;https://www.nationalfosteringgroup.co.uk/reach-out-care/office/newton-aycliffe/?agency_referrer=reachoutcarefosteringservices.co.uk;0;false;1770410759;1773428490
http://domainwork.space/page-bcc8ad9b34d81dcce0624ee06d17aa4d.html;reachoutcare.co.uk;https://www.nationalfosteringgroup.co.uk/reach-out-care/office/newton-aycliffe/?agency_referrer=reachoutcarefosteringservices.co.uk;0;false;1771955860;1777376236
http://factmags.com/cqeiwseo/CallKanakaCreek-best-seo-service/;nfa.co.uk;https://www.nationalfosteringgroup.co.uk/;0;true;1771855591;1778396025
http://factmags.com/ercugseo/GhostlyPost-best-seo-service/;nfa.co.uk;https://www.nationalfosteringgroup.co.uk/;0;true;1772912606;1777589928
http://factmags.com/iaijzseo/tawfeerstorex-best-seo-service/;nfa.co.uk;https://www.nationalfosteringgroup.co.uk/;0;true;1771439086;1778530785
http://factmags.com/oylouaiseo/innovamigo-best-seo-service/;nfa.co.uk;https://www.nationalfosteringgroup.co.uk/;0;true;1771479504;1777665602
http://factmags.com/qcjrqseo/fa-edge-best-seo-service/;nfa.co.uk;https://www.nationalfosteringgroup.co.uk/;0;true;1772118632;1776946087
http://factmags.com/sesfnaiseo/paigeeverettportfolio-best-seo-service/;nfa.co.uk;https://www.nationalfosteringgroup.co.uk/;0;true;1773924562;1777288461
http://goooogla.com/best-for-ranking-atyykjseo/hxbcwlseo/;nfa.co.uk;https://www.nationalfosteringgroup.co.uk/;0;true;1775627395;1777948026
http://goooogla.com/best-for-ranking-azluluseo/bfmpetseo/;nfa.co.uk;https://www.nationalfosteringgroup.co.uk/;0;true;1775682946;1778168848
http://goooogla.com/best-for-ranking-azluluseo/dmmvnvseo/;nfa.co.uk;https://www.nationalfosteringgroup.co.uk/;0;true;1775539923;1777712613
http://goooogla.com/best-for-ranking-baankyseo/onseruseo/;nfa.co.uk;https://www.nationalfosteringgroup.co.uk/;0;true;1775710370;1778254610
http://goooogla.com/best-for-ranking-baankyseo/ramusxseo/;nfa.co.uk;https://www.nationalfosteringgroup.co.uk/;0;true;1776599871;1777939746
http://goooogla.com/best-for-ranking-guammiseo/borwopseo/;nfa.co.uk;https://www.nationalfosteringgroup.co.uk/;0;true;1775527664;1777480114
http://heavenarticle.com/blog/what-search-engine-marketing-services-can-do-for-your-business-393/;https://nfa.co.uk;https://www.nationalfosteringgroup.co.uk/;0;false;1771400049;1779327005
http://heavenarticle.com/branding-7-important-questions-and-the-straight-answers/;nfa;https://www.nationalfosteringgroup.co.uk/;0;false;1772226439;1774864681
http://heavenarticle.com/mind-body-spirit-weight-loss-tips-545763/;nfa;https://www.nationalfosteringgroup.co.uk/;0;false;1774506336;1774506336
http://kingranks.com/branding-7-important-questions-and-the-straight-answers/;nfa;https://www.nationalfosteringgroup.co.uk/;0;false;1772347388;1789864037
http://kingranks.com/mind-body-spirit-weight-loss-tips-545763/;nfa;https://www.nationalfosteringgroup.co.uk/;0;false;1771235600;1774748918
http://knows.monster/domain/domain/part/168027;nfa.co.uk;https://www.nationalfosteringgroup.co.uk/;0;true;1772249729;1775532745
http://libyanatravel.com/all/912/14.html;High Quality Dofollow Backlinks DA 50 PA 40 Premium PBN Network Service nationalfosteringgroup.co.uk Rank First Page Google Fast SEO Link Building Buy Backlinks Online Cheap;https://nationalfosteringgroup.co.uk/;0;false;1784053425;1790063480
http://lnxgkj.com/index-123.html;VISIT SITE;https://www.nationalfosteringgroup.co.uk/news-and-blog/keeping-children-safe-online-a-foster-carers-guide-to-internet-safety/;0;false;1775468880;1789988778
http://loveschoice.com/adoption-resources/;;https://www.nationalfosteringgroup.co.uk/fostering-solutions/;0;true;1774487635;1789623903
http://loveschoice.com/adoption-resources/;National Fostering Group UK;https://www.nationalfosteringgroup.co.uk/fostering-solutions/;0;true;1774487635;1789623903
http://missburrg.com/all/912/14.html;High Quality Dofollow Backlinks DA 50 PA 40 Premium PBN Network Service nationalfosteringgroup.co.uk Rank First Page Google Fast SEO Link Building Buy Backlinks Online Cheap;https://nationalfosteringgroup.co.uk/;0;false;1787343149;1788061465
http://myfostercarer.co.uk/contact-us/;foster care;https://www.nationalfosteringgroup.co.uk/thinking-about-fostering/types-of-foster-care/;0;false;1774928633;1787435342
http://onlineshoppingidea.com/all/912/14.html;High Quality Dofollow Backlinks DA 50 PA 40 Premium PBN Network Service nationalfosteringgroup.co.uk Rank First Page Google Fast SEO Link Building Buy Backlinks Online Cheap;https://nationalfosteringgroup.co.uk/;0;false;1787390211;1787390211
http://papasearch.net/Child_Support/ChildSupport13.html;Fostering as a Single Parent: Tips and Advice;https://www.nationalfosteringgroup.co.uk/thinking-about-fostering/who-can-foster/can-you-be-a-single-foster-parent/;0;false;1786743641;1788514781
http://papasearch.net/Child_Support/ChildSupport32.html;Alliance Foster Care part of the National Fostering Group;https://www.nationalfosteringgroup.co.uk/alliance/;0;false;1779605244;1789037892
http://papasearch.net/Child_Support/ChildSupport32.html;familyplacement.com are part of the National Fostering Group;https://www.nationalfosteringgroup.co.uk/family-placement/;0;false;1787288917;1789037892
http://papasearch.net/Child_Support/ChildSupport32.html;Marie and Carol's story - emergency placements became long ...;https://www.nationalfosteringgroup.co.uk/carer-story/;0;false;1779605244;1789037892
http://papasearch.net/Child_Support/ChildSupport32.html;David's story - fostering an asylum seeker;https://www.nationalfosteringgroup.co.uk/carer-story/;0;false;1782054478;1789037892
http://papasearch.net/Child_Support/ChildSupport32.html;Vince's story - "best thing that happened to me";https://www.nationalfosteringgroup.co.uk/carer-story/;0;false;1787288917;1789037892
http://papasearch.net/Child_Support/ChildSupport33.html;The 10 types of foster carers - National Fostering Group;https://www.nationalfosteringgroup.co.uk/thinking-about-fostering/types-of-foster-care/;0;false;1788211278;1789958959
http://papasearch.net/Child_Support/ChildSupport33.html;Foster in the North West with Alpha Plus Fostering;https://www.nationalfosteringgroup.co.uk/alpha-plus-fostering/;0;false;1782919044;1789958959
http://papasearch.net/Child_Support/ChildSupport33.html;Carer Success Stories! - National Fostering Group;https://www.nationalfosteringgroup.co.uk/carer-story/;0;false;1775836496;1781142803
http://papasearch.net/Child_Support/ChildSupport36.html;Marks story caring for a foster child with ADHD;https://www.nationalfosteringgroup.co.uk/carer-story/;0;false;1774245714;1788492974
http://papasearch.net/Child_Support/ChildSupport45.html;Driving & Working: Can I Still Foster?;https://www.nationalfosteringgroup.co.uk/thinking-about-fostering/who-can-foster/can-you-foster-and-work-full-time/;0;false;1786388490;1789913424
http://papasearch.net/Child_Support/ChildSupport45.html;Everyone is Different Ryan and Darrens Story;https://www.nationalfosteringgroup.co.uk/carer-story/;0;false;1774060793;1781135441
http://papasearch.net/Child_Support/ChildSupport50.html;Becoming a Foster Carer - What you need to know about ...;https://www.nationalfosteringgroup.co.uk/thinking-about-fostering/becoming-a-foster-carer/;0;false;1786786069;1788520053
http://papasearch.net/Child_Support/ChildSupport50.html;How to transfer with a foster child | National Fostering Group;https://www.nationalfosteringgroup.co.uk/transfer-to-us/how-to-transfer-if-you-have-a-foster-child/;0;false;1779050149;1788520053
http://papasearch.net/Child_Support/ChildSupport50.html;The Challenges and Rewards for Young Carers Charmaine and ...;https://www.nationalfosteringgroup.co.uk/carer-story/young-foster-carers-recognise-there-are-pros-and-cons/;0;false;1779050149;1788520053
http://papasearch.net/Child_Support/ChildSupport50.html;Devon and Cornwall Foster Carer Stories: Single Carer Belinda;https://www.nationalfosteringgroup.co.uk/carer-story/;0;false;1777285874;1788520053
http://papasearch.net/Child_Support/ChildSupport54.html;Marlene and Geoff - Pathway Care - fostered for 40 years;https://www.nationalfosteringgroup.co.uk/carer-story/carers-marlene-and-geoff-look-back-on-over-40-years-of-fostering/;0;false;1782913627;1789955294
http://papasearch.net/Child_Support/ChildSupport54.html;A Decade Of Foster Caring With Gaynor | Pathway Care;https://www.nationalfosteringgroup.co.uk/carer-story/;0;false;1788199200;1789955294
http://papasearch.net/Child_Support/ChildSupport56.html;Fostering information event aims to bust myths!;https://www.nationalfosteringgroup.co.uk/news-and-blog/;0;false;1783565531;1788849864
http://papasearch.net/Child_Support/ChildSupport56.html;The 16 Signs Of Recognising The Signs Of Depression In ...;https://www.nationalfosteringgroup.co.uk/news-and-blog/how-to-recognise-the-signs-of-depression-in-foster-children/;0;false;1779382820;1788849864
http://papasearch.net/Child_Support/ChildSupport56.html;Fostering Spotlight: Interview with Sir John Timpson;https://www.nationalfosteringgroup.co.uk/news-and-blog/fostering-spotlight-interview-with-sir-john-timpson/;0;false;1785328332;1788849864
http://papasearch.net/Child_Support/ChildSupport56.html;Army Families and Fostering- Can they foster?;https://www.nationalfosteringgroup.co.uk/carer-story/carers-on-the-fostering-front-line/;0;false;1783565531;1788849864
http://papasearch.net/Child_Support/ChildSupport56.html;Helen's story - stability from my agency;https://www.nationalfosteringgroup.co.uk/carer-story/;0;false;1783565531;1788849864
http://papasearch.net/Child_Support/ChildSupport57.html;Guest blog - Colby Pearce: Proactive Needs Provision ...;https://www.nationalfosteringgroup.co.uk/news-and-blog/;0;false;1775344450;1788389801
http://papasearch.net/Child_Support/ChildSupport57.html;Guest blog - Colby Pearce: Proactive Needs Provision ...;https://www.nationalfosteringgroup.co.uk/news-and-blog/;0;false;1775344450;1788389801
http://papasearch.net/Child_Support/ChildSupport58.html;LGBT Adoption & Fostering Week: Celebrating our LGBT Carers;https://www.nationalfosteringgroup.co.uk/news-and-blog/;0;false;1784223448;1789466127
http://papasearch.net/Child_Support/ChildSupport59.html;Inspiring foster carer switched careers to give young ...;https://www.nationalfosteringgroup.co.uk/carer-story/;0;false;1783519908;1788833449
http://papasearch.net/Child_Support/ChildSupport59.html;anaging the Transition from Foster Care to Independence ...;https://www.nationalfosteringgroup.co.uk/news-and-blog/;0;false;1785294135;1788833449
http://papasearch.net/Child_Support/ChildSupport60.html;Fostering Stories Katie and John;https://www.nationalfosteringgroup.co.uk/carer-story/;0;false;1785240712;1788717684
http://papasearch.net/Child_Support/ChildSupport63.html;Fostering a baby | National Fostering Group;https://www.nationalfosteringgroup.co.uk/thinking-about-fostering/types-of-foster-care/fostering-a-baby/;0;false;1789971903;1789971903
http://papasearch.net/Child_Support/ChildSupport63.html;The Ollie concept: All behaviours serve a purpose;https://www.nationalfosteringgroup.co.uk/news-and-blog/the-ollie-concept-all-behaviours-serve-a-purpose/;0;false;1781153490;1789971903
http://papasearch.net/Child_Support/ChildSupport64.html;Who can foster a child? - National Fostering Group;https://www.nationalfosteringgroup.co.uk/thinking-about-fostering/who-can-foster/;0;false;1779573128;1784807977
http://papasearch.net/Child_Support/ChildSupport64.html;Fostering Solutions Oundle - Fostering Solutions;https://www.nationalfosteringgroup.co.uk/fostering-solutions/oundle/;0;false;1776081569;1788330967
http://papasearch.net/Child_Support/ChildSupport64.html;Trauma Bond and How Can It Affect Children and Young People;https://www.nationalfosteringgroup.co.uk/news-and-blog/what-is-a-trauma-bond-and-how-can-it-affect-children-and-young-people/;0;false;1777813434;1784807977
http://papasearch.net/Child_Support/ChildSupport64.html;Foster Children Explain: What Qualities Do You Want in a ...;https://www.nationalfosteringgroup.co.uk/news-and-blog/;0;false;1786560597;1788330967
http://papasearch.net/Child_Support/ChildSupport65.html;Whistleblowing | National Fostering Group;https://www.nationalfosteringgroup.co.uk/about/whistleblowing/;0;false;1771771800;1789203927
http://papasearch.net/Child_Support/ChildSupport68.html;Laura's story - care transformed a neglected baby;https://www.nationalfosteringgroup.co.uk/carer-story/;0;false;1787588940;1789321427
http://papasearch.net/Child_Support/ChildSupport69.html;Meringue madness with Pastry Chef Nick - nfa.co.uk;https://www.nationalfosteringgroup.co.uk/news-and-blog/;0;false;1788008045;1789743034
http://papasearch.net/Child_Support/ChildSupport76.html;Can You Foster If You Have Health Issues | Fostering Solutions;https://www.nationalfosteringgroup.co.uk/thinking-about-fostering/who-can-foster/can-you-foster-if-you-have-health-problems/;0;false;1785170310;1788684622
http://papasearch.net/Child_Support/ChildSupport76.html;Fostering in Bolton - National Fostering Group;https://www.nationalfosteringgroup.co.uk/find-our-agencies/fostering-in-bolton/;0;false;1780978617;1788684622
http://papasearch.net/Child_Support/ChildSupport76.html;Home - Reach Out Care;https://www.nationalfosteringgroup.co.uk/reach-out-care/;0;false;1785170310;1788684622
http://papasearch.net/Child_Support/ChildSupport76.html;Home - Jay Fostering;https://www.nationalfosteringgroup.co.uk/jay-fostering/;0;false;1777477776;1788684622
http://papasearch.net/Child_Support/ChildSupport78.html;Can Single Parents Become Foster Parents? | Pathway Care;https://www.nationalfosteringgroup.co.uk/thinking-about-fostering/who-can-foster/can-you-be-a-single-foster-parent/;0;false;1778447796;1788964648
http://papasearch.net/Child_Support/ChildSupport79.html;Foster in the South East with Heath Farm fostering;https://www.nationalfosteringgroup.co.uk/heath-farm/;0;false;1770934816;1788410167
http://papasearch.net/Child_Support/ChildSupport80.html;| National Fostering Group;https://www.nationalfosteringgroup.co.uk/fast-track-application-process/;0;false;1777425279;1784454249
http://papasearch.net/Child_Support/ChildSupport80.html;Short-term fostering | National Fostering Group;https://www.nationalfosteringgroup.co.uk/thinking-about-fostering/types-of-foster-care/short-term-fostering/;0;false;1787978623;1789713909
http://papasearch.net/Child_Support/ChildSupport80.html;Fostering Stories;https://www.nationalfosteringgroup.co.uk/carer-story/;0;false;1779155280;1789713909
http://papasearch.net/Child_Support/ChildSupport80.html;GCSE Reforms: Whats Changing and Tips on Understanding ...;https://www.nationalfosteringgroup.co.uk/news-and-blog/;0;false;1786210754;1789713909
http://papasearch.net/Child_Support/ChildSupport80.html;Weve Been There, We Know A Letter to Children New to ...;https://www.nationalfosteringgroup.co.uk/news-and-blog/;0;false;1780925001;1787978623
http://search3.openobjects.com/kb5/wolverhampton/directory/service.action?id=r5aYSvSoqRw&itemid=miOJzW4YBINToxx2s7zKk_NERvgvJaEDaxY6xHK63KD9w18%24&slaction=ADD;National Fostering Agency - Midlands;https://www.nationalfosteringgroup.co.uk/national-fostering-agency/midlands/;0;false;1783434659;1783434659
http://search3.openobjects.com/kb5/wolverhampton/directory/service.action?id=r5aYSvSoqRw&itemid=miOJzW4YBINToxx2s7zKk_NERvgvJaEDaxY6xHK63KD9w18%24&slaction=REMOVE;National Fostering Agency - Midlands;https://www.nationalfosteringgroup.co.uk/national-fostering-agency/midlands/;0;false;1783955127;1783955127
http://search3.openobjects.com/kb5/wolverhampton/directory/service.page?familychannel=0&id=r5aYSvSoqRw;National Fostering Agency - Midlands;https://www.nationalfosteringgroup.co.uk/national-fostering-agency/midlands/;0;false;1783055604;1783055604
http://search3.openobjects.com/kb5/wolverhampton/directory/service.page?id=r5aYSvSoqRw;National Fostering Agency - Midlands;https://www.nationalfosteringgroup.co.uk/national-fostering-agency/midlands/;0;false;1783261735;1783261735
http://seol.store/domain/domain/part/165376;nationalfosteringgroup.co.uk;https://nationalfosteringgroup.co.uk/;0;true;1768416627;1778633016
http://takes.homes/domain/domain/part/165376;nationalfosteringgroup.co.uk;https://nationalfosteringgroup.co.uk/;0;true;1769946087;1787321935
http://wants.cfd/domain/domain/part/165376;nationalfosteringgroup.co.uk;https://nationalfosteringgroup.co.uk/;0;true;1774633462;1785605418
http://www.corrector.in/page-bcc8ad9b34d81dcce0624ee06d17aa4d.html;reachoutcare.co.uk;https://www.nationalfosteringgroup.co.uk/reach-out-care/office/newton-aycliffe/?agency_referrer=reachoutcarefosteringservices.co.uk;0;false;1771379852;1773428113
http://www.factmags.com/cqeiwseo/CallKanakaCreek-best-seo-service/;nfa.co.uk;https://www.nationalfosteringgroup.co.uk/;0;true;1774435174;1777911991
http://www.factmags.com/ercugseo/GhostlyPost-best-seo-service/;nfa.co.uk;https://www.nationalfosteringgroup.co.uk/;0;true;1773959153;1777348961
http://www.factmags.com/oylouaiseo/innovamigo-best-seo-service/;nfa.co.uk;https://www.nationalfosteringgroup.co.uk/;0;true;1774139067;1777607522
http://www.factmags.com/qcjrqseo/fa-edge-best-seo-service/;nfa.co.uk;https://www.nationalfosteringgroup.co.uk/;0;true;1774245791;1777807722
http://www.factmags.com/sesfnaiseo/paigeeverettportfolio-best-seo-service/;nfa.co.uk;https://www.nationalfosteringgroup.co.uk/;0;true;1773446063;1778414568
http://www.familyplacement.com/faqs/how-long-will-i-have-to-wait-for-a-child-to-be-placed;;https://www.nationalfosteringgroup.co.uk/faqs/how-long-will-i-have-to-wait-for-a-child-to-be-placed;0;false;1770317830;1772500279
http://www.jobsbasw.co.uk/job-link/4334/6971;;https://www.nationalfosteringgroup.co.uk/reach-out-care/;0;false;1778788355;1778788355
http://www.knows.monster/domain/domain/part/168027;nfa.co.uk;https://www.nationalfosteringgroup.co.uk/;0;true;1790027846;1790027846
http://www.knows.sbs/domain/domain/part/165376;nationalfosteringgroup.co.uk;https://nationalfosteringgroup.co.uk/;0;true;1785823311;1789166398
http://www.lawyerinjeddah.com/all/912/14.html;High Quality Dofollow Backlinks DA 50 PA 40 Premium PBN Network Service nationalfosteringgroup.co.uk Rank First Page Google Fast SEO Link Building Buy Backlinks Online Cheap;https://nationalfosteringgroup.co.uk/;0;false;1786375041;1789621801
http://www.seodomains.website/domain/domain/part/165376;nationalfosteringgroup.co.uk;https://nationalfosteringgroup.co.uk/;0;true;1781367591;1789858122
http://www.seol.store/domain/domain/part/168027;nfa.co.uk;https://www.nationalfosteringgroup.co.uk/;0;true;1789981279;1789981279
http://www.takes.sbs/domain/domain/part/168027;nfa.co.uk;https://www.nationalfosteringgroup.co.uk/;0;true;1789980193;1789980193
http://www.wants.cfd/domain/domain/part/168027;nfa.co.uk;https://www.nationalfosteringgroup.co.uk/;0;true;1789759927;1789759927
http://yesdomains.space/page-bcc8ad9b34d81dcce0624ee06d17aa4d.html;reachoutcare.co.uk;https://www.nationalfosteringgroup.co.uk/reach-out-care/office/newton-aycliffe/?agency_referrer=reachoutcarefosteringservices.co.uk;0;false;1771301440;1777274631
https://23cucuc12es.blogspot.com/;nfa.co.uk;https://www.nationalfosteringgroup.co.uk/;0;true;1772985907;1777711087
https://2x9.co/page-4002d72ef25df4e15f8a7acfd0a49bd5.html;nfa.co.uk;https://www.nationalfosteringgroup.co.uk/;0;false;1771894267;1781279221
https://6rpsskystyrenees.blogspot.com/;nfa.co.uk;https://www.nationalfosteringgroup.co.uk/;0;true;1773496582;1789788981
https://99bestsite.com/crafting-compelling-brand-stories-the-strategies-for-the-british-businesses/;nfa;https://www.nationalfosteringgroup.co.uk/;0;false;1771208808;1774738630
https://99ranks.com/crafting-compelling-brand-stories-the-strategies-for-the-british-businesses/;nfa;https://www.nationalfosteringgroup.co.uk/;0;false;1771099334;1777179586
https://99w.im/crafting-compelling-brand-stories-the-strategies-for-the-british-businesses/;nfa;https://www.nationalfosteringgroup.co.uk/;0;false;1771456017;1778368411
https://9bobob15es.blogspot.com/;nfa.co.uk;https://www.nationalfosteringgroup.co.uk/;0;true;1773795330;1778481251
https://9bobob15es.blogspot.com/2023/07/;nfa.co.uk;https://www.nationalfosteringgroup.co.uk/;0;true;1772864301;1776026865
https://9bobob15es.blogspot.com/2023/07/n.html;nfa.co.uk;https://www.nationalfosteringgroup.co.uk/;0;true;1774948180;1774948180
https://a-leads.co/company/507718_8fbb3ea8;Website;https://www.nationalfosteringgroup.co.uk/brighter-futures/;0;false;1781530538;1781530538
https://a2zseoarticles.com/crafting-compelling-brand-stories-the-strategies-for-the-british-businesses/;nfa;https://www.nationalfosteringgroup.co.uk/;0;false;1770954585;1777029113
https://adzbusiness.com/crafting-compelling-brand-stories-the-strategies-for-the-british-businesses/;nfa;https://www.nationalfosteringgroup.co.uk/;0;false;1771015800;1778135638
https://aff.org.uk/advice/family-life/adoption-and-fostering/;National Fostering Group;https://www.nationalfosteringgroup.co.uk/;0;true;1774787773;1789530522
https://all-aged-domains.com/page-4002d72ef25df4e15f8a7acfd0a49bd5.html;nfa.co.uk;https://www.nationalfosteringgroup.co.uk/;0;false;1770978359;1777983960
https://alljobs.info/dda5d0bda31dba30ed10120235e4954c-l/;nfa.co.uk;https://www.nationalfosteringgroup.co.uk/;0;false;1771801341;1778226805
https://allthechildcare.online/directory/listings/national-fostering-agency-lowestoft-nr32-2hd-gb-cac39569/;Visit website;https://www.nationalfosteringgroup.co.uk/national-fostering-agency/east/;0;true;1789561054;1789561054
https://allwebsitesdirectory.com/page-4002d72ef25df4e15f8a7acfd0a49bd5.html;nfa.co.uk;https://www.nationalfosteringgroup.co.uk/;0;false;1776285860;1778432018
https://aloysionunes.com/all/2031/23.html;High Quality Dofollow Backlinks DA 50 PA 40 Premium PBN Network Service nationalfosteringgroup.co.uk Rank First Page Google Fast SEO Link Building Buy Backlinks Online Cheap;https://nationalfosteringgroup.co.uk/;0;false;1789707223;1789707223
https://analyticshaven.top/stats/122063;nationalfosteringgroup.co.uk;https://nationalfosteringgroup.co.uk/;0;true;1773378385;1788948569
https://anamorphic-aes.blogspot.com/;nfa.co.uk;https://www.nationalfosteringgroup.co.uk/;0;true;1773354437;1777729897
https://anchorurl.cloud/share/122063;nationalfosteringgroup.co.uk;https://nationalfosteringgroup.co.uk/;0;true;1770318895;1782240103
https://anchorurl.cloud/share/122064;nationalfosteringgroup.co.uk;https://nationalfosteringgroup.co.uk/;0;true;1771186728;1789752769
https://arceofswedenes.blogspot.com/;nfa.co.uk;https://www.nationalfosteringgroup.co.uk/;0;true;1774000757;1775718169
https://archive-hu.com/all/2031/23.html;High Quality Dofollow Backlinks DA 50 PA 40 Premium PBN Network Service nationalfosteringgroup.co.uk Rank First Page Google Fast SEO Link Building Buy Backlinks Online Cheap;https://nationalfosteringgroup.co.uk/;0;false;1788752190;1788752190
https://articlement.com/3-reasons-why-marketing-employees-get-fired-5454/;nfa;https://www.nationalfosteringgroup.co.uk/;0;false;1771749680;1773637929
https://articlement.com/article-marketing-building-email-subscriber-list-3-thoughts-35/;nfa;https://www.nationalfosteringgroup.co.uk/;0;false;1770956307;1789888638
https://articlement.com/mind-body-spirit-weight-loss-tips-545763/;nfa;https://www.nationalfosteringgroup.co.uk/;0;false;1771169953;1789916545
https://atomizelink.icu/report/122063;nationalfosteringgroup.co.uk;https://nationalfosteringgroup.co.uk/;0;true;1775611065;1775611065
https://atomizelink.icu/report/122064;nationalfosteringgroup.co.uk;https://nationalfosteringgroup.co.uk/;0;true;1784813353;1784813353
https://australianwebdirectory.shop/page-4002d72ef25df4e15f8a7acfd0a49bd5.html;nfa.co.uk;https://www.nationalfosteringgroup.co.uk/;0;false;1772411183;1772872374
https://avoicereclaimed.com/2024/10/27/the-rose-garden-chapter-11-secrets/;https://www.nfa.co.uk/news-and-blog/what-is-a-trauma-bond-and-how-can-it-affect-children-and-young-people/;https://www.nationalfosteringgroup.co.uk/news-and-blog/what-is-a-trauma-bond-and-how-can-it-affect-children-and-young-people/;0;true;1777433494;1784671145
https://backlinklab.pro/get-started-with-affordable-link-building-services-308/;nfa.co.uk;https://www.nationalfosteringgroup.co.uk/;0;false;1771405915;1773133113
https://backlinks-checker.com/share/122064;nationalfosteringgroup.co.uk;https://nationalfosteringgroup.co.uk/;0;true;1783523161;1783523161
https://bazerdaily.com/link-velocity-hub/powerful-dofollow-link-building-to-boost-domain-authority-improve-google-rankings-for-competitive-serp-results-f2d35e.html;High Quality Dofollow Backlinks DA 50 PA 40 Premium PBN Network Service nationalfosteringgroup.co.uk Rank First Page Google Fast SEO Link Building Buy Backlinks Online Cheap;https://nationalfosteringgroup.co.uk/;0;false;1790087147;1790087147
https://bestirishcasinoonline.online/backlink-network/high-quality-seo-authority-backlinks-to-raise-domain-rating-build-lasting-authority-with-safe-link-velocity-ff4bb3.html;Professional Manual Outreach Backlinks for nationalfosteringgroup.co.uk for Higher DA and DR Scores. Grow Search Traffic, with Safe Link Velocity.;https://nationalfosteringgroup.co.uk/;0;false;1789186468;1790017708
https://bestnz-poker-casinoslot.com/all/2031/23.html;High Quality Dofollow Backlinks DA 50 PA 40 Premium PBN Network Service nationalfosteringgroup.co.uk Rank First Page Google Fast SEO Link Building Buy Backlinks Online Cheap;https://nationalfosteringgroup.co.uk/;0;false;1789565724;1789565724
https://bestonlinecasinogamescanada.online/guest-post-network/trusted-guest-post-service-to-strengthen-your-link-profile-strengthen-website-reputation-with-safe-link-velocity-ac0fab.html;Professional Manual Outreach Backlinks for nationalfosteringgroup.co.uk for Higher DA and DR Scores. Grow Search Traffic, with Safe Link Velocity.;https://nationalfosteringgroup.co.uk/;0;false;1789642520;1789642520
https://bestonlinecasinogamescanada.online/offpage-seo-directory/advanced-manual-outreach-backlinks-to-improve-citation-flow-drive-qualified-visitors-for-competitive-serp-results-6e3a3d.html;Professional SEO Authority Backlinks for nfa.co.uk to Strengthen Your Link Profile. Outrank Your Competitors, for Competitive SERP Results.;https://www.nationalfosteringgroup.co.uk/;0;false;1789816793;1789816793
https://bestonlinecasinomexico.online/white-hat-directory/effective-seo-authority-backlinks-to-strengthen-your-link-profile-drive-qualified-visitors-for-competitive-serp-results-68a2c3.html;Professional Manual Outreach Backlinks for nationalfosteringgroup.co.uk for Higher DA and DR Scores. Grow Search Traffic, with Safe Link Velocity.;https://nationalfosteringgroup.co.uk/;0;false;1789605435;1789605435
https://bestwebstats.com/page-4002d72ef25df4e15f8a7acfd0a49bd5.html;nfa.co.uk;https://www.nationalfosteringgroup.co.uk/;0;false;1772976253;1777409928
https://betulcrime.com/all/2031/23.html;High Quality Dofollow Backlinks DA 50 PA 40 Premium PBN Network Service nationalfosteringgroup.co.uk Rank First Page Google Fast SEO Link Building Buy Backlinks Online Cheap;https://nationalfosteringgroup.co.uk/;0;false;1789377057;1789377057
https://betwinnermirror.com/offpage-seo-directory/advanced-tiered-link-building-to-strengthen-your-link-profile-build-lasting-authority-with-safe-link-velocity-fc8225.html;High Quality Dofollow Backlinks DA 50 PA 40 Premium PBN Network Service nationalfosteringgroup.co.uk Rank First Page Google Fast SEO Link Building Buy Backlinks Online Cheap;https://nationalfosteringgroup.co.uk/;0;false;1790011163;1790011163
https://bilalarticles.com/crafting-compelling-brand-stories-the-strategies-for-the-british-businesses/;nfa;https://www.nationalfosteringgroup.co.uk/;0;false;1770898083;1776973384
https://bizzr.uk/adult-foster-care-service/normanston/NR32-2HD/national-fostering-agency/;Visit website;https://www.nationalfosteringgroup.co.uk/;0;true;1775237209;1781407372
https://bizzr.uk/foster-care-service/croft/WA3-7QS/national-fostering-agency/;Visit website;https://www.nationalfosteringgroup.co.uk/;0;true;1774822877;1782072640
https://bizzr.uk/foster-care-service/gilnow/BL1-4AG/national-fostering-group/;Visit website;https://www.nationalfosteringgroup.co.uk/;0;true;1774718381;1782163589
https://blazemagazine.co.uk/maiyisha-rashad/;family placement;https://www.nationalfosteringgroup.co.uk/family-placement/;0;false;1783594644;1788925553
https://blinks.monster/domain/domain/part/165376/lan/ar;nationalfosteringgroup.co.uk;https://nationalfosteringgroup.co.uk/;0;true;1779154346;1788453362
https://blinks.monster/domain/domain/part/168027;nfa.co.uk;https://www.nationalfosteringgroup.co.uk/;0;true;1771128398;1776724913
https://blinks.sbs/domain/domain/part/165376;nationalfosteringgroup.co.uk;https://nationalfosteringgroup.co.uk/;0;true;1785667745;1785667745
https://blinks.sbs/domain/domain/part/168027;nfa.co.uk;https://www.nationalfosteringgroup.co.uk/;0;true;1775825937;1789923004
https://blogerreviewers.com/all/2031/23.html;High Quality Dofollow Backlinks DA 50 PA 40 Premium PBN Network Service nationalfosteringgroup.co.uk Rank First Page Google Fast SEO Link Building Buy Backlinks Online Cheap;https://nationalfosteringgroup.co.uk/;0;false;1788764723;1788764723
https://blogsphere.top/stats/122063;nationalfosteringgroup.co.uk;https://nationalfosteringgroup.co.uk/;0;true;1773597142;1789047287
https://blogsphere.top/stats/122064;nationalfosteringgroup.co.uk;https://nationalfosteringgroup.co.uk/;0;true;1766998851;1787095033
https://booksreadr.org/page-4002d72ef25df4e15f8a7acfd0a49bd5.html;nfa.co.uk;https://www.nationalfosteringgroup.co.uk/;0;false;1772192798;1778401403
https://breachviews.com/domain-authority-tools/effective-guest-post-service-for-higher-da-and-dr-scores-outrank-your-competitors-for-long-term-seo-results-ba515d.html;High Quality Dofollow Backlinks DA 50 PA 40 Premium PBN Network Service nfa.co.uk Rank First Page Google Fast SEO Link Building Buy Backlinks Online Cheap;https://www.nationalfosteringgroup.co.uk/;0;false;1790016226;1790016226
https://breachviews.com/seo-metrics-hub/powerful-dofollow-link-building-to-raise-domain-rating-secure-first-page-positions-across-every-niche-and-market-83a3a1.html;High Quality Dofollow Backlinks DA 50 PA 40 Premium PBN Network Service nationalfosteringgroup.co.uk Rank First Page Google Fast SEO Link Building Buy Backlinks Online Cheap;https://nationalfosteringgroup.co.uk/;0;false;1789400521;1789400521
https://brokeandchic.com/a-quick-guide-to-fostering-in-scotland/;the training part of the procedure,;https://www.nationalfosteringgroup.co.uk/thinking-about-fostering/support-and-benefits/training/;0;false;1782644387;1789658299
https://businessnewses.com/crafting-compelling-brand-stories-the-strategies-for-the-british-businesses/;nfa;https://www.nationalfosteringgroup.co.uk/;0;false;1771200234;1776928539
https://businessvocal.com/challenger-sales-technique-when-and-how-to-challenge-buyer-beliefs-to-close-more-deals-and-drive-growth/;nfa.co.uk;https://www.nationalfosteringgroup.co.uk/;0;true;1771639116;1774931588
https://buzzshrink.website/share/122063;nationalfosteringgroup.co.uk;https://nationalfosteringgroup.co.uk/;0;true;1773528783;1783787242
https://buzzshrink.website/share/122064;nationalfosteringgroup.co.uk;https://nationalfosteringgroup.co.uk/;0;true;1788787131;1788787131
https://buzzshrink.website/share/36700;nfa.co.uk;https://www.nationalfosteringgroup.co.uk/;0;true;1777439095;1777439095
https://bye.fyi/report/122063;nationalfosteringgroup.co.uk;https://nationalfosteringgroup.co.uk/;0;true;1771293192;1782239365
https://bye.fyi/report/122064;nationalfosteringgroup.co.uk;https://nationalfosteringgroup.co.uk/;0;true;1777916698;1777916698
https://byteshort.xyz/report/122063;nationalfosteringgroup.co.uk;https://nationalfosteringgroup.co.uk/;0;true;1784204901;1784204901
https://byteshort.xyz/report/122064;nationalfosteringgroup.co.uk;https://nationalfosteringgroup.co.uk/;0;true;1785094151;1785094151
https://canlisohbethatlari.online/backlink-network/trusted-contextual-link-placements-to-strengthen-your-link-profile-increase-organic-visibility-for-long-term-seo-results-b5f508.html;Professional Manual Outreach Backlinks for nationalfosteringgroup.co.uk for Higher DA and DR Scores. Grow Search Traffic, with Safe Link Velocity.;https://nationalfosteringgroup.co.uk/;0;false;1789841230;1789841230
https://casinoonlinecrazytime.online/indexation-directory/professional-pbn-backlinks-to-raise-domain-rating-improve-google-rankings-across-every-niche-and-market-2cbd5f.html;Professional Manual Outreach Backlinks for nationalfosteringgroup.co.uk for Higher DA and DR Scores. Grow Search Traffic, with Safe Link Velocity.;https://nationalfosteringgroup.co.uk/;0;false;1789763609;1789763609
https://casinopopular.online/pbn-directory/advanced-guest-post-service-to-increase-trust-flow-improve-google-rankings-with-full-placement-reporting-9d6e4e.html;Professional Manual Outreach Backlinks for nationalfosteringgroup.co.uk for Higher DA and DR Scores. Grow Search Traffic, with Safe Link Velocity.;https://nationalfosteringgroup.co.uk/;0;false;1790080580;1790080580
https://cgpa2percentag.com/all/2031/23.html;High Quality Dofollow Backlinks DA 50 PA 40 Premium PBN Network Service nationalfosteringgroup.co.uk Rank First Page Google Fast SEO Link Building Buy Backlinks Online Cheap;https://nationalfosteringgroup.co.uk/;0;false;1789751376;1789751376
https://chordmp3.net/seo-authority-links/reliable-dofollow-link-building-for-higher-da-and-dr-scores-drive-qualified-visitors-for-competitive-serp-results-7cc679.html;High Quality Dofollow Backlinks DA 50 PA 40 Premium PBN Network Service nationalfosteringgroup.co.uk Rank First Page Google Fast SEO Link Building Buy Backlinks Online Cheap;https://nationalfosteringgroup.co.uk/;0;false;1789634461;1789634461
https://clicktohigh.com/crafting-compelling-brand-stories-the-strategies-for-the-british-businesses/;nfa;https://www.nationalfosteringgroup.co.uk/;0;false;1771323627;1778253872
https://clifflisting.com/all/2031/23.html;High Quality Dofollow Backlinks DA 50 PA 40 Premium PBN Network Service nationalfosteringgroup.co.uk Rank First Page Google Fast SEO Link Building Buy Backlinks Online Cheap;https://nationalfosteringgroup.co.uk/;0;false;1788869273;1788869273
https://coruzants.com/all/2031/23.html;High Quality Dofollow Backlinks DA 50 PA 40 Premium PBN Network Service nationalfosteringgroup.co.uk Rank First Page Google Fast SEO Link Building Buy Backlinks Online Cheap;https://nationalfosteringgroup.co.uk/;0;false;1789505071;1789505071
https://creativeposts.top/stats/122063;nationalfosteringgroup.co.uk;https://nationalfosteringgroup.co.uk/;0;true;1769540414;1787771463
https://creativeposts.top/stats/122064;nationalfosteringgroup.co.uk;https://nationalfosteringgroup.co.uk/;0;true;1783260483;1788326451
https://daechul.co.com/all/2031/23.html;High Quality Dofollow Backlinks DA 50 PA 40 Premium PBN Network Service nationalfosteringgroup.co.uk Rank First Page Google Fast SEO Link Building Buy Backlinks Online Cheap;https://nationalfosteringgroup.co.uk/;0;false;1788692841;1788692841
https://dailymusings.top/stats/122063;nationalfosteringgroup.co.uk;https://nationalfosteringgroup.co.uk/;0;true;1787274398;1787274398
https://dailymusings.top/stats/122064;nationalfosteringgroup.co.uk;https://nationalfosteringgroup.co.uk/;0;true;1773167184;1773167184
https://daisye.pages.dev/01/HhZUmBpMDT;nfa.co.uk;https://www.nationalfosteringgroup.co.uk/;0;true;1773784739;1775947559
https://daolink.mom/?p=327752;nfa.co.uk;https://www.nationalfosteringgroup.co.uk/;0;true;1771270505;1774447425
https://daolink.mom/?p=329118;nfa.co.uk;https://www.nationalfosteringgroup.co.uk/;0;true;1775122855;1775122855
https://daolink.mom/?p=339175;nfa.co.uk;https://www.nationalfosteringgroup.co.uk/;0;true;1773237883;1774693644
https://daolink.mom/?p=339561;nfa.co.uk;https://www.nationalfosteringgroup.co.uk/;0;true;1773234314;1774661981
https://daolink.mom/artie-lange-laughter-pain-and-the-battle-behind-the-microphone/;nfa.co.uk;https://www.nationalfosteringgroup.co.uk/;0;true;1775852108;1778138433
https://daolink.mom/lead-generation-a-practical-guide-for-business-growth-2/;nfa.co.uk;https://www.nationalfosteringgroup.co.uk/;0;true;1775708226;1778347677
https://daolink.mom/lead-generation-a-practical-guide-for-business-growth/;nfa.co.uk;https://www.nationalfosteringgroup.co.uk/;0;true;1775766653;1778154336
https://daolink.mom/leukoplakia-causes-symptoms-and-treatment-explained/;nfa.co.uk;https://www.nationalfosteringgroup.co.uk/;0;true;1775815912;1778153636
https://daolink.mom/student-motivation-tips-to-stay-focused-and-achieve-success/;nfa.co.uk;https://www.nationalfosteringgroup.co.uk/;0;true;1776325050;1778541492
https://dayofdifference.org.au/f-medical/fostering-children-medical-problems.html;Can You Foster If You Have Health Issues | Fostering Solutions;https://www.nationalfosteringgroup.co.uk/thinking-about-fostering/who-can-foster/can-you-foster-if-you-have-health-problems/;0;true;1787646484;1787646484
https://developmentmi.com/crafting-compelling-brand-stories-the-strategies-for-the-british-businesses/;nfa;https://www.nationalfosteringgroup.co.uk/;0;false;1771420508;1776724474
https://developmentmi.com/creative-writing-journal-5-biggest-mistakes-that-make-using-a-creative-writing-journal-ineffective/;nfa;https://www.nationalfosteringgroup.co.uk/;0;false;1771102882;1774592091
https://developmentmi.com/e-mail-marketing-software-and-how-it-can-help-you-in-your-marketing-efforts/;nfa;https://www.nationalfosteringgroup.co.uk/;0;false;1772330265;1782881539
https://digitalboost.site/aoip-get-ranking-on-1st-page-with-us;nfa.co.uk;https://www.nationalfosteringgroup.co.uk/;0;true;1790083775;1790083775
https://digitalchatni.com/all/2031/23.html;High Quality Dofollow Backlinks DA 50 PA 40 Premium PBN Network Service nationalfosteringgroup.co.uk Rank First Page Google Fast SEO Link Building Buy Backlinks Online Cheap;https://nationalfosteringgroup.co.uk/;0;false;1789463263;1789463263
https://directory.luton.gov.uk/kb5/luton/directory/service.action?id=bK-qKw7Sau0&itemid=ioMMZ__A8GcmAGU1Ps4YYvFXpwDSgB--XxGb&slaction=ADD;National Fostering Agency - East;https://www.nationalfosteringgroup.co.uk/national-fostering-agency/east/;0;false;1783175406;1783175406
https://directory.luton.gov.uk/kb5/luton/directory/service.action?id=bK-qKw7Sau0&itemid=ioMMZ__A8GcmAGU1Ps4YYvFXpwDSgB--XxGb&slaction=REMOVE;National Fostering Agency - East;https://www.nationalfosteringgroup.co.uk/national-fostering-agency/east/;0;false;1783326645;1783326645
https://directory.luton.gov.uk/kb5/luton/directory/service.page?id=bK-qKw7Sau0;National Fostering Agency - East;https://www.nationalfosteringgroup.co.uk/national-fostering-agency/east/;0;false;1782848307;1785305382
https://dltech.forum/?p=327752;nfa.co.uk;https://www.nationalfosteringgroup.co.uk/;0;true;1774585243;1774585243
https://dltech.forum/artie-lange-laughter-pain-and-the-battle-behind-the-microphone/;nfa.co.uk;https://www.nationalfosteringgroup.co.uk/;0;true;1775315930;1778244686
https://dltech.forum/ford-transit-the-iconic-commercial-vehicle/;nfa.co.uk;https://www.nationalfosteringgroup.co.uk/;0;true;1777682562;1778488321
https://dltech.forum/lead-generation-a-practical-guide-for-business-growth/;nfa.co.uk;https://www.nationalfosteringgroup.co.uk/;0;true;1775787414;1778268823
https://dltech.forum/student-motivation-tips-to-stay-focused-and-achieve-success/;nfa.co.uk;https://www.nationalfosteringgroup.co.uk/;0;true;1778491441;1778491441
https://domain.com.lc/page-4002d72ef25df4e15f8a7acfd0a49bd5.html;nfa.co.uk;https://www.nationalfosteringgroup.co.uk/;0;false;1774625985;1789790535
https://domainanalysis.org/page-4002d72ef25df4e15f8a7acfd0a49bd5.html;nfa.co.uk;https://www.nationalfosteringgroup.co.uk/;0;false;1774786604;1777336893
https://domainsc.com/page-4002d72ef25df4e15f8a7acfd0a49bd5.html;nfa.co.uk;https://www.nationalfosteringgroup.co.uk/;0;false;1774589555;1777247299
https://domainwork.space/page-bcc8ad9b34d81dcce0624ee06d17aa4d.html;reachoutcare.co.uk;https://www.nationalfosteringgroup.co.uk/reach-out-care/office/newton-aycliffe/?agency_referrer=reachoutcarefosteringservices.co.uk;0;false;1771103848;1777376236
https://domraider.br.com/o255txze-listings/;nfa.co.uk;https://www.nationalfosteringgroup.co.uk/;0;false;1789857919;1789857919
https://domraider.it.com/l33o863q-lis/;nfa.co.uk;https://www.nationalfosteringgroup.co.uk/;0;false;1789752051;1789752051
https://domraider.uk.com/u19li1cn-d/;nfa.co.uk;https://www.nationalfosteringgroup.co.uk/;0;false;1789891000;1789891000
https://domraider.us.com/v1rq6bzp-domain/;nfa.co.uk;https://www.nationalfosteringgroup.co.uk/;0;false;1789937827;1789937827
https://dotpim.com/website-list-2394/;nfa.co.uk;https://www.nationalfosteringgroup.co.uk/;0;false;1789961969;1789961969
https://doxycycline100mg.store/contextual-link-index/premium-niche-edit-links-for-higher-da-and-dr-scores-secure-first-page-positions-for-competitive-serp-results-78edc9.html;Professional Manual Outreach Backlinks for nationalfosteringgroup.co.uk for Higher DA and DR Scores. Grow Search Traffic, with Safe Link Velocity.;https://nationalfosteringgroup.co.uk/;0;false;1790019076;1790019076
https://drjack.world/report/122063;nationalfosteringgroup.co.uk;https://nationalfosteringgroup.co.uk/;0;true;1771297311;1782165766
https://drjack.world/report/36700;nfa.co.uk;https://www.nationalfosteringgroup.co.uk/;0;true;1776901630;1776901630
https://drjack.world/report/36701;nfa.co.uk;https://www.nationalfosteringgroup.co.uk/;0;true;1774975654;1774975654
https://dupurgeniefr.com/all/2031/23.html;High Quality Dofollow Backlinks DA 50 PA 40 Premium PBN Network Service nationalfosteringgroup.co.uk Rank First Page Google Fast SEO Link Building Buy Backlinks Online Cheap;https://nationalfosteringgroup.co.uk/;0;false;1787971908;1789108301
https://egyptiandirectory.com/page-4002d72ef25df4e15f8a7acfd0a49bd5.html;nfa.co.uk;https://www.nationalfosteringgroup.co.uk/;0;false;1774783628;1781876100
https://ejobscircular.com/foster-track-login/;Home;https://www.nationalfosteringgroup.co.uk/national-fostering-agency/;0;false;1771320173;1778452645
https://ejobscircular.com/foster-track-login/;Carer benefits;https://www.nationalfosteringgroup.co.uk/thinking-about-fostering/support-and-benefits/carer-benefits-and-perks/;0;false;1771320173;1778452645
https://eliteseo.site/bfoo-get-ranking-on-1st-page-with-us;nfa.co.uk;https://www.nationalfosteringgroup.co.uk/;0;true;1789778167;1789778167
https://exotichealths.com/white-hat-directory/high-quality-manual-outreach-backlinks-to-boost-domain-authority-drive-qualified-visitors-for-competitive-serp-results-13de8f.html;High Quality Dofollow Backlinks DA 50 PA 40 Premium PBN Network Service nationalfosteringgroup.co.uk Rank First Page Google Fast SEO Link Building Buy Backlinks Online Cheap;https://nationalfosteringgroup.co.uk/;0;false;1789759518;1789759518
https://factmags.com/cqeiwseo/CallKanakaCreek-best-seo-service/;nfa.co.uk;https://www.nationalfosteringgroup.co.uk/;0;true;1772410206;1777214989
https://factmags.com/ercugseo/GhostlyPost-best-seo-service/;nfa.co.uk;https://www.nationalfosteringgroup.co.uk/;0;true;1772426272;1777169080
https://factmags.com/iaijzseo/tawfeerstorex-best-seo-service/;nfa.co.uk;https://www.nationalfosteringgroup.co.uk/;0;true;1772361525;1773472981
https://factmags.com/oylouaiseo/innovamigo-best-seo-service/;nfa.co.uk;https://www.nationalfosteringgroup.co.uk/;0;true;1771939918;1778541356
https://factmags.com/qcjrqseo/fa-edge-best-seo-service/;nfa.co.uk;https://www.nationalfosteringgroup.co.uk/;0;true;1772714766;1777523059
https://factmags.com/sesfnaiseo/paigeeverettportfolio-best-seo-service/;nfa.co.uk;https://www.nationalfosteringgroup.co.uk/;0;true;1774308908;1777964749
https://familyserviceshub.havering.gov.uk/kb5/havering/directory/service.page?id=dgzD4zY6IUM;https://www.nationalfosteringgroup.co.uk/;https://www.nationalfosteringgroup.co.uk/national-fostering-agency/london-north/;0;false;1783241238;1783992678
https://fashionclothingnews.com/all/2031/23.html;High Quality Dofollow Backlinks DA 50 PA 40 Premium PBN Network Service nationalfosteringgroup.co.uk Rank First Page Google Fast SEO Link Building Buy Backlinks Online Cheap;https://nationalfosteringgroup.co.uk/;0;false;1788413139;1790004046
https://fastlifesite.com/all/2031/23.html;High Quality Dofollow Backlinks DA 50 PA 40 Premium PBN Network Service nationalfosteringgroup.co.uk Rank First Page Google Fast SEO Link Building Buy Backlinks Online Cheap;https://nationalfosteringgroup.co.uk/;0;false;1788403139;1789833044
https://fastlifesite.com/all/2064/26.html;High Quality Dofollow Backlinks DA 50 PA 40 Premium PBN Network Service nfa.co.uk Rank First Page Google Fast SEO Link Building Buy Backlinks Online Cheap;https://www.nationalfosteringgroup.co.uk/;0;false;1790017610;1790017610
https://feedingtrends.com/7-benefits-of-a-social-media-marketing-agency-in-lahore;fostering;https://www.nationalfosteringgroup.co.uk/thinking-about-fostering/what-is-fostering/;0;true;1781224931;1785053511
https://finanssenteret.as/en/fostering-in-a-rented-house-everything-you-need-to-know/;www.nfa.co.uk;https://www.nationalfosteringgroup.co.uk/news-and-blog/;0;false;1780029404;1787229024
https://find-your-support.com/f-support/financial-support-for-foster-parents-uk.html;Financial Support - Foster Carer Pay & Allowances;https://www.nationalfosteringgroup.co.uk/thinking-about-fostering/support-and-benefits/financial-support/fostering-allowance/;0;true;1779765662;1779765662
https://find-your-support.com/f-support/financial-support-for-private-foster-carers.html;Financial Support - Foster Carer Pay & Allowances;https://www.nationalfosteringgroup.co.uk/thinking-about-fostering/support-and-benefits/financial-support/fostering-allowance/;0;true;1776972074;1786811897
https://find-your-support.com/f-support/financial-support-private-foster-carers.html;Financial Support - Foster Carer Pay & Allowances;https://www.nationalfosteringgroup.co.uk/thinking-about-fostering/support-and-benefits/financial-support/fostering-allowance/;0;true;1784078995;1784078995
https://find-your-support.com/p-support/private-fostering-financial-support.html;Financial Support - Foster Carer Pay & Allowances;https://www.nationalfosteringgroup.co.uk/thinking-about-fostering/support-and-benefits/financial-support/fostering-allowance/;0;true;1779469793;1779469793
https://find-your-support.com/s-support/single-foster-parent-support.html;The Facts about Fostering as a Single Parent;https://www.nationalfosteringgroup.co.uk/thinking-about-fostering/who-can-foster/can-you-be-a-single-foster-parent/;0;true;1776171207;1776171207
https://find.inbasildon.com/found/children-first-fostering-agency/;https://www.nfa.co.uk/children-first-fostering-agency/;https://www.nationalfosteringgroup.co.uk/children-first-fostering-agency/;0;true;1780003900;1788755523
https://findrp.com/website-list-2394/;nfa.co.uk;https://www.nationalfosteringgroup.co.uk/;0;false;1789866714;1789866714
https://findsupportinfo.com/f-support/financial-support-for-private-foster-carers.html;Financial Support - Foster Carer Pay & Allowances;https://www.nationalfosteringgroup.co.uk/thinking-about-fostering/support-and-benefits/financial-support/fostering-allowance/;0;true;1783480613;1783480613
https://findsupportinfo.com/f-support/financial-support-private-foster-carers.html;Financial Support - Foster Carer Pay & Allowances;https://www.nationalfosteringgroup.co.uk/thinking-about-fostering/support-and-benefits/financial-support/fostering-allowance/;0;true;1783117473;1783117473
https://findsupportinfo.com/m-support/midlands-support-agency.html;NFA Midlands Office - National Fostering Agency;https://www.nationalfosteringgroup.co.uk/national-fostering-agency/midlands/;0;true;1775354167;1785618225
https://findsupportinfo.com/p-support/private-fostering-financial-support.html;Financial Support - Foster Carer Pay & Allowances;https://www.nationalfosteringgroup.co.uk/thinking-about-fostering/support-and-benefits/financial-support/fostering-allowance/;0;true;1779202082;1779202082
https://findsupportinfo.com/s-support/single-foster-parent-support.html;The Facts about Fostering as a Single Parent;https://www.nationalfosteringgroup.co.uk/thinking-about-fostering/who-can-foster/can-you-be-a-single-foster-parent/;0;true;1778687323;1778687323
https://fioro.shop/search-visibility-network/effective-niche-edit-links-to-raise-domain-rating-drive-qualified-visitors-across-every-niche-and-market-077295.html;Professional SEO Authority Backlinks for nfa.co.uk to Strengthen Your Link Profile. Outrank Your Competitors, for Competitive SERP Results.;https://www.nationalfosteringgroup.co.uk/;0;false;1790082887;1790082887
https://firstguestpost.com/all/2031/23.html;High Quality Dofollow Backlinks DA 50 PA 40 Premium PBN Network Service nationalfosteringgroup.co.uk Rank First Page Google Fast SEO Link Building Buy Backlinks Online Cheap;https://nationalfosteringgroup.co.uk/;0;false;1787964297;1787964297
https://fis.sandwell.gov.uk/kb5/sandwell/directory/a_to_z.page?itemid=pAp1DPzs2rxNJnoQwUa9lDgjN1kXnaMUCMr87YbB&nh=100&slaction=ADD&titleletter=n;Website;https://www.nationalfosteringgroup.co.uk/national-fostering-agency/midlands/;0;false;1783543475;1785611481
https://fis.sandwell.gov.uk/kb5/sandwell/directory/a_to_z.page?itemid=pAp1DPzs2rxNJnoQwUa9lDgjN1kXnaMUCMr87YbB&nh=100&slaction=REMOVE&titleletter=n;Website;https://www.nationalfosteringgroup.co.uk/national-fostering-agency/midlands/;0;false;1783692795;1783692795
https://fis.sandwell.gov.uk/kb5/sandwell/directory/service.page?id=LPU9IBl-5Kk;National Fostering Agency - Midlands;https://www.nationalfosteringgroup.co.uk/national-fostering-agency/midlands/;0;false;1783504092;1785618681
https://fis.sandwell.gov.uk/kb5/sandwell/directory/service.page?id=LPU9IBl-5Kk&itemid=pAp1DPzs2rxNJnoQwUa9lDgjN1kXnaMUCMr87YbB&slaction=ADD;National Fostering Agency - Midlands;https://www.nationalfosteringgroup.co.uk/national-fostering-agency/midlands/;0;false;1783690559;1787933545
https://fis.sandwell.gov.uk/kb5/sandwell/directory/service.page?id=LPU9IBl-5Kk&itemid=pAp1DPzs2rxNJnoQwUa9lDgjN1kXnaMUCMr87YbB&slaction=REMOVE;National Fostering Agency - Midlands;https://www.nationalfosteringgroup.co.uk/national-fostering-agency/midlands/;0;false;1783889063;1785295171
https://fiverr-quality-seo-at-affordable-rates.site/my-moz-da-soared-from-18-to-42-with-fiverr-service/;With Fiverr's help, my nationalfosteringgroup.co.uk's rankings improved significantly across multiple keywords 🎯;https://nationalfosteringgroup.co.uk/;0;true;1777805458;1788835218
https://fostercareagencies.co.uk/agencies/brighter-futures/;https://www.nfa.co.uk/brighter-futures/;https://www.nationalfosteringgroup.co.uk/brighter-futures/;0;false;1777303540;1780317484
https://fostercareagencies.co.uk/agencies/brighter-futures/;Visit Website;https://www.nationalfosteringgroup.co.uk/brighter-futures/;0;false;1777303540;1780317484
https://fostercareagencies.co.uk/agencies/national-fostering-agency-3/;https://www.nfa.co.uk/national-fostering-agency/office/north-west/;https://www.nationalfosteringgroup.co.uk/national-fostering-agency/north-west/;0;false;1774906290;1782875402
https://fostercareagencies.co.uk/agencies/national-fostering-agency-3/;Visit Website;https://www.nationalfosteringgroup.co.uk/national-fostering-agency/north-west/;0;false;1774906290;1782875402
https://fostercareagencies.co.uk/agencies/national-fostering-agency-scotland/;https://www.nfa.co.uk/national-fostering-agency/office/scotland/;https://www.nationalfosteringgroup.co.uk/national-fostering-agency/scotland/;0;false;1776595739;1780101284
https://fostercareagencies.co.uk/agencies/national-fostering-agency-scotland/;Visit Website;https://www.nationalfosteringgroup.co.uk/national-fostering-agency/scotland/;0;false;1776595739;1780101284
https://fostercareagencies.co.uk/agencies/national-fostering-agency/;Visit Website;https://www.nationalfosteringgroup.co.uk/national-fostering-agency/north/;0;false;1775990891;1780241293
https://fostercareagencies.co.uk/agencies/national-fostering-agency/;https://www.nfa.co.uk/national-fostering-agency/office/north/;https://www.nationalfosteringgroup.co.uk/national-fostering-agency/north/;0;false;1775990891;1780241293
https://fostercareagencies.co.uk/agencies/next-step-fostering-services-surrey/;Visit Website;https://www.nationalfosteringgroup.co.uk/next-step-fostering/;0;false;1777786900;1780739234
https://fostercareagencies.co.uk/agencies/next-step-fostering-services-surrey/;https://www.nfa.co.uk/next-step-fostering/office/next-step-fostering/;https://www.nationalfosteringgroup.co.uk/next-step-fostering/;0;false;1777786900;1780739234
https://fostercareagencies.co.uk/agencies/nfa-north/;Visit Website;https://www.nationalfosteringgroup.co.uk/national-fostering-agency/north/;0;false;1776471109;1780537519
https://fostercareagencies.co.uk/agencies/nfa-north/;https://www.nfa.co.uk/national-fostering-agency/office/north/;https://www.nationalfosteringgroup.co.uk/national-fostering-agency/north/;0;false;1776471109;1780537519
https://fostercareagencies.co.uk/region/east-of-england/;Visit Website;https://www.nationalfosteringgroup.co.uk/brighter-futures/;0;false;1776833971;1782894751
https://fostercareagencies.co.uk/region/north-england/;Visit Website;https://www.nationalfosteringgroup.co.uk/national-fostering-agency/north/;0;false;1775005934;1783327246
https://fostercareagencies.co.uk/region/north-england/;Visit Website;https://www.nationalfosteringgroup.co.uk/national-fostering-agency/north-west/;0;false;1775005934;1783327246
https://fostercareagencies.co.uk/region/scotland/;Visit Website;https://www.nationalfosteringgroup.co.uk/national-fostering-agency/scotland/;0;false;1776870005;1780077569
https://fostercarecompare.co.uk/agencies/jay-fostering;nationalfosteringgroup.co.uk;https://www.nationalfosteringgroup.co.uk/jay-fostering/;0;false;1783411682;1783411682
https://fostercarecompare.co.uk/agencies/national-fostering-agency;nationalfosteringgroup.co.uk;https://www.nationalfosteringgroup.co.uk/national-fostering-agency/midlands/;0;false;1783450739;1783450739
https://fostercarecompare.co.uk/agencies/sunflower-fostering;nationalfosteringgroup.co.uk;https://www.nationalfosteringgroup.co.uk/sunflower-fostering;0;false;1783423026;1783423026
https://fosteringmedicals.com/partnering-with-fostering-medicals/;National Fostering Agency;https://www.nationalfosteringgroup.co.uk/;0;false;1776865664;1788935590
https://getwebsiteworth.com/dda5d0bda31dba30ed10120235e4954c-l/;nfa.co.uk;https://www.nationalfosteringgroup.co.uk/;0;false;1772237999;1777435519
https://ggmap.co.com/all/2031/23.html;High Quality Dofollow Backlinks DA 50 PA 40 Premium PBN Network Service nationalfosteringgroup.co.uk Rank First Page Google Fast SEO Link Building Buy Backlinks Online Cheap;https://nationalfosteringgroup.co.uk/;0;false;1787723461;1788860870
https://ggmap.us.com/all/2031/23.html;High Quality Dofollow Backlinks DA 50 PA 40 Premium PBN Network Service nationalfosteringgroup.co.uk Rank First Page Google Fast SEO Link Building Buy Backlinks Online Cheap;https://nationalfosteringgroup.co.uk/;0;false;1788257998;1788257998
https://ggmap.us.com/page-authority-index/effective-white-hat-seo-links-to-strengthen-your-link-profile-grow-search-traffic-for-long-term-seo-results-d26987.html;Professional SEO Authority Backlinks for nfa.co.uk to Strengthen Your Link Profile. Outrank Your Competitors, for Competitive SERP Results.;https://www.nationalfosteringgroup.co.uk/;0;false;1790017969;1790017969
https://ggmap.us.com/search-authority-index/proven-white-hat-seo-links-for-higher-da-and-dr-scores-strengthen-website-reputation-with-full-placement-reporting-b8c737.html;Professional Manual Outreach Backlinks for nationalfosteringgroup.co.uk for Higher DA and DR Scores. Grow Search Traffic, with Safe Link Velocity.;https://nationalfosteringgroup.co.uk/;0;false;1789872765;1789872765
https://gigbic.com/website-list-2394/;nfa.co.uk;https://www.nationalfosteringgroup.co.uk/;0;false;1789915021;1789915021
https://git.mysc.best/drgshane102803/donghaeng-powerball-5295/issues/11;fostering;https://www.nationalfosteringgroup.co.uk/thinking-about-fostering/what-is-fostering/;0;true;1780317790;1789026444
https://gladeflowers.com/all/2031/23.html;High Quality Dofollow Backlinks DA 50 PA 40 Premium PBN Network Service nationalfosteringgroup.co.uk Rank First Page Google Fast SEO Link Building Buy Backlinks Online Cheap;https://nationalfosteringgroup.co.uk/;0;false;1787593190;1787593190
https://global-rank.pages.dev/08/qtBvQdGPBa;nationalfosteringgroup.co.uk;https://nationalfosteringgroup.co.uk/;0;true;1776854369;1789011120
https://global-ranks.pages.dev/40/HhZUmBpMDT;nfa.co.uk;https://www.nationalfosteringgroup.co.uk/;0;true;1771584604;1775718712
https://globalecommerce.org/page-4002d72ef25df4e15f8a7acfd0a49bd5.html;nfa.co.uk;https://www.nationalfosteringgroup.co.uk/;0;false;1771129656;1777879114
https://globalproseo.com/crafting-compelling-brand-stories-the-strategies-for-the-british-businesses/;nfa;https://www.nationalfosteringgroup.co.uk/;0;false;1771290851;1778077254
https://globalseoarticles.com/crafting-compelling-brand-stories-the-strategies-for-the-british-businesses/;nfa;https://www.nationalfosteringgroup.co.uk/;0;false;1771741482;1776990769
https://globalseodirectory.com/crafting-compelling-brand-stories-the-strategies-for-the-british-businesses/;nfa;https://www.nationalfosteringgroup.co.uk/;0;false;1771561843;1778302101
https://goodpods.com/podcasts/voices-of-fostering-250229/sol-he-is-our-son-53834755;here;https://www.nationalfosteringgroup.co.uk/podcast/;0;false;1774743276;1774743276
https://goooogla.com/best-for-ranking-atyykjseo/hxbcwlseo/;nfa.co.uk;https://www.nationalfosteringgroup.co.uk/;0;true;1775716193;1778245982
https://goooogla.com/best-for-ranking-azluluseo/bfmpetseo/;nfa.co.uk;https://www.nationalfosteringgroup.co.uk/;0;true;1775643914;1777992054
https://goooogla.com/best-for-ranking-azluluseo/dmmvnvseo/;nfa.co.uk;https://www.nationalfosteringgroup.co.uk/;0;true;1775500010;1778540687
https://goooogla.com/best-for-ranking-baankyseo/onseruseo/;nfa.co.uk;https://www.nationalfosteringgroup.co.uk/;0;true;1775680496;1778172713
https://goooogla.com/best-for-ranking-baankyseo/ramusxseo/;nfa.co.uk;https://www.nationalfosteringgroup.co.uk/;0;true;1775796143;1778488020
https://gorodeo.app/job/supervising-social-worker-hkN8s07KztPYroFk4d2ZvA;https://www.nationalfosteringgroup.co.uk/brighter-futures/;https://www.nationalfosteringgroup.co.uk/brighter-futures/;0;false;1780902913;1780902913
https://healtharticlesmagazine.com/reviews/offering-respite-care-in-your-home/;Respite Carer;https://www.nationalfosteringgroup.co.uk/thinking-about-fostering/types-of-foster-care/stayover-care/;0;false;1782131483;1789123280
https://heathfarmfostercare.com/;;https://www.nationalfosteringgroup.co.uk/;0;false;1770321933;1772478739
https://heavenarticle.com/blog/what-search-engine-marketing-services-can-do-for-your-business-393/;https://nfa.co.uk;https://www.nationalfosteringgroup.co.uk/;0;false;1772427460;1779222993
https://heavenarticle.com/branding-7-important-questions-and-the-straight-answers/;nfa;https://www.nationalfosteringgroup.co.uk/;0;false;1772337689;1774996030
https://heavenarticle.com/mind-body-spirit-weight-loss-tips-545763/;nfa;https://www.nationalfosteringgroup.co.uk/;0;false;1770884541;1774361788
https://homesforsaleoldgreenwichct.com/all/2031/23.html;High Quality Dofollow Backlinks DA 50 PA 40 Premium PBN Network Service nationalfosteringgroup.co.uk Rank First Page Google Fast SEO Link Building Buy Backlinks Online Cheap;https://nationalfosteringgroup.co.uk/;0;false;1789270915;1789270915
https://hostseolinks.com/crafting-compelling-brand-stories-the-strategies-for-the-british-businesses/;nfa;https://www.nationalfosteringgroup.co.uk/;0;false;1771108712;1777467051
https://hotfri.com/website-list-2394/;nfa.co.uk;https://www.nationalfosteringgroup.co.uk/;0;false;1789922047;1789922047
https://hotonlinegaming.com/all/2031/23.html;High Quality Dofollow Backlinks DA 50 PA 40 Premium PBN Network Service nationalfosteringgroup.co.uk Rank First Page Google Fast SEO Link Building Buy Backlinks Online Cheap;https://nationalfosteringgroup.co.uk/;0;false;1788691095;1788691095
https://how2dream.com/health/why-consider-fostering-a-child/;Fostering can be incredibly rewarding;https://www.nationalfosteringgroup.co.uk/thinking-about-fostering/what-is-fostering/;0;false;1778762488;1787288753
https://how2dream.com/page/6/;Fostering can be incredibly rewarding;https://www.nationalfosteringgroup.co.uk/thinking-about-fostering/what-is-fostering/;0;false;1778994380;1780569261
https://how2dream.com/page/7/;Fostering can be incredibly rewarding;https://www.nationalfosteringgroup.co.uk/thinking-about-fostering/what-is-fostering/;0;false;1780703557;1785400127
https://humanab.com/hu2vfh7/vehicle-grant-for-foster-parents-uk;;https://www.nationalfosteringgroup.co.uk/thinking-about-fostering/support-and-benefits/carer-benefits-and-perks/;0;false;1772429509;1790087150
https://inclusionhva.wordpress.com/author/tamaradexter/;https://www.nfa.co.uk/story/blog-news/9-behavioural-management-strategies-you-can-use-at-home/;https://www.nationalfosteringgroup.co.uk/news-and-blog/behavioural-management-strategies-for-parents-and-foster-carers/;0;false;1782775645;1782775645
https://independencecupas.blogspot.com/;nfa.co.uk;https://www.nationalfosteringgroup.co.uk/;0;true;1773267287;1773267287
https://indians.cc/page-4002d72ef25df4e15f8a7acfd0a49bd5.html;nfa.co.uk;https://www.nationalfosteringgroup.co.uk/;0;false;1771329537;1777966921
https://itsmyownway.com/fostering-in-the-uk-how-you-can-play-your-part/;foster care process;https://www.nationalfosteringgroup.co.uk/thinking-about-fostering/becoming-a-foster-carer/;0;false;1789904420;1789904420
https://itsmyownway.com/fostering-in-the-uk-how-you-can-play-your-part/;foster care process;https://www.nationalfosteringgroup.co.uk/fostering/becoming-a-foster-carer/;0;false;1785634428;1787451106
https://jdhornerofficial.com/2019/09/11/and-just-when-you-need-a-little-pick-me-up/;Our Foster Carer has self-published her first novel!;https://www.nationalfosteringgroup.co.uk/news-and-blog/our-foster-carer-has-self-published-her-first-novel/;0;false;1773398445;1789014347
https://jillwebbtraining.co.uk/common-childhood-accidents-are-you-prepared/;The full article can be found here;https://www.nationalfosteringgroup.co.uk/news-and-blog/10-common-childhood-accidents-and-how-to-avoid-them-in-your-home/;0;false;1775340138;1789160655
https://jobsapp.info/dda5d0bda31dba30ed10120235e4954c-l/;nfa.co.uk;https://www.nationalfosteringgroup.co.uk/;0;false;1771928518;1777182463
https://juaralaundry.com/link-profile-hub/trusted-guest-post-service-to-raise-domain-rating-improve-google-rankings-across-every-niche-and-market-ee8913.html;High Quality Dofollow Backlinks DA 50 PA 40 Premium PBN Network Service nationalfosteringgroup.co.uk Rank First Page Google Fast SEO Link Building Buy Backlinks Online Cheap;https://nationalfosteringgroup.co.uk/;0;false;1788894612;1789824452
https://kindercareni.co.uk/helping-foster-children-holiday-season/;Modern Slavery Statement;https://www.nationalfosteringgroup.co.uk/about/slavery-statement/;0;false;1782551689;1782551689
https://kingranks.com/branding-7-important-questions-and-the-straight-answers/;nfa;https://www.nationalfosteringgroup.co.uk/;0;false;1771231333;1774722291
https://kingranks.com/mind-body-spirit-weight-loss-tips-545763/;nfa;https://www.nationalfosteringgroup.co.uk/;0;false;1771234921;1774725853
https://kitsunez.pages.dev/02/uacPzHkJlO;nfa.co.uk;https://www.nationalfosteringgroup.co.uk/;0;true;1773435991;1778189612
https://kitsunez.pages.dev/08/qtBvQdGPBa;nationalfosteringgroup.co.uk;https://nationalfosteringgroup.co.uk/;0;true;1743465312;1782388998
https://knotknastylimddsd.blogspot.com/;nfa.co.uk;https://www.nationalfosteringgroup.co.uk/;0;true;1772387693;1772387693
https://knows.monster/domain/domain/part/165376/lan/ar;nationalfosteringgroup.co.uk;https://nationalfosteringgroup.co.uk/;0;true;1779765381;1786570741
https://knows.monster/domain/domain/part/168027;nfa.co.uk;https://www.nationalfosteringgroup.co.uk/;0;true;1773671038;1775963114
https://knows.monster/domain/domain/part/168027/lan/ar;nfa.co.uk;https://www.nationalfosteringgroup.co.uk/;0;true;1778210230;1778210230
https://knows.sbs/domain/domain/part/165376;nationalfosteringgroup.co.uk;https://nationalfosteringgroup.co.uk/;0;true;1772174790;1787959716
https://knows.sbs/domain/domain/part/168027;nfa.co.uk;https://www.nationalfosteringgroup.co.uk/;0;true;1772605061;1775937651
https://knows.sbs/domain/domain/part/168027/;nfa.co.uk;https://www.nationalfosteringgroup.co.uk/;0;true;1773662691;1773662691
https://krito.shop/indexation-directory/advanced-pbn-backlinks-to-increase-trust-flow-strengthen-website-reputation-for-competitive-serp-results-6bdd7a.html;Professional Manual Outreach Backlinks for nationalfosteringgroup.co.uk for Higher DA and DR Scores. Grow Search Traffic, with Safe Link Velocity.;https://nationalfosteringgroup.co.uk/;0;false;1790017242;1790017242
https://krito.shop/trust-flow-directory/professional-pbn-backlinks-to-boost-domain-authority-grow-search-traffic-and-grow-your-business-online-084570.html;Professional SEO Authority Backlinks for nfa.co.uk to Strengthen Your Link Profile. Outrank Your Competitors, for Competitive SERP Results.;https://www.nationalfosteringgroup.co.uk/;0;false;1790048166;1790048166
https://lawyerinjeddah.com/all/912/14.html;High Quality Dofollow Backlinks DA 50 PA 40 Premium PBN Network Service nationalfosteringgroup.co.uk Rank First Page Google Fast SEO Link Building Buy Backlinks Online Cheap;https://nationalfosteringgroup.co.uk/;0;false;1786993671;1788473986
https://ledmain.com/lifestyle/six-types-of-foster-care/;Fostering a baby focuses on children aged 0-2;https://www.nationalfosteringgroup.co.uk/thinking-about-fostering/types-of-foster-care/fostering-a-baby/;0;false;1774673107;1789185935
https://libyanatravel.com/all/912/14.html;High Quality Dofollow Backlinks DA 50 PA 40 Premium PBN Network Service nationalfosteringgroup.co.uk Rank First Page Google Fast SEO Link Building Buy Backlinks Online Cheap;https://nationalfosteringgroup.co.uk/;0;false;1786009887;1790028286
https://linkanews.com/crafting-compelling-brand-stories-the-strategies-for-the-british-businesses/;nfa;https://www.nationalfosteringgroup.co.uk/;0;false;1771287381;1778056888
https://linkcraft.pro/explore-our-best-link-building-packages-today-308/;nfa.co.uk;https://www.nationalfosteringgroup.co.uk/;0;true;1771415468;1773155239
https://linkodirectory.com/crafting-compelling-brand-stories-the-strategies-for-the-british-businesses/;nfa;https://www.nationalfosteringgroup.co.uk/;0;false;1770997185;1778104822
https://linksnatcher.com/page-4002d72ef25df4e15f8a7acfd0a49bd5.html;nfa.co.uk;https://www.nationalfosteringgroup.co.uk/;0;false;1771458168;1778107292
https://linksnewses.com/crafting-compelling-brand-stories-the-strategies-for-the-british-businesses/;nfa;https://www.nationalfosteringgroup.co.uk/;0;false;1771613168;1778520794
https://loginslink.com/foster-talk-login;Perks and Benefits for Foster Carers - National Fostering Group;https://www.nationalfosteringgroup.co.uk/thinking-about-fostering/support-and-benefits/carer-benefits-and-perks/;0;true;1772544482;1790085151
https://loginslink.com/nfa-career-login;Home - National Fostering Agency;https://www.nationalfosteringgroup.co.uk/national-fostering-agency/;0;true;1772263133;1789815268
https://loginslink.com/shine-learning-com-login;Shine, for Foster Carer Training!;https://www.nationalfosteringgroup.co.uk/thinking-about-fostering/support-and-benefits/training/;0;true;1783032485;1788343784
https://loveschoice.com/adoption-resources/;;https://www.nationalfosteringgroup.co.uk/fostering-solutions/;0;true;1774644374;1789309139
https://loveschoice.com/adoption-resources/;National Fostering Group UK;https://www.nationalfosteringgroup.co.uk/fostering-solutions/;0;true;1774644374;1789309139
https://luminko.shop/domain-authority-tools/effective-dofollow-link-building-to-increase-trust-flow-strengthen-website-reputation-across-every-niche-and-market-8a29ce.html;Professional Manual Outreach Backlinks for nationalfosteringgroup.co.uk for Higher DA and DR Scores. Grow Search Traffic, with Safe Link Velocity.;https://nationalfosteringgroup.co.uk/;0;false;1789772196;1789772196
https://lydiaroyrealestate.com/all/912/14.html;High Quality Dofollow Backlinks DA 50 PA 40 Premium PBN Network Service nationalfosteringgroup.co.uk Rank First Page Google Fast SEO Link Building Buy Backlinks Online Cheap;https://nationalfosteringgroup.co.uk/;0;false;1783375720;1786613592
https://lydiaroyrealestate.com/all/912/14.html;Visit Site SEO nationalfosteringgroup.co.uk Premium backlinks;https://nationalfosteringgroup.co.uk/;0;false;1782599615;1782599615
https://m98ufa.com/all/912/14.html;High Quality Dofollow Backlinks DA 50 PA 40 Premium PBN Network Service nationalfosteringgroup.co.uk Rank First Page Google Fast SEO Link Building Buy Backlinks Online Cheap;https://nationalfosteringgroup.co.uk/;0;false;1783001153;1789726936
https://mail.2x9.co/page-4002d72ef25df4e15f8a7acfd0a49bd5.html;nfa.co.uk;https://www.nationalfosteringgroup.co.uk/;0;false;1772199645;1774264535
https://mail.allwebsitesdirectory.com/page-4002d72ef25df4e15f8a7acfd0a49bd5.html;nfa.co.uk;https://www.nationalfosteringgroup.co.uk/;0;false;1777946326;1777946326
https://mail.bestwebstats.com/page-4002d72ef25df4e15f8a7acfd0a49bd5.html;nfa.co.uk;https://www.nationalfosteringgroup.co.uk/;0;false;1777407367;1777407367
https://mail.domainsc.com/page-4002d72ef25df4e15f8a7acfd0a49bd5.html;nfa.co.uk;https://www.nationalfosteringgroup.co.uk/;0;false;1776032447;1778509461
https://mail.egyptiandirectory.com/page-4002d72ef25df4e15f8a7acfd0a49bd5.html;nfa.co.uk;https://www.nationalfosteringgroup.co.uk/;0;false;1771667225;1781875136
https://mail.getwebsiteworth.com/dda5d0bda31dba30ed10120235e4954c-l/;nfa.co.uk;https://www.nationalfosteringgroup.co.uk/;0;false;1771091879;1776888439
https://mail.globalecommerce.org/page-4002d72ef25df4e15f8a7acfd0a49bd5.html;nfa.co.uk;https://www.nationalfosteringgroup.co.uk/;0;false;1774915857;1777403767
https://mail.linksnatcher.com/page-4002d72ef25df4e15f8a7acfd0a49bd5.html;nfa.co.uk;https://www.nationalfosteringgroup.co.uk/;0;false;1777399705;1777399705
https://mail.musweb.org/page-4002d72ef25df4e15f8a7acfd0a49bd5.html;nfa.co.uk;https://www.nationalfosteringgroup.co.uk/;0;false;1771737876;1772577456
https://mail.read.org.in/page-4002d72ef25df4e15f8a7acfd0a49bd5.html;nfa.co.uk;https://www.nationalfosteringgroup.co.uk/;0;false;1773217045;1773217045
https://mail.wallpapers.pro/dda5d0bda31dba30ed10120235e4954c-l/;nfa.co.uk;https://www.nationalfosteringgroup.co.uk/;0;false;1774804204;1776253410
https://mannup.today/becoming-and-being-a-dad/;National Fostering Group website;https://www.nationalfosteringgroup.co.uk/news-and-blog/;0;false;1777780578;1785472016
https://mantaw.com/website-list-2394/;nfa.co.uk;https://www.nationalfosteringgroup.co.uk/;0;false;1790065446;1790065446
https://marinasone.com/all/2031/23.html;High Quality Dofollow Backlinks DA 50 PA 40 Premium PBN Network Service nationalfosteringgroup.co.uk Rank First Page Google Fast SEO Link Building Buy Backlinks Online Cheap;https://nationalfosteringgroup.co.uk/;0;false;1789835044;1789835044
https://marketingexperts.click/?p=327752;nfa.co.uk;https://www.nationalfosteringgroup.co.uk/;0;true;1772654697;1776566726
https://marketingexperts.click/?p=328228;nfa.co.uk;https://www.nationalfosteringgroup.co.uk/;0;true;1775723306;1776459325
https://marketingexperts.click/?p=338739;nfa.co.uk;https://www.nationalfosteringgroup.co.uk/;0;true;1775951637;1776664169
https://marketingexperts.click/?p=339175;nfa.co.uk;https://www.nationalfosteringgroup.co.uk/;0;true;1773577849;1776052758
https://marketingexperts.click/artie-lange-laughter-pain-and-the-battle-behind-the-microphone/;nfa.co.uk;https://www.nationalfosteringgroup.co.uk/;0;true;1777392973;1778296930
https://marketingexperts.click/ford-transit-the-iconic-commercial-vehicle/;nfa.co.uk;https://www.nationalfosteringgroup.co.uk/;0;true;1777188546;1777895713
https://marketingexperts.click/lead-generation-a-practical-guide-for-business-growth/;nfa.co.uk;https://www.nationalfosteringgroup.co.uk/;0;true;1777476465;1778203168
https://marketingexperts.click/student-motivation-tips-to-stay-focused-and-achieve-success/;nfa.co.uk;https://www.nationalfosteringgroup.co.uk/;0;true;1777371538;1778159814
https://masihnyata.com/all/2031/23.html;High Quality Dofollow Backlinks DA 50 PA 40 Premium PBN Network Service nationalfosteringgroup.co.uk Rank First Page Google Fast SEO Link Building Buy Backlinks Online Cheap;https://nationalfosteringgroup.co.uk/;0;false;1788560719;1788560719
https://mediaboooster.com/all/2031/23.html;High Quality Dofollow Backlinks DA 50 PA 40 Premium PBN Network Service nationalfosteringgroup.co.uk Rank First Page Google Fast SEO Link Building Buy Backlinks Online Cheap;https://nationalfosteringgroup.co.uk/;0;false;1789210967;1789210967
https://mertio.shop/link-equity-archive/effective-seo-authority-backlinks-to-improve-citation-flow-increase-organic-visibility-across-every-niche-and-market-ed1e36.html;Professional Manual Outreach Backlinks for nationalfosteringgroup.co.uk for Higher DA and DR Scores. Grow Search Traffic, with Safe Link Velocity.;https://nationalfosteringgroup.co.uk/;0;false;1789867906;1789867906
https://mervi.shop/link-juice-directory/advanced-guest-post-service-to-improve-citation-flow-build-lasting-authority-for-long-term-seo-results-162fc7.html;Professional SEO Authority Backlinks for nfa.co.uk to Strengthen Your Link Profile. Outrank Your Competitors, for Competitive SERP Results.;https://www.nationalfosteringgroup.co.uk/;0;false;1789992806;1789992806
https://metamagic.top/stats/122064;nationalfosteringgroup.co.uk;https://nationalfosteringgroup.co.uk/;0;true;1784754433;1784754433
https://missburrg.com/dofollow-index/professional-guest-post-service-for-higher-da-and-dr-scores-improve-google-rankings-for-long-term-seo-results-8b9287.html;High Quality Dofollow Backlinks DA 50 PA 40 Premium PBN Network Service nationalfosteringgroup.co.uk Rank First Page Google Fast SEO Link Building Buy Backlinks Online Cheap;https://nationalfosteringgroup.co.uk/;0;false;1789700215;1789700215
https://mjnotinnocent.net/articles/wade-robson-cirque-du-soleil;Trauma bond and how it can affect children and young people;https://www.nationalfosteringgroup.co.uk/news-and-blog/what-is-a-trauma-bond-and-how-can-it-affect-children-and-young-people/;0;true;1781458902;1790010455
https://movil-13-11-2021.blogspot.com/&output=text%2Fcsv;nfa.co.uk;https://www.nationalfosteringgroup.co.uk/;0;true;1775236388;1775236388
https://movil-13-11-2021.blogspot.com/&output=text%2Fplain;nfa.co.uk;https://www.nationalfosteringgroup.co.uk/;0;true;1775476260;1775476260
https://movil-13-11-2021.blogspot.com/&page=4;nfa.co.uk;https://www.nationalfosteringgroup.co.uk/;0;true;1773938053;1773938053
https://movil-13-11-2021.blogspot.com/34zxVq8;nfa.co.uk;https://www.nationalfosteringgroup.co.uk/;0;true;1773940510;1773940510
https://movil-13-11-2021.blogspot.com/component/dashboardmm/?view=manager;nfa.co.uk;https://www.nationalfosteringgroup.co.uk/;0;true;1772662039;1772662039
https://movil-13-11-2021.blogspot.com/forwarder/part2?url=%2F;nfa.co.uk;https://www.nationalfosteringgroup.co.uk/;0;true;1773571574;1773571574
https://movil-13-11-2021.blogspot.com/holostyak-stb-2021&from=%7B95FB940E-8AFD-4FAB-B76E-C8ED82ADD2B2%7D;nfa.co.uk;https://www.nationalfosteringgroup.co.uk/;0;true;1773887682;1773887682
https://movil-13-11-2021.blogspot.com/holostyak-stb-2021&from=%7BA50368A9-BEE2-44B7-BBC1-EBD9D7C801ED%7D;nfa.co.uk;https://www.nationalfosteringgroup.co.uk/;0;true;1777301849;1777301849
https://movil-13-11-2021.blogspot.com/images/search?FORM=HDRSC2&q=movil-13-11-2021.blogspot.com%2Flilso.html;nfa.co.uk;https://www.nationalfosteringgroup.co.uk/;0;true;1777150727;1777150727
https://movil-13-11-2021.blogspot.com/kanye-west;nfa.co.uk;https://www.nationalfosteringgroup.co.uk/;0;true;1777307773;1777307773
https://movil-13-11-2021.blogspot.com/login;nfa.co.uk;https://www.nationalfosteringgroup.co.uk/;0;true;1776525048;1776525048
https://movil-13-11-2021.blogspot.com/login_error;nfa.co.uk;https://www.nationalfosteringgroup.co.uk/;0;true;1773298663;1776981685
https://movil-13-11-2021.blogspot.com/shop?FORM=SHOPTB&q=movil-13-11-2021.blogspot.com%2Flilso.html;nfa.co.uk;https://www.nationalfosteringgroup.co.uk/;0;true;1772886677;1790025737
https://movil-13-11-2021.blogspot.com/uudet-nettikasinot-syksy-2020.html;nfa.co.uk;https://www.nationalfosteringgroup.co.uk/;0;true;1775337438;1775337438
https://myfostercarer.co.uk/contact-us/;foster care;https://www.nationalfosteringgroup.co.uk/thinking-about-fostering/types-of-foster-care/;0;false;1773652067;1789282974
https://myjobscotland.gov.uk/adult-care/national-fostering-group/jobs/supervising-social-worker-482069?partnership=true;https://www.nationalfosteringgroup.co.uk/national-fostering-agency/scotland/;https://www.nationalfosteringgroup.co.uk/national-fostering-agency/scotland/;0;false;1785562482;1786276485
https://myjobscotland.gov.uk/early-years/national-fostering-group/jobs/supervising-social-worker-474839;https://www.nationalfosteringgroup.co.uk/fostering-relations/;https://www.nationalfosteringgroup.co.uk/fostering-relations/;0;false;1780605451;1780605451
https://myjobscotland.gov.uk/early-years/national-fostering-group/jobs/supervising-social-worker-474839?partnership=true;https://www.nationalfosteringgroup.co.uk/fostering-relations/;https://www.nationalfosteringgroup.co.uk/fostering-relations/;0;false;1780798719;1780798719
https://mylisthero.com/all/2031/23.html;High Quality Dofollow Backlinks DA 50 PA 40 Premium PBN Network Service nationalfosteringgroup.co.uk Rank First Page Google Fast SEO Link Building Buy Backlinks Online Cheap;https://nationalfosteringgroup.co.uk/;0;false;1787896285;1787896285
https://mylisthero.com/serp-growth-network/professional-niche-edit-links-for-higher-da-and-dr-scores-secure-first-page-positions-and-grow-your-business-online-5483ae.html;High Quality Dofollow Backlinks DA 50 PA 40 Premium PBN Network Service nationalfosteringgroup.co.uk Rank First Page Google Fast SEO Link Building Buy Backlinks Online Cheap;https://nationalfosteringgroup.co.uk/;0;false;1789354491;1789354491
https://mymarketpost.com/all/2031/23.html;High Quality Dofollow Backlinks DA 50 PA 40 Premium PBN Network Service nationalfosteringgroup.co.uk Rank First Page Google Fast SEO Link Building Buy Backlinks Online Cheap;https://nationalfosteringgroup.co.uk/;0;false;1788824466;1788824466
https://myspapaqlike.blogspot.com/;nfa.co.uk;https://www.nationalfosteringgroup.co.uk/;0;true;1772722445;1789778103
https://myzztxlimds.blogspot.com/;nfa.co.uk;https://www.nationalfosteringgroup.co.uk/;0;true;1778466143;1778466143
https://myzztxlimds.blogspot.com/2023/07/;nfa.co.uk;https://www.nationalfosteringgroup.co.uk/;0;true;1774975867;1774975867
https://myzztxlimds.blogspot.com/2023/07/b.html;nfa.co.uk;https://www.nationalfosteringgroup.co.uk/;0;true;1774009379;1774009379
https://myzztxlimds.blogspot.com/2023/07/w.html;nfa.co.uk;https://www.nationalfosteringgroup.co.uk/;0;true;1773659609;1776014720
https://naritive.co.uk/web-stories/national-fostering-group-v1-demo-dec25/;;https://www.nationalfosteringgroup.co.uk/thinking-about-fostering/types-of-foster-care/stayover-care/;0;false;1776308472;1785796641
https://newblogerseo.com/offpage-seo-directory/professional-manual-outreach-backlinks-for-higher-da-and-dr-scores-drive-qualified-visitors-with-full-placement-reporting-bf2f0f.html;High Quality Dofollow Backlinks DA 50 PA 40 Premium PBN Network Service nationalfosteringgroup.co.uk Rank First Page Google Fast SEO Link Building Buy Backlinks Online Cheap;https://nationalfosteringgroup.co.uk/;0;false;1790011012;1790011012
https://newsblogsports.site/all/358/1;Best Pinterest Tool SiteToSocial.com to Grow Your Website Traffic Fully Automated;https://www.nationalfosteringgroup.co.uk/;0;false;1776852060;1786897902
https://nfa.co.uk/our-children/;;https://www.nationalfosteringgroup.co.uk/about/;0;false;1780840021;1780840021
https://nfa.co.uk/stories/;;https://www.nationalfosteringgroup.co.uk/stories/;0;false;1780815727;1780815727
https://nfa.co.uk/story/blog-news/nfa-foster-carer-describes-fostering-life-after-military-service/;;https://www.nationalfosteringgroup.co.uk/story/blog-news/nfa-foster-carer-describes-fostering-life-after-military-service/;0;false;1780809533;1780809533
https://nfa.co.uk/story/case-study/lauras-story/;;https://www.nationalfosteringgroup.co.uk/carer-story/;0;false;1780838068;1780838068
https://nfa.co.uk/thinking-about-fostering/why-foster/;;https://www.nationalfosteringgroup.co.uk/thinking-about-fostering/what-is-fostering/;0;false;1780820565;1780820565
https://nfa.co.uk/who-we-are/;;https://www.nationalfosteringgroup.co.uk/who-we-are/;0;false;1780825645;1780825645
https://nfa.co.uk/why-transfer/;;https://www.nationalfosteringgroup.co.uk/transfer-to-us/;0;false;1780814566;1780814566
https://nimpa.shop/organic-growth-links/professional-tiered-link-building-designed-to-improve-da-dr-and-tf-outrank-your-competitors-for-competitive-serp-results-97356e.html;Professional Manual Outreach Backlinks for nationalfosteringgroup.co.uk for Higher DA and DR Scores. Grow Search Traffic, with Safe Link Velocity.;https://nationalfosteringgroup.co.uk/;0;false;1789857983;1789857983
https://nokvio.shop/contextual-link-index/effective-niche-edit-links-designed-to-improve-da-dr-and-tf-grow-search-traffic-for-competitive-serp-results-3011a8.html;Professional SEO Authority Backlinks for nfa.co.uk to Strengthen Your Link Profile. Outrank Your Competitors, for Competitive SERP Results.;https://www.nationalfosteringgroup.co.uk/;0;false;1789835865;1789835865
https://norfolkfamilylife.com/tips-to-get-your-child-to-wear-their-glasses/;reward charts and systems;https://www.nationalfosteringgroup.co.uk/news-and-blog/how-to-use-a-rewards-chart-successfully/;0;false;1783412912;1788684429
https://novaland-oceanresidence.blogspot.com/&eid=1&p=216-2-71016b553a1fa2c9.3b14d1d7ea8d5f86;nfa.co.uk;https://www.nationalfosteringgroup.co.uk/;0;true;1774056855;1774056855
https://novaland-oceanresidence.blogspot.com/&output=application%2Fld+json;nfa.co.uk;https://www.nationalfosteringgroup.co.uk/;0;true;1774550345;1774550345
https://novaland-oceanresidence.blogspot.com/&output=application%2Frdf+xml;nfa.co.uk;https://www.nationalfosteringgroup.co.uk/;0;true;1773301524;1773301524
https://novaland-oceanresidence.blogspot.com/&target_url=;nfa.co.uk;https://www.nationalfosteringgroup.co.uk/;0;true;1772977269;1772977269
https://novaland-oceanresidence.blogspot.com/blogger.g;nfa.co.uk;https://www.nationalfosteringgroup.co.uk/;0;true;1773377221;1773377221
https://novaland-oceanresidence.blogspot.com/click.php?lp=1;nfa.co.uk;https://www.nationalfosteringgroup.co.uk/;0;true;1773292626;1773292626
https://novaland-oceanresidence.blogspot.com/component/dashboard/?view=manager;nfa.co.uk;https://www.nationalfosteringgroup.co.uk/;0;true;1775168550;1775168550
https://novaland-oceanresidence.blogspot.com/holostyak-stb-2021;nfa.co.uk;https://www.nationalfosteringgroup.co.uk/;0;true;1777584923;1777584923
https://novaland-oceanresidence.blogspot.com/holostyak-stb-2021&from=%7B3AA1CD1A-6A3B-4AC6-A46E-57CA50483A23%7D;nfa.co.uk;https://www.nationalfosteringgroup.co.uk/;0;true;1773291626;1773291626
https://novaland-oceanresidence.blogspot.com/holostyak-stb-2021&from=%7BF9A8A6F2-931C-46E9-8F8C-84F6A0C2829C%7D;nfa.co.uk;https://www.nationalfosteringgroup.co.uk/;0;true;1775209502;1775209502
https://novaland-oceanresidence.blogspot.com/kanye-west;nfa.co.uk;https://www.nationalfosteringgroup.co.uk/;0;true;1773012673;1773012673
https://novaland-oceanresidence.blogspot.com/katy-perry/;nfa.co.uk;https://www.nationalfosteringgroup.co.uk/;0;true;1773296098;1773296098
https://novaland-oceanresidence.blogspot.com/login_error;nfa.co.uk;https://www.nationalfosteringgroup.co.uk/;0;true;1773621067;1777517485
https://novaland-oceanresidence.blogspot.com/travel/search?FORM=HTSCOP&q=novaland-oceanresidence.blogspot.com%2Flilso.html;nfa.co.uk;https://www.nationalfosteringgroup.co.uk/;0;true;1772760329;1772760329
https://novaland-oceanresidence.blogspot.com/uudet-nettikasinot-syksy-2020.html;nfa.co.uk;https://www.nationalfosteringgroup.co.uk/;0;true;1775317040;1775317040
https://odicdsfe.blogspot.com/&fid=81&tracker=;nfa.co.uk;https://www.nationalfosteringgroup.co.uk/;0;true;1790041993;1790041993
https://odicdsfe.blogspot.com/&output=application%2Fld+json;nfa.co.uk;https://www.nationalfosteringgroup.co.uk/;0;true;1773466879;1773466879
https://odicdsfe.blogspot.com/&output=application%2Fmicrodata+json;nfa.co.uk;https://www.nationalfosteringgroup.co.uk/;0;true;1774490420;1774490420
https://odicdsfe.blogspot.com/&output=application%2Frdf+json;nfa.co.uk;https://www.nationalfosteringgroup.co.uk/;0;true;1774972721;1774972721
https://odicdsfe.blogspot.com/&output=text%2Fhtml;nfa.co.uk;https://www.nationalfosteringgroup.co.uk/;0;true;1774969003;1774969003
https://odicdsfe.blogspot.com/&page=2;nfa.co.uk;https://www.nationalfosteringgroup.co.uk/;0;true;1774969361;1790026772
https://odicdsfe.blogspot.com/&page=6;nfa.co.uk;https://www.nationalfosteringgroup.co.uk/;0;true;1774035031;1774035031
https://odicdsfe.blogspot.com/404.html;nfa.co.uk;https://www.nationalfosteringgroup.co.uk/;0;true;1773268669;1789976091
https://odicdsfe.blogspot.com/bonus-ilman-talletusta.html;nfa.co.uk;https://www.nationalfosteringgroup.co.uk/;0;true;1773450653;1790022275
https://odicdsfe.blogspot.com/click.php?lp=1;nfa.co.uk;https://www.nationalfosteringgroup.co.uk/;0;true;1774351900;1774351900
https://odicdsfe.blogspot.com/manage/manage-sidebar.html;nfa.co.uk;https://www.nationalfosteringgroup.co.uk/;0;true;1774967993;1790021317
https://odicdsfe.blogspot.com/news/search?FORM=HDRSC6&q=odicdsfe.blogspot.com%2Flilso.html;nfa.co.uk;https://www.nationalfosteringgroup.co.uk/;0;true;1774997771;1774997771
https://odicdsfe.blogspot.com/results;nfa.co.uk;https://www.nationalfosteringgroup.co.uk/;0;true;1776825935;1776825935
https://odicdsfe.blogspot.com/tr-TR;nfa.co.uk;https://www.nationalfosteringgroup.co.uk/;0;true;1774999130;1774999130
https://odicdsfe.blogspot.com/travel/search?FORM=FBSCOP&q=odicdsfe.blogspot.com%2Flilso.html;nfa.co.uk;https://www.nationalfosteringgroup.co.uk/;0;true;1775457564;1775457564
https://odicdsfe.blogspot.com/uudet-nettikasinot-syksy-2020.html;nfa.co.uk;https://www.nationalfosteringgroup.co.uk/;0;true;1772331309;1775594631
https://olspsystem.blogspot.com/%C2%A0;nfa.co.uk;https://www.nationalfosteringgroup.co.uk/;0;true;1774556318;1774556318
https://olspsystem.blogspot.com/&eid=1&p=216-2-71016b553a1fa2c9.3b14d1d7ea8d5f86;nfa.co.uk;https://www.nationalfosteringgroup.co.uk/;0;true;1777146754;1777146754
https://olspsystem.blogspot.com/&output=application%2Fatom+xml;nfa.co.uk;https://www.nationalfosteringgroup.co.uk/;0;true;1778228389;1778228389
https://olspsystem.blogspot.com/&output=application%2Fld+json;nfa.co.uk;https://www.nationalfosteringgroup.co.uk/;0;true;1773596574;1773596574
https://olspsystem.blogspot.com/&output=application%2Frdf+json;nfa.co.uk;https://www.nationalfosteringgroup.co.uk/;0;true;1773585409;1773585409
https://olspsystem.blogspot.com/&page=7;nfa.co.uk;https://www.nationalfosteringgroup.co.uk/;0;true;1775210024;1775210024
https://olspsystem.blogspot.com/404.html;nfa.co.uk;https://www.nationalfosteringgroup.co.uk/;0;true;1772407650;1776675242
https://olspsystem.blogspot.com/blogger.g;nfa.co.uk;https://www.nationalfosteringgroup.co.uk/;0;true;1772856119;1772856119
https://olspsystem.blogspot.com/kanye-west;nfa.co.uk;https://www.nationalfosteringgroup.co.uk/;0;true;1774844247;1778078787
https://olspsystem.blogspot.com/login;nfa.co.uk;https://www.nationalfosteringgroup.co.uk/;0;true;1772599649;1772599649
https://olspsystem.blogspot.com/news/search?FORM=HDRSC6&q=olspsystem.blogspot.com%2Flilso.html;nfa.co.uk;https://www.nationalfosteringgroup.co.uk/;0;true;1775236243;1775236243
https://olspsystem.blogspot.com/taylor-swift;nfa.co.uk;https://www.nationalfosteringgroup.co.uk/;0;true;1790030156;1790030156
https://olspsystem.blogspot.com/travel/search?FORM=FBSCOP&q=olspsystem.blogspot.com%2Flilso.html;nfa.co.uk;https://www.nationalfosteringgroup.co.uk/;0;true;1772665505;1772665505
https://olspsystem.blogspot.com/uudet-nettikasinot-syksy-2020.html;nfa.co.uk;https://www.nationalfosteringgroup.co.uk/;0;true;1772531417;1776233789
https://olspsystem.blogspot.com/www.RecruitingPipeline.com;nfa.co.uk;https://www.nationalfosteringgroup.co.uk/;0;true;1777305296;1777305296
https://onlinegamblingbonus.online/anchor-text-index/advanced-tiered-link-building-to-raise-domain-rating-outrank-your-competitors-across-every-niche-and-market-e94ccc.html;Professional Manual Outreach Backlinks for nationalfosteringgroup.co.uk for Higher DA and DR Scores. Grow Search Traffic, with Safe Link Velocity.;https://nationalfosteringgroup.co.uk/;0;false;1789423216;1789423216
https://onvaxs.com/all/2031/23.html;High Quality Dofollow Backlinks DA 50 PA 40 Premium PBN Network Service nationalfosteringgroup.co.uk Rank First Page Google Fast SEO Link Building Buy Backlinks Online Cheap;https://nationalfosteringgroup.co.uk/;0;false;1788563288;1790020635
https://optimizeflow.top/stats/122063;nationalfosteringgroup.co.uk;https://nationalfosteringgroup.co.uk/;0;true;1773833210;1789125169
https://orplio.shop/seo-metrics-hub/reliable-manual-outreach-backlinks-to-boost-domain-authority-drive-qualified-visitors-with-safe-link-velocity-833762.html;Professional Manual Outreach Backlinks for nationalfosteringgroup.co.uk for Higher DA and DR Scores. Grow Search Traffic, with Safe Link Velocity.;https://nationalfosteringgroup.co.uk/;0;false;1789920401;1789920401
https://pagesearch.net/dda5d0bda31dba30ed10120235e4954c-l/;nfa.co.uk;https://www.nationalfosteringgroup.co.uk/;0;false;1771590761;1776435258
https://pamto.shop/seo-authority-links/advanced-seo-authority-backlinks-to-boost-domain-authority-improve-google-rankings-for-competitive-serp-results-4a4b69.html;Professional Manual Outreach Backlinks for nationalfosteringgroup.co.uk for Higher DA and DR Scores. Grow Search Traffic, with Safe Link Velocity.;https://nationalfosteringgroup.co.uk/;0;false;1790072850;1790072850
https://papasearch.net/Child_Support/ChildSupport17.html;Child Care Bureau part of the National Fostering Group;https://www.nationalfosteringgroup.co.uk/child-care-bureau/;0;false;1786893711;1788644606
https://papasearch.net/Child_Support/ChildSupport30.html;What Is Parent and Child Foster Care? | Fostering Solutions;https://www.nationalfosteringgroup.co.uk/thinking-about-fostering/types-of-foster-care/parent-and-child-fostering/;0;false;1787997066;1789752145
https://papasearch.net/Child_Support/ChildSupport30.html;What Its Like to Foster Children with Disabilities;https://www.nationalfosteringgroup.co.uk/news-and-blog/what-its-like-to-foster-children-with-disabilities/;0;false;1777271597;1784317321
https://papasearch.net/Child_Support/ChildSupport38.html;Different Child Exploitation Grooming Models How to Spot ...;https://www.nationalfosteringgroup.co.uk/news-and-blog/different-child-exploitation-grooming-models-how-to-spot-the-signs/;0;false;1770725590;1786401993
https://papasearch.net/Child_Support/ChildSupport49.html;Fostering as a single dad - Told by Foster Carer Darren;https://www.nationalfosteringgroup.co.uk/carer-story/;0;false;1779194490;1789697907
https://papasearch.net/Child_Support/ChildSupport53.html;What you should know about taking foster children on holiday;https://www.nationalfosteringgroup.co.uk/news-and-blog/the-benefits-of-taking-foster-children-with-you-on-holiday/;0;false;1780248786;1789021638
https://papasearch.net/Child_Support/ChildSupport53.html;Everything You Need To Know About Parent & Child Fostering ...;https://www.nationalfosteringgroup.co.uk/thinking-about-fostering/types-of-foster-care/parent-and-child-fostering/;0;false;1773237193;1789021638
https://papasearch.net/Child_Support/ChildSupport53.html;12 Things You Probably Didnt Know About Fostering ...;https://www.nationalfosteringgroup.co.uk/news-and-blog/;0;false;1773237193;1789021638
https://papasearch.net/Child_Support/ChildSupport64.html;Fostering Solutions Oundle - Fostering Solutions;https://www.nationalfosteringgroup.co.uk/fostering-solutions/oundle/;0;false;1776486505;1788711917
https://papasearch.net/Child_Support/ChildSupport64.html;Foster Children Explain: What Qualities Do You Want in a ...;https://www.nationalfosteringgroup.co.uk/news-and-blog/;0;false;1785211688;1788711917
https://papasearch.net/Child_Support/ChildSupport64.html;Trauma Bond and How Can It Affect Children and Young People;https://www.nationalfosteringgroup.co.uk/news-and-blog/what-is-a-trauma-bond-and-how-can-it-affect-children-and-young-people/;0;false;1778247867;1783477846
https://papasearch.net/Child_Support/ChildSupport72.html;Fathers Day Celebrating the Role of the Foster Dad;https://www.nationalfosteringgroup.co.uk/news-and-blog/fathers-day-celebrating-the-role-of-the-foster-dad/;0;false;1782313115;1789307244
https://papasearch.net/Child_Support/ChildSupport72.html;Angela Hart Competition: Win a Set of Angela Hart Novels;https://www.nationalfosteringgroup.co.uk/news-and-blog/;0;false;1784066823;1789307244
https://partio.shop/trust-flow-directory/trusted-white-hat-seo-links-to-raise-domain-rating-improve-google-rankings-for-long-term-seo-results-d64ca3.html;Professional Manual Outreach Backlinks for nationalfosteringgroup.co.uk for Higher DA and DR Scores. Grow Search Traffic, with Safe Link Velocity.;https://nationalfosteringgroup.co.uk/;0;false;1790034071;1790034071
https://pasteurnorte29.blogspot.com/;nfa.co.uk;https://www.nationalfosteringgroup.co.uk/;0;true;1773848200;1778547238
https://paymentcheck.co.uk/company-search/03127814/the-national-fostering-agency-limited;https://nfa.co.uk;https://www.nationalfosteringgroup.co.uk/;0;false;1772013412;1780442864
https://phanerosart.com/all/2031/23.html;High Quality Dofollow Backlinks DA 50 PA 40 Premium PBN Network Service nationalfosteringgroup.co.uk Rank First Page Google Fast SEO Link Building Buy Backlinks Online Cheap;https://nationalfosteringgroup.co.uk/;0;false;1788302851;1789789934
https://pick4d.live/2025/10/17/artie-lange-laughter-pain-and-the-battle-behind-the-microphone/;nfa.co.uk;https://www.nationalfosteringgroup.co.uk/;0;true;1771588489;1777568090
https://pick4d.live/2025/10/19/ford-transit-the-iconic-commercial-vehicle/;nfa.co.uk;https://www.nationalfosteringgroup.co.uk/;0;true;1772946165;1776851338
https://pick4d.live/2025/10/22/leukoplakia-causes-symptoms-and-treatment-explained/;nfa.co.uk;https://www.nationalfosteringgroup.co.uk/;0;true;1777419504;1778217626
https://pick4d.live/2025/11/15/student-motivation-tips-to-stay-focused-and-achieve-success/;nfa.co.uk;https://www.nationalfosteringgroup.co.uk/;0;true;1774339270;1778202130
https://pick4d.live/2025/11/17/lead-generation-a-practical-guide-for-business-growth/;nfa.co.uk;https://www.nationalfosteringgroup.co.uk/;0;true;1771982092;1777634966
https://pirdu.com/6-hot-tips-for-mastering-pay-per-clicks-advertisings-on-yahoo/;nfa;https://www.nationalfosteringgroup.co.uk/;0;false;1772473515;1774208103
https://pirdu.com/crafting-compelling-brand-stories-the-strategies-for-the-british-businesses/;nfa;https://www.nationalfosteringgroup.co.uk/;0;false;1772056723;1773804099
https://pirdu.com/restaurant-training-waitress-and-waiter-training-to-fuel-sales-for-hospitality-and-food-service/;nfa;https://www.nationalfosteringgroup.co.uk/;0;false;1771136835;1774662054
https://pitchcentric.com/podcast/voices-of-fostering;Website;http://www.nationalfosteringgroup.co.uk/;0;false;1786146227;1786146227
https://pitchcentric.com/podcast/voices-of-fostering;Show website;http://www.nationalfosteringgroup.co.uk/;0;true;1786146227;1786146227
https://plazop.com/website-list-2394/;nfa.co.uk;https://www.nationalfosteringgroup.co.uk/;0;false;1790079202;1790079202
https://plexushealthj.blogspot.com/;nfa.co.uk;https://www.nationalfosteringgroup.co.uk/;0;true;1773257904;1773257904
https://plrdownloadshub.com/all/2031/23.html;High Quality Dofollow Backlinks DA 50 PA 40 Premium PBN Network Service nationalfosteringgroup.co.uk Rank First Page Google Fast SEO Link Building Buy Backlinks Online Cheap;https://nationalfosteringgroup.co.uk/;0;false;1788362126;1789868213
https://plumeriamarketing.com/all/912/14.html;High Quality Dofollow Backlinks DA 50 PA 40 Premium PBN Network Service nationalfosteringgroup.co.uk Rank First Page Google Fast SEO Link Building Buy Backlinks Online Cheap;https://nationalfosteringgroup.co.uk/;0;false;1787827308;1789325505
https://plumeriamarketing.com/all/945/16.html;High Quality Dofollow Backlinks DA 50 PA 40 Premium PBN Network Service nfa.co.uk Rank First Page Google Fast SEO Link Building Buy Backlinks Online Cheap;https://www.nationalfosteringgroup.co.uk/;0;false;1790050916;1790050916
https://podscan.fm/podcasts/e636c394;http://www.nationalfosteringgroup.co.uk/;http://www.nationalfosteringgroup.co.uk/;0;false;1775586364;1775586364
https://podscan.fm/podcasts/e636c394;here;https://www.nationalfosteringgroup.co.uk/;0;false;1775586364;1775586364
https://postonseo.com/crafting-compelling-brand-stories-the-strategies-for-the-british-businesses/;nfa;https://www.nationalfosteringgroup.co.uk/;0;false;1771330719;1778217873
https://premiumseo.shop/buae-get-ranking-on-1st-page-with-us;nfa.co.uk;https://www.nationalfosteringgroup.co.uk/;0;true;1789939276;1789939276
https://prepostlink.com/how-interactive-campaigns-increase-retention-in-digital-assistants/;nfa;https://www.nationalfosteringgroup.co.uk/;0;false;1772513023;1789809757
https://primenewsartical.com/all/2031/23.html;High Quality Dofollow Backlinks DA 50 PA 40 Premium PBN Network Service nationalfosteringgroup.co.uk Rank First Page Google Fast SEO Link Building Buy Backlinks Online Cheap;https://nationalfosteringgroup.co.uk/;0;false;1788730630;1788730630
https://primenewsartical.com/all/2064/26.html;High Quality Dofollow Backlinks DA 50 PA 40 Premium PBN Network Service nfa.co.uk Rank First Page Google Fast SEO Link Building Buy Backlinks Online Cheap;https://www.nationalfosteringgroup.co.uk/;0;false;1789861356;1789861356
https://probsee.com/p/The_Beaker_Girls;Fostering Allowance | How much do foster parents get paid UK;https://www.nationalfosteringgroup.co.uk/thinking-about-fostering/support-and-benefits/financial-support/fostering-allowance/;0;true;1784554157;1784554157
https://prolinksdirectory.com/crafting-compelling-brand-stories-the-strategies-for-the-british-businesses/;nfa;https://www.nationalfosteringgroup.co.uk/;0;false;1771460887;1778522296
https://proseoarticles.com/crafting-compelling-brand-stories-the-strategies-for-the-british-businesses/;nfa;https://www.nationalfosteringgroup.co.uk/;0;false;1771590862;1776986351
https://proseolinksdirectory.com/crafting-compelling-brand-stories-the-strategies-for-the-british-businesses/;nfa;https://www.nationalfosteringgroup.co.uk/;0;false;1771567886;1777972642
https://prospeo.io/c/national-fostering-group-email-format;nfa.co.uk;https://www.nationalfosteringgroup.co.uk/;0;true;1773044385;1787520166
https://pudhe.com/page-4002d72ef25df4e15f8a7acfd0a49bd5.html;nfa.co.uk;https://www.nationalfosteringgroup.co.uk/;0;false;1775647940;1777855586
https://qilins.pages.dev/01/ZPivSONHnJ;nfa.co.uk;https://www.nationalfosteringgroup.co.uk/;0;true;1775252194;1775252194
https://queries.co.in/page-bcc8ad9b34d81dcce0624ee06d17aa4d.html;reachoutcare.co.uk;https://www.nationalfosteringgroup.co.uk/reach-out-care/office/newton-aycliffe/?agency_referrer=reachoutcarefosteringservices.co.uk;0;false;1770553283;1777243300
https://quero.party/report/122063;nationalfosteringgroup.co.uk;https://nationalfosteringgroup.co.uk/;0;true;1777385076;1787450512
https://quotesblom.com/all/2064/26.html;High Quality Dofollow Backlinks DA 50 PA 40 Premium PBN Network Service nfa.co.uk Rank First Page Google Fast SEO Link Building Buy Backlinks Online Cheap;https://www.nationalfosteringgroup.co.uk/;0;false;1789865754;1789865754
https://rankerdirectory.com/crafting-compelling-brand-stories-the-strategies-for-the-british-businesses/;nfa;https://www.nationalfosteringgroup.co.uk/;0;false;1771590217;1778534606
https://ranksdirectory.com/crafting-compelling-brand-stories-the-strategies-for-the-british-businesses/;nfa;https://www.nationalfosteringgroup.co.uk/;0;false;1772455966;1774194370
https://rdxextremez.com/offpage-seo-directory/expert-contextual-link-placements-to-increase-trust-flow-drive-qualified-visitors-for-competitive-serp-results-f66fa1.html;High Quality Dofollow Backlinks DA 50 PA 40 Premium PBN Network Service nationalfosteringgroup.co.uk Rank First Page Google Fast SEO Link Building Buy Backlinks Online Cheap;https://nationalfosteringgroup.co.uk/;0;false;1789496962;1789496962
https://read.org.in/page-4002d72ef25df4e15f8a7acfd0a49bd5.html;nfa.co.uk;https://www.nationalfosteringgroup.co.uk/;0;false;1772087991;1777889816
https://ready.pro/stats/36701;nfa.co.uk;https://www.nationalfosteringgroup.co.uk/;0;true;1772525600;1777854593
https://realwinningonlinecasino.online/search-visibility-network/reliable-niche-edit-links-to-increase-trust-flow-increase-organic-visibility-and-grow-your-business-online-681cf4.html;Professional Manual Outreach Backlinks for nationalfosteringgroup.co.uk for Higher DA and DR Scores. Grow Search Traffic, with Safe Link Velocity.;https://nationalfosteringgroup.co.uk/;0;false;1789310369;1789310369
https://revenuebase.ai/companies/foster-parent-recruitment-organizations/united-kingdom;National Fostering Group;https://www.nationalfosteringgroup.co.uk/;0;true;1790011427;1790011427
https://royalbambino.com/kids-comfortable-home-environment/;avoid accidents;https://www.nationalfosteringgroup.co.uk/news-and-blog/10-common-childhood-accidents-and-how-to-avoid-them-in-your-home/;0;true;1779333105;1788062137
https://royaldb.us.com/all/2031/23.html;High Quality Dofollow Backlinks DA 50 PA 40 Premium PBN Network Service nationalfosteringgroup.co.uk Rank First Page Google Fast SEO Link Building Buy Backlinks Online Cheap;https://nationalfosteringgroup.co.uk/;0;false;1788737875;1788737875
https://safefostering.co.uk/listing/alpha-plus-fostering-limited/;www.nfa.co.uk;https://www.nationalfosteringgroup.co.uk/alpha-plus-fostering/;0;true;1783521214;1788930296
https://safefostering.co.uk/listing/brighter-futures-fostercare/;www.nfa.co.uk;https://www.nationalfosteringgroup.co.uk/brighter-futures/;0;true;1774815408;1788919301
https://safefostering.co.uk/listing/child-care-bureau-fostering-services/;www.nfa.co.uk;https://www.nationalfosteringgroup.co.uk/child-care-bureau/;0;true;1775028259;1789034372
https://safefostering.co.uk/listing/fostering-solutions-limited-south/;www.nfa.co.uk;https://www.nationalfosteringgroup.co.uk/fostering-solutions/;0;true;1784609586;1788967288
https://safefostering.co.uk/listing/fostering-solutions-ltd/;www.nfa.co.uk;https://www.nationalfosteringgroup.co.uk/fostering-solutions/;0;true;1784431191;1788938957
https://safefostering.co.uk/listing/fostering-solutions-oundle/;www.nfa.co.uk;https://www.nationalfosteringgroup.co.uk/fostering-solutions/;0;true;1784835997;1789226183
https://safefostering.co.uk/listing/jay-fostering/;www.nfa.co.uk;https://www.nationalfosteringgroup.co.uk/jay-fostering/;0;true;1785393192;1788891202
https://safefostering.co.uk/listing/nfa-south-east/;www.nfa.co.uk;https://www.nationalfosteringgroup.co.uk/national-fostering-agency/south-east/;0;true;1774899584;1789025660
https://safefostering.co.uk/listing/pathways-care-south-west/;www.nfa.co.uk;https://www.nationalfosteringgroup.co.uk/pathway-care/;0;true;1783602831;1788884664
https://sahammurah.com/all/2031/23.html;High Quality Dofollow Backlinks DA 50 PA 40 Premium PBN Network Service nationalfosteringgroup.co.uk Rank First Page Google Fast SEO Link Building Buy Backlinks Online Cheap;https://nationalfosteringgroup.co.uk/;0;false;1788118702;1789123658
https://sankofacare.co.uk/fostering-permanency-service/;embrace training;https://www.nationalfosteringgroup.co.uk/thinking-about-fostering/support-and-benefits/;0;false;1782446480;1789454099
https://sbyme.com/crafting-compelling-brand-stories-the-strategies-for-the-british-businesses/;nfa;https://www.nationalfosteringgroup.co.uk/;0;false;1771293975;1773022950
https://screenshots.wiki/report/36700;nfa.co.uk;https://www.nationalfosteringgroup.co.uk/;0;true;1777175007;1777175007
https://seoarticletime.com/crafting-compelling-brand-stories-the-strategies-for-the-british-businesses/;nfa;https://www.nationalfosteringgroup.co.uk/;0;false;1772532087;1789807941
https://seodomains.website/domain/domain/part/168027;nfa.co.uk;https://www.nationalfosteringgroup.co.uk/;0;true;1771667831;1776671051
https://seohubdirectory.com/crafting-compelling-brand-stories-the-strategies-for-the-british-businesses/;nfa;https://www.nationalfosteringgroup.co.uk/;0;false;1770966243;1777787581
https://seol.store/domain/domain/part/165376;nationalfosteringgroup.co.uk;https://nationalfosteringgroup.co.uk/;0;true;1786853245;1790033927
https://seol.store/domain/domain/part/165376/lan/ar;nationalfosteringgroup.co.uk;https://nationalfosteringgroup.co.uk/;0;true;1788966520;1788966520
https://seol.store/domain/domain/part/168027;nfa.co.uk;https://www.nationalfosteringgroup.co.uk/;0;true;1771442913;1777811710
https://seotech2.com/free-website-list-3/;https://nfa.co.uk;https://www.nationalfosteringgroup.co.uk/;0;false;1773646017;1778502497
https://sergechel.info/list-57f9d7f1bcb4513fa9e256c34099f8bd;nfa.co.uk;https://www.nationalfosteringgroup.co.uk/;0;false;1771603509;1776881504
https://shopandsavefromhomees.blogspot.com/;nfa.co.uk;https://www.nationalfosteringgroup.co.uk/;0;true;1775052275;1776832266
https://shopandsavefromhomees.blogspot.com/2023/06/;nfa.co.uk;https://www.nationalfosteringgroup.co.uk/;0;true;1778514044;1778514044
https://shopandsavefromhomees.blogspot.com/2023/06/c.html;nfa.co.uk;https://www.nationalfosteringgroup.co.uk/;0;true;1775052402;1775052402
https://shopandsavefromhomees.blogspot.com/2023/06/v.html;nfa.co.uk;https://www.nationalfosteringgroup.co.uk/;0;true;1774915500;1776009092
https://shortenurls.eu/share/122063;nationalfosteringgroup.co.uk;https://nationalfosteringgroup.co.uk/;0;true;1784109206;1789377854
https://shropshirebusinessdirectory.com/listing/sunflower-fostering/;https://www.nfa.co.uk/sunflower-fostering/office/sunflower-fostering/;https://www.nationalfosteringgroup.co.uk/sunflower-fostering/;0;false;1774302042;1785553348
https://shropshirebusinessdirectory.com/listing/sunflower-fostering/;Website;https://www.nationalfosteringgroup.co.uk/sunflower-fostering/;0;true;1774302042;1785553348
https://sidarma88gacor.shop/crawl-index-network/reliable-pbn-backlinks-to-raise-domain-rating-build-lasting-authority-for-competitive-serp-results-14a416.html;Professional SEO Authority Backlinks for nfa.co.uk to Strengthen Your Link Profile. Outrank Your Competitors, for Competitive SERP Results.;https://www.nationalfosteringgroup.co.uk/;0;false;1789864165;1789864165
https://simmekuchnie.pl/t9w7ypcs/kazakhstan---first-league-table.html;Respite care for children with special needs;https://www.nationalfosteringgroup.co.uk/thinking-about-fostering/types-of-foster-care/stayover-care/;0;false;1780921435;1788027792
https://simmekuchnie.pl/t9w7ypcs/overnight-respite-care-for-disabled-child.html;Respite care for children with special needs;https://www.nationalfosteringgroup.co.uk/thinking-about-fostering/types-of-foster-care/stayover-care/;0;false;1781615127;1786848160
https://sisusan88ax.shop/link-profile-hub/proven-seo-authority-backlinks-designed-to-improve-da-dr-and-tf-drive-qualified-visitors-for-long-term-seo-results-bbfb52.html;Professional Manual Outreach Backlinks for nationalfosteringgroup.co.uk for Higher DA and DR Scores. Grow Search Traffic, with Safe Link Velocity.;https://nationalfosteringgroup.co.uk/;0;false;1789896164;1789896164
https://sites.jake.eu/share/36700;nfa.co.uk;https://www.nationalfosteringgroup.co.uk/;0;true;1771511386;1776821865
https://sitesnewses.com/crafting-compelling-brand-stories-the-strategies-for-the-british-businesses/;nfa;https://www.nationalfosteringgroup.co.uk/;0;false;1771134060;1777024587
https://skylinkseo.site/artie-lange-laughter-pain-and-the-battle-behind-the-microphone/;nfa.co.uk;https://www.nationalfosteringgroup.co.uk/;0;true;1771040468;1778405058
https://skylinkseo.site/ford-transit-the-iconic-commercial-vehicle/;nfa.co.uk;https://www.nationalfosteringgroup.co.uk/;0;true;1771538406;1776823267
https://skylinkseo.site/lead-generation-a-practical-guide-for-business-growth/;nfa.co.uk;https://www.nationalfosteringgroup.co.uk/;0;true;1771075842;1778384451
https://skylinkseo.site/leukoplakia-causes-symptoms-and-treatment-explained/;nfa.co.uk;https://www.nationalfosteringgroup.co.uk/;0;true;1771151996;1778329056
https://skylinkseo.site/student-motivation-tips-to-stay-focused-and-achieve-success/;nfa.co.uk;https://www.nationalfosteringgroup.co.uk/;0;true;1770993870;1778355631
https://smartstimer.com/all/2031/23.html;High Quality Dofollow Backlinks DA 50 PA 40 Premium PBN Network Service nationalfosteringgroup.co.uk Rank First Page Google Fast SEO Link Building Buy Backlinks Online Cheap;https://nationalfosteringgroup.co.uk/;0;false;1788729773;1788729773
https://snapiy.com/improve-your-google-image-rankings-increase-serps-rank-and-get-to-page-1-in-10-steps/;nfa.co.uk;https://www.nationalfosteringgroup.co.uk/;0;false;1772593002;1777877392
https://southfwb.com/all/2031/23.html;High Quality Dofollow Backlinks DA 50 PA 40 Premium PBN Network Service nationalfosteringgroup.co.uk Rank First Page Google Fast SEO Link Building Buy Backlinks Online Cheap;https://nationalfosteringgroup.co.uk/;0;false;1788771513;1788771513
https://sponsoredjobs.co.uk/jobs/supervising-social-worker-at-national-fostering-group;https://www.nationalfosteringgroup.co.uk/reach-out-care/;https://www.nationalfosteringgroup.co.uk/reach-out-care/;0;false;1782872979;1785838215
https://sponsoredjobs.co.uk/jobs/supervising-social-worker-at-national-fostering-group;https://www.nationalfosteringgroup.co.uk/national-fostering-agency/south-east/;https://www.nationalfosteringgroup.co.uk/national-fostering-agency/south-east/;0;false;1779538010;1780730137
https://sponsoredjobs.co.uk/jobs/supervising-social-worker-at-national-fostering-group;https://www.nationalfosteringgroup.co.uk/fostering-relations/;https://www.nationalfosteringgroup.co.uk/fostering-relations/;0;false;1780296549;1790070547
https://starcourts.com/crafting-compelling-brand-stories-the-strategies-for-the-british-businesses/;nfa;https://www.nationalfosteringgroup.co.uk/;0;false;1771839478;1773587787
https://starcourts.com/creative-writing-journal-5-biggest-mistakes-that-make-using-a-creative-writing-journal-ineffective/;nfa;https://www.nationalfosteringgroup.co.uk/;0;false;1772539657;1774295619
https://starcourts.com/e-mail-marketing-software-and-how-it-can-help-you-in-your-marketing-efforts/;nfa;https://www.nationalfosteringgroup.co.uk/;0;false;1772330820;1780175885
https://takes.homes/domain/domain/part/165376;nationalfosteringgroup.co.uk;https://nationalfosteringgroup.co.uk/;0;true;1775478573;1787378592
https://takes.homes/domain/domain/part/168027;nfa.co.uk;https://www.nationalfosteringgroup.co.uk/;0;true;1772633377;1789765356
https://takes.sbs/domain/domain/part/165376;nationalfosteringgroup.co.uk;https://nationalfosteringgroup.co.uk/;0;true;1767116725;1789512401
https://takes.sbs/domain/domain/part/168027;nfa.co.uk;https://www.nationalfosteringgroup.co.uk/;0;true;1774466884;1789883850
https://techbumppy.com/all/2031/23.html;High Quality Dofollow Backlinks DA 50 PA 40 Premium PBN Network Service nationalfosteringgroup.co.uk Rank First Page Google Fast SEO Link Building Buy Backlinks Online Cheap;https://nationalfosteringgroup.co.uk/;0;false;1789237330;1789237330
https://thearticletime.com/how-interactive-campaigns-increase-retention-in-digital-assistants/;nfa;https://www.nationalfosteringgroup.co.uk/;0;false;1772447436;1777357383
https://thebigfreezefestival.com.au/nebraska/reach-out-foster-care.html;Reach Out Care - Reach Out Care;https://www.nationalfosteringgroup.co.uk/reach-out-care/;0;true;1782051459;1788746159
https://thedocmag.com/all/2031/23.html;High Quality Dofollow Backlinks DA 50 PA 40 Premium PBN Network Service nationalfosteringgroup.co.uk Rank First Page Google Fast SEO Link Building Buy Backlinks Online Cheap;https://nationalfosteringgroup.co.uk/;0;false;1789263692;1789263692
https://thedocmag.com/all/2064/26.html;High Quality Dofollow Backlinks DA 50 PA 40 Premium PBN Network Service nfa.co.uk Rank First Page Google Fast SEO Link Building Buy Backlinks Online Cheap;https://www.nationalfosteringgroup.co.uk/;0;false;1789785609;1789785609
https://theforbestimes.com/guest-post-network/high-quality-high-da-backlinks-to-raise-domain-rating-grow-search-traffic-and-grow-your-business-online-612a3a.html;High Quality Dofollow Backlinks DA 50 PA 40 Premium PBN Network Service nationalfosteringgroup.co.uk Rank First Page Google Fast SEO Link Building Buy Backlinks Online Cheap;https://nationalfosteringgroup.co.uk/;0;false;1788468948;1789391831
https://themicrodigits.com/trust-flow-directory/powerful-white-hat-seo-links-designed-to-improve-da-dr-and-tf-strengthen-website-reputation-for-competitive-serp-results-705255.html;High Quality Dofollow Backlinks DA 50 PA 40 Premium PBN Network Service nationalfosteringgroup.co.uk Rank First Page Google Fast SEO Link Building Buy Backlinks Online Cheap;https://nationalfosteringgroup.co.uk/;0;false;1788473346;1789392250
https://themodernmomlounge.com/get-smart-boost-your-childs-academic-performance/;set up a reward system;https://www.nationalfosteringgroup.co.uk/news-and-blog/how-to-use-a-rewards-chart-successfully/;0;false;1787147071;1788897692
https://tokyopush188.online/domain-authority-tools/professional-pbn-backlinks-to-boost-domain-authority-secure-first-page-positions-across-every-niche-and-market-7a7d58.html;Professional SEO Authority Backlinks for nfa.co.uk to Strengthen Your Link Profile. Outrank Your Competitors, for Competitive SERP Results.;https://www.nationalfosteringgroup.co.uk/;0;false;1790033575;1790033575
https://top5casino.online/link-profile-hub/powerful-pbn-backlinks-to-increase-trust-flow-drive-qualified-visitors-and-grow-your-business-online-536dc2.html;Professional Manual Outreach Backlinks for nationalfosteringgroup.co.uk for Higher DA and DR Scores. Grow Search Traffic, with Safe Link Velocity.;https://nationalfosteringgroup.co.uk/;0;false;1789931805;1789931805
https://toparticlesdirectory.com/you-can-cut-food-costs-buy-store-and-private-label-brands/;nfa;https://www.nationalfosteringgroup.co.uk/;0;false;1771607284;1773343042
https://topbacklinks.pro/explore-our-best-link-building-packages-today-293/;nationalfosteringgroup.co.uk;https://nationalfosteringgroup.co.uk/;0;false;1769178256;1773378952
https://topbilliondirectory.com/website-new-list1536/;nfa;https://www.nationalfosteringgroup.co.uk/;0;false;1771183619;1773820786
https://toptohigh.com/blog/what-search-engine-marketing-services-can-do-for-your-business-393/;https://nfa.co.uk;https://www.nationalfosteringgroup.co.uk/;0;false;1777806403;1780341915
https://toptohigh.com/e-mail-marketing-software-and-how-it-can-help-you-in-your-marketing-efforts/;nfa;https://www.nationalfosteringgroup.co.uk/;0;false;1790017764;1790017764
https://tunca.org/dda5d0bda31dba30ed10120235e4954c-l/;nfa.co.uk;https://www.nationalfosteringgroup.co.uk/;0;false;1773780324;1777166852
https://uaewebdirectory.info/page-bcc8ad9b34d81dcce0624ee06d17aa4d.html;reachoutcare.co.uk;https://www.nationalfosteringgroup.co.uk/reach-out-care/office/newton-aycliffe/?agency_referrer=reachoutcarefosteringservices.co.uk;0;false;1770711507;1784816360
https://ufabettererm4.com/all/2031/23.html;High Quality Dofollow Backlinks DA 50 PA 40 Premium PBN Network Service nationalfosteringgroup.co.uk Rank First Page Google Fast SEO Link Building Buy Backlinks Online Cheap;https://nationalfosteringgroup.co.uk/;0;false;1788132677;1789575293
https://ufabettererm4.com/all/2064/26.html;High Quality Dofollow Backlinks DA 50 PA 40 Premium PBN Network Service nfa.co.uk Rank First Page Google Fast SEO Link Building Buy Backlinks Online Cheap;https://www.nationalfosteringgroup.co.uk/;0;false;1789902169;1789902169
https://ukemploymentagency.online/town.php?town=Ashburton;Visit Website;https://www.nationalfosteringgroup.co.uk/pathway-care/;0;true;1783086474;1788753405
https://urls-shortener.eu/share/36700;nfa.co.uk;https://www.nationalfosteringgroup.co.uk/;0;true;1777336623;1777336623
https://us-hair1.news/life/inspirational-women/foster-mum-at-75/;Fostering Solutions;https://www.nationalfosteringgroup.co.uk/fostering-solutions/;0;false;1788086814;1789480191
https://voicesoffostering.buzzsprout.com/2087679/episodes/18597090-casey-the-power-of-lived-experience-in-foster-care-work;here;https://www.nationalfosteringgroup.co.uk/podcast/;0;false;1774762950;1775450933
https://voicesoffostering.buzzsprout.com/2087679/episodes/18597097-scott-patience-progress-and-second-chances;here;https://www.nationalfosteringgroup.co.uk/podcast/;0;false;1774729844;1775267215
https://voicesoffostering.buzzsprout.com/2087679/episodes/18699899-tim-a-ceo-s-view-on-foster-care;Visit our Website page;http://www.nationalfosteringgroup.co.uk/;0;false;1776397133;1777812722
https://voicesoffostering.buzzsprout.com/2087679/episodes/18699902-callum-blue-light-careers-and-fostering;Visit our Website page;http://www.nationalfosteringgroup.co.uk/;0;false;1775660987;1778713011
https://voicesoffostering.buzzsprout.com/2087679/episodes/18699905-carole-and-john-finding-each-other-fostering-together;Visit our Website page;http://www.nationalfosteringgroup.co.uk/;0;false;1775918512;1777679320
https://voicesoffostering.buzzsprout.com/2087679/episodes/18863300-scott-solo-ready-and-open-to-give-back;Visit our Website page;http://www.nationalfosteringgroup.co.uk/;0;false;1777323977;1778157304
https://voicesoffostering.buzzsprout.com/2087679/episodes/18863302-joel-family-firsts-and-letting-go;Visit our Website page;http://www.nationalfosteringgroup.co.uk/;0;false;1777572134;1778693946
https://voicesoffostering.buzzsprout.com/2087679/episodes/19203662-stephen-life-as-a-stay-over-foster-carer;here;https://www.nationalfosteringgroup.co.uk/;0;false;1785888704;1788387191
https://voicesoffostering.buzzsprout.com/2087679/episodes/19390552-fiza-12-years-of-therapeutic-fostering-and-lasting-bonds;here;https://www.nationalfosteringgroup.co.uk/;0;false;1785898505;1789085277
https://voicesoffostering.buzzsprout.com/2087679/episodes/19520629-kerry-from-care-to-caring;here;https://www.nationalfosteringgroup.co.uk/;0;false;1789489068;1789508086
https://voicesoffostering.buzzsprout.com/2087679/episodes/19520632-natalie-little-moments-big-changes;here;https://www.nationalfosteringgroup.co.uk/;0;false;1789512680;1789519006
https://voicesoffostering.buzzsprout.com/2087679/episodes/19520633-lisa-inside-fostertalk-s-support-for-carers;here;https://www.nationalfosteringgroup.co.uk/;0;false;1789674294;1789692760
https://wallpapers.pro/dda5d0bda31dba30ed10120235e4954c-l/;nfa.co.uk;https://www.nationalfosteringgroup.co.uk/;0;false;1771902394;1777498319
https://wants.cfd/domain/domain/part/165376;nationalfosteringgroup.co.uk;https://nationalfosteringgroup.co.uk/;0;true;1774660008;1789318664
https://wants.cfd/domain/domain/part/165376/;nationalfosteringgroup.co.uk;https://nationalfosteringgroup.co.uk/;0;true;1781182319;1781182319
https://wants.cfd/domain/domain/part/165376/lan/ar;nationalfosteringgroup.co.uk;https://nationalfosteringgroup.co.uk/;0;true;1781907197;1781907197
https://wants.cfd/domain/domain/part/168027;nfa.co.uk;https://www.nationalfosteringgroup.co.uk/;0;true;1771512478;1776936199
https://wants.cfd/domain/domain/part/168027/;nfa.co.uk;https://www.nationalfosteringgroup.co.uk/;0;true;1775744193;1775744193
https://way2check.cv/page-4002d72ef25df4e15f8a7acfd0a49bd5.html;nfa.co.uk;https://www.nationalfosteringgroup.co.uk/;0;false;1771404356;1789992620
https://wayranks.com/print-vs-internet-marketing-get-the-highest-return-on-investment-1716/;nfa;https://www.nationalfosteringgroup.co.uk/;0;false;1771832525;1775314464
https://wayranks.com/techniques-for-your-internet-marketing-business/;nfa.co.uk;https://www.nationalfosteringgroup.co.uk/;0;false;1770997979;1774469444
https://wayranks.com/wordpress-seo-done-in-the-proper-manner-126/;nfa.co.uk;https://www.nationalfosteringgroup.co.uk/;0;false;1771758420;1778530274
https://wayseodirectory.com/crafting-compelling-brand-stories-the-strategies-for-the-british-businesses/;nfa;https://www.nationalfosteringgroup.co.uk/;0;false;1771496969;1776806379
https://wayseolinks.com/crafting-compelling-brand-stories-the-strategies-for-the-british-businesses/;nfa;https://www.nationalfosteringgroup.co.uk/;0;false;1771738964;1777051207
https://web.businessvocal.com/05/CbfzyqUJcX;visit heathfarmfostercare.com for latest info;https://www.nationalfosteringgroup.co.uk/;0;true;1770646383;1774932325
https://web.businessvocal.com/13/FXzaEmLAQD;visit nationalfosteringgroup.co.uk for latest info;https://nationalfosteringgroup.co.uk/;0;true;1757672638;1774932325
https://web.thecloudherald.com/13/FXzaEmLAQD;visit nationalfosteringgroup.co.uk for latest info;https://nationalfosteringgroup.co.uk/;0;true;1769671152;1788959145
https://webbys.pages.dev/40/HhZUmBpMDT;nfa.co.uk;https://www.nationalfosteringgroup.co.uk/;0;true;1772647980;1776235833
https://webranksdirectory.com/website-list-2394/;nfa.co.uk;https://www.nationalfosteringgroup.co.uk/;0;false;1789842616;1789842616
https://webranksite.com/6-hot-tips-for-mastering-pay-per-clicks-advertisings-on-yahoo/;nfa;https://www.nationalfosteringgroup.co.uk/;0;false;1772023954;1789865382
https://webranksite.com/crafting-compelling-brand-stories-the-strategies-for-the-british-businesses/;nfa;https://www.nationalfosteringgroup.co.uk/;0;false;1771822974;1789884775
https://webranksite.com/creative-writing-journal-5-biggest-mistakes-that-make-using-a-creative-writing-journal-ineffective/;nfa;https://www.nationalfosteringgroup.co.uk/;0;false;1771922702;1773676772
https://webranksite.com/restaurant-training-waitress-and-waiter-training-to-fuel-sales-for-hospitality-and-food-service/;nfa;https://www.nationalfosteringgroup.co.uk/;0;false;1772093123;1789775545
https://webseodirectory.com/crafting-compelling-brand-stories-the-strategies-for-the-british-businesses/;nfa;https://www.nationalfosteringgroup.co.uk/;0;false;1771195731;1777055227
https://website.bbp-mettle.co.uk/blog/how-john-started-a-community-initiative-from-his-spare-room/;National Fostering Group;https://www.nationalfosteringgroup.co.uk/thinking-about-fostering/support-and-benefits/financial-support/being-a-self-employed-foster-carer/;0;false;1775551490;1780301931
https://websitehubs.com/crafting-compelling-brand-stories-the-strategies-for-the-british-businesses/;nfa;https://www.nationalfosteringgroup.co.uk/;0;false;1770913609;1776877575
https://websiterace.com/dda5d0bda31dba30ed10120235e4954c-l/;nfa.co.uk;https://www.nationalfosteringgroup.co.uk/;0;false;1773605788;1777249639
https://websitesnewses.com/crafting-compelling-brand-stories-the-strategies-for-the-british-businesses/;nfa;https://www.nationalfosteringgroup.co.uk/;0;false;1771070818;1776955442
https://wecelebrities.com/all/2031/23.html;High Quality Dofollow Backlinks DA 50 PA 40 Premium PBN Network Service nationalfosteringgroup.co.uk Rank First Page Google Fast SEO Link Building Buy Backlinks Online Cheap;https://nationalfosteringgroup.co.uk/;0;false;1788174657;1788992444
https://win.wolverhampton.gov.uk/kb5/wolverhampton/directory/results.action?itemid=2IoUGGmmOM6Cy-gLZ6VUC1YF8MvsQR98sJH8Ept3OJsTzXk%24&nh=10&slaction=ADD&sr=800;Website;https://www.nationalfosteringgroup.co.uk/national-fostering-agency/midlands/;0;false;1783566016;1783566016
https://win.wolverhampton.gov.uk/kb5/wolverhampton/directory/results.action?itemid=2OnyuTLNShOpB2GpDPtGawYR4m75e0FHI8d0OqWn_nQ_--w%24&nh=10&slaction=ADD&sr=800;Website;https://www.nationalfosteringgroup.co.uk/national-fostering-agency/midlands/;0;false;1783220804;1783220804
https://win.wolverhampton.gov.uk/kb5/wolverhampton/directory/results.action?itemid=2_5JR_J6jNkjXKdxuHceHd9pZDNWLhj_jqKo8adBkx2VU4U%24&nh=10&slaction=ADD&sr=800;Website;https://www.nationalfosteringgroup.co.uk/national-fostering-agency/midlands/;0;false;1783322397;1783322397
https://win.wolverhampton.gov.uk/kb5/wolverhampton/directory/results.action?itemid=2cz3Qsu5PmGoq2nz9k0AQoecS7DHa3UV0L6UDHbwOUHL8lM%24&nh=10&slaction=ADD&sr=800;Website;https://www.nationalfosteringgroup.co.uk/national-fostering-agency/midlands/;0;false;1783107019;1783107019
https://win.wolverhampton.gov.uk/kb5/wolverhampton/directory/results.action?itemid=2eWaSQ3cfs50z5e3uh28FV6s75eNcrvZpuoztTBwa9rjhMc%24&nh=10&slaction=ADD&sr=800;Website;https://www.nationalfosteringgroup.co.uk/national-fostering-agency/midlands/;0;false;1783149800;1783149800
https://win.wolverhampton.gov.uk/kb5/wolverhampton/directory/results.action?itemid=2ofUgKmoi_XL6gCC22ds_Dn5cwKdZ2sYqlEneOoyXk-D_JU%24&nh=10&slaction=REMOVE&sr=800;Website;https://www.nationalfosteringgroup.co.uk/national-fostering-agency/midlands/;0;false;1783127514;1783127514
https://win.wolverhampton.gov.uk/kb5/wolverhampton/directory/results.action?itemid=3hQlLlaZOEhrS-X22PnLV4Xt9HDs5VT6tKT13ICS_8oFVHo%24&nh=10&slaction=REMOVE&sr=800;Website;https://www.nationalfosteringgroup.co.uk/national-fostering-agency/midlands/;0;false;1783077499;1783077499
https://win.wolverhampton.gov.uk/kb5/wolverhampton/directory/results.action?itemid=gDZ2tQun3MT81K8Gz_DZurA0QNVwC0QQ4F06tTcozaEsGKk%24&nh=10&slaction=ADD&sr=800;Website;https://www.nationalfosteringgroup.co.uk/national-fostering-agency/midlands/;0;false;1783594900;1783594900
https://win.wolverhampton.gov.uk/kb5/wolverhampton/directory/results.action?itemid=goD__ItYs7U1OSK2KdVE3NIK-Ein3E0aw6GBtha0WbSqV1c%24&nh=10&slaction=REMOVE&sr=800;Website;https://www.nationalfosteringgroup.co.uk/national-fostering-agency/midlands/;0;false;1783634750;1783634750
https://win.wolverhampton.gov.uk/kb5/wolverhampton/directory/results.action?itemid=gr7YDIELhiz1m-3LPL4bDNDP47Ol3PjnMcHPeBz-xbP3FBY%24&nh=10&slaction=REMOVE&sr=800;Website;https://www.nationalfosteringgroup.co.uk/national-fostering-agency/midlands/;0;false;1783437196;1783437196
https://win.wolverhampton.gov.uk/kb5/wolverhampton/directory/results.action?itemid=griOrrf0E2WVMKm354-8mXl30oplPiUOt-pjmtgJKbnDTHE%24&nh=10&slaction=ADD&sr=800;Website;https://www.nationalfosteringgroup.co.uk/national-fostering-agency/midlands/;0;false;1783638777;1783638777
https://win.wolverhampton.gov.uk/kb5/wolverhampton/directory/results.action?itemid=h0mW3TyvqsHlA0MS_O4PSOtjI6E89ZTjroLMARMuetpSjNY%24&nh=10&slaction=ADD&sr=800;Website;https://www.nationalfosteringgroup.co.uk/national-fostering-agency/midlands/;0;false;1783414789;1783414789
https://win.wolverhampton.gov.uk/kb5/wolverhampton/directory/results.action?itemid=h3QfoAXUELuCCQprYOAQBsOwS9qqdHM8QjMIL4WBKQWqTI0%24&nh=10&slaction=ADD&sr=800;Website;https://www.nationalfosteringgroup.co.uk/national-fostering-agency/midlands/;0;false;1783435584;1783435584
https://win.wolverhampton.gov.uk/kb5/wolverhampton/directory/results.action?itemid=hHznWO4fymgpowqU_D7oSchj3EUZxV5_DK6ED60UUOkCaPY%24&nh=10&slaction=ADD&sr=800;Website;https://www.nationalfosteringgroup.co.uk/national-fostering-agency/midlands/;0;false;1783854887;1783854887
https://win.wolverhampton.gov.uk/kb5/wolverhampton/directory/results.action?itemid=hhwX4MLSggz9kVn9aJ0cmVr6HyTsE1VmOHZh9HKyfu4t7I0%24&nh=10&slaction=ADD&sr=800;Website;https://www.nationalfosteringgroup.co.uk/national-fostering-agency/midlands/;0;false;1783780538;1783780538
https://win.wolverhampton.gov.uk/kb5/wolverhampton/directory/results.action?itemid=i9jkAN1C9O5AK9E9ou2Z6veKNnB7ofVhY0LX_oFwn1I1lm0%24&nh=10&slaction=ADD&sr=800;Website;https://www.nationalfosteringgroup.co.uk/national-fostering-agency/midlands/;0;false;1783327577;1783327577
https://win.wolverhampton.gov.uk/kb5/wolverhampton/directory/results.action?itemid=i_2ewy2_Rp2JVBAwwkvCxJI-ghzT8rcwhGUCxl5o0iCtpRE%24&nh=10&slaction=REMOVE&sr=800;Website;https://www.nationalfosteringgroup.co.uk/national-fostering-agency/midlands/;0;false;1783624111;1783624111
https://win.wolverhampton.gov.uk/kb5/wolverhampton/directory/results.action?itemid=ioQyfeaKLps7oF8ps3UT-uXfHQfJt3wfjSq_J31k7xep0Ao%24&nh=10&slaction=ADD&sr=800;Website;https://www.nationalfosteringgroup.co.uk/national-fostering-agency/midlands/;0;false;1783922123;1783922123
https://win.wolverhampton.gov.uk/kb5/wolverhampton/directory/results.action?itemid=ivGNClx83vsfdJmEyhElQJIZwKqin1oRVZYIurm69GB5d54%24&nh=10&slaction=REMOVE&sr=800;Website;https://www.nationalfosteringgroup.co.uk/national-fostering-agency/midlands/;0;false;1783725870;1783725870
https://win.wolverhampton.gov.uk/kb5/wolverhampton/directory/results.action?itemid=jGAD_lEu8pqMUTvRlZp-zUpm6IWxTvvDrUCqudr_8ER2d8Y%24&nh=10&slaction=ADD&sr=800;Website;https://www.nationalfosteringgroup.co.uk/national-fostering-agency/midlands/;0;false;1783766134;1783766134
https://win.wolverhampton.gov.uk/kb5/wolverhampton/directory/results.action?itemid=jUdXqrFuorgj0HHd5PWrKnHxji7tanYJbFVrCy-5rGV-m_c%24&nh=10&slaction=ADD&sr=800;Website;https://www.nationalfosteringgroup.co.uk/national-fostering-agency/midlands/;0;false;1783678602;1783678602
https://win.wolverhampton.gov.uk/kb5/wolverhampton/directory/results.action?itemid=jheA3bfwhsifJ8dPNk3xUDK6hjTlD_iAFPIQNM-G96NENQc%24&nh=10&slaction=ADD&sr=800;Website;https://www.nationalfosteringgroup.co.uk/national-fostering-agency/midlands/;0;false;1783639170;1783639170
https://win.wolverhampton.gov.uk/kb5/wolverhampton/directory/results.action?itemid=jjEllFa5TXLeR_zk8XGjiAGeF0ekqnjDvH6DZjo1U4Sfl-s%24&nh=10&slaction=ADD&sr=800;Website;https://www.nationalfosteringgroup.co.uk/national-fostering-agency/midlands/;0;false;1783545278;1783545278
https://win.wolverhampton.gov.uk/kb5/wolverhampton/directory/results.action?itemid=kDggYooryqoXwDgPeXTBmj7utNS6TdLWMACgf9ylBS5cu4I%24&nh=10&slaction=ADD&sr=800;Website;https://www.nationalfosteringgroup.co.uk/national-fostering-agency/midlands/;0;false;1783556499;1783556499
https://win.wolverhampton.gov.uk/kb5/wolverhampton/directory/results.action?itemid=kDggYooryqoXwDgPeXTBmj7utNS6TdLWMACgf9ylBS5cu4I%24&nh=10&slaction=REMOVE&sr=800;Website;https://www.nationalfosteringgroup.co.uk/national-fostering-agency/midlands/;0;false;1783055835;1783055835
https://win.wolverhampton.gov.uk/kb5/wolverhampton/directory/results.action?itemid=kipN6kQ-05PCAMhERQ5h32afcFC8GitQ9DB1Gj-5hCRfKLQ%24&nh=10&slaction=ADD&sr=800;Website;https://www.nationalfosteringgroup.co.uk/national-fostering-agency/midlands/;0;false;1783808346;1783808346
https://win.wolverhampton.gov.uk/kb5/wolverhampton/directory/results.action?itemid=kkfu9oY9rJeClZDwSvN2Cz5PzqmfpPwvHtu1e5pkvzQH-W0%24&nh=10&slaction=ADD&sr=800;Website;https://www.nationalfosteringgroup.co.uk/national-fostering-agency/midlands/;0;false;1783500501;1783500501
https://win.wolverhampton.gov.uk/kb5/wolverhampton/directory/results.action?itemid=klbv0AYX7pScZMJJRxPM56X1Ow4irCq7xqC4xABPR1yzEkU%24&nh=10&slaction=ADD&sr=800;Website;https://www.nationalfosteringgroup.co.uk/national-fostering-agency/midlands/;0;false;1783116001;1783116001
https://win.wolverhampton.gov.uk/kb5/wolverhampton/directory/results.action?itemid=m8kpCtwGufkbpS-ePI2-QKKKcc6oOkmzUeoJMoej5wuuFVo%24&nh=10&slaction=ADD&sr=800;Website;https://www.nationalfosteringgroup.co.uk/national-fostering-agency/midlands/;0;false;1783037711;1783037711
https://win.wolverhampton.gov.uk/kb5/wolverhampton/directory/results.action?itemid=mZaenVpVxFpD8opQtFg77NkV_dlIUSeeueDD3HEgHG47KGQ%24&nh=10&slaction=ADD&sr=800;Website;https://www.nationalfosteringgroup.co.uk/national-fostering-agency/midlands/;0;false;1783312347;1783312347
https://win.wolverhampton.gov.uk/kb5/wolverhampton/directory/results.action?itemid=m_tbg_DQzR3dlm9XV2qMOZ-UAvVI52bDr6WNn6v3lEPVSOg%24&nh=10&slaction=ADD&sr=800;Website;https://www.nationalfosteringgroup.co.uk/national-fostering-agency/midlands/;0;false;1783985505;1783985505
https://win.wolverhampton.gov.uk/kb5/wolverhampton/directory/results.action?itemid=miOJzW4YBINToxx2s7zKk_NERvgvJaEDaxY6xHK63KD9w18%24&nh=10&slaction=ADD&sr=800;Website;https://www.nationalfosteringgroup.co.uk/national-fostering-agency/midlands/;0;false;1783113410;1783113410
https://win.wolverhampton.gov.uk/kb5/wolverhampton/directory/results.action?itemid=miOJzW4YBINToxx2s7zKk_NERvgvJaEDaxY6xHK63KD9w18%24&nh=10&slaction=REMOVE&sr=800;Website;https://www.nationalfosteringgroup.co.uk/national-fostering-agency/midlands/;0;false;1783633070;1783633070
https://win.wolverhampton.gov.uk/kb5/wolverhampton/directory/results.action?itemid=nM59FoicLX78Q5NAeCB_b1VLKdc9sq8tYYw3x0Sdkh7XxJk%24&nh=10&slaction=ADD&sr=800;Website;https://www.nationalfosteringgroup.co.uk/national-fostering-agency/midlands/;0;false;1783987007;1783987007
https://win.wolverhampton.gov.uk/kb5/wolverhampton/directory/results.action?itemid=nOUBg2-GtLo_SR-cOAmxl9nlnvIWGgUnWBsvdWFS-nu-9dE%24&nh=10&slaction=ADD&sr=800;Website;https://www.nationalfosteringgroup.co.uk/national-fostering-agency/midlands/;0;false;1783896314;1783896314
https://win.wolverhampton.gov.uk/kb5/wolverhampton/directory/results.action?itemid=nh9dz-YHMUYnZiLa7FF1woQQOqIggXW8Y2SsibL9ac7dgtw%24&nh=10&slaction=ADD&sr=800;Website;https://www.nationalfosteringgroup.co.uk/national-fostering-agency/midlands/;0;false;1783946713;1783946713
https://win.wolverhampton.gov.uk/kb5/wolverhampton/directory/results.action?itemid=nj3iCfMZcqtlTl5cJj_hUMdn6OS80Pbm4PNOArUaVGTgr3M%24&nh=10&slaction=ADD&sr=800;Website;https://www.nationalfosteringgroup.co.uk/national-fostering-agency/midlands/;0;false;1783218057;1783218057
https://win.wolverhampton.gov.uk/kb5/wolverhampton/directory/results.action?itemid=nwJJsLf9HYo8gj6Djj1R0QgxbwjXWgskN6JuyrHxmG2GkVU%24&nh=10&slaction=ADD&sr=800;Website;https://www.nationalfosteringgroup.co.uk/national-fostering-agency/midlands/;0;false;1783088572;1783088572
https://win.wolverhampton.gov.uk/kb5/wolverhampton/directory/results.action?itemid=nypEhOOlc31GceotGxtxdeHYI-qC-d2tKKdT2xw88XQKBqI%24&nh=10&slaction=ADD&sr=800;Website;https://www.nationalfosteringgroup.co.uk/national-fostering-agency/midlands/;0;false;1783978277;1783978277
https://win.wolverhampton.gov.uk/kb5/wolverhampton/directory/results.action?itemid=ofRfzBAVXAYUL9E71YM5ry91D0cSRE5vA6vALrZsgid50wo%24&nh=10&slaction=ADD&sr=800;Website;https://www.nationalfosteringgroup.co.uk/national-fostering-agency/midlands/;0;false;1783687864;1783687864
https://win.wolverhampton.gov.uk/kb5/wolverhampton/directory/results.action?itemid=ogjVIfqRd7Tv7zFqux-flVwuC50Q_OiREc3xMfH8F3nr1QU%24&nh=10&slaction=ADD&sr=800;Website;https://www.nationalfosteringgroup.co.uk/national-fostering-agency/midlands/;0;false;1783786344;1783786344
https://win.wolverhampton.gov.uk/kb5/wolverhampton/directory/results.action?itemid=ow-vJwBNZ3Sq8PWT1CeohfO9tVy2wrhwxKm1jJULryPM3a4%24&nh=10&slaction=ADD&sr=800;Website;https://www.nationalfosteringgroup.co.uk/national-fostering-agency/midlands/;0;false;1783220854;1783220854
https://win.wolverhampton.gov.uk/kb5/wolverhampton/directory/results.action?itemid=pmOuyOOmrusNlcNzAYzgj9iJDICywT7SugHp9b3B3zZsGEI%24&nh=10&slaction=ADD&sr=800;Website;https://www.nationalfosteringgroup.co.uk/national-fostering-agency/midlands/;0;false;1783516097;1783516097
https://win.wolverhampton.gov.uk/kb5/wolverhampton/directory/results.action?itemid=qXqXEMYkWZWuiXKMyK981MVePm0lld37gnVrRE0iTwsb2nk%24&nh=10&slaction=ADD&sr=800;Website;https://www.nationalfosteringgroup.co.uk/national-fostering-agency/midlands/;0;false;1784015494;1784015494
https://win.wolverhampton.gov.uk/kb5/wolverhampton/directory/results.action?itemid=qlXmkJhPVft7MKVPE-jctA39-y1Sr_gbHqnpzK5YgCKL-fg%24&nh=10&slaction=ADD&sr=800;Website;https://www.nationalfosteringgroup.co.uk/national-fostering-agency/midlands/;0;false;1783784268;1783784268
https://win.wolverhampton.gov.uk/kb5/wolverhampton/directory/results.action?itemid=rFCokDWLIRb5n03qAtbrQkvVQkseMK8OY_E17GkCcoBkr-8%24&nh=10&slaction=REMOVE&sr=800;Website;https://www.nationalfosteringgroup.co.uk/national-fostering-agency/midlands/;0;false;1783981231;1783981231
https://win.wolverhampton.gov.uk/kb5/wolverhampton/directory/results.action?itemid=rSoTifR_OyzIaFcmce_eSnE_TqcVjJxLkQMGXEVcZQKI1k4%24&nh=10&slaction=ADD&sr=800;Website;https://www.nationalfosteringgroup.co.uk/national-fostering-agency/midlands/;0;false;1783881198;1783881198
https://win.wolverhampton.gov.uk/kb5/wolverhampton/directory/results.action?itemid=rnI3nJiJnbynO-StluirZRKLZcwsZ_N0bRQFxCnwG8b26aM%24&nh=10&slaction=ADD&sr=800;Website;https://www.nationalfosteringgroup.co.uk/national-fostering-agency/midlands/;0;false;1783509713;1783509713
https://win.wolverhampton.gov.uk/kb5/wolverhampton/directory/results.action?itemid=sCQ98ayV5xeuVSxwmwxwwzJ6ivsAZpf-3pXAGfYMe-LXIhc%24&nh=10&slaction=ADD&sr=800;Website;https://www.nationalfosteringgroup.co.uk/national-fostering-agency/midlands/;0;false;1783946907;1783946907
https://win.wolverhampton.gov.uk/kb5/wolverhampton/directory/results.action?itemid=sdj3VtMp1KYAovZOuoe3JfjMnsJFIwH5I3kmHbwA50yWwzw%24&nh=10&slaction=ADD&sr=800;Website;https://www.nationalfosteringgroup.co.uk/national-fostering-agency/midlands/;0;false;1783078315;1783078315
https://win.wolverhampton.gov.uk/kb5/wolverhampton/directory/results.action?itemid=sf8tqyjKfZaFOAOqfkTGl4q1QwxauWDPhkLVSLg20EKozmc%24&nh=10&slaction=ADD&sr=800;Website;https://www.nationalfosteringgroup.co.uk/national-fostering-agency/midlands/;0;false;1783726877;1783726877
https://win.wolverhampton.gov.uk/kb5/wolverhampton/directory/results.action?itemid=sqi3lk7UcO8TfbFaJOsWvm0z3Vj5iMu6RCRIz1hNZ5JmSu4%24&nh=10&slaction=ADD&sr=800;Website;https://www.nationalfosteringgroup.co.uk/national-fostering-agency/midlands/;0;false;1783641110;1783641110
https://win.wolverhampton.gov.uk/kb5/wolverhampton/directory/results.action?itemid=svnI_1m72JV20pDrql1kRcOor3YUhUdvSP-GCBFTm4eE1Bw%24&nh=10&slaction=ADD&sr=800;Website;https://www.nationalfosteringgroup.co.uk/national-fostering-agency/midlands/;0;false;1783903231;1783903231
https://win.wolverhampton.gov.uk/kb5/wolverhampton/directory/results.action?itemid=svr1QFvWQs8B0e9xwJenhWnMQEXjMCIpa0ZMLidnsz1mn90%24&nh=10&slaction=ADD&sr=800;Website;https://www.nationalfosteringgroup.co.uk/national-fostering-agency/midlands/;0;false;1784021224;1784021224
https://win.wolverhampton.gov.uk/kb5/wolverhampton/directory/results.action?itemid=t-vNL8VmmNDDIzHHL0trYJxZtWDPTgVXPYzz-4GheVoSE9Q%24&nh=10&slaction=ADD&sr=800;Website;https://www.nationalfosteringgroup.co.uk/national-fostering-agency/midlands/;0;false;1783027991;1783027991
https://win.wolverhampton.gov.uk/kb5/wolverhampton/directory/results.action?itemid=t-xL2TxUqEIWSeI_p9xSeMVuS5mtmAaBtl2P40g6b9ah50Y%24&nh=10&slaction=ADD&sr=800;Website;https://www.nationalfosteringgroup.co.uk/national-fostering-agency/midlands/;0;false;1783937761;1783937761
https://win.wolverhampton.gov.uk/kb5/wolverhampton/directory/results.action?itemid=t8WvDrcNQMacB3lb5tDa-L8vuj7BJPnfL_9QTocfVdCeOYU%24&nh=10&slaction=ADD&sr=800;Website;https://www.nationalfosteringgroup.co.uk/national-fostering-agency/midlands/;0;false;1783950740;1783950740
https://win.wolverhampton.gov.uk/kb5/wolverhampton/directory/results.action?itemid=uCejIFqTKnbnRc-5VwxArMYhAtrxeBu0-VI3tQfIMt3S4WA%24&nh=10&slaction=ADD&sr=800;Website;https://www.nationalfosteringgroup.co.uk/national-fostering-agency/midlands/;0;false;1783561690;1783561690
https://win.wolverhampton.gov.uk/kb5/wolverhampton/directory/results.action?itemid=uCt7HlwOJy3CPgWmNbj8it4lVFPFcrD9ig5IEc3ZcXDLEvk%24&nh=10&slaction=REMOVE&sr=800;Website;https://www.nationalfosteringgroup.co.uk/national-fostering-agency/midlands/;0;false;1783623104;1783623104
https://win.wolverhampton.gov.uk/kb5/wolverhampton/directory/results.action?itemid=uQNSi6TE_JeFh6WPMN6NZXIHVfYh4xaQekHPuA4q_lPITEs%24&nh=10&slaction=ADD&sr=800;Website;https://www.nationalfosteringgroup.co.uk/national-fostering-agency/midlands/;0;false;1783837074;1783837074
https://win.wolverhampton.gov.uk/kb5/wolverhampton/directory/results.action?itemid=umilwf-mpvr9jnH8dvRQytaHZOO4jq9U3XFI2m5hyOVq-EQ%24&nh=10&slaction=ADD&sr=800;Website;https://www.nationalfosteringgroup.co.uk/national-fostering-agency/midlands/;0;false;1783672779;1783672779
https://win.wolverhampton.gov.uk/kb5/wolverhampton/directory/results.action?itemid=uwc6KyUzfzvxcCOvZE8cuJAPBo0kKeLe537HnKNTRlcgXrc%24&nh=10&slaction=ADD&sr=800;Website;https://www.nationalfosteringgroup.co.uk/national-fostering-agency/midlands/;0;false;1783309890;1783309890
https://win.wolverhampton.gov.uk/kb5/wolverhampton/directory/results.action?itemid=vYGxs05cz4HEYCe4sk2uklod2CAz5q8IEB7-rfxg9gLuM4s%24&nh=10&slaction=ADD&sr=800;Website;https://www.nationalfosteringgroup.co.uk/national-fostering-agency/midlands/;0;false;1783615106;1783615106
https://win.wolverhampton.gov.uk/kb5/wolverhampton/directory/results.action?itemid=vYGxs05cz4HEYCe4sk2uklod2CAz5q8IEB7-rfxg9gLuM4s%24&nh=10&slaction=REMOVE&sr=800;Website;https://www.nationalfosteringgroup.co.uk/national-fostering-agency/midlands/;0;false;1783287707;1783287707
https://win.wolverhampton.gov.uk/kb5/wolverhampton/directory/results.action?itemid=vpeE4LbDXaJWRHe2-S4gsAcf1O4CDgDKj-isoAsw_VV9eIA%24&nh=10&slaction=ADD&sr=800;Website;https://www.nationalfosteringgroup.co.uk/national-fostering-agency/midlands/;0;false;1783747498;1783747498
https://win.wolverhampton.gov.uk/kb5/wolverhampton/directory/results.action?itemid=vrpotYKWo7854GZ96jbUNzVxAGIBbJI8V9zHaFsygxGXrMs%24&nh=10&slaction=ADD&sr=800;Website;https://www.nationalfosteringgroup.co.uk/national-fostering-agency/midlands/;0;false;1783677877;1783677877
https://win.wolverhampton.gov.uk/kb5/wolverhampton/directory/results.action?itemid=vwKwu-9bVoVh4ISJMxPeG_W9gveJm5x6rYDHfTB4yc_TNBw%24&nh=10&slaction=ADD&sr=800;Website;https://www.nationalfosteringgroup.co.uk/national-fostering-agency/midlands/;0;false;1783215023;1783215023
https://win.wolverhampton.gov.uk/kb5/wolverhampton/directory/results.action?nh=10&slaction=ADD&sr=800;Website;https://www.nationalfosteringgroup.co.uk/national-fostering-agency/midlands/;0;false;1782856735;1782856735
https://win.wolverhampton.gov.uk/kb5/wolverhampton/directory/service.action?id=r5aYSvSoqRw&itemid=miOJzW4YBINToxx2s7zKk_NERvgvJaEDaxY6xHK63KD9w18%24&slaction=ADD;National Fostering Agency - Midlands;https://www.nationalfosteringgroup.co.uk/national-fostering-agency/midlands/;0;false;1783256145;1783256145
https://win.wolverhampton.gov.uk/kb5/wolverhampton/directory/service.page?adultchannel=1&id=r5aYSvSoqRw;National Fostering Agency - Midlands;https://www.nationalfosteringgroup.co.uk/national-fostering-agency/midlands/;0;false;1783089633;1786737536
https://win.wolverhampton.gov.uk/kb5/wolverhampton/directory/service.page?adultchannel=8&id=r5aYSvSoqRw;National Fostering Agency - Midlands;https://www.nationalfosteringgroup.co.uk/national-fostering-agency/midlands/;0;false;1783766398;1783766398
https://win.wolverhampton.gov.uk/kb5/wolverhampton/directory/service.page?familychannel=4_10&id=r5aYSvSoqRw;National Fostering Agency - Midlands;https://www.nationalfosteringgroup.co.uk/national-fostering-agency/midlands/;0;false;1783267282;1783267282
https://win.wolverhampton.gov.uk/kb5/wolverhampton/directory/service.page?id=r5aYSvSoqRw;National Fostering Agency - Midlands;https://www.nationalfosteringgroup.co.uk/national-fostering-agency/midlands/;0;false;1783074019;1786874060
https://wonvision.com/dda5d0bda31dba30ed10120235e4954c-l/;nfa.co.uk;https://www.nationalfosteringgroup.co.uk/;0;false;1771763817;1789919632
https://worldbusinesspromote.com/artie-lange-laughter-pain-and-the-battle-behind-the-microphone/;nfa.co.uk;https://www.nationalfosteringgroup.co.uk/;0;true;1774954581;1777419909
https://worldbusinesspromote.com/ford-transit-the-iconic-commercial-vehicle/;nfa.co.uk;https://www.nationalfosteringgroup.co.uk/;0;true;1774987345;1777476525
https://worldbusinesspromote.com/lead-generation-a-practical-guide-for-business-growth/;nfa.co.uk;https://www.nationalfosteringgroup.co.uk/;0;true;1775901937;1778454848
https://worldbusinesspromote.com/leukoplakia-causes-symptoms-and-treatment-explained/;nfa.co.uk;https://www.nationalfosteringgroup.co.uk/;0;true;1774952684;1777485248
https://worldbusinesspromote.com/student-motivation-tips-to-stay-focused-and-achieve-success/;nfa.co.uk;https://www.nationalfosteringgroup.co.uk/;0;true;1777351546;1778144263
https://wotawomandiary.co.uk/lifestyle/questions-to-ask-yourself-before-fostering-a-child/;say goodbye;https://www.nationalfosteringgroup.co.uk/news-and-blog/saying-goodbye-to-a-foster-child-how-to-cope-at-the-end-of-a-placement/;0;false;1773182215;1781925435
https://www.alljobs.info/dda5d0bda31dba30ed10120235e4954c-l/;nfa.co.uk;https://www.nationalfosteringgroup.co.uk/;0;false;1771798276;1778465941
https://www.allwebsitesdirectory.com/page-4002d72ef25df4e15f8a7acfd0a49bd5.html;nfa.co.uk;https://www.nationalfosteringgroup.co.uk/;0;false;1776587336;1778006032
https://www.bestwebstats.com/page-4002d72ef25df4e15f8a7acfd0a49bd5.html;nfa.co.uk;https://www.nationalfosteringgroup.co.uk/;0;false;1773026763;1777719144
https://www.birkenhead.news/community-champion-from-asda-liscard-shares-her-experience-as-a-foster-carer/;https://www.nationalfosteringgroup.co.uk/;https://www.nationalfosteringgroup.co.uk/;0;false;1788882794;1788882794
https://www.booksreadr.org/page-4002d72ef25df4e15f8a7acfd0a49bd5.html;nfa.co.uk;https://www.nationalfosteringgroup.co.uk/;0;false;1772843626;1777520790
https://www.companieshousemanager.com/c/03127814;Website;https://www.nationalfosteringgroup.co.uk/;0;true;1788773611;1788773611
https://www.companieshousemanager.com/c/04307071;Website;https://www.nationalfosteringgroup.co.uk/family-placement/;0;true;1787065114;1787065114
https://www.companieshousemanager.com/c/04371679;Website;https://www.nationalfosteringgroup.co.uk/;0;true;1786811764;1786811764
https://www.companieshousemanager.com/c/05480281;Website;https://www.nationalfosteringgroup.co.uk/;0;true;1787429624;1787429624
https://www.companieshousemanager.com/c/06730289;Website;https://www.nationalfosteringgroup.co.uk/;0;true;1787362670;1787362670
https://www.companieshousemanager.com/c/06846257;Website;https://www.nationalfosteringgroup.co.uk/;0;true;1786893649;1786893649
https://www.companieshousemanager.com/c/10112217;Website;https://www.nationalfosteringgroup.co.uk/;0;true;1785842600;1785842600
https://www.directorylinkservice.com/domains/192261/3c498d1faaadebef35a4d8419caa8e41/;nfa.co.uk;https://www.nationalfosteringgroup.co.uk/;0;true;1776719753;1778359970
https://www.domain.com.lc/page-4002d72ef25df4e15f8a7acfd0a49bd5.html;nfa.co.uk;https://www.nationalfosteringgroup.co.uk/;0;false;1772973708;1778189079
https://www.domainanalysis.org/page-4002d72ef25df4e15f8a7acfd0a49bd5.html;nfa.co.uk;https://www.nationalfosteringgroup.co.uk/;0;false;1773349260;1777973957
https://www.domains.com.bz/page/165376/;nationalfosteringgroup.co.uk;https://nationalfosteringgroup.co.uk/;0;false;1788195309;1788195309
https://www.domainsc.com/page-4002d72ef25df4e15f8a7acfd0a49bd5.html;nfa.co.uk;https://www.nationalfosteringgroup.co.uk/;0;false;1775479911;1789918603
https://www.ecommercebenchmarking.com/page-4002d72ef25df4e15f8a7acfd0a49bd5.html;nfa.co.uk;https://www.nationalfosteringgroup.co.uk/;0;false;1774062362;1774107670
https://www.egyptiandirectory.com/page-4002d72ef25df4e15f8a7acfd0a49bd5.html;nfa.co.uk;https://www.nationalfosteringgroup.co.uk/;0;false;1772798886;1781876478
https://www.egyptiandirectory.com/page-f0b750e9ad7d198ef3f6171239c70957.html;heathfarmfostercare.com;https://www.nationalfosteringgroup.co.uk/;0;false;1770597106;1781876478
https://www.factmags.com/cqeiwseo/CallKanakaCreek-best-seo-service/;nfa.co.uk;https://www.nationalfosteringgroup.co.uk/;0;true;1774134748;1777614869
https://www.factmags.com/ercugseo/GhostlyPost-best-seo-service/;nfa.co.uk;https://www.nationalfosteringgroup.co.uk/;0;true;1772985406;1777606220
https://www.factmags.com/iaijzseo/tawfeerstorex-best-seo-service/;nfa.co.uk;https://www.nationalfosteringgroup.co.uk/;0;true;1773125351;1777794112
https://www.factmags.com/oylouaiseo/innovamigo-best-seo-service/;nfa.co.uk;https://www.nationalfosteringgroup.co.uk/;0;true;1773953066;1777442567
https://www.factmags.com/qcjrqseo/fa-edge-best-seo-service/;nfa.co.uk;https://www.nationalfosteringgroup.co.uk/;0;true;1773870278;1777392738
https://www.factmags.com/sesfnaiseo/paigeeverettportfolio-best-seo-service/;nfa.co.uk;https://www.nationalfosteringgroup.co.uk/;0;true;1774038893;1777642371
https://www.familyplacement.com/contact-us;;https://www.nationalfosteringgroup.co.uk/contact-us;0;false;1770318997;1772503624
https://www.getwebsiteworth.com/dda5d0bda31dba30ed10120235e4954c-l/;nfa.co.uk;https://www.nationalfosteringgroup.co.uk/;0;false;1771510851;1790036272
https://www.globalecommerce.org/page-4002d72ef25df4e15f8a7acfd0a49bd5.html;nfa.co.uk;https://www.nationalfosteringgroup.co.uk/;0;false;1772157694;1778463855
https://www.goooogla.com/best-for-ranking-atyykjseo/hxbcwlseo/;nfa.co.uk;https://www.nationalfosteringgroup.co.uk/;0;true;1776383492;1777855475
https://www.goooogla.com/best-for-ranking-azluluseo/bfmpetseo/;nfa.co.uk;https://www.nationalfosteringgroup.co.uk/;0;true;1776713031;1778349735
https://www.goooogla.com/best-for-ranking-azluluseo/dmmvnvseo/;nfa.co.uk;https://www.nationalfosteringgroup.co.uk/;0;true;1776490422;1777963582
https://www.goooogla.com/best-for-ranking-baankyseo/onseruseo/;nfa.co.uk;https://www.nationalfosteringgroup.co.uk/;0;true;1776605952;1778242035
https://www.goooogla.com/best-for-ranking-baankyseo/ramusxseo/;nfa.co.uk;https://www.nationalfosteringgroup.co.uk/;0;true;1776566633;1778212422
https://www.govspendbase.uk/supplier/120952;Visit Website;https://www.nationalfosteringgroup.co.uk/heath-farm/;0;false;1770817706;1785899110
https://www.govspendbase.uk/supplier/123141;Visit Website;https://www.nationalfosteringgroup.co.uk/next-step-fostering/;0;false;1775942031;1789353626
https://www.govspendbase.uk/supplier/123141?page=1&sort=newest;Visit Website;https://www.nationalfosteringgroup.co.uk/next-step-fostering/;0;false;1773874089;1786411537
https://www.govspendbase.uk/supplier/123141?page=2&sort=newest;Visit Website;https://www.nationalfosteringgroup.co.uk/next-step-fostering/;0;false;1776500405;1790087998
https://www.govspendbase.uk/supplier/123141?page=3&sort=newest;Visit Website;https://www.nationalfosteringgroup.co.uk/next-step-fostering/;0;false;1777514228;1786410292
https://www.govspendbase.uk/supplier/12389;Visit Website;https://www.nationalfosteringgroup.co.uk/child-care-bureau/;0;false;1775181778;1788659201
https://www.govspendbase.uk/supplier/12389?page=1&sort=newest;Visit Website;https://www.nationalfosteringgroup.co.uk/child-care-bureau/;0;false;1777497506;1786516490
https://www.govspendbase.uk/supplier/12389?page=2&sort=newest;Visit Website;https://www.nationalfosteringgroup.co.uk/child-care-bureau/;0;false;1777520875;1786480106
https://www.govspendbase.uk/supplier/12389?page=3&sort=newest;Visit Website;https://www.nationalfosteringgroup.co.uk/child-care-bureau/;0;false;1777114410;1786275240
https://www.govspendbase.uk/supplier/12389?page=4&sort=newest;Visit Website;https://www.nationalfosteringgroup.co.uk/child-care-bureau/;0;false;1782045543;1786609219
https://www.govspendbase.uk/supplier/12389?page=5&sort=newest;Visit Website;https://www.nationalfosteringgroup.co.uk/child-care-bureau/;0;false;1775280654;1788855413
https://www.govspendbase.uk/supplier/12389?page=6&sort=newest;Visit Website;https://www.nationalfosteringgroup.co.uk/child-care-bureau/;0;false;1775796703;1789536039
https://www.govspendbase.uk/supplier/124401;Visit Website;https://www.nationalfosteringgroup.co.uk/brighter-futures/;0;false;1783820143;1788308001
https://www.govspendbase.uk/supplier/124401?page=1&sort=newest;Visit Website;https://www.nationalfosteringgroup.co.uk/brighter-futures/;0;false;1783670214;1788115219
https://www.govspendbase.uk/supplier/124401?page=11&sort=newest;Visit Website;https://www.nationalfosteringgroup.co.uk/brighter-futures/;0;false;1782266104;1786801991
https://www.govspendbase.uk/supplier/124401?page=12&sort=newest;Visit Website;https://www.nationalfosteringgroup.co.uk/brighter-futures/;0;false;1783844060;1788298213
https://www.govspendbase.uk/supplier/124401?page=13&sort=newest;Visit Website;https://www.nationalfosteringgroup.co.uk/brighter-futures/;0;false;1780475536;1789602043
https://www.govspendbase.uk/supplier/124401?page=14&sort=newest;Visit Website;https://www.nationalfosteringgroup.co.uk/brighter-futures/;0;false;1780657876;1789741620
https://www.govspendbase.uk/supplier/124401?page=15&sort=newest;Visit Website;https://www.nationalfosteringgroup.co.uk/brighter-futures/;0;false;1779948977;1788974303
https://www.govspendbase.uk/supplier/124401?page=16&sort=newest;Visit Website;https://www.nationalfosteringgroup.co.uk/brighter-futures/;0;false;1780124680;1789218617
https://www.govspendbase.uk/supplier/124401?page=17&sort=newest;Visit Website;https://www.nationalfosteringgroup.co.uk/brighter-futures/;0;false;1780211760;1789228549
https://www.govspendbase.uk/supplier/124401?page=18&sort=newest;Visit Website;https://www.nationalfosteringgroup.co.uk/brighter-futures/;0;false;1780498932;1789559955
https://www.govspendbase.uk/supplier/124401?page=19&sort=newest;Visit Website;https://www.nationalfosteringgroup.co.uk/brighter-futures/;0;false;1780703501;1789782135
https://www.govspendbase.uk/supplier/124401?page=2&sort=newest;Visit Website;https://www.nationalfosteringgroup.co.uk/brighter-futures/;0;false;1782859112;1787286834
https://www.govspendbase.uk/supplier/124401?page=20&sort=newest;Visit Website;https://www.nationalfosteringgroup.co.uk/brighter-futures/;0;false;1780976563;1788539781
https://www.govspendbase.uk/supplier/124401?page=21&sort=newest;Visit Website;https://www.nationalfosteringgroup.co.uk/brighter-futures/;0;false;1781167320;1785754817
https://www.govspendbase.uk/supplier/124401?page=22&sort=newest;Visit Website;https://www.nationalfosteringgroup.co.uk/brighter-futures/;0;false;1781469312;1785996707
https://www.govspendbase.uk/supplier/124401?page=23&sort=newest;Visit Website;https://www.nationalfosteringgroup.co.uk/brighter-futures/;0;false;1781661355;1786237105
https://www.govspendbase.uk/supplier/124401?page=24&sort=newest;Visit Website;https://www.nationalfosteringgroup.co.uk/brighter-futures/;0;false;1781975004;1786462939
https://www.govspendbase.uk/supplier/124401?page=25&sort=newest;Visit Website;https://www.nationalfosteringgroup.co.uk/brighter-futures/;0;false;1782165626;1786581931
https://www.govspendbase.uk/supplier/124401?page=26&sort=newest;Visit Website;https://www.nationalfosteringgroup.co.uk/brighter-futures/;0;false;1785701559;1785701559
https://www.govspendbase.uk/supplier/124401?page=3&sort=newest;Visit Website;https://www.nationalfosteringgroup.co.uk/brighter-futures/;0;false;1783007937;1787514899
https://www.govspendbase.uk/supplier/124401?page=4&sort=newest;Visit Website;https://www.nationalfosteringgroup.co.uk/brighter-futures/;0;false;1784203060;1788708456
https://www.govspendbase.uk/supplier/124401?page=5&sort=newest;Visit Website;https://www.nationalfosteringgroup.co.uk/brighter-futures/;0;false;1780457861;1789540449
https://www.govspendbase.uk/supplier/124401?page=6&sort=newest;Visit Website;https://www.nationalfosteringgroup.co.uk/brighter-futures/;0;false;1780695631;1789808675
https://www.govspendbase.uk/supplier/124401?page=7&sort=newest;Visit Website;https://www.nationalfosteringgroup.co.uk/brighter-futures/;0;false;1781302174;1785832573
https://www.govspendbase.uk/supplier/124401?page=8&sort=newest;Visit Website;https://www.nationalfosteringgroup.co.uk/brighter-futures/;0;false;1781644834;1786189189
https://www.govspendbase.uk/supplier/124401?page=9&sort=newest;Visit Website;https://www.nationalfosteringgroup.co.uk/brighter-futures/;0;false;1782474316;1787004733
https://www.govspendbase.uk/supplier/12710;Visit Website;https://www.nationalfosteringgroup.co.uk/jay-fostering/;0;false;1786454181;1786454181
https://www.govspendbase.uk/supplier/12710?page=1&sort=newest;Visit Website;https://www.nationalfosteringgroup.co.uk/jay-fostering/;0;false;1788605476;1788605476
https://www.govspendbase.uk/supplier/12710?page=10&sort=newest;Visit Website;https://www.nationalfosteringgroup.co.uk/jay-fostering/;0;false;1785861498;1785861498
https://www.govspendbase.uk/supplier/12710?page=11&sort=newest;Visit Website;https://www.nationalfosteringgroup.co.uk/jay-fostering/;0;false;1786184834;1786184834
https://www.govspendbase.uk/supplier/12710?page=12&sort=newest;Visit Website;https://www.nationalfosteringgroup.co.uk/jay-fostering/;0;false;1786961125;1786961125
https://www.govspendbase.uk/supplier/12710?page=13&sort=newest;Visit Website;https://www.nationalfosteringgroup.co.uk/jay-fostering/;0;false;1787316416;1787316416
https://www.govspendbase.uk/supplier/12710?page=14&sort=newest;Visit Website;https://www.nationalfosteringgroup.co.uk/jay-fostering/;0;false;1786320542;1786320542
https://www.govspendbase.uk/supplier/12710?page=15&sort=newest;Visit Website;https://www.nationalfosteringgroup.co.uk/jay-fostering/;0;false;1786647421;1786647421
https://www.govspendbase.uk/supplier/12710?page=16&sort=newest;Visit Website;https://www.nationalfosteringgroup.co.uk/jay-fostering/;0;false;1786601229;1786601229
https://www.govspendbase.uk/supplier/12710?page=17&sort=newest;Visit Website;https://www.nationalfosteringgroup.co.uk/jay-fostering/;0;false;1786394067;1786394067
https://www.govspendbase.uk/supplier/12710?page=2&sort=newest;Visit Website;https://www.nationalfosteringgroup.co.uk/jay-fostering/;0;false;1784590506;1789051821
https://www.govspendbase.uk/supplier/12710?page=3&sort=newest;Visit Website;https://www.nationalfosteringgroup.co.uk/jay-fostering/;0;false;1787005517;1787005517
https://www.govspendbase.uk/supplier/12710?page=4&sort=newest;Visit Website;https://www.nationalfosteringgroup.co.uk/jay-fostering/;0;false;1788031955;1788031955
https://www.govspendbase.uk/supplier/12710?page=5&sort=newest;Visit Website;https://www.nationalfosteringgroup.co.uk/jay-fostering/;0;false;1786338406;1786338406
https://www.govspendbase.uk/supplier/12710?page=6&sort=newest;Visit Website;https://www.nationalfosteringgroup.co.uk/jay-fostering/;0;false;1787099825;1787099825
https://www.govspendbase.uk/supplier/12710?page=7&sort=newest;Visit Website;https://www.nationalfosteringgroup.co.uk/jay-fostering/;0;false;1787570787;1787570787
https://www.govspendbase.uk/supplier/12710?page=8&sort=newest;Visit Website;https://www.nationalfosteringgroup.co.uk/jay-fostering/;0;false;1784964845;1789563927
https://www.govspendbase.uk/supplier/12710?page=9&sort=newest;Visit Website;https://www.nationalfosteringgroup.co.uk/jay-fostering/;0;false;1785226048;1789717665
https://www.govspendbase.uk/supplier/13374;Visit Website;https://www.nationalfosteringgroup.co.uk/fostering-solutions/;0;false;1788320571;1788320571
https://www.govspendbase.uk/supplier/13374?page=1&sort=newest;Visit Website;https://www.nationalfosteringgroup.co.uk/fostering-solutions/;0;false;1787152118;1787152118
https://www.govspendbase.uk/supplier/13374?page=10&sort=newest;Visit Website;https://www.nationalfosteringgroup.co.uk/fostering-solutions/;0;false;1788718265;1788718265
https://www.govspendbase.uk/supplier/13374?page=11&sort=newest;Visit Website;https://www.nationalfosteringgroup.co.uk/fostering-solutions/;0;false;1787526414;1787526414
https://www.govspendbase.uk/supplier/13374?page=12&sort=newest;Visit Website;https://www.nationalfosteringgroup.co.uk/fostering-solutions/;0;false;1787952529;1787952529
https://www.govspendbase.uk/supplier/13374?page=13&sort=newest;Visit Website;https://www.nationalfosteringgroup.co.uk/fostering-solutions/;0;false;1787818369;1787818369
https://www.govspendbase.uk/supplier/13374?page=14&sort=newest;Visit Website;https://www.nationalfosteringgroup.co.uk/fostering-solutions/;0;false;1786710292;1786710292
https://www.govspendbase.uk/supplier/13374?page=15&sort=newest;Visit Website;https://www.nationalfosteringgroup.co.uk/fostering-solutions/;0;false;1788669253;1788669253
https://www.govspendbase.uk/supplier/13374?page=16&sort=newest;Visit Website;https://www.nationalfosteringgroup.co.uk/fostering-solutions/;0;false;1785865172;1785865172
https://www.govspendbase.uk/supplier/13374?page=17&sort=newest;Visit Website;https://www.nationalfosteringgroup.co.uk/fostering-solutions/;0;false;1787871260;1787871260
https://www.govspendbase.uk/supplier/13374?page=18&sort=newest;Visit Website;https://www.nationalfosteringgroup.co.uk/fostering-solutions/;0;false;1785773966;1785773966
https://www.govspendbase.uk/supplier/13374?page=19&sort=newest;Visit Website;https://www.nationalfosteringgroup.co.uk/fostering-solutions/;0;false;1787727734;1787727734
https://www.govspendbase.uk/supplier/13374?page=2&sort=newest;Visit Website;https://www.nationalfosteringgroup.co.uk/fostering-solutions/;0;false;1787777996;1787777996
https://www.govspendbase.uk/supplier/13374?page=20&sort=newest;Visit Website;https://www.nationalfosteringgroup.co.uk/fostering-solutions/;0;false;1788124838;1788124838
https://www.govspendbase.uk/supplier/13374?page=21&sort=newest;Visit Website;https://www.nationalfosteringgroup.co.uk/fostering-solutions/;0;false;1787518198;1787518198
https://www.govspendbase.uk/supplier/13374?page=22&sort=newest;Visit Website;https://www.nationalfosteringgroup.co.uk/fostering-solutions/;0;false;1786589315;1786589315
https://www.govspendbase.uk/supplier/13374?page=23&sort=newest;Visit Website;https://www.nationalfosteringgroup.co.uk/fostering-solutions/;0;false;1785091814;1789588496
https://www.govspendbase.uk/supplier/13374?page=24&sort=newest;Visit Website;https://www.nationalfosteringgroup.co.uk/fostering-solutions/;0;false;1787485456;1787485456
https://www.govspendbase.uk/supplier/13374?page=25&sort=newest;Visit Website;https://www.nationalfosteringgroup.co.uk/fostering-solutions/;0;false;1787787781;1787787781
https://www.govspendbase.uk/supplier/13374?page=26&sort=newest;Visit Website;https://www.nationalfosteringgroup.co.uk/fostering-solutions/;0;false;1787417080;1787417080
https://www.govspendbase.uk/supplier/13374?page=27&sort=newest;Visit Website;https://www.nationalfosteringgroup.co.uk/fostering-solutions/;0;false;1785061777;1789554873
https://www.govspendbase.uk/supplier/13374?page=28&sort=newest;Visit Website;https://www.nationalfosteringgroup.co.uk/fostering-solutions/;0;false;1787478245;1787478245
https://www.govspendbase.uk/supplier/13374?page=29&sort=newest;Visit Website;https://www.nationalfosteringgroup.co.uk/fostering-solutions/;0;false;1786771750;1786771750
https://www.govspendbase.uk/supplier/13374?page=3&sort=newest;Visit Website;https://www.nationalfosteringgroup.co.uk/fostering-solutions/;0;false;1787816439;1787816439
https://www.govspendbase.uk/supplier/13374?page=30&sort=newest;Visit Website;https://www.nationalfosteringgroup.co.uk/fostering-solutions/;0;false;1784239733;1788694168
https://www.govspendbase.uk/supplier/13374?page=31&sort=newest;Visit Website;https://www.nationalfosteringgroup.co.uk/fostering-solutions/;0;false;1784405977;1788885446
https://www.govspendbase.uk/supplier/13374?page=32&sort=newest;Visit Website;https://www.nationalfosteringgroup.co.uk/fostering-solutions/;0;false;1784680387;1789157300
https://www.govspendbase.uk/supplier/13374?page=33&sort=newest;Visit Website;https://www.nationalfosteringgroup.co.uk/fostering-solutions/;0;false;1784769442;1789270702
https://www.govspendbase.uk/supplier/13374?page=34&sort=newest;Visit Website;https://www.nationalfosteringgroup.co.uk/fostering-solutions/;0;false;1787178782;1787178782
https://www.govspendbase.uk/supplier/13374?page=35&sort=newest;Visit Website;https://www.nationalfosteringgroup.co.uk/fostering-solutions/;0;false;1784559160;1789035531
https://www.govspendbase.uk/supplier/13374?page=36&sort=newest;Visit Website;https://www.nationalfosteringgroup.co.uk/fostering-solutions/;0;false;1784528069;1789004397
https://www.govspendbase.uk/supplier/13374?page=37&sort=newest;Visit Website;https://www.nationalfosteringgroup.co.uk/fostering-solutions/;0;false;1784719751;1789174876
https://www.govspendbase.uk/supplier/13374?page=38&sort=newest;Visit Website;https://www.nationalfosteringgroup.co.uk/fostering-solutions/;0;false;1787836014;1787836014
https://www.govspendbase.uk/supplier/13374?page=39&sort=newest;Visit Website;https://www.nationalfosteringgroup.co.uk/fostering-solutions/;0;false;1784379174;1788824593
https://www.govspendbase.uk/supplier/13374?page=4&sort=newest;Visit Website;https://www.nationalfosteringgroup.co.uk/fostering-solutions/;0;false;1784394925;1788883373
https://www.govspendbase.uk/supplier/13374?page=40&sort=newest;Visit Website;https://www.nationalfosteringgroup.co.uk/fostering-solutions/;0;false;1784555832;1789031192
https://www.govspendbase.uk/supplier/13374?page=41&sort=newest;Visit Website;https://www.nationalfosteringgroup.co.uk/fostering-solutions/;0;false;1785510172;1790045950
https://www.govspendbase.uk/supplier/13374?page=42&sort=newest;Visit Website;https://www.nationalfosteringgroup.co.uk/fostering-solutions/;0;false;1784410175;1788871150
https://www.govspendbase.uk/supplier/13374?page=43&sort=newest;Visit Website;https://www.nationalfosteringgroup.co.uk/fostering-solutions/;0;false;1784463304;1789024747
https://www.govspendbase.uk/supplier/13374?page=44&sort=newest;Visit Website;https://www.nationalfosteringgroup.co.uk/fostering-solutions/;0;false;1788146969;1788146969
https://www.govspendbase.uk/supplier/13374?page=45&sort=newest;Visit Website;https://www.nationalfosteringgroup.co.uk/fostering-solutions/;0;false;1785298818;1789864799
https://www.govspendbase.uk/supplier/13374?page=46&sort=newest;Visit Website;https://www.nationalfosteringgroup.co.uk/fostering-solutions/;0;false;1788419629;1788419629
https://www.govspendbase.uk/supplier/13374?page=47&sort=newest;Visit Website;https://www.nationalfosteringgroup.co.uk/fostering-solutions/;0;false;1786645553;1786645553
https://www.govspendbase.uk/supplier/13374?page=48&sort=newest;Visit Website;https://www.nationalfosteringgroup.co.uk/fostering-solutions/;0;false;1786146704;1786146704
https://www.govspendbase.uk/supplier/13374?page=49&sort=newest;Visit Website;https://www.nationalfosteringgroup.co.uk/fostering-solutions/;0;false;1788206991;1788206991
https://www.govspendbase.uk/supplier/13374?page=5&sort=newest;Visit Website;https://www.nationalfosteringgroup.co.uk/fostering-solutions/;0;false;1785652988;1785652988
https://www.govspendbase.uk/supplier/13374?page=50&sort=newest;Visit Website;https://www.nationalfosteringgroup.co.uk/fostering-solutions/;0;false;1787935257;1787935257
https://www.govspendbase.uk/supplier/13374?page=51&sort=newest;Visit Website;https://www.nationalfosteringgroup.co.uk/fostering-solutions/;0;false;1786834873;1786834873
https://www.govspendbase.uk/supplier/13374?page=52&sort=newest;Visit Website;https://www.nationalfosteringgroup.co.uk/fostering-solutions/;0;false;1785569861;1790043972
https://www.govspendbase.uk/supplier/13374?page=53&sort=newest;Visit Website;https://www.nationalfosteringgroup.co.uk/fostering-solutions/;0;false;1787136750;1787136750
https://www.govspendbase.uk/supplier/13374?page=54&sort=newest;Visit Website;https://www.nationalfosteringgroup.co.uk/fostering-solutions/;0;false;1786286906;1786286906
https://www.govspendbase.uk/supplier/13374?page=55&sort=newest;Visit Website;https://www.nationalfosteringgroup.co.uk/fostering-solutions/;0;false;1787683701;1787683701
https://www.govspendbase.uk/supplier/13374?page=56&sort=newest;Visit Website;https://www.nationalfosteringgroup.co.uk/fostering-solutions/;0;false;1787111405;1787111405
https://www.govspendbase.uk/supplier/13374?page=57&sort=newest;Visit Website;https://www.nationalfosteringgroup.co.uk/fostering-solutions/;0;false;1787090613;1787090613
https://www.govspendbase.uk/supplier/13374?page=58&sort=newest;Visit Website;https://www.nationalfosteringgroup.co.uk/fostering-solutions/;0;false;1788302909;1788302909
https://www.govspendbase.uk/supplier/13374?page=59&sort=newest;Visit Website;https://www.nationalfosteringgroup.co.uk/fostering-solutions/;0;false;1784225635;1788726935
https://www.govspendbase.uk/supplier/13374?page=6&sort=newest;Visit Website;https://www.nationalfosteringgroup.co.uk/fostering-solutions/;0;false;1786689136;1786689136
https://www.govspendbase.uk/supplier/13374?page=60&sort=newest;Visit Website;https://www.nationalfosteringgroup.co.uk/fostering-solutions/;0;false;1784606620;1789169507
https://www.govspendbase.uk/supplier/13374?page=61&sort=newest;Visit Website;https://www.nationalfosteringgroup.co.uk/fostering-solutions/;0;false;1784857456;1789347746
https://www.govspendbase.uk/supplier/13374?page=62&sort=newest;Visit Website;https://www.nationalfosteringgroup.co.uk/fostering-solutions/;0;false;1785131883;1789724480
https://www.govspendbase.uk/supplier/13374?page=63&sort=newest;Visit Website;https://www.nationalfosteringgroup.co.uk/fostering-solutions/;0;false;1788288556;1788288556
https://www.govspendbase.uk/supplier/13374?page=64&sort=newest;Visit Website;https://www.nationalfosteringgroup.co.uk/fostering-solutions/;0;false;1788446914;1788446914
https://www.govspendbase.uk/supplier/13374?page=65&sort=newest;Visit Website;https://www.nationalfosteringgroup.co.uk/fostering-solutions/;0;false;1785548303;1785548303
https://www.govspendbase.uk/supplier/13374?page=66&sort=newest;Visit Website;https://www.nationalfosteringgroup.co.uk/fostering-solutions/;0;false;1785899775;1785899775
https://www.govspendbase.uk/supplier/13374?page=67&sort=newest;Visit Website;https://www.nationalfosteringgroup.co.uk/fostering-solutions/;0;false;1786165636;1786165636
https://www.govspendbase.uk/supplier/13374?page=68&sort=newest;Visit Website;https://www.nationalfosteringgroup.co.uk/fostering-solutions/;0;false;1786662915;1786662915
https://www.govspendbase.uk/supplier/13374?page=69&sort=newest;Visit Website;https://www.nationalfosteringgroup.co.uk/fostering-solutions/;0;false;1786632760;1786632760
https://www.govspendbase.uk/supplier/13374?page=7&sort=newest;Visit Website;https://www.nationalfosteringgroup.co.uk/fostering-solutions/;0;false;1785813110;1785813110
https://www.govspendbase.uk/supplier/13374?page=70&sort=newest;Visit Website;https://www.nationalfosteringgroup.co.uk/fostering-solutions/;0;false;1786291865;1786291865
https://www.govspendbase.uk/supplier/13374?page=71&sort=newest;Visit Website;https://www.nationalfosteringgroup.co.uk/fostering-solutions/;0;false;1787275506;1787275506
https://www.govspendbase.uk/supplier/13374?page=72&sort=newest;Visit Website;https://www.nationalfosteringgroup.co.uk/fostering-solutions/;0;false;1786247364;1786247364
https://www.govspendbase.uk/supplier/13374?page=73&sort=newest;Visit Website;https://www.nationalfosteringgroup.co.uk/fostering-solutions/;0;false;1786589914;1786589914
https://www.govspendbase.uk/supplier/13374?page=74&sort=newest;Visit Website;https://www.nationalfosteringgroup.co.uk/fostering-solutions/;0;false;1786667280;1786667280
https://www.govspendbase.uk/supplier/13374?page=75&sort=newest;Visit Website;https://www.nationalfosteringgroup.co.uk/fostering-solutions/;0;false;1788212125;1788212125
https://www.govspendbase.uk/supplier/13374?page=76&sort=newest;Visit Website;https://www.nationalfosteringgroup.co.uk/fostering-solutions/;0;false;1787846283;1787846283
https://www.govspendbase.uk/supplier/13374?page=77&sort=newest;Visit Website;https://www.nationalfosteringgroup.co.uk/fostering-solutions/;0;false;1784455885;1788999272
https://www.govspendbase.uk/supplier/13374?page=78&sort=newest;Visit Website;https://www.nationalfosteringgroup.co.uk/fostering-solutions/;0;false;1784721841;1789152999
https://www.govspendbase.uk/supplier/13374?page=79&sort=newest;Visit Website;https://www.nationalfosteringgroup.co.uk/fostering-solutions/;0;false;1785109207;1789603595
https://www.govspendbase.uk/supplier/13374?page=8&sort=newest;Visit Website;https://www.nationalfosteringgroup.co.uk/fostering-solutions/;0;false;1787167144;1787167144
https://www.govspendbase.uk/supplier/13374?page=80&sort=newest;Visit Website;https://www.nationalfosteringgroup.co.uk/fostering-solutions/;0;false;1785247767;1789768352
https://www.govspendbase.uk/supplier/13374?page=81&sort=newest;Visit Website;https://www.nationalfosteringgroup.co.uk/fostering-solutions/;0;false;1784347730;1788834975
https://www.govspendbase.uk/supplier/13374?page=82&sort=newest;Visit Website;https://www.nationalfosteringgroup.co.uk/fostering-solutions/;0;false;1785860197;1785860197
https://www.govspendbase.uk/supplier/13374?page=83&sort=newest;Visit Website;https://www.nationalfosteringgroup.co.uk/fostering-solutions/;0;false;1786007435;1786007435
https://www.govspendbase.uk/supplier/13374?page=84&sort=newest;Visit Website;https://www.nationalfosteringgroup.co.uk/fostering-solutions/;0;false;1786235826;1786235826
https://www.govspendbase.uk/supplier/13374?page=85&sort=newest;Visit Website;https://www.nationalfosteringgroup.co.uk/fostering-solutions/;0;false;1787905601;1787905601
https://www.govspendbase.uk/supplier/13374?page=86&sort=newest;Visit Website;https://www.nationalfosteringgroup.co.uk/fostering-solutions/;0;false;1785109996;1789568715
https://www.govspendbase.uk/supplier/13374?page=87&sort=newest;Visit Website;https://www.nationalfosteringgroup.co.uk/fostering-solutions/;0;false;1787002509;1787002509
https://www.govspendbase.uk/supplier/13374?page=88&sort=newest;Visit Website;https://www.nationalfosteringgroup.co.uk/fostering-solutions/;0;false;1787492961;1787492961
https://www.govspendbase.uk/supplier/13374?page=89&sort=newest;Visit Website;https://www.nationalfosteringgroup.co.uk/fostering-solutions/;0;false;1786670327;1786670327
https://www.govspendbase.uk/supplier/13374?page=9&sort=newest;Visit Website;https://www.nationalfosteringgroup.co.uk/fostering-solutions/;0;false;1787516641;1787516641
https://www.govspendbase.uk/supplier/13374?page=90&sort=newest;Visit Website;https://www.nationalfosteringgroup.co.uk/fostering-solutions/;0;false;1786214206;1786214206
https://www.govspendbase.uk/supplier/13374?page=91&sort=newest;Visit Website;https://www.nationalfosteringgroup.co.uk/fostering-solutions/;0;false;1786579926;1786579926
https://www.govspendbase.uk/supplier/13374?page=92&sort=newest;Visit Website;https://www.nationalfosteringgroup.co.uk/fostering-solutions/;0;false;1787111901;1787111901
https://www.govspendbase.uk/supplier/193402;Visit Website;https://www.nationalfosteringgroup.co.uk/family-placement/;0;false;1783685476;1788125478
https://www.govspendbase.uk/supplier/193402?page=1&sort=newest;Visit Website;https://www.nationalfosteringgroup.co.uk/family-placement/;0;false;1782691682;1787222957
https://www.govspendbase.uk/supplier/193402?page=10&sort=newest;Visit Website;https://www.nationalfosteringgroup.co.uk/family-placement/;0;false;1785544533;1785544533
https://www.govspendbase.uk/supplier/193402?page=11&sort=newest;Visit Website;https://www.nationalfosteringgroup.co.uk/family-placement/;0;false;1783036258;1787521564
https://www.govspendbase.uk/supplier/193402?page=2&sort=newest;Visit Website;https://www.nationalfosteringgroup.co.uk/family-placement/;0;false;1782081930;1786609770
https://www.govspendbase.uk/supplier/193402?page=3&sort=newest;Visit Website;https://www.nationalfosteringgroup.co.uk/family-placement/;0;false;1782029980;1786607201
https://www.govspendbase.uk/supplier/193402?page=4&sort=newest;Visit Website;https://www.nationalfosteringgroup.co.uk/family-placement/;0;false;1784376277;1788813934
https://www.govspendbase.uk/supplier/193402?page=5&sort=newest;Visit Website;https://www.nationalfosteringgroup.co.uk/family-placement/;0;false;1785313275;1789876765
https://www.govspendbase.uk/supplier/193402?page=6&sort=newest;Visit Website;https://www.nationalfosteringgroup.co.uk/family-placement/;0;false;1785134091;1789687371
https://www.govspendbase.uk/supplier/193402?page=7&sort=newest;Visit Website;https://www.nationalfosteringgroup.co.uk/family-placement/;0;false;1785951101;1785951101
https://www.govspendbase.uk/supplier/193402?page=8&sort=newest;Visit Website;https://www.nationalfosteringgroup.co.uk/family-placement/;0;false;1786299402;1786299402
https://www.govspendbase.uk/supplier/193402?page=9&sort=newest;Visit Website;https://www.nationalfosteringgroup.co.uk/family-placement/;0;false;1788360832;1788360832
https://www.hrninjasjobs.com/company/219/national-fostering-group/;https://careers.nfa.co.uk/jobs/;https://www.nationalfosteringgroup.co.uk/careers/job-vacancies/;0;false;1780984141;1789391721
https://www.indexaward.com/dda5d0bda31dba30ed10120235e4954c-l/;nfa.co.uk;https://www.nationalfosteringgroup.co.uk/;0;false;1789975864;1789975864
https://www.indians.cc/page-4002d72ef25df4e15f8a7acfd0a49bd5.html;nfa.co.uk;https://www.nationalfosteringgroup.co.uk/;0;false;1777026845;1777808860
https://www.internetmatters.org/ar/inclusive-digital-safety/advice-for-parents-and-carers/supporting-children-in-care/connecting-and-sharing-online/;تفضل بزيارة الموقع;https://www.nationalfosteringgroup.co.uk/;0;false;1783310211;1783310211
https://www.internetmatters.org/de/inclusive-digital-safety/advice-for-parents-and-carers/supporting-children-in-care/connecting-and-sharing-online/;BESUCHERSEITE;https://www.nationalfosteringgroup.co.uk/;0;false;1780949628;1785203916
https://www.internetmatters.org/fr/inclusive-digital-safety/advice-for-parents-and-carers/supporting-children-in-care/connecting-and-sharing-online/;VISITEZ LE SITE;https://www.nationalfosteringgroup.co.uk/;0;false;1781909981;1781909981
https://www.internetmatters.org/it/inclusive-digital-safety/advice-for-parents-and-carers/supporting-children-in-care/connecting-and-sharing-online/;VISITA IL SITO;https://www.nationalfosteringgroup.co.uk/;0;false;1783290723;1786445611
https://www.internetmatters.org/zh-CN/inclusive-digital-safety/advice-for-parents-and-carers/supporting-children-in-care/connecting-and-sharing-online/;访问网站;https://www.nationalfosteringgroup.co.uk/;0;false;1783480789;1784187525
https://www.kent-musictherapy.com/blank;Heath Farm Fostering;https://www.nationalfosteringgroup.co.uk/heath-farm/;0;false;1784039793;1788671176
https://www.kent-musictherapy.com/blank;National Fostering Group;https://www.nationalfosteringgroup.co.uk/;0;false;1784039793;1788671176
https://www.knows.monster/domain/domain/part/165376;nationalfosteringgroup.co.uk;https://nationalfosteringgroup.co.uk/;0;true;1767513906;1788031900
https://www.linksnatcher.com/page-4002d72ef25df4e15f8a7acfd0a49bd5.html;nfa.co.uk;https://www.nationalfosteringgroup.co.uk/;0;false;1773352470;1777260733
https://www.manninghammedicalcentre.com.au/f-medical/fostering-children-medical-problems.html;Can I Foster If I Have Health Problems? - National Fostering Group;https://www.nationalfosteringgroup.co.uk/thinking-about-fostering/who-can-foster/can-you-foster-if-you-have-health-problems/;0;true;1784260116;1784260116
https://www.musweb.org/page-4002d72ef25df4e15f8a7acfd0a49bd5.html;nfa.co.uk;https://www.nationalfosteringgroup.co.uk/;0;false;1771761547;1772628970
https://www.mypodcastdata.com/podcast/show/work-it-like-a-mum-elizabeth-willetts-1qk3/episodes;Learn more about becoming a foster career with the National Fostering Group;https://www.nationalfosteringgroup.co.uk/enquire-now/;0;false;1777628194;1777628194
https://www.nfa.co.uk/about-national-fostering-group/press-and-media-releases/;;https://www.nationalfosteringgroup.co.uk/about/press-and-media/;0;false;1772975869;1788643048
https://www.nfa.co.uk/alpha-plus-fostering;;https://www.nationalfosteringgroup.co.uk/alpha-plus-fostering/;0;false;1774107162;1774107162
https://www.nfa.co.uk/alpha-plus-fostering/;;https://www.nationalfosteringgroup.co.uk/alpha-plus-fostering/;0;false;1783343548;1783343548
https://www.nfa.co.uk/arun-hope;;https://www.nationalfosteringgroup.co.uk/arun-hope/;0;false;1774141688;1774141688
https://www.nfa.co.uk/carer-community-category/age/;;https://www.nationalfosteringgroup.co.uk/carer-community-category/age/;0;false;1773949589;1779695181
https://www.nfa.co.uk/carer-community-category/kids/;;https://www.nationalfosteringgroup.co.uk/content-hub/;0;false;1773125795;1777475458
https://www.nfa.co.uk/carer-community-category/teens/;;https://www.nationalfosteringgroup.co.uk/content-hub/;0;false;1770788280;1775071104
https://www.nfa.co.uk/carer-community-home/;;https://www.nationalfosteringgroup.co.uk/content-hub/;0;false;1771240785;1781876311
https://www.nfa.co.uk/carer-community-home/search-results/;;https://www.nationalfosteringgroup.co.uk/content-hub/;0;false;1773250513;1778258550
https://www.nfa.co.uk/carer-community-home/thanks-for-getting-in-touch/;;https://www.nationalfosteringgroup.co.uk/carer-community-home/thanks-for-getting-in-touch/;0;false;1771310832;1778465151
https://www.nfa.co.uk/carer-community-tag/care-support/;;https://www.nationalfosteringgroup.co.uk/content-hub/;0;false;1775596777;1779962061
https://www.nfa.co.uk/carer-community-tag/changes-transitions/;;https://www.nationalfosteringgroup.co.uk/content-hub/;0;false;1774471674;1776591929
https://www.nfa.co.uk/carer-community-tag/establishing-routines/;;https://www.nationalfosteringgroup.co.uk/content-hub/;0;false;1774212014;1774212014
https://www.nfa.co.uk/carer-community-tag/school-education/;;https://www.nationalfosteringgroup.co.uk/carer-community-tag/school-education/;0;false;1777046033;1781338090
https://www.nfa.co.uk/carer-community/how-do-i-have-the-talk-with-my-foster-child/;;https://www.nationalfosteringgroup.co.uk/content-hub/;0;false;1772767372;1772767372
https://www.nfa.co.uk/carer-community/how-do-i-help-my-foster-child-with-their-depression-sadness/;;https://www.nationalfosteringgroup.co.uk/content-hub/;0;false;1772545832;1779708797
https://www.nfa.co.uk/carer-community/saying-goodbye-where-can-i-get-support-in-dealing-with-the-emotional-side-of-saying-goodbye/;;https://www.nationalfosteringgroup.co.uk/content-hub/;0;false;1775310542;1779621836
https://www.nfa.co.uk/carer-story/ellie-simmonds-its-because-of-you/;;https://www.nationalfosteringgroup.co.uk/carer-story/ellie-simmonds-its-because-of-you/;0;false;1771756530;1789619167
https://www.nfa.co.uk/carer-story/fostering-in-your-30s-katie-and-johns-story/;;https://www.nationalfosteringgroup.co.uk/carer-story/fostering-in-your-30s-katie-and-johns-story/;0;false;1776116630;1788928385
https://www.nfa.co.uk/carer-story/fulfilling-a-childhood-dream-candices-story/;;https://www.nationalfosteringgroup.co.uk/carer-story/fulfilling-a-childhood-dream-candices-story/;0;false;1771092193;1789033679
https://www.nfa.co.uk/carer-story/how-childhood-experiences-shaped-me-as-a-foster-carer-jennys-story/;;https://www.nationalfosteringgroup.co.uk/carer-story/how-childhood-experiences-shaped-me-as-a-foster-carer-jennys-story/;0;false;1770960414;1789615560
https://www.nfa.co.uk/carer-story/mum-to-a-whole-load-of-children-from-everywhere-keiras-story/;;https://www.nationalfosteringgroup.co.uk/carer-story/mum-to-a-whole-load-of-children-from-everywhere-keiras-story/;0;false;1773554121;1789938441
https://www.nfa.co.uk/carer-story/my-experience-as-a-disabled-foster-carer-darren/;;https://www.nationalfosteringgroup.co.uk/carer-story/my-experience-as-a-disabled-foster-carer-darren/;0;false;1773003448;1789468853
https://www.nfa.co.uk/carer-story/our-latest-campaign-career-in-caring-with-ashley-john-baptiste/;;https://www.nationalfosteringgroup.co.uk/carer-story/our-latest-campaign-career-in-caring-with-ashley-john-baptiste/;0;false;1774262179;1788614790
https://www.nfa.co.uk/carer-story/page/6/;;https://www.nationalfosteringgroup.co.uk/carer-story/;0;false;1777169391;1789050849
https://www.nfa.co.uk/carer-story/so-many-amazing-experiences-emmas-story-of-growing-up-in-a-fostering-family/;;https://www.nationalfosteringgroup.co.uk/carer-story/so-many-amazing-experiences-emmas-story-of-growing-up-in-a-fostering-family/;0;false;1773401252;1787827241
https://www.nfa.co.uk/carer-story/summer-of-sports/;;https://www.nationalfosteringgroup.co.uk/news-and-blog/summer-of-sports/;0;false;1771747290;1787410503
https://www.nfa.co.uk/carer-story/when-short-term-becomes-long-term-geoff-and-stephens-story/;;https://www.nationalfosteringgroup.co.uk/carer-story/when-short-term-becomes-long-term-geoff-and-stephens-story/;0;false;1776470988;1790056656
https://www.nfa.co.uk/child-care-bureau/about-child-care-bureau/;;https://www.nationalfosteringgroup.co.uk/child-care-bureau/;0;false;1776008643;1788821272
https://www.nfa.co.uk/children-first-fostering-agency/;;https://www.nationalfosteringgroup.co.uk/children-first-fostering-agency/;0;false;1778959470;1788700835
https://www.nfa.co.uk/cymorth-ariannol/;;https://www.nationalfosteringgroup.co.uk/thinking-about-fostering/support-and-benefits/financial-support/fostering-allowance/;0;false;1776244219;1779044728
https://www.nfa.co.uk/embed/;;https://www.nationalfosteringgroup.co.uk/embed/;0;false;1779923593;1784930869
https://www.nfa.co.uk/enhanced-foster-care/office/enhanced-foster-care/;;https://www.nationalfosteringgroup.co.uk/national-fostering-agency/south-west/;0;false;1789743787;1789743787
https://www.nfa.co.uk/events/come-and-meet-children-first-at-ufest-maldon/;;https://www.nationalfosteringgroup.co.uk/events/;0;false;1782537001;1787519998
https://www.nfa.co.uk/events/come-and-meet-next-step-fostering-at-the-walnuts-shopping-centre-orpington-2/;;https://www.nationalfosteringgroup.co.uk/events/;0;false;1770770210;1787135176
https://www.nfa.co.uk/events/festival-of-fostering/;;https://www.nationalfosteringgroup.co.uk/events/;0;false;1778956434;1786652513
https://www.nfa.co.uk/events/join-next-step-fostering-at-the-horniman-museums-sunday-market/;;https://www.nationalfosteringgroup.co.uk/events/;0;false;1776006380;1788884922
https://www.nfa.co.uk/events/learn-more-about-fostering-foster-care-fortnight-online-event/;;https://www.nationalfosteringgroup.co.uk/events/;0;false;1771554932;1790024228
https://www.nfa.co.uk/events/learn-more-about-fostering-online-information-event-2/;;https://www.nationalfosteringgroup.co.uk/events/;0;false;1772584828;1789619478
https://www.nfa.co.uk/events/learn-more-about-fostering-online-information-event/;;https://www.nationalfosteringgroup.co.uk/events/;0;false;1775632614;1787623768
https://www.nfa.co.uk/events/learn-more-about-fostering-online-information-session-4/;;https://www.nationalfosteringgroup.co.uk/events/;0;false;1771735709;1789018694
https://www.nfa.co.uk/events/learn-more-about-fostering-online-information-session-5/;;https://www.nationalfosteringgroup.co.uk/events/;0;false;1786702889;1788859899
https://www.nfa.co.uk/events/learn-more-about-fostering-with-birth-children-online-event/;;https://www.nationalfosteringgroup.co.uk/events/;0;false;1771743295;1788112116
https://www.nfa.co.uk/events/learn-more-about-fostering-with-our-online-event-12thfeb/;;https://www.nationalfosteringgroup.co.uk/events/learn-more-about-fostering-with-our-online-event-12thfeb/;0;false;1771126102;1789919710
https://www.nfa.co.uk/events/learn-more-about-fostering-with-our-online-event-14th-aug/;;https://www.nationalfosteringgroup.co.uk/events/;0;false;1772922381;1787917750
https://www.nfa.co.uk/events/learn-more-about-fostering-with-our-online-event-15jan/;;https://www.nationalfosteringgroup.co.uk/events/;0;false;1772597478;1789037403
https://www.nfa.co.uk/events/learn-more-about-fostering-with-our-online-event-18dec/;;https://www.nationalfosteringgroup.co.uk/events/;0;false;1773657345;1789286399
https://www.nfa.co.uk/events/learn-more-about-fostering-with-our-online-event-2/;;https://www.nationalfosteringgroup.co.uk/events/;0;false;1775534043;1788412823
https://www.nfa.co.uk/events/learn-more-about-fostering-with-our-online-event-20jan/;;https://www.nationalfosteringgroup.co.uk/events/;0;false;1773324656;1788969572
https://www.nfa.co.uk/events/learn-more-about-fostering-with-our-online-event-21july/;;https://www.nationalfosteringgroup.co.uk/events/;0;false;1779840788;1786948130
https://www.nfa.co.uk/events/learn-more-about-fostering-with-our-online-event-25thfeb/;;https://www.nationalfosteringgroup.co.uk/events/learn-more-about-fostering-with-our-online-event-25th-feb-2026/;0;false;1778962008;1787009482
https://www.nfa.co.uk/events/learn-more-about-fostering-with-our-online-event-3/;;https://www.nationalfosteringgroup.co.uk/events/;0;false;1773893273;1788109997
https://www.nfa.co.uk/events/learn-more-about-fostering-with-our-online-event-3rdfeb/;;https://www.nationalfosteringgroup.co.uk/events/learn-more-about-fostering-with-our-online-event-3rdfeb/;0;false;1775407369;1788306862
https://www.nfa.co.uk/events/learn-more-about-fostering-with-our-online-event-4/;;https://www.nationalfosteringgroup.co.uk/events/;0;false;1772885563;1790005349
https://www.nfa.co.uk/events/learn-more-about-fostering-with-our-online-event-5/;;https://www.nationalfosteringgroup.co.uk/events/;0;false;1772688872;1788447990
https://www.nfa.co.uk/events/learn-more-about-fostering-with-our-online-event-6/;;https://www.nationalfosteringgroup.co.uk/events/;0;false;1770492653;1788457648
https://www.nfa.co.uk/events/learn-more-about-fostering-with-our-online-event-6jan/;;https://www.nationalfosteringgroup.co.uk/events/;0;false;1779020162;1788973854
https://www.nfa.co.uk/events/learn-more-about-fostering-with-our-online-event-8th-sept/;;https://www.nationalfosteringgroup.co.uk/events/;0;false;1773992772;1787591066
https://www.nfa.co.uk/events/learn-more-about-fostering-with-our-online-event-9dec/;;https://www.nationalfosteringgroup.co.uk/events/;0;false;1773683979;1788757909
https://www.nfa.co.uk/events/learn-more-about-fostering-with-our-online-event-oct13/;;https://www.nationalfosteringgroup.co.uk/events/;0;false;1770505842;1789074436
https://www.nfa.co.uk/events/learn-more-about-fostering-with-our-online-event/;;https://www.nationalfosteringgroup.co.uk/events/;0;false;1773335211;1788452155
https://www.nfa.co.uk/events/learn-more-about-respite-fostering/;;https://www.nationalfosteringgroup.co.uk/events/;0;false;1777323856;1789558485
https://www.nfa.co.uk/events/meet-the-next-step-team-at-pepys-community-library-deptford/;;https://www.nationalfosteringgroup.co.uk/events/;0;false;1773460623;1789190942
https://www.nfa.co.uk/events/meet-us-at-eastleigh-fire-station-open-day/;;https://www.nationalfosteringgroup.co.uk/events/;0;false;1786662408;1789040790
https://www.nfa.co.uk/financial-support/;;https://www.nationalfosteringgroup.co.uk/thinking-about-fostering/support-and-benefits/financial-support/fostering-allowance/;0;false;1776499440;1781480826
https://www.nfa.co.uk/find-our-agencies/fostering-in-bangor/;;https://www.nationalfosteringgroup.co.uk/find-our-agencies/fostering-in-bangor/;0;false;1771579175;1788946585
https://www.nfa.co.uk/find-our-agencies/fostering-in-belfast/;;https://www.nationalfosteringgroup.co.uk/find-our-agencies/fostering-in-belfast/;0;false;1771930705;1790041142
https://www.nfa.co.uk/find-our-agencies/fostering-in-newtownards/;;https://www.nationalfosteringgroup.co.uk/find-our-agencies/fostering-in-newtownards/;0;false;1773370533;1789127830
https://www.nfa.co.uk/foster-care-fortnight/;;https://www.nationalfosteringgroup.co.uk/;0;false;1771491834;1782788972
https://www.nfa.co.uk/fostering-solutions/about/;;https://www.nationalfosteringgroup.co.uk/fostering-solutions/;0;false;1771406219;1789946590
https://www.nfa.co.uk/fostering-solutions/agency-update/fostering-solutions-north-west-ofsted/;;https://www.nationalfosteringgroup.co.uk/fostering-solutions/agency-update/fostering-solutions-north-west-ofsted/;0;false;1773199940;1773199940
https://www.nfa.co.uk/fostering4number1/;;https://www.nationalfosteringgroup.co.uk/content-hub/;0;false;1772854979;1787105855
https://www.nfa.co.uk/mathau-o-ofal-maeth/;;https://www.nationalfosteringgroup.co.uk/thinking-about-fostering/types-of-foster-care/;0;false;1774569222;1779574644
https://www.nfa.co.uk/national-fostering-agency/embed/;;https://www.nationalfosteringgroup.co.uk/national-fostering-agency/embed/;0;false;1778981590;1778981590
https://www.nfa.co.uk/national-fostering-agency/office/nfa-london-south/;;https://www.nationalfosteringgroup.co.uk/national-fostering-agency/london-south/;0;false;1774073636;1788510667
https://www.nfa.co.uk/national-fostering-agency/office/nfa-south-east/;;https://www.nationalfosteringgroup.co.uk/national-fostering-agency/south-east/;0;false;1773490609;1789277727
https://www.nfa.co.uk/news-and-blog/10-common-childhood-accidents-and-how-to-avoid-them-in-your-home/;;https://www.nationalfosteringgroup.co.uk/news-and-blog/10-common-childhood-accidents-and-how-to-avoid-them-in-your-home/;0;false;1772898150;1789407928
https://www.nfa.co.uk/news-and-blog/10-ways-to-help-young-people-adjust-to-the-school-routine/;;https://www.nationalfosteringgroup.co.uk/news-and-blog/10-ways-to-help-young-people-adjust-to-the-school-routine/;0;false;1771838961;1786962512
https://www.nfa.co.uk/news-and-blog/4-mummy-blogs-to-follow/;;https://www.nationalfosteringgroup.co.uk/news-and-blog/4-mummy-blogs-to-follow/;0;false;1775604878;1787605960
https://www.nfa.co.uk/news-and-blog/a-journey-through-care-victoria-introduces-jack/;;https://www.nationalfosteringgroup.co.uk/news-and-blog/a-journey-through-care-victoria-introduces-jack/;0;false;1770405977;1787497432
https://www.nfa.co.uk/news-and-blog/applying-for-university-as-a-care-leaver/;;https://www.nationalfosteringgroup.co.uk/news-and-blog/applying-for-university-as-a-care-leaver/;0;false;1771120837;1789717184
https://www.nfa.co.uk/news-and-blog/as-seen-on-the-news-fostering-is-in-crisis-how-can-you-help/;;https://www.nationalfosteringgroup.co.uk/news-and-blog/as-seen-on-the-news-fostering-is-in-crisis-how-can-you-help/;0;false;1781763773;1788865282
https://www.nfa.co.uk/news-and-blog/autism-awareness/;;https://www.nationalfosteringgroup.co.uk/news-and-blog/autism-awareness/;0;false;1771404544;1788089066
https://www.nfa.co.uk/news-and-blog/behind-closed-doors-through-the-eyes-of-the-child/;;https://www.nationalfosteringgroup.co.uk/news-and-blog/behind-closed-doors-through-the-eyes-of-the-child/;0;false;1771880118;1786875644
https://www.nfa.co.uk/news-and-blog/bonfire-night-safety/;;https://www.nationalfosteringgroup.co.uk/news-and-blog/bonfire-night-safety/;0;false;1773180303;1788953067
https://www.nfa.co.uk/news-and-blog/britannica-digital-learning-with-the-national-fostering-group/;;https://www.nationalfosteringgroup.co.uk/news-and-blog/britannica-digital-learning-with-the-national-fostering-group/;0;false;1776928244;1789744319
https://www.nfa.co.uk/news-and-blog/care-leaver-internship-scheme/;;https://www.nationalfosteringgroup.co.uk/news-and-blog/care-leaver-internship-scheme/;0;false;1772448723;1788125723
https://www.nfa.co.uk/news-and-blog/celebrating-the-benefits-of-play-for-children-on-national-playday/;;https://www.nationalfosteringgroup.co.uk/news-and-blog/celebrating-the-benefits-of-play-for-children-on-national-playday/;0;false;1773155612;1789478768
https://www.nfa.co.uk/news-and-blog/colby-pearce-a-simple-method-for-getting-children-off-to-sleep/;;https://www.nationalfosteringgroup.co.uk/news-and-blog/colby-pearce-a-simple-method-for-getting-children-off-to-sleep/;0;false;1771471761;1789589706
https://www.nfa.co.uk/news-and-blog/colby-pearce-promoting-childrens-resilience-what-you-need-to-know/;;https://www.nationalfosteringgroup.co.uk/news-and-blog/colby-pearce-promoting-childrens-resilience-what-you-need-to-know/;0;false;1779089924;1788994901
https://www.nfa.co.uk/news-and-blog/colby-pearce-three-loving-parental-acts-that-enhance-child-wellbeing/;;https://www.nationalfosteringgroup.co.uk/news-and-blog/colby-pearce-three-loving-parental-acts-that-enhance-child-wellbeing/;0;false;1774712058;1789719673
https://www.nfa.co.uk/news-and-blog/difference-fast-track-fostering-usual-process/;;https://www.nationalfosteringgroup.co.uk/fast-track-application-process/;0;false;1772566632;1789043088
https://www.nfa.co.uk/news-and-blog/foster-children-and-babysitters-everything-you-need-to-know/;;https://www.nationalfosteringgroup.co.uk/news-and-blog/foster-children-and-babysitters-everything-you-need-to-know/;0;false;1780424792;1789694855
https://www.nfa.co.uk/news-and-blog/free-holidays-for-foster-families/;;https://www.nationalfosteringgroup.co.uk/news-and-blog/;0;false;1771806358;1787331339
https://www.nfa.co.uk/news-and-blog/free-new-family-social-nfs-membership-for-our-lgbt-foster-carers/;;https://www.nationalfosteringgroup.co.uk/news-and-blog/free-new-family-social-nfs-membership-for-our-lgbt-foster-carers/;0;false;1774980718;1788622369
https://www.nfa.co.uk/news-and-blog/from-care-to-university-overcoming-the-barriers/;;https://www.nationalfosteringgroup.co.uk/news-and-blog/from-care-to-university-overcoming-the-barriers/;0;false;1779053194;1788392773
https://www.nfa.co.uk/news-and-blog/helen-gardner-hr-business-partner-is-featured-in-people-management-blog-offering-advice-to-hr-professionals/;;https://www.nationalfosteringgroup.co.uk/news-and-blog/;0;false;1771111914;1789143676
https://www.nfa.co.uk/news-and-blog/horse-therapy-and-its-benefits-for-children-and-young-people/;;https://www.nationalfosteringgroup.co.uk/news-and-blog/horse-therapy-and-its-benefits-for-children-and-young-people/;0;false;1771119695;1788945245
https://www.nfa.co.uk/news-and-blog/how-to-deal-with-racial-abuse-as-a-foster-parent/;;https://www.nationalfosteringgroup.co.uk/news-and-blog/how-to-deal-with-racial-abuse-as-a-foster-parent/;0;false;1777166390;1789269902
https://www.nfa.co.uk/news-and-blog/how-to-handle-separation-anxiety/;;https://www.nationalfosteringgroup.co.uk/news-and-blog/how-to-handle-separation-anxiety/;0;false;1772365787;1789574977
https://www.nfa.co.uk/news-and-blog/how-to-set-up-a-bedroom-for-an-older-foster-child/;;https://www.nationalfosteringgroup.co.uk/news-and-blog/how-to-set-up-a-bedroom-for-an-older-foster-child/;0;false;1772049091;1789085156
https://www.nfa.co.uk/news-and-blog/keeping-children-safe-online-a-foster-carers-guide-to-internet-safety/;;https://www.nationalfosteringgroup.co.uk/news-and-blog/keeping-children-safe-online-a-foster-carers-guide-to-internet-safety/;0;false;1772431163;1786843665
https://www.nfa.co.uk/news-and-blog/new-years-honours/;;https://www.nationalfosteringgroup.co.uk/news-and-blog/;0;false;1771129647;1787522773
https://www.nfa.co.uk/news-and-blog/nfa-group-partners-with-british-exploring-society-for-highlands-expedition/;;https://www.nationalfosteringgroup.co.uk/news-and-blog/nfa-group-partners-with-british-exploring-society-for-highlands-expedition/;0;false;1776985841;1789890454
https://www.nfa.co.uk/news-and-blog/oldham-foster-carer-receives-mbe-for-inclusive-youth-and-community-work/;;https://www.nationalfosteringgroup.co.uk/news-and-blog/oldham-foster-carer-receives-mbe-for-inclusive-youth-and-community-work/;0;false;1771239602;1788340643
https://www.nfa.co.uk/news-and-blog/our-foster-carer-has-self-published-her-first-novel/;;https://www.nationalfosteringgroup.co.uk/news-and-blog/our-foster-carer-has-self-published-her-first-novel/;0;false;1771497769;1787204297
https://www.nfa.co.uk/news-and-blog/page/19/;;https://www.nationalfosteringgroup.co.uk/news-and-blog/;0;false;1775789542;1787359282
https://www.nfa.co.uk/news-and-blog/reconnecting-with-nature-nfa-foster-carers-zencube-creation/;;https://www.nationalfosteringgroup.co.uk/news-and-blog/reconnecting-with-nature-nfa-foster-carers-zencube-creation/;0;false;1775705816;1787201543
https://www.nfa.co.uk/news-and-blog/shortlisted-for-a-prestigious-fostering-excellence-award/;;https://www.nationalfosteringgroup.co.uk/news-and-blog/;0;false;1772099038;1790089757
https://www.nfa.co.uk/news-and-blog/sons-and-daughters-month/;;https://www.nationalfosteringgroup.co.uk/news-and-blog/sons-and-daughters-month/;0;false;1772547488;1786835847
https://www.nfa.co.uk/news-and-blog/state-of-the-nations-foster-care-2018/;;https://www.nationalfosteringgroup.co.uk/news-and-blog/;0;false;1772555746;1789957777
https://www.nfa.co.uk/news-and-blog/supervising-social-worker-receives-outstanding-contribution-award/;;https://www.nationalfosteringgroup.co.uk/news-and-blog/supervising-social-worker-receives-outstanding-contribution-award/;0;false;1775547375;1789829243
https://www.nfa.co.uk/news-and-blog/the-light-and-the-calm-fostering-for-number-1/;;https://www.nationalfosteringgroup.co.uk/news-and-blog/the-light-and-the-calm-fostering-for-number-1/;0;false;1770310387;1788888986
https://www.nfa.co.uk/news-and-blog/understanding-and-preventing-bullying-what-you-need-to-know/;;https://www.nationalfosteringgroup.co.uk/news-and-blog/understanding-and-preventing-bullying-what-you-need-to-know/;0;false;1772737958;1788005879
https://www.nfa.co.uk/news-and-blog/why-we-need-to-teach-children-about-black-history/;;https://www.nationalfosteringgroup.co.uk/news-and-blog/why-we-need-to-teach-children-about-black-history/;0;false;1775916811;1788739966
https://www.nfa.co.uk/news-and-blog/you-by-mark-wilson/;;https://www.nationalfosteringgroup.co.uk/news-and-blog/you-by-mark-wilson/;0;false;1772568278;1789721883
https://www.nfa.co.uk/news-and-blog/young-foster-carers-wish-theyd-applied-sooner/;;https://www.nationalfosteringgroup.co.uk/carer-story/young-foster-carers-wish-theyd-applied-sooner/;0;false;1774567991;1774567991
https://www.nfa.co.uk/our-commitment-to-diversity-equality/;;https://www.nationalfosteringgroup.co.uk/about/equality-and-diversity/;0;false;1771187765;1789742332
https://www.nfa.co.uk/pathway-care/about-pathway-care/;;https://www.nationalfosteringgroup.co.uk/pathway-care/;0;false;1770948630;1789407080
https://www.nfa.co.uk/podcast/;;https://www.nationalfosteringgroup.co.uk/podcast/;0;false;1772677598;1788028381
https://www.nfa.co.uk/podcast/page/2/;;https://www.nationalfosteringgroup.co.uk/podcast/;0;false;1770643484;1789581385
https://www.nfa.co.uk/podcast/page/3/;;https://www.nationalfosteringgroup.co.uk/podcast/;0;false;1773488833;1787076711
https://www.nfa.co.uk/podcast/page/4/;;https://www.nationalfosteringgroup.co.uk/podcast/;0;false;1774178338;1788075513
https://www.nfa.co.uk/recommend-us/;;https://www.nationalfosteringgroup.co.uk/recommend-us/;0;false;1770779152;1789781138
https://www.nfa.co.uk/story/blog-news/nfa-group-partners-with-british-exploring-society-for-highlands-expedition/;;https://www.nationalfosteringgroup.co.uk/news-and-blog/nfa-group-partners-with-british-exploring-society-for-highlands-expedition/;0;false;1775509032;1787655824
https://www.nfa.co.uk/story/blog-news/the-facts-about-fostering-as-a-single-parent/;;https://www.nationalfosteringgroup.co.uk/thinking-about-fostering/who-can-foster/can-you-be-a-single-foster-parent/;0;false;1773646406;1778966934
https://www.nfa.co.uk/story/blog-news/the-national-fostering-group-are-featured-in-children-and-young-people-now;;https://www.nationalfosteringgroup.co.uk/story/blog-news/the-national-fostering-group-are-featured-in-children-and-young-people-now/;0;false;1780182520;1780182520
https://www.nfa.co.uk/story/story_category/shine-for-foster-carer-training/;;https://www.nationalfosteringgroup.co.uk/thinking-about-fostering/support-and-benefits/training/;0;false;1781470275;1786285463
https://www.nfa.co.uk/story/story_category/the-importance-of-keeping-siblings-together/;;https://www.nationalfosteringgroup.co.uk/story/story_category/the-importance-of-keeping-siblings-together/;0;false;1780403463;1787651190
https://www.nfa.co.uk/tag/autism/;;https://www.nationalfosteringgroup.co.uk/news-and-blog/;0;false;1771071414;1772522930
https://www.nfa.co.uk/tag/fostering-advice/;;https://www.nationalfosteringgroup.co.uk/news-and-blog/;0;false;1781471683;1781471683
https://www.nfa.co.uk/tag/nfa-group-projects/;;https://www.nationalfosteringgroup.co.uk/news-and-blog/;0;false;1774589160;1774589160
https://www.nfa.co.uk/tag/nfa/;;https://www.nationalfosteringgroup.co.uk/news-and-blog/;0;false;1781793975;1781793975
https://www.nfa.co.uk/tag/single-person-fostering/;;https://www.nationalfosteringgroup.co.uk/tag/single-person-fostering/;0;false;1770628488;1777743934
https://www.nfa.co.uk/tag/therapy/;;https://www.nationalfosteringgroup.co.uk/news-and-blog/;0;false;1773061446;1779383026
https://www.nfa.co.uk/thinking-about-fostering/becoming-a-foster-carer/;;https://www.nationalfosteringgroup.co.uk/thinking-about-fostering/becoming-a-foster-carer/;0;false;1773931485;1789668811
https://www.nfa.co.uk/thinking-about-fostering/can-you-foster-if-you-smoke-or-vape/;;https://www.nationalfosteringgroup.co.uk/thinking-about-fostering/who-can-foster/can-you-foster-if-you-smoke-or-vape/;0;false;1775317524;1789521878
https://www.nfa.co.uk/thinking-about-fostering/fostering-an-autistic-child/;;https://www.nationalfosteringgroup.co.uk/thinking-about-fostering/fostering-an-autistic-child/;0;false;1772041324;1789236685
https://www.nfa.co.uk/thinking-about-fostering/fostering-with-a-disability/;;https://www.nationalfosteringgroup.co.uk/thinking-about-fostering/who-can-foster/fostering-with-a-disability/;0;false;1771619015;1789478247
https://www.nfa.co.uk/thinking-about-fostering/spare-rooms-and-fostering/;;https://www.nationalfosteringgroup.co.uk/thinking-about-fostering/spare-rooms-and-fostering/;0;false;1772480076;1788201322
https://www.nfa.co.uk/thinking-about-fostering/support-and-benefits-for-foster-carers/financial-support/foster-carers-state-benefits-pensions/;;https://www.nationalfosteringgroup.co.uk/thinking-about-fostering/support-and-benefits/financial-support/state-benefits-and-pensions/;0;false;1780403739;1787463202
https://www.nfa.co.uk/thinking-about-fostering/support-and-benefits-for-foster-carers/financial-support/pay-and-the-different-types-of-foster-care/;;https://www.nationalfosteringgroup.co.uk/thinking-about-fostering/support-and-benefits/financial-support/fostering-allowance/;0;false;1773903935;1780346452
https://www.nfa.co.uk/thinking-about-fostering/support-and-benefits-for-foster-carers/financial-support/tax-and-foster-care/;;https://www.nationalfosteringgroup.co.uk/thinking-about-fostering/support-and-benefits/financial-support/tax-and-foster-care/;0;false;1774587228;1788057895
https://www.nfa.co.uk/thinking-about-fostering/support-and-benefits-for-foster-carers/support/;;https://www.nationalfosteringgroup.co.uk/thinking-about-fostering/support-and-benefits/support-team/;0;false;1771875349;1789868314
https://www.nfa.co.uk/thinking-about-fostering/support-and-benefits-for-foster-carers/training/;;https://www.nationalfosteringgroup.co.uk/thinking-about-fostering/support-and-benefits/training/;0;false;1774495758;1788788655
https://www.nfa.co.uk/thinking-about-fostering/the-differences-between-local-authorities-and-fostering-agencies/;;https://www.nationalfosteringgroup.co.uk/thinking-about-fostering/the-differences-between-local-authorities-and-fostering-agencies/;0;false;1774074683;1789216725
https://www.nfa.co.uk/thinking-about-fostering/who-can-foster/is-there-an-age-limit-for-fostering/;;https://www.nationalfosteringgroup.co.uk/thinking-about-fostering/who-can-foster/is-there-an-age-limit-for-fostering/;0;false;1775374177;1788982951
https://www.nfa.co.uk/thinking-about-fostering/who-can-foster/lgbt-fostering/;;https://www.nationalfosteringgroup.co.uk/thinking-about-fostering/who-can-foster/lgbt-fostering/;0;false;1773418296;1789950036
https://www.nfa.co.uk/thinking-about-fostering/why-foster/;;https://www.nationalfosteringgroup.co.uk/thinking-about-fostering/what-is-fostering/;0;false;1778938394;1786022801
https://www.nfa.co.uk/transfer-to-us/;;https://www.nationalfosteringgroup.co.uk/transfer-to-us/;0;false;1781127493;1789434372
https://www.nfa.co.uk/transfer-to-us/support-and-training-for-transferring-foster-carers/;;https://www.nationalfosteringgroup.co.uk/transfer-to-us/;0;false;1777552574;1788967984
https://www.nfa.co.uk/video/page/4/;;https://www.nationalfosteringgroup.co.uk/content-hub/;0;false;1774321625;1789870841
https://www.northernsteelvic.com.au/e-corporate-office/eastleigh-fire-headquarters-open-day.html;Meet Us at Eastleigh Fire Station Open Day;https://www.nationalfosteringgroup.co.uk/events/;0;true;1787110105;1789337227
https://www.ourrochdale.org.uk/kb5/rochdale/directory/service.page?id=Sr2HV9M0Bis&itemid=uyRNzMfzu9FoGuYKFHgvXmkDCSi9IY8iduPb4jM%24&newfamilychannel=4_2_2&slaction=ADD;https://www.nfa.co.uk/national-fostering-agency/;https://www.nationalfosteringgroup.co.uk/national-fostering-agency/;0;false;1781705094;1785630100
https://www.ourrochdale.org.uk/kb5/rochdale/directory/service.page?id=Sr2HV9M0Bis&itemid=uyRNzMfzu9FoGuYKFHgvXmkDCSi9IY8iduPb4jM%24&newfamilychannel=4_2_2&slaction=REMOVE;https://www.nfa.co.uk/national-fostering-agency/;https://www.nationalfosteringgroup.co.uk/national-fostering-agency/;0;false;1781841245;1785697592
https://www.ourrochdale.org.uk/kb5/rochdale/directory/service.page?id=Sr2HV9M0Bis&newfamilychannel=4_2_2;https://www.nfa.co.uk/national-fostering-agency/;https://www.nationalfosteringgroup.co.uk/national-fostering-agency/;0;false;1781549009;1785548996
https://www.pagesearch.net/dda5d0bda31dba30ed10120235e4954c-l/;nfa.co.uk;https://www.nationalfosteringgroup.co.uk/;0;false;1773120065;1778463060
https://www.pudhe.com/page-4002d72ef25df4e15f8a7acfd0a49bd5.html;nfa.co.uk;https://www.nationalfosteringgroup.co.uk/;0;false;1776183948;1778355017
https://www.quidditch.info/e-office/eastleigh-fire-headquarters-open-day.html;Meet Us at Eastleigh Fire Station Open Day;https://www.nationalfosteringgroup.co.uk/events/;0;true;1789278989;1789278989
https://www.read.org.in/page-4002d72ef25df4e15f8a7acfd0a49bd5.html;nfa.co.uk;https://www.nationalfosteringgroup.co.uk/;0;false;1772519027;1778441896
https://www.shetlandcommunitydirectory.co.uk/listings/national-fostering-agency-scotland;Visit the website;https://www.nationalfosteringgroup.co.uk/national-fostering-agency/scotland/;0;false;1788145508;1788145508
https://www.soaprpc.com/foster-carers-coventry/;NFA;https://www.nationalfosteringgroup.co.uk/find-our-agencies/fostering-in-coventry/;0;false;1783543123;1788852866
https://www.speakymagazine.com/category/well-being/what-are-foster-allowances-and-what-do-they-cover/;What fostering allowances usually cover;https://www.nationalfosteringgroup.co.uk/thinking-about-fostering/support-and-benefits/financial-support/fostering-allowance/;0;false;1777004204;1789767196
https://www.sweetmemorybaskets.com/lifestyle/family/the-differences-between-fostering-and-adopting;birth parents;https://www.nationalfosteringgroup.co.uk/news-and-blog/how-to-support-birth-family-contact-for-your-foster-child/;0;false;1786272940;1789754651
https://www.thebigfreezefestival.com.au/nebraska/reach-out-foster-care.html;Reach Out Care - Reach Out Care;https://www.nationalfosteringgroup.co.uk/reach-out-care/;0;true;1785125758;1788403914
https://www.theworkfromhomehub.co.uk/jobs/salesforce-developer;Apply for this job;https://www.nationalfosteringgroup.co.uk/careers/job-vacancies/?id=316476;0;false;1784058337;1784785606
https://www.trustvalet.co.uk/adoption-agencies/birmingham/;Visit Website;https://www.nationalfosteringgroup.co.uk/;0;true;1771104682;1777241165
https://www.tunca.org/dda5d0bda31dba30ed10120235e4954c-l/;nfa.co.uk;https://www.nationalfosteringgroup.co.uk/;0;false;1771497166;1777148155
https://www.vanilla-magazine.co.uk/national-fostering-agency-a-family-feel/;https://www.nfa.co.uk/thinking-about-fostering/who-can-foster/;https://www.nationalfosteringgroup.co.uk/thinking-about-fostering/who-can-foster/;0;true;1781167769;1785828567
https://www.wallpapers.pro/dda5d0bda31dba30ed10120235e4954c-l/;nfa.co.uk;https://www.nationalfosteringgroup.co.uk/;0;false;1771282672;1778224888
https://www.wants.cfd/domain/domain/part/168027;nfa.co.uk;https://www.nationalfosteringgroup.co.uk/;0;true;1777992016;1777992016
https://www.way2check.cv/page-4002d72ef25df4e15f8a7acfd0a49bd5.html;nfa.co.uk;https://www.nationalfosteringgroup.co.uk/;0;false;1776426417;1777894020
https://www.websiterace.com/dda5d0bda31dba30ed10120235e4954c-l/;nfa.co.uk;https://www.nationalfosteringgroup.co.uk/;0;false;1774076011;1777720111
https://www.websitescrawl.com/domain-list-2725;nfa.co.uk;https://www.nationalfosteringgroup.co.uk/;0;true;1774162140;1774162140
https://www.wonvision.com/dda5d0bda31dba30ed10120235e4954c-l/;nfa.co.uk;https://www.nationalfosteringgroup.co.uk/;0;false;1771765290;1778077528
https://www.writtleinfantschool.com/2023/06/23/whats-on-friday-23rd-june/;National Fostering Group;https://www.nationalfosteringgroup.co.uk/news-and-blog/10-common-childhood-accidents-and-how-to-avoid-them-in-your-home/;0;false;1780115473;1784674671
https://www.ycm.info/dda5d0bda31dba30ed10120235e4954c-l/;nfa.co.uk;https://www.nationalfosteringgroup.co.uk/;0;false;1772356552;1777784814
https://ycm.info/dda5d0bda31dba30ed10120235e4954c-l/;nfa.co.uk;https://www.nationalfosteringgroup.co.uk/;0;false;1772194297;1775684065
https://zeno.fm/podcast/voices-of-fostering/;Website;http://www.nationalfosteringgroup.co.uk/;0;false;1787664101;1787664101
https://zipzyx.com/improve-your-google-image-rankings-increase-serps-rank-and-get-to-page-1-in-10-steps/;nfa.co.uk;https://www.nationalfosteringgroup.co.uk/;0;false;1770980486;1778198931
